canonical,step,tokens,tokens_billions,loss,grad_norm,tps_per_gpu,mfu_percent
true,1,4194304,0.004194304,12.236162185668945,2.9924116134643555,925.226026169034,2.3815738494202465
true,10,41943040,0.041943040,11.608298301696777,3.6054773330688477,28709.614985515258,73.89985402759865
true,20,83886080,0.083886080,10.144760131835938,6.824610233306885,29687.918399289254,76.41805148545642
true,30,125829120,0.125829120,9.470641136169434,3.233518123626709,29673.260794954007,76.38032214560579
true,40,167772160,0.167772160,8.959579467773438,1.7802656888961792,29678.16239605087,76.39293908964152
true,50,209715200,0.209715200,8.474176406860352,1.1318745613098145,29688.171068152566,76.41870186659617
true,60,251658240,0.251658240,8.070611953735352,0.8653857707977295,29681.785988277956,76.40226638075191
true,70,293601280,0.293601280,7.66202449798584,0.7623906135559082,29674.86716117819,76.38445700528754
true,80,335544320,0.335544320,7.378617286682129,1.2075083255767822,29701.786044732227,76.4537474352091
true,90,377487360,0.377487360,7.171782493591309,1.1412501335144043,29626.313779659624,76.25947839416443
true,100,419430400,0.419430400,6.964902877807617,1.2068129777908325,29637.9776752558,76.28950179163547
true,110,461373440,0.461373440,6.89039421081543,1.242620587348938,29636.257173590595,76.28507314214029
true,120,503316480,0.503316480,6.763128757476807,2.1182854175567627,29674.31490405604,76.38303547035112
true,130,545259520,0.545259520,6.724210262298584,2.0019359588623047,29627.914985716714,76.26359997134152
true,140,587202560,0.587202560,6.566815376281738,1.5354069471359253,29633.760723073272,76.27864716502737
true,150,629145600,0.629145600,6.480257511138916,1.7886966466903687,29643.232672356404,76.30302839304919
true,160,671088640,0.671088640,6.3921966552734375,2.6058473587036133,29616.148242514475,76.23331183945733
true,170,713031680,0.713031680,6.331117630004883,1.529554843902588,27310.61197372454,70.29875668067616
true,180,754974720,0.754974720,6.243671417236328,1.3666282892227173,29534.780396514827,76.02386730511063
true,190,796917760,0.796917760,6.1944499015808105,1.7141362428665161,29563.686708300917,76.09827346564417
true,200,838860800,0.838860800,6.10811185836792,2.0220696926116943,29577.052954479284,76.13267879089763
true,210,880803840,0.880803840,6.037930488586426,0.9617079496383667,29578.651072394623,76.13679241905747
true,220,922746880,0.922746880,5.919827461242676,1.1630817651748657,29570.265105748244,76.11520655970824
true,230,964689920,0.964689920,5.866250038146973,0.8850734829902649,29553.469899179057,76.07197493453833
true,240,1006632960,1.006632960,5.803316593170166,0.8849437832832336,29535.5265702579,76.02578799024418
true,250,1048576000,1.048576000,5.745642185211182,0.9986124038696289,29599.46765144085,76.19037523978307
true,260,1090519040,1.090519040,5.764654159545898,1.3563462495803833,29579.944653164905,76.14012215476255
true,270,1132462080,1.132462080,5.671419143676758,1.1859098672866821,29548.740916873154,76.05980231911727
true,280,1174405120,1.174405120,5.6098713874816895,0.7342641353607178,29562.95016717544,76.09637757530619
true,290,1216348160,1.216348160,5.5625176429748535,0.9521192312240601,29574.055211432278,76.12496246402603
true,300,1258291200,1.258291200,5.508324146270752,0.8234273195266724,29557.63065765053,76.08268491597977
true,310,1300234240,1.300234240,5.5181050300598145,1.3370441198349,29562.933922043332,76.0963357595977
true,320,1342177280,1.342177280,5.457417964935303,1.465097427368164,29540.500889839554,76.03859211496534
true,330,1384120320,1.384120320,5.408932209014893,1.0350229740142822,29557.852758375826,76.08325661334274
true,340,1426063360,1.426063360,5.369761943817139,1.2836437225341797,27435.73219152511,70.62082180889291
true,350,1468006400,1.468006400,5.28333854675293,0.9572408199310303,22452.752862291214,57.7944065038213
true,360,1509949440,1.509949440,5.293866157531738,0.9898300766944885,28540.29088827232,73.46400610431854
true,370,1551892480,1.551892480,5.212955951690674,0.614824116230011,29555.35034549635,76.07681528883862
true,380,1593835520,1.593835520,5.244498252868652,1.2210981845855713,29545.183606083465,76.05064563943971
true,390,1635778560,1.635778560,5.131632328033447,0.7082369327545166,20698.788516595323,53.27962254792588
true,400,1677721600,1.677721600,5.060446262359619,0.9427735209465027,29335.03530408264,75.5097143573642
true,410,1719664640,1.719664640,5.018186092376709,0.7075222134590149,29384.129851317448,75.6360859536407
true,420,1761607680,1.761607680,4.960244178771973,0.6000058054924011,29388.767975035502,75.64802469492648
true,430,1803550720,1.803550720,4.964470863342285,0.7674717903137207,29394.086750419396,75.66171546454055
true,440,1845493760,1.845493760,4.920933723449707,0.9927941560745239,29458.774140542722,75.828223747217
true,450,1887436800,1.887436800,4.880627632141113,0.654132604598999,29469.702761131775,75.85635451339625
true,460,1929379840,1.929379840,4.852101802825928,0.6909988522529602,29524.766734599514,75.99809168414892
true,470,1971322880,1.971322880,4.873355865478516,0.6948513984680176,29564.644225705564,76.10073815896968
true,480,2013265920,2.013265920,4.8668599128723145,0.9269680380821228,29562.860051628795,76.09614561379274
true,490,2055208960,2.055208960,4.8430914878845215,0.8395820260047913,29501.9777991356,75.93943192834664
true,500,2097152000,2.097152000,4.816864967346191,0.9146394729614258,24854.782522634,63.97734003876603
true,510,2139095040,2.139095040,4.723707675933838,0.8148941397666931,29569.230057258777,76.11254229784609
true,520,2181038080,2.181038080,4.668826580047607,0.6528316736221313,27469.470115866727,70.7076647597753
true,530,2222981120,2.222981120,4.6291632652282715,0.7416210770606995,29503.38347341672,75.94305019784409
true,540,2264924160,2.264924160,4.58941650390625,0.7836465835571289,18574.626089911653,47.81193190344907
true,550,2306867200,2.306867200,4.6547322273254395,0.9046672582626343,27381.533480252932,70.4813118623639
true,560,2348810240,2.348810240,4.626702308654785,1.0272486209869385,29253.6692184844,75.30027435437076
true,570,2390753280,2.390753280,4.583410263061523,0.9101427793502808,29572.40632541041,76.12071815645223
true,580,2432696320,2.432696320,4.497576713562012,0.5210090279579163,29531.345962790707,76.01502691658547
true,590,2474639360,2.474639360,4.412083625793457,1.002345323562622,29001.327151456037,74.6507344031096
true,600,2516582400,2.516582400,4.42234468460083,0.92662113904953,29462.900778145617,75.83884589999168
true,610,2558525440,2.558525440,4.437955379486084,0.8328338265419006,29557.972143061874,76.0835639149515
true,620,2600468480,2.600468480,4.396478652954102,1.152608871459961,28676.074656870733,73.81351969702268
true,630,2642411520,2.642411520,4.347939491271973,0.8415914177894592,29569.27810523608,76.11266597552378
true,640,2684354560,2.684354560,4.3253936767578125,0.6433915495872498,29556.108950142785,76.0787679716825
true,650,2726297600,2.726297600,4.237409591674805,0.35958537459373474,29527.759524392062,76.0057952611184
true,660,2768240640,2.768240640,4.232915878295898,0.5623584389686584,29545.995885735534,76.05273648418797
true,670,2810183680,2.810183680,4.193864345550537,0.6312620043754578,29534.519569044936,76.02319592334669
true,680,2852126720,2.852126720,4.2346510887146,0.6658738255500793,29556.107978740663,76.07876547124927
true,690,2894069760,2.894069760,4.151927947998047,0.4887578785419464,29536.412386697426,76.02806812202613
true,700,2936012800,2.936012800,4.165283203125,0.8797550201416016,29543.116698358775,76.04532532500079
true,710,2977955840,2.977955840,4.347257137298584,2.2401304244995117,29131.662617952363,74.98622381853912
true,720,3019898880,3.019898880,4.323641300201416,1.7903001308441162,27408.966439998185,70.55192554777005
true,730,3061841920,3.061841920,4.311363220214844,1.7012945413589478,27955.548643902992,71.95885298664471
true,740,3103784960,3.103784960,4.248714923858643,0.9205741286277771,27226.73814360256,70.0828616292839
true,750,3145728000,3.145728000,4.131120681762695,0.5399044752120972,29570.93401011743,76.11692834996096
true,760,3187671040,3.187671040,4.070776462554932,0.2810199558734894,29530.715368379413,76.01340373790582
true,770,3229614080,3.229614080,4.027809143066406,0.4751434922218323,29564.842865903487,76.10124946786871
true,780,3271557120,3.271557120,4.029638290405273,0.6255567669868469,29532.16976603114,76.01714742357402
true,790,3313500160,3.313500160,4.003984451293945,0.50881427526474,29549.990661416487,76.06301921838153
true,800,3355443200,3.355443200,3.963273048400879,0.4673631191253662,29539.935029827833,76.03713556557283
true,810,3397386240,3.397386240,3.993077278137207,0.546285092830658,29510.599604922678,75.9616248483646
true,820,3439329280,3.439329280,3.995680570602417,0.6861370205879211,29571.810999545545,76.1191857606143
true,830,3481272320,3.481272320,3.946031093597412,0.773327648639679,29540.456263130334,76.0384772437872
true,840,3523215360,3.523215360,4.102572917938232,1.754326343536377,29490.322316694503,75.90943018671922
true,850,3565158400,3.565158400,4.101583957672119,1.2088189125061035,29548.564341154215,76.05934780519011
true,860,3607101440,3.607101440,4.1207404136657715,1.5495457649230957,29584.168239409388,76.1509938577477
true,870,3649044480,3.649044480,4.05715799331665,0.6034969091415405,29501.784376908767,75.93893405074238
true,880,3690987520,3.690987520,3.9639925956726074,0.304105669260025,29571.20284277392,76.1176203374391
true,890,3732930560,3.732930560,3.862576723098755,0.3767378628253937,29590.6927312646,76.16778819636727
true,900,3774873600,3.774873600,3.856126308441162,0.6686041951179504,22245.67350543231,57.26137482604635
true,910,3816816640,3.816816640,3.8806962966918945,0.48767945170402527,23158.617969151164,59.611335375436035
true,920,3858759680,3.858759680,3.865607500076294,0.4203310012817383,29522.228047142504,75.9915569872333
true,930,3900702720,3.900702720,3.838813304901123,0.44174423813819885,29543.017421831075,76.04506978270567
true,940,3942645760,3.942645760,3.8369972705841064,0.5479611158370972,29556.49049824854,76.07975009385075
true,950,3984588800,3.984588800,3.853170871734619,0.4050293266773224,29538.17645935269,76.03260892523035
true,960,4026531840,4.026531840,3.8106257915496826,0.5536119341850281,29528.51454429037,76.00773871665763
true,970,4068474880,4.068474880,3.807971477508545,0.5153738260269165,29506.378027841387,75.95075831705684
true,980,4110417920,4.110417920,3.883228063583374,0.8525094389915466,29549.314995484918,76.06128002355987
true,990,4152360960,4.152360960,3.9771041870117188,1.375891089439392,29558.666013552065,76.08534996913458
true,1000,4194304000,4.194304000,4.026906967163086,1.3944506645202637,29567.36248926373,76.10773509293269
true,1010,4236247040,4.236247040,3.7866668701171875,0.4442073106765747,22596.603012351698,58.16468332908284
true,1020,4278190080,4.278190080,3.744964838027954,0.23456153273582458,29547.30771863379,76.05611320170017
true,1030,4320133120,4.320133120,3.8027758598327637,0.2976019084453583,29560.71886924359,76.09063411300134
true,1040,4362076160,4.362076160,3.766472101211548,0.3531157672405243,29558.075036259263,76.08382876671881
true,1050,4404019200,4.404019200,3.7511632442474365,0.4505481421947479,29529.72785436248,76.01086183193675
true,1060,4445962240,4.445962240,3.7547733783721924,0.40085986256599426,29547.244950826793,76.05595163451171
true,1070,4487905280,4.487905280,3.7596797943115234,0.49600180983543396,27656.530143773525,71.18916577480756
true,1080,4529848320,4.529848320,3.797426700592041,0.981259286403656,27158.11599730375,69.90622510534928
true,1090,4571791360,4.571791360,3.9788055419921875,1.4518353939056396,29533.66257161427,76.02098997300357
true,1100,4613734400,4.613734400,3.924856424331665,1.0533595085144043,29129.580883711835,74.98086533997447
true,1110,4655677440,4.655677440,3.8095736503601074,0.5181607007980347,29537.06097539494,76.02973761881647
true,1120,4697620480,4.697620480,3.7102184295654297,0.17735280096530914,29484.637539699823,75.89479731232163
true,1130,4739563520,4.739563520,3.679248094558716,0.2839650809764862,29527.39967719859,76.00486899808479
true,1140,4781506560,4.781506560,3.651120662689209,0.378708153963089,29510.893096386313,75.96238030873324
true,1150,4823449600,4.823449600,3.676807403564453,0.3872685730457306,29519.857294063448,75.98545456104033
true,1160,4865392640,4.865392640,3.6048648357391357,0.5570740103721619,29538.13290969893,76.03249682644193
true,1170,4907335680,4.907335680,3.6818583011627197,0.4694342017173767,29490.98685091342,75.9111407280065
true,1180,4949278720,4.949278720,3.6864380836486816,0.4658300578594208,29538.298458830188,76.03292295743117
true,1190,4991221760,4.991221760,3.6593852043151855,0.38677650690078735,29542.660506758675,76.044151067085
true,1200,5033164800,5.033164800,3.6341867446899414,0.2717359662055969,29552.00138252315,76.06819490591157
true,1210,5075107840,5.075107840,3.586583137512207,0.2796936333179474,29550.882009245222,76.06531358821076
true,1220,5117050880,5.117050880,3.562278985977173,0.2760367691516876,29535.953296633445,76.02688640333255
true,1230,5158993920,5.158993920,3.5910966396331787,0.32884684205055237,29495.44462870382,75.92261525067649
true,1240,5200936960,5.200936960,3.5934739112854004,0.38489511609077454,29479.895853145517,75.88259199558769
true,1250,5242880000,5.242880000,3.5737133026123047,0.3671649098396301,27395.12058861298,70.51628569691275
true,1260,5284823040,5.284823040,3.5717928409576416,0.4435357451438904,29562.304919413473,76.09471667823581
true,1270,5326766080,5.326766080,3.6294193267822266,0.6828610897064209,29557.163075769273,76.08148133896252
true,1280,5368709120,5.368709120,3.7383065223693848,1.2450441122055054,29545.594841986618,76.051704179348
true,1290,5410652160,5.410652160,3.6620028018951416,0.5960415601730347,29550.45485697708,76.06421407885547
true,1300,5452595200,5.452595200,3.5926432609558105,0.26829659938812256,29556.937388846014,76.08090041056299
true,1310,5494538240,5.494538240,3.5636134147644043,0.1803230345249176,29549.028359757245,76.06054221016724
true,1320,5536481280,5.536481280,3.5178399085998535,0.20693634450435638,29258.448373405645,75.31257611638439
true,1330,5578424320,5.578424320,3.519467830657959,0.3419983983039856,29542.56538820438,76.04390622760243
true,1340,5620367360,5.620367360,3.5426719188690186,0.34944280982017517,29518.180411394413,75.98113818882406
true,1350,5662310400,5.662310400,3.5530102252960205,0.3300407826900482,29530.48529605328,76.01281152127994
true,1360,5704253440,5.704253440,3.5497357845306396,0.2699454426765442,29491.076005388888,75.91137021567904
true,1370,5746196480,5.746196480,3.555009365081787,0.35997292399406433,28066.81108635794,72.24524757118802
true,1380,5788139520,5.788139520,3.503645420074463,0.42937418818473816,29545.125901040064,76.05049710403489
true,1390,5830082560,5.830082560,3.4885401725769043,0.2841959297657013,29516.792599803055,75.97756589870207
true,1400,5872025600,5.872025600,3.476921796798706,0.23041050136089325,29563.453088907245,76.0976721187052
true,1410,5913968640,5.913968640,3.4744768142700195,0.32004639506340027,29513.56665903344,75.96926218051927
true,1420,5955911680,5.955911680,3.5183792114257812,0.3421133756637573,29477.739006719265,75.87704017484259
true,1430,5997854720,5.997854720,3.506420612335205,0.3752760589122772,27867.222782537665,71.73149820445579
true,1440,6039797760,6.039797760,3.4797263145446777,0.42448338866233826,26985.415128788823,69.46168521931696
true,1450,6081740800,6.081740800,3.502544641494751,0.38087016344070435,29528.797919195866,76.00846813654576
true,1460,6123683840,6.123683840,3.4593513011932373,0.34612351655960083,27852.81104639873,71.69440174051891
true,1470,6165626880,6.165626880,3.443467617034912,0.3154586851596832,27963.47794698686,71.97926337322545
true,1480,6207569920,6.207569920,3.458059787750244,0.35759082436561584,29546.239519289058,76.05336360802961
true,1490,6249512960,6.249512960,3.4986815452575684,0.6267648339271545,29506.799818229534,75.95184402468928
true,1500,6291456000,6.291456000,3.6277623176574707,0.9519817233085632,29541.676774361982,76.04161889517833
true,1510,6333399040,6.333399040,3.578531265258789,0.641044557094574,27224.09471213332,70.07605731651944
true,1520,6375342080,6.375342080,3.4638919830322266,0.2115408331155777,29539.587558205072,76.0362411578208
true,1530,6417285120,6.417285120,3.43420147895813,0.14397935569286346,29528.5269835358,76.00777073584081
true,1540,6459228160,6.459228160,3.424163818359375,0.15887700021266937,29487.795498717147,75.90292604238377
true,1550,6501171200,6.501171200,3.436998128890991,0.44575878977775574,29515.265582789343,75.97363528749506
true,1560,6543114240,6.543114240,3.4095888137817383,0.23839889466762543,29576.722037915526,76.13182699662002
true,1570,6585057280,6.585057280,3.4442882537841797,0.2302752286195755,29563.504391481256,76.09780417386277
true,1580,6627000320,6.627000320,3.413102388381958,0.2763043940067291,29536.68116977369,76.02875998188253
true,1590,6668943360,6.668943360,3.4321722984313965,0.2819421589374542,26403.312669942694,67.96332702957675
true,1600,6710886400,6.710886400,3.422595262527466,0.3560614287853241,29537.206273656993,76.03011162314783
true,1610,6752829440,6.752829440,3.4160258769989014,0.4057298004627228,29560.177093606,76.08923955788266
true,1620,6794772480,6.794772480,3.4202961921691895,0.4617384076118469,29510.95948457872,75.96255119495832
true,1630,6836715520,6.836715520,3.403881311416626,0.32865363359451294,27657.40989388189,71.19143029157736
true,1640,6878658560,6.878658560,3.3772501945495605,0.19408658146858215,29010.25263029262,74.67370899136104
true,1650,6920601600,6.920601600,3.401771306991577,0.33602985739707947,29473.40658429483,75.86588832258289
true,1660,6962544640,6.962544640,3.3216195106506348,0.24913093447685242,29516.092661333907,75.97576422526532
true,1670,7004487680,7.004487680,3.301959991455078,0.21946005523204803,29129.979294148623,74.98189086654934
true,1680,7046430720,7.046430720,3.2950689792633057,0.2738981246948242,28780.36805846864,74.08197565360781
true,1690,7088373760,7.088373760,3.359093189239502,0.18621863424777985,29542.78944239017,76.0444829532615
true,1700,7130316800,7.130316800,3.381075859069824,0.44389715790748596,29526.065517533378,76.00143481045954
true,1710,7172259840,7.172259840,3.3085429668426514,0.22313639521598816,29494.58603722235,75.92040519717413
true,1720,7214202880,7.214202880,3.3194446563720703,0.23466481268405914,29537.72775410765,76.0314539375328
true,1730,7256145920,7.256145920,3.3349692821502686,0.27347511053085327,29545.491887417385,76.05143916960677
true,1740,7298088960,7.298088960,3.3179144859313965,0.2968403697013855,27724.965865936323,71.3653224345418
true,1750,7340032000,7.340032000,3.3193411827087402,0.279721200466156,29515.984417225824,75.97548560001066
true,1760,7381975040,7.381975040,3.330265522003174,0.33553364872932434,29540.327053343957,76.03814465192357
true,1770,7423918080,7.423918080,3.385016679763794,0.3299081325531006,29550.799654397706,76.06510160308963
true,1780,7465861120,7.465861120,3.4289798736572266,0.5915061235427856,27396.37297933848,70.51950940757018
true,1790,7507804160,7.507804160,3.3930957317352295,0.3696399927139282,29515.44489226708,75.97409683824164
true,1800,7549747200,7.549747200,3.3045053482055664,0.3081967830657959,29445.98398838841,75.795301314169
true,1810,7591690240,7.591690240,3.2912845611572266,0.12091970443725586,27976.806916237765,72.01357274597312
true,1820,7633633280,7.633633280,3.279536485671997,0.17102329432964325,29559.559159436594,76.08764896724115
true,1830,7675576320,7.675576320,3.271763324737549,0.2907440960407257,29520.76631300266,75.98779441711119
true,1840,7717519360,7.717519360,3.3459057807922363,0.4962054491043091,29534.628335280915,76.02347589258228
true,1850,7759462400,7.759462400,3.3048315048217773,0.2670658528804779,29040.771123674655,74.75226498060759
true,1860,7801405440,7.801405440,3.329230546951294,0.18026664853096008,29491.729497719247,75.91305233464323
true,1870,7843348480,7.843348480,3.265385150909424,0.16880126297473907,29528.564128481114,76.00786634861853
true,1880,7885291520,7.885291520,3.2874231338500977,0.29785194993019104,29523.66336367293,75.99525155722789
true,1890,7927234560,7.927234560,3.277132511138916,0.2982121407985687,29489.182942722688,75.90649738632317
true,1900,7969177600,7.969177600,3.287269115447998,0.22574670612812042,29558.63542681408,76.0852712374806
true,1910,8011120640,8.011120640,3.241243600845337,0.21583624184131622,29534.71138655117,76.0236896703272
true,1920,8053063680,8.053063680,3.258471727371216,0.19919949769973755,29510.333628511195,75.96094021299092
true,1930,8095006720,8.095006720,3.261857748031616,0.2881253957748413,29534.228068004424,76.02244558641762
true,1940,8136949760,8.136949760,3.227975368499756,0.229086235165596,29567.813476864787,76.10889595551836
true,1950,8178892800,8.178892800,3.268486499786377,0.29570409655570984,29296.557598209034,75.4106709933619
true,1960,8220835840,8.220835840,3.3648340702056885,0.5517517924308777,29563.24470892394,76.09713573915585
true,1970,8262778880,8.262778880,3.2943649291992188,0.16361038386821747,29539.860829749683,76.03694457119875
true,1980,8304721920,8.304721920,3.242018699645996,0.1589578539133072,29547.201111408667,76.05583878985664
true,1990,8346664960,8.346664960,3.230226755142212,0.20304405689239502,29081.284010332103,74.85654699246085
true,2000,8388608000,8.388608000,3.215409755706787,0.2016572505235672,29559.16725234819,76.08664018058063
true,2010,8430551040,8.430551040,3.216762065887451,0.16301079094409943,21712.167171063953,55.88810526974919
true,2020,8472494080,8.472494080,3.210446357727051,0.2849920690059662,29539.442650677247,76.0358681592571
true,2030,8514437120,8.514437120,3.24543833732605,0.22984442114830017,29547.072260710705,76.05550712230291
true,2040,8556380160,8.556380160,3.229107141494751,0.24730996787548065,29578.189074489655,76.13560321544902
true,2050,8598323200,8.598323200,3.196810245513916,0.22112497687339783,29554.456639035994,76.07451484778439
true,2060,8640266240,8.640266240,3.2533726692199707,0.21007321774959564,29513.609563777125,75.96937261927982
true,2070,8682209280,8.682209280,3.198129415512085,0.21365535259246826,29514.239853678188,75.9709950141363
true,2080,8724152320,8.724152320,3.2018637657165527,0.24693667888641357,29545.13966423935,76.05053253113547
true,2090,8766095360,8.766095360,3.1961894035339355,0.22663360834121704,29574.5371085815,76.12620288919376
true,2100,8808038400,8.808038400,3.216867208480835,0.22973477840423584,29530.97158725404,76.01406325693608
true,2110,8849981440,8.849981440,3.1914095878601074,0.20477688312530518,29577.62890639148,76.13416131730071
true,2120,8891924480,8.891924480,3.157284736633301,0.1695794314146042,29528.519478353795,76.00775141716116
true,2130,8933867520,8.933867520,3.1697075366973877,0.16968384385108948,29514.665213131975,75.97208990870595
true,2140,8975810560,8.975810560,3.1760621070861816,0.3189622759819031,27279.147048217008,70.21776453211656
true,2150,9017753600,9.017753600,3.2047080993652344,0.14902430772781372,29551.675495257583,76.06735605727611
true,2160,9059696640,9.059696640,3.18784761428833,0.33158209919929504,29542.01875443035,76.04249916741972
true,2170,9101639680,9.101639680,3.134537696838379,0.17993119359016418,29567.993026572178,76.10935812462701
true,2180,9143582720,9.143582720,3.1528055667877197,0.13886210322380066,27046.990447873377,69.620182889674
true,2190,9185525760,9.185525760,3.181368112564087,0.2722699046134949,29541.92892209441,76.04226793490348
true,2200,9227468800,9.227468800,3.167800188064575,0.16095665097236633,29534.15490745881,76.02225726784755
true,2210,9269411840,9.269411840,3.1875061988830566,0.172182098031044,29566.422342903934,76.10531511346628
true,2220,9311354880,9.311354880,3.1765708923339844,0.34267017245292664,29554.63261364939,76.07496781443855
true,2230,9353297920,9.353297920,3.1649532318115234,0.18220412731170654,26952.707782303773,69.37749502268441
true,2240,9395240960,9.395240960,3.149498224258423,0.2763141095638275,29540.3899473938,76.03830654406684
true,2250,9437184000,9.437184000,3.107128620147705,0.21516957879066467,29556.467416162268,76.07969067951144
true,2260,9479127040,9.479127040,3.108456611633301,0.176677867770195,29538.82363943932,76.03427479619224
true,2270,9521070080,9.521070080,3.106626272201538,0.13480715453624725,29545.385239953106,76.05116465418584
true,2280,9563013120,9.563013120,3.1366279125213623,0.19383664429187775,29559.899137251676,76.08852408559156
true,2290,9604956160,9.604956160,3.1319079399108887,0.17667070031166077,27451.29136143355,70.66087181951146
true,2300,9646899200,9.646899200,3.1304681301116943,0.15143677592277527,29557.62998535862,76.08268318546983
true,2310,9688842240,9.688842240,3.0937294960021973,0.2986873686313629,27297.870575916208,70.26595974353096
true,2320,9730785280,9.730785280,3.11293363571167,0.18519914150238037,29558.06736023204,76.0838090082758
true,2330,9772728320,9.772728320,3.1082041263580322,0.1548873335123062,26551.479874402357,68.34471614910242
true,2340,9814671360,9.814671360,3.1045544147491455,0.3067314326763153,29545.17575253761,76.05062542405567
true,2350,9856614400,9.856614400,3.138592481613159,0.1949446201324463,29557.793374919624,76.08310375762709
true,2360,9898557440,9.898557440,3.1163995265960693,0.2099258005619049,29539.83367343145,76.03687466960116
true,2370,9940500480,9.940500480,3.113954544067383,0.21288412809371948,29497.911957163262,75.9289662662886
true,2380,9982443520,9.982443520,3.1283206939697266,0.1408751904964447,29455.445703390895,75.8196561986872
true,2390,10024386560,10.024386560,3.0791449546813965,0.17446637153625488,29530.155242239067,76.01196194775888
true,2400,10066329600,10.066329600,3.1083526611328125,0.1683809906244278,27711.96967867359,71.33186965775897
true,2410,10108272640,10.108272640,3.078719139099121,0.24832797050476074,29545.014028848283,76.05020913992786
true,2420,10150215680,10.150215680,3.057857036590576,0.1235743835568428,29555.484151276854,76.07715971100005
true,2430,10192158720,10.192158720,3.08717942237854,0.20782047510147095,28565.458068630203,73.52878757058593
true,2440,10234101760,10.234101760,3.0941920280456543,0.20921310782432556,29556.136171773593,76.0788380413976
true,2450,10276044800,10.276044800,3.0822367668151855,0.19422192871570587,28888.259881451108,74.35969411041047
true,2460,10317987840,10.317987840,3.074340343475342,0.18848426640033722,29572.478720508476,76.12090450472552
true,2470,10359930880,10.359930880,3.083967685699463,0.16460897028446198,29574.000602131724,76.12482189720403
true,2480,10401873920,10.401873920,3.0954079627990723,0.20882432162761688,27172.229188595364,69.94255310127818
true,2490,10443816960,10.443816960,3.0653672218322754,0.1442604809999466,29521.218223463296,75.98895765517939
true,2500,10485760000,10.485760000,3.083573818206787,0.1442117542028427,29553.11102243374,76.0710511694824
true,2510,10527703040,10.527703040,3.093430519104004,0.16959528625011444,27735.406311535855,71.39219661610703
true,2520,10569646080,10.569646080,3.0466320514678955,0.1653592437505722,26085.681212577398,67.14572921972415
true,2530,10611589120,10.611589120,3.026737928390503,0.16866420209407806,29553.32334118591,76.07159768760188
true,2540,10653532160,10.653532160,3.073725700378418,0.1448783129453659,29574.218926815876,76.12538387486543
true,2550,10695475200,10.695475200,3.0739808082580566,0.19604630768299103,21985.259205796876,56.59105658111456
true,2560,10737418240,10.737418240,3.0552337169647217,0.23170126974582672,29603.708388717518,76.2012910903047
true,2570,10779361280,10.779361280,3.088428020477295,0.323501855134964,28151.186245554174,72.46243306640636
true,2580,10821304320,10.821304320,3.0824341773986816,0.3167557716369629,29552.7129913287,76.07002661932471
true,2590,10863247360,10.863247360,3.0446712970733643,0.21116265654563904,29522.98012980761,75.99349288220074
true,2600,10905190400,10.905190400,3.042954683303833,0.12107093632221222,28865.547205602245,74.30123065032387
true,2610,10947133440,10.947133440,3.039388656616211,0.18907301127910614,29564.567438942322,76.10054050635058
true,2620,10989076480,10.989076480,3.0412392616271973,0.2900625765323639,29592.379952359537,76.17213118016177
true,2630,11031019520,11.031019520,3.0418014526367188,0.20191267132759094,29524.049662385485,75.99624590767401
true,2640,11072962560,11.072962560,3.0307252407073975,0.15568818151950836,29564.49597378971,76.10035655179917
true,2650,11114905600,11.114905600,3.066817283630371,0.1895318180322647,29536.997149549472,76.0295733281889
true,2660,11156848640,11.156848640,3.092972755432129,0.20455436408519745,29562.61155301216,76.0955059670575
true,2670,11198791680,11.198791680,3.0530970096588135,0.17079398036003113,29536.100912207545,76.02726637253046
true,2680,11240734720,11.240734720,3.0214829444885254,0.1571367084980011,27575.894738246192,70.9816065755312
true,2690,11282677760,11.282677760,3.005434989929199,0.21056929230690002,29543.782965353796,76.04704032653251
true,2700,11324620800,11.324620800,3.0012829303741455,0.17839327454566956,29549.90070613838,76.06278766940659
true,2710,11366563840,11.366563840,3.022714614868164,0.23879824578762054,29165.204485574606,75.07256211051367
true,2720,11408506880,11.408506880,3.0328280925750732,0.14707991480827332,29538.203353483903,76.03267815194663
true,2730,11450449920,11.450449920,3.0415704250335693,0.22248977422714233,29553.484232411487,76.07201182893014
true,2740,11492392960,11.492392960,3.0059478282928467,0.209186390042305,29583.99470760914,76.15054717900563
true,2750,11534336000,11.534336000,2.98260760307312,0.2137690931558609,29551.98429557103,76.06815092332009
true,2760,11576279040,11.576279040,3.0283303260803223,0.19108279049396515,29586.590595657537,76.15722911284365
true,2770,11618222080,11.618222080,2.998213768005371,0.23942385613918304,29571.35412391119,76.11800974196323
true,2780,11660165120,11.660165120,2.988363742828369,0.1802365779876709,29557.18398631902,76.08153516366811
true,2790,11702108160,11.702108160,3.0308730602264404,0.18503810465335846,29562.03854976733,76.09403103065826
true,2800,11744051200,11.744051200,3.007786989212036,0.21391019225120544,29529.201916596492,76.0095080442195
true,2810,11785994240,11.785994240,2.9970602989196777,0.13719555735588074,29569.52658671805,76.11330557815361
true,2820,11827937280,11.827937280,3.009272813796997,0.27524569630622864,29549.024509512576,76.06053229946242
true,2830,11869880320,11.869880320,3.0217366218566895,0.1611189842224121,29588.917622798162,76.16321898648344
true,2840,11911823360,11.911823360,2.988734245300293,0.20641016960144043,27972.22412199278,72.00177642526613
true,2850,11953766400,11.953766400,3.014592170715332,0.21250322461128235,29595.39080364242,76.17988124822838
true,2860,11995709440,11.995709440,2.9745032787323,0.135488361120224,26617.53091368178,68.51473452669414
true,2870,12037652480,12.037652480,3.013406753540039,0.1672956347465515,29569.97319627496,76.11445517145467
true,2880,12079595520,12.079595520,2.9992878437042236,0.21297405660152435,27951.623172143583,71.94874864389557
true,2890,12121538560,12.121538560,2.971346139907837,0.12146851420402527,29561.113156461815,76.09164902622422
true,2900,12163481600,12.163481600,3.0006263256073,0.1650126576423645,26818.27284031308,69.03145337098226
true,2910,12205424640,12.205424640,2.970679998397827,0.18880537152290344,29586.514026990102,76.15703202161309
true,2920,12247367680,12.247367680,2.9982056617736816,0.1363276243209839,23616.625269663666,60.7902669866236
true,2930,12289310720,12.289310720,2.9980475902557373,0.17578832805156708,29590.67512110187,76.1677428670079
true,2940,12331253760,12.331253760,2.994615316390991,0.19536101818084717,29581.943434962857,76.14526710996925
true,2950,12373196800,12.373196800,2.989556312561035,0.22026537358760834,26379.408076446933,67.90179551928595
true,2960,12415139840,12.415139840,2.987306833267212,0.32699498534202576,29567.67646465485,76.10854327986182
true,2970,12457082880,12.457082880,3.0021722316741943,0.14705859124660492,29558.922044085262,76.08600900336542
true,2980,12499025920,12.499025920,2.9682109355926514,0.24917706847190857,29608.77347683651,76.21432885736704
true,2990,12540968960,12.540968960,2.950212240219116,0.13440711796283722,29582.699140309196,76.14721232988286
true,3000,12582912000,12.582912000,2.9889190196990967,0.21059195697307587,27864.128845285468,71.72353426932732
true,3010,12624855040,12.624855040,2.954371213912964,0.1960974633693695,23314.991653776087,60.01384834794959
true,3020,12666798080,12.666798080,2.9220242500305176,0.19051188230514526,29550.256583179616,76.06370371308786
true,3030,12708741120,12.708741120,2.953953504562378,0.25921857357025146,29562.15975662896,76.09434302262981
true,3040,12750684160,12.750684160,2.923929452896118,0.19556930661201477,29590.731411480458,76.16788776100118
true,3050,12792627200,12.792627200,2.949826240539551,0.16768509149551392,29587.8819660593,76.1605531589597
true,3060,12834570240,12.834570240,2.9571471214294434,0.18025007843971252,29554.151837230645,76.07373027408202
true,3070,12876513280,12.876513280,2.9436910152435303,0.12720565497875214,29551.957008985562,76.06808068640873
true,3080,12918456320,12.918456320,2.956082820892334,0.2472231686115265,26375.925565592304,67.89283137804142
true,3090,12960399360,12.960399360,3.03924560546875,0.15963420271873474,29599.676594052526,76.19091306756344
true,3100,13002342400,13.002342400,2.9384164810180664,0.18095998466014862,29614.831295709446,76.22992195851666
true,3110,13044285440,13.044285440,2.9390950202941895,0.12777277827262878,29603.004475921305,76.19947918676944
true,3120,13086228480,13.086228480,2.9452035427093506,0.16014035046100616,26935.26747637559,69.33260288244013
true,3130,13128171520,13.128171520,3.0177831649780273,0.24769295752048492,29368.612360339746,75.59614322648449
true,3140,13170114560,13.170114560,2.942289352416992,0.1811945140361786,29564.48215652953,76.10032098554336
true,3150,13212057600,13.212057600,2.9281485080718994,0.17877700924873352,29580.11781043411,76.14056786944471
true,3160,13254000640,13.254000640,2.9416730403900146,0.17450183629989624,29562.018920824587,76.09398050486737
true,3170,13295943680,13.295943680,2.936918020248413,0.26934704184532166,29580.57698375496,76.14174980244526
true,3180,13337886720,13.337886720,2.922088384628296,0.2447252869606018,25438.818506002543,65.4806752085193
true,3190,13379829760,13.379829760,2.955317258834839,0.16101205348968506,29565.09953820488,76.10191015404008
true,3200,13421772800,13.421772800,2.9269680976867676,0.16546618938446045,29560.650011206737,76.09045686928441
true,3210,13463715840,13.463715840,2.9670913219451904,0.15594376623630524,29592.017579551808,76.17119841608228
true,3220,13505658880,13.505658880,2.9627015590667725,0.20273874700069427,27632.00952152821,71.12604857851257
true,3230,13547601920,13.547601920,2.9413211345672607,0.21014775335788727,29583.362054910544,76.14891870220089
true,3240,13589544960,13.589544960,2.9248528480529785,0.17619189620018005,29589.90684504094,76.16576528950348
true,3250,13631488000,13.631488000,2.936177968978882,0.1821889728307724,29596.668557259494,76.18317024412165
true,3260,13673431040,13.673431040,2.9248249530792236,0.15031372010707855,29603.23721330857,76.2000782633838
true,3270,13715374080,13.715374080,2.902747869491577,0.220164492726326,29565.934288435463,76.1040588390789
true,3280,13757317120,13.757317120,2.9499406814575195,0.16188311576843262,29617.71647146655,76.23734853206706
true,3290,13799260160,13.799260160,2.9151265621185303,0.3443513512611389,29604.73683690112,76.20393836267952
true,3300,13841203200,13.841203200,2.9662952423095703,0.25102293491363525,29595.828884747378,76.18100888890642
true,3310,13883146240,13.883146240,2.9144234657287598,0.1821923851966858,29581.48134850487,76.1440776784213
true,3320,13925089280,13.925089280,2.92752742767334,0.22440220415592194,29599.691549853407,76.19095156447477
true,3330,13967032320,13.967032320,2.923171281814575,0.1647927165031433,27191.945459652543,69.9933036792232
true,3340,14008975360,14.008975360,2.90592098236084,0.1889306604862213,29581.335355049316,76.14370188463026
true,3350,14050918400,14.050918400,2.9017152786254883,0.15435640513896942,28521.044579937654,73.41446523178439
true,3360,14092861440,14.092861440,2.9189839363098145,0.16496583819389343,29589.04950685674,76.16355846204529
true,3370,14134804480,14.134804480,2.969278335571289,0.17242112755775452,28181.146107751083,72.53955111358864
true,3380,14176747520,14.176747520,2.9349331855773926,0.2847707271575928,27728.294091120635,71.37388943745756
true,3390,14218690560,14.218690560,2.90435791015625,0.19109255075454712,25799.08921341887,66.4080283862585
true,3400,14260633600,14.260633600,2.919914960861206,0.3494475781917572,29629.172309892627,76.26683638092459
true,3410,14302576640,14.302576640,2.916039228439331,0.15686389803886414,26960.291897715975,69.39701688050707
true,3420,14344519680,14.344519680,2.909209966659546,0.1324692666530609,29595.509148701833,76.18018587379092
true,3430,14386462720,14.386462720,2.9368746280670166,0.2723402678966522,29563.76329610818,76.09847060614153
true,3440,14428405760,14.428405760,2.9316999912261963,0.34918874502182007,29567.005070195344,76.10681508000343
true,3450,14470348800,14.470348800,2.917201042175293,0.15061907470226288,29589.16143221426,76.16384656300333
true,3460,14512291840,14.512291840,2.8893680572509766,0.16806921362876892,26637.287219136186,68.56558815499747
true,3470,14554234880,14.554234880,2.908147096633911,0.31202420592308044,29613.21259909202,76.2257553598422
true,3480,14596177920,14.596177920,2.8950135707855225,0.15331217646598816,29601.515972109548,76.19564771029495
true,3490,14638120960,14.638120960,2.9512250423431396,0.2063065469264984,24656.463766658544,63.4668585458963
true,3500,14680064000,14.680064000,2.918205738067627,0.2211868017911911,27435.116605835363,70.61923726334479
true,3510,14722007040,14.722007040,2.9023234844207764,0.13128168880939484,29581.487747145402,76.14409414881288
true,3520,14763950080,14.763950080,2.8834078311920166,0.20612332224845886,29593.498374685518,76.17501005006903
true,3530,14805893120,14.805893120,2.9067752361297607,0.12735892832279205,29610.003435115825,76.21749482588828
true,3540,14847836160,14.847836160,2.87884259223938,0.15587538480758667,29596.76066785363,76.18340734097804
true,3550,14889779200,14.889779200,2.889813184738159,0.15768003463745117,29569.08137417364,76.11215958082624
true,3560,14931722240,14.931722240,2.8975019454956055,0.19790169596672058,25121.06387305246,64.66276033911225
true,3570,14973665280,14.973665280,2.886148691177368,0.2570453882217407,29611.2441318161,76.22068843559323
true,3580,15015608320,15.015608320,2.877288341522217,0.14134572446346283,29577.353330037997,76.13345197123995
true,3590,15057551360,15.057551360,2.9271082878112793,0.187809556722641,29576.014395770177,76.13000549357056
true,3600,15099494400,15.099494400,2.9118432998657227,0.11805734783411026,29582.18866033079,76.14589833121354
true,3610,15141437440,15.141437440,2.8630590438842773,0.2524500787258148,29626.826450373963,76.26079803188766
true,3620,15183380480,15.183380480,2.8548948764801025,0.19079196453094482,29598.565754102136,76.18805371503562
true,3630,15225323520,15.225323520,2.866654634475708,0.1725824922323227,29579.042451281326,76.13779984610278
true,3640,15267266560,15.267266560,2.8844552040100098,0.1446388214826584,29598.465066259654,76.1877945399521
true,3650,15309209600,15.309209600,2.9092750549316406,0.19189688563346863,29646.99088235201,76.31270219641507
true,3660,15351152640,15.351152640,2.871677875518799,0.21658584475517273,26318.83159480998,67.74586890192329
true,3670,15393095680,15.393095680,2.9183270931243896,0.2569098472595215,29595.954684429573,76.18133270300687
true,3680,15435038720,15.435038720,2.8978607654571533,0.2129398137331009,27772.74549100952,71.4883093614018
true,3690,15476981760,15.476981760,2.8924617767333984,0.19219791889190674,29611.86560139206,76.22228812653192
true,3700,15518924800,15.518924800,2.8552961349487305,0.18362684547901154,29613.016734177396,76.22525119464851
true,3710,15560867840,15.560867840,2.8992552757263184,0.2960975766181946,29587.662772162475,76.15998894390535
true,3720,15602810880,15.602810880,2.8555474281311035,0.23180465400218964,29600.593570589193,76.1932734068519
true,3730,15644753920,15.644753920,2.8664560317993164,0.1380978375673294,29603.934149068093,76.20187220770948
true,3740,15686696960,15.686696960,2.8726565837860107,0.17156051099300385,29594.76139119388,76.17826111197458
true,3750,15728640000,15.728640000,2.8796133995056152,0.16564717888832092,29618.885798306554,76.24035843250739
true,3760,15770583040,15.770583040,2.8725569248199463,0.16328616440296173,29596.50385941926,76.18274630439421
true,3770,15812526080,15.812526080,2.8800060749053955,0.17567260563373566,27678.300385135255,71.24520336568396
true,3780,15854469120,15.854469120,2.856111526489258,0.1712370365858078,27815.160087253193,71.59748646017614
true,3790,15896412160,15.896412160,2.872373104095459,0.21131153404712677,29611.657653615497,76.22175285950236
true,3800,15938355200,15.938355200,2.8524158000946045,0.16073910892009735,27868.40387481476,71.73453838966603
true,3810,15980298240,15.980298240,2.8562235832214355,0.15672694146633148,27906.529516060516,71.83267552331242
true,3820,16022241280,16.022241280,2.8963518142700195,0.1635335385799408,29607.421501413293,76.21084881117083
true,3830,16064184320,16.064184320,2.8653812408447266,0.2577156722545624,29618.604818161253,76.23963517684086
true,3840,16106127360,16.106127360,2.8551185131073,0.11546938121318817,27103.238817553356,69.76496875011615
true,3850,16148070400,16.148070400,2.8476638793945312,0.13244019448757172,29542.227511845158,76.04303651849492
true,3860,16190013440,16.190013440,2.871154546737671,0.23992730677127838,23010.591288436535,59.230307970417876
true,3870,16231956480,16.231956480,2.8691325187683105,0.13628451526165009,29622.627465661903,76.24998965436528
true,3880,16273899520,16.273899520,2.8716750144958496,0.17385190725326538,29590.33865872038,76.16687679754335
true,3890,16315842560,16.315842560,2.8423311710357666,0.24840407073497772,29604.22322847222,76.20261631123641
true,3900,16357785600,16.357785600,2.864562749862671,0.15580953657627106,29605.55199962381,76.20603662858264
true,3910,16399728640,16.399728640,2.8512728214263916,0.1648576706647873,29571.582266063106,76.11859699023294
true,3920,16441671680,16.441671680,2.897243022918701,0.2218826711177826,29623.58872572602,76.25246398146638
true,3930,16483614720,16.483614720,2.8326640129089355,0.11850592494010925,27381.91721565782,70.48229961473957
true,3940,16525557760,16.525557760,2.868279218673706,0.21497631072998047,27434.246525836174,70.61699763787558
true,3950,16567500800,16.567500800,2.8274359703063965,0.1917971819639206,29620.053476345198,76.24336408885809
true,3960,16609443840,16.609443840,2.8215324878692627,0.18127459287643433,29598.737667831017,76.18849622878845
true,3970,16651386880,16.651386880,2.8123459815979004,0.13714361190795898,29602.741287021832,76.19880172657841
true,3980,16693329920,16.693329920,2.855281352996826,0.21825197339057922,29512.85699236519,75.96743546625582
true,3990,16735272960,16.735272960,2.8675100803375244,0.2604106664657593,29612.021711960926,76.22268996223252
true,4000,16777216000,16.777216000,2.8743717670440674,0.1286790668964386,29621.94835863592,76.2482416020102
true,4010,16819159040,16.819159040,2.825969696044922,0.20074783265590668,23426.03557259277,60.299680442714546
true,4020,16861102080,16.861102080,2.853543281555176,0.14871257543563843,29608.519047450227,76.21367394456112
true,4030,16903045120,16.903045120,2.8608286380767822,0.23109227418899536,29617.699665584478,76.23730527296266
true,4040,16944988160,16.944988160,2.8301210403442383,0.14773572981357574,29594.996688110416,76.17886677693366
true,4050,16986931200,16.986931200,2.846270799636841,0.1602204293012619,29603.633470631026,76.20109824774451
true,4060,17028874240,17.028874240,2.8356032371520996,0.17406722903251648,29551.247833577843,76.06625523667223
true,4070,17070817280,17.070817280,2.8280725479125977,0.15603278577327728,29595.091364796863,76.1791104790283
true,4080,17112760320,17.112760320,2.863842010498047,0.14481213688850403,29565.570535116654,76.10312252150112
true,4090,17154703360,17.154703360,2.8329882621765137,0.18044598400592804,29582.89479465753,76.14771595306935
true,4100,17196646400,17.196646400,2.8461527824401855,0.1603427231311798,27816.413254583887,71.60071216985067
true,4110,17238589440,17.238589440,2.838829517364502,0.18565550446510315,27207.68627291801,70.03382124809971
true,4120,17280532480,17.280532480,2.8285269737243652,0.1529439389705658,29550.348523001452,76.06394037036857
true,4130,17322475520,17.322475520,2.8323559761047363,0.16579851508140564,29616.6663795067,76.2346455476283
true,4140,17364418560,17.364418560,2.825967311859131,0.19908912479877472,29592.80300356662,76.17322013319946
true,4150,17406361600,17.406361600,2.8095691204071045,0.14961084723472595,29628.473595885796,76.26503785930953
true,4160,17448304640,17.448304640,2.8382773399353027,0.23740369081497192,27440.09676209175,70.63205641193201
true,4170,17490247680,17.490247680,2.8358097076416016,0.24499689042568207,29599.98136567956,76.19169756358546
true,4180,17532190720,17.532190720,2.810072898864746,0.21595649421215057,29594.15370957029,76.17669691185205
true,4190,17574133760,17.574133760,2.8350298404693604,0.14349515736103058,29641.327381735937,76.29812408838318
true,4200,17616076800,17.616076800,2.834404706954956,0.1811424344778061,29608.94700854439,76.21477553587135
true,4210,17658019840,17.658019840,2.846548557281494,0.19324178993701935,29605.095672609415,76.2048620221043
true,4220,17699962880,17.699962880,2.8460588455200195,0.20864786207675934,29615.000908208483,76.23035854879926
true,4230,17741905920,17.741905920,2.868464708328247,0.16122521460056305,29591.378514241922,76.16955343292459
true,4240,17783848960,17.783848960,2.812035083770752,0.16981419920921326,29627.452120583326,76.26240853544769
true,4250,17825792000,17.825792000,2.819378614425659,0.23162229359149933,29581.280852538333,76.14356159268947
true,4260,17867735040,17.867735040,2.840632677078247,0.23140005767345428,29609.561441397796,76.21635711396634
true,4270,17909678080,17.909678080,2.787123680114746,0.11563523858785629,29619.245824862996,76.24128515722943
true,4280,17951621120,17.951621120,2.8316643238067627,0.12397666275501251,29575.34773329914,76.12828947406558
true,4290,17993564160,17.993564160,2.869579792022705,0.2731517255306244,29609.317708069335,76.21572973329948
true,4300,18035507200,18.035507200,2.7957394123077393,0.1047569140791893,29572.33535053369,76.12053546389323
true,4310,18077450240,18.077450240,2.8219852447509766,0.20600412786006927,29647.80959845278,76.3148096088749
true,4320,18119393280,18.119393280,2.8118553161621094,0.13551461696624756,29614.13588570696,76.22813194155896
true,4330,18161336320,18.161336320,2.811016798019409,0.158808633685112,29615.23123992535,76.23095143310869
true,4340,18203279360,18.203279360,2.824418544769287,0.14575928449630737,29616.824589343913,76.23505278694104
true,4350,18245222400,18.245222400,2.862330436706543,0.22785906493663788,29602.329590756737,76.19774200167754
true,4360,18287165440,18.287165440,2.824080467224121,0.1942533403635025,29623.21262196002,76.25149587327613
true,4370,18329108480,18.329108480,2.8158586025238037,0.16735486686229706,28027.33388962202,72.14363147227219
true,4380,18371051520,18.371051520,2.8116202354431152,0.14293541014194489,28986.135273255946,74.61162981804434
true,4390,18412994560,18.412994560,2.8375446796417236,0.17644242942333221,29628.8137548309,76.26591344389685
true,4400,18454937600,18.454937600,2.831179618835449,0.14467988908290863,29600.192215588417,76.19224030083546
true,4410,18496880640,18.496880640,2.820636749267578,0.2939257323741913,29629.916626596096,76.26875228595378
true,4420,18538823680,18.538823680,2.8277997970581055,0.14799077808856964,29555.898995317017,76.07822753841702
true,4430,18580766720,18.580766720,2.8232734203338623,0.1786123663187027,27473.812549270257,70.71884238075027
true,4440,18622709760,18.622709760,2.7710485458374023,0.14375440776348114,26915.041085044388,69.28053923172119
true,4450,18664652800,18.664652800,2.7911336421966553,0.20835140347480774,28145.037573561676,72.44660610519708
true,4460,18706595840,18.706595840,2.820969581604004,0.2203078269958496,29585.249263914975,76.15377646396529
true,4470,18748538880,18.748538880,2.822249412536621,0.11627443134784698,29584.228753136522,76.15114962283211
true,4480,18790481920,18.790481920,2.8319430351257324,0.14122673869132996,29598.365459728087,76.18753814821203
true,4490,18832424960,18.832424960,2.8209211826324463,0.2097359150648117,29604.718665114247,76.20389158767408
true,4500,18874368000,18.874368000,2.8148818016052246,0.10440430045127869,29617.86146670003,76.23772175638909
true,4510,18916311040,18.916311040,2.824333667755127,0.26064419746398926,29628.132615186125,76.26416015948858
true,4520,18958254080,18.958254080,2.8284401893615723,0.19035746157169342,29548.418483211342,76.05897236021488
true,4530,19000197120,19.000197120,2.8286027908325195,0.1675163358449936,29585.338447530034,76.15400602664447
true,4540,19042140160,19.042140160,2.8063156604766846,0.16715356707572937,25152.135951325563,64.74274128103275
true,4550,19084083200,19.084083200,2.816199541091919,0.20835866034030914,29619.333920704623,76.24151191993036
true,4560,19126026240,19.126026240,2.835836410522461,0.19117574393749237,29630.249783831852,76.26960984782296
true,4570,19167969280,19.167969280,2.8133857250213623,0.14232604205608368,29624.85276801707,76.25571768378322
true,4580,19209912320,19.209912320,2.8132987022399902,0.1791200339794159,29605.022395325108,76.20467340304353
true,4590,19251855360,19.251855360,2.777017116546631,0.18009977042675018,29620.248478681326,76.24386603373551
true,4600,19293798400,19.293798400,2.8440744876861572,0.37461212277412415,27278.157635804826,70.21521773959182
true,4610,19335741440,19.335741440,2.8318188190460205,0.13968126475811005,29620.264055614032,76.24390612946837
true,4620,19377684480,19.377684480,2.814781665802002,0.1883183866739273,29626.566228599655,76.26012820921167
true,4630,19419627520,19.419627520,2.798658847808838,0.20801885426044464,27864.234698353284,71.72380673993565
true,4640,19461570560,19.461570560,2.8207650184631348,0.14173109829425812,28672.471245583412,73.80424435256862
true,4650,19503513600,19.503513600,2.8127660751342773,0.16883036494255066,29613.629117011176,76.22682749589977
true,4660,19545456640,19.545456640,2.7873899936676025,0.1577802300453186,29612.730906865225,76.2245154621541
true,4670,19587399680,19.587399680,2.824554204940796,0.30531591176986694,29612.11212498092,76.22292268945588
true,4680,19629342720,19.629342720,2.783973455429077,0.13277223706245422,21283.517341868446,54.78474112423609
true,4690,19671285760,19.671285760,2.7931480407714844,0.14371156692504883,29681.4890496798,76.4015020473023
true,4700,19713228800,19.713228800,2.7915732860565186,0.2602420747280121,29634.877984191124,76.28152304593213
true,4710,19755171840,19.755171840,2.761686325073242,0.22947101294994354,28077.810468812026,72.27356048162449
true,4720,19797114880,19.797114880,2.778430700302124,0.19533050060272217,29618.542656511527,76.23947516992878
true,4730,19839057920,19.839057920,2.795830249786377,0.1852985918521881,26857.177762034647,69.13159640799718
true,4740,19881000960,19.881000960,2.803304672241211,0.20250818133354187,28390.46533111017,73.07834830955282
true,4750,19922944000,19.922944000,2.795992374420166,0.2152450829744339,29582.2005901929,76.1459290392209
true,4760,19964887040,19.964887040,2.810546875,0.1729440838098526,28029.268004869475,72.14860997283834
true,4770,20006830080,20.006830080,2.78489089012146,0.24471113085746765,29587.63518638948,76.15991793687171
true,4780,20048773120,20.048773120,2.785465717315674,0.16534559428691864,29601.708213182705,76.19614254755598
true,4790,20090716160,20.090716160,2.8126041889190674,0.15469808876514435,29599.575838889243,76.19065371919314
true,4800,20132659200,20.132659200,2.828058958053589,0.26668885350227356,28354.872327350637,72.98673029992224
true,4810,20174602240,20.174602240,2.7905197143554688,0.17677229642868042,29625.50362589431,76.25739302154531
true,4820,20216545280,20.216545280,2.7735755443573,0.19431334733963013,29619.56343027468,76.24210268799652
true,4830,20258488320,20.258488320,2.80592679977417,0.18661463260650635,29587.697988448508,76.16007959222644
true,4840,20300431360,20.300431360,2.756437063217163,0.21625244617462158,29152.756691188213,75.04052092192289
true,4850,20342374400,20.342374400,2.782838821411133,0.24763444066047668,29611.525159232377,76.2214118129374
true,4860,20384317440,20.384317440,2.7667479515075684,0.09529333561658859,29583.656596217643,76.14967686491434
true,4870,20426260480,20.426260480,2.851077079772949,0.20743566751480103,29625.461053126928,76.25728343730684
true,4880,20468203520,20.468203520,2.78204083442688,0.1479262411594391,29557.56586263182,76.08251813065623
true,4890,20510146560,20.510146560,2.7795541286468506,0.12105875462293625,29614.393493758005,76.22879503639244
true,4900,20552089600,20.552089600,2.755206823348999,0.18244421482086182,29614.13135856737,76.22812028849586
true,4910,20594032640,20.594032640,2.781391143798828,0.17316916584968567,29612.214229702735,76.22318551165122
true,4920,20635975680,20.635975680,2.767728328704834,0.1823570430278778,29581.135630173765,76.14318778372169
true,4930,20677918720,20.677918720,2.7576496601104736,0.15476921200752258,29594.44731141247,76.1774526563401
true,4940,20719861760,20.719861760,2.7460193634033203,0.1433998942375183,29587.10285536258,76.15854769261024
true,4950,20761804800,20.761804800,2.786619186401367,0.158201202750206,29635.948460542593,76.28427850072154
true,4960,20803747840,20.803747840,2.7815051078796387,0.222265362739563,29612.894104876967,76.22493554125482
true,4970,20845690880,20.845690880,2.79471755027771,0.2202896624803543,29618.857324612876,76.24028513992553
true,4980,20887633920,20.887633920,2.810694456100464,0.17726677656173706,29589.29582923739,76.16419250705017
true,4990,20929576960,20.929576960,2.772735118865967,0.1424875110387802,29642.59168715256,76.30137846799718
true,5000,20971520000,20.971520000,2.8374390602111816,0.39679765701293945,27373.544051255645,70.46074670894888
true,5010,21013463040,21.013463040,2.7855918407440186,0.17352023720741272,23752.01889242039,61.13877632619634
true,5020,21055406080,21.055406080,2.782208204269409,0.13408388197422028,29613.32439514814,76.22604312797256
true,5030,21097349120,21.097349120,2.741504430770874,0.1959606260061264,29615.43996018346,76.23148868854085
true,5040,21139292160,21.139292160,2.7827646732330322,0.18267133831977844,29610.275135998294,76.21819419631049
true,5050,21181235200,21.181235200,2.744825839996338,0.13780967891216278,27183.47016690416,69.97148789042693
true,5060,21223178240,21.223178240,2.747103214263916,0.242606058716774,29611.578468610685,76.22154903370046
true,5070,21265121280,21.265121280,2.723682165145874,0.1372242420911789,29594.743652344816,76.17821545137073
true,5080,21307064320,21.307064320,2.7894511222839355,0.14981108903884888,29605.795005194388,76.20666213596763
true,5090,21349007360,21.349007360,2.7339866161346436,0.2702859044075012,29580.521496109403,76.14160697472329
true,5100,21390950400,21.390950400,2.7465968132019043,0.24282515048980713,29627.51822154771,76.26257868233478
true,5110,21432893440,21.432893440,2.7639005184173584,0.08958959579467773,29203.60165154972,75.17139816115616
true,5120,21474836480,21.474836480,2.746034860610962,0.21011187136173248,29590.81602787712,76.16810556745261
true,5130,21516779520,21.516779520,2.7967538833618164,0.20207716524600983,29596.04272828805,76.1815593319008
true,5140,21558722560,21.558722560,2.758514404296875,0.11420991271734238,29611.606508383975,76.22162120935151
true,5150,21600665600,21.600665600,2.7734906673431396,0.2172044813632965,29554.533555134425,76.07471283331813
true,5160,21642608640,21.642608640,2.761359453201294,0.19290074706077576,29589.91684258722,76.16579102364209
true,5170,21684551680,21.684551680,2.762194871902466,0.1492074728012085,29606.194062015733,76.20768932636572
true,5180,21726494720,21.726494720,2.7635467052459717,0.21887139976024628,29611.252690897392,76.22071046705753
true,5190,21768437760,21.768437760,2.753141164779663,0.1394447237253189,29613.96957452478,76.227703849016
true,5200,21810380800,21.810380800,2.7649669647216797,0.1731189340353012,27421.63518543534,70.58453547440931
true,5210,21852323840,21.852323840,2.7452499866485596,0.1337963044643402,29569.901480702367,76.11427057231083
true,5220,21894266880,21.894266880,2.729652166366577,0.16999417543411255,29586.03887148993,76.15580894975648
true,5230,21936209920,21.936209920,2.7862565517425537,0.21530143916606903,29601.74854662474,76.19624636766922
true,5240,21978152960,21.978152960,2.738328218460083,0.20326370000839233,29609.05596609536,76.21505599756044
true,5250,22020096000,22.020096000,2.7689716815948486,0.15587672591209412,24186.479196420012,62.25709689798237
true,5260,22062039040,22.062039040,2.7544291019439697,0.2634128928184509,29592.220060375854,76.17171961092754
true,5270,22103982080,22.103982080,2.759178400039673,0.151250958442688,28001.881695035372,72.07811636642406
true,5280,22145925120,22.145925120,2.7631053924560547,0.11590972542762756,29622.13252738306,76.24871566073709
true,5290,22187868160,22.187868160,2.7796010971069336,0.1418495923280716,29598.865818530165,76.1888260945134
true,5300,22229811200,22.229811200,2.7566161155700684,0.12536287307739258,29640.438804525566,76.29583685025158
true,5310,22271754240,22.271754240,2.7934422492980957,0.25714293122291565,29561.693926548505,76.09314395482745
true,5320,22313697280,22.313697280,2.7628982067108154,0.12122682482004166,29627.297939784814,76.2620116670637
true,5330,22355640320,22.355640320,2.752969980239868,0.26274335384368896,29596.420869804762,76.18253268535403
true,5340,22397583360,22.397583360,2.7523319721221924,0.11310400813817978,28977.806631369163,74.59019151523214
true,5350,22439526400,22.439526400,2.7864978313446045,0.13357432186603546,29625.99833694625,76.25866643028111
true,5360,22481469440,22.481469440,2.7692503929138184,0.21263431012630463,27323.124870420816,70.33096544557195
true,5370,22523412480,22.523412480,2.7528254985809326,0.12317891418933868,26965.55969509735,69.41057643042534
true,5380,22565355520,22.565355520,2.7404873371124268,0.2587558627128601,27659.75852527509,71.19747577554534
true,5390,22607298560,22.607298560,2.778898239135742,0.41863569617271423,29635.31990034643,76.2826605582041
true,5400,22649241600,22.649241600,2.759568452835083,0.13205955922603607,29624.186468033855,76.25400259733837
true,5410,22691184640,22.691184640,2.7632274627685547,0.21800856292247772,29632.878962325944,76.27637747278149
true,5420,22733127680,22.733127680,2.695225715637207,0.1857452392578125,28179.070202415653,72.53420763889068
true,5430,22775070720,22.775070720,2.774759292602539,0.195450559258461,26624.292053931873,68.53213800903949
true,5440,22817013760,22.817013760,2.751049757003784,0.15951797366142273,29589.364833235188,76.16437012647722
true,5450,22858956800,22.858956800,2.7002646923065186,0.15200555324554443,29606.081187530373,76.20739878230947
true,5460,22900899840,22.900899840,2.748765707015991,0.22933468222618103,29589.43089437756,76.16454017086065
true,5470,22942842880,22.942842880,2.725433111190796,0.11353734880685806,29635.172601193284,76.28228140348813
true,5480,22984785920,22.984785920,2.684720754623413,0.2193511575460434,29641.217773270488,76.29784195121064
true,5490,23026728960,23.026728960,2.6662521362304688,0.12258190661668777,29649.8516209103,76.3200658675049
true,5500,23068672000,23.068672000,2.7461977005004883,0.2736497223377228,29616.01502489064,76.23296893123789
true,5510,23110615040,23.110615040,2.7218923568725586,0.14960414171218872,29565.261706070967,76.10232758149907
true,5520,23152558080,23.152558080,2.760946035385132,0.1429002434015274,28629.548586922043,73.6937594780361
true,5530,23194501120,23.194501120,2.7202060222625732,0.17145797610282898,29585.241080578075,76.15375539968412
true,5540,23236444160,23.236444160,2.7186880111694336,0.1518654078245163,29599.290968203823,76.18992044909946
true,5550,23278387200,23.278387200,2.6735780239105225,0.20831583440303802,29586.050833689897,76.15583974100295
true,5560,23320330240,23.320330240,2.6970276832580566,0.1564747840166092,29649.659180648392,76.31957051752299
true,5570,23362273280,23.362273280,2.699803590774536,0.14523595571517944,27968.533922889717,71.99227768502924
true,5580,23404216320,23.404216320,2.6737875938415527,0.23326142132282257,29596.53105281308,76.18281630142603
true,5590,23446159360,23.446159360,2.732450485229492,0.1737835556268692,29596.762083220565,76.18341098419687
true,5600,23488102400,23.488102400,2.7245397567749023,0.25535377860069275,27202.842670732298,70.02135359589774
true,5610,23530045440,23.530045440,2.7414872646331787,0.14057496190071106,29647.68682384841,76.31449358146227
true,5620,23571988480,23.571988480,2.715615749359131,0.2443600445985794,29616.608316368867,76.23449609047213
true,5630,23613931520,23.613931520,2.7042436599731445,0.18135814368724823,29630.59972227783,76.27051060529008
true,5640,23655874560,23.655874560,2.728188991546631,0.2701167166233063,29607.40339484517,76.21080220404141
true,5650,23697817600,23.697817600,2.703376531600952,0.12832596898078918,29636.38448734726,76.28540085353725
true,5660,23739760640,23.739760640,2.7288835048675537,0.1687794178724289,27322.44287186212,70.32920995028022
true,5670,23781703680,23.781703680,2.7374846935272217,0.11164167523384094,29120.796711219155,74.95825448067559
true,5680,23823646720,23.823646720,2.709120035171509,0.18461623787879944,29610.33419350808,76.21834621302526
true,5690,23865589760,23.865589760,2.6881649494171143,0.14552724361419678,29619.18201610873,76.24112091059538
true,5700,23907532800,23.907532800,2.71405291557312,0.13328880071640015,29587.133770995606,76.15862727085499
true,5710,23949475840,23.949475840,2.7293193340301514,0.2577540874481201,27011.81705046022,69.52964496585305
true,5720,23991418880,23.991418880,2.736633539199829,0.11877741664648056,29268.178307018545,75.33762140779824
true,5730,24033361920,24.033361920,2.686612844467163,0.2829192578792572,29608.731493453397,76.21422079023046
true,5740,24075304960,24.075304960,2.741966962814331,0.11565333604812622,27386.662021019736,70.49451295942606
true,5750,24117248000,24.117248000,2.7055859565734863,0.38174110651016235,29606.587793218616,76.2087028083798
true,5760,24159191040,24.159191040,2.7247767448425293,0.12788331508636475,29644.176519186505,76.30545789769438
true,5770,24201134080,24.201134080,2.7384798526763916,0.14130905270576477,29034.961186194156,74.73730993743006
true,5780,24243077120,24.243077120,2.729933977127075,0.11325354874134064,29615.52435898582,76.23170593489465
true,5790,24285020160,24.285020160,2.7024192810058594,0.2008279412984848,27023.335935975363,69.55929510078379
true,5800,24326963200,24.326963200,2.6685080528259277,0.15436406433582306,29597.119365003953,76.1843306437483
true,5810,24368906240,24.368906240,2.7349181175231934,0.28312912583351135,29581.791243982014,76.1448753634664
true,5820,24410849280,24.410849280,2.661982536315918,0.13284650444984436,29566.269555046616,76.10492183057625
true,5830,24452792320,24.452792320,2.7211380004882812,0.18251720070838928,29596.598728736462,76.18299050232918
true,5840,24494735360,24.494735360,2.6954638957977295,0.1298368126153946,29632.272280473084,76.27481584611427
true,5850,24536678400,24.536678400,2.732417583465576,0.19222328066825867,26334.00996735692,67.7849387228234
true,5860,24578621440,24.578621440,2.6790223121643066,0.11234226077795029,29575.41415201157,76.1284604388506
true,5870,24620564480,24.620564480,2.6796069145202637,0.3117014765739441,28151.08182739235,72.46216428931127
true,5880,24662507520,24.662507520,2.6957712173461914,0.12380731105804443,29566.684055919926,76.10598877466613
true,5890,24704450560,24.704450560,2.6829895973205566,0.37425506114959717,29634.639722649667,76.28090974989377
true,5900,24746393600,24.746393600,2.70072603225708,0.10974562913179398,27223.379546617267,70.07421644797178
true,5910,24788336640,24.788336640,2.732879400253296,0.16203573346138,29601.835118825373,76.19646920844897
true,5920,24830279680,24.830279680,2.678506851196289,0.17862744629383087,29611.911052838197,76.22240512062038
true,5930,24872222720,24.872222720,2.6825928688049316,0.21321620047092438,29593.267199836115,76.17441499549814
true,5940,24914165760,24.914165760,2.709096908569336,0.09861668944358826,27616.627945672004,71.08645570305738
true,5950,24956108800,24.956108800,2.6645660400390625,0.17891183495521545,27439.387862344352,70.63023167175771
true,5960,24998051840,24.998051840,2.693187713623047,0.11366119980812073,29627.19331295764,76.26174235285454
true,5970,25039994880,25.039994880,2.719583511352539,0.15215083956718445,29628.185118009464,76.26429530414248
true,5980,25081937920,25.081937920,2.6931023597717285,0.13810522854328156,29591.225977914197,76.16916079748316
true,5990,25123880960,25.123880960,2.6853065490722656,0.3217127025127411,29602.805477637994,76.19896695614231
true,6000,25165824000,25.165824000,2.697038412094116,0.1181732788681984,29632.04383106435,76.27422780695154
true,6010,25207767040,25.207767040,2.677004814147949,0.11237390339374542,23601.343319492877,60.750930552211365
true,6020,25249710080,25.249710080,2.7088537216186523,0.26163169741630554,29608.066997905702,76.21251034848467
true,6030,25291653120,25.291653120,2.7188990116119385,0.10641049593687057,29620.381602231253,76.24420869980443
true,6040,25333596160,25.333596160,2.719536781311035,0.17348361015319824,29616.314522700326,76.23373985221431
true,6050,25375539200,25.375539200,2.6808502674102783,0.1855902075767517,28213.533721881024,72.62291830460505
true,6060,25417482240,25.417482240,2.7059853076934814,0.16574305295944214,29585.690334311214,76.15491179921497
true,6070,25459425280,25.459425280,2.7051777839660645,0.21011468768119812,27399.018768339785,70.52631978872935
true,6080,25501368320,25.501368320,2.725989580154419,0.1276247501373291,29646.04742770824,76.31027370127534
true,6090,25543311360,25.543311360,2.724388837814331,0.20661470293998718,29533.991717772224,76.02183721017616
true,6100,25585254400,25.585254400,2.681812286376953,0.1442369520664215,29599.104059209636,76.18943933685209
true,6110,25627197440,25.627197440,2.698902130126953,0.14561109244823456,29603.732949473368,76.2013543108067
true,6120,25669140480,25.669140480,2.6764960289001465,0.1530347764492035,29598.10539905181,76.18686874020969
true,6130,25711083520,25.711083520,2.7096407413482666,0.23536621034145355,29585.305245698077,76.15392056361975
true,6140,25753026560,25.753026560,2.7292697429656982,0.13695907592773438,28945.95591042263,74.5082063116754
true,6150,25794969600,25.794969600,2.7117133140563965,0.14283134043216705,29628.44081550034,76.26495348110726
true,6160,25836912640,25.836912640,2.7097976207733154,0.1520540565252304,26781.13418672331,68.93585678842793
true,6170,25878855680,25.878855680,2.6875786781311035,0.1693229079246521,29618.007074817142,76.23809655830145
true,6180,25920798720,25.920798720,2.635831117630005,0.20195285975933075,21266.37431639356,54.740614197392084
true,6190,25962741760,25.962741760,2.649048089981079,0.22200556099414825,29329.087926648375,75.49440553749807
true,6200,26004684800,26.004684800,2.633478879928589,0.1559956818819046,29324.409279438423,75.48236248690208
true,6210,26046627840,26.046627840,2.63128399848938,0.17005819082260132,29395.034458697846,75.66415490872932
true,6220,26088570880,26.088570880,2.6424753665924072,0.2023209035396576,29427.207240989726,75.74696911282892
true,6230,26130513920,26.130513920,2.674478769302368,0.1458451747894287,29479.850859780043,75.88247618061969
true,6240,26172456960,26.172456960,2.6588315963745117,0.17537133395671844,26781.12775733419,68.93584023888808
true,6250,26214400000,26.214400000,2.6478731632232666,0.22478969395160675,29587.97235302805,76.16078581912599
true,6260,26256343040,26.256343040,2.670609712600708,0.1183624267578125,29585.562287102075,76.154582199878
true,6270,26298286080,26.298286080,2.707832098007202,0.18333490192890167,29558.760982520747,76.08559442357698
true,6280,26340229120,26.340229120,2.709150791168213,0.22381708025932312,29595.673394213234,76.18060864920338
true,6290,26382172160,26.382172160,2.6835591793060303,0.24694104492664337,27326.818242585137,70.34047235341278
true,6300,26424115200,26.424115200,2.7121834754943848,0.113283172249794,29632.423093377638,76.2752040453861
true,6310,26466058240,26.466058240,2.702636480331421,0.20186595618724823,29169.47471420255,75.08355387311408
true,6320,26508001280,26.508001280,2.658313274383545,0.17047032713890076,29600.019132000212,76.19179477581157
true,6330,26549944320,26.549944320,2.6943798065185547,0.1651855707168579,29620.568646010663,76.24469015899508
true,6340,26591887360,26.591887360,2.6906487941741943,0.12787064909934998,29634.322136409064,76.28009226847391
true,6350,26633830400,26.633830400,2.6884067058563232,0.2304593026638031,29624.899568893677,76.25583815136703
true,6360,26675773440,26.675773440,2.7008514404296875,0.29668891429901123,29551.51150317414,76.06693393419874
true,6370,26717716480,26.717716480,2.6992135047912598,0.18053613603115082,29614.79317314136,76.22982382929345
true,6380,26759659520,26.759659520,2.6708176136016846,0.13906104862689972,29601.054423916266,76.19445966426481
true,6390,26801602560,26.801602560,2.6628665924072266,0.12326014041900635,29654.653670546697,76.33242656155608
true,6400,26843545600,26.843545600,2.678534507751465,0.1822657287120819,27876.519247894325,71.75542772887388
true,6410,26885488640,26.885488640,2.704375743865967,0.17179052531719208,29615.167644771132,76.23078773629088
true,6420,26927431680,26.927431680,2.6567392349243164,0.10657815635204315,29602.41972293759,76.1979740060082
true,6430,26969374720,26.969374720,2.702824354171753,0.11625903844833374,29622.28244401765,76.24910155296931
true,6440,27011317760,27.011317760,2.6908435821533203,0.19638986885547638,29606.787375503358,76.20921654225316
true,6450,27053260800,27.053260800,2.6679162979125977,0.165602445602417,29637.819392258083,76.28909436400428
true,6460,27095203840,27.095203840,2.667874336242676,0.23290219902992249,29631.979645226882,76.27406258968819
true,6470,27137146880,27.137146880,2.6871204376220703,0.12772829830646515,29637.558796966263,76.28842357987723
true,6480,27179089920,27.179089920,2.667992353439331,0.1551704853773117,29650.981226527747,76.32297352371276
true,6490,27221032960,27.221032960,2.7051072120666504,0.3985269069671631,29632.864813405955,76.27634105281828
true,6500,27262976000,27.262976000,2.7115538120269775,0.12406720221042633,29654.00572378993,76.3307587171504
true,6510,27304919040,27.304919040,2.6895105838775635,0.1317695528268814,29618.955562484673,76.24053800867316
true,6520,27346862080,27.346862080,2.682758331298828,0.14034463465213776,29623.092127935717,76.25118571618027
true,6530,27388805120,27.388805120,2.680234670639038,0.12409114092588425,29603.11015927693,76.19975122053087
true,6540,27430748160,27.430748160,2.718268871307373,0.18987929821014404,29622.86869154705,76.25061058075909
true,6550,27472691200,27.472691200,2.7101378440856934,0.22864699363708496,29638.463720729756,76.29075289477964
true,6560,27514634240,27.514634240,2.667084217071533,0.24878011643886566,29603.840889752108,76.20163215399084
true,6570,27556577280,27.556577280,2.713536262512207,0.12400824576616287,29622.55088680771,76.24979253691353
true,6580,27598520320,27.598520320,2.7151243686676025,0.18506118655204773,29615.564317525655,76.23180878999258
true,6590,27640463360,27.640463360,2.6791024208068848,0.338135302066803,29610.5946211345,76.21901656557392
true,6600,27682406400,27.682406400,2.688291311264038,0.1407773345708847,29136.9191640908,74.99975440724663
true,6610,27724349440,27.724349440,2.6783013343811035,0.1500634402036667,29611.227247301416,76.2206449740849
true,6620,27766292480,27.766292480,2.698188304901123,0.15170438587665558,28204.337863007357,72.59924774584746
true,6630,27808235520,27.808235520,2.67741322517395,0.17084142565727234,29649.73735826655,76.31977175026584
true,6640,27850178560,27.850178560,2.6778266429901123,0.12585033476352692,29624.884166057203,76.25579850376577
true,6650,27892121600,27.892121600,2.651916027069092,0.13989803194999695,27444.209247233815,70.64264213562922
true,6660,27934064640,27.934064640,2.6539618968963623,0.21188344061374664,25072.414561751262,64.53753480036796
true,6670,27976007680,27.976007680,2.6650073528289795,0.1386740505695343,29628.153754138333,76.26421457211248
true,6680,28017950720,28.017950720,2.7202322483062744,0.24828483164310455,29655.67889209694,76.33506552842996
true,6690,28059893760,28.059893760,2.7054131031036377,0.11578927934169769,29598.96998019114,76.18909421136365
true,6700,28101836800,28.101836800,2.721571445465088,0.13016337156295776,29626.46080740482,76.25985685026401
true,6710,28143779840,28.143779840,2.667726993560791,0.17713245749473572,29654.794526823476,76.33278913201542
true,6720,28185722880,28.185722880,2.691967010498047,0.1197458878159523,27156.478174877924,69.90200927597459
true,6730,28227665920,28.227665920,2.664839267730713,0.24727582931518555,29626.05664146386,76.2588165087598
true,6740,28269608960,28.269608960,2.6589560508728027,0.13463588058948517,29641.773719943776,76.29927298321938
true,6750,28311552000,28.311552000,2.716693878173828,0.12889055907726288,29606.3022637629,76.20796784258147
true,6760,28353495040,28.353495040,2.660252571105957,0.19707626104354858,28158.94946357971,72.4824159424972
true,6770,28395438080,28.395438080,2.6886911392211914,0.19942161440849304,29639.075470541557,76.29232756660356
true,6780,28437381120,28.437381120,2.688600778579712,0.1875036060810089,29593.85375249759,76.17592480871176
true,6790,28479324160,28.479324160,2.67427921295166,0.12540021538734436,29603.850678144798,76.20165734975858
true,6800,28521267200,28.521267200,2.6663403511047363,0.23722900450229645,29624.111853451064,76.25381053601049
true,6810,28563210240,28.563210240,2.6614999771118164,0.10632559657096863,29641.380967656576,76.29826202097875
true,6820,28605153280,28.605153280,2.631920576095581,0.13005417585372925,29642.58285334031,76.3013557293629
true,6830,28647096320,28.647096320,2.6842377185821533,0.13192813098430634,29623.07304322176,76.25113659125901
true,6840,28689039360,28.689039360,2.644541025161743,0.2254137545824051,26304.34148041797,67.70857068880015
true,6850,28730982400,28.730982400,2.6834990978240967,0.12352961301803589,27867.57344811462,71.7324008335911
true,6860,28772925440,28.772925440,2.6745266914367676,0.21018072962760925,29623.745756820575,76.25286818664195
true,6870,28814868480,28.814868480,2.6337246894836426,0.1439950317144394,29586.0759784113,76.15590446465885
true,6880,28856811520,28.856811520,2.683783531188965,0.11110912263393402,29628.552592459222,76.26524120008047
true,6890,28898754560,28.898754560,2.653365135192871,0.13948242366313934,29599.008311035246,76.18919287669878
true,6900,28940697600,28.940697600,2.7005996704101562,0.28890106081962585,29579.8382672513,76.13984831258495
true,6910,28982640640,28.982640640,2.7443597316741943,0.23487038910388947,29614.933123797844,76.23018406864499
true,6920,29024583680,29.024583680,2.6685569286346436,0.11260001361370087,25540.67163880254,65.74284980229115
true,6930,29066526720,29.066526720,2.5987048149108887,0.20108263194561005,27010.252692815906,69.52561823816548
true,6940,29108469760,29.108469760,2.6663525104522705,0.1342366486787796,29482.41437419543,75.88907478325474
true,6950,29150412800,29.150412800,2.6425631046295166,0.14333967864513397,29538.10542054561,76.0324260681117
true,6960,29192355840,29.192355840,2.6492910385131836,0.15541289746761322,29561.99760229848,76.09392563001211
true,6970,29234298880,29.234298880,2.6871886253356934,0.1640460342168808,29590.474332510057,76.1672260280453
true,6980,29276241920,29.276241920,2.6681270599365234,0.19869080185890198,29629.342765378973,76.26727514109486
true,6990,29318184960,29.318184960,2.65657901763916,0.1287083625793457,29614.38203519344,76.22876554152639
true,7000,29360128000,29.360128000,2.6561760902404785,0.237740159034729,29636.790793691987,76.28644670453806
true,7010,29402071040,29.402071040,2.6673238277435303,0.1315355896949768,21870.734355484525,56.29626441044681
true,7020,29444014080,29.444014080,2.653683662414551,0.16360613703727722,29607.166169705517,76.2101915757484
true,7030,29485957120,29.485957120,2.687384605407715,0.19477835297584534,26874.774516210236,69.17689125314199
true,7040,29527900160,29.527900160,2.628706216812134,0.1320810467004776,29600.038156515693,76.19184374577921
true,7050,29569843200,29.569843200,2.6515462398529053,0.12786482274532318,29555.690249468244,76.0776902171133
true,7060,29611786240,29.611786240,2.650907516479492,0.14224202930927277,28001.567672509907,72.07730805816897
true,7070,29653729280,29.653729280,2.6675164699554443,0.23970752954483032,27996.616246797337,72.06456286330751
true,7080,29695672320,29.695672320,2.669816255569458,0.12638869881629944,29619.583335189414,76.24215392415186
true,7090,29737615360,29.737615360,2.676509141921997,0.1558428406715393,29247.26321654779,75.28378501418786
true,7100,29779558400,29.779558400,2.6571056842803955,0.09162718057632446,29629.715699968892,76.26823509168182
true,7110,29821501440,29.821501440,2.680532455444336,0.21256199479103088,28065.34323175016,72.24146924670322
true,7120,29863444480,29.863444480,2.634279727935791,0.10362647473812103,29608.252398091583,76.21298757699087
true,7130,29905387520,29.905387520,2.6648483276367188,0.26544442772865295,29657.140578576455,76.3388279758722
true,7140,29947330560,29.947330560,2.679111957550049,0.16841307282447815,29648.650238149094,76.31697345366622
true,7150,29989273600,29.989273600,2.6688060760498047,0.13367968797683716,29629.560272351817,76.26783501393018
true,7160,30031216640,30.031216640,2.6341426372528076,0.13605932891368866,29656.698891950324,76.33769105441877
true,7170,30073159680,30.073159680,2.6686391830444336,0.1540544331073761,29625.421836174984,76.25718249108985
true,7180,30115102720,30.115102720,2.6713943481445312,0.19131740927696228,29602.988417751276,76.19943785230981
true,7190,30157045760,30.157045760,2.6483194828033447,0.10910699516534805,29646.249151057295,76.31079294634556
true,7200,30198988800,30.198988800,2.6867072582244873,0.25417372584342957,29224.419277841665,75.22498367753985
true,7210,30240931840,30.240931840,2.693593978881836,0.16431134939193726,29550.496441340612,76.06432111889751
true,7220,30282874880,30.282874880,2.714320182800293,0.11616947501897812,29596.115778767722,76.18174736715615
true,7230,30324817920,30.324817920,2.684807777404785,0.10110798478126526,27593.197943074647,71.02614581131259
true,7240,30366760960,30.366760960,2.6395773887634277,0.24742691218852997,27371.478538783384,70.45542998595313
true,7250,30408704000,30.408704000,2.6832261085510254,0.1180947795510292,29629.776685249835,76.26839207056719
true,7260,30450647040,30.450647040,2.6903767585754395,0.2998914420604706,27169.955476398816,69.93670046272798
true,7270,30492590080,30.492590080,2.658355951309204,0.10126765817403793,29640.27239754002,76.2954085111064
true,7280,30534533120,30.534533120,2.6384172439575195,0.19357460737228394,29633.595391275867,76.27822159346536
true,7290,30576476160,30.576476160,2.6726951599121094,0.17325134575366974,29601.43578103139,76.19544129481451
true,7300,30618419200,30.618419200,2.6959452629089355,0.14827118813991547,29652.339094256764,76.32646873697195
true,7310,30660362240,30.660362240,2.637502431869507,0.29631873965263367,28032.724370300097,72.157506814573
true,7320,30702305280,30.702305280,2.660550355911255,0.19932013750076294,29623.192548803523,76.25144420405884
true,7330,30744248320,30.744248320,2.646505832672119,0.12361401319503784,29639.023625712438,76.2921941156567
true,7340,30786191360,30.786191360,2.653045177459717,0.18023395538330078,26742.657084774397,68.83681497895525
true,7350,30828134400,30.828134400,2.6757702827453613,0.14678756892681122,29647.336476693545,76.31359177195989
true,7360,30870077440,30.870077440,2.669286012649536,0.16323523223400116,29617.501724357557,76.23679576324673
true,7370,30912020480,30.912020480,2.6481263637542725,0.2329740673303604,29599.968426640524,76.19166425791082
true,7380,30953963520,30.953963520,2.6639742851257324,0.09885738790035248,29415.13610176126,75.71589745173628
true,7390,30995906560,30.995906560,2.6534862518310547,0.22272683680057526,29616.93639335267,76.23534057554185
true,7400,31037849600,31.037849600,2.7012112140655518,0.1110328808426857,29645.5085222131,76.30888653403377
true,7410,31079792640,31.079792640,2.6788434982299805,0.1753244698047638,29621.60637845369,76.24736132947571
true,7420,31121735680,31.121735680,2.606069803237915,0.1585007905960083,29612.363467753206,76.22356965717707
true,7430,31163678720,31.163678720,2.6666502952575684,0.17183619737625122,29609.433053543507,76.21602663779326
true,7440,31205621760,31.205621760,2.700108289718628,0.1511533111333847,29589.96156971363,76.16590615329862
true,7450,31247564800,31.247564800,2.6632916927337646,0.10963573306798935,29587.34530126815,76.15917175939207
true,7460,31289507840,31.289507840,2.672217607498169,0.22234651446342468,27550.338458105045,70.91582354873437
true,7470,31331450880,31.331450880,2.6437795162200928,0.11332555115222931,29635.360596891183,76.28276531296025
true,7480,31373393920,31.373393920,2.630876302719116,0.14719082415103912,29621.012518888645,76.24583270796018
true,7490,31415336960,31.415336960,2.643566608428955,0.20331662893295288,27040.033902135325,69.60227642472009
true,7500,31457280000,31.457280000,2.665001392364502,0.15934813022613525,29656.853846364556,76.33808991412478
true,7510,31499223040,31.499223040,2.6680240631103516,0.16439682245254517,27079.12788492141,69.70290611350924
true,7520,31541166080,31.541166080,2.7020392417907715,0.13772046566009521,29650.70366007042,76.32225905503425
true,7530,31583109120,31.583109120,2.663412570953369,0.13371145725250244,29638.72549602946,76.29142671630062
true,7540,31625052160,31.625052160,2.635472059249878,0.11425994336605072,29586.74237264173,76.15761979370029
true,7550,31666995200,31.666995200,2.707230806350708,0.29168856143951416,29624.167649419676,76.25395415737003
true,7560,31708938240,31.708938240,2.6353580951690674,0.16135521233081818,29159.154959171472,75.0569903545583
true,7570,31750881280,31.750881280,2.676640033721924,0.11175011098384857,29620.065931118006,76.24339614800944
true,7580,31792824320,31.792824320,2.6415603160858154,0.18036101758480072,27832.34530808395,71.64172199978425
true,7590,31834767360,31.834767360,2.6504321098327637,0.2457904815673828,29598.81448590743,76.18869396200907
true,7600,31876710400,31.876710400,2.620253562927246,0.14192168414592743,28079.777410742183,72.27862347956412
true,7610,31918653440,31.918653440,2.684873342514038,0.27059051394462585,29640.019252408394,76.29475690403036
true,7620,31960596480,31.960596480,2.633347749710083,0.11100785434246063,29616.359762816126,76.23385630232887
true,7630,32002539520,32.002539520,2.6675941944122314,0.17553794384002686,27853.350637535503,71.69579067263321
true,7640,32044482560,32.044482560,2.636988878250122,0.14507460594177246,29652.469250176204,76.32680376422508
true,7650,32086425600,32.086425600,2.6406662464141846,0.11783569306135178,29625.07594747943,76.25629215786441
true,7660,32128368640,32.128368640,2.6757283210754395,0.2533499300479889,29645.39582047051,76.30859643462527
true,7670,32170311680,32.170311680,2.661198854446411,0.14387868344783783,29621.49936097474,76.24708586162019
true,7680,32212254720,32.212254720,2.656057834625244,0.11930794268846512,29613.72631260901,76.22707768178684
true,7690,32254197760,32.254197760,2.6511497497558594,0.18296542763710022,29595.74096850231,76.1807825884952
true,7700,32296140800,32.296140800,2.6661195755004883,0.10146769136190414,29595.657017875696,76.18056649576614
true,7710,32338083840,32.338083840,2.604929208755493,0.16618132591247559,28507.16488546399,73.37873826727899
true,7720,32380026880,32.380026880,2.6570754051208496,0.271917462348938,29639.034492893923,76.29222208827584
true,7730,32421969920,32.421969920,2.652968406677246,0.1382216215133667,29619.00181488411,76.2406570644518
true,7740,32463912960,32.463912960,2.6824698448181152,0.11991870403289795,29618.293396059446,76.23883356219447
true,7750,32505856000,32.505856000,2.647188663482666,0.14345549046993256,29602.57926937633,76.19838468579403
true,7760,32547799040,32.547799040,2.61309552192688,0.10005028545856476,29587.996139982723,76.1608470478286
true,7770,32589742080,32.589742080,2.6506009101867676,0.23771923780441284,28923.76392030111,74.45108312031982
true,7780,32631685120,32.631685120,2.6422348022460938,0.12319079041481018,29638.920128223832,76.29192770841634
true,7790,32673628160,32.673628160,2.676361322402954,0.19844146072864532,29603.239134915537,76.20008320968749
true,7800,32715571200,32.715571200,2.6460297107696533,0.12255552411079407,29634.323630874027,76.28009611529465
true,7810,32757514240,32.757514240,2.633791923522949,0.1487920880317688,29589.403029715657,76.16446844595424
true,7820,32799457280,32.799457280,2.6332881450653076,0.17269696295261383,29623.741995577293,76.25285850503076
true,7830,32841400320,32.841400320,2.6077992916107178,0.19945596158504486,29610.984158154,76.22001925156934
true,7840,32883343360,32.883343360,2.6381404399871826,0.10582207143306732,29598.779411228374,76.18860367819077
true,7850,32925286400,32.925286400,2.620307445526123,0.1990993320941925,29644.263388436142,76.30568150309176
true,7860,32967229440,32.967229440,2.6065778732299805,0.16816666722297668,28174.417848918627,72.522232269507
true,7870,33009172480,33.009172480,2.619313955307007,0.11649539321660995,29642.886848393835,76.3021382264494
true,7880,33051115520,33.051115520,2.65688419342041,0.32042235136032104,29631.912656519446,76.27389015771014
true,7890,33093058560,33.093058560,2.6239943504333496,0.16288118064403534,29643.196397186486,76.30293501911287
true,7900,33135001600,33.135001600,2.688889265060425,0.20272250473499298,29629.463545427054,76.26758603442892
true,7910,33176944640,33.176944640,2.6837379932403564,0.10629350692033768,29559.302927268924,76.086989413994
true,7920,33218887680,33.218887680,2.701767921447754,0.2610628008842468,29605.680800362443,76.20636816753878
true,7930,33260830720,33.260830720,2.655320167541504,0.15190504491329193,29597.233591556334,76.18462466808653
true,7940,33302773760,33.302773760,2.6632578372955322,0.13422337174415588,29601.68623032009,76.19608596266833
true,7950,33344716800,33.344716800,2.661015033721924,0.13672567903995514,27885.463053254698,71.77844949043063
true,7960,33386659840,33.386659840,2.636256694793701,0.10944560170173645,28996.66605962407,74.63873654085454
true,7970,33428602880,33.428602880,2.6377151012420654,0.1414337456226349,29603.503279788885,76.20076313059874
true,7980,33470545920,33.470545920,2.637385606765747,0.17747534811496735,29616.404938876487,76.23397258756181
true,7990,33512488960,33.512488960,2.614820957183838,0.1683308631181717,29574.091628930964,76.12505620432309
true,8000,33554432000,33.554432000,2.643388509750366,0.13570094108581543,27472.843680093454,70.71634846744723
true,8010,33596375040,33.596375040,2.650081157684326,0.2306927740573883,23623.686283766376,60.808442357896965
true,8020,33638318080,33.638318080,2.671813726425171,0.15919360518455505,29642.30273388037,76.3006346891396
true,8030,33680261120,33.680261120,2.6015689373016357,0.1809496432542801,29290.359082489173,75.39471573213264
true,8040,33722204160,33.722204160,2.6539523601531982,0.1589440405368805,29624.84932016087,76.25570880884462
true,8050,33764147200,33.764147200,2.667958974838257,0.12607425451278687,29609.7200475381,76.21676537338125
true,8060,33806090240,33.806090240,2.6513779163360596,0.32855552434921265,27305.057347628794,70.28445882060869
true,8070,33848033280,33.848033280,2.6368818283081055,0.09990248829126358,29632.830796030954,76.2762534905487
true,8080,33889976320,33.889976320,2.6328070163726807,0.177162304520607,27047.27188341647,69.62090731755514
true,8090,33931919360,33.931919360,2.645120143890381,0.23007695376873016,29636.271396270862,76.2851097519658
true,8100,33973862400,33.973862400,2.66947865486145,0.12646587193012238,29641.682876607956,76.29903914834351
true,8110,34015805440,34.015805440,2.6565041542053223,0.1677376925945282,29611.905235419134,76.22239014631926
true,8120,34057748480,34.057748480,2.6097311973571777,0.13830062747001648,29314.86371801896,75.45779177789517
true,8130,34099691520,34.099691520,2.6393539905548096,0.16618768870830536,27428.824766743055,70.60304178351264
true,8140,34141634560,34.141634560,2.649637460708618,0.1906346082687378,29631.73267406409,76.27342687468858
true,8150,34183577600,34.183577600,2.656181573867798,0.18524113297462463,29634.61299270711,76.28084094580655
true,8160,34225520640,34.225520640,2.659176826477051,0.12612779438495636,29624.72773775281,76.25539585019949
true,8170,34267463680,34.267463680,2.6383657455444336,0.13051331043243408,29604.733402444144,76.20392952223115
true,8180,34309406720,34.309406720,2.626441478729248,0.14051103591918945,29634.601189639456,76.28081056417388
true,8190,34351349760,34.351349760,2.6126821041107178,0.1147393062710762,27006.551180123482,69.51609037623528
true,8200,34393292800,34.393292800,2.653815269470215,0.17493173480033875,26695.559205335936,68.7155828963492
true,8210,34435235840,34.435235840,2.632362127304077,0.13497164845466614,29601.573478615905,76.1957957346564
true,8220,34477178880,34.477178880,2.670990467071533,0.15293645858764648,29602.659852077257,76.19859210932927
true,8230,34519121920,34.519121920,2.659236431121826,0.13277986645698547,29607.328314798426,76.21060894458817
true,8240,34561064960,34.561064960,2.6540966033935547,0.2222898155450821,28347.673891472343,72.96820119875174
true,8250,34603008000,34.603008000,2.651916980743408,0.11853047460317612,29613.530720055885,76.22657421766402
true,8260,34644951040,34.644951040,2.6552023887634277,0.1550058275461197,29590.781390244345,76.16801640861131
true,8270,34686894080,34.686894080,2.639238119125366,0.1834295094013214,29625.585530188775,76.2576038469224
true,8280,34728837120,34.728837120,2.6588144302368164,0.12610019743442535,29611.81918498656,76.22216864859422
true,8290,34770780160,34.770780160,2.609152317047119,0.12438947707414627,29627.15631612841,76.26164712133433
true,8300,34812723200,34.812723200,2.653923988342285,0.16822874546051025,29603.740669786308,76.20137418324316
true,8310,34854666240,34.854666240,2.639535903930664,0.16473950445652008,29623.6118123776,76.252523407557
true,8320,34896609280,34.896609280,2.638327121734619,0.14186599850654602,29617.08243676416,76.23571649792174
true,8330,34938552320,34.938552320,2.6083872318267822,0.18163327872753143,29620.46639514348,76.24442696061494
true,8340,34980495360,34.980495360,2.6401352882385254,0.16295702755451202,25662.352646179384,66.0560622465408
true,8350,35022438400,35.022438400,2.6489803791046143,0.16631251573562622,28773.43812392222,74.06413768707083
true,8360,35064381440,35.064381440,2.650547981262207,0.09613930433988571,29640.94371257852,76.29713650653152
true,8370,35106324480,35.106324480,2.6330859661102295,0.20030690729618073,29579.506079798917,76.13899324698224
true,8380,35148267520,35.148267520,2.6320784091949463,0.12593646347522736,29594.7091635874,76.1781266757414
true,8390,35190210560,35.190210560,2.642367124557495,0.13353940844535828,29620.217569237793,76.24378647142281
true,8400,35232153600,35.232153600,2.662754535675049,0.12499869614839554,29608.484174013724,76.21358417875032
true,8410,35274096640,35.274096640,2.626988410949707,0.09902346879243851,29612.25600551345,76.22329304448701
true,8420,35316039680,35.316039680,2.655808687210083,0.18450778722763062,25051.145815985943,64.48278808195325
true,8430,35357982720,35.357982720,2.6193437576293945,0.10940800607204437,29620.000453753506,76.24322760629681
true,8440,35399925760,35.399925760,2.640449285507202,0.30309000611305237,29614.349810676544,76.22868259415505
true,8450,35441868800,35.441868800,2.6527786254882812,0.11304302513599396,29652.976746160766,76.32811008195863
true,8460,35483811840,35.483811840,2.646958589553833,0.12615878880023956,28845.57201691208,74.24981360662191
true,8470,35525754880,35.525754880,2.6396942138671875,0.14754973351955414,28188.271732136134,72.55789279466576
true,8480,35567697920,35.567697920,2.611844539642334,0.10253646224737167,29622.41414558361,76.24944055878686
true,8490,35609640960,35.609640960,2.6831257343292236,0.11038383096456528,29595.06246945523,76.17903610110545
true,8500,35651584000,35.651584000,2.629885196685791,0.17642046511173248,27284.734756176167,70.23214754640425
true,8510,35693527040,35.693527040,2.60154128074646,0.11621901392936707,29625.990496505998,76.2586462486315
true,8520,35735470080,35.735470080,2.634737491607666,0.1576792448759079,29633.831926338524,76.27883044546883
true,8530,35777413120,35.777413120,2.5969643592834473,0.1104627400636673,29597.50533823642,76.18532415639388
true,8540,35819356160,35.819356160,2.6199464797973633,0.19373516738414764,29609.841317410624,76.2170775275457
true,8550,35861299200,35.861299200,2.594373941421509,0.13802464306354523,29636.893120473174,76.28671009832432
true,8560,35903242240,35.903242240,2.630114793777466,0.18400785326957703,29611.249307262322,76.22070175742705
true,8570,35945185280,35.945185280,2.5806291103363037,0.15639004111289978,29643.867326434414,76.30466202149549
true,8580,35987128320,35.987128320,2.627469062805176,0.11153163760900497,28453.249628390284,73.23995794474183
true,8590,36029071360,36.029071360,2.5794293880462646,0.20235426723957062,29605.285414290833,76.20535042581737
true,8600,36071014400,36.071014400,2.622713804244995,0.10038010030984879,29638.158209813813,76.28996649579437
true,8610,36112957440,36.112957440,2.6567022800445557,0.15549729764461517,29648.20319441553,76.31582274277473
true,8620,36154900480,36.154900480,2.6277008056640625,0.11101587861776352,29641.886419120492,76.29956307602322
true,8630,36196843520,36.196843520,2.6517879962921143,0.21730414032936096,29627.9557355261,76.26370486320324
true,8640,36238786560,36.238786560,2.632645606994629,0.11026982218027115,29618.891158440787,76.24037222973656
true,8650,36280729600,36.280729600,2.6193721294403076,0.12060346454381943,29630.392301690514,76.2699766952696
true,8660,36322672640,36.322672640,2.602689504623413,0.1509230136871338,25525.00036760048,65.702511237847
true,8670,36364615680,36.364615680,2.6369166374206543,0.24725964665412903,29628.009591835722,76.26384349179237
true,8680,36406558720,36.406558720,2.638075113296509,0.10011743009090424,29650.429198432797,76.32155257830279
true,8690,36448501760,36.448501760,2.6156980991363525,0.17180970311164856,29621.265548940304,76.24648401881515
true,8700,36490444800,36.490444800,2.598642110824585,0.18772800266742706,29636.105824274004,76.28468356211948
true,8710,36532387840,36.532387840,2.634995222091675,0.15536807477474213,29620.362223645017,76.24415881844257
true,8720,36574330880,36.574330880,2.6301145553588867,0.12110862880945206,27804.44846182374,71.56991424940168
true,8730,36616273920,36.616273920,2.629373550415039,0.14422999322414398,29645.049232918136,76.3077043025106
true,8740,36658216960,36.658216960,2.593735933303833,0.2290441393852234,28107.48322833412,72.34993951347096
true,8750,36700160000,36.700160000,2.632166862487793,0.13099046051502228,27594.907494431136,71.03054627421538
true,8760,36742103040,36.742103040,2.6019623279571533,0.13648580014705658,29629.390567896364,76.26739818694759
true,8770,36784046080,36.784046080,2.687762498855591,0.23316459357738495,29656.979029835747,76.3384121420701
true,8780,36825989120,36.825989120,2.6130645275115967,0.164728581905365,27692.158871765212,71.28087574023563
true,8790,36867932160,36.867932160,2.632544994354248,0.15403667092323303,29634.26475156437,76.27994455727512
true,8800,36909875200,36.909875200,2.6189687252044678,0.173613041639328,29628.438513877645,76.26494755662581
true,8810,36951818240,36.951818240,2.595980644226074,2.8066916465759277,29639.600309543028,76.293678526051
true,8820,36993761280,36.993761280,2.6180520057678223,0.1741936206817627,29636.91640074305,76.28677002279724
true,8830,37035704320,37.035704320,2.618077039718628,0.08233989030122757,29616.105790114798,76.23320256505079
true,8840,37077647360,37.077647360,2.6311895847320557,0.08008653670549393,29617.37762498765,76.2364763258274
true,8850,37119590400,37.119590400,2.613830089569092,0.2892031669616699,29656.160985203343,76.33630645800038
true,8860,37161533440,37.161533440,2.658773899078369,0.12314192950725555,23587.34080701514,60.71488744858053
true,8870,37203476480,37.203476480,2.5848422050476074,0.13863413035869598,29638.795645816863,76.29160728504219
true,8880,37245419520,37.245419520,2.624835968017578,0.17779114842414856,29646.463084971987,76.31134362196677
true,8890,37287362560,37.287362560,2.6539931297302246,0.13223665952682495,29632.73099113438,76.27599658820807
true,8900,37329305600,37.329305600,2.609600067138672,0.12523725628852844,29594.651973129057,76.17797946490191
true,8910,37371248640,37.371248640,2.632754325866699,0.2090635746717453,29642.105990129225,76.30012826178077
true,8920,37413191680,37.413191680,2.573565721511841,0.10335499793291092,29646.291458228665,76.31090184692782
true,8930,37455134720,37.455134720,2.6018810272216797,0.2442149817943573,29651.34441329413,76.32390838295883
true,8940,37497077760,37.497077760,2.612529993057251,0.12268885225057602,29604.27777445705,76.20275671508087
true,8950,37539020800,37.539020800,2.6266350746154785,0.12570901215076447,29611.08030530007,76.2202667386939
true,8960,37580963840,37.580963840,2.6194469928741455,0.18127402663230896,27528.232466417583,70.8589217212573
true,8970,37622906880,37.622906880,2.6231942176818848,0.11433630436658859,29613.96189748041,76.22768408795481
true,8980,37664849920,37.664849920,2.624112129211426,0.2049536257982254,29648.573278600543,76.3167753562899
true,8990,37706792960,37.706792960,2.647812843322754,0.15824542939662933,29623.767130826975,76.25292320430601
true,9000,37748736000,37.748736000,2.6332743167877197,0.1457015872001648,29434.059557190587,75.76460728621613
true,9010,37790679040,37.790679040,2.6061606407165527,0.1060212254524231,5219.387640360798,13.434941044340622
true,9020,37832622080,37.832622080,2.668013572692871,0.38694679737091064,29891.08284416904,76.94100600183668
true,9030,37874565120,37.874565120,2.634026288986206,0.09786110371351242,28096.370826449034,72.32133568588156
true,9040,37916508160,37.916508160,2.6102375984191895,0.15442059934139252,29767.549984416848,76.62302680539311
true,9050,37958451200,37.958451200,2.6544082164764404,0.13527387380599976,29759.164243321608,76.60144152662278
true,9060,38000394240,38.000394240,2.5895488262176514,0.20720987021923065,19775.171635833136,50.90219071192988
true,9070,38042337280,38.042337280,2.582610845565796,0.12157706171274185,29776.127380522983,76.64510541287358
true,9080,38084280320,38.084280320,2.6225407123565674,0.1626162827014923,27741.632492122786,71.40822308796169
true,9090,38126223360,38.126223360,2.603874921798706,0.2626478374004364,29240.737706518987,75.26698805474318
true,9100,38168166400,38.168166400,2.658236026763916,0.14880754053592682,29744.12968405247,76.56274188763705
true,9110,38210109440,38.210109440,2.6113712787628174,0.10524582117795944,22699.793700813876,58.4303008519305
true,9120,38252052480,38.252052480,2.621276378631592,0.2942265272140503,27207.297334601895,70.03282010319404
true,9130,38293995520,38.293995520,2.642838478088379,0.12602822482585907,29719.48012628451,76.49929280544573
true,9140,38335938560,38.335938560,2.5856120586395264,0.16267654299736023,29729.77577601102,76.52579427585181
true,9150,38377881600,38.377881600,2.6134531497955322,0.23082470893859863,28704.299083480826,73.88617065411671
true,9160,38419824640,38.419824640,2.6036529541015625,0.13410447537899017,29721.699529555088,76.50500565035176
true,9170,38461767680,38.461767680,2.6088919639587402,0.32405489683151245,29758.874015309728,76.60069446652727
true,9180,38503710720,38.503710720,2.617692470550537,0.13051199913024902,26223.204204956066,67.49971965349867
true,9190,38545653760,38.545653760,2.5805819034576416,0.12608283758163452,27147.13282394807,69.87795391786892
true,9200,38587596800,38.587596800,2.6071219444274902,0.1378602534532547,28086.587046951263,72.29615179271238
true,9210,38629539840,38.629539840,2.6093697547912598,0.14107824862003326,23242.144361619663,59.82633610651474
true,9220,38671482880,38.671482880,2.6281697750091553,0.14204144477844238,23106.272174950333,59.47659492167683
true,9230,38713425920,38.713425920,2.613295316696167,0.1700412631034851,29742.77023435701,76.55924260232433
true,9240,38755368960,38.755368960,2.590989351272583,0.1574929654598236,29768.65263054827,76.62586506665845
true,9250,38797312000,38.797312000,2.6170365810394287,0.0985393300652504,27698.830042130794,71.29804763600848
true,9260,38839255040,38.839255040,2.640758752822876,0.2438066154718399,28097.987008388787,72.32549581166138
true,9270,38881198080,38.881198080,2.609529972076416,0.10865847021341324,29773.02066947359,76.63710859741046
true,9280,38923141120,38.923141120,2.598193645477295,0.10096170753240585,27760.376943785675,71.45647215860976
true,9290,38965084160,38.965084160,2.5848963260650635,0.21044062077999115,29733.53830542588,76.53547919759919
true,9300,39007027200,39.007027200,2.6063623428344727,0.09440793842077255,27905.82409026348,71.83085972524427
true,9310,39048970240,39.048970240,2.6169590950012207,0.17166711390018463,19938.912828955014,51.32366798621993
true,9320,39090913280,39.090913280,2.6572279930114746,0.13917195796966553,29790.394207933197,76.68182887515559
true,9330,39132856320,39.132856320,2.6180946826934814,0.15226015448570251,29736.943899094727,76.54424535051112
true,9340,39174799360,39.174799360,2.6318001747131348,0.11216988414525986,27542.367692692213,70.89530643623412
true,9350,39216742400,39.216742400,2.637633800506592,0.24112215638160706,23073.700503629396,59.392753959084104
true,9360,39258685440,39.258685440,2.622253179550171,0.12907040119171143,26023.967577421034,66.98687551751084
true,9370,39300628480,39.300628480,2.6249616146087646,0.13932162523269653,29755.693328140824,76.59250723316981
true,9380,39342571520,39.342571520,2.6279735565185547,0.17917776107788086,29755.15810144087,76.5911295353143
true,9390,39384514560,39.384514560,2.6341865062713623,0.16624145209789276,29730.09370448517,76.52661263819637
true,9400,39426457600,39.426457600,2.615607261657715,0.14712052047252655,27990.806849598193,72.04960921083877
true,9410,39468400640,39.468400640,2.638990879058838,0.1030438095331192,23229.61361638719,59.79408139867543
true,9420,39510343680,39.510343680,2.6160247325897217,0.14782728254795074,29757.61208538586,76.59744620153961
true,9430,39552286720,39.552286720,2.6340551376342773,0.1480005830526352,28862.07238051854,74.29228629260307
true,9440,39594229760,39.594229760,2.6281557083129883,0.09707872569561005,29718.67899534243,76.49723065798376
true,9450,39636172800,39.636172800,2.6171154975891113,0.15741030871868134,28015.137520427415,72.11223746355411
true,9460,39678115840,39.678115840,2.654224395751953,0.19524362683296204,29746.146917567974,76.56793433840348
true,9470,39720058880,39.720058880,2.635730266571045,0.11474867165088654,23996.67222221629,61.76852511831371
true,9480,39762001920,39.762001920,2.632988929748535,0.2597558796405792,29724.223444610558,76.51150232243432
true,9490,39803944960,39.803944960,2.6017487049102783,0.10795493423938751,29106.29067942944,74.92091529544722
true,9500,39845888000,39.845888000,2.602355718612671,0.09553986042737961,28108.05720411433,72.35141695322048
true,9510,39887831040,39.887831040,2.6790080070495605,0.13994282484054565,29716.328383046264,76.49118007508149
true,9520,39929774080,39.929774080,2.58994197845459,0.11450532078742981,26952.485598640225,69.37692311183463
true,9530,39971717120,39.971717120,2.599992275238037,0.18260380625724792,26991.259438326964,69.47672873773331
true,9540,40013660160,40.013660160,2.637835741043091,0.2412274181842804,29735.61858017587,76.54083391936886
true,9550,40055603200,40.055603200,2.634603500366211,0.1708253175020218,29697.09577668423,76.44167447204774
true,9560,40097546240,40.097546240,2.6235015392303467,0.11896298080682755,29069.177078335775,74.82538319915668
true,9570,40139489280,40.139489280,2.6307313442230225,0.16855475306510925,29738.83913340151,76.54912376976856
true,9580,40181432320,40.181432320,2.6133735179901123,0.10834027081727982,29736.63096869342,76.54343985343324
true,9590,40223375360,40.223375360,2.6206037998199463,0.1804465502500534,29725.935494018686,76.51590921543557
true,9600,40265318400,40.265318400,2.5875487327575684,0.1544078290462494,26237.598500679,67.53677122501196
true,9610,40307261440,40.307261440,2.575265884399414,0.11529240757226944,26991.98271255008,69.47859047846154
true,9620,40349204480,40.349204480,2.6466774940490723,0.1903466135263443,29753.437352779325,76.5867002500393
true,9630,40391147520,40.391147520,2.6163809299468994,0.10422492027282715,27102.18429089388,69.76225435055898
true,9640,40433090560,40.433090560,2.613980531692505,0.16090555489063263,29733.785407957777,76.53611525074885
true,9650,40475033600,40.475033600,2.613030433654785,0.20702064037322998,29764.349712479663,76.61478915995183
true,9660,40516976640,40.516976640,2.62728214263916,0.14658759534358978,29664.656454408378,76.35817418191326
true,9670,40558919680,40.558919680,2.5882623195648193,0.19200925529003143,24619.023448192653,63.37048546423804
true,9680,40600862720,40.600862720,2.623807191848755,0.13296838104724884,29724.3290975088,76.51177427779704
true,9690,40642805760,40.642805760,2.619875431060791,0.20935730636119843,29741.703588312997,76.55649700692045
true,9700,40684748800,40.684748800,2.594825267791748,0.12889496982097626,28174.63407889457,72.52278885529427
true,9710,40726691840,40.726691840,2.607299327850342,0.1285596638917923,27939.450499092098,71.91741563012704
true,9720,40768634880,40.768634880,2.5957603454589844,0.1600019633769989,29757.578732970418,76.59736035090616
true,9730,40810577920,40.810577920,2.6101560592651367,0.1390061378479004,29721.252084137734,76.50385390550792
true,9740,40852520960,40.852520960,2.6197588443756104,0.17415526509284973,23404.867241821998,60.24519219706036
true,9750,40894464000,40.894464000,2.5993638038635254,0.1845330446958542,15432.475340451123,39.72389304138157
true,9760,40936407040,40.936407040,2.5876641273498535,0.1386985331773758,28440.811254616612,73.2079410052364
true,9770,40978350080,40.978350080,2.603055953979492,0.1281362622976303,29755.47039771784,76.59193340012729
true,9780,41020293120,41.020293120,2.63542103767395,0.30880188941955566,29340.939533350094,75.52491211188757
true,9790,41062236160,41.062236160,2.6063907146453857,0.1950431615114212,28731.19549352966,73.9554032362143
true,9800,41104179200,41.104179200,2.570777416229248,0.14777284860610962,29739.53687564088,76.55091979001001
true,9810,41146122240,41.146122240,2.602377414703369,0.1919892579317093,29727.4483917733,76.51980348302786
true,9820,41188065280,41.188065280,2.566021203994751,0.1383766531944275,29736.76067750347,76.54377372980649
true,9830,41230008320,41.230008320,2.592564821243286,0.29341834783554077,29715.298948188614,76.4885302629628
true,9840,41271951360,41.271951360,2.6298398971557617,0.12166871875524521,27589.157000075396,71.0157442403431
true,9850,41313894400,41.313894400,2.5937612056732178,0.16196753084659576,29749.30147926811,76.57605432361675
true,9860,41355837440,41.355837440,2.591413736343384,0.11401938647031784,29743.74954333484,76.56176338814979
true,9870,41397780480,41.397780480,2.6235692501068115,0.10879576206207275,27391.307110196278,70.50646963011862
true,9880,41439723520,41.439723520,2.577977180480957,0.16975145041942596,29728.66209837573,76.52292761899405
true,9890,41481666560,41.481666560,2.6203229427337646,0.10147759318351746,29344.314454412877,75.53359931211719
true,9900,41523609600,41.523609600,2.6018917560577393,0.130685955286026,29729.72091982169,76.52565307352687
true,9910,41565552640,41.565552640,2.598069429397583,0.1354248821735382,29761.44093091289,76.60730182397427
true,9920,41607495680,41.607495680,2.6077640056610107,0.14217941462993622,29765.429598289284,76.61756883511423
true,9930,41649438720,41.649438720,2.6379809379577637,0.18317481875419617,29753.005644963247,76.58558901449653
true,9940,41691381760,41.691381760,2.5705318450927734,0.11992883682250977,27290.223819437193,70.24627664475484
true,9950,41733324800,41.733324800,2.6136600971221924,0.1932249516248703,27027.73220457868,69.5706112960102
true,9960,41775267840,41.775267840,2.576786518096924,0.1151256188750267,29678.477285808134,76.39374963019068
true,9970,41817210880,41.817210880,2.6167244911193848,0.19882556796073914,29723.278041109563,76.5090688108475
true,9980,41859153920,41.859153920,2.5692903995513916,0.12278729677200317,29744.024957748567,76.56247231737025
true,9990,41901096960,41.901096960,2.5663914680480957,0.11668077111244202,29712.764490423757,76.48200645346704
true,10000,41943040000,41.943040000,2.6074976921081543,0.09195341914892197,27140.51102134384,69.86090909695791
true,10010,41984983040,41.984983040,2.6192145347595215,0.10896285623311996,23645.95257536505,60.86575680463225
true,10020,42026926080,42.026926080,2.6190669536590576,0.2296275645494461,29719.79195650696,76.5000954706132
true,10030,42068869120,42.068869120,2.6223220825195312,0.1222945973277092,29749.18304555023,76.57574946984327
true,10040,42110812160,42.110812160,2.643890142440796,0.2214503288269043,29742.203078462153,76.55778271726973
true,10050,42152755200,42.152755200,2.5987699031829834,0.09596466273069382,28123.882637416496,72.39215233791803
true,10060,42194698240,42.194698240,2.60907244682312,0.23419049382209778,29721.943979831303,76.50563487647473
true,10070,42236641280,42.236641280,2.5737156867980957,0.13081279397010803,29724.142547143463,76.51129408867665
true,10080,42278584320,42.278584320,2.5904014110565186,0.10052692890167236,29723.56319221899,76.50980280276528
true,10090,42320527360,42.320527360,2.611243486404419,0.19764630496501923,29739.47027577528,76.55074835892853
true,10100,42362470400,42.362470400,2.613835573196411,0.1431370973587036,29708.152827753995,76.47013582412241
true,10110,42404413440,42.404413440,2.5823795795440674,0.20720435678958893,28580.08968104981,73.56645000606419
true,10120,42446356480,42.446356480,2.601626396179199,0.1281431019306183,27279.39705806009,70.21840806881737
true,10130,42488299520,42.488299520,2.5841727256774902,0.11366412043571472,29738.606162367287,76.5485240917363
true,10140,42530242560,42.530242560,2.5830914974212646,0.1577579379081726,29735.415787065685,76.54031192068487
true,10150,42572185600,42.572185600,2.5822792053222656,0.12468302994966507,29738.07588846246,76.54715914260058
true,10160,42614128640,42.614128640,2.603656768798828,0.09174361079931259,29691.126980388395,76.42631051905829
true,10170,42656071680,42.656071680,2.5864086151123047,0.19088490307331085,29735.55927567126,76.5406812668782
true,10180,42698014720,42.698014720,2.5624070167541504,0.10458073765039444,29722.847582162773,76.50796078995104
true,10190,42739957760,42.739957760,2.5966813564300537,0.21149033308029175,29748.53509141047,76.57408160643344
true,10200,42781900800,42.781900800,2.5651214122772217,0.10106667876243591,29740.28403524399,76.55284301279211
true,10210,42823843840,42.823843840,2.6060943603515625,0.12076073884963989,29725.99765206684,76.51606921307705
true,10220,42865786880,42.865786880,2.6229000091552734,0.23336398601531982,27014.868923493672,69.53750062577035
true,10230,42907729920,42.907729920,2.5955662727355957,0.10658784210681915,29753.3307002943,76.58642572169474
true,10240,42949672960,42.949672960,2.5888419151306152,0.13932059705257416,27415.734957011817,70.56934801824008
true,10250,42991616000,42.991616000,2.5603723526000977,0.21233642101287842,28555.837163404853,73.50402292319775
true,10260,43033559040,43.033559040,2.5825271606445312,0.09873724728822708,29244.5886909151,75.27690066363324
true,10270,43075502080,43.075502080,2.611449718475342,0.18328680098056793,29719.841703794238,76.50022352239202
true,10280,43117445120,43.117445120,2.5754058361053467,0.11223668605089188,29714.716194978777,76.48703022971043
true,10290,43159388160,43.159388160,2.586066722869873,0.12333303689956665,29729.58220392429,76.52529601250133
true,10300,43201331200,43.201331200,2.5985474586486816,0.127464160323143,29721.559674581928,76.50464565729344
true,10310,43243274240,43.243274240,2.600362539291382,0.2109629362821579,23327.82513230197,60.0468823050475
true,10320,43285217280,43.285217280,2.5784621238708496,0.09673435240983963,29728.45298360009,76.52238934805581
true,10330,43327160320,43.327160320,2.5847387313842773,0.11200998723506927,29748.462717748607,76.57389531333791
true,10340,43369103360,43.369103360,2.589341640472412,0.16223210096359253,29696.725631273992,76.44072170093607
true,10350,43411046400,43.411046400,2.591919183731079,0.15773381292819977,27089.352089241445,69.72922368019135
true,10360,43452989440,43.452989440,2.57025146484375,0.08959010243415833,27293.583799122953,70.2549253852008
true,10370,43494932480,43.494932480,2.5996456146240234,0.1147536039352417,29731.583636472074,76.53044779085859
true,10380,43536875520,43.536875520,2.5833582878112793,0.21634714305400848,24121.34606120606,62.08944124718039
true,10390,43578818560,43.578818560,2.6113576889038086,0.13155251741409302,29750.061601488957,76.57801091276613
true,10400,43620761600,43.620761600,2.657015800476074,0.15571008622646332,29720.559614365367,76.5020714568362
true,10410,43662704640,43.662704640,2.563075065612793,0.18880324065685272,29349.206636409308,75.54619201096024
true,10420,43704647680,43.704647680,2.5714292526245117,0.15771931409835815,29254.830665045007,75.30326397061371
true,10430,43746590720,43.746590720,2.559887170791626,0.12341100722551346,29727.224496685398,76.51922716689398
true,10440,43788533760,43.788533760,2.6003217697143555,0.17401167750358582,29749.540771883323,76.57667027368585
true,10450,43830476800,43.830476800,2.5783679485321045,0.1069643571972847,29738.806524350486,76.54903983258892
true,10460,43872419840,43.872419840,2.5931010246276855,0.12447801977396011,29762.39331424542,76.60975330196476
true,10470,43914362880,43.914362880,2.6187546253204346,0.10344550013542175,28035.68475505511,72.1651269795028
true,10480,43956305920,43.956305920,2.5980868339538574,0.1544327288866043,28240.541275204898,72.69243697454485
true,10490,43998248960,43.998248960,2.6172103881835938,0.13944871723651886,28159.48249775147,72.48378799668548
true,10500,44040192000,44.040192000,2.6111106872558594,0.22740794718265533,29728.443487529847,76.52236490473933
true,10510,44082135040,44.082135040,2.61026668548584,0.09856951981782913,29741.774974986525,76.55668075946313
true,10520,44124078080,44.124078080,2.5803422927856445,0.18755312263965607,29731.44765422838,76.53009776638197
true,10530,44166021120,44.166021120,2.574223518371582,0.10026777535676956,28121.434705133448,72.38585124894566
true,10540,44207964160,44.207964160,2.5998950004577637,0.1599322110414505,29768.65821818375,76.62587944948618
true,10550,44249907200,44.249907200,2.549368381500244,0.1310027837753296,29779.718871195215,76.65435007312253
true,10560,44291850240,44.291850240,2.5807998180389404,0.10804502665996552,29744.163457682105,76.56282882249498
true,10570,44333793280,44.333793280,2.5894925594329834,0.13460856676101685,29744.59622155251,76.56394277636957
true,10580,44375736320,44.375736320,2.601694107055664,0.15273253619670868,29774.66651893943,76.64134508875102
true,10590,44417679360,44.417679360,2.6035473346710205,0.13991612195968628,29716.31483385415,76.49114519884508
true,10600,44459622400,44.459622400,2.5786895751953125,0.13290444016456604,29746.54575381747,76.56896096103961
true,10610,44501565440,44.501565440,2.6144089698791504,0.14437909424304962,27191.56528403772,69.99232508990897
true,10620,44543508480,44.543508480,2.620636463165283,0.12805889546871185,29771.204058314073,76.63243255770804
true,10630,44585451520,44.585451520,2.585419178009033,0.33439984917640686,29181.407079706536,75.11426832433168
true,10640,44627394560,44.627394560,2.6085405349731445,0.09714357554912567,29699.391553547994,76.44758390605435
true,10650,44669337600,44.669337600,2.623626470565796,0.14648780226707458,27232.795385071804,70.09845324417017
true,10660,44711280640,44.711280640,2.5835914611816406,0.10818067938089371,29722.066616989396,76.50595055009438
true,10670,44753223680,44.753223680,2.571505546569824,0.1403464823961258,25863.287570382174,66.57327787535102
true,10680,44795166720,44.795166720,2.5978357791900635,0.18568477034568787,29738.256519747734,76.54762409573983
true,10690,44837109760,44.837109760,2.556997537612915,0.13081857562065125,28218.145191631353,72.63478843736628
true,10700,44879052800,44.879052800,2.5828185081481934,0.11239949613809586,29742.953185551043,76.5597135270142
true,10710,44920995840,44.920995840,2.5849547386169434,0.20571470260620117,29162.01063281191,75.06434098831933
true,10720,44962938880,44.962938880,2.576892852783203,0.1250651776790619,29738.64056567371,76.5486126474109
true,10730,45004881920,45.004881920,2.599656343460083,0.19153961539268494,29721.24282490128,76.5038300718124
true,10740,45046824960,45.046824960,2.5927581787109375,0.12033922225236893,29774.309893877657,76.64042711963089
true,10750,45088768000,45.088768000,2.5861170291900635,0.133108451962471,29760.41949696167,76.60467260655243
true,10760,45130711040,45.130711040,2.586768865585327,0.1019357219338417,29740.709217351327,76.55393745086391
true,10770,45172654080,45.172654080,2.580904006958008,0.18533259630203247,27946.854582337346,71.93647407696821
true,10780,45214597120,45.214597120,2.6122684478759766,0.1124740019440651,22721.911877774986,58.48723404485584
true,10790,45256540160,45.256540160,2.599818706512451,0.14093729853630066,29790.42302058907,76.68190304024155
true,10800,45298483200,45.298483200,2.553495407104492,0.1766824871301651,29735.980320535404,76.54176505549796
true,10810,45340426240,45.340426240,2.602372884750366,0.11766474694013596,23248.751171833504,59.843342336331375
true,10820,45382369280,45.382369280,2.5732076168060303,0.1644088625907898,29770.98641591303,76.63187233627437
true,10830,45424312320,45.424312320,2.579911947250366,0.11797840148210526,27996.31765427953,72.06379427259354
true,10840,45466255360,45.466255360,2.572101354598999,0.19295594096183777,25854.780271710275,66.55137970185271
true,10850,45508198400,45.508198400,2.5670042037963867,0.10368483513593674,29116.708914962834,74.9477323072926
true,10860,45550141440,45.550141440,2.5700724124908447,0.1178239956498146,29748.185229114144,76.57318104497897
true,10870,45592084480,45.592084480,2.562382936477661,0.12525567412376404,29746.336438930754,76.56842217500635
true,10880,45634027520,45.634027520,2.59759521484375,0.2951884865760803,27488.605821759604,70.75692093659664
true,10890,45675970560,45.675970560,2.5617754459381104,0.11811681091785431,29712.899719677887,76.48235453971431
true,10900,45717913600,45.717913600,2.5852291584014893,0.10016067326068878,28178.54910440542,72.53286630892475
true,10910,45759856640,45.759856640,2.564603090286255,0.17925569415092468,29741.45855269676,76.55586627410565
true,10920,45801799680,45.801799680,2.572256565093994,0.10050778836011887,29737.448420763172,76.54554401221976
true,10930,45843742720,45.843742720,2.5800418853759766,0.1570959836244583,29780.29061208825,76.65582176017087
true,10940,45885685760,45.885685760,2.5260252952575684,0.12555402517318726,29748.166833010975,76.57313369257318
true,10950,45927628800,45.927628800,2.583116292953491,0.15994510054588318,29785.475273498952,76.66916731432151
true,10960,45969571840,45.969571840,2.563053846359253,0.14246506989002228,29726.074044036213,76.51626584947877
true,10970,46011514880,46.011514880,2.5695886611938477,0.14420603215694427,29779.53901502462,76.65388711516367
true,10980,46053457920,46.053457920,2.581355571746826,0.15476298332214355,26099.37110854631,67.18096763425064
true,10990,46095400960,46.095400960,2.552821397781372,0.13669806718826294,29783.331514686724,76.66364918168985
true,11000,46137344000,46.137344000,2.5613222122192383,0.13989172875881195,29175.20258335564,75.09829766868627
true,11010,46179287040,46.179287040,2.5729570388793945,0.14801736176013947,23977.29424379676,61.71864532099579
true,11020,46221230080,46.221230080,2.6059730052948,0.12726810574531555,29756.434892553647,76.59441605367776
true,11030,46263173120,46.263173120,2.5945522785186768,0.10882700234651566,29744.60378919852,76.56396225583441
true,11040,46305116160,46.305116160,2.575106143951416,0.17107820510864258,29737.311007549404,76.54519030436113
true,11050,46347059200,46.347059200,2.585242509841919,0.10082624852657318,29735.225099329276,76.53982108178324
true,11060,46389002240,46.389002240,2.569788694381714,0.20614594221115112,29207.123176550584,75.18046272658658
true,11070,46430945280,46.430945280,2.5815770626068115,0.10119573026895523,29774.226720470422,76.64021302749985
true,11080,46472888320,46.472888320,2.59267520904541,0.1070948988199234,29711.20579321062,76.47799429598663
true,11090,46514831360,46.514831360,2.5915186405181885,0.13911586999893188,26390.741562967574,67.93096842877715
true,11100,46556774400,46.556774400,2.5846335887908936,0.16737090051174164,29741.98669708631,76.55722574177226
true,11110,46598717440,46.598717440,2.5508646965026855,0.11893334239721298,29728.53702929831,76.52260568550349
true,11120,46640660480,46.640660480,2.5455288887023926,0.0878060907125473,29755.345683003965,76.59161237878462
true,11130,46682603520,46.682603520,2.572795867919922,0.16242673993110657,29721.887028447858,76.5054882810249
true,11140,46724546560,46.724546560,2.5526533126831055,0.0944916158914566,29746.28931142259,76.56830086665806
true,11150,46766489600,46.766489600,2.6137609481811523,0.18178154528141022,29733.518309246458,76.5354277265244
true,11160,46808432640,46.808432640,2.575495958328247,0.09818767756223679,27403.75407454023,70.53850868214244
true,11170,46850375680,46.850375680,2.56660795211792,0.1522659808397293,29775.11524022727,76.64250011774348
true,11180,46892318720,46.892318720,2.582247018814087,0.1560073345899582,29767.32268940925,76.62244173771138
true,11190,46934261760,46.934261760,2.5704586505889893,0.1320381909608841,29728.321949418583,76.52205206011618
true,11200,46976204800,46.976204800,2.6319587230682373,0.1440175175666809,29763.88611032092,76.61359582692123
true,11210,47018147840,47.018147840,2.587113618850708,0.10273555666208267,29085.774281455066,74.86810515444591
true,11220,47060090880,47.060090880,2.557997226715088,0.1612197309732437,29757.94851305543,76.5983121816541
true,11230,47102033920,47.102033920,2.577399730682373,0.10946943610906601,29741.428274709917,76.55578833719117
true,11240,47143976960,47.143976960,2.5958187580108643,0.09625393152236938,29774.260226116334,76.6402992725555
true,11250,47185920000,47.185920000,2.5886149406433105,0.14575602114200592,29781.233956494925,76.6582499715553
true,11260,47227863040,47.227863040,2.5812244415283203,0.13221736252307892,27457.899053737892,70.67788031986915
true,11270,47269806080,47.269806080,2.5593154430389404,0.14982187747955322,29771.824831986953,76.6340304573606
true,11280,47311749120,47.311749120,2.582596778869629,0.1404140442609787,27568.818940290348,70.96339314994785
true,11290,47353692160,47.353692160,2.5672967433929443,0.11019209027290344,29748.83125261105,76.57484393882633
true,11300,47395635200,47.395635200,2.6111202239990234,0.15351758897304535,29758.89259329701,76.60074228711105
true,11310,47437578240,47.437578240,2.590510606765747,0.11427150666713715,29088.974047101492,74.87634149667176
true,11320,47479521280,47.479521280,2.5481982231140137,0.1354667991399765,29787.771418987828,76.67507769718593
true,11330,47521464320,47.521464320,2.5667645931243896,0.11353396624326706,29739.75990924877,76.55149388865517
true,11340,47563407360,47.563407360,2.536637783050537,0.17688098549842834,25754.04523600007,66.29208314081542
true,11350,47605350400,47.605350400,2.5635509490966797,0.08164769411087036,29750.564828839706,76.5793062428422
true,11360,47647293440,47.647293440,2.5568904876708984,0.15359245240688324,29306.93295012515,75.43737762082704
true,11370,47689236480,47.689236480,2.5935275554656982,0.13263534009456635,29742.493852572334,76.55853118304708
true,11380,47731179520,47.731179520,2.581327438354492,0.22987855970859528,26796.769083875235,68.97610172441355
true,11390,47773122560,47.773122560,2.569282293319702,0.10485200583934784,29720.186305577576,76.5011105430469
true,11400,47815065600,47.815065600,2.5776848793029785,0.1422739028930664,29702.27046428369,76.45499435315487
true,11410,47857008640,47.857008640,2.5519957542419434,0.3148987591266632,26991.91282515457,69.47841058512861
true,11420,47898951680,47.898951680,2.585026741027832,0.17874304950237274,28212.708870544022,72.62079509976829
true,11430,47940894720,47.940894720,2.5671234130859375,0.09136618673801422,29758.056117303113,76.59858915987901
true,11440,47982837760,47.982837760,2.5681586265563965,0.17715515196323395,29762.37306272357,76.60970117362693
true,11450,48024780800,48.024780800,2.5265512466430664,0.14876917004585266,29716.6166611306,76.49192211597484
true,11460,48066723840,48.066723840,2.5778915882110596,0.1207297071814537,29752.95414112644,76.58545644127938
true,11470,48108666880,48.108666880,2.5682501792907715,0.12131652981042862,29775.87442435889,76.64445429220855
true,11480,48150609920,48.150609920,2.591966390609741,0.10716403275728226,29738.61214467101,76.54853949045801
true,11490,48192552960,48.192552960,2.6001853942871094,0.16047413647174835,23717.050300718165,61.048765581585215
true,11500,48234496000,48.234496000,2.572089195251465,0.14689505100250244,29772.4567882555,76.6356571415227
true,11510,48276439040,48.276439040,2.5881195068359375,0.15330441296100616,29752.332175392996,76.58385547320876
true,11520,48318382080,48.318382080,2.5744638442993164,0.14215028285980225,28249.01977348064,72.71426101451428
true,11530,48360325120,48.360325120,2.5810608863830566,0.1595778614282608,29740.05524718688,76.55225410193307
true,11540,48402268160,48.402268160,2.579986810684204,0.12351468205451965,29736.239103411444,76.5424311743844
true,11550,48444211200,48.444211200,2.5705089569091797,0.1353973001241684,29600.66835811348,76.19346591333903
true,11560,48486154240,48.486154240,2.550323963165283,0.14841599762439728,29747.506142767048,76.57143304585227
true,11570,48528097280,48.528097280,2.5482218265533447,0.08982066065073013,29265.858084323154,75.33164904910979
true,11580,48570040320,48.570040320,2.5548324584960938,0.11902467906475067,29157.327777165614,75.05228710501687
true,11590,48611983360,48.611983360,2.5816218852996826,0.10396025329828262,28256.08797024917,72.73245487429597
true,11600,48653926400,48.653926400,2.5656728744506836,0.1284121870994568,29746.276498158084,76.56826788473278
true,11610,48695869440,48.695869440,2.5775225162506104,0.1159985139966011,29760.778255068213,76.60559606622677
true,11620,48737812480,48.737812480,2.5569405555725098,0.10363520681858063,26141.5381959578,67.28950763403992
true,11630,48779755520,48.779755520,2.555935859680176,0.20850084722042084,29712.292709476093,76.48079206786197
true,11640,48821698560,48.821698560,2.5466079711914062,0.13997459411621094,29744.16019510314,76.56282042446843
true,11650,48863641600,48.863641600,2.5688767433166504,0.0969962477684021,29702.495515703053,76.45557364573848
true,11660,48905584640,48.905584640,2.548114061355591,0.22139954566955566,29744.917514828074,76.56476979986593
true,11670,48947527680,48.947527680,2.524296998977661,0.12322013825178146,29648.494242687422,76.31657191425678
true,11680,48989470720,48.989470720,2.5625205039978027,0.16083800792694092,29764.454934468504,76.61506000613419
true,11690,49031413760,49.031413760,2.585644245147705,0.094304159283638,29708.755859611843,76.47168805553659
true,11700,49073356800,49.073356800,2.544965982437134,0.1312689632177353,29746.965499021997,76.57004140427644
true,11710,49115299840,49.115299840,2.526820182800293,0.1257539987564087,27917.225774283317,71.86020817819843
true,11720,49157242880,49.157242880,2.557244062423706,0.1449575126171112,29729.793625606042,76.52584022152078
true,11730,49199185920,49.199185920,2.5795207023620605,0.15705528855323792,26314.089210996863,67.73366179041346
true,11740,49241128960,49.241128960,2.5500707626342773,0.09785609692335129,29732.731378675533,76.53340213146328
true,11750,49283072000,49.283072000,2.603996515274048,0.19638404250144958,29732.128440921904,76.53185014227766
true,11760,49325015040,49.325015040,2.5637664794921875,0.1395827680826187,26937.876579217427,69.33931883175718
true,11770,49366958080,49.366958080,2.549107074737549,0.10754609853029251,29358.182502548523,75.56929629841913
true,11780,49408901120,49.408901120,2.5567519664764404,0.20027261972427368,28011.116444800355,72.10188703210375
true,11790,49450844160,49.450844160,2.526897430419922,0.09633921086788177,27700.418398366735,71.3021361371618
true,11800,49492787200,49.492787200,2.6091415882110596,0.13831041753292084,29766.36838140686,76.61998530553319
true,11810,49534730240,49.534730240,2.5165178775787354,0.11215638369321823,29749.55926275651,76.57671787003396
true,11820,49576673280,49.576673280,2.5661427974700928,0.21892569959163666,27922.85282598007,71.87469246505513
true,11830,49618616320,49.618616320,2.5445237159729004,0.12505699694156647,27682.066184708277,71.25489670496714
true,11840,49660559360,49.660559360,2.5678207874298096,0.11874454468488693,23304.722616370676,59.98741537886774
true,11850,49702502400,49.702502400,2.543161392211914,0.13075529038906097,29772.994882244446,76.63704221991043
true,11860,49744445440,49.744445440,2.59078311920166,0.12222204357385635,29732.05905775911,76.53167154686268
true,11870,49786388480,49.786388480,2.5452232360839844,0.12538285553455353,29735.222842654577,76.53981527299999
true,11880,49828331520,49.828331520,2.5567564964294434,0.13984377682209015,29750.174881594543,76.5783025009073
true,11890,49870274560,49.870274560,2.5638582706451416,0.12746940553188324,29293.562648036306,75.40296185547565
true,11900,49912217600,49.912217600,2.5415589809417725,0.0839160904288292,27420.78232832403,70.58234018143641
true,11910,49954160640,49.954160640,2.5753977298736572,0.13596013188362122,29279.535170092342,75.36685448959989
true,11920,49996103680,49.996103680,2.572296142578125,0.14819324016571045,28398.156740251667,73.09814634631194
true,11930,50038046720,50.038046720,2.5448644161224365,0.1368841528892517,29745.65056036556,76.56665669240152
true,11940,50079989760,50.079989760,2.55757999420166,0.13730432093143463,29397.86858312137,75.67145007382645
true,11950,50121932800,50.121932800,2.5390024185180664,0.09902959316968918,29756.083388608655,76.59351126654501
true,11960,50163875840,50.163875840,2.586696147918701,0.1550232619047165,27881.977838128667,71.76947838826857
true,11970,50205818880,50.205818880,2.562269687652588,0.10450543463230133,29752.088071587674,76.58322713891762
true,11980,50247761920,50.247761920,2.600325345993042,0.13355740904808044,29757.715076415276,76.597711305131
true,11990,50289704960,50.289704960,2.565922260284424,0.1481061428785324,29760.437316664807,76.60471847527835
true,12000,50331648000,50.331648000,2.5549402236938477,0.12147856503725052,29768.71508322983,76.6260258226997
true,12010,50373591040,50.373591040,2.558603048324585,0.09283248335123062,24029.82405651273,61.85385944677789
true,12020,50415534080,50.415534080,2.5911448001861572,0.20481501519680023,29769.395128188105,76.62777628933516
true,12030,50457477120,50.457477120,2.564931631088257,0.11392012983560562,27246.102165540957,70.13270550198497
true,12040,50499420160,50.499420160,2.6106081008911133,0.2012397199869156,29752.409471384526,76.5840544366046
true,12050,50541363200,50.541363200,2.5498907566070557,0.16511696577072144,29773.145434138303,76.63742974732887
true,12060,50583306240,50.583306240,2.5571794509887695,0.10542633384466171,29565.960941211222,76.10412744453525
true,12070,50625249280,50.625249280,2.57676362991333,0.12744572758674622,29769.85462873834,76.628959064639
true,12080,50667192320,50.667192320,2.5794594287872314,0.11453821510076523,29741.858906211037,76.5568968022503
true,12090,50709135360,50.709135360,2.55486798286438,0.1694650501012802,29742.840538721262,76.55942356895376
true,12100,50751078400,50.751078400,2.5757253170013428,0.10059698671102524,29743.8824435045,76.56210547922774
true,12110,50793021440,50.793021440,2.576315402984619,0.12545086443424225,29739.050547257946,76.54966795864527
true,12120,50834964480,50.834964480,2.564335823059082,0.10186714679002762,29741.124387044885,76.55500611652755
true,12130,50876907520,50.876907520,2.5502851009368896,0.15805289149284363,27342.29516341493,70.3803106511641
true,12140,50918850560,50.918850560,2.5789027214050293,0.11508867144584656,29754.473275435736,76.5893667620469
true,12150,50960793600,50.960793600,2.565070629119873,0.27447372674942017,29763.593106228524,76.61284162106828
true,12160,51002736640,51.002736640,2.4957187175750732,0.10286389291286469,29741.71236502513,76.55651959857644
true,12170,51044679680,51.044679680,2.5627617835998535,0.11620138585567474,29753.734114823324,76.58746412903047
true,12180,51086622720,51.086622720,2.5452544689178467,0.17478393018245697,29748.534052611765,76.57407893251835
true,12190,51128565760,51.128565760,2.56074595451355,0.0971013754606247,29687.20243547703,76.41620856205813
true,12200,51170508800,51.170508800,2.549551010131836,0.15216699242591858,29752.696136521794,76.58479232569888
true,12210,51212451840,51.212451840,2.56592059135437,0.13648077845573425,29728.01758101369,76.52126860200629
true,12220,51254394880,51.254394880,2.545095443725586,0.10388738662004471,29765.87791907488,76.6187228331957
true,12230,51296337920,51.296337920,2.5577847957611084,0.1855161339044571,28088.205048764783,72.30031660293001
true,12240,51338280960,51.338280960,2.5741872787475586,0.09756460040807724,29671.82986998633,76.37663887969335
true,12250,51380224000,51.380224000,2.6000967025756836,0.1346125602722168,29718.670996576224,76.49721006879594
true,12260,51422167040,51.422167040,2.550833225250244,0.11308585852384567,29760.637259274998,76.60523313664578
true,12270,51464110080,51.464110080,2.5388054847717285,0.1400398164987564,27494.841656325316,70.77297225823152
true,12280,51506053120,51.506053120,2.561781883239746,0.1597791165113449,29767.232645764052,76.62220996127553
true,12290,51547996160,51.547996160,2.548719882965088,0.12062177062034607,29745.992633739417,76.56753720481548
true,12300,51589939200,51.589939200,2.559796094894409,0.1299917995929718,29763.912843593276,76.6136646395795
true,12310,51631882240,51.631882240,2.570084571838379,0.14724941551685333,29758.538591109264,76.59983106938789
true,12320,51673825280,51.673825280,2.57560396194458,0.21359814703464508,29740.147293411603,76.55249103309966
true,12330,51715768320,51.715768320,2.535797119140625,0.12871001660823822,29488.490011025835,75.90471374863682
true,12340,51757711360,51.757711360,2.5452733039855957,0.15279345214366913,29788.05873065252,76.67581725047117
true,12350,51799654400,51.799654400,2.5451300144195557,0.11796000599861145,29759.147499921633,76.60139842835014
true,12360,51841597440,51.841597440,2.551757335662842,0.12174340337514877,29733.796590989823,76.5361440363817
true,12370,51883540480,51.883540480,2.538918972015381,0.0870598778128624,29729.551352247774,76.52521659888356
true,12380,51925483520,51.925483520,2.5675227642059326,0.17646807432174683,29755.88357890272,76.59299694727918
true,12390,51967426560,51.967426560,2.575740337371826,0.19927920401096344,14578.516992266254,37.525765434712156
true,12400,52009369600,52.009369600,2.577566146850586,0.09378283470869064,29816.91763423978,76.75010138014589
true,12410,52051312640,52.051312640,2.5798227787017822,0.14365515112876892,29790.119664432714,76.6811221877054
true,12420,52093255680,52.093255680,2.599026679992676,0.11142874509096146,29769.255130023,76.62741592769426
true,12430,52135198720,52.135198720,2.5654196739196777,0.14446988701820374,29737.46664024262,76.54559090998806
true,12440,52177141760,52.177141760,2.5549747943878174,0.17564651370048523,29754.429370617316,76.58925374904851
true,12450,52219084800,52.219084800,2.536982297897339,0.09083542227745056,29755.860281219644,76.59293697798388
true,12460,52261027840,52.261027840,2.5925543308258057,0.17746217548847198,29771.96671350323,76.63439566683302
true,12470,52302970880,52.302970880,2.56390118598938,0.11075848340988159,26752.49044067539,68.8621264840399
true,12480,52344913920,52.344913920,2.5624659061431885,0.08125291764736176,28421.864813133503,73.15917200360924
true,12490,52386856960,52.386856960,2.597501516342163,0.12741883099079132,29762.677955019877,76.61048598025714
true,12500,52428800000,52.428800000,2.569894790649414,0.09199393540620804,29744.62949080888,76.56402841294779
true,12510,52470743040,52.470743040,2.545093536376953,0.127261683344841,22524.84618023192,57.97997798135144
true,12520,52512686080,52.512686080,2.537080764770508,0.10926104336977005,29745.12053186169,76.565292374939
true,12530,52554629120,52.554629120,2.5554065704345703,0.2638308107852936,29755.33855403596,76.5915940284969
true,12540,52596572160,52.596572160,2.533130407333374,0.09222365915775299,29741.986987469943,76.55722648923293
true,12550,52638515200,52.638515200,2.5585200786590576,0.16078005731105804,29728.892401701694,76.52352043022398
true,12560,52680458240,52.680458240,2.5886361598968506,0.14159582555294037,28258.3836714529,72.7383641135502
true,12570,52722401280,52.722401280,2.571025848388672,0.11810721457004547,29743.163210901042,76.56025414181224
true,12580,52764344320,52.764344320,2.600001573562622,0.15667936205863953,28081.87216114669,72.28401546232652
true,12590,52806287360,52.806287360,2.50236177444458,0.1056690663099289,29725.816426294412,76.51560272970082
true,12600,52848230400,52.848230400,2.5644400119781494,0.1340172290802002,29345.523493484397,75.53671143364664
true,12610,52890173440,52.890173440,2.561640739440918,0.1662921905517578,29740.62606061619,76.55372340164762
true,12620,52932116480,52.932116480,2.561044692993164,0.11508894711732864,27519.877306145943,70.83741515891703
true,12630,52974059520,52.974059520,2.5394444465637207,0.11267094314098358,29738.279891670285,76.5476842561309
true,12640,53016002560,53.016002560,2.523200511932373,0.12200839072465897,22619.983992969555,58.224867036024
true,12650,53057945600,53.057945600,2.558180093765259,0.0963246300816536,27345.312317682336,70.38807694339938
true,12660,53099888640,53.099888640,2.538278579711914,0.14260151982307434,29761.258745325325,76.60683286999026
true,12670,53141831680,53.141831680,2.516813039779663,0.07646854221820831,27875.017144021418,71.75156124522378
true,12680,53183774720,53.183774720,2.5733790397644043,0.22778105735778809,27742.13310761868,71.40951169500462
true,12690,53225717760,53.225717760,2.5606350898742676,0.10133475810289383,28370.1238830958,73.02598849770128
true,12700,53267660800,53.267660800,2.5341601371765137,0.1506318300962448,29008.143366555363,74.66827965062039
true,12710,53309603840,53.309603840,2.513094425201416,0.0919378250837326,29324.70409746353,75.48312136190027
true,12720,53351546880,53.351546880,2.530996561050415,0.1147615984082222,29658.610428117434,76.34261143540576
true,12730,53393489920,53.393489920,2.5378577709198,0.2285570204257965,29761.01680470181,76.60621010382741
true,12740,53435432960,53.435432960,2.5450279712677,0.10986785590648651,28172.920100530388,72.51837699707242
true,12750,53477376000,53.477376000,2.5210397243499756,0.20780685544013977,29772.542806155365,76.63587855550709
true,12760,53519319040,53.519319040,2.5545997619628906,0.16176439821720123,29715.995947641644,76.49032437123846
true,12770,53561262080,53.561262080,2.539614677429199,0.24325266480445862,29790.85682263112,76.68301966641715
true,12780,53603205120,53.603205120,2.51946759223938,0.13510391116142273,29697.552173181906,76.4428492573792
true,12790,53645148160,53.645148160,2.5652501583099365,0.15746614336967468,27691.03024399197,71.2779706010432
true,12800,53687091200,53.687091200,2.5213329792022705,0.10088973492383957,26022.683188418738,66.98356944183436
true,12810,53729034240,53.729034240,2.5462677478790283,0.11722631752490997,29777.000565704853,76.64735303122413
true,12820,53770977280,53.770977280,2.533696174621582,0.12739868462085724,29765.19089607195,76.61695440475611
true,12830,53812920320,53.812920320,2.5317742824554443,0.11915967613458633,29732.90819245798,76.53385725817674
true,12840,53854863360,53.854863360,2.5417568683624268,0.0952196717262268,29724.485391649043,76.51217658601871
true,12850,53896806400,53.896806400,2.5431270599365234,0.14483542740345,29744.996255943144,76.56497248307545
true,12860,53938749440,53.938749440,2.544034481048584,0.09386095404624939,29240.147216268262,75.26546810599586
true,12870,53980692480,53.980692480,2.523264169692993,0.11221970617771149,27248.159398365282,70.13800091279056
true,12880,54022635520,54.022635520,2.574007987976074,0.11193583905696869,29534.954272484247,76.02431486975982
true,12890,54064578560,54.064578560,2.5486085414886475,0.30394941568374634,27957.450275781957,71.96374787354378
true,12900,54106521600,54.106521600,2.545635223388672,0.11212141066789627,29731.98308349819,76.5314759856615
true,12910,54148464640,54.148464640,2.5797946453094482,0.10123679786920547,26970.91255536946,69.42435493609108
true,12920,54190407680,54.190407680,2.55010986328125,0.14757932722568512,29775.234167765113,76.64280624263198
true,12930,54232350720,54.232350720,2.538815975189209,0.07151380181312561,29560.414610676184,76.08985093761815
true,12940,54274293760,54.274293760,2.559455394744873,0.1556687355041504,28209.794764563572,72.6132940585079
true,12950,54316236800,54.316236800,2.567622661590576,0.13002125918865204,27775.71861087149,71.49596230707583
true,12960,54358179840,54.358179840,2.5299148559570312,0.10714979469776154,27344.103712127846,70.38496593776246
true,12970,54400122880,54.400122880,2.5506598949432373,0.18367953598499298,29755.291523818858,76.59147297058023
true,12980,54442065920,54.442065920,2.525212526321411,0.11763028055429459,25012.33565315542,64.38288895863133
true,12990,54484008960,54.484008960,2.5310511589050293,0.13960450887680054,29792.714762461837,76.68780208799791
true,13000,54525952000,54.525952000,2.5365817546844482,0.13481120765209198,29297.928269637974,75.4141991639267
true,13010,54567895040,54.567895040,2.6125917434692383,0.12968583405017853,23841.96283567994,61.37029612473425
true,13020,54609838080,54.609838080,2.575552463531494,0.13162553310394287,29760.554790300474,76.60502085775656
true,13030,54651781120,54.651781120,2.579540967941284,0.10476886481046677,29739.629149921457,76.55115730820273
true,13040,54693724160,54.693724160,2.542285203933716,0.1580655425786972,29728.907922929582,76.52356038257012
true,13050,54735667200,54.735667200,2.5197741985321045,0.08840122818946838,29747.66163822797,76.57183329823707
true,13060,54777610240,54.777610240,2.5377228260040283,0.12541382014751434,29739.807856927844,76.55161730816069
true,13070,54819553280,54.819553280,2.525463342666626,0.09479903429746628,29744.49137503593,76.56367289666989
true,13080,54861496320,54.861496320,2.5476198196411133,0.11643160134553909,29780.45351334324,76.65624107540623
true,13090,54903439360,54.903439360,2.518223285675049,0.10361304134130478,29771.234763484983,76.63251159421374
true,13100,54945382400,54.945382400,2.5442440509796143,0.23629902303218842,27687.595382006442,71.2691291101537
true,13110,54987325440,54.987325440,2.592879056930542,0.09847332537174225,29759.121019361868,76.60133026618557
true,13120,55029268480,55.029268480,2.5632965564727783,0.09039688110351562,29728.690227822437,76.52300002546856
true,13130,55071211520,55.071211520,2.5668704509735107,0.1267736405134201,29749.492275898174,76.57654544281559
true,13140,55113154560,55.113154560,2.549781084060669,0.08320081979036331,29594.07352601655,76.1764905157398
true,13150,55155097600,55.155097600,2.5539023876190186,0.14187847077846527,29762.60591534784,76.61030054686661
true,13160,55197040640,55.197040640,2.5926079750061035,0.14823612570762634,29761.029341171383,76.60624237326998
true,13170,55238983680,55.238983680,2.5452497005462646,0.08435948938131332,29763.34299655511,76.61219782739968
true,13180,55280926720,55.280926720,2.517233371734619,0.16875828802585602,29734.646424266793,76.53833154586755
true,13190,55322869760,55.322869760,2.5661044120788574,0.12058916687965393,29710.04733783366,76.47501237918635
true,13200,55364812800,55.364812800,2.531557559967041,0.06892062723636627,29746.31254508061,76.56836067114993
true,13210,55406755840,55.406755840,2.5485310554504395,0.07154804468154907,26943.541739237324,69.35390121116995
true,13220,55448698880,55.448698880,2.5257515907287598,0.16639123857021332,29772.583095056343,76.63598226096961
true,13230,55490641920,55.490641920,2.5622377395629883,0.1035606861114502,29733.70358148708,76.53590462569369
true,13240,55532584960,55.532584960,2.5659267902374268,0.15271493792533875,26822.873551142184,69.04329580979119
true,13250,55574528000,55.574528000,2.5760278701782227,0.12570622563362122,27783.511505765928,71.51602157277625
true,13260,55616471040,55.616471040,2.5506038665771484,0.10781511664390564,29761.274261348273,76.60687280893863
true,13270,55658414080,55.658414080,2.562107801437378,0.17775724828243256,29780.128244461255,76.65540381851821
true,13280,55700357120,55.700357120,2.5493948459625244,0.10771659761667252,29751.389856008103,76.58142990027696
true,13290,55742300160,55.742300160,2.532886028289795,0.18080319464206696,23315.750913083368,60.01580271592023
true,13300,55784243200,55.784243200,2.5493862628936768,0.0866248682141304,27377.863734394,70.47186576970712
true,13310,55826186240,55.826186240,2.543835163116455,0.130883127450943,29697.471650182655,76.4426419875188
true,13320,55868129280,55.868129280,2.541515350341797,0.1486315280199051,29723.94062619446,76.5107743349752
true,13330,55910072320,55.910072320,2.528414249420166,0.09218856692314148,29734.591978550172,76.53819140011801
true,13340,55952015360,55.952015360,2.545600175857544,0.224812313914299,29731.85817742119,76.53115447174144
true,13350,55993958400,55.993958400,2.566805601119995,0.09713470190763474,29783.602237025687,76.66434603329658
true,13360,56035901440,56.035901440,2.5482614040374756,0.1365298479795456,27871.570589390114,71.74268965693254
true,13370,56077844480,56.077844480,2.5586869716644287,0.1551728993654251,27422.042777690232,70.58558463540135
true,13380,56119787520,56.119787520,2.5495760440826416,0.09611891210079193,29750.545860011935,76.57925741621725
true,13390,56161730560,56.161730560,2.523855209350586,0.10563874244689941,29747.675317882185,76.57186851028885
true,13400,56203673600,56.203673600,2.553758382797241,0.15967664122581482,29762.047164039683,76.60886229560022
true,13410,56245616640,56.245616640,2.562157392501831,0.10745351761579514,29744.772863408994,76.56439746053779
true,13420,56287559680,56.287559680,2.550419807434082,0.26371175050735474,29720.23745377107,76.50124220082202
true,13430,56329502720,56.329502720,2.553065061569214,0.0832563266158104,29763.375497041983,76.61228148513025
true,13440,56371445760,56.371445760,2.533263921737671,0.18338914215564728,28916.40247501488,74.43213442552337
true,13450,56413388800,56.413388800,2.5145933628082275,0.10451439768075943,29489.93291689957,75.90842785394608
true,13460,56455331840,56.455331840,2.6010854244232178,0.12147380411624908,29686.95375453777,76.41556844601617
true,13470,56497274880,56.497274880,2.5689961910247803,0.12801536917686462,29762.809187757386,76.61082377928895
true,13480,56539217920,56.539217920,2.537747621536255,0.11569496989250183,29744.420668081955,76.56349089375621
true,13490,56581160960,56.581160960,2.5617547035217285,0.134064719080925,29773.003489739687,76.63706437599446
true,13500,56623104000,56.623104000,2.5624985694885254,0.14620904624462128,28113.018693189653,72.3641880516351
true,13510,56665047040,56.665047040,2.5507211685180664,0.12084102630615234,29759.22859055777,76.60160715933368
true,13520,56706990080,56.706990080,2.548210620880127,0.11479460448026657,29751.164450468492,76.58084969617174
true,13530,56748933120,56.748933120,2.5477352142333984,0.09864520281553268,23500.023516059995,60.490128772474065
true,13540,56790876160,56.790876160,2.558743715286255,0.22109641134738922,29197.94258549082,75.15683146787602
true,13550,56832819200,56.832819200,2.5075182914733887,0.08666513860225677,29361.96858547901,75.57904184798643
true,13560,56874762240,56.874762240,2.5481812953948975,0.15067222714424133,25432.578204199493,65.46461238801243
true,13570,56916705280,56.916705280,2.5162904262542725,0.1249135360121727,28527.49435519736,73.43106724649074
true,13580,56958648320,56.958648320,2.5296573638916016,0.1311221867799759,29194.15672191229,75.14708648293062
true,13590,57000591360,57.000591360,2.5579168796539307,0.23458777368068695,29720.047889517453,76.50075425381618
true,13600,57042534400,57.042534400,2.5433297157287598,0.10285911709070206,29676.42514666103,76.38846733074182
true,13610,57084477440,57.084477440,2.5400502681732178,0.2186422199010849,29717.113362535863,76.49320064797057
true,13620,57126420480,57.126420480,2.564761161804199,0.11261864006519318,26851.71421567952,69.11753299132229
true,13630,57168363520,57.168363520,2.582840919494629,0.20373082160949707,29776.631228001203,76.64640233918594
true,13640,57210306560,57.210306560,2.542513132095337,0.17268532514572144,22700.7934737507,58.432874312916624
true,13650,57252249600,57.252249600,2.555156707763672,0.11296409368515015,29777.265636275457,76.64803533492221
true,13660,57294192640,57.294192640,2.542956829071045,0.09842326492071152,29796.16637974456,76.69668670778404
true,13670,57336135680,57.336135680,2.557825803756714,0.1498381346464157,29767.7202652855,76.6234651160895
true,13680,57378078720,57.378078720,2.5389742851257324,0.1725727766752243,29187.336501917525,75.1295309266369
true,13690,57420021760,57.420021760,2.526458740234375,0.12052756547927856,29776.14125268486,76.64514112044884
true,13700,57461964800,57.461964800,2.570660352706909,0.13986173272132874,29765.79575471094,76.61851133838796
true,13710,57503907840,57.503907840,2.512882947921753,0.0911569595336914,29784.635035761097,76.66700450418952
true,13720,57545850880,57.545850880,2.5150721073150635,0.1700742095708847,29765.585170387323,76.61796928476643
true,13730,57587793920,57.587793920,2.553269863128662,0.12081170827150345,29734.345900420132,76.53755798382531
true,13740,57629736960,57.629736960,2.577468156814575,0.11167816817760468,29733.008661995707,76.5341158713339
true,13750,57671680000,57.671680000,2.522735118865967,0.08379814028739929,29743.175605359484,76.56028604571169
true,13760,57713623040,57.713623040,2.5527725219726562,0.11493585258722305,29743.585385121794,76.56134083744725
true,13770,57755566080,57.755566080,2.517186164855957,0.10181976854801178,29754.32894623953,76.58899525213508
true,13780,57797509120,57.797509120,2.5517497062683105,0.20032651722431183,29760.430460897132,76.60470082822071
true,13790,57839452160,57.839452160,2.554884195327759,0.11171635240316391,28427.757375896756,73.17433972802047
true,13800,57881395200,57.881395200,2.5754456520080566,0.07969209551811218,29757.869064076163,76.59810767636995
true,13810,57923338240,57.923338240,2.549147605895996,0.1016768291592598,28259.726670938802,72.74182105527574
true,13820,57965281280,57.965281280,2.5518441200256348,0.11113465577363968,29733.662969320863,76.53580008813174
true,13830,58007224320,58.007224320,2.55226469039917,0.1480778306722641,29752.824657084253,76.58512314346883
true,13840,58049167360,58.049167360,2.513289451599121,0.12023123353719711,29728.427362686463,76.52232339865948
true,13850,58091110400,58.091110400,2.528677225112915,0.1964385211467743,29739.69071167423,76.55131577095278
true,13860,58133053440,58.133053440,2.530564069747925,0.1117522194981575,26684.789418823177,68.68786097630245
true,13870,58174996480,58.174996480,2.5198440551757812,0.1247483417391777,27877.19765406328,71.75717397719113
true,13880,58216939520,58.216939520,2.499720573425293,0.10935046523809433,29722.4053987829,76.50682258983089
true,13890,58258882560,58.258882560,2.554738998413086,0.18599896132946014,28024.709172263018,72.13687533047816
true,13900,58300825600,58.300825600,2.563628673553467,0.09921291470527649,29720.837735188117,76.50278735247653
true,13910,58342768640,58.342768640,2.5552761554718018,0.10988350212574005,23236.63382834829,59.81215174338155
true,13920,58384711680,58.384711680,2.5359067916870117,0.1828242987394333,28040.97022036359,72.17873200746858
true,13930,58426654720,58.426654720,2.503994941711426,0.09973501414060593,29759.682355398232,76.60277517065985
true,13940,58468597760,58.468597760,2.556608200073242,0.16277757287025452,29733.240758872314,76.53471329924473
true,13950,58510540800,58.510540800,2.542290210723877,0.11981544643640518,28993.404056556134,74.63033999667658
true,13960,58552483840,58.552483840,2.551377296447754,0.10386399179697037,27730.529538079965,71.37964357954775
true,13970,58594426880,58.594426880,2.5213279724121094,0.1426316648721695,29726.169720712838,76.51651212559358
true,13980,58636369920,58.636369920,2.580028533935547,0.12650063633918762,29743.940696217465,76.56225542435891
true,13990,58678312960,58.678312960,2.5635781288146973,0.14042197167873383,29366.613029489137,75.5909968579913
true,14000,58720256000,58.720256000,2.5666251182556152,0.09138965606689453,29713.5090657765,76.48392302427122
true,14010,58762199040,58.762199040,2.534558057785034,0.14370357990264893,23568.705719036756,60.666919885027724
true,14020,58804142080,58.804142080,2.559427499771118,0.09900659322738647,29772.73543278031,76.63637438519594
true,14030,58846085120,58.846085120,2.518552780151367,0.2403058260679245,23242.686687665788,59.827732078410016
true,14040,58888028160,58.888028160,2.530397891998291,0.10799892246723175,29767.883001343194,76.6238840060995
true,14050,58929971200,58.929971200,2.5454952716827393,0.09217967092990875,29740.306357046247,76.55290047012579
true,14060,58971914240,58.971914240,2.5642590522766113,0.09722408652305603,29778.244120774438,76.65055399850162
true,14070,59013857280,59.013857280,2.546712875366211,0.1373497098684311,29746.679204598157,76.56930446941537
true,14080,59055800320,59.055800320,2.5701777935028076,0.1559155285358429,28019.373017824626,72.12313982638781
true,14090,59097743360,59.097743360,2.548769474029541,0.14511018991470337,29767.226913854975,76.622195207081
true,14100,59139686400,59.139686400,2.5482921600341797,0.09234143048524857,29736.916923961544,76.54417591529209
true,14110,59181629440,59.181629440,2.5348634719848633,0.14201508462429047,29771.73725886556,76.6338050401653
true,14120,59223572480,59.223572480,2.545835018157959,0.2525026798248291,29779.955101916006,76.65495814173619
true,14130,59265515520,59.265515520,2.5530004501342773,0.14257967472076416,29762.724425753124,76.61060559803695
true,14140,59307458560,59.307458560,2.553326368331909,0.12129101157188416,29752.446339522605,76.58414933686794
true,14150,59349401600,59.349401600,2.5232672691345215,0.16047783195972443,29733.883876973552,76.53636871447158
true,14160,59391344640,59.391344640,2.558263063430786,0.11386706680059433,29751.90645082142,76.58275963880934
true,14170,59433287680,59.433287680,2.516237258911133,0.12326717376708984,29724.515164300272,76.51225322217635
true,14180,59475230720,59.475230720,2.559821128845215,0.14111754298210144,29769.336571708554,76.62762556229498
true,14190,59517173760,59.517173760,2.5487124919891357,0.09873612225055695,29747.974217317525,76.57263789102251
true,14200,59559116800,59.559116800,2.51623797416687,0.13630922138690948,29708.060216912065,76.46989743960548
true,14210,59601059840,59.601059840,2.517777919769287,0.1064528077840805,29763.232478813603,76.61191334970921
true,14220,59643002880,59.643002880,2.533139228820801,0.11308930069208145,29742.02245957035,76.55731779603182
true,14230,59684945920,59.684945920,2.518458843231201,0.13242490589618683,29708.21180099352,76.4702876239217
true,14240,59726888960,59.726888960,2.5347490310668945,0.11471138894557953,27287.985260774625,70.24051449299908
true,14250,59768832000,59.768832000,2.5292515754699707,0.11510443687438965,27497.241896008956,70.77915058428508
true,14260,59810775040,59.810775040,2.5313992500305176,0.17183737456798553,29753.855451934072,76.58777645626917
true,14270,59852718080,59.852718080,2.5293521881103516,0.08388485759496689,27366.871147043537,70.44357035017626
true,14280,59894661120,59.894661120,2.527400016784668,0.0971020832657814,29716.35088098188,76.49123798579045
true,14290,59936604160,59.936604160,2.546262502670288,0.08516394346952438,29754.09127879337,76.588383485325
true,14300,59978547200,59.978547200,2.5588035583496094,0.11428859829902649,27349.31691818408,70.39838496712825
true,14310,60020490240,60.020490240,2.5778887271881104,0.10823671519756317,26572.73406384246,68.39942539887436
true,14320,60062433280,60.062433280,2.530107259750366,0.14023226499557495,29754.275661368378,76.58885809445455
true,14330,60104376320,60.104376320,2.552130699157715,0.1000911071896553,29767.736219969203,76.6235061841706
true,14340,60146319360,60.146319360,2.560776472091675,0.09016149491071701,29718.213832762212,76.49603330835735
true,14350,60188262400,60.188262400,2.55509352684021,0.20490910112857819,29285.227216212363,75.38150607505654
true,14360,60230205440,60.230205440,2.5580360889434814,0.07592596858739853,29716.161157992512,76.49074963019156
true,14370,60272148480,60.272148480,2.5493712425231934,0.1396820992231369,26868.05238901015,69.15958819216078
true,14380,60314091520,60.314091520,2.546936273574829,0.07863504439592361,29754.619371202567,76.58974281919181
true,14390,60356034560,60.356034560,2.5395710468292236,0.10567256808280945,29735.78124815399,76.54125263413896
true,14400,60397977600,60.397977600,2.592916250228882,0.10133390128612518,29757.506608501837,76.59717469924547
true,14410,60439920640,60.439920640,2.5495412349700928,0.1068340465426445,29743.102475815398,76.56009780694096
true,14420,60481863680,60.481863680,2.5524961948394775,0.13010288774967194,29717.31719620703,76.49372532510583
true,14430,60523806720,60.523806720,2.532443046569824,0.11674930155277252,26810.711087383348,69.01198907520602
true,14440,60565749760,60.565749760,2.530996084213257,0.18995416164398193,29765.240580164373,76.6170822938685
true,14450,60607692800,60.607692800,2.5693674087524414,0.10585726052522659,29746.34604703067,76.5684469066923
true,14460,60649635840,60.649635840,2.54402232170105,0.12184252589941025,29767.111552098886,76.62189826067683
true,14470,60691578880,60.691578880,2.557622194290161,0.1801341474056244,29772.84739541959,76.63666258211894
true,14480,60733521920,60.733521920,2.5408775806427,0.11547955125570297,28024.2546519697,72.135705374582
true,14490,60775464960,60.775464960,2.535090446472168,0.08890514075756073,29737.811590549543,76.54647882775852
true,14500,60817408000,60.817408000,2.549105167388916,0.13711979985237122,29763.74095333004,76.6132221862283
true,14510,60859351040,60.859351040,2.5211551189422607,0.10022761672735214,28402.725464157076,73.10990644932525
true,14520,60901294080,60.901294080,2.529869318008423,0.22716014087200165,29750.129018549735,76.57818444734515
true,14530,60943237120,60.943237120,2.5323092937469482,0.08949003368616104,29752.58720362209,76.58451192746328
true,14540,60985180160,60.985180160,2.5021257400512695,0.20007264614105225,29747.149175855433,76.5705141967951
true,14550,61027123200,61.027123200,2.534856081008911,0.11083558201789856,29749.835819888624,76.5774297406635
true,14560,61069066240,61.069066240,2.5679869651794434,0.11263929307460785,29763.76572621291,76.61328595275491
true,14570,61111009280,61.111009280,2.54392409324646,0.13219183683395386,29775.619702309614,76.6437986260748
true,14580,61152952320,61.152952320,2.5372157096862793,0.1054486557841301,29766.31415312846,76.61984571947954
true,14590,61194895360,61.194895360,2.5557146072387695,0.10968225449323654,29756.202963165,76.59381905688855
true,14600,61236838400,61.236838400,2.527015209197998,0.13984668254852295,26853.438137239486,69.12197044378208
true,14610,61278781440,61.278781440,2.5363945960998535,0.10643406212329865,13217.611956725876,34.02273401048029
true,14620,61320724480,61.320724480,2.551555633544922,0.1064106822013855,29891.768302295095,76.94277040221208
true,14630,61362667520,61.362667520,2.5193488597869873,0.1497686505317688,29806.298571788368,76.72276743068451
true,14640,61404610560,61.404610560,2.571638822555542,0.10083361715078354,29763.897673541145,76.6136255911757
true,14650,61446553600,61.446553600,2.5147178173065186,0.1409122198820114,29788.66291629541,76.67737245178049
true,14660,61488496640,61.488496640,2.5277099609375,0.16309291124343872,25090.09589849955,64.58304736489977
true,14670,61530439680,61.530439680,2.5431833267211914,0.17469742894172668,29784.81088523085,76.66745714871828
true,14680,61572382720,61.572382720,2.5217907428741455,0.11046706885099411,29730.084649501972,76.52658933025799
true,14690,61614325760,61.614325760,2.5306034088134766,0.14827153086662292,26052.688458303335,67.06080437046887
true,14700,61656268800,61.656268800,2.5496530532836914,0.08946456760168076,28170.776816727484,72.51286008713636
true,14710,61698211840,61.698211840,2.5027568340301514,0.09649698436260223,29784.576904672173,76.66685487212416
true,14720,61740154880,61.740154880,2.5324692726135254,0.19211509823799133,29720.608955006042,76.5021984618882
true,14730,61782097920,61.782097920,2.537752866744995,0.09910397976636887,29735.122262659253,76.53955637551995
true,14740,61824040960,61.824040960,2.5940513610839844,0.11313369870185852,29756.35921141814,76.59422124699473
true,14750,61865984000,61.865984000,2.5500476360321045,0.15027929842472076,29759.44423996043,76.60216225069892
true,14760,61907927040,61.907927040,2.5416224002838135,0.11393773555755615,29743.153237763316,76.56022847050238
true,14770,61949870080,61.949870080,2.5164248943328857,0.10983268916606903,28729.230218228713,73.95034452825402
true,14780,61991813120,61.991813120,2.5450713634490967,0.1341966986656189,26221.10272118328,67.49431033874023
true,14790,62033756160,62.033756160,2.5378992557525635,0.0925692543387413,28498.59371688472,73.35667568973577
true,14800,62075699200,62.075699200,2.5261075496673584,0.09399451315402985,29754.371192560528,76.58910399608571
true,14810,62117642240,62.117642240,2.5649611949920654,0.09135878086090088,29724.157546119102,76.51133269672175
true,14820,62159585280,62.159585280,2.520732879638672,0.1096213161945343,29755.519514622705,76.59205982927311
true,14830,62201528320,62.201528320,2.538245439529419,0.16307313740253448,29757.347764763188,76.5967658282416
true,14840,62243471360,62.243471360,2.5482044219970703,0.08170625567436218,27173.9417617466,69.946961342418
true,14850,62285414400,62.285414400,2.561373710632324,0.10376030951738358,29727.984023632493,76.52118222378166
true,14860,62327357440,62.327357440,2.52824330329895,0.20572668313980103,29782.55011831925,76.66163783191999
true,14870,62369300480,62.369300480,2.52563738822937,0.08636805415153503,29756.26995634034,76.5939915003672
true,14880,62411243520,62.411243520,2.5173027515411377,0.08507104218006134,29698.75415066847,76.44594320206798
true,14890,62453186560,62.453186560,2.5303077697753906,0.08215070515871048,29745.2800171028,76.56570289719936
true,14900,62495129600,62.495129600,2.533346176147461,0.12379064410924911,29736.47758778927,76.54304504401372
true,14910,62537072640,62.537072640,2.541813373565674,0.09251067787408829,29768.220564203213,76.6247529082458
true,14920,62579015680,62.579015680,2.5269761085510254,0.12994597852230072,29791.865631520348,76.68561638635552
true,14930,62620958720,62.620958720,2.4964349269866943,0.1281103938817978,29741.357743216446,76.55560678592083
true,14940,62662901760,62.662901760,2.5641586780548096,0.09596077352762222,29755.74705973034,76.59264554072371
true,14950,62704844800,62.704844800,2.5393099784851074,0.1922547072172165,29747.174505869134,76.57057939740181
true,14960,62746787840,62.746787840,2.5401451587677,0.10977734625339508,29758.66458100403,76.60015537310414
true,14970,62788730880,62.788730880,2.5289852619171143,0.14235517382621765,29745.691886788034,76.56676306849155
true,14980,62830673920,62.830673920,2.5352158546447754,0.13967658579349518,27851.584296972553,71.69124403173151
true,14990,62872616960,62.872616960,2.5477454662323,0.08686977624893188,29772.90939961878,76.63682218374618
true,15000,62914560000,62.914560000,2.5102338790893555,0.16040818393230438,29769.667302474372,76.62847687832024
true,15010,62956503040,62.956503040,2.530540704727173,0.12793631851673126,24043.159125789454,61.88818452126931
true,15020,62998446080,62.998446080,2.6169674396514893,0.16584563255310059,29764.469384955995,76.61509720234585
true,15030,63040389120,63.040389120,2.5350303649902344,0.10686145722866058,29759.931603089535,76.60341674554734
true,15040,63082332160,63.082332160,2.548626184463501,0.11721139401197433,28337.06647624557,72.94089722977604
true,15050,63124275200,63.124275200,2.513598918914795,0.10738115012645721,29738.33061579334,76.54781482232941
true,15060,63166218240,63.166218240,2.561493158340454,0.10482632368803024,29790.828030576584,76.68294555435996
true,15070,63208161280,63.208161280,2.5406556129455566,0.13237740099430084,29770.58836486435,76.63084773478084
true,15080,63250104320,63.250104320,2.5194287300109863,0.14076541364192963,29726.8943642038,76.5183773908795
true,15090,63292047360,63.292047360,2.539459466934204,0.15014633536338806,25655.370468237055,66.0380898031279
true,15100,63333990400,63.333990400,2.524056911468506,0.10284926742315292,29799.954713688312,76.7064380515618
true,15110,63375933440,63.375933440,2.5188660621643066,0.11447974294424057,29771.53034902325,76.63327244482568
true,15120,63417876480,63.417876480,2.571721076965332,0.10778460651636124,29744.044197370436,76.56252184103153
true,15130,63459819520,63.459819520,2.522237777709961,0.10754172503948212,27456.750566534614,70.67492406160105
true,15140,63501762560,63.501762560,2.5221774578094482,0.09457091987133026,29734.08495053072,76.53688628694793
true,15150,63543705600,63.543705600,2.5089988708496094,0.12050973623991013,27597.31764474639,71.0367501106852
true,15160,63585648640,63.585648640,2.549689292907715,0.13874457776546478,29748.822123327864,76.57482043963644
true,15170,63627591680,63.627591680,2.5183486938476562,0.08664534240961075,29749.014245677627,76.57531497129804
true,15180,63669534720,63.669534720,2.535536050796509,0.1758052259683609,29786.823011573786,76.67263645339035
true,15190,63711477760,63.711477760,2.5521864891052246,0.0917372778058052,29791.0721398773,76.6835739027965
true,15200,63753420800,63.753420800,2.5282275676727295,0.10387390851974487,28632.30238159027,73.70084787069155
true,15210,63795363840,63.795363840,2.503386974334717,0.1016019880771637,29752.774566590087,76.58499420825989
true,15220,63837306880,63.837306880,2.52138614654541,0.10355884581804276,29718.99616815455,76.4980470752199
true,15230,63879249920,63.879249920,2.5130269527435303,0.12697632610797882,29764.256029554355,76.61454801584352
true,15240,63921192960,63.921192960,2.5364973545074463,0.1265319287776947,29755.382262741223,76.59170653669112
true,15250,63963136000,63.963136000,2.5183088779449463,0.1014450192451477,29736.245377547577,76.542447324296
true,15260,64005079040,64.005079040,2.527782440185547,0.14853325486183167,29516.75475955701,75.97746849618864
true,15270,64047022080,64.047022080,2.51676869392395,0.10972720384597778,27280.060715226897,70.22011635253264
true,15280,64088965120,64.088965120,2.5421602725982666,0.0798681229352951,29761.57163792197,76.6076382697572
true,15290,64130908160,64.130908160,2.5493431091308594,0.19567400217056274,29727.653957167888,76.52033261769792
true,15300,64172851200,64.172851200,2.553412914276123,0.09328331798315048,29770.5850448467,76.63083918890449
true,15310,64214794240,64.214794240,2.5459797382354736,0.1458733081817627,29347.08627483934,75.54073410389373
true,15320,64256737280,64.256737280,2.5376667976379395,0.08235043287277222,29734.272985161864,76.537370296636
true,15330,64298680320,64.298680320,2.5475149154663086,0.10060056298971176,29723.24231741128,76.50897685642421
true,15340,64340623360,64.340623360,2.53678297996521,0.09648866206407547,29716.257030632096,76.49099641072394
true,15350,64382566400,64.382566400,2.5380313396453857,0.143533855676651,29736.016068576468,76.54185707258067
true,15360,64424509440,64.424509440,2.539959192276001,0.0912274420261383,29763.56223176056,76.61276214878428
true,15370,64466452480,64.466452480,2.514186143875122,0.1594005525112152,29741.00833505598,76.55470739343272
true,15380,64508395520,64.508395520,2.554018497467041,0.08607126027345657,29736.22250391724,76.54238844653176
true,15390,64550338560,64.550338560,2.528223991394043,0.12116514891386032,29730.726109916464,76.5282404785238
true,15400,64592281600,64.592281600,2.5459961891174316,0.12243422120809555,29749.03131976256,76.57535892076879
true,15410,64634224640,64.634224640,2.5223097801208496,0.11010104417800903,29784.00788476102,76.66539018900689
true,15420,64676167680,64.676167680,2.568215847015381,0.08620394766330719,28250.969814362532,72.71928050838741
true,15430,64718110720,64.718110720,2.5308146476745605,0.13108226656913757,29768.35411004807,76.62509666132107
true,15440,64760053760,64.760053760,2.496779441833496,0.17384852468967438,29741.82230817666,76.55680259724616
true,15450,64801996800,64.801996800,2.5275213718414307,0.11609426140785217,29747.456520376592,76.57130531556356
true,15460,64843939840,64.843939840,2.524658679962158,0.11295058578252792,29766.21462936508,76.61958954078854
true,15470,64885882880,64.885882880,2.536924362182617,0.15955044329166412,29783.24037075782,76.66341457307371
true,15480,64927825920,64.927825920,2.5243098735809326,0.133899986743927,29272.814192640846,75.34955438812382
true,15490,64969768960,64.969768960,2.5242109298706055,0.10998443514108658,27976.710320089252,72.01332410309587
true,15500,65011712000,65.011712000,2.5412142276763916,0.11846417188644409,27614.47770170964,71.08092087735447
true,15510,65053655040,65.053655040,2.5208168029785156,0.17427890002727509,29748.344564867806,76.57359118245184
true,15520,65095598080,65.095598080,2.53411865234375,0.1588687300682068,29774.962403181322,76.64210670823968
true,15530,65137541120,65.137541120,2.5385518074035645,0.09673170000314713,29420.59986928434,75.72996143770752
true,15540,65179484160,65.179484160,2.529681444168091,0.11741451919078827,29758.83289639896,76.60058862458182
true,15550,65221427200,65.221427200,2.543635606765747,0.08564604073762894,29712.858982403606,76.4822496801185
true,15560,65263370240,65.263370240,2.5176689624786377,0.15210679173469543,29765.90719174216,76.61879818237192
true,15570,65305313280,65.305313280,2.5130794048309326,0.11847613006830215,29758.49089259738,76.59970829125007
true,15580,65347256320,65.347256320,2.5430026054382324,0.18482355773448944,29698.630136546173,76.44562398407987
true,15590,65389199360,65.389199360,2.5035715103149414,0.07591269910335541,29768.49177630508,76.62545102052452
true,15600,65431142400,65.431142400,2.5007951259613037,0.13031692802906036,29754.901358294694,76.59046866678526
true,15610,65473085440,65.473085440,2.5456809997558594,0.09509698301553726,29738.210797752854,76.54750640524662
true,15620,65515028480,65.515028480,2.54128360748291,0.1757083237171173,29744.237422236638,76.56301921062055
true,15630,65556971520,65.556971520,2.5157012939453125,0.10269565135240555,29720.502495061664,76.50192442915201
true,15640,65598914560,65.598914560,2.5294721126556396,0.17147095501422882,29722.71930036066,76.50763058676108
true,15650,65640857600,65.640857600,2.523817539215088,0.08830546587705612,29746.33848855762,76.56842745083908
true,15660,65682800640,65.682800640,2.4940061569213867,0.13871505856513977,29738.417022267753,76.54803723652233
true,15670,65724743680,65.724743680,2.526553153991699,0.11548132449388504,29764.228618348865,76.61447745815457
true,15680,65766686720,65.766686720,2.535266399383545,0.15545643866062164,29760.171629344237,76.60403458403783
true,15690,65808629760,65.808629760,2.5318284034729004,0.09111671149730682,29725.538548808152,76.5148874604197
true,15700,65850572800,65.850572800,2.530323028564453,0.142645925283432,29777.958320265447,76.64981833499982
true,15710,65892515840,65.892515840,2.5021092891693115,0.09399707615375519,28333.280233957325,72.93115127001464
true,15720,65934458880,65.934458880,2.521636724472046,0.10730542987585068,29746.656880773302,76.56924700687541
true,15730,65976401920,65.976401920,2.5252795219421387,0.12760306894779205,29754.225452758797,76.58872885521116
true,15740,66018344960,66.018344960,2.5168886184692383,0.07741212099790573,29752.941034037936,76.58542270303776
true,15750,66060288000,66.060288000,2.497084617614746,0.12849783897399902,29722.678020170093,76.5075243296741
true,15760,66102231040,66.102231040,2.492729902267456,0.11014307290315628,29344.062712398736,75.53295131672932
true,15770,66144174080,66.144174080,2.5018115043640137,0.15308043360710144,29739.652253773562,76.55121677856829
true,15780,66186117120,66.186117120,2.4963393211364746,0.17648175358772278,27696.391385776526,71.29177042369844
true,15790,66228060160,66.228060160,2.540959358215332,0.09162401407957077,29724.5798301216,76.51241967493998
true,15800,66270003200,66.270003200,2.4871890544891357,0.1124320700764656,29756.96316379213,76.59577584785927
true,15810,66311946240,66.311946240,2.518763780593872,0.13331793248653412,29728.44897970146,76.52237904183873
true,15820,66353889280,66.353889280,2.5020816326141357,0.07764393091201782,29718.37892720673,76.49645826896224
true,15830,66395832320,66.395832320,2.5243754386901855,0.19958077371120453,29746.663451038785,76.56926391903744
true,15840,66437775360,66.437775360,2.538153648376465,0.14079023897647858,29739.343395115306,76.55042176234213
true,15850,66479718400,66.479718400,2.508115291595459,0.09633467346429825,27375.038968822802,70.46459469472131
true,15860,66521661440,66.521661440,2.540095329284668,0.12763474881649017,29756.384495462986,76.59428632927549
true,15870,66563604480,66.563604480,2.5247292518615723,0.09471257776021957,29725.347077374372,76.51439460424542
true,15880,66605547520,66.605547520,2.5181257724761963,0.16454143822193146,29747.48308329958,76.5713736897348
true,15890,66647490560,66.647490560,2.50239896774292,0.1179528683423996,23414.935235303314,60.271107669942715
true,15900,66689433600,66.689433600,2.5316219329833984,0.0857938677072525,29792.30614043964,76.686750276338
true,15910,66731376640,66.731376640,2.5227038860321045,0.0973263531923294,29750.088669651814,76.57808058744777
true,15920,66773319680,66.773319680,2.532970905303955,0.10887595266103745,29749.094698796354,76.57552206128281
true,15930,66815262720,66.815262720,2.481947898864746,0.1260688155889511,29772.597455183724,76.63601922459027
true,15940,66857205760,66.857205760,2.5284900665283203,0.10938894003629684,29741.087719169398,76.55491173174921
true,15950,66899148800,66.899148800,2.5063085556030273,0.1002340316772461,29730.154484428458,76.52676908853326
true,15960,66941091840,66.941091840,2.479841470718384,0.16498200595378876,29767.435494058183,76.62273210200551
true,15970,66983034880,66.983034880,2.4915738105773926,0.125431627035141,22828.712112257308,58.762142703238716
true,15980,67024977920,67.024977920,2.4964168071746826,0.1321365088224411,29806.535830407993,76.72337814515652
true,15990,67066920960,67.066920960,2.5181331634521484,0.19276690483093262,29715.210177677247,76.48830176363128
true,16000,67108864000,67.108864000,2.49035382270813,0.10925471037626266,29735.04963007204,76.53936941593881
true,16010,67150807040,67.150807040,2.5241925716400146,0.1085541695356369,23944.15046036908,61.63333171583377
true,16020,67192750080,67.192750080,2.50808048248291,0.14067292213439941,27009.340506489025,69.52327022909476
true,16030,67234693120,67.234693120,2.519315004348755,0.10345632582902908,29734.525206081886,76.53801952474937
true,16040,67276636160,67.276636160,2.5423898696899414,0.07923290878534317,29762.23696485331,76.60935085152228
true,16050,67318579200,67.318579200,2.5062286853790283,0.1670336276292801,29750.435233525524,76.57897265861247
true,16060,67360522240,67.360522240,2.506392240524292,0.13268576562404633,29732.966775317152,76.53400805311927
true,16070,67402465280,67.402465280,2.48343825340271,0.10320429503917694,29772.643470667677,76.63613767053768
true,16080,67444408320,67.444408320,2.4811630249023438,0.15287597477436066,29743.852882232084,76.56202938716878
true,16090,67486351360,67.486351360,2.498065710067749,0.14066506922245026,29766.281378029526,76.61976135488501
true,16100,67528294400,67.528294400,2.5214731693267822,0.09688720852136612,29737.6012122361,76.54593730441653
true,16110,67570237440,67.570237440,2.482682704925537,0.11456172168254852,28104.784920544855,72.34299394656423
true,16120,67612180480,67.612180480,2.50171160697937,0.12156607955694199,29742.897269974328,76.55956959777798
true,16130,67654123520,67.654123520,2.547332763671875,0.16108360886573792,29755.871402851553,76.59296560556997
true,16140,67696066560,67.696066560,2.500568151473999,0.10783332586288452,29745.380020802728,76.56596031126885
true,16150,67738009600,67.738009600,2.5653765201568604,0.14918017387390137,29080.850203542428,74.85543035406464
true,16160,67779952640,67.779952640,2.5512490272521973,0.09952054172754288,29763.4143688102,76.61238154282864
true,16170,67821895680,67.821895680,2.494694709777832,0.17099285125732422,29756.99160478149,76.59584905625873
true,16180,67863838720,67.863838720,2.483044147491455,0.11688588559627533,29774.70033045618,76.6414321211321
true,16190,67905781760,67.905781760,2.5358076095581055,0.12595070898532867,29738.66313636721,76.54867074540196
true,16200,67947724800,67.947724800,2.5145559310913086,0.1173868179321289,29746.995829781485,76.57011947703012
true,16210,67989667840,67.989667840,2.510283946990967,0.11196808516979218,29777.80438798491,76.6494221063124
true,16220,68031610880,68.031610880,2.50274658203125,0.10806332528591156,29767.785269080643,76.62363243881308
true,16230,68073553920,68.073553920,2.5277583599090576,0.1271660476922989,28872.865796650705,74.32006903636429
true,16240,68115496960,68.115496960,2.5358123779296875,0.10236140340566635,29750.711769210022,76.57968447403488
true,16250,68157440000,68.157440000,2.4943039417266846,0.09764467924833298,29733.247256626917,76.53473002476045
true,16260,68199383040,68.199383040,2.507657051086426,0.1250847578048706,29115.38252532561,74.94431812007261
true,16270,68241326080,68.241326080,2.5253641605377197,0.08750855177640915,29779.253696269505,76.65315269171826
true,16280,68283269120,68.283269120,2.5987977981567383,0.12006665021181107,29740.44089817999,76.5532467851199
true,16290,68325212160,68.325212160,2.5182666778564453,0.09615973383188248,28159.519385525786,72.48388294749337
true,16300,68367155200,68.367155200,2.498713493347168,0.2643274664878845,27502.866129406473,70.79362761671142
true,16310,68409098240,68.409098240,2.5189313888549805,0.08612363040447235,29730.156631055645,76.52677461404922
true,16320,68451041280,68.451041280,2.4889657497406006,0.14131201803684235,28200.43533425607,72.58920245944415
true,16330,68492984320,68.492984320,2.517667293548584,0.13976643979549408,29746.171779369863,76.56799833381169
true,16340,68534927360,68.534927360,2.517261028289795,0.10599219053983688,29787.424663085,76.67418513172952
true,16350,68576870400,68.576870400,2.540018081665039,0.19570240378379822,29762.504273890256,76.61003891713446
true,16360,68618813440,68.618813440,2.5141985416412354,0.128300741314888,29767.14359994953,76.62198075330119
true,16370,68660756480,68.660756480,2.525233268737793,0.09662851691246033,29738.530499000797,76.5483293307915
true,16380,68702699520,68.702699520,2.5489590167999268,0.10891589522361755,29763.45265403851,76.61248009074666
true,16390,68744642560,68.744642560,2.4766035079956055,0.08793189376592636,29723.15749311809,76.50875851483768
true,16400,68786585600,68.786585600,2.508328676223755,0.14798620343208313,21890.958965230664,56.34832347528481
true,16410,68828528640,68.828528640,2.5420429706573486,0.1051136925816536,29765.332521731267,76.61731895564107
true,16420,68870471680,68.870471680,2.5074126720428467,0.08691927045583725,29772.691452636827,76.6362611783074
true,16430,68912414720,68.912414720,2.504385471343994,0.12451932579278946,29769.01607427366,76.62680058732869
true,16440,68954357760,68.954357760,2.511942148208618,0.1313427835702896,29760.329166574113,76.60444009202871
true,16450,68996300800,68.996300800,2.509556293487549,0.1598971039056778,29753.38461079879,76.5865644897839
true,16460,69038243840,69.038243840,2.5416388511657715,0.10885025560855865,28401.65780844171,73.1071582549814
true,16470,69080186880,69.080186880,2.53256893157959,0.1742449551820755,29756.988750865054,76.5958417101481
true,16480,69122129920,69.122129920,2.5093021392822266,0.1068534404039383,27604.59794717452,71.0554899400764
true,16490,69164072960,69.164072960,2.4868404865264893,0.12270242720842361,29748.07267343884,76.57289132155431
true,16500,69206016000,69.206016000,2.507570743560791,0.09664575755596161,29760.331243302193,76.6044454376212
true,16510,69247959040,69.247959040,2.504948139190674,0.17548316717147827,29766.568481787173,76.6205003730081
true,16520,69289902080,69.289902080,2.508378267288208,0.10190954804420471,27114.57361911546,69.79414504458384
true,16530,69331845120,69.331845120,2.521575450897217,0.13989372551441193,29787.069568188734,76.67327110132497
true,16540,69373788160,69.373788160,2.5609583854675293,0.10019931942224503,29736.480165089095,76.54305167810062
true,16550,69415731200,69.415731200,2.524736166000366,0.10394942760467529,29736.615025972893,76.54339881614591
true,16560,69457674240,69.457674240,2.513420820236206,0.13727973401546478,29482.000667118737,75.88800988243342
true,16570,69499617280,69.499617280,2.4908792972564697,0.12952187657356262,29712.03122568775,76.4801189967045
true,16580,69541560320,69.541560320,2.5145814418792725,0.1065564900636673,29763.47771346823,76.61254459485787
true,16590,69583503360,69.583503360,2.5378003120422363,0.07721541821956635,29791.72028599813,76.68524226037434
true,16600,69625446400,69.625446400,2.504006862640381,0.2223026305437088,29769.02301585586,76.62681845527682
true,16610,69667389440,69.667389440,2.4914638996124268,0.10461094975471497,29759.37916687111,76.60199474960899
true,16620,69709332480,69.709332480,2.502718210220337,0.15198774635791779,29738.098861713435,76.54721827679288
true,16630,69751275520,69.751275520,2.5509071350097656,0.1078886091709137,29740.466767311886,76.55331337344134
true,16640,69793218560,69.793218560,2.5128133296966553,0.1472756713628769,29744.393739731564,76.56342157895824
true,16650,69835161600,69.835161600,2.5156655311584473,0.15995055437088013,29747.639672587797,76.57177675768077
true,16660,69877104640,69.877104640,2.538569211959839,0.15783098340034485,28252.759593392864,72.72388748096958
true,16670,69919047680,69.919047680,2.520805597305298,0.09203419834375381,27108.861150443972,69.77944089055136
true,16680,69960990720,69.960990720,2.541045665740967,0.13524584472179413,29766.979578792445,76.62155855538694
true,16690,70002933760,70.002933760,2.507293224334717,0.11931656301021576,29748.526581060483,76.57405970040571
true,16700,70044876800,70.044876800,2.557407855987549,0.217058002948761,29761.323518251604,76.60699959844689
true,16710,70086819840,70.086819840,2.5256404876708984,0.11087518185377121,29727.326459931766,76.51948962492507
true,16720,70128762880,70.128762880,2.52496337890625,0.12026704102754593,29751.34247600796,76.58130794200285
true,16730,70170705920,70.170705920,2.5057196617126465,0.1102377325296402,29762.57719675705,76.61022662390845
true,16740,70212648960,70.212648960,2.5137574672698975,0.08767382800579071,29720.247032466028,76.50126685681826
true,16750,70254592000,70.254592000,2.4907286167144775,0.1393049955368042,29783.20560198681,76.66332507667666
true,16760,70296535040,70.296535040,2.5125348567962646,0.12606406211853027,29761.922366496492,76.60854106105111
true,16770,70338478080,70.338478080,2.553978443145752,0.10741380602121353,29781.349347073596,76.65854699215014
true,16780,70380421120,70.380421120,2.521716594696045,0.15055030584335327,25821.476975625625,66.46565550386066
true,16790,70422364160,70.422364160,2.5528042316436768,0.11188101023435593,29785.559317908966,76.6693836484533
true,16800,70464307200,70.464307200,2.5203232765197754,0.11929714679718018,29728.00916151991,76.52124692984657
true,16810,70506250240,70.506250240,2.4961278438568115,0.10324383527040482,29759.271540469683,76.60171771435932
true,16820,70548193280,70.548193280,2.5125198364257812,0.12045806646347046,29752.312697359604,76.58380533586539
true,16830,70590136320,70.590136320,2.4975922107696533,0.0727442055940628,29748.002375777134,76.57271037217754
true,16840,70632079360,70.632079360,2.5171780586242676,0.24278123676776886,29747.776977548907,76.57213018689214
true,16850,70674022400,70.674022400,2.5058000087738037,0.08869648724794388,29727.07959409055,76.51885418102798
true,16860,70715965440,70.715965440,2.516411781311035,0.1018286868929863,25037.049902062758,64.44650455875606
true,16870,70757908480,70.757908480,2.482614278793335,0.10432016849517822,29779.271668337813,76.65319895263904
true,16880,70799851520,70.799851520,2.5179319381713867,0.4215043783187866,29766.597595900246,76.6205753140586
true,16890,70841794560,70.841794560,2.5252435207366943,0.10572800785303116,29739.526936356488,76.55089420584018
true,16900,70883737600,70.883737600,2.5424580574035645,0.07329441606998444,29762.111681090468,76.6090283654217
true,16910,70925680640,70.925680640,2.476534128189087,0.2132529765367508,29760.524108414258,76.60494188118673
true,16920,70967623680,70.967623680,2.5188496112823486,0.08190439641475677,27921.115125821176,71.87021954585539
true,16930,71009566720,71.009566720,2.523419141769409,0.11605971306562424,29789.0515048966,76.67837269650406
true,16940,71051509760,71.051509760,2.51369309425354,0.09909763187170029,27104.27751274604,69.76764239875816
true,16950,71093452800,71.093452800,2.4708824157714844,0.18337410688400269,27218.17168220528,70.0608111682411
true,16960,71135395840,71.135395840,2.5260183811187744,0.15279482305049896,29754.17615015251,76.58860194806142
true,16970,71177338880,71.177338880,2.5471439361572266,0.11430414021015167,29757.6627521567,76.5975766201109
true,16980,71219281920,71.219281920,2.5018482208251953,0.13253560662269592,29789.001548341574,76.67824410606053
true,16990,71261224960,71.261224960,2.506222724914551,0.12475214153528214,29749.93796849206,76.57769267581213
true,17000,71303168000,71.303168000,2.4997501373291016,0.09127939492464066,27301.63899501235,70.27565982558569
true,17010,71345111040,71.345111040,2.5139753818511963,0.19023610651493073,23885.27308599154,61.481778677793244
true,17020,71387054080,71.387054080,2.4533705711364746,0.08186529576778412,28293.326360820865,72.82830818437552
true,17030,71428997120,71.428997120,2.5320706367492676,0.10180281102657318,29747.66748961741,76.57184835997948
true,17040,71470940160,71.470940160,2.49877667427063,0.12390638142824173,26750.232974078317,68.85631566240124
true,17050,71512883200,71.512883200,2.5142862796783447,0.07598072290420532,29767.49100579883,76.62287499174934
true,17060,71554826240,71.554826240,2.5074830055236816,0.2420361489057541,29747.326142295828,76.57096971645706
true,17070,71596769280,71.596769280,2.516723155975342,0.12009169906377792,25218.776463142924,64.91427698773282
true,17080,71638712320,71.638712320,2.5394036769866943,0.08877947926521301,29723.750236269065,76.51028426265265
true,17090,71680655360,71.680655360,2.5130741596221924,0.12706321477890015,29757.34388017296,76.59675582912979
true,17100,71722598400,71.722598400,2.524029016494751,0.09605956077575684,29728.463435438418,76.52241625156276
true,17110,71764541440,71.764541440,2.5035433769226074,0.1452237367630005,29757.899154065588,76.59818512937052
true,17120,71806484480,71.806484480,2.5033321380615234,0.14234618842601776,29748.928655456664,76.5750946581786
true,17130,71848427520,71.848427520,2.4871201515197754,0.10738654434680939,29498.41040431119,75.93024929190531
true,17140,71890370560,71.890370560,2.535207509994507,0.10621345788240433,29731.005614382586,76.52895993572506
true,17150,71932313600,71.932313600,2.5699894428253174,0.2984269857406616,29761.106980668956,76.60644222086599
true,17160,71974256640,71.974256640,2.5207343101501465,0.08253347873687744,28083.47347486347,72.28813731662456
true,17170,72016199680,72.016199680,2.5288963317871094,0.1493544727563858,29737.66032632626,76.54608946677176
true,17180,72058142720,72.058142720,2.4885947704315186,0.09752458333969116,29769.638728940325,76.62840332874475
true,17190,72100085760,72.100085760,2.4823288917541504,0.08883952349424362,29753.754534493866,76.58751669019067
true,17200,72142028800,72.142028800,2.5366854667663574,0.10041040182113647,29723.058511339314,76.50850373123968
true,17210,72183971840,72.183971840,2.539114236831665,0.0901045873761177,29752.896412910464,76.5853078462273
true,17220,72225914880,72.225914880,2.5228452682495117,0.2246948778629303,29728.50701373035,76.52252842406715
true,17230,72267857920,72.267857920,2.5488076210021973,0.10581205785274506,29750.547180697387,76.57926081572164
true,17240,72309800960,72.309800960,2.5139048099517822,0.08739382028579712,29736.206408331513,76.54234701576243
true,17250,72351744000,72.351744000,2.486457586288452,0.12519969046115875,29729.13636366905,76.52414839941775
true,17260,72393687040,72.393687040,2.498441219329834,0.07977757602930069,29765.870757359207,76.618704398614
true,17270,72435630080,72.435630080,2.5208709239959717,0.11360293626785278,27289.550341865175,70.24454308287015
true,17280,72477573120,72.477573120,2.5465564727783203,0.08069588989019394,29714.23529542727,76.48579237240456
true,17290,72519516160,72.519516160,2.518439769744873,0.13894745707511902,29780.846176792762,76.65725180897462
true,17300,72561459200,72.561459200,2.5159056186676025,0.1399516463279724,29756.473193802405,76.59451464283312
true,17310,72603402240,72.603402240,2.499701976776123,0.15519917011260986,29728.52147454748,76.52256564686779
true,17320,72645345280,72.645345280,2.495396614074707,0.13815635442733765,29739.40492049314,76.55058013146143
true,17330,72687288320,72.687288320,2.5056750774383545,0.09930435568094254,29735.931221622574,76.54163867266445
true,17340,72729231360,72.729231360,2.4821548461914062,0.1814674586057663,27270.120303328564,70.19452928044436
true,17350,72771174400,72.771174400,2.4938104152679443,0.09622859209775925,29758.17283846994,76.59888960546823
true,17360,72813117440,72.813117440,2.4960453510284424,0.10656096041202545,29702.412916047484,76.45536103047031
true,17370,72855060480,72.855060480,2.5188000202178955,0.151152566075325,29748.865107347134,76.57493108245596
true,17380,72897003520,72.897003520,2.541213035583496,0.11223446577787399,29728.01851414105,76.52127100391853
true,17390,72938946560,72.938946560,2.478262424468994,0.1128539890050888,27378.61698223529,70.47380466389104
true,17400,72980889600,72.980889600,2.499638557434082,0.16873745620250702,29544.329422537154,76.04844693216282
true,17410,73022832640,73.022832640,2.5424270629882812,0.12028355151414871,29755.711822888366,76.5925548394907
true,17420,73064775680,73.064775680,2.5038228034973145,0.09808658063411713,29726.834337250813,76.51822287877384
true,17430,73106718720,73.106718720,2.5386550426483154,0.10775352269411087,29743.0619951153,76.55999360777876
true,17440,73148661760,73.148661760,2.5366051197052,0.09894267469644547,29774.31256718583,76.64043400084765
true,17450,73190604800,73.190604800,2.506256341934204,0.12952418625354767,29712.4539530808,76.48120711623015
true,17460,73232547840,73.232547840,2.5121207237243652,0.11679670959711075,29746.827625625334,76.5696865118861
true,17470,73274490880,73.274490880,2.520928382873535,0.10129345208406448,27602.550477100518,71.05021965903394
true,17480,73316433920,73.316433920,2.5367579460144043,0.14028047025203705,29741.442422530614,76.55582475432476
true,17490,73358376960,73.358376960,2.5324907302856445,0.13649675250053406,29751.08833199626,76.58065376376408
true,17500,73400320000,73.400320000,2.500333309173584,0.09308015555143356,27008.506599506407,69.52112371461456
true,17510,73442263040,73.442263040,2.521000623703003,0.15737514197826385,29776.727333723804,76.64664971968459
true,17520,73484206080,73.484206080,2.5054636001586914,0.1314883977174759,29721.193257454586,76.50370248295143
true,17530,73526149120,73.526149120,2.5183658599853516,0.16390804946422577,29755.331657838426,76.59157627737096
true,17540,73568092160,73.568092160,2.544973373413086,0.12293891608715057,29742.815788087486,76.55935985969732
true,17550,73610035200,73.610035200,2.549028158187866,0.1622941493988037,29718.2992124489,76.49625307955199
true,17560,73651978240,73.651978240,2.5245509147644043,0.17311863601207733,29740.46294117633,76.5533035247945
true,17570,73693921280,73.693921280,2.5105185508728027,0.11710266023874283,29717.473483131955,76.49412761475494
true,17580,73735864320,73.735864320,2.5173707008361816,0.13166223466396332,29761.924972125267,76.60854776805803
true,17590,73777807360,73.777807360,2.5097172260284424,0.09433252364397049,29771.332241297485,76.63276250653418
true,17600,73819750400,73.819750400,2.5104587078094482,0.1091754212975502,29769.4958998748,76.6280356802375
true,17610,73861693440,73.861693440,2.4671311378479004,0.10116017609834671,29738.911433852292,76.54930987441544
true,17620,73903636480,73.903636480,2.4856250286102295,0.13948874175548553,29762.364043453847,76.60967795761668
true,17630,73945579520,73.945579520,2.508801221847534,0.1306675672531128,29737.746657272906,76.54631168655277
true,17640,73987522560,73.987522560,2.5294487476348877,0.1000557467341423,27407.392757542322,70.54787481759367
true,17650,74029465600,74.029465600,2.474125623703003,0.08710165321826935,29723.765899025315,76.51032457929921
true,17660,74071408640,74.071408640,2.461456060409546,0.1504593938589096,29230.410990166318,75.24040661742917
true,17670,74113351680,74.113351680,2.4841315746307373,0.13643929362297058,29721.334390668027,76.50406576625832
true,17680,74155294720,74.155294720,2.516599178314209,0.09324469417333603,29748.30570981577,76.57349116778165
true,17690,74197237760,74.197237760,2.489976406097412,0.12357483804225922,24980.819228912715,64.3017642499864
true,17700,74239180800,74.239180800,2.518604040145874,0.3368981182575226,28048.84925229256,72.19901299381142
true,17710,74281123840,74.281123840,2.526212453842163,0.3615007996559143,29747.062829290313,76.57029193681143
true,17720,74323066880,74.323066880,2.4872477054595947,0.1821478009223938,29732.751548421038,76.53345404930508
true,17730,74365009920,74.365009920,2.4953606128692627,0.0851634219288826,27198.462121733915,70.010077863649
true,17740,74406952960,74.406952960,2.5128021240234375,0.10029608011245728,29758.704589465342,76.60025835670223
true,17750,74448896000,74.448896000,2.5135536193847656,0.14813099801540375,29731.971131763992,76.53144522135439
true,17760,74490839040,74.490839040,2.4961042404174805,0.137075737118721,29766.57656553745,76.62052118094878
true,17770,74532782080,74.532782080,2.5024871826171875,0.098256416618824,24648.7860688125,63.447095802634955
true,17780,74574725120,74.574725120,2.482910633087158,0.11931280046701431,29779.728340818783,76.65437444836405
true,17790,74616668160,74.616668160,2.5454442501068115,0.10085674375295639,29748.97478268273,76.57521339175531
true,17800,74658611200,74.658611200,2.5345537662506104,0.15159077942371368,29699.53548313531,76.44795438735471
true,17810,74700554240,74.700554240,2.5049450397491455,0.11479689180850983,29754.824406671625,76.59027058980948
true,17820,74742497280,74.742497280,2.4658730030059814,0.15024465322494507,29778.103235406932,76.65019135316142
true,17830,74784440320,74.784440320,2.489956855773926,0.09354165196418762,29747.240228546405,76.57074857056067
true,17840,74826383360,74.826383360,2.514463186264038,0.13422437012195587,29766.923040208505,76.62141302250178
true,17850,74868326400,74.868326400,2.512620449066162,0.1913120597600937,28846.716961254326,74.25276074540466
true,17860,74910269440,74.910269440,2.50019907951355,0.12964919209480286,29763.36123393078,76.61224477123366
true,17870,74952212480,74.952212480,2.482752561569214,0.13075704872608185,29750.466544889667,76.57905325548711
true,17880,74994155520,74.994155520,2.495741367340088,0.11656828969717026,29717.10322739933,76.49317455966842
true,17890,75036098560,75.036098560,2.5150234699249268,0.12125396728515625,29758.859610526724,76.60065738796104
true,17900,75078041600,75.078041600,2.515237331390381,0.11665830761194229,29714.265154200642,76.48586923024452
true,17910,75119984640,75.119984640,2.4906373023986816,0.11964624375104904,29784.489397709724,76.66662962522501
true,17920,75161927680,75.161927680,2.472686290740967,0.15816976130008698,29725.42702708695,76.51460039843988
true,17930,75203870720,75.203870720,2.4732065200805664,0.08830742537975311,29099.228509617013,74.9027369493245
true,17940,75245813760,75.245813760,2.467219352722168,0.10235840082168579,28326.349070920758,72.91331014128818
true,17950,75287756800,75.287756800,2.507063865661621,0.15809084475040436,29738.802447281534,76.5490293380281
true,17960,75329699840,75.329699840,2.5186617374420166,0.11313381046056747,26323.527558535578,67.75795652601771
true,17970,75371642880,75.371642880,2.4968786239624023,0.10630328953266144,28641.43736321971,73.72436172865517
true,17980,75413585920,75.413585920,2.4879093170166016,0.10456105321645737,29760.87457566981,76.60584399983374
true,17990,75455528960,75.455528960,2.4836618900299072,0.12897290289402008,29756.94184000664,76.5957209594661
true,18000,75497472000,75.497472000,2.504751443862915,0.12416695058345795,29757.884468341093,76.5981473276481
true,18010,75539415040,75.539415040,2.4900460243225098,0.09480569511651993,24003.935321730976,61.78722066662372
true,18020,75581358080,75.581358080,2.485342025756836,0.1180650070309639,29777.391385350194,76.64835901875676
true,18030,75623301120,75.623301120,2.488001823425293,0.14107057452201843,29776.72435883956,76.64664206219732
true,18040,75665244160,75.665244160,2.537252426147461,0.2509348690509796,29747.61321627671,76.5717086579334
true,18050,75707187200,75.707187200,2.50319504737854,0.08444409817457199,29740.786346119632,76.55413598381959
true,18060,75749130240,75.749130240,2.4806697368621826,0.1978505551815033,29776.631839102312,76.64640391218798
true,18070,75791073280,75.791073280,2.4885969161987305,0.12947538495063782,29753.388012527605,76.58657324598849
true,18080,75833016320,75.833016320,2.4934914112091064,0.09194399416446686,29744.387059828492,76.56340438458408
true,18090,75874959360,75.874959360,2.5235939025878906,0.12016040831804276,28385.62816538538,73.06589722509386
true,18100,75916902400,75.916902400,2.5097296237945557,0.10171724855899811,29726.271989403875,76.51677536985314
true,18110,75958845440,75.958845440,2.5050487518310547,0.1087939515709877,29717.272796070705,76.49361103713665
true,18120,76000788480,76.000788480,2.454787254333496,0.10722646862268448,27353.413101254086,70.40892872855093
true,18130,76042731520,76.042731520,2.4598052501678467,0.1090569794178009,29462.974336746112,75.83903524317311
true,18140,76084674560,76.084674560,2.487823247909546,0.12022137641906738,29723.851211429308,76.51054417730515
true,18150,76126617600,76.126617600,2.5031630992889404,0.12618057429790497,26908.57037319889,69.2638833252913
true,18160,76168560640,76.168560640,2.5116994380950928,0.09519653022289276,28504.76450747627,73.37255958522445
true,18170,76210503680,76.210503680,2.5091934204101562,0.09364407509565353,29782.224609523455,76.66079995748294
true,18180,76252446720,76.252446720,2.5016629695892334,0.06458555907011032,29753.944362909897,76.58800531716258
true,18190,76294389760,76.294389760,2.478518486022949,0.10587188601493835,27287.10047435253,70.23823701252881
true,18200,76336332800,76.336332800,2.4938671588897705,0.11605385690927505,29792.5120551131,76.68728031006778
true,18210,76378275840,76.378275840,2.5254106521606445,0.21825580298900604,29729.2717846924,76.5244969792877
true,18220,76420218880,76.420218880,2.505411386489868,0.0982275903224945,29737.928956008123,76.546780931784
true,18230,76462161920,76.462161920,2.5166735649108887,0.08779007196426392,29749.90186373044,76.5775997405145
true,18240,76504104960,76.504104960,2.5193793773651123,0.20568913221359253,28228.629496060064,72.66177551355152
true,18250,76546048000,76.546048000,2.4893364906311035,0.08489527553319931,29784.76731316775,76.6673449922472
true,18260,76587991040,76.587991040,2.522624969482422,0.15214715898036957,29740.61996060524,76.55370769994214
true,18270,76629934080,76.629934080,2.472334384918213,0.11166948825120926,29747.413520307255,76.57119463143043
true,18280,76671877120,76.671877120,2.510467052459717,0.14418505132198334,29758.644928559024,76.60010478681735
true,18290,76713820160,76.713820160,2.501278877258301,0.17019066214561462,29741.532872110205,76.55605757565421
true,18300,76755763200,76.755763200,2.487989664077759,0.09577936679124832,29212.214399648874,75.19356776627365
true,18310,76797706240,76.797706240,2.4798977375030518,0.10624394565820694,28847.5497942638,74.25490449542919
true,18320,76839649280,76.839649280,2.495195150375366,0.11573377251625061,29734.00398932545,76.53667788912531
true,18330,76881592320,76.881592320,2.4905848503112793,0.16453507542610168,29767.47561551191,76.62283537645122
true,18340,76923535360,76.923535360,2.5257580280303955,0.12211481481790543,28098.580006802527,72.32702221653432
true,18350,76965478400,76.965478400,2.5045251846313477,0.1848379373550415,29769.5367737082,76.62814089134267
true,18360,77007421440,77.007421440,2.480666160583496,0.08466780930757523,29724.446915306708,76.51207754616452
true,18370,77049364480,77.049364480,2.5172348022460938,0.10741205513477325,29747.150087549067,76.57051654353597
true,18380,77091307520,77.091307520,2.531681776046753,0.17604400217533112,29008.51002507889,74.66922344632717
true,18390,77133250560,77.133250560,2.499269485473633,0.11429320275783539,29755.794387073733,76.59276736345697
true,18400,77175193600,77.175193600,2.516449213027954,0.12958483397960663,29771.94108303123,76.63432969283299
true,18410,77217136640,77.217136640,2.4714279174804688,0.11485058814287186,29731.004423558206,76.52895687048897
true,18420,77259079680,77.259079680,2.4900569915771484,0.07017127424478531,28076.760767773692,72.27085850343549
true,18430,77301022720,77.301022720,2.482666015625,0.1001969501376152,29775.52463308203,76.64355391356143
true,18440,77342965760,77.342965760,2.4991228580474854,0.1794864535331726,29729.423506185238,76.52488751730708
true,18450,77384908800,77.384908800,2.513422966003418,0.11370052397251129,14919.236658071344,38.40279334261102
true,18460,77426851840,77.426851840,2.522199869155884,0.08607286214828491,29819.388053355302,76.75646035124724
true,18470,77468794880,77.468794880,2.5027847290039062,0.1018417626619339,29738.379759076328,76.54794131937373
true,18480,77510737920,77.510737920,2.4993882179260254,0.13338446617126465,29751.12946724323,76.58075964775968
true,18490,77552680960,77.552680960,2.5128185749053955,0.09908093512058258,28069.05390797089,72.25102069597185
true,18500,77594624000,77.594624000,2.5201425552368164,0.1475273072719574,29774.405146840098,76.64067230508614
true,18510,77636567040,77.636567040,2.486501932144165,0.11969846487045288,29749.115016516156,76.57557436001717
true,18520,77678510080,77.678510080,2.4841432571411133,0.17346851527690887,27038.43353341672,69.59815700289033
true,18530,77720453120,77.720453120,2.5106265544891357,0.06519671529531479,29768.93305889371,76.62658690196706
true,18540,77762396160,77.762396160,2.5176947116851807,0.5906382203102112,29735.992318216286,76.54179593807393
true,18550,77804339200,77.804339200,2.5114049911499023,0.1167936846613884,29778.881493701065,76.65219462538786
true,18560,77846282240,77.846282240,2.5154619216918945,0.21729952096939087,29722.193665376988,76.5062775784193
true,18570,77888225280,77.888225280,2.5057196617126465,0.11451465636491776,29760.65609245265,76.60528161410116
true,18580,77930168320,77.930168320,2.487234115600586,0.12212321907281876,29729.681646160083,76.52555198133662
true,18590,77972111360,77.972111360,2.4970858097076416,0.10023742914199829,29749.34801514331,76.5761741090749
true,18600,78014054400,78.014054400,2.4847850799560547,0.15272344648838043,23374.128667937417,60.16606971059605
true,18610,78055997440,78.055997440,2.5062732696533203,0.11230605095624924,29791.209076716787,76.6839263844461
true,18620,78097940480,78.097940480,2.5036563873291016,0.2521422803401947,29758.694690221055,76.60023287559744
true,18630,78139883520,78.139883520,2.491013765335083,0.09239734709262848,28448.37582317942,73.22741254858018
true,18640,78181826560,78.181826560,2.5510029792785645,0.10229837894439697,29759.888181819868,76.60330497722542
true,18650,78223769600,78.223769600,2.513317584991455,0.20155902206897736,29741.8645516739,76.55691133392834
true,18660,78265712640,78.265712640,2.5028975009918213,0.09271396696567535,29744.782303276854,76.56442175918677
true,18670,78307655680,78.307655680,2.48136568069458,0.09713134914636612,27210.668668009774,70.04149806863684
true,18680,78349598720,78.349598720,2.494325637817383,0.1487279087305069,29762.757882857495,76.61069171814445
true,18690,78391541760,78.391541760,2.513697624206543,0.15752018988132477,29400.132336148374,75.67727707702153
true,18700,78433484800,78.433484800,2.5095551013946533,0.138748899102211,29747.26750409605,76.57081877906532
true,18710,78475427840,78.475427840,2.493055582046509,0.11666692793369293,29733.05815704825,76.53424327384904
true,18720,78517370880,78.517370880,2.474318504333496,0.1065949872136116,29764.910242357877,76.6162319893384
true,18730,78559313920,78.559313920,2.5378968715667725,0.13150182366371155,29772.68380141015,76.63624148370214
true,18740,78601256960,78.601256960,2.482053279876709,0.12194354832172394,29733.808285377236,76.53617413826649
true,18750,78643200000,78.643200000,2.4605038166046143,0.17826059460639954,29753.428141412413,76.58667653956213
true,18760,78685143040,78.685143040,2.5060176849365234,0.10210589319467545,29727.112541615454,76.5189389894548
true,18770,78727086080,78.727086080,2.4882118701934814,0.1500740498304367,29713.081365118298,76.48282210333498
true,18780,78769029120,78.769029120,2.471402406692505,0.10813307762145996,29770.353695850103,76.63024368607081
true,18790,78810972160,78.810972160,2.4705729484558105,0.08664575219154358,29750.480947837437,76.57909032932938
true,18800,78852915200,78.852915200,2.491239070892334,0.10980354249477386,29716.872196854114,76.49257987654306
true,18810,78894858240,78.894858240,2.5384254455566406,0.1415044516324997,29747.767947002514,76.57210694185522
true,18820,78936801280,78.936801280,2.51754093170166,0.11792431026697159,29768.23063601255,76.62477883354087
true,18830,78978744320,78.978744320,2.491703510284424,0.25034913420677185,29762.871014198427,76.61098292335863
true,18840,79020687360,79.020687360,2.503054618835449,0.10583717375993729,27855.279809192878,71.70075644817376
true,18850,79062630400,79.062630400,2.506739377975464,0.12002022564411163,29767.000786010944,76.62161314373137
true,18860,79104573440,79.104573440,2.4915611743927,0.1405976563692093,29711.27053285572,76.478160938776
true,18870,79146516480,79.146516480,2.500310182571411,0.1396685540676117,29768.116791466735,76.6244857925049
true,18880,79188459520,79.188459520,2.4779255390167236,0.15206265449523926,29747.252089443176,76.57077910104812
true,18890,79230402560,79.230402560,2.4902994632720947,0.07318232208490372,29761.677686141047,76.60791124269375
true,18900,79272345600,79.272345600,2.517711639404297,0.14047716557979584,29744.193263480018,76.56290554397368
true,18910,79314288640,79.314288640,2.5118181705474854,0.10835307836532593,29742.563014164352,76.55870920812882
true,18920,79356231680,79.356231680,2.5062408447265625,0.10038907825946808,29726.028682215183,76.51614908608943
true,18930,79398174720,79.398174720,2.4892055988311768,0.1032201275229454,26816.44560146172,69.02674997511794
true,18940,79440117760,79.440117760,2.4987497329711914,0.11827554553747177,29742.856542175126,76.55946476257147
true,18950,79482060800,79.482060800,2.4938788414001465,0.0700288638472557,29759.393622498857,76.60203195905191
true,18960,79524003840,79.524003840,2.5071539878845215,0.20550847053527832,29749.094550390953,76.57552167928057
true,18970,79565946880,79.565946880,2.519666910171509,0.16408903896808624,29743.41442982117,76.56090079073232
true,18980,79607889920,79.607889920,2.517347574234009,0.08926568925380707,29742.940909450324,76.55968192777291
true,18990,79649832960,79.649832960,2.488365888595581,0.16429024934768677,29731.14277462508,76.52931299242414
true,19000,79691776000,79.691776000,2.5018362998962402,0.15897203981876373,29761.495140177933,76.60744136108669
true,19010,79733719040,79.733719040,2.531855583190918,0.09835896641016006,23721.96806108422,61.0614241203144
true,19020,79775662080,79.775662080,2.483170509338379,0.09583389014005661,27637.38769925913,71.13989225246814
true,19030,79817605120,79.817605120,2.495715379714966,0.1954079419374466,29721.50602998456,76.5045075736613
true,19040,79859548160,79.859548160,2.4792208671569824,0.11805218458175659,29743.440021257415,76.56096666425253
true,19050,79901491200,79.901491200,2.5068647861480713,0.15856845676898956,29744.454832129395,76.56357883356733
true,19060,79943434240,79.943434240,2.4736545085906982,0.10062680393457413,29752.387330166726,76.5839974441035
true,19070,79985377280,79.985377280,2.497670888900757,0.0968908816576004,29752.20698506777,76.58353322762083
true,19080,80027320320,80.027320320,2.4930801391601562,0.10134073346853256,29771.676794979998,76.63364940337536
true,19090,80069263360,80.069263360,2.503751039505005,0.13927237689495087,29731.486137391195,76.53019682379238
true,19100,80111206400,80.111206400,2.5070438385009766,0.082613505423069,29747.010581468,76.57015744854176
true,19110,80153149440,80.153149440,2.5229594707489014,0.12003280967473984,29706.447985282204,76.46574748210288
true,19120,80195092480,80.195092480,2.522387981414795,0.08857689797878265,29746.49299728562,76.56882516332846
true,19130,80237035520,80.237035520,2.504369020462036,0.08339836448431015,29758.58162712278,76.59994184604297
true,19140,80278978560,80.278978560,2.508030891418457,0.10794857889413834,29754.46404958799,76.58934301429542
true,19150,80320921600,80.320921600,2.4758214950561523,0.10869776457548141,29711.715621632884,76.47930661752083
true,19160,80362864640,80.362864640,2.5024142265319824,0.10429894924163818,29690.916361355456,76.42576837609337
true,19170,80404807680,80.404807680,2.4804728031158447,0.11941146105527878,29734.583070343764,76.53816846998978
true,19180,80446750720,80.446750720,2.5184781551361084,0.09658358991146088,29745.84172888163,76.56714876885184
true,19190,80488693760,80.488693760,2.468090295791626,0.07743220776319504,29705.84337174186,76.46419117936608
true,19200,80530636800,80.530636800,2.50640869140625,0.22919440269470215,29740.500416984683,76.55339998922872
true,19210,80572579840,80.572579840,2.4862611293792725,0.10266460478305817,29765.120266936297,76.61677260215035
true,19220,80614522880,80.614522880,2.517073154449463,0.10406901687383652,26606.21568469757,68.48560861293167
true,19230,80656465920,80.656465920,2.5011539459228516,0.12101329863071442,29732.608962538143,76.53308702676097
true,19240,80698408960,80.698408960,2.461663007736206,0.07775379717350006,29730.599166941745,76.52791372153642
true,19250,80740352000,80.740352000,2.518279790878296,0.08761847764253616,29725.380711676713,76.51448118046856
true,19260,80782295040,80.782295040,2.483332633972168,0.14797617495059967,29734.284711334538,76.53740048033751
true,19270,80824238080,80.824238080,2.5228826999664307,0.08611519634723663,29735.418659462914,76.5403193143659
true,19280,80866181120,80.866181120,2.470898389816284,0.0857226625084877,29749.490742753995,76.57654149643278
true,19290,80908124160,80.908124160,2.4909582138061523,0.11211468279361725,29741.011300294005,76.55471502609018
true,19300,80950067200,80.950067200,2.4841160774230957,0.28945502638816833,29717.009238016482,76.4929326267245
true,19310,80992010240,80.992010240,2.496544361114502,0.11372827738523483,29745.38126433068,76.56596351216633
true,19320,81033953280,81.033953280,2.5052285194396973,0.18229509890079498,29708.625042909433,76.47135132739803
true,19330,81075896320,81.075896320,2.4756369590759277,0.10517562925815582,29725.2206059968,76.51406906117053
true,19340,81117839360,81.117839360,2.4731318950653076,0.09649721533060074,29717.925657978336,76.49529153336407
true,19350,81159782400,81.159782400,2.497251033782959,0.10775026679039001,29762.498353722225,76.61002367835285
true,19360,81201725440,81.201725440,2.468993663787842,0.11257965862751007,29710.587581256717,76.47640299031518
true,19370,81243668480,81.243668480,2.4748692512512207,0.18399564921855927,29766.624782302995,76.62064529309508
true,19380,81285611520,81.285611520,2.546360969543457,0.10874927788972855,29785.926824563525,76.67032962728791
true,19390,81327554560,81.327554560,2.4972941875457764,0.18480058014392853,29761.51541064462,76.60749353818939
true,19400,81369497600,81.369497600,2.4860947132110596,0.1708942949771881,29779.636401035055,76.65413779118143
true,19410,81411440640,81.411440640,2.486699342727661,0.10490349680185318,29731.507454857703,76.5302516959202
true,19420,81453383680,81.453383680,2.50018048286438,0.19298990070819855,29746.247848794825,76.56819413996942
true,19430,81495326720,81.495326720,2.4653050899505615,0.08951695263385773,29761.376516208333,76.60713601759664
true,19440,81537269760,81.537269760,2.514662265777588,0.12645140290260315,29757.067143165576,76.59604349549312
true,19450,81579212800,81.579212800,2.520214557647705,0.14121869206428528,29754.037612313823,76.58824534536713
true,19460,81621155840,81.621155840,2.488126754760742,0.09233132004737854,29761.385670820473,76.60715958198443
true,19470,81663098880,81.663098880,2.47635555267334,0.15938839316368103,29774.52623686265,76.64098399630858
true,19480,81705041920,81.705041920,2.4988815784454346,0.10207854211330414,29780.751645126544,76.65700848016863
true,19490,81746984960,81.746984960,2.510239362716675,0.07525815814733505,29735.480285459198,76.54047794248167
true,19500,81788928000,81.788928000,2.508140802383423,0.2318192571401596,29750.894273477712,76.58015424831602
true,19510,81830871040,81.830871040,2.497248411178589,0.10846839100122452,29787.01952245394,76.67314228132867
true,19520,81872814080,81.872814080,2.507349967956543,0.09431479871273041,28902.57962035494,74.39655376928226
true,19530,81914757120,81.914757120,2.469651699066162,0.14565862715244293,29737.734327660914,76.54627994957104
true,19540,81956700160,81.956700160,2.4745326042175293,0.11279226094484329,29740.279236293412,76.55283066007517
true,19550,81998643200,81.998643200,2.4737935066223145,0.21550661325454712,29727.035144684854,76.51873976623719
true,19560,82040586240,82.040586240,2.510446786880493,0.10066800564527512,29792.249556058687,76.68660462556927
true,19570,82082529280,82.082529280,2.4793295860290527,0.1498548984527588,29741.95666440973,76.55714843629752
true,19580,82124472320,82.124472320,2.446695566177368,0.09187764674425125,29752.786392903065,76.58502464972707
true,19590,82166415360,82.166415360,2.496065616607666,0.14046326279640198,29755.734939153215,76.59261434180722
true,19600,82208358400,82.208358400,2.498840808868408,0.18344524502754211,29749.96013625037,76.5777497366297
true,19610,82250301440,82.250301440,2.502836227416992,0.11316922307014465,29752.990781657973,76.58555075567311
true,19620,82292244480,82.292244480,2.488668203353882,0.10828054696321487,29743.462626895103,76.56102485219154
true,19630,82334187520,82.334187520,2.5007760524749756,0.13718941807746887,29757.993302865616,76.59842747266153
true,19640,82376130560,82.376130560,2.4926767349243164,0.12791964411735535,29733.138390716478,76.53444979895825
true,19650,82418073600,82.418073600,2.47308087348938,0.08653857558965683,29758.40814733044,76.5994953011716
true,19660,82460016640,82.460016640,2.5049848556518555,0.11020299047231674,29753.168447875774,76.58600807659391
true,19670,82501959680,82.501959680,2.5026369094848633,0.14376342296600342,29759.014001430292,76.60105479716498
true,19680,82543902720,82.543902720,2.5357789993286133,0.07563628256320953,29741.144604632125,76.55505815751613
true,19690,82585845760,82.585845760,2.512967824935913,0.13775821030139923,29767.33968629762,76.62248548847468
true,19700,82627788800,82.627788800,2.5222790241241455,0.07334113121032715,27301.001935780878,70.27402000616503
true,19710,82669731840,82.669731840,2.5146851539611816,0.31826987862586975,29758.025643175664,76.59851071808968
true,19720,82711674880,82.711674880,2.517359495162964,0.13304732739925385,29749.506096841655,76.57658101855236
true,19730,82753617920,82.753617920,2.523188591003418,0.22154533863067627,29776.585739469087,76.64628524963649
true,19740,82795560960,82.795560960,2.4960341453552246,0.13525468111038208,27446.2963115153,70.64801433396157
true,19750,82837504000,82.837504000,2.503310441970825,0.13892963528633118,29728.44779661744,76.52237599652668
true,19760,82879447040,82.879447040,2.5123250484466553,0.12793809175491333,29748.15375529191,76.57310002992985
true,19770,82921390080,82.921390080,2.5370171070098877,0.1378132849931717,27152.413159774766,69.8915457423154
true,19780,82963333120,82.963333120,2.495985269546509,0.1057104766368866,29734.9087962879,76.53900690337653
true,19790,83005276160,83.005276160,2.5175580978393555,0.14872078597545624,29739.201330431042,76.550056081387
true,19800,83047219200,83.047219200,2.503312826156616,0.12557227909564972,26955.200765564223,69.38391207492052
true,19810,83089162240,83.089162240,2.461336135864258,0.1278480440378189,29773.947442079112,76.63949415222544
true,19820,83131105280,83.131105280,2.4693455696105957,0.11550697684288025,29729.942115573675,76.52622244144739
true,19830,83173048320,83.173048320,2.458887815475464,0.13952311873435974,29765.343807825946,76.61734800656183
true,19840,83214991360,83.214991360,2.501039743423462,0.1359216421842575,29741.554660290036,76.55611365941952
true,19850,83256934400,83.256934400,2.4754691123962402,0.1100398525595665,29759.268511179776,76.6017099168294
true,19860,83298877440,83.298877440,2.4975030422210693,0.10403068363666534,29728.967941929557,76.52371487420434
true,19870,83340820480,83.340820480,2.505016565322876,0.10430249571800232,29743.560819314698,76.5612776039431
true,19880,83382763520,83.382763520,2.5009384155273438,0.11601448059082031,29773.70757400628,76.63887672090227
true,19890,83424706560,83.424706560,2.4657211303710938,0.16486839950084686,29763.436702687333,76.61243903124362
true,19900,83466649600,83.466649600,2.4881045818328857,0.10683276504278183,27242.007166713036,70.12216478885527
true,19910,83508592640,83.508592640,2.478254795074463,0.11537107080221176,29749.32947045194,76.57612637419632
true,19920,83550535680,83.550535680,2.5159413814544678,0.10582752525806427,29713.941234195292,76.48503544542629
true,19930,83592478720,83.592478720,2.471210241317749,0.08653821051120758,29770.141089839384,76.62969642853477
true,19940,83634421760,83.634421760,2.4791171550750732,0.12712469696998596,28517.416757421586,73.40512705171786
true,19950,83676364800,83.676364800,2.45737361907959,0.10349274426698685,27441.11259224314,70.63467120491836
true,19960,83718307840,83.718307840,2.519956111907959,0.08330929279327393,29708.324010080614,76.47057645521258
true,19970,83760250880,83.760250880,2.4475886821746826,0.09164930135011673,29731.35636530391,76.52986278454064
true,19980,83802193920,83.802193920,2.4881527423858643,0.12157848477363586,18144.143485826455,46.70385011205734
true,19990,83844136960,83.844136960,2.492370128631592,0.15227524936199188,28627.915099938862,73.68955480828785
true,20000,83886080000,83.886080000,2.4881787300109863,0.09403522312641144,28928.490680127565,74.46325001497776
true,20010,83928023040,83.928023040,2.458233594894409,0.07950717210769653,22431.447334051285,57.7395651056449
true,20020,83969966080,83.969966080,2.4987196922302246,0.10488186031579971,28543.586430288142,73.47248897927295
true,20030,84011909120,84.011909120,2.4933347702026367,0.10041356831789017,27942.138232698766,71.92433397860708
true,20040,84053852160,84.053852160,2.499002695083618,0.12715987861156464,29376.422068396812,75.61624577002978
true,20050,84095795200,84.095795200,2.4723079204559326,0.12737883627414703,29355.84688866108,75.5632843221027
true,20060,84137738240,84.137738240,2.499340295791626,0.21965022385120392,29487.482814077182,75.90212117790678
true,20070,84179681280,84.179681280,2.4739654064178467,0.09793850779533386,29530.375927693975,76.01253000215152
true,20080,84221624320,84.221624320,2.562446355819702,0.11912810057401657,28232.290992324353,72.67120037137668
true,20090,84263567360,84.263567360,2.5018320083618164,0.09356783330440521,29564.29741215788,76.0998454451328
true,20100,84305510400,84.305510400,2.452913761138916,0.2155633419752121,28238.87741553969,72.68815412413244
true,20110,84347453440,84.347453440,2.501265287399292,0.11047867685556412,29668.9946130385,76.36934079942716
true,20120,84389396480,84.389396480,2.491705894470215,0.08000801503658295,29683.398520328385,76.4064171115507
true,20130,84431339520,84.431339520,2.49338698387146,0.08965470641851425,27215.606005862697,70.05420700070717
true,20140,84473282560,84.473282560,2.4836831092834473,0.08765839785337448,29767.353222876176,76.62252033224321
true,20150,84515225600,84.515225600,2.4816102981567383,0.14553797245025635,29756.97131530985,76.59579683023642
true,20160,84557168640,84.557168640,2.5141971111297607,0.08106362074613571,29702.386938805903,76.45529416386962
true,20170,84599111680,84.599111680,2.490098476409912,0.14332842826843262,29711.8381756524,76.47962207713802
true,20180,84641054720,84.641054720,2.4808974266052246,0.11763793975114822,29738.445914187258,76.54811160563648
true,20190,84682997760,84.682997760,2.518458127975464,0.20857420563697815,29747.443592928514,76.57127203972456
true,20200,84724940800,84.724940800,2.469477653503418,0.11941364407539368,29756.82416713483,76.59541806414501
true,20210,84766883840,84.766883840,2.5212795734405518,0.1193888783454895,29749.4158150839,76.57634862920395
true,20220,84808826880,84.808826880,2.479724168777466,0.09893559664487839,29738.335407831255,76.54782715725284
true,20230,84850769920,84.850769920,2.503133773803711,0.1254599690437317,29762.3246495129,76.60957655582195
true,20240,84892712960,84.892712960,2.5047426223754883,0.24472440779209137,26915.66152259791,69.28213626618724
true,20250,84934656000,84.934656000,2.5125575065612793,0.1211281418800354,29744.550965374685,76.56382628491065
true,20260,84976599040,84.976599040,2.5161702632904053,0.144158273935318,29753.466519210077,76.58677532575787
true,20270,85018542080,85.018542080,2.504807472229004,0.09663215279579163,29748.413133668044,76.57376768166058
true,20280,85060485120,85.060485120,2.5195202827453613,0.10805676877498627,29687.30141905944,76.41646335029877
true,20290,85102428160,85.102428160,2.47918438911438,0.1157170981168747,27436.777293960255,70.62351195006826
true,20300,85144371200,85.144371200,2.4884772300720215,0.15155071020126343,29761.391136150523,76.60717364999242
true,20310,85186314240,85.186314240,2.5200939178466797,0.09019095450639725,29742.7864753346,76.55928440733892
true,20320,85228257280,85.228257280,2.4989547729492188,0.13659009337425232,29371.524620195476,75.60363951573592
true,20330,85270200320,85.270200320,2.516164541244507,0.13453926146030426,29752.473278681544,76.58421867948762
true,20340,85312143360,85.312143360,2.468639850616455,0.1379510909318924,29745.3930068106,76.56599373784341
true,20350,85354086400,85.354086400,2.539677858352661,0.08711010217666626,29721.910658362085,76.50554910549828
true,20360,85396029440,85.396029440,2.471559524536133,0.20513473451137543,29710.178693903585,76.4753504956814
true,20370,85437972480,85.437972480,2.493823528289795,0.09572716057300568,29747.929227526292,76.57252208525477
true,20380,85479915520,85.479915520,2.4872398376464844,0.09488449990749359,29771.37033403318,76.63286055896744
true,20390,85521858560,85.521858560,2.4934301376342773,0.311124324798584,27616.43819095918,71.08596726580087
true,20400,85563801600,85.563801600,2.5065529346466064,0.1660558432340622,29595.66706411839,76.18059235525152
true,20410,85605744640,85.605744640,2.5062947273254395,0.07737082242965698,29749.887706602654,76.57756329942404
true,20420,85647687680,85.647687680,2.4930849075317383,0.09707055985927582,29758.64041690699,76.60009317361994
true,20430,85689630720,85.689630720,2.4895291328430176,0.13118046522140503,29784.042688181587,76.66547977459348
true,20440,85731573760,85.731573760,2.4873368740081787,0.16485127806663513,29760.97468551396,76.60610168712327
true,20450,85773516800,85.773516800,2.504987955093384,0.09866327792406082,29768.435129972542,76.6253052102896
true,20460,85815459840,85.815459840,2.4697041511535645,0.1299925595521927,29765.327649223156,76.61730641358372
true,20470,85857402880,85.857402880,2.50413179397583,0.08177688717842102,28043.895962112474,72.18626299972586
true,20480,85899345920,85.899345920,2.493124485015869,0.14107877016067505,29753.8290374048,76.5877084640701
true,20490,85941288960,85.941288960,2.4656715393066406,0.08341314643621445,29731.032145421796,76.529028227826
true,20500,85983232000,85.983232000,2.4932491779327393,0.1707901805639267,28196.664043023302,72.57949498437917
true,20510,86025175040,86.025175040,2.5216166973114014,0.10706529021263123,29777.48633167076,76.64860341490187
true,20520,86067118080,86.067118080,2.4937007427215576,0.2053392082452774,26896.354495493873,69.23243910078061
true,20530,86109061120,86.109061120,2.4722464084625244,0.12165085226297379,29762.57359151664,76.61021734385575
true,20540,86151004160,86.151004160,2.4998726844787598,0.11740605533123016,29736.531944909,76.54318496171082
true,20550,86192947200,86.192947200,2.48687744140625,0.1171092838048935,29762.50883832505,76.61005066619713
true,20560,86234890240,86.234890240,2.4861698150634766,0.17641881108283997,29723.688886133725,76.51012634461549
true,20570,86276833280,86.276833280,2.5019423961639404,0.12988051772117615,29736.778514124133,76.54381964207889
true,20580,86318776320,86.318776320,2.501689910888672,0.19251535832881927,29691.35013286214,76.42688492366956
true,20590,86360719360,86.360719360,2.4600536823272705,0.1168811246752739,29749.711232897225,76.57710904808428
true,20600,86402662400,86.402662400,2.4932849407196045,0.1184716671705246,29715.860384016094,76.48997542430396
true,20610,86444605440,86.444605440,2.509063243865967,0.08020209521055222,29769.049171494647,76.62688578108002
true,20620,86486548480,86.486548480,2.5216572284698486,0.14119312167167664,29775.139540696146,76.642562668255
true,20630,86528491520,86.528491520,2.474600315093994,0.14236605167388916,27906.626711656387,71.83292570919441
true,20640,86570434560,86.570434560,2.4611387252807617,0.12861059606075287,29704.533831530327,76.46082036333375
true,20650,86612377600,86.612377600,2.459933280944824,0.15452705323696136,27196.873730498406,70.00598927240519
true,20660,86654320640,86.654320640,2.4649534225463867,0.10318443924188614,29739.350175814816,76.55043921617091
true,20670,86696263680,86.696263680,2.4974656105041504,0.1648513525724411,29735.840929253205,76.54140625600127
true,20680,86738206720,86.738206720,2.4934093952178955,0.08855954557657242,29732.733315874444,76.53340711790133
true,20690,86780149760,86.780149760,2.4872727394104004,0.10258568078279495,29733.081353710037,76.53430298311093
true,20700,86822092800,86.822092800,2.505514144897461,0.14234144985675812,29746.2475784469,76.56819344408157
true,20710,86864035840,86.864035840,2.4781007766723633,0.1004733145236969,29703.16268119678,76.45729096004672
true,20720,86905978880,86.905978880,2.5159003734588623,0.2606707811355591,29751.96224177983,76.58290324727238
true,20730,86947921920,86.947921920,2.519320011138916,0.11554427444934845,29737.6882101518,76.5461612410062
true,20740,86989864960,86.989864960,2.4861392974853516,0.113164521753788,29738.178034242763,76.54742207048231
true,20750,87031808000,87.031808000,2.4929847717285156,0.13571104407310486,29744.893921241688,76.56470906890208
true,20760,87073751040,87.073751040,2.4708375930786133,0.09899876266717911,29735.478424550158,76.54047315241722
true,20770,87115694080,87.115694080,2.458134174346924,0.16255074739456177,29773.45653091816,76.63823052458176
true,20780,87157637120,87.157637120,2.4905025959014893,0.13184967637062073,29761.79097794228,76.60820286094003
true,20790,87199580160,87.199580160,2.5015177726745605,0.09525439143180847,29731.474856858527,76.53016778718852
true,20800,87241523200,87.241523200,2.4972593784332275,0.1338185966014862,29758.67315504571,76.60017744307717
true,20810,87283466240,87.283466240,2.494732618331909,0.0923522487282753,29749.068758057452,76.57545528864169
true,20820,87325409280,87.325409280,2.4963555335998535,0.24331921339035034,29763.26111684239,76.61198706529713
true,20830,87367352320,87.367352320,2.453141689300537,0.09893761575222015,29749.405971068747,76.57632329026147
true,20840,87409295360,87.409295360,2.5217065811157227,0.11862384527921677,29782.0413034558,76.66032811933223
true,20850,87451238400,87.451238400,2.460657835006714,0.20616109669208527,27078.848149894293,69.70218606283352
true,20860,87493181440,87.493181440,2.4860305786132812,0.12713491916656494,29773.98152029546,76.63958187110342
true,20870,87535124480,87.535124480,2.5165634155273438,0.1664164960384369,29765.764223468213,76.61843017553588
true,20880,87577067520,87.577067520,2.4989099502563477,0.08973640203475952,29761.89720520904,76.60847629475344
true,20890,87619010560,87.619010560,2.5141382217407227,0.08254531770944595,29742.88823359032,76.55954633771479
true,20900,87660953600,87.660953600,2.5162606239318848,0.15366162359714508,29729.736871479265,76.52569413381858
true,20910,87702896640,87.702896640,2.4908628463745117,0.10338513553142548,29721.788261010377,76.50523404915114
true,20920,87744839680,87.744839680,2.5096850395202637,0.11516719311475754,29753.609951852985,76.58714452790075
true,20930,87786782720,87.786782720,2.5141754150390625,0.11353341490030289,29750.42958103514,76.57895810884527
true,20940,87828725760,87.828725760,2.540300130844116,0.09545496106147766,29731.968368068152,76.53143810747565
true,20950,87870668800,87.870668800,2.517071485519409,0.16623707115650177,29744.540771280903,76.56380004484986
true,20960,87912611840,87.912611840,2.4649758338928223,0.0829477459192276,29767.235881926346,76.62221829130438
true,20970,87954554880,87.954554880,2.4658029079437256,0.16649393737316132,29707.559256699355,76.46860794524578
true,20980,87996497920,87.996497920,2.4707648754119873,0.09988802671432495,29712.490722262366,76.48130176177492
true,20990,88038440960,88.038440960,2.4831604957580566,0.0840989500284195,29708.588295837293,76.47125673876393
true,21000,88080384000,88.080384000,2.4643726348876953,0.11083048582077026,29738.829012346763,76.54909771771356
true,21010,88122327040,88.122327040,2.4825174808502197,0.0900091677904129,23698.331320471487,61.00058207552033
true,21020,88164270080,88.164270080,2.4796762466430664,0.1340557336807251,29767.154441660725,76.62200866035865
true,21030,88206213120,88.206213120,2.4540131092071533,0.10529351234436035,29717.861622267064,76.49512670253237
true,21040,88248156160,88.248156160,2.496082067489624,0.1364479959011078,28186.163785398036,72.5524668439408
true,21050,88290099200,88.290099200,2.47654128074646,0.10686604678630829,29760.569179103626,76.60505789518994
true,21060,88332042240,88.332042240,2.4956021308898926,0.1063850075006485,23400.010958744253,60.23269190366587
true,21070,88373985280,88.373985280,2.476982355117798,0.1577960103750229,29747.24861618129,76.57077016071413
true,21080,88415928320,88.415928320,2.5012705326080322,0.08895564824342728,29750.580077123213,76.5793454926171
true,21090,88457871360,88.457871360,2.4896068572998047,0.10387635976076126,29741.435732639842,76.55580753424182
true,21100,88499814400,88.499814400,2.496436595916748,0.10113326460123062,29748.420502037836,76.57378664817938
true,21110,88541757440,88.541757440,2.492469072341919,0.09723173826932907,29738.783533667716,76.54898065352637
true,21120,88583700480,88.583700480,2.517134428024292,0.11398471146821976,29732.567133518154,76.53297935696209
true,21130,88625643520,88.625643520,2.4816927909851074,0.18250007927417755,29716.83515328879,76.49248452472203
true,21140,88667586560,88.667586560,2.511108875274658,0.11328791081905365,29753.803930058264,76.58764383661881
true,21150,88709529600,88.709529600,2.4967470169067383,0.10213106870651245,29728.39328693977,76.5222356861385
true,21160,88751472640,88.751472640,2.470196008682251,0.10276045650243759,29753.56485191781,76.58702843861748
true,21170,88793415680,88.793415680,2.490104913711548,0.08455423265695572,29729.357883563865,76.52471860169665
true,21180,88835358720,88.835358720,2.48294997215271,0.17035852372646332,28420.42728530483,73.15547174163244
true,21190,88877301760,88.877301760,2.5428590774536133,0.08382856100797653,29748.74088942946,76.57461133988929
true,21200,88919244800,88.919244800,2.469667673110962,0.09207630902528763,29786.523117866804,76.67186451335628
true,21210,88961187840,88.961187840,2.4700160026550293,0.16054034233093262,29734.615225350346,76.5382512384384
true,21220,89003130880,89.003130880,2.501631021499634,0.13294261693954468,29774.79533520725,76.64167666768
true,21230,89045073920,89.045073920,2.474508047103882,0.08979228883981705,29740.39264428085,76.55312257739004
true,21240,89087016960,89.087016960,2.485689163208008,0.14167693257331848,29754.045184764767,76.58826483720007
true,21250,89128960000,89.128960000,2.488743782043457,0.11417839676141739,29707.60575739076,76.46872764013924
true,21260,89170903040,89.170903040,2.4671497344970703,0.09608128666877747,29729.68410170292,76.5255583020155
true,21270,89212846080,89.212846080,2.489673137664795,0.11563117802143097,29736.487819081594,76.54307137982525
true,21280,89254789120,89.254789120,2.4881675243377686,0.08917633444070816,28485.159206684824,73.3220946497878
true,21290,89296732160,89.296732160,2.4832797050476074,0.087592214345932,29773.22392670548,76.63763179076483
true,21300,89338675200,89.338675200,2.4838969707489014,0.1164611428976059,29689.4814708603,76.42207490273293
true,21310,89380618240,89.380618240,2.5108566284179688,0.15256504714488983,29738.10852104608,76.54724314035418
true,21320,89422561280,89.422561280,2.488856792449951,0.14958523213863373,29715.832433191506,76.48990347761091
true,21330,89464504320,89.464504320,2.480544328689575,0.09144928306341171,27220.347004009283,70.06641054544835
true,21340,89506447360,89.506447360,2.491377830505371,0.10189870744943619,29718.96276041526,76.49796108218034
true,21350,89548390400,89.548390400,2.473013401031494,0.1267220675945282,29741.604345956996,76.55624155258484
true,21360,89590333440,89.590333440,2.5229334831237793,0.10963825136423111,29769.060465445426,76.62691485222271
true,21370,89632276480,89.632276480,2.4674596786499023,0.11278904974460602,29756.0591758563,76.5934489418198
true,21380,89674219520,89.674219520,2.517597198486328,0.0726938396692276,29760.9369466316,76.60600454552458
true,21390,89716162560,89.716162560,2.508492946624756,0.17991428077220917,29771.899601765195,76.6342229181686
true,21400,89758105600,89.758105600,2.509131669998169,0.14433689415454865,29719.170451412076,76.49849568824717
true,21410,89800048640,89.800048640,2.4896841049194336,0.12493277341127396,27494.76948982489,70.77278649837895
true,21420,89841991680,89.841991680,2.489886999130249,0.10762840509414673,29741.11974494794,76.55499416755899
true,21430,89883934720,89.883934720,2.534426689147949,0.1356850564479828,29735.910639181373,76.54158569252517
true,21440,89925877760,89.925877760,2.4794275760650635,0.10421429574489594,29746.608213115367,76.5691217341116
true,21450,89967820800,89.967820800,2.486649990081787,0.09866102784872055,29741.178253324804,76.55514477078066
true,21460,90009763840,90.009763840,2.5144245624542236,0.1358092725276947,29672.64128574958,76.37872750075253
true,21470,90051706880,90.051706880,2.4949209690093994,0.11864874511957169,29760.435174473063,76.60471296117942
true,21480,90093649920,90.093649920,2.5099313259124756,0.15428991615772247,29742.970835999327,76.55975896007043
true,21490,90135592960,90.135592960,2.5351390838623047,0.1760813295841217,29741.753507032226,76.55662549997291
true,21500,90177536000,90.177536000,2.4854586124420166,0.11413267254829407,27727.852894860647,71.37275377822888
true,21510,90219479040,90.219479040,2.469980478286743,0.13020896911621094,29749.232046116376,76.57587559952795
true,21520,90261422080,90.261422080,2.5114235877990723,0.0791664868593216,29745.337811326026,76.5658516621571
true,21530,90303365120,90.303365120,2.4873228073120117,0.11417920142412186,29760.862473571113,76.60581284848156
true,21540,90345308160,90.345308160,2.5043439865112305,0.1058654859662056,29742.528897204607,76.55862138952357
true,21550,90387251200,90.387251200,2.502737522125244,0.09765318036079407,29751.680665118103,76.58217845614544
true,21560,90429194240,90.429194240,2.4917118549346924,0.1477423459291458,29749.03521853249,76.57536895637982
true,21570,90471137280,90.471137280,2.4926514625549316,0.08184284716844559,29696.781424766647,76.44086531592237
true,21580,90513080320,90.513080320,2.479203462600708,0.10711392015218735,29750.9313642698,76.5802497217009
true,21590,90555023360,90.555023360,2.4845423698425293,0.1579742431640625,29733.74596902269,76.53601373313717
true,21600,90596966400,90.596966400,2.4794881343841553,0.0793452337384224,29718.685436529955,76.49724723789323
true,21610,90638909440,90.638909440,2.500363349914551,0.17228959500789642,29765.408447448746,76.61751439188922
true,21620,90680852480,90.680852480,2.451679229736328,0.10093566030263901,29760.823928169146,76.60571363086474
true,21630,90722795520,90.722795520,2.4921793937683105,0.20649412274360657,29724.567326852233,76.51238749095626
true,21640,90764738560,90.764738560,2.4971282482147217,0.11104713380336761,29652.96794739314,76.3280874335308
true,21650,90806681600,90.806681600,2.4927310943603516,0.11804410070180893,25727.14400220337,66.22283814217154
true,21660,90848624640,90.848624640,2.504028558731079,0.15170016884803772,29760.317101419023,76.60440903577107
true,21670,90890567680,90.890567680,2.501213788986206,0.08034791052341461,29699.25288488223,76.4472269666052
true,21680,90932510720,90.932510720,2.479246139526367,0.12261717021465302,29767.605807616426,76.62317049684638
true,21690,90974453760,90.974453760,2.477147102355957,0.08486752957105637,29743.29604171476,76.56059605436484
true,21700,91016396800,91.016396800,2.4741687774658203,0.11212782561779022,29759.07762562788,76.60121856874173
true,21710,91058339840,91.058339840,2.4564878940582275,0.1017511859536171,29763.41750720825,76.6123896212079
true,21720,91100282880,91.100282880,2.486070156097412,0.08743178844451904,29745.32862634853,76.56582801960751
true,21730,91142225920,91.142225920,2.515460252761841,0.12713509798049927,29741.845591424903,76.55686252938554
true,21740,91184168960,91.184168960,2.4501149654388428,0.12474086135625839,27885.101106042846,71.77751782185426
true,21750,91226112000,91.226112000,2.4974000453948975,0.10463553667068481,29747.18396738162,76.57060375176505
true,21760,91268055040,91.268055040,2.4661269187927246,0.0921233743429184,29756.09525404188,76.5935418087095
true,21770,91309998080,91.309998080,2.488168478012085,0.09540867060422897,29741.65596386652,76.55637441943034
true,21780,91351941120,91.351941120,2.4886343479156494,0.15862572193145752,29748.202685814707,76.57322597931976
true,21790,91393884160,91.393884160,2.5256404876708984,0.1651499718427658,29723.48495876799,76.50960142630615
true,21800,91435827200,91.435827200,2.4834725856781006,0.11993828415870667,29743.591825795334,76.56135741603372
true,21810,91477770240,91.477770240,2.496685266494751,0.12141115218400955,29737.238109164984,76.54500266060587
true,21820,91519713280,91.519713280,2.483430862426758,0.08952512592077255,29750.03809281502,76.57795040037077
true,21830,91561656320,91.561656320,2.4630396366119385,0.213914155960083,29748.1221432013,76.57301865897162
true,21840,91603599360,91.603599360,2.45064377784729,0.09333746135234833,29745.356269313015,76.56589917385466
true,21850,91645542400,91.645542400,2.4445722103118896,0.14458616077899933,29669.022258162182,76.36941195923218
true,21860,91687485440,91.687485440,2.4614808559417725,0.1980786919593811,29761.136867005396,76.60651914965453
true,21870,91729428480,91.729428480,2.486274003982544,0.11236374080181122,29729.174057111566,76.52424542405222
true,21880,91771371520,91.771371520,2.507382869720459,0.14957422018051147,29739.69424098783,76.55132485556643
true,21890,91813314560,91.813314560,2.503431797027588,0.122142493724823,29755.755244554177,76.59266660883233
true,21900,91855257600,91.855257600,2.4784576892852783,0.14473092555999756,29751.75130344494,76.58236028240972
true,21910,91897200640,91.897200640,2.480435371398926,0.10259761661291122,29760.614660248466,76.6051749657242
true,21920,91939143680,91.939143680,2.486422300338745,0.10439863055944443,29751.788144793863,76.58245511371655
true,21930,91981086720,91.981086720,2.484611988067627,0.26259908080101013,29758.288733750473,76.59918792518857
true,21940,92023029760,92.023029760,2.489773988723755,0.0947461798787117,29717.241514378755,76.49353051663958
true,21950,92064972800,92.064972800,2.4619462490081787,0.11557459086179733,29761.803995905713,76.60823636976967
true,21960,92106915840,92.106915840,2.484079360961914,0.0917544811964035,29745.978142088832,76.56749990264812
true,21970,92148858880,92.148858880,2.5004470348358154,0.1254749298095703,29754.118306481836,76.58845305582372
true,21980,92190801920,92.190801920,2.483592987060547,0.06833001971244812,29723.184100547078,76.50882700356938
true,21990,92232744960,92.232744960,2.494187116622925,0.23307859897613525,29750.2350380646,76.57845734639575
true,22000,92274688000,92.274688000,2.5106918811798096,0.11375246942043304,29748.38307669306,76.57369031364068
true,22010,92316631040,92.316631040,2.5028762817382812,0.1310129165649414,23835.451369349666,61.35353531440797
true,22020,92358574080,92.358574080,2.529383897781372,0.0894780233502388,29736.14548049611,76.5421901847445
true,22030,92400517120,92.400517120,2.4865384101867676,0.15284155309200287,29740.841385189826,76.55427765688817
true,22040,92442460160,92.442460160,2.452700138092041,0.10667239129543304,29716.712644633903,76.49216918187547
true,22050,92484403200,92.484403200,2.5154271125793457,0.10038208961486816,26684.573870701013,68.68730614563782
true,22060,92526346240,92.526346240,2.4684031009674072,0.06947053223848343,29753.618799754437,76.58716730280128
true,22070,92568289280,92.568289280,2.4903576374053955,0.17772415280342102,29751.527731446902,76.58178479792386
true,22080,92610232320,92.610232320,2.5010175704956055,0.0837499275803566,29731.897235738925,76.53125500962676
true,22090,92652175360,92.652175360,2.469238042831421,0.08628525584936142,29754.43893236288,76.58927836141622
true,22100,92694118400,92.694118400,2.5034379959106445,0.13287203013896942,29750.25356124511,76.57850502590439
true,22110,92736061440,92.736061440,2.451528549194336,0.12027313560247421,29743.82372207392,76.56195432759613
true,22120,92778004480,92.778004480,2.460136890411377,0.14045768976211548,29742.20068244827,76.55777654982109
true,22130,92819947520,92.819947520,2.506927013397217,0.12467114627361298,29749.142667776312,76.57564553561775
true,22140,92861890560,92.861890560,2.47611665725708,0.10302361845970154,29750.549046008568,76.57926561711741
true,22150,92903833600,92.903833600,2.469250440597534,0.13361212611198425,29749.69840788048,76.57707603590819
true,22160,92945776640,92.945776640,2.4937782287597656,0.12148548662662506,28594.589654064202,73.60377359572946
true,22170,92987719680,92.987719680,2.4645540714263916,0.1352723389863968,29724.394602507116,76.51194289064038
true,22180,93029662720,93.029662720,2.491405963897705,0.0734814777970314,29759.769346633526,76.60299909005387
true,22190,93071605760,93.071605760,2.5223777294158936,0.09060479700565338,29717.60005551139,76.49445341781322
true,22200,93113548800,93.113548800,2.5199503898620605,0.12280987203121185,29730.55767518848,76.52780691987743
true,22210,93155491840,93.155491840,2.4990782737731934,0.17158356308937073,29747.910640588674,76.57247424163242
true,22220,93197434880,93.197434880,2.4818105697631836,0.08508625626564026,29692.43934046532,76.42968859355233
true,22230,93239377920,93.239377920,2.4833858013153076,0.07733415812253952,27236.270843318132,70.10739923168036
true,22240,93281320960,93.281320960,2.4737682342529297,0.09267570078372955,29755.238429261663,76.59133630277648
true,22250,93323264000,93.323264000,2.5027153491973877,0.08188260346651077,29738.47489288039,76.54818619810989
true,22260,93365207040,93.365207040,2.496828079223633,0.1653427928686142,29736.903399970677,76.54414110392483
true,22270,93407150080,93.407150080,2.508620023727417,0.11177382618188858,29745.96769302025,76.5674730062706
true,22280,93449093120,93.449093120,2.4962892532348633,0.14385974407196045,29762.00487074336,76.60875343073296
true,22290,93491036160,93.491036160,2.4937474727630615,0.11865874379873276,29743.749433956615,76.56176310660526
true,22300,93532979200,93.532979200,2.4724628925323486,0.09896659851074219,29736.61545699286,76.5433999256109
true,22310,93574922240,93.574922240,2.475764513015747,0.1289256066083908,29772.668907100677,76.6362031450725
true,22320,93616865280,93.616865280,2.496896266937256,0.08452890068292618,29727.064290771184,76.51881478958829
true,22330,93658808320,93.658808320,2.4757328033447266,0.12250088155269623,29771.801835569186,76.63397126353591
true,22340,93700751360,93.700751360,2.5200510025024414,0.133823961019516,29735.3747153643,76.54020620025851
true,22350,93742694400,93.742694400,2.4924614429473877,0.1533244550228119,29760.457225721286,76.60476972209473
true,22360,93784637440,93.784637440,2.458493947982788,0.09227101504802704,29748.79882915526,76.57476047937726
true,22370,93826580480,93.826580480,2.4844071865081787,0.3717232942581177,29772.00376742412,76.63449104530974
true,22380,93868523520,93.868523520,2.4947774410247803,0.13660436868667603,27910.54903869573,71.84302195729117
true,22390,93910466560,93.910466560,2.5501227378845215,0.16496393084526062,29738.578771993125,76.5484535876681
true,22400,93952409600,93.952409600,2.4642369747161865,0.1708391010761261,29733.447003662495,76.53524418270995
true,22410,93994352640,93.994352640,2.4866907596588135,0.08155617862939835,29713.154214119128,76.48300961997462
true,22420,94036295680,94.036295680,2.4550225734710693,0.13466179370880127,27401.119863718755,70.53172810374447
true,22430,94078238720,94.078238720,2.4758028984069824,0.07242727279663086,29734.15426525173,76.53706470619066
true,22440,94120181760,94.120181760,2.496579170227051,0.09904519468545914,29729.88427565345,76.52607355886349
true,22450,94162124800,94.162124800,2.505333423614502,0.1892121583223343,29755.73920331028,76.59262531794134
true,22460,94204067840,94.204067840,2.5148186683654785,0.0959383025765419,29742.083977177503,76.55747614514904
true,22470,94246010880,94.246010880,2.489105701446533,0.223279669880867,29660.858394486197,76.3483978030249
true,22480,94287953920,94.287953920,2.4858555793762207,0.08437599241733551,29706.667279787423,76.46631195612781
true,22490,94329896960,94.329896960,2.4822065830230713,0.1894383281469345,29737.27623534366,76.54510079912289
true,22500,94371840000,94.371840000,2.4793384075164795,0.08809442818164825,29739.499834621234,76.55082444474168
true,22510,94413783040,94.413783040,2.5131168365478516,0.17433269321918488,29760.30277453204,76.60437215771272
true,22520,94455726080,94.455726080,2.4844367504119873,0.1023755818605423,29745.415932272197,76.5660527490237
true,22530,94497669120,94.497669120,2.4899327754974365,0.2083677351474762,29721.687543404947,76.50497479745644
true,22540,94539612160,94.539612160,2.4804773330688477,0.09755350649356842,29750.76685382757,76.57982626434442
true,22550,94581555200,94.581555200,2.5035643577575684,0.1271924525499344,29764.016427136812,76.61393126832914
true,22560,94623498240,94.623498240,2.507988452911377,0.12183590233325958,29753.65694656115,76.5872654944158
true,22570,94665441280,94.665441280,2.4678244590759277,0.12046226114034653,29752.598252361153,76.58454036741988
true,22580,94707384320,94.707384320,2.46270751953125,0.10936171561479568,29715.694451706,76.48954830699499
true,22590,94749327360,94.749327360,2.495241403579712,0.1356789767742157,29736.812119008937,76.54390614257996
true,22600,94791270400,94.791270400,2.492374897003174,0.10412632673978806,29728.62640820423,76.52283575087023
true,22610,94833213440,94.833213440,2.4537136554718018,0.1716250777244568,29746.547109356616,76.56896445025899
true,22620,94875156480,94.875156480,2.452430009841919,0.10954271256923676,29753.182522580893,76.5860443055247
true,22630,94917099520,94.917099520,2.5090880393981934,0.1750686764717102,29704.653891201135,76.46112940238396
true,22640,94959042560,94.959042560,2.477788209915161,0.09889744967222214,29745.49335453185,76.56625203743943
true,22650,95000985600,95.000985600,2.4847922325134277,0.10677524656057358,27505.240359476287,70.79973899283667
true,22660,95042928640,95.042928640,2.4742488861083984,0.09469562768936157,29710.97807453144,76.47740813775499
true,22670,95084871680,95.084871680,2.474031448364258,0.1099301353096962,29727.026041332363,76.51871633379406
true,22680,95126814720,95.126814720,2.5063133239746094,0.09117697179317474,29761.11138608034,76.60645356059516
true,22690,95168757760,95.168757760,2.4804768562316895,0.09222374111413956,29721.773113782085,76.50519505949697
true,22700,95210700800,95.210700800,2.485567331314087,0.10957149416208267,29771.123316788613,76.63222472535124
true,22710,95252643840,95.252643840,2.496047019958496,0.22168630361557007,29748.485888147938,76.57395495499904
true,22720,95294586880,95.294586880,2.5350027084350586,0.1266850382089615,29733.190549617204,76.53458405833972
true,22730,95336529920,95.336529920,2.4820268154144287,0.11242128163576126,29751.08327547435,76.58064074804683
true,22740,95378472960,95.378472960,2.4730634689331055,0.13784103095531464,29734.061940763295,76.53682705876064
true,22750,95420416000,95.420416000,2.5234603881835938,0.1647523045539856,29684.09831904813,76.40821842526611
true,22760,95462359040,95.462359040,2.491577386856079,0.10076451301574707,28089.50977360466,72.30367502397681
true,22770,95504302080,95.504302080,2.4407083988189697,0.1211974248290062,29767.550470481114,76.62302805654463
true,22780,95546245120,95.546245120,2.4415433406829834,0.09267916530370712,29720.703580989524,76.50244203347108
true,22790,95588188160,95.588188160,2.4879343509674072,0.0926327109336853,29733.4851502731,76.53534237381966
true,22800,95630131200,95.630131200,2.484701156616211,0.20185229182243347,29747.662018008607,76.57183427580968
true,22810,95672074240,95.672074240,2.4873030185699463,0.0829797014594078,29762.24375222015,76.60936832251306
true,22820,95714017280,95.714017280,2.4672696590423584,0.1509815752506256,28497.208223387093,73.3531093664924
true,22830,95755960320,95.755960320,2.4556422233581543,0.09354769438505173,28426.31243325107,73.17062037996762
true,22840,95797903360,95.797903360,2.4468727111816406,0.13304100930690765,29737.531052024515,76.54575670884263
true,22850,95839846400,95.839846400,2.532287836074829,0.1326172649860382,29738.16330765288,76.54738416357053
true,22860,95881789440,95.881789440,2.4874720573425293,0.09616095572710037,29762.876492662406,76.61099702517396
true,22870,95923732480,95.923732480,2.4955406188964844,0.11338984966278076,29762.648779338684,76.61041088072751
true,22880,95965675520,95.965675520,2.5017826557159424,0.18862318992614746,27388.68889399292,70.49973022259475
true,22890,96007618560,96.007618560,2.4646542072296143,0.10111425817012787,29758.675020117516,76.60018224385678
true,22900,96049561600,96.049561600,2.463592290878296,0.18807150423526764,29741.447156491213,76.55583693975454
true,22910,96091504640,96.091504640,2.4795567989349365,0.07644843310117722,26432.04132838302,68.03727590232269
true,22920,96133447680,96.133447680,2.4858062267303467,0.20233841240406036,29768.942823903377,76.62661203754583
true,22930,96175390720,96.175390720,2.488070487976074,0.08396946638822556,28077.762138340157,72.27343607679293
true,22940,96217333760,96.217333760,2.502882719039917,0.11496839672327042,29730.44650393738,76.52752076002356
true,22950,96259276800,96.259276800,2.491826057434082,0.07813536375761032,27107.266290706535,69.77533564908956
true,22960,96301219840,96.301219840,2.4509975910186768,0.12811528146266937,29745.979386924206,76.56750310691096
true,22970,96343162880,96.343162880,2.4968528747558594,0.16908511519432068,29746.573876878916,76.56903335107816
true,22980,96385105920,96.385105920,2.4716625213623047,0.12215710431337357,29754.04952518115,76.58827600962915
true,22990,96427048960,96.427048960,2.4793508052825928,0.11365597695112228,27009.302961840993,69.52317358746407
true,23000,96468992000,96.468992000,2.443373680114746,0.1211320012807846,29746.496430132556,76.56883399963253
true,23010,96510935040,96.510935040,2.4793012142181396,0.09545864164829254,23313.68251961239,60.01047857710283
true,23020,96552878080,96.552878080,2.503952980041504,0.2355959564447403,29760.404030916518,76.60463279624918
true,23030,96594821120,96.594821120,2.4955620765686035,0.17597678303718567,29764.91808095935,76.61625216625491
true,23040,96636764160,96.636764160,2.498885154724121,0.08077116310596466,29723.059478053143,76.50850621960502
true,23050,96678707200,96.678707200,2.4906725883483887,0.12912297248840332,29697.602846195314,76.44297969201915
true,23060,96720650240,96.720650240,2.4518356323242188,0.14255353808403015,29754.47209279572,76.58936371787773
true,23070,96762593280,96.762593280,2.487417697906494,0.11065317690372467,29744.81238315149,76.56449918615142
true,23080,96804536320,96.804536320,2.505932092666626,0.1512771099805832,29756.860940515107,76.59551272049745
true,23090,96846479360,96.846479360,2.4768311977386475,0.13122397661209106,29771.022430802546,76.63196504023713
true,23100,96888422400,96.888422400,2.499898910522461,0.11130150407552719,29751.70508332934,76.58224130973115
true,23110,96930365440,96.930365440,2.477527618408203,0.16540035605430603,29765.559469062537,76.61790312838812
true,23120,96972308480,96.972308480,2.509965419769287,0.14248883724212646,29796.513533502937,76.69758029733867
true,23130,97014251520,97.014251520,2.5123190879821777,0.12539386749267578,27037.822435208804,69.59658400832443
true,23140,97056194560,97.056194560,2.501995801925659,0.14182713627815247,29771.958791833567,76.6343752760952
true,23150,97098137600,97.098137600,2.4798779487609863,0.11101504415273666,29764.43542167445,76.6150097793153
true,23160,97140080640,97.140080640,2.4543848037719727,0.19676341116428375,29753.310898897933,76.58637475200037
true,23170,97182023680,97.182023680,2.5028011798858643,0.1288958042860031,29753.71945459658,76.58742639294043
true,23180,97223966720,97.223966720,2.484912872314453,0.11283103376626968,29740.764965066388,76.5540809480166
true,23190,97265909760,97.265909760,2.4644904136657715,0.1132877767086029,29790.877989474247,76.68307415083353
true,23200,97307852800,97.307852800,2.4570255279541016,0.11145196110010147,29742.115210625278,76.5575565414634
true,23210,97349795840,97.349795840,2.443833827972412,0.11981230974197388,29742.05710711222,76.55740698037958
true,23220,97391738880,97.391738880,2.6196303367614746,0.13373742997646332,29748.60231290823,76.57425463762436
true,23230,97433681920,97.433681920,2.465460777282715,0.20795144140720367,29746.230774132528,76.56815018901251
true,23240,97475624960,97.475624960,2.474217653274536,0.09238651394844055,29753.159329768587,76.58598460617154
true,23250,97517568000,97.517568000,2.4831156730651855,0.14416320621967316,29729.778531763015,76.5258013692827
true,23260,97559511040,97.559511040,2.5016016960144043,0.10315961390733719,29784.366964717687,76.66631447713806
true,23270,97601454080,97.601454080,2.4667792320251465,0.17499499022960663,29765.637470888378,76.61810390863357
true,23280,97643397120,97.643397120,2.4647326469421387,0.09326624870300293,29746.658890205385,76.56925217924494
true,23290,97685340160,97.685340160,2.497412919998169,0.2589839696884155,29747.07219893412,76.5703160547005
true,23300,97727283200,97.727283200,2.473998785018921,0.09263813495635986,29757.21597994553,76.5964266081304
true,23310,97769226240,97.769226240,2.4944560527801514,0.11286836862564087,29743.335923374187,76.5606987115691
true,23320,97811169280,97.811169280,2.4605860710144043,0.12653064727783203,28762.320974026323,74.03552163788575
true,23330,97853112320,97.853112320,2.4461581707000732,0.08947011828422546,29750.456254922163,76.57902676864299
true,23340,97895055360,97.895055360,2.4491732120513916,0.15904481709003448,29733.77453149035,76.5360872542273
true,23350,97936998400,97.936998400,2.488075017929077,0.1113097071647644,29735.997372122885,76.54180894705925
true,23360,97978941440,97.978941440,2.4486448764801025,0.08166544884443283,29756.80120017653,76.59535894615033
true,23370,98020884480,98.020884480,2.4721198081970215,0.09355739504098892,29779.2276096512,76.65308554357692
true,23380,98062827520,98.062827520,2.474773406982422,0.15015697479248047,29744.40788911643,76.56345800011808
true,23390,98104770560,98.104770560,2.471463918685913,0.11087001115083694,29709.778881741484,76.47432136100186
true,23400,98146713600,98.146713600,2.4911868572235107,0.14939355850219727,29728.526837386664,76.52257945105963
true,23410,98188656640,98.188656640,2.4869213104248047,0.08942161500453949,29794.04012625443,76.69121363464718
true,23420,98230599680,98.230599680,2.46044659614563,0.13843722641468048,29751.511335007865,76.58174259274443
true,23430,98272542720,98.272542720,2.444777011871338,0.11305156350135803,29751.709670868142,76.58225311826455
true,23440,98314485760,98.314485760,2.4666545391082764,0.1731657087802887,29722.795723188174,76.50782730259307
true,23450,98356428800,98.356428800,2.440642833709717,0.09988211840391159,29754.44472728693,76.58929327781416
true,23460,98398371840,98.398371840,2.4615695476531982,0.08238650858402252,29720.660825179217,76.50233197807181
true,23470,98440314880,98.440314880,2.51882004737854,0.11958715319633484,29786.870381084103,76.67275838466318
true,23480,98482257920,98.482257920,2.488247871398926,0.18973593413829803,29782.17277759346,76.660666539739
true,23490,98524200960,98.524200960,2.4676406383514404,0.09813784807920456,28132.566221519315,72.41450427812896
true,23500,98566144000,98.566144000,2.5282084941864014,0.1919158697128296,29721.415220126408,76.50427382495846
true,23510,98608087040,98.608087040,2.480910062789917,0.11356275528669357,29735.859555143037,76.54145419988836
true,23520,98650030080,98.650030080,2.4702329635620117,0.1735430657863617,29352.165721429676,75.553808830314
true,23530,98691973120,98.691973120,2.4915809631347656,0.12813903391361237,26765.091403947088,68.8945619363041
true,23540,98733916160,98.733916160,2.4807369709014893,0.13165627419948578,29759.11301139616,76.60130965331781
true,23550,98775859200,98.775859200,2.4736595153808594,0.22635063529014587,29741.287256052958,76.55542534875786
true,23560,98817802240,98.817802240,2.487076759338379,0.0942491963505745,29739.724246471655,76.55140209104576
true,23570,98859745280,98.859745280,2.463294744491577,0.1671489030122757,29740.54675941206,76.55351927674339
true,23580,98901688320,98.901688320,2.4651355743408203,0.121837317943573,29665.046402796095,76.35917792678914
true,23590,98943631360,98.943631360,2.490190267562866,0.16754066944122314,29739.62506634258,76.55114679688509
true,23600,98985574400,98.985574400,2.508500099182129,0.15258397161960602,27232.33855108163,70.09727733271312
true,23610,99027517440,99.027517440,2.4650769233703613,0.1637672334909439,29740.547560089406,76.55352133772328
true,23620,99069460480,99.069460480,2.4678447246551514,0.11582113057374954,29736.737564320993,76.54371423542415
true,23630,99111403520,99.111403520,2.47239089012146,0.12917105853557587,29709.268914075707,76.47300868104853
true,23640,99153346560,99.153346560,2.4450972080230713,0.1186198890209198,29769.588685086725,76.62827451359072
true,23650,99195289600,99.195289600,2.4867324829101562,0.1072685718536377,29742.378555472693,76.55823440307154
true,23660,99237232640,99.237232640,2.4722847938537598,0.09563781321048737,29732.293634728365,76.53227535864472
true,23670,99279175680,99.279175680,2.4572505950927734,0.20172765851020813,29750.958069244552,76.58031846151982
true,23680,99321118720,99.321118720,2.469271183013916,0.11224900186061859,29731.277220300122,76.5296590617032
true,23690,99363061760,99.363061760,2.4586915969848633,0.09197570383548737,27285.213240230813,70.23337918611139
true,23700,99405004800,99.405004800,2.504713773727417,0.15906096994876862,29744.761907235294,76.56436925884864
true,23710,99446947840,99.446947840,2.499842643737793,0.16277985274791718,29755.171815670656,76.59116483636517
true,23720,99488890880,99.488890880,2.4842312335968018,0.08044997602701187,29710.321325648154,76.47571763627555
true,23730,99530833920,99.530833920,2.5029306411743164,0.08851572126150131,29753.623303593686,76.58717889588823
true,23740,99572776960,99.572776960,2.495969533920288,0.20175471901893616,29726.312219727188,76.5168789245341
true,23750,99614720000,99.614720000,2.500560760498047,0.08765947818756104,29723.794382056658,76.51039789591664
true,23760,99656663040,99.656663040,2.492253541946411,0.10254903882741928,29744.028589927773,76.56248166676463
true,23770,99698606080,99.698606080,2.471724510192871,0.17503243684768677,29781.71822959415,76.65949651252635
true,23780,99740549120,99.740549120,2.476372003555298,0.09294615685939789,29775.087109787954,76.64242770871394
true,23790,99782492160,99.782492160,2.5260627269744873,0.09295020252466202,29752.372872539137,76.5839602295129
true,23800,99824435200,99.824435200,2.4766223430633545,0.19362503290176392,29748.979849806914,76.5752264347633
true,23810,99866378240,99.866378240,2.4925880432128906,0.11582952737808228,29755.2865690402,76.59146021675473
true,23820,99908321280,99.908321280,2.464874267578125,0.1710415631532669,29758.578576579257,76.59993399380527
true,23830,99950264320,99.950264320,2.509093761444092,0.12378229200839996,29767.729469133705,76.62348880721315
true,23840,99992207360,99.992207360,2.470421552658081,0.11927908658981323,29723.744919096647,76.51027057600915
true,23850,100034150400,100.034150400,2.4747931957244873,0.11470407247543335,27225.547138277372,70.07979592743726
true,23860,100076093440,100.076093440,2.49228835105896,0.13520456850528717,29748.53899885372,76.57409166436999
true,23870,100118036480,100.118036480,2.4611763954162598,0.10925880819559097,29765.323077628498,76.61729464609125
true,23880,100159979520,100.159979520,2.4870951175689697,0.10724026709794998,29745.27259245057,76.56568378580702
true,23890,100201922560,100.201922560,2.509666681289673,0.1479664146900177,29732.667619595235,76.5332380126923
true,23900,100243865600,100.243865600,2.4694595336914062,0.13712382316589355,29746.31007673063,76.5683543175049
true,23910,100285808640,100.285808640,2.470790147781372,0.09777246415615082,29741.33856992069,76.55555743298598
true,23920,100327751680,100.327751680,2.4832234382629395,0.10791966319084167,26799.10170185295,68.98210598912216
true,23930,100369694720,100.369694720,2.473083972930908,0.1215302050113678,29755.84701429004,76.59290282830402
true,23940,100411637760,100.411637760,2.469802141189575,0.12929579615592957,28877.580048031155,74.33220373371361
true,23950,100453580800,100.453580800,2.508890151977539,0.12694039940834045,25514.42085130145,65.67527908197954
true,23960,100495523840,100.495523840,2.5016355514526367,0.08680563420057297,29788.00007424706,76.67566626621718
true,23970,100537466880,100.537466880,2.4939966201782227,0.09823457151651382,29619.597696467048,76.24219089073331
true,23980,100579409920,100.579409920,2.4755351543426514,0.10036440193653107,29758.433349281917,76.5995601721403
true,23990,100621352960,100.621352960,2.4677228927612305,0.10593689233064651,29727.886376103026,76.52093087460204
true,24000,100663296000,100.663296000,2.5014896392822266,0.16092826426029205,29747.294885327454,76.57088925959961
true,24010,100705239040,100.705239040,2.4732398986816406,0.09040235728025436,23508.84543664044,60.51283679706677
true,24020,100747182080,100.747182080,2.5138204097747803,0.06993599981069565,29772.027936853232,76.63455325851893
true,24030,100789125120,100.789125120,2.4929397106170654,0.1547267884016037,29757.821619392733,76.59798555159811
true,24040,100831068160,100.831068160,2.4790701866149902,0.07690443843603134,29757.101308586658,76.59613143884005
true,24050,100873011200,100.873011200,2.4793190956115723,0.12716826796531677,29692.066582401203,76.4287290973508
true,24060,100914954240,100.914954240,2.448223352432251,0.09021089226007462,29748.293786456128,76.57346047651194
true,24070,100956897280,100.956897280,2.480656385421753,0.10454864799976349,29744.30728343518,76.56319903652128
true,24080,100998840320,100.998840320,2.4688806533813477,0.09221548587083817,29742.816126258705,76.55936073016542
true,24090,101040783360,101.040783360,2.47615385055542,0.12221105396747589,29750.35927223379,76.57877713079456
true,24100,101082726400,101.082726400,2.4636030197143555,0.14461097121238708,27073.879076008783,69.6893954407727
true,24110,101124669440,101.124669440,2.458505868911743,0.09032677114009857,26954.997867507514,69.3833898060994
true,24120,101166612480,101.166612480,2.4767518043518066,0.15862788259983063,29765.184872853322,76.61693890071757
true,24130,101208555520,101.208555520,2.436753511428833,0.10880190879106522,29763.247279338808,76.61195144693389
true,24140,101250498560,101.250498560,2.4853405952453613,0.18483030796051025,29755.060732031074,76.59087890202736
true,24150,101292441600,101.292441600,2.4733846187591553,0.10691405832767487,29747.85673734336,76.5723354922287
true,24160,101334384640,101.334384640,2.480242967605591,0.0997093990445137,29723.2623738455,76.5090284825976
true,24170,101376327680,101.376327680,2.455814838409424,0.17409232258796692,27466.28200024474,70.69945840524193
true,24180,101418270720,101.418270720,2.4853458404541016,0.11600863188505173,29748.1558290635,76.57310536791218
true,24190,101460213760,101.460213760,2.4718546867370605,0.08739986270666122,29765.84885043774,76.61864800920232
true,24200,101502156800,101.502156800,2.444443464279175,0.17060615122318268,29738.245983103367,76.54759697393827
true,24210,101544099840,101.544099840,2.5055153369903564,0.11175984889268875,29774.08594366218,76.63985066159613
true,24220,101586042880,101.586042880,2.437788963317871,0.14843454957008362,29766.18014460305,76.6195007754435
true,24230,101627985920,101.627985920,2.467721462249756,0.11808520555496216,29747.47098705944,76.57134255346283
true,24240,101669928960,101.669928960,2.5011467933654785,0.1051698848605156,29768.10584831205,76.6244576243273
true,24250,101711872000,101.711872000,2.5095245838165283,0.19412098824977875,29754.952882713034,76.59060129298021
true,24260,101753815040,101.753815040,2.4789538383483887,0.1326766461133957,29760.215946315147,76.60414865793547
true,24270,101795758080,101.795758080,2.4700980186462402,0.1685909628868103,29756.513419090734,76.59461818455381
true,24280,101837701120,101.837701120,2.4890809059143066,0.12860500812530518,29746.705573739902,76.56937234478488
true,24290,101879644160,101.879644160,2.45833420753479,0.1268133521080017,29785.59147105394,76.66946641211005
true,24300,101921587200,101.921587200,2.4707181453704834,0.09213469177484512,29745.90956690957,76.56732338701947
true,24310,101963530240,101.963530240,2.4726576805114746,0.19480057060718536,29740.04825374837,76.55223610050444
true,24320,102005473280,102.005473280,2.449396848678589,0.12778973579406738,29746.345712551494,76.56844604572768
true,24330,102047416320,102.047416320,2.4806203842163086,0.13573502004146576,29769.18816526211,76.62724355735571
true,24340,102089359360,102.089359360,2.4546091556549072,0.13944111764431,29751.91206990942,76.58277410259727
true,24350,102131302400,102.131302400,2.4271771907806396,0.27413421869277954,29725.496403157842,76.51477897559998
true,24360,102173245440,102.173245440,2.4611520767211914,0.08715460449457169,26243.420049438584,67.55175615614966
true,24370,102215188480,102.215188480,2.4825568199157715,0.13013841211795807,29768.35449161654,76.62509764349566
true,24380,102257131520,102.257131520,2.515737533569336,0.11804033815860748,29748.61411075197,76.57428500581045
true,24390,102299074560,102.299074560,2.462601900100708,0.12274270504713058,29753.80255372852,76.5876402938835
true,24400,102341017600,102.341017600,2.4663541316986084,0.13062883913516998,29764.815970467833,76.61598932920809
true,24410,102382960640,102.382960640,2.4362494945526123,0.07272476702928543,29752.54939920889,76.58441461718522
true,24420,102424903680,102.424903680,2.4559152126312256,0.10867368429899216,27812.05250421416,71.58948740017208
true,24430,102466846720,102.466846720,2.4553468227386475,0.08524122089147568,29747.766056888846,76.57210207661672
true,24440,102508789760,102.508789760,2.476168394088745,0.06305097043514252,29759.31096408485,76.60181919253685
true,24450,102550732800,102.550732800,2.4505717754364014,0.10713639110326767,29764.886284666252,76.6161703211511
true,24460,102592675840,102.592675840,2.506843328475952,0.09381807595491409,29640.982458106606,76.29723623928206
true,24470,102634618880,102.634618880,2.496473789215088,0.1299300342798233,29693.77123804146,76.43311695845748
true,24480,102676561920,102.676561920,2.470846652984619,0.08421292155981064,29764.188370939857,76.61437385949425
true,24490,102718504960,102.718504960,2.4854846000671387,0.12226438522338867,29750.92589523374,76.58023564415346
true,24500,102760448000,102.760448000,2.4629416465759277,0.11352094262838364,29745.841678585715,76.56714863938788
true,24510,102802391040,102.802391040,2.4863340854644775,0.0822853222489357,29763.06272764867,76.61147640249429
true,24520,102844334080,102.844334080,2.4714677333831787,0.1056484580039978,29737.45409973909,76.54555863016193
true,24530,102886277120,102.886277120,2.4704935550689697,0.10723881423473358,28412.981904889777,73.13630699399893
true,24540,102928220160,102.928220160,2.439795732498169,0.08890785276889801,29743.563503447735,76.56128451302355
true,24550,102970163200,102.970163200,2.495652437210083,0.19117818772792816,29737.21996787905,76.54495596411124
true,24560,103012106240,103.012106240,2.414201259613037,0.15393006801605225,29764.466752443248,76.61509042613838
true,24570,103054049280,103.054049280,2.50483775138855,0.08478929102420807,29740.173941322333,76.55255962603322
true,24580,103095992320,103.095992320,2.4614462852478027,0.16370655596256256,29776.21197193227,76.64532315500635
true,24590,103137935360,103.137935360,2.488999128341675,0.0967264398932457,29764.386773881157,76.61488455768396
true,24600,103179878400,103.179878400,2.4701530933380127,0.0983954519033432,29772.452419793404,76.6356458969027
true,24610,103221821440,103.221821440,2.486396551132202,0.14177189767360687,29775.756426573123,76.64415056054416
true,24620,103263764480,103.263764480,2.504068374633789,0.11318738758563995,28322.192645115934,72.90261131232762
true,24630,103305707520,103.305707520,2.4954514503479004,0.12645764648914337,29755.170802830315,76.5911622292681
true,24640,103347650560,103.347650560,2.4889471530914307,0.14104010164737701,25777.863259247162,66.3533918153509
true,24650,103389593600,103.389593600,2.461477518081665,0.16380637884140015,29738.25639909909,76.54762378518474
true,24660,103431536640,103.431536640,2.4359710216522217,0.09491534531116486,27765.64685105661,71.47003713947967
true,24670,103473479680,103.473479680,2.47027325630188,0.12369608879089355,29744.50014962163,76.56369548285234
true,24680,103515422720,103.515422720,2.5285489559173584,0.12784212827682495,29745.594610756318,76.56651267556401
true,24690,103557365760,103.557365760,2.479583740234375,0.1426546424627304,29751.179316980506,76.58088796324945
true,24700,103599308800,103.599308800,2.465388774871826,0.08910240232944489,27038.59732992988,69.59857862256091
true,24710,103641251840,103.641251840,2.48842716217041,0.120802141726017,29704.350584034237,76.46034867594891
true,24720,103683194880,103.683194880,2.4746720790863037,0.09603229910135269,29784.88649558156,76.66765177319802
true,24730,103725137920,103.725137920,2.4759819507598877,0.10687343776226044,29758.53191743618,76.59981389105
true,24740,103767080960,103.767080960,2.4658353328704834,0.1729113757610321,28326.199059967854,72.91292400627634
true,24750,103809024000,103.809024000,2.459749698638916,0.07669325172901154,27140.876222323594,69.86184914088075
true,24760,103850967040,103.850967040,2.466766357421875,0.21628063917160034,29752.98339089596,76.58553173151573
true,24770,103892910080,103.892910080,2.4964516162872314,0.10055996477603912,27210.90897806401,70.04211663764023
true,24780,103934853120,103.934853120,2.5379106998443604,0.17430292069911957,27775.444639093716,71.49525709126588
true,24790,103976796160,103.976796160,2.466855525970459,0.08488701283931732,29742.703406296285,76.55907058385822
true,24800,104018739200,104.018739200,2.4948060512542725,0.21092016994953156,29744.14182283656,76.56277313341909
true,24810,104060682240,104.060682240,2.4542717933654785,0.1051199808716774,29747.79934455457,76.57218776058144
true,24820,104102625280,104.102625280,2.493116855621338,0.1220974251627922,29754.192048803532,76.58864287191186
true,24830,104144568320,104.144568320,2.4667506217956543,0.13921169936656952,29741.758950069587,76.5566395105985
true,24840,104186511360,104.186511360,2.443953037261963,0.12094692140817642,29758.845184363206,76.60062025436036
true,24850,104228454400,104.228454400,2.4637670516967773,0.1101120337843895,29757.9613086921,76.59834511820455
true,24860,104270397440,104.270397440,2.461125373840332,0.11689670383930206,29745.551716659473,76.5664022642089
true,24870,104312340480,104.312340480,2.4967405796051025,0.12067484110593796,29734.29456042211,76.53742583233662
true,24880,104354283520,104.354283520,2.4834394454956055,0.11415955424308777,29719.730572502725,76.49993746539597
true,24890,104396226560,104.396226560,2.499528408050537,0.1590576022863388,29759.359459365012,76.60194402159244
true,24900,104438169600,104.438169600,2.4359042644500732,0.12165386229753494,29751.004080754326,76.58043689723753
true,24910,104480112640,104.480112640,2.498533248901367,0.0946212187409401,29776.427742806718,76.64587855904549
true,24920,104522055680,104.522055680,2.4544270038604736,0.1006665974855423,29752.89881693791,76.58531403430324
true,24930,104563998720,104.563998720,2.478433847427368,0.17866933345794678,29737.88747269826,76.5466741518587
true,24940,104605941760,104.605941760,2.469879627227783,0.0824662521481514,29763.5573648676,76.61274962118057
true,24950,104647884800,104.647884800,2.4742021560668945,0.1346331089735031,29748.42235702142,76.57379142299145
true,24960,104689827840,104.689827840,2.473693370819092,0.13803434371948242,29752.50847892062,76.5843092865031
true,24970,104731770880,104.731770880,2.4791922569274902,0.14994101226329803,29771.913675303356,76.63425914409558
true,24980,104773713920,104.773713920,2.5081379413604736,0.21268261969089508,29763.22305492643,76.61188909219526
true,24990,104815656960,104.815656960,2.478848934173584,0.09817171841859818,29747.779051267964,76.57213552473925
true,25000,104857600000,104.857600000,2.4978504180908203,0.12388883531093597,29760.468286599422,76.60479819329785
true,25010,104899543040,104.899543040,2.4311881065368652,0.18121980130672455,23755.480914859418,61.147687729327785
true,25020,104941486080,104.941486080,2.475867509841919,0.0854179710149765,29744.137914033847,76.56276307198321
true,25030,104983429120,104.983429120,2.5094752311706543,0.1384553164243698,29698.72512900736,76.44586849899304
true,25040,105025372160,105.025372160,2.4868977069854736,0.09641104936599731,29760.13136773413,76.60393094882323
true,25050,105067315200,105.067315200,2.485004425048828,0.09395365417003632,29704.794937601262,76.46149246222944
true,25060,105109258240,105.109258240,2.4988386631011963,0.1440754532814026,28099.238137731423,72.32871627546199
true,25070,105151201280,105.151201280,2.4574060440063477,0.0802183747291565,29733.48297929451,76.53533678562209
true,25080,105193144320,105.193144320,2.438850164413452,0.12991228699684143,29735.288350441722,76.5399838930219
true,25090,105235087360,105.235087360,2.4695396423339844,0.1027456521987915,29769.371073859653,76.62771437240028
true,25100,105277030400,105.277030400,2.469724178314209,0.13830198347568512,29769.984898328406,76.6292943844855
true,25110,105318973440,105.318973440,2.477487564086914,0.15148243308067322,28132.482192757467,72.41428798427626
true,25120,105360916480,105.360916480,2.481093645095825,0.108989417552948,29772.669346724448,76.63620427668405
true,25130,105402859520,105.402859520,2.484767436981201,0.10092618316411972,29709.841078860034,76.4744814592123
true,25140,105444802560,105.444802560,2.449843645095825,0.08693116903305054,29741.813751384678,76.55678057167464
true,25150,105486745600,105.486745600,2.4699385166168213,0.16207967698574066,29687.861395361422,76.41790475475494
true,25160,105528688640,105.528688640,2.469059705734253,0.11076335608959198,29746.853365031016,76.56975276628638
true,25170,105570631680,105.570631680,2.4776430130004883,0.12198157608509064,29698.673246380346,76.44573495075268
true,25180,105612574720,105.612574720,2.457761287689209,0.10196857154369354,29704.154973068395,76.45984516443093
true,25190,105654517760,105.654517760,2.463649034500122,0.08551386743783951,29720.512819550353,76.50195100485521
true,25200,105696460800,105.696460800,2.4837708473205566,0.19926999509334564,29727.516744971832,76.51997942726801
true,25210,105738403840,105.738403840,2.474571943283081,0.12404047697782516,29750.477932914808,76.57908256878149
true,25220,105780346880,105.780346880,2.4795761108398438,0.17319071292877197,27170.8322137007,69.93895722439693
true,25230,105822289920,105.822289920,2.4524524211883545,0.11713659763336182,28035.558173585214,72.16480115304527
true,25240,105864232960,105.864232960,2.4549734592437744,0.09048141539096832,29738.293367899572,76.54771894455769
true,25250,105906176000,105.906176000,2.4317336082458496,0.1176312267780304,29728.323741612465,76.52205667330469
true,25260,105948119040,105.948119040,2.4527878761291504,0.12231479585170746,29719.552089131183,76.49947804108429
true,25270,105990062080,105.990062080,2.449282646179199,0.10181885957717896,27423.209407957293,70.58858759474033
true,25280,106032005120,106.032005120,2.487461566925049,0.24366915225982666,29737.44876258242,76.54554489207804
true,25290,106073948160,106.073948160,2.476628541946411,0.0921480730175972,29754.070966856674,76.58833120147662
true,25300,106115891200,106.115891200,2.4964418411254883,0.11232119053602219,29730.32007206516,76.52719531863725
true,25310,106157834240,106.157834240,2.4516537189483643,0.11521207541227341,29721.469897539326,76.50441456710479
true,25320,106199777280,106.199777280,2.4715309143066406,0.12797753512859344,29730.08489443486,76.52658996072638
true,25330,106241720320,106.241720320,2.485435962677002,0.12828460335731506,28405.888083576865,73.11804717547518
true,25340,106283663360,106.283663360,2.470621109008789,0.12331438064575195,29753.088781622388,76.58580301203631
true,25350,106325606400,106.325606400,2.4861316680908203,0.13515488803386688,29738.0115371571,76.54699349941535
true,25360,106367549440,106.367549440,2.4437408447265625,0.10187864303588867,29760.553138962165,76.60501660713668
true,25370,106409492480,106.409492480,2.4857215881347656,0.21401695907115936,29728.5523504612,76.52264512287323
true,25380,106451435520,106.451435520,2.493415355682373,0.13884831964969635,29769.23467899614,76.62736328582149
true,25390,106493378560,106.493378560,2.486300468444824,0.14673419296741486,29716.569936457574,76.49180184454251
true,25400,106535321600,106.535321600,2.458556890487671,0.13507090508937836,29745.880451757268,76.56724844329396
true,25410,106577264640,106.577264640,2.4766407012939453,0.1356457769870758,29767.047325648728,76.62173293887459
true,25420,106619207680,106.619207680,2.4435200691223145,0.08847919851541519,29749.868394018024,76.5775135879533
true,25430,106661150720,106.661150720,2.4763593673706055,0.17177791893482208,29731.915003714676,76.53130074520402
true,25440,106703093760,106.703093760,2.472721815109253,0.07240213453769684,29772.35958775766,76.63540694302282
true,25450,106745036800,106.745036800,2.4592580795288086,0.27891284227371216,29774.988351301738,76.64217349988115
true,25460,106786979840,106.786979840,2.478262424468994,0.0773061066865921,29723.33125895781,76.50920579600799
true,25470,106828922880,106.828922880,2.4353137016296387,0.08258359134197235,27488.784455835525,70.75738074882823
true,25480,106870865920,106.870865920,2.4428317546844482,0.11155608296394348,29730.549482867016,76.52778583246958
true,25490,106912808960,106.912808960,2.4784889221191406,0.12117154896259308,29719.594932124466,76.4995883208965
true,25500,106954752000,106.954752000,2.4624102115631104,0.11939600855112076,29738.449653086507,76.54812122973313
true,25510,106996695040,106.996695040,2.4709219932556152,0.1795322149991989,29780.62621300296,76.65668561218077
true,25520,107038638080,107.038638080,2.4621334075927734,0.10877955704927444,29758.802108574077,76.60050937532104
true,25530,107080581120,107.080581120,2.4555463790893555,0.12459670752286911,29734.16100338002,76.53708205043918
true,25540,107122524160,107.122524160,2.458322286605835,0.11444570124149323,29725.04117145181,76.51360718849516
true,25550,107164467200,107.164467200,2.452376365661621,0.10351916402578354,29780.696422950026,76.65686633577604
true,25560,107206410240,107.206410240,2.4617903232574463,0.07498648017644882,29763.71112974438,76.61314541896311
true,25570,107248353280,107.248353280,2.439802646636963,0.11546672880649567,29727.639003641943,76.52029412664238
true,25580,107290296320,107.290296320,2.4587793350219727,0.06307335197925568,28207.939814368696,72.6085193323857
true,25590,107332239360,107.332239360,2.4553639888763428,0.11464610695838928,29728.707313752475,76.52304400542914
true,25600,107374182400,107.374182400,2.5004825592041016,0.11129622161388397,29759.857581857446,76.60322621153115
true,25610,107416125440,107.416125440,2.4486515522003174,0.10560747981071472,29725.937171654714,76.51591353374697
true,25620,107458068480,107.458068480,2.4427855014801025,0.1610780656337738,29259.031167304027,75.31407625437095
true,25630,107500011520,107.500011520,2.4667112827301025,0.0914190411567688,29706.873603802578,76.4668430435217
true,25640,107541954560,107.541954560,2.4847798347473145,0.0946822240948677,29725.577920768865,76.5149888056363
true,25650,107583897600,107.583897600,2.4621071815490723,0.12980394065380096,29722.77040956603,76.50776214417898
true,25660,107625840640,107.625840640,2.4677236080169678,0.08867600560188293,29718.272222183572,76.49618360538213
true,25670,107667783680,107.667783680,2.479334831237793,0.12117178738117218,29713.75074399269,76.48454511498566
true,25680,107709726720,107.709726720,2.4886860847473145,0.10292068868875504,29709.881013849856,76.47458425369143
true,25690,107751669760,107.751669760,2.4781081676483154,0.11646266281604767,29728.997089294116,76.52378990084568
true,25700,107793612800,107.793612800,2.467839002609253,0.1316836029291153,29728.112087144422,76.52151186508277
true,25710,107835555840,107.835555840,2.4741992950439453,0.08824795484542847,29770.422193600076,76.63042000239295
true,25720,107877498880,107.877498880,2.4623475074768066,0.08911669999361038,29732.94318309723,76.53394732567274
true,25730,107919441920,107.919441920,2.4773685932159424,0.1084185540676117,27292.605149947223,70.25240629773596
true,25740,107961384960,107.961384960,2.4654829502105713,0.08671919256448746,29726.336379070035,76.51694111178081
true,25750,108003328000,108.003328000,2.466395378112793,0.08200251311063766,29762.276875923886,76.60945358443219
true,25760,108045271040,108.045271040,2.437814235687256,0.11181388050317764,29738.937439829882,76.54937681498392
true,25770,108087214080,108.087214080,2.4672350883483887,0.20236976444721222,29748.47089856557,76.57391637113264
true,25780,108129157120,108.129157120,2.475335121154785,0.0909588485956192,29762.639363374048,76.61038664360652
true,25790,108171100160,108.171100160,2.4533283710479736,0.08059178292751312,25097.612860239085,64.60239636611637
true,25800,108213043200,108.213043200,2.4515068531036377,0.09364986419677734,29744.799300837727,76.5644655116811
true,25810,108254986240,108.254986240,2.4671006202697754,0.1511538028717041,29753.68515603792,76.58733810689132
true,25820,108296929280,108.296929280,2.4721555709838867,0.06591662019491196,29746.047829139367,76.56767928028397
true,25830,108338872320,108.338872320,2.457932233810425,0.18919576704502106,29729.31762113237,76.52461496436777
true,25840,108380815360,108.380815360,2.459643840789795,0.10726404935121536,29751.630306772142,76.5820488314738
true,25850,108422758400,108.422758400,2.4830117225646973,0.13215649127960205,28718.783048535115,73.923453038565
true,25860,108464701440,108.464701440,2.4634182453155518,0.07506393641233444,29727.557472214467,76.52008426104189
true,25870,108506644480,108.506644480,2.425323486328125,0.1094685047864914,27595.215297421884,71.03133857310537
true,25880,108548587520,108.548587520,2.452022075653076,0.1237083300948143,25440.531809349723,65.48508532921669
true,25890,108590530560,108.590530560,2.4220478534698486,0.09800759702920914,29775.76462618828,76.6441716667263
true,25900,108632473600,108.632473600,2.4634740352630615,0.18339510262012482,29758.50140080477,76.59973533985355
true,25910,108674416640,108.674416640,2.4735488891601562,0.1215967908501625,29701.72609657174,76.45359312591894
true,25920,108716359680,108.716359680,2.4528920650482178,0.16438938677310944,29763.14948183985,76.61169971172598
true,25930,108758302720,108.758302720,2.4458439350128174,0.08734511584043503,29753.350495426857,76.58647667526576
true,25940,108800245760,108.800245760,2.453015089035034,0.11862817406654358,29756.470017861473,76.5945064678168
true,25950,108842188800,108.842188800,2.4784512519836426,0.09436910599470139,29740.9184429957,76.55447600718331
true,25960,108884131840,108.884131840,2.4559621810913086,0.15470463037490845,29693.594391990722,76.43266174868397
true,25970,108926074880,108.926074880,2.468181848526001,0.112454354763031,27109.620719576465,69.78139605602618
true,25980,108968017920,108.968017920,2.444998264312744,0.12116963416337967,29741.23714657651,76.55529636468766
true,25990,109009960960,109.009960960,2.4442288875579834,0.1135055273771286,27162.685863442573,69.91798814852332
true,26000,109051904000,109.051904000,2.471346855163574,0.1302899420261383,29734.747768740188,76.53859241114888
true,26010,109093847040,109.093847040,2.472529172897339,0.09788443148136139,23763.668842904965,61.168763828316216
true,26020,109135790080,109.135790080,2.490908145904541,0.1456645429134369,29740.153188351185,76.55250620694211
true,26030,109177733120,109.177733120,2.510408878326416,0.11709544062614441,29722.445711542245,76.50692635670595
true,26040,109219676160,109.219676160,2.464621067047119,0.1110626608133316,29744.47815470345,76.56363886693312
true,26050,109261619200,109.261619200,2.4509129524230957,0.14863288402557373,29746.866076936258,76.56978548730832
true,26060,109303562240,109.303562240,2.4895191192626953,0.09327278286218643,29765.89541921001,76.61876787933903
true,26070,109345505280,109.345505280,2.4915614128112793,0.07272148132324219,29732.18250451285,76.53198930441833
true,26080,109387448320,109.387448320,2.4689393043518066,0.09946830570697784,29770.259602325037,76.63000148506006
true,26090,109429391360,109.429391360,2.449894428253174,0.2131190150976181,29765.024424976655,76.61652590058952
true,26100,109471334400,109.471334400,2.4618868827819824,0.1515047401189804,29713.459081226727,76.48379436176795
true,26110,109513277440,109.513277440,2.4481868743896484,0.12713301181793213,29750.886702630505,76.58013476061116
true,26120,109555220480,109.555220480,2.4280011653900146,0.09148047864437103,29769.05782834241,76.62690806419968
true,26130,109597163520,109.597163520,2.455047369003296,0.1991071254014969,29771.406092901314,76.6329526039195
true,26140,109639106560,109.639106560,2.4481849670410156,0.08945061266422272,29708.412250301695,76.47080358955279
true,26150,109681049600,109.681049600,2.4600419998168945,0.08372790366411209,29709.64676907697,76.47398129699795
true,26160,109722992640,109.722992640,2.468170642852783,0.11514796316623688,29709.20239953536,76.4728374695981
true,26170,109764935680,109.764935680,2.447767496109009,0.18283909559249878,29758.170490219956,76.59888356096602
true,26180,109806878720,109.806878720,2.464179754257202,0.10666372627019882,29717.826697236407,76.49503680391588
true,26190,109848821760,109.848821760,2.4860947132110596,0.14800380170345306,29763.96347642943,76.61379497080137
true,26200,109890764800,109.890764800,2.474827527999878,0.1312294751405716,29731.278760360772,76.52966302588932
true,26210,109932707840,109.932707840,2.437873601913452,0.1379011869430542,26874.13253607506,69.1752387670915
true,26220,109974650880,109.974650880,2.493759870529175,0.12831929326057434,29755.61514313617,76.59230598141377
true,26230,110016593920,110.016593920,2.4478049278259277,0.11185174435377121,29732.925729225415,76.5339023986133
true,26240,110058536960,110.058536960,2.428774356842041,0.0811837762594223,29727.014024513755,76.51868540195672
true,26250,110100480000,110.100480000,2.532902240753174,0.25963646173477173,29773.169839727034,76.63749256842367
true,26260,110142423040,110.142423040,2.460320472717285,0.1275898516178131,29737.712581522763,76.54622397402292
true,26270,110184366080,110.184366080,2.4673736095428467,0.09292776882648468,29715.02928794458,76.4878361452367
true,26280,110226309120,110.226309120,2.467743396759033,0.08801721036434174,27141.616071382956,69.86375354599093
true,26290,110268252160,110.268252160,2.4851064682006836,0.14057418704032898,29746.806823127798,76.56963296531183
true,26300,110310195200,110.310195200,2.4888079166412354,0.09623439610004425,29730.3991504246,76.52739886992913
true,26310,110352138240,110.352138240,2.421104669570923,0.16607977449893951,29743.428832227502,76.56093786318091
true,26320,110394081280,110.394081280,2.4325475692749023,0.1010998785495758,29746.239027910426,76.56817143461201
true,26330,110436024320,110.436024320,2.4686851501464844,0.1942519098520279,28979.78207133798,74.59527638750956
true,26340,110477967360,110.477967360,2.450033664703369,0.09487874060869217,29720.423827086815,76.50172193420873
true,26350,110519910400,110.519910400,2.474433183670044,0.171901673078537,29652.412366680266,76.32665734352078
true,26360,110561853440,110.561853440,2.4444663524627686,0.11150631308555603,29760.780115369253,76.60560085472622
true,26370,110603796480,110.603796480,2.4827449321746826,0.1937096267938614,28238.849960993284,72.68808345488198
true,26380,110645739520,110.645739520,2.448127508163452,0.10292084515094757,29718.07374954014,76.49567272777595
true,26390,110687682560,110.687682560,2.47428560256958,0.2006915956735611,27324.725090448796,70.33508448466529
true,26400,110729625600,110.729625600,2.464475393295288,0.09101182222366333,29742.509305036234,76.55857095839158
true,26410,110771568640,110.771568640,2.508466958999634,0.1675751805305481,29746.77446067119,76.5695496628774
true,26420,110813511680,110.813511680,2.506734609603882,0.15192624926567078,29762.47331104728,76.60995921736917
true,26430,110855454720,110.855454720,2.469423294067383,0.12810011208057404,29750.09871158675,76.57810643584476
true,26440,110897397760,110.897397760,2.4388842582702637,0.09149516373872757,29761.337345155498,76.60703518952604
true,26450,110939340800,110.939340800,2.4703445434570312,0.08885835111141205,29701.363603282192,76.45266005171376
true,26460,110981283840,110.981283840,2.450713872909546,0.16881389915943146,29761.85381596592,76.60836460886931
true,26470,111023226880,111.023226880,2.427814483642578,0.08091525733470917,29758.25166236453,76.599092501756
true,26480,111065169920,111.065169920,2.4923958778381348,0.168355330824852,29718.21395199322,76.49603361526337
true,26490,111107112960,111.107112960,2.498218536376953,0.10585127025842667,29692.730308816965,76.43043755931602
true,26500,111149056000,111.149056000,2.4647669792175293,0.21723246574401855,29749.08431419473,76.57549533084618
true,26510,111190999040,111.190999040,2.4298617839813232,0.177522674202919,29770.710287861573,76.63116157011795
true,26520,111232942080,111.232942080,2.4630627632141113,0.11524657905101776,29757.756436367672,76.59781776752857
true,26530,111274885120,111.274885120,2.4501328468322754,0.0855003222823143,29787.944600735038,76.67552347487556
true,26540,111316828160,111.316828160,2.4578473567962646,0.08517368882894516,29764.644778583384,76.61554867351565
true,26550,111358771200,111.358771200,2.468287467956543,0.14281964302062988,29733.72697012478,76.53596482911031
true,26560,111400714240,111.400714240,2.45320200920105,0.10424881428480148,29754.91471874343,76.59050305718762
true,26570,111442657280,111.442657280,2.4521021842956543,0.2102193534374237,29732.714175053752,76.5333578485588
true,26580,111484600320,111.484600320,2.45904278755188,0.11012226343154907,29715.397460436427,76.48878383796675
true,26590,111526543360,111.526543360,2.455223798751831,0.07572927325963974,29717.12848744539,76.49323958017523
true,26600,111568486400,111.568486400,2.418224811553955,0.23186101019382477,26922.11166363104,69.29873922241099
true,26610,111610429440,111.610429440,2.4518632888793945,0.12629538774490356,29766.54305829526,76.62043493178423
true,26620,111652372480,111.652372480,2.462833881378174,0.12416888773441315,29726.09363464955,76.51631627660802
true,26630,111694315520,111.694315520,2.4521851539611816,0.1662619709968567,29701.838586388534,76.45388267982082
true,26640,111736258560,111.736258560,2.481260061264038,0.14548277854919434,29764.84552306357,76.61606539893289
true,26650,111778201600,111.778201600,2.44344425201416,0.20486977696418762,29746.985017839477,76.5700916465999
true,26660,111820144640,111.820144640,2.443251848220825,0.10465934127569199,29731.842109171608,76.53111311133661
true,26670,111862087680,111.862087680,2.4520301818847656,0.09961402416229248,27196.378154977712,70.00471363848752
true,26680,111904030720,111.904030720,2.45161509513855,0.13799245655536652,29675.359493211836,76.3857242903221
true,26690,111945973760,111.945973760,2.4775540828704834,0.10183853656053543,29758.64022813497,76.60009268771218
true,26700,111987916800,111.987916800,2.48772931098938,0.18055441975593567,27300.15433529232,70.27183824397807
true,26710,112029859840,112.029859840,2.493077516555786,0.1860472857952118,29727.130376710287,76.51898489779963
true,26720,112071802880,112.071802880,2.5237317085266113,0.426405131816864,26934.90796239362,69.33167747710809
true,26730,112113745920,112.113745920,2.463552236557007,0.1024598553776741,29756.488727485223,76.59455462723881
true,26740,112155688960,112.155688960,2.468561887741089,0.14170339703559875,27768.248734266253,71.47673450513525
true,26750,112197632000,112.197632000,2.4726085662841797,0.09572660177946091,29771.460956921022,76.6330938264002
true,26760,112239575040,112.239575040,2.4942665100097656,0.13718372583389282,29756.950084629625,76.59574218150044
true,26770,112281518080,112.281518080,2.4615566730499268,0.12741407752037048,26916.836151426058,69.28515981418607
true,26780,112323461120,112.323461120,2.4373841285705566,0.14201606810092926,29765.306169917018,76.61725112487333
true,26790,112365404160,112.365404160,2.46828556060791,0.12346876412630081,29700.101386473012,76.44941104827026
true,26800,112407347200,112.407347200,2.4770169258117676,0.10088717937469482,29743.852405742015,76.56202816066167
true,26810,112449290240,112.449290240,2.466864824295044,0.10349420458078384,29738.689277644215,76.54873803423729
true,26820,112491233280,112.491233280,2.4797863960266113,0.11764965951442719,29737.961079292923,76.5468636185793
true,26830,112533176320,112.533176320,2.457106828689575,0.09944184869527817,29763.81598213206,76.61341531377528
true,26840,112575119360,112.575119360,2.46309757232666,0.1490975022315979,27110.04066282332,69.78247700903297
true,26850,112617062400,112.617062400,2.4855732917785645,0.09510164707899094,26954.1369172253,69.3811736809367
true,26860,112659005440,112.659005440,2.477445363998413,0.13910987973213196,29728.45151542007,76.5223855688937
true,26870,112700948480,112.700948480,2.4592480659484863,0.08043155074119568,29747.65354588467,76.57181246817755
true,26880,112742891520,112.742891520,2.480663299560547,0.13253824412822723,29779.767585503407,76.65447546596623
true,26890,112784834560,112.784834560,2.4706311225891113,0.11495877057313919,29774.210684500456,76.64017175018421
true,26900,112826777600,112.826777600,2.4996414184570312,0.1689176857471466,29737.622734518212,76.54599270374904
true,26910,112868720640,112.868720640,2.4561078548431396,0.09867050498723984,29737.113489432333,76.54468188374919
true,26920,112910663680,112.910663680,2.4628078937530518,0.12323302030563354,29787.83962871552,76.67525327212562
true,26930,112952606720,112.952606720,2.4817678928375244,0.11184810847043991,27308.312576736967,70.2928379283063
true,26940,112994549760,112.994549760,2.4586853981018066,0.1281532198190689,29755.07739785831,76.59092180062423
true,26950,113036492800,113.036492800,2.456423282623291,0.13289117813110352,29701.36557901958,76.45266513735163
true,26960,113078435840,113.078435840,2.4420166015625,0.12692277133464813,29755.199921073916,76.59123718095076
true,26970,113120378880,113.120378880,2.4406321048736572,0.1203915923833847,29740.90653058499,76.55444534409665
true,26980,113162321920,113.162321920,2.47806978225708,0.17430336773395538,29755.576203661767,76.59220574943659
true,26990,113204264960,113.204264960,2.4408035278320312,0.11138828843832016,29764.659010191084,76.61558530632078
true,27000,113246208000,113.246208000,2.4536311626434326,0.10156701505184174,27214.98410265281,70.05260619357502
true,27010,113288151040,113.288151040,2.459944248199463,0.23717698454856873,23761.779647606912,61.16390095374175
true,27020,113330094080,113.330094080,2.456111431121826,0.08001992851495743,29779.0964009553,76.65274780642932
true,27030,113372037120,113.372037120,2.4283759593963623,0.07175369560718536,29780.365802490473,76.65601530368413
true,27040,113413980160,113.413980160,2.463439464569092,0.1895957589149475,29757.17129188538,76.59631157903219
true,27050,113455923200,113.455923200,2.465728282928467,0.0821957215666771,27524.65858974658,70.8497224002482
true,27060,113497866240,113.497866240,2.441532611846924,0.12340430170297623,29738.84294403759,76.54913357851905
true,27070,113539809280,113.539809280,2.4573049545288086,0.07606673240661621,29762.924949210224,76.61112175453073
true,27080,113581752320,113.581752320,2.4248952865600586,0.14033043384552002,27310.157025630786,70.29758562360223
true,27090,113623695360,113.623695360,2.4532322883605957,0.06655729562044144,29746.767989697288,76.56953300629645
true,27100,113665638400,113.665638400,2.4676384925842285,0.1187722384929657,28120.907448724978,72.38449406698271
true,27110,113707581440,113.707581440,2.4523355960845947,0.11771757900714874,29775.95296029465,76.64465644727721
true,27120,113749524480,113.749524480,2.46865177154541,0.15582217276096344,29731.917866642052,76.53130811450924
true,27130,113791467520,113.791467520,2.4272265434265137,0.1138189360499382,29713.088917991357,76.48284154477358
true,27140,113833410560,113.833410560,2.4491419792175293,0.13562728464603424,29753.34628479175,76.58646583689958
true,27150,113875353600,113.875353600,2.452393054962158,0.12710821628570557,29680.401087203292,76.39870158243218
true,27160,113917296640,113.917296640,2.471632480621338,0.1385371834039688,29724.666146662064,76.51264185763883
true,27170,113959239680,113.959239680,2.4873175621032715,0.1495634913444519,29729.5021728258,76.52509000881584
true,27180,114001182720,114.001182720,2.4735095500946045,0.09873316437005997,29757.62374440323,76.5974762123803
true,27190,114043125760,114.043125760,2.43837308883667,0.08779126405715942,29756.054086188014,76.59343584078228
true,27200,114085068800,114.085068800,2.4263482093811035,0.1267513930797577,29755.07141144472,76.59090639132351
true,27210,114127011840,114.127011840,2.475297212600708,0.08565409481525421,29668.868071582485,76.36901507596717
true,27220,114168954880,114.168954880,2.478782892227173,0.11478724330663681,27676.442888310634,71.24042208442104
true,27230,114210897920,114.210897920,2.4512691497802734,0.0970996767282486,29749.38960212224,76.57628115584907
true,27240,114252840960,114.252840960,2.4405064582824707,0.10435562580823898,29735.57861114789,76.54073103727397
true,27250,114294784000,114.294784000,2.4591879844665527,0.1582334339618683,29683.27529928722,76.40609993498947
true,27260,114336727040,114.336727040,2.440382242202759,0.10706867277622223,29766.96992965654,76.62153371807248
true,27270,114378670080,114.378670080,2.462933301925659,0.1671626716852188,29725.90454191909,76.51582954332423
true,27280,114420613120,114.420613120,2.497115135192871,0.10138504952192307,29735.68169725609,76.54099638560245
true,27290,114462556160,114.462556160,2.486424207687378,0.10997039079666138,29750.06246305093,76.57801313046582
true,27300,114504499200,114.504499200,2.4728052616119385,0.10174144804477692,29758.681347771788,76.60019853152652
true,27310,114546442240,114.546442240,2.489011764526367,0.1139703094959259,29735.896583325506,76.54154951211324
true,27320,114588385280,114.588385280,2.4419193267822266,0.16409675776958466,29761.395009210366,76.60718361942452
true,27330,114630328320,114.630328320,2.4523465633392334,0.09858932346105576,29680.780544301924,76.39967832225307
true,27340,114672271360,114.672271360,2.4758434295654297,0.15566277503967285,29756.98523380388,76.59583265707275
true,27350,114714214400,114.714214400,2.4509894847869873,0.0920403003692627,29723.136532880468,76.50870456223325
true,27360,114756157440,114.756157440,2.4689221382141113,0.1748940795660019,29762.376190831656,76.60970922551934
true,27370,114798100480,114.798100480,2.474377393722534,0.08623597025871277,29727.86359947451,76.52087224652489
true,27380,114840043520,114.840043520,2.433784246444702,0.18329674005508423,29757.86826624113,76.5981056227063
true,27390,114881986560,114.881986560,2.4356822967529297,0.10635112971067429,27842.512873240586,71.66789377468511
true,27400,114923929600,114.923929600,2.4623196125030518,0.12457634508609772,29739.946303765206,76.55197367661343
true,27410,114965872640,114.965872640,2.4826674461364746,0.1806785613298416,29737.328436409833,76.54523516704013
true,27420,115007815680,115.007815680,2.484694480895996,0.09786195307970047,29698.556432481284,76.44543426646648
true,27430,115049758720,115.049758720,2.449240207672119,0.13842619955539703,29728.697847662523,76.52301963928332
true,27440,115091701760,115.091701760,2.4703471660614014,0.15447258949279785,29760.560551106362,76.60503568633278
true,27450,115133644800,115.133644800,2.4621026515960693,0.107791967689991,29742.71339421795,76.55909629322261
true,27460,115175587840,115.175587840,2.4515273571014404,0.09058503806591034,29751.11589761795,76.58072471892737
true,27470,115217530880,115.217530880,2.4471516609191895,0.11544913798570633,29744.102395397953,76.56267164539986
true,27480,115259473920,115.259473920,2.449723958969116,0.1579389125108719,26934.21035910066,69.329881814521
true,27490,115301416960,115.301416960,2.480886459350586,0.09255743771791458,29763.753251642436,76.61325384264345
true,27500,115343360000,115.343360000,2.48095965385437,0.11804557591676712,29789.894240423182,76.68054193605775
true,27510,115385303040,115.385303040,2.444719076156616,0.09462493658065796,28285.70664255405,72.80869468318669
true,27520,115427246080,115.427246080,2.4455392360687256,0.11898872256278992,29770.85833289011,76.63154264475111
true,27530,115469189120,115.469189120,2.416966676712036,0.10467580705881119,29764.612650502066,76.61546597437388
true,27540,115511132160,115.511132160,2.4457244873046875,0.07535441964864731,29750.057064768556,76.57799923504159
true,27550,115553075200,115.553075200,2.4717485904693604,0.11338472366333008,29751.720886255494,76.58228198718142
true,27560,115595018240,115.595018240,2.475475549697876,0.07847388088703156,29745.668025407933,76.5667016482145
true,27570,115636961280,115.636961280,2.4650254249572754,0.16058897972106934,29734.941459615467,76.53909098026647
true,27580,115678904320,115.678904320,2.4505274295806885,0.10093788057565689,29750.498439935014,76.57913535478367
true,27590,115720847360,115.720847360,2.4973981380462646,0.0882473737001419,29741.303315658,76.55546668691126
true,27600,115762790400,115.762790400,2.4730372428894043,0.1549190729856491,22712.727192666905,58.46359224787879
true,27610,115804733440,115.804733440,2.482815742492676,0.12647785246372223,29786.619650577497,76.6721129929417
true,27620,115846676480,115.846676480,2.4576644897460938,0.09615170955657959,29781.45874655208,76.65882859138074
true,27630,115888619520,115.888619520,2.470062255859375,0.1316978484392166,29786.355042598607,76.67143187997574
true,27640,115930562560,115.930562560,2.4515514373779297,0.109143927693367,29749.82184519518,76.57739376916733
true,27650,115972505600,115.972505600,2.4667818546295166,0.1548539102077484,29708.65217619911,76.47142116971905
true,27660,116014448640,116.014448640,2.4494025707244873,0.10095056891441345,29766.411526950335,76.62009636412337
true,27670,116056391680,116.056391680,2.44350004196167,0.13126659393310547,29705.065579555616,76.46218910692254
true,27680,116098334720,116.098334720,2.434953451156616,0.10814346373081207,29777.666255033968,76.64906654581758
true,27690,116140277760,116.140277760,2.453040838241577,0.0838300958275795,29761.73095724734,76.60804836494289
true,27700,116182220800,116.182220800,2.4435067176818848,0.15462248027324677,29780.75939502684,76.65702842876429
true,27710,116224163840,116.224163840,2.481447219848633,0.07669562101364136,29744.964922144783,76.56489182845414
true,27720,116266106880,116.266106880,2.4639158248901367,0.30848410725593567,27335.377273401,70.36250368780127
true,27730,116308049920,116.308049920,2.4641971588134766,0.09834858775138855,29729.151507099516,76.52418737929615
true,27740,116349992960,116.349992960,2.4328761100769043,0.10939224064350128,29758.647857043517,76.60011232486956
true,27750,116391936000,116.391936000,2.4758083820343018,0.07908691465854645,29755.297359337328,76.59148799147003
true,27760,116433879040,116.433879040,2.445134401321411,0.1244475468993187,29716.4854351096,76.49158433423163
true,27770,116475822080,116.475822080,2.4531338214874268,0.13015618920326233,27009.271010200293,69.52309134248847
true,27780,116517765120,116.517765120,2.4587576389312744,0.1368321031332016,27375.09774679847,70.46474599190255
true,27790,116559708160,116.559708160,2.438911199569702,0.08088988810777664,29774.94237896356,76.64205516499291
true,27800,116601651200,116.601651200,2.450101375579834,0.07359999418258667,29697.894147624153,76.4437295151387
true,27810,116643594240,116.643594240,2.4666459560394287,0.16578257083892822,29754.569645815307,76.58961482378463
true,27820,116685537280,116.685537280,2.4244422912597656,0.08837813884019852,29044.15719154122,74.76098087321684
true,27830,116727480320,116.727480320,2.4426865577697754,0.19203834235668182,29675.87753965301,76.38705776541056
true,27840,116769423360,116.769423360,2.439487934112549,0.12555253505706787,29684.47402388467,76.40918550659381
true,27850,116811366400,116.811366400,2.436316728591919,0.09747869521379471,29750.16929586457,76.57828812298443
true,27860,116853309440,116.853309440,2.4192702770233154,0.08514660596847534,27000.001370154234,69.49923086763928
true,27870,116895252480,116.895252480,2.4474518299102783,0.1164500042796135,29763.171333174763,76.61175595805534
true,27880,116937195520,116.937195520,2.4518418312072754,0.10374297946691513,29776.78488102973,76.64679784906599
true,27890,116979138560,116.979138560,2.44096040725708,0.16012194752693176,29739.488033950667,76.5507940692792
true,27900,117021081600,117.021081600,2.438333749771118,0.09543674439191818,29725.24986530124,76.51414437595021
true,27910,117063024640,117.063024640,2.451796054840088,0.11142131686210632,28397.96706699673,73.09765811873174
true,27920,117104967680,117.104967680,2.4637954235076904,0.10300726443529129,29749.07890117527,76.57548139748803
true,27930,117146910720,117.146910720,2.4862825870513916,0.10000376403331757,29741.405365450843,76.55572936771692
true,27940,117188853760,117.188853760,2.4511516094207764,0.12384335696697235,29744.111257761764,76.56269445752717
true,27950,117230796800,117.230796800,2.4759557247161865,0.1121271550655365,29752.262374612263,76.5836758028262
true,27960,117272739840,117.272739840,2.42037296295166,0.1203397884964943,29731.303460392846,76.52972660489468
true,27970,117314682880,117.314682880,2.4672648906707764,0.15166828036308289,29749.541537829118,76.57667224526514
true,27980,117356625920,117.356625920,2.457460880279541,0.11119266599416733,29740.691433835225,76.55389167528509
true,27990,117398568960,117.398568960,2.4630794525146484,0.1287606954574585,29738.45740360771,76.54814117992701
true,28000,117440512000,117.440512000,2.4346344470977783,0.10147340595722198,29735.895261427355,76.5415461094873
true,28010,117482455040,117.482455040,2.463954210281372,0.11630388349294662,23971.28543607472,61.70317837677648
true,28020,117524398080,117.524398080,2.47394061088562,0.0845353975892067,29750.653483683105,76.57953444443909
true,28030,117566341120,117.566341120,2.432101011276245,0.12048671394586563,29740.242672312757,76.55273654272688
true,28040,117608284160,117.608284160,2.509938955307007,0.12765341997146606,29688.11214564312,76.41855019737841
true,28050,117650227200,117.650227200,2.4748947620391846,0.112144835293293,29742.969471986016,76.55975544903816
true,28060,117692170240,117.692170240,2.4797236919403076,0.08636512607336044,29712.518205114597,76.48137250388585
true,28070,117734113280,117.734113280,2.5045413970947266,0.1195579394698143,29746.04230405753,76.56766505847216
true,28080,117776056320,117.776056320,2.451107978820801,0.10718739777803421,29737.833198593195,76.54653444784512
true,28090,117817999360,117.817999360,2.4491589069366455,0.1295883059501648,25393.180704557333,65.36320143303875
true,28100,117859942400,117.859942400,2.419612407684326,0.10551775246858597,29756.681925324254,76.59505192725868
true,28110,117901885440,117.901885440,2.4401376247406006,0.12239162623882294,29768.19122779914,76.62467739500818
true,28120,117943828480,117.943828480,2.480224370956421,0.09883757680654526,29757.76171034559,76.59783134298746
true,28130,117985771520,117.985771520,2.4753060340881348,0.13126015663146973,29744.29320455298,76.56316279683853
true,28140,118027714560,118.027714560,2.4793503284454346,0.10492350161075592,29764.047405779955,76.6140110087648
true,28150,118069657600,118.069657600,2.4658572673797607,0.12210669368505478,29757.66283269414,76.59757682741794
true,28160,118111600640,118.111600640,2.4694745540618896,0.09442142397165298,29741.479895779372,76.5559212121705
true,28170,118153543680,118.153543680,2.443667411804199,0.14227810502052307,29714.40532322942,76.48623003169627
true,28180,118195486720,118.195486720,2.481663227081299,0.1143316999077797,29744.298350547582,76.56317604286255
true,28190,118237429760,118.237429760,2.4444010257720947,0.14290869235992432,29716.686255853954,76.49210125595633
true,28200,118279372800,118.279372800,2.44974422454834,0.07811949402093887,29703.073605792255,76.45706167590636
true,28210,118321315840,118.321315840,2.463270664215088,0.15209072828292847,29760.382728630484,76.60457796319659
true,28220,118363258880,118.363258880,2.475151777267456,0.10665498673915863,29720.089424743976,76.50086116737731
true,28230,118405201920,118.405201920,2.4904983043670654,0.17899192869663239,29733.597555384087,76.53563170968495
true,28240,118447144960,118.447144960,2.439079523086548,0.13025102019309998,29751.16009831532,76.58083849353163
true,28250,118489088000,118.489088000,2.492326259613037,0.1345098614692688,29747.21981404373,76.57069602270279
true,28260,118531031040,118.531031040,2.4589157104492188,0.10305860638618469,26095.149052829263,67.1700998709127
true,28270,118572974080,118.572974080,2.450800895690918,0.150532066822052,27351.929224731302,70.4051091629286
true,28280,118614917120,118.614917120,2.4515316486358643,0.10360947251319885,29715.706050293156,76.48957816228555
true,28290,118656860160,118.656860160,2.5122828483581543,0.11152898520231247,29777.271189343068,76.64804962877066
true,28300,118698803200,118.698803200,2.4237701892852783,0.09828062355518341,29734.20340478396,76.53719119358036
true,28310,118740746240,118.740746240,2.4606528282165527,0.11538732051849365,29743.52773348602,76.56119243951609
true,28320,118782689280,118.782689280,2.477738857269287,0.1767360419034958,29752.310625524304,76.58380000286715
true,28330,118824632320,118.824632320,2.421658515930176,0.09161172807216644,29730.64926821231,76.5280426844843
true,28340,118866575360,118.866575360,2.4636285305023193,0.09238462150096893,29772.80695590154,76.63655848896121
true,28350,118908518400,118.908518400,2.485309362411499,0.13375994563102722,29758.874103404723,76.6006946932878
true,28360,118950461440,118.950461440,2.400181531906128,0.12598730623722076,29713.511093316694,76.48392824325184
true,28370,118992404480,118.992404480,2.4557881355285645,0.09528133273124695,29750.983796931247,76.58038468575488
true,28380,119034347520,119.034347520,2.4435677528381348,0.11700263619422913,29753.635037485186,76.58720909945835
true,28390,119076290560,119.076290560,2.4410746097564697,0.08682213723659515,29749.982501508148,76.57780730581987
true,28400,119118233600,119.118233600,2.478553533554077,0.12799623608589172,29773.444416065064,76.63819934039918
true,28410,119160176640,119.160176640,2.4397144317626953,0.099275141954422,29779.98347974834,76.6550311875666
true,28420,119202119680,119.202119680,2.4925196170806885,0.2648330330848694,29762.815069025244,76.61083891793976
true,28430,119244062720,119.244062720,2.4213290214538574,0.0718892440199852,29763.331135412034,76.61216729627822
true,28440,119286005760,119.286005760,2.450749635696411,0.14014145731925964,29661.386895846976,76.34975818955166
true,28450,119327948800,119.327948800,2.465135097503662,0.09088124334812164,26764.661248225424,68.89345469592291
true,28460,119369891840,119.369891840,2.504080295562744,0.12659236788749695,28826.746237307227,74.2013551941543
true,28470,119411834880,119.411834880,2.4660654067993164,0.11741084605455399,29733.719095175402,76.53594455863265
true,28480,119453777920,119.453777920,2.4418153762817383,0.10891760885715485,29771.323895496043,76.6327410240619
true,28490,119495720960,119.495720960,2.464069128036499,0.0885351300239563,29733.923862804353,76.5364716398177
true,28500,119537664000,119.537664000,2.4552862644195557,0.14214885234832764,29737.131601685134,76.54472850551123
true,28510,119579607040,119.579607040,2.4487974643707275,0.11617863178253174,28026.180695604555,72.14066309845042
true,28520,119621550080,119.621550080,2.4369287490844727,0.1449081152677536,29700.296021441074,76.44991204752559
true,28530,119663493120,119.663493120,2.439030647277832,0.10803771018981934,29735.5178354116,76.54057459776607
true,28540,119705436160,119.705436160,2.486888885498047,0.23660944402217865,27112.502721241694,69.78881445931982
true,28550,119747379200,119.747379200,2.440603256225586,0.2016068398952484,28126.35511355288,72.3985166038846
true,28560,119789322240,119.789322240,2.465843677520752,0.10105252265930176,29762.56435309208,76.61019356373099
true,28570,119831265280,119.831265280,2.453554153442383,0.1246359646320343,29747.91917951045,76.57249622120523
true,28580,119873208320,119.873208320,2.4060497283935547,0.15138275921344757,29707.515448834285,76.4684951818097
true,28590,119915151360,119.915151360,2.440938949584961,0.15389284491539001,27408.420398126505,70.55052001117089
true,28600,119957094400,119.957094400,2.4423747062683105,0.11659897863864899,29763.15048892913,76.61170230401956
true,28610,119999037440,119.999037440,2.4701669216156006,0.0972680076956749,29746.718100670452,76.56940458967355
true,28620,120040980480,120.040980480,2.4665818214416504,0.10197412222623825,29748.71678043271,76.57454928223574
true,28630,120082923520,120.082923520,2.458695650100708,0.11833707243204117,29746.25271631574,76.56820666918952
true,28640,120124866560,120.124866560,2.4822638034820557,0.09153634309768677,29716.08556612953,76.49055505330007
true,28650,120166809600,120.166809600,2.4693784713745117,0.09496916085481644,29751.14770349069,76.58080658868961
true,28660,120208752640,120.208752640,2.4446020126342773,0.1170792505145073,29747.998214443654,76.572699660716
true,28670,120250695680,120.250695680,2.4590539932250977,0.1180003434419632,29747.744316197477,76.57204611508887
true,28680,120292638720,120.292638720,2.463806390762329,0.13672900199890137,29760.0793873864,76.6037971490453
true,28690,120334581760,120.334581760,2.480034112930298,0.1192956417798996,29756.141598526658,76.59366110152
true,28700,120376524800,120.376524800,2.487335443496704,0.12009911984205246,29730.190082807367,76.52686072037876
true,28710,120418467840,120.418467840,2.475837469100952,0.12366050481796265,26725.427907990415,68.79246629472543
true,28720,120460410880,120.460410880,2.4232470989227295,0.12508296966552734,29742.696453097637,76.55905268600883
true,28730,120502353920,120.502353920,2.4296047687530518,0.13520008325576782,29730.25946729614,76.52703931920688
true,28740,120544296960,120.544296960,2.454127788543701,0.10038691759109497,29781.89724111934,76.65995729632952
true,28750,120586240000,120.586240000,2.462334394454956,0.18876001238822937,29734.07005461082,76.536847944173
true,28760,120628183040,120.628183040,2.436103105545044,0.11847252398729324,29727.663691347436,76.52035767391857
true,28770,120670126080,120.670126080,2.4598848819732666,0.09438307583332062,29782.39901878245,76.66124889484372
true,28780,120712069120,120.712069120,2.4786434173583984,0.11729208379983902,29784.567914802923,76.66683173179207
true,28790,120754012160,120.754012160,2.454834461212158,0.1036907359957695,29751.75466957915,76.5823689469922
true,28800,120795955200,120.795955200,2.4538512229919434,0.08723200112581253,29754.730800054138,76.59002964212097
true,28810,120837898240,120.837898240,2.433084726333618,0.09191179275512695,29761.002084432992,76.60617221318634
true,28820,120879841280,120.879841280,2.45674991607666,0.17949390411376953,29766.94511744163,76.62146985030343
true,28830,120921784320,120.921784320,2.4590907096862793,0.08919516205787659,29742.056757644557,76.55740608083391
true,28840,120963727360,120.963727360,2.431950330734253,0.12912701070308685,29724.59951042449,76.51247033293423
true,28850,121005670400,121.005670400,2.4531617164611816,0.12782131135463715,29775.80813159748,76.6442836516272
true,28860,121047613440,121.047613440,2.4583988189697266,0.07835608720779419,29725.38170114364,76.51448372740141
true,28870,121089556480,121.089556480,2.4758055210113525,0.23089328408241272,29749.78230082059,76.57729198014957
true,28880,121131499520,121.131499520,2.4755420684814453,0.10460779815912247,29762.31960805267,76.60956357887414
true,28890,121173442560,121.173442560,2.4642486572265625,0.160413920879364,29715.672014997053,76.48949055388626
true,28900,121215385600,121.215385600,2.4701199531555176,0.09494160115718842,29734.502945727407,76.53796222558505
true,28910,121257328640,121.257328640,2.4178271293640137,0.09799125045537949,29718.886250611766,76.49776414246824
true,28920,121299271680,121.299271680,2.463256597518921,0.09515338391065598,29754.62686846119,76.58976211747631
true,28930,121341214720,121.341214720,2.4396071434020996,0.12130162119865417,29275.026003712203,75.35524769036394
true,28940,121383157760,121.383157760,2.4213314056396484,0.10438400506973267,29767.667016809843,76.62332805209263
true,28950,121425100800,121.425100800,2.435495376586914,0.11403059214353561,28448.161430276217,73.22686069150167
true,28960,121467043840,121.467043840,2.4416749477386475,0.18070852756500244,29718.622293684082,76.49708470533767
true,28970,121508986880,121.508986880,2.463622570037842,0.11597909778356552,29748.197484392385,76.57321259062226
true,28980,121550929920,121.550929920,2.446200132369995,0.1846098154783249,29709.403178299897,76.47335428326484
true,28990,121592872960,121.592872960,2.4122467041015625,0.11175550520420074,29753.12133142541,76.5858867967089
true,29000,121634816000,121.634816000,2.4701216220855713,0.1665297895669937,29727.87599248795,76.52090414670482
true,29010,121676759040,121.676759040,2.5008959770202637,0.09307801723480225,23703.088461465042,61.01282717268342
true,29020,121718702080,121.718702080,2.4681155681610107,0.08859589695930481,29766.778902481678,76.62104200544086
true,29030,121760645120,121.760645120,2.451078414916992,0.11350630223751068,29670.806846134776,76.37400556979577
true,29040,121802588160,121.802588160,2.483217716217041,0.1293456256389618,29755.922436137098,76.5930969675668
true,29050,121844531200,121.844531200,2.4605438709259033,0.12947644293308258,27741.170251467734,71.40703325950349
true,29060,121886474240,121.886474240,2.452272415161133,0.16151387989521027,29774.483033776763,76.64087278960162
true,29070,121928417280,121.928417280,2.481415033340454,0.08588215708732605,29773.76861303282,76.63903383813123
true,29080,121970360320,121.970360320,2.437232494354248,0.14342401921749115,27819.894159502546,71.60967217734301
true,29090,122012303360,122.012303360,2.467064142227173,0.0991709753870964,29756.323369149908,76.59412898736701
true,29100,122054246400,122.054246400,2.427612781524658,0.15236788988113403,27522.49426433431,70.84415132825312
true,29110,122096189440,122.096189440,2.4842610359191895,0.11509786546230316,29759.58010966238,76.60251198548798
true,29120,122138132480,122.138132480,2.502472400665283,0.1930035799741745,29743.22557302131,76.5604146647446
true,29130,122180075520,122.180075520,2.460139036178589,0.0949174091219902,29760.70788601675,76.60541493308953
true,29140,122222018560,122.222018560,2.4416322708129883,0.1691116988658905,29766.603575620255,76.6205907061297
true,29150,122263961600,122.263961600,2.4818384647369385,0.1280834972858429,29733.884345605962,76.53636992075269
true,29160,122305904640,122.305904640,2.4432692527770996,0.10196571052074432,29753.317899833346,76.58639277272636
true,29170,122347847680,122.347847680,2.4621403217315674,0.08082567155361176,29717.45873311608,76.49408964754357
true,29180,122389790720,122.389790720,2.466320037841797,0.16631680727005005,29737.990078405644,76.54693826361365
true,29190,122431733760,122.431733760,2.4385814666748047,0.09280209988355637,29748.996496246386,76.57526928345519
true,29200,122473676800,122.473676800,2.45931077003479,0.12113071978092194,27133.062685228397,69.84173674121725
true,29210,122515619840,122.515619840,2.4572856426239014,0.12983554601669312,29769.65862764036,76.62845454890316
true,29220,122557562880,122.557562880,2.4896740913391113,0.07878391444683075,29724.97212397069,76.51342945714005
true,29230,122599505920,122.599505920,2.455939292907715,0.24279271066188812,29737.355453760065,76.54530471092775
true,29240,122641448960,122.641448960,2.4753994941711426,0.12752468883991241,28851.462965904237,74.26497717711297
true,29250,122683392000,122.683392000,2.4426305294036865,0.08993145823478699,29734.35349049264,76.53757752101696
true,29260,122725335040,122.725335040,2.4553678035736084,0.1653151959180832,29748.203718302288,76.57322863698973
true,29270,122767278080,122.767278080,2.436495304107666,0.07559481263160706,29759.283725596346,76.60174907942927
true,29280,122809221120,122.809221120,2.4732580184936523,0.14916634559631348,29723.875689446228,76.51060718483339
true,29290,122851164160,122.851164160,2.453423261642456,0.11979342997074127,29753.366204490423,76.58651711110946
true,29300,122893107200,122.893107200,2.4717702865600586,0.10024631768465042,29765.975724432403,76.61897458863191
true,29310,122935050240,122.935050240,2.4625821113586426,0.1577470600605011,29757.642679472283,76.59752495210878
true,29320,122976993280,122.976993280,2.4214134216308594,0.09196099638938904,29733.82416980753,76.53621502551212
true,29330,123018936320,123.018936320,2.4615652561187744,0.2216726392507553,29776.002665202315,76.64478438996898
true,29340,123060879360,123.060879360,2.435042381286621,0.11065956950187683,29770.26172200156,76.6300069412038
true,29350,123102822400,123.102822400,2.4654860496520996,0.15146981179714203,26664.111559448305,68.6346352263167
true,29360,123144765440,123.144765440,2.449967384338379,0.11438838392496109,29790.93305140607,76.68321588274901
true,29370,123186708480,123.186708480,2.4603676795959473,0.093104787170887,29783.17373005442,76.66324303687387
true,29380,123228651520,123.228651520,2.442875623703003,0.13386425375938416,29788.307853664894,76.67645850442942
true,29390,123270594560,123.270594560,2.432812213897705,0.10347696393728256,29674.856404107664,76.38442931609902
true,29400,123312537600,123.312537600,2.4635238647460938,0.1467321664094925,27526.849028658227,70.8553606895777
true,29410,123354480640,123.354480640,2.4309489727020264,0.0902731642127037,29771.04518670565,76.63202361496613
true,29420,123396423680,123.396423680,2.4924910068511963,0.12267556041479111,29744.097919585634,76.56266012445549
true,29430,123438366720,123.438366720,2.4521560668945312,0.06947257369756699,29748.921477999196,76.57507618307682
true,29440,123480309760,123.480309760,2.416750192642212,0.06928186863660812,29773.204947867718,76.6375829383737
true,29450,123522252800,123.522252800,2.4389302730560303,0.10252080857753754,29752.82776557369,76.58513114486193
true,29460,123564195840,123.564195840,2.462595224380493,0.13534562289714813,29733.508013410607,76.53540122457491
true,29470,123606138880,123.606138880,2.455604076385498,0.10134068131446838,26775.0330343965,68.92015214499824
true,29480,123648081920,123.648081920,2.44857120513916,0.1227523609995842,29602.134865377528,76.19724076969982
true,29490,123690024960,123.690024960,2.4179766178131104,0.20423084497451782,29008.41360766288,74.6689752635155
true,29500,123731968000,123.731968000,2.4319100379943848,0.10064258426427841,29697.82298272195,76.44354633344548
true,29510,123773911040,123.773911040,2.4142005443573,0.14474785327911377,29764.943777399483,76.6163183100599
true,29520,123815854080,123.815854080,2.417639970779419,0.11365675926208496,29733.80712699423,76.53617115653599
true,29530,123857797120,123.857797120,2.458874464035034,0.15960156917572021,29725.604577736194,76.51505742188195
true,29540,123899740160,123.899740160,2.4347355365753174,0.1092493087053299,29760.346281339378,76.6044841462125
true,29550,123941683200,123.941683200,2.455326557159424,0.18968024849891663,28008.165109276542,72.0942901603064
true,29560,123983626240,123.983626240,2.4900217056274414,0.09766483306884766,29785.06575069316,76.6681131840037
true,29570,124025569280,124.025569280,2.4313511848449707,0.12930604815483093,29758.763890682563,76.60041100073101
true,29580,124067512320,124.067512320,2.420658588409424,0.07635921239852905,29757.853687512277,76.59806809639554
true,29590,124109455360,124.109455360,2.4667344093322754,0.27508553862571716,29746.19710897649,76.56806353337053
true,29600,124151398400,124.151398400,2.4525697231292725,0.12384561449289322,29765.64162079036,76.61811459066992
true,29610,124193341440,124.193341440,2.474931478500366,0.11244253069162369,29716.094000203753,76.4905767629905
true,29620,124235284480,124.235284480,2.4392189979553223,0.2073112577199936,29734.90903376144,76.53900751464423
true,29630,124277227520,124.277227520,2.4532768726348877,0.09645918756723404,29776.81649610629,76.64687922771017
true,29640,124319170560,124.319170560,2.4302170276641846,0.1394374966621399,29726.786008195057,76.51809847758744
true,29650,124361113600,124.361113600,2.461021661758423,0.11164890229701996,29754.473177301774,76.58936650944561
true,29660,124403056640,124.403056640,2.4765264987945557,0.12407036125659943,29754.46776106294,76.58935256780066
true,29670,124444999680,124.444999680,2.466231346130371,0.10644673556089401,29722.546600002795,76.5071860481895
true,29680,124486942720,124.486942720,2.461273670196533,0.15355254709720612,29771.421589277226,76.63299249229553
true,29690,124528885760,124.528885760,2.4734368324279785,0.11766902357339859,29795.47175207895,76.69489870459702
true,29700,124570828800,124.570828800,2.464996814727783,0.09680230915546417,29783.473164280094,76.66401379418215
true,29710,124612771840,124.612771840,2.465421438217163,0.17610183358192444,29757.58485378238,76.59737610615439
true,29720,124654714880,124.654714880,2.4343514442443848,0.24784815311431885,29759.853062286213,76.60321457794936
true,29730,124696657920,124.696657920,2.476745843887329,0.10132773220539093,29521.50608415455,75.98969862168398
true,29740,124738600960,124.738600960,2.4552676677703857,0.07783183455467224,29754.56508255719,76.5896030777508
true,29750,124780544000,124.780544000,2.4694128036499023,0.10918133705854416,28992.42794511951,74.62782744146755
true,29760,124822487040,124.822487040,2.455477237701416,0.07661908119916916,29794.54637148674,76.69251673288758
true,29770,124864430080,124.864430080,2.4581804275512695,0.16855919361114502,29761.830315085488,76.6083041165348
true,29780,124906373120,124.906373120,2.4546632766723633,0.08792249113321304,29759.05810478145,76.60116832119564
true,29790,124948316160,124.948316160,2.4217753410339355,0.15468144416809082,29726.015883887885,76.51611614261319
true,29800,124990259200,124.990259200,2.438044786453247,0.12622249126434326,29771.54061326768,76.63329886545743
true,29810,125032202240,125.032202240,2.466674327850342,0.09684860706329346,29765.72504338275,76.61832932421488
true,29820,125074145280,125.074145280,2.433356761932373,0.1176900565624237,29702.524601151727,76.45564851300551
true,29830,125116088320,125.116088320,2.4085001945495605,0.176531583070755,29757.396040979802,76.59689009341767
true,29840,125158031360,125.158031360,2.436213970184326,0.23511604964733124,29766.306056929425,76.6198248794952
true,29850,125199974400,125.199974400,2.44877290725708,0.11738747358322144,29741.498998863626,76.55597038437773
true,29860,125241917440,125.241917440,2.4266557693481445,0.318937212228775,29748.646086087043,76.57436731177643
true,29870,125283860480,125.283860480,2.4298481941223145,0.10377521812915802,29754.3869693823,76.58914460634213
true,29880,125325803520,125.325803520,2.4353132247924805,0.117125503718853,29727.067337368713,76.51882263166883
true,29890,125367746560,125.367746560,2.453347682952881,0.11446577310562134,29697.410718044568,76.44248514542555
true,29900,125409689600,125.409689600,2.440370798110962,0.10900191217660904,29748.621181162325,76.5743032053681
true,29910,125451632640,125.451632640,2.427574634552002,0.11253976821899414,29778.314296807428,76.65073463480053
true,29920,125493575680,125.493575680,2.4297614097595215,0.15401770174503326,29781.856000579515,76.65985114130534
true,29930,125535518720,125.535518720,2.459263324737549,0.08601612597703934,29759.44933078853,76.60217535472188
true,29940,125577461760,125.577461760,2.4553561210632324,0.2135542780160904,29756.76089735255,76.59525520484935
true,29950,125619404800,125.619404800,2.4395737648010254,0.10804128646850586,29726.078761804147,76.51627799322789
true,29960,125661347840,125.661347840,2.4372918605804443,0.12426179647445679,29723.556034529127,76.5097843785462
true,29970,125703290880,125.703290880,2.4395768642425537,0.14574208855628967,28200.609160861957,72.58964989702935
true,29980,125745233920,125.745233920,2.4419379234313965,0.18791112303733826,27321.307784602097,70.32628818407518
true,29990,125787176960,125.787176960,2.426382064819336,0.10836714506149292,29798.75993321569,76.70336263231405
true,30000,125829120000,125.829120000,2.4288487434387207,0.16440385580062866,29739.664627709764,76.55124862964256
true,30010,125871063040,125.871063040,2.4735147953033447,0.27582892775535583,23700.627027327806,61.0064913293246
true,30020,125913006080,125.913006080,2.4516189098358154,0.08306974917650223,29759.198136682397,76.60152876967415
true,30030,125954949120,125.954949120,2.43646240234375,0.09549891203641891,29767.720557431094,76.62346586808553
true,30040,125996892160,125.996892160,2.4461193084716797,0.1323908120393753,29761.00854523837,76.60618884359307
true,30050,126038835200,126.038835200,2.421466112136841,0.08495184779167175,29731.08172684926,76.52915585267414
true,30060,126080778240,126.080778240,2.434112071990967,0.14689618349075317,29752.8567811084,76.58520583216723
true,30070,126122721280,126.122721280,2.462843894958496,0.11811534315347672,29774.708564765202,76.64145331661784
true,30080,126164664320,126.164664320,2.4383223056793213,0.11153210699558258,29721.55868662478,76.50464311424685
true,30090,126206607360,126.206607360,2.4985177516937256,0.19506220519542694,29787.46280710005,76.67428331615818
true,30100,126248550400,126.248550400,2.4470486640930176,0.23410367965698242,29776.480402714587,76.64601410804211
true,30110,126290493440,126.290493440,2.43068265914917,0.25463834404945374,29705.588657670833,76.4635355337687
true,30120,126332436480,126.332436480,2.455245018005371,0.12151020020246506,29763.5805978125,76.61280942383684
true,30130,126374379520,126.374379520,2.458595037460327,0.12822610139846802,29731.646225151613,76.53060889696482
true,30140,126416322560,126.416322560,2.4404356479644775,0.10436366498470306,29700.336869686405,76.45001719276591
true,30150,126458265600,126.458265600,2.4221553802490234,0.0933474525809288,27218.545300411606,70.06177287848776
true,30160,126500208640,126.500208640,2.447279930114746,0.09371311962604523,29781.219784656038,76.65821349259781
true,30170,126542151680,126.542151680,2.4170920848846436,0.07798647880554199,29768.304012585664,76.62496770817556
true,30180,126584094720,126.584094720,2.4474236965179443,0.14783206582069397,29761.354177870675,76.60707851770007
true,30190,126626037760,126.626037760,2.4711594581604004,0.1279163807630539,29743.46262060912,76.56102483601113
true,30200,126667980800,126.667980800,2.3906402587890625,0.08987759053707123,29760.973565290948,76.60609880361832
true,30210,126709923840,126.709923840,2.4404659271240234,0.10629380494356155,29768.08650828919,76.62440784222932
true,30220,126751866880,126.751866880,2.469566822052002,0.11103260517120361,29745.778408973783,76.5669857805307
true,30230,126793809920,126.793809920,2.433013916015625,0.10374695062637329,29745.969115149368,76.5674766668956
true,30240,126835752960,126.835752960,2.429272174835205,0.13272784650325775,29765.876048063736,76.61871801712796
true,30250,126877696000,126.877696000,2.4590625762939453,0.10385816544294357,29756.69083922692,76.59507487204935
true,30260,126919639040,126.919639040,2.492689609527588,0.1843215972185135,29746.44635214179,76.56870509660789
true,30270,126961582080,126.961582080,2.4142942428588867,0.11948611587285995,29738.550254336355,76.54838018192326
true,30280,127003525120,127.003525120,2.4222726821899414,0.09212039411067963,29731.70198411872,76.53075242308078
true,30290,127045468160,127.045468160,2.413666248321533,0.1861717700958252,29764.292019349075,76.61464065521113
true,30300,127087411200,127.087411200,2.4446682929992676,0.11878073215484619,29778.470450977446,76.65113658273248
true,30310,127129354240,127.129354240,2.43611741065979,0.15875151753425598,29758.445977959862,76.5995926789314
true,30320,127171297280,127.171297280,2.468499183654785,0.183022141456604,29759.975692798824,76.60353023446324
true,30330,127213240320,127.213240320,2.424529552459717,0.16729788482189178,29737.758739322337,76.54634278629723
true,30340,127255183360,127.255183360,2.4745335578918457,0.07970687001943588,29785.54034351375,76.66933480749749
true,30350,127297126400,127.297126400,2.450627326965332,0.19577530026435852,27091.46883591017,69.73467228233775
true,30360,127339069440,127.339069440,2.4476399421691895,0.1079646423459053,29754.766001860724,76.59012025317129
true,30370,127381012480,127.381012480,2.4677863121032715,0.09413508325815201,29707.360711408895,76.46809688064285
true,30380,127422955520,127.422955520,2.4334464073181152,0.11765938252210617,29761.749248032218,76.60809544625462
true,30390,127464898560,127.464898560,2.4272351264953613,0.2655150890350342,29769.198071488943,76.62726905643389
true,30400,127506841600,127.506841600,2.4477593898773193,0.13008663058280945,29734.470893991474,76.53787972295979
true,30410,127548784640,127.548784640,2.449043035507202,0.17259624600410461,29752.732261903835,76.58488531407441
true,30420,127590727680,127.590727680,2.4407262802124023,0.16379481554031372,29771.866911354187,76.63413877156466
true,30430,127632670720,127.632670720,2.434398651123047,0.12237554788589478,29760.20474214276,76.60411981788644
true,30440,127674613760,127.674613760,2.4707183837890625,0.09923364967107773,28043.978738284637,72.18647606935576
true,30450,127716556800,127.716556800,2.424226760864258,0.286665141582489,28493.45154209941,73.34343949809019
true,30460,127758499840,127.758499840,2.4633309841156006,0.08776069432497025,29753.25624139381,76.58623406110019
true,30470,127800442880,127.800442880,2.449575662612915,0.1678735464811325,27098.134526558602,69.75183007306956
true,30480,127842385920,127.842385920,2.428823709487915,0.09272528439760208,29745.144296805658,76.56535354698508
true,30490,127884328960,127.884328960,2.466923713684082,0.21523982286453247,27724.187255042365,71.36331825470738
true,30500,127926272000,127.926272000,2.4870786666870117,0.14189587533473969,29756.925565949674,76.59567906930371
true,30510,127968215040,127.968215040,2.4282822608947754,0.21996372938156128,29745.897934673238,76.5672934451144
true,30520,128010158080,128.010158080,2.4248623847961426,0.11023199558258057,29742.908648433946,76.55959888645027
true,30530,128052101120,128.052101120,2.4324684143066406,0.12717102468013763,29753.137847892463,76.5859293108459
true,30540,128094044160,128.094044160,2.4062857627868652,0.12579239904880524,29760.825569468187,76.60571785564308
true,30550,128135987200,128.135987200,2.4657981395721436,0.08391553163528442,27598.02692282941,71.03857582471261
true,30560,128177930240,128.177930240,2.474257469177246,0.16890691220760345,29738.082869662707,76.54717711252735
true,30570,128219873280,128.219873280,2.435051679611206,0.07715214788913727,29752.760219288648,76.58495727765379
true,30580,128261816320,128.261816320,2.3899478912353516,0.11685026437044144,29749.57122611971,76.57674866427467
true,30590,128303759360,128.303759360,2.460649013519287,0.09803607314825058,29708.801200088317,76.47180476398407
true,30600,128345702400,128.345702400,2.437532663345337,0.10242854803800583,29741.627177586037,76.55630032223584
true,30610,128387645440,128.387645440,2.445214033126831,0.14453528821468353,29730.498544113332,76.52765471380206
true,30620,128429588480,128.429588480,2.4608969688415527,0.09002728015184402,29740.36155397059,76.55304254951815
true,30630,128471531520,128.471531520,2.4256250858306885,0.1393786519765854,29774.397742915804,76.64065324704843
true,30640,128513474560,128.513474560,2.4524264335632324,0.1054663136601448,29740.564434657295,76.55356477362808
true,30650,128555417600,128.555417600,2.455531358718872,0.1589280366897583,29735.64161371368,76.54089320874223
true,30660,128597360640,128.597360640,2.4543185234069824,0.09081974625587463,29635.0658632026,76.28200665504811
true,30670,128639303680,128.639303680,2.468135118484497,0.09930303692817688,29762.17456074929,76.60919022052182
true,30680,128681246720,128.681246720,2.453855514526367,0.06954097002744675,29740.229971095414,76.55270384921607
true,30690,128723189760,128.723189760,2.488290786743164,0.11387842893600464,29757.11340133488,76.59616256612367
true,30700,128765132800,128.765132800,2.4426846504211426,0.12383581697940826,29787.194416581864,76.67359246676413
true,30710,128807075840,128.807075840,2.4515109062194824,0.08798100799322128,29772.62559477526,76.63609165717803
true,30720,128849018880,128.849018880,2.4395291805267334,0.07606237381696701,29749.458896404318,76.57645952248107
true,30730,128890961920,128.890961920,2.4570698738098145,0.09695076942443848,29664.538948792888,76.35787171711752
true,30740,128932904960,128.932904960,2.4531502723693848,0.12702676653862,29756.717043665387,76.59514232346514
true,30750,128974848000,128.974848000,2.446072816848755,0.15747307240962982,29732.130081569856,76.53185436538007
true,30760,129016791040,129.016791040,2.445930242538452,0.11303194612264633,29736.270918951035,76.54251306902955
true,30770,129058734080,129.058734080,2.4298040866851807,0.10068592429161072,29746.33821820805,76.56842675494698
true,30780,129100677120,129.100677120,2.4439048767089844,0.13659708201885223,29776.13800072641,76.64513274975995
true,30790,129142620160,129.142620160,2.440321445465088,0.07338418066501617,29784.527773735106,76.66672840685881
true,30800,129184563200,129.184563200,2.5081114768981934,0.2945981025695801,29771.94660136335,76.63434389727071
true,30810,129226506240,129.226506240,2.4435105323791504,0.09463860839605331,29721.246211752557,76.50383878972154
true,30820,129268449280,129.268449280,2.4326772689819336,0.1457599699497223,29762.24222279653,76.60936438570714
true,30830,129310392320,129.310392320,2.434361219406128,0.10907816141843796,29693.752366627177,76.43306838257926
true,30840,129352335360,129.352335360,2.461169958114624,0.16116252541542053,29772.736931790758,76.63637824371696
true,30850,129394278400,129.394278400,2.4210543632507324,0.06614506989717484,29762.74949528604,76.61067012815425
true,30860,129436221440,129.436221440,2.464236259460449,0.11522267013788223,29742.183702942275,76.55773284380082
true,30870,129478164480,129.478164480,2.455019474029541,0.10320919752120972,27116.33113292994,69.79866896503373
true,30880,129520107520,129.520107520,2.454371452331543,0.154676154255867,29788.408757217534,76.6767182347607
true,30890,129562050560,129.562050560,2.4126429557800293,0.16171060502529144,28219.842315060658,72.63915691021958
true,30900,129603993600,129.603993600,2.4584250450134277,0.10361148416996002,29734.2662457264,76.53735294902278
true,30910,129645936640,129.645936640,2.481353282928467,0.14259912073612213,29736.614429079375,76.54339727971485
true,30920,129687879680,129.687879680,2.4479355812072754,0.11929366737604141,29706.35289074041,76.4655027044296
true,30930,129729822720,129.729822720,2.4329302310943604,0.07931952178478241,29773.13600901146,76.63740548662395
true,30940,129771765760,129.771765760,2.401758909225464,0.18193356692790985,29780.949042608045,76.65751659025914
true,30950,129813708800,129.813708800,2.456048011779785,0.11025726795196533,27942.52628326953,71.92533283841586
true,30960,129855651840,129.855651840,2.4136927127838135,0.11809875816106796,28031.12168057188,72.153381418359
true,30970,129897594880,129.897594880,2.4509482383728027,0.16611459851264954,29771.432602886234,76.63302084182577
true,30980,129939537920,129.939537920,2.446845531463623,0.11245095729827881,29743.780928633274,76.56184417533464
true,30990,129981480960,129.981480960,2.4457154273986816,0.1514836698770523,29772.891755189215,76.63677676618241
true,31000,130023424000,130.023424000,2.441694974899292,0.10944069921970367,29715.934039722735,76.49016501744103
true,31010,130065367040,130.065367040,2.4415767192840576,0.11260060966014862,23824.891727096277,61.32635431523738
true,31020,130107310080,130.107310080,2.4278762340545654,0.11111941933631897,27294.02694379191,70.25606605972276
true,31030,130149253120,130.149253120,2.418799877166748,0.15697690844535828,29756.245195933603,76.59392776595472
true,31040,130191196160,130.191196160,2.4477436542510986,0.1552055925130844,29713.289653937532,76.4833582482239
true,31050,130233139200,130.233139200,2.3957619667053223,0.08618536591529846,29711.218593842004,76.47802724539369
true,31060,130275082240,130.275082240,2.449885606765747,0.1391017884016037,29771.718400324226,76.63375649742267
true,31070,130317025280,130.317025280,2.461134672164917,0.1548592895269394,29756.16306586638,76.5937163594283
true,31080,130358968320,130.358968320,2.4535226821899414,0.18122544884681702,26936.65661047774,69.33617857676502
true,31090,130400911360,130.400911360,2.4718592166900635,0.13066285848617554,29731.160434925754,76.52935845084086
true,31100,130442854400,130.442854400,2.451962947845459,0.18248729407787323,29742.09420855688,76.55750248118466
true,31110,130484797440,130.484797440,2.424056053161621,0.11529190093278885,29771.42332747207,76.63299696648807
true,31120,130526740480,130.526740480,2.453277587890625,0.23885303735733032,29725.459575411034,76.51468417930562
true,31130,130568683520,130.568683520,2.4472403526306152,0.0911913812160492,29752.720768998464,76.58485573081356
true,31140,130610626560,130.610626560,2.4397084712982178,0.10414319485425949,29748.31895493021,76.57352526130832
true,31150,130652569600,130.652569600,2.465195655822754,0.099382184445858,29726.913182326734,76.51842582958334
true,31160,130694512640,130.694512640,2.4582581520080566,0.09725789725780487,29761.205166269978,76.60669495506625
true,31170,130736455680,130.736455680,2.445730447769165,0.25484392046928406,29774.94300889324,76.64205678646054
true,31180,130778398720,130.778398720,2.4740920066833496,0.11417148262262344,29672.334042603943,76.37793664292928
true,31190,130820341760,130.820341760,2.447899341583252,0.13531605899333954,29782.129869952198,76.66055609351993
true,31200,130862284800,130.862284800,2.4555459022521973,0.10171780735254288,29776.74593652888,76.6466976041505
true,31210,130904227840,130.904227840,2.4601449966430664,0.113471120595932,28315.1486990853,72.88447987504765
true,31220,130946170880,130.946170880,2.4372806549072266,0.114993616938591,29754.007659716255,76.58816824601942
true,31230,130988113920,130.988113920,2.4295191764831543,0.08531136065721512,29769.073690007735,76.62694889284725
true,31240,131030056960,131.030056960,2.4651849269866943,0.16234545409679413,29722.74763324356,76.50770351688962
true,31250,131072000000,131.072000000,2.438047409057617,0.0821099802851677,29744.863682780426,76.56463123372824
true,31260,131113943040,131.113943040,2.4627346992492676,0.15646959841251373,29735.71712667401,76.54108758253471
true,31270,131155886080,131.155886080,2.463193416595459,0.11404822766780853,29731.812624588074,76.5310372166783
true,31280,131197829120,131.197829120,2.431628465652466,0.12399754673242569,29750.194194577096,76.5783522134023
true,31290,131239772160,131.239772160,2.471278190612793,0.1917240172624588,29703.10197395305,76.45713469684179
true,31300,131281715200,131.281715200,2.4500155448913574,0.08724427223205566,29754.56885444786,76.58961278676885
true,31310,131323658240,131.323658240,2.4150290489196777,0.2223411351442337,29715.44665469121,76.48891046621479
true,31320,131365601280,131.365601280,2.434257984161377,0.09244624525308609,29713.860897074203,76.48482865402472
true,31330,131407544320,131.407544320,2.4463064670562744,0.15820901095867157,29706.069394009384,76.464772970957
true,31340,131449487360,131.449487360,2.4600818157196045,0.13590142130851746,29729.528187470016,76.5251569716926
true,31350,131491430400,131.491430400,2.416109085083008,0.11227820813655853,29723.88081958968,76.51062039005585
true,31360,131533373440,131.533373440,2.4180214405059814,0.23906075954437256,28148.056690345547,72.45437744903894
true,31370,131575316480,131.575316480,2.4187428951263428,0.0942910760641098,29761.145487784674,76.60654133993226
true,31380,131617259520,131.617259520,2.4258933067321777,0.13322579860687256,28133.52346299959,72.41696826121257
true,31390,131659202560,131.659202560,2.4289493560791016,0.1495412141084671,29733.09339176661,76.53433396961577
true,31400,131701145600,131.701145600,2.431896448135376,0.12379850447177887,29688.196352936102,76.41876695077835
true,31410,131743088640,131.743088640,2.4530749320983887,0.11147082597017288,29711.188734918716,76.47795038716784
true,31420,131785031680,131.785031680,2.439633846282959,0.15341231226921082,29759.819129676198,76.6031272338687
true,31430,131826974720,131.826974720,2.4279897212982178,0.10067687928676605,29738.403979511746,76.54800366387549
true,31440,131868917760,131.868917760,2.4350528717041016,0.2184278666973114,26587.490353316774,68.43740875875886
true,31450,131910860800,131.910860800,2.4446067810058594,0.08667315542697906,29783.654760956582,76.66448123228228
true,31460,131952803840,131.952803840,2.4431867599487305,0.14056068658828735,29710.463758056816,76.47608426377
true,31470,131994746880,131.994746880,2.424966335296631,0.09548190236091614,27311.44748027724,70.30090731252248
true,31480,132036689920,132.036689920,2.4438605308532715,0.22716018557548523,26809.967750720076,69.01007569284485
true,31490,132078632960,132.078632960,2.4265151023864746,0.07392691820859909,29731.75329757741,76.53088450625602
true,31500,132120576000,132.120576000,2.4315896034240723,0.13002030551433563,27635.243507238196,71.13437300473758
true,31510,132162519040,132.162519040,2.459205150604248,0.09555285423994064,29719.789097169545,76.50008811054872
true,31520,132204462080,132.204462080,2.429464340209961,0.15441109240055084,27583.996795385603,71.00246163890381
true,31530,132246405120,132.246405120,2.4460909366607666,0.16311287879943848,29781.98706469351,76.66018850629256
true,31540,132288348160,132.288348160,2.440455675125122,0.13337472081184387,18369.657200391874,47.284332664540685
true,31550,132330291200,132.330291200,2.452545642852783,0.10776454210281372,29805.578170784564,76.72091308575341
true,31560,132372234240,132.372234240,2.423856258392334,0.11063764244318008,29744.019393186365,76.56245799393419
true,31570,132414177280,132.414177280,2.436767101287842,0.10161864757537842,29710.481936958975,76.4761310570905
true,31580,132456120320,132.456120320,2.42455792427063,0.1757262498140335,29754.201045507543,76.58866602983696
true,31590,132498063360,132.498063360,2.4312832355499268,0.12247519940137863,29746.934115804994,76.56996062244929
true,31600,132540006400,132.540006400,2.4560546875,0.08630764484405518,29744.39855635467,76.56343397716506
true,31610,132581949440,132.581949440,2.4368228912353516,0.1423347294330597,29262.138481426373,75.32207462217124
true,31620,132623892480,132.623892480,2.43457293510437,0.07275844365358353,29732.26106389896,76.53219151984926
true,31630,132665835520,132.665835520,2.4555187225341797,0.27972567081451416,29732.60226782674,76.5330697942695
true,31640,132707778560,132.707778560,2.4141528606414795,0.06656607240438461,29751.106937999146,76.58070165646129
true,31650,132749721600,132.749721600,2.452270746231079,0.12509888410568237,29764.422067782074,76.61497540578928
true,31660,132791664640,132.791664640,2.457566976547241,0.16419565677642822,29749.925726872654,76.5776611653273
true,31670,132833607680,132.833607680,2.4528510570526123,0.10783258825540543,29715.387574925542,76.48875839221236
true,31680,132875550720,132.875550720,2.4160969257354736,0.13395380973815918,29722.77118668844,76.50776414452739
true,31690,132917493760,132.917493760,2.458190441131592,0.09577776491641998,29740.853551457534,76.5543089734143
true,31700,132959436800,132.959436800,2.4578545093536377,0.12232303619384766,29762.816020703223,76.61084136760213
true,31710,133001379840,133.001379840,2.430546283721924,0.11218076944351196,29772.66953819383,76.63620476953496
true,31720,133043322880,133.043322880,2.439669609069824,0.12894372642040253,29740.873470772796,76.55436024663727
true,31730,133085265920,133.085265920,2.444352626800537,0.1309719830751419,29758.52303515068,76.59979102764336
true,31740,133127208960,133.127208960,2.4138927459716797,0.21651272475719452,29781.264518507156,76.65832863956406
true,31750,133169152000,133.169152000,2.438365936279297,0.10934235900640488,29748.146540480575,76.5730814586775
true,31760,133211095040,133.211095040,2.456681728363037,0.12183716893196106,28044.79949543667,72.1885887355743
true,31770,133253038080,133.253038080,2.4457409381866455,0.15705883502960205,29804.465712001653,76.71804956627709
true,31780,133294981120,133.294981120,2.4457449913024902,0.26105666160583496,29787.84539630655,76.6752681181671
true,31790,133336924160,133.336924160,2.4249837398529053,0.09942246228456497,29739.812418174424,76.55162904901673
true,31800,133378867200,133.378867200,2.4491729736328125,0.07199016958475113,29748.426758678303,76.57380275305636
true,31810,133420810240,133.420810240,2.4432733058929443,0.1368405520915985,29738.009635715676,76.5469886050187
true,31820,133462753280,133.462753280,2.4256844520568848,0.09710726886987686,29692.165014587936,76.4289824662739
true,31830,133504696320,133.504696320,2.4352099895477295,0.14809106290340424,29761.50439556084,76.60746518486302
true,31840,133546639360,133.546639360,2.427011013031006,0.09031820297241211,29776.17008565559,76.64521533782614
true,31850,133588582400,133.588582400,2.427285671234131,0.10822156816720963,29739.462082311882,76.55072726858128
true,31860,133630525440,133.630525440,2.4169912338256836,0.24256660044193268,29773.037409592667,76.63715168723792
true,31870,133672468480,133.672468480,2.4551515579223633,0.09530066698789597,29756.50933716525,76.59460767749206
true,31880,133714411520,133.714411520,2.421292543411255,0.0974234789609909,29770.072830159053,76.62952072501471
true,31890,133756354560,133.756354560,2.42604923248291,0.14537283778190613,29694.810655096117,76.43579246520501
true,31900,133798297600,133.798297600,2.3842613697052,0.11731281131505966,27202.204398699923,70.01971065467244
true,31910,133840240640,133.840240640,2.4678640365600586,0.09527848660945892,29765.75616534079,76.61840943354959
true,31920,133882183680,133.882183680,2.4598023891448975,0.11829763650894165,29739.800478998197,76.55159831703438
true,31930,133924126720,133.924126720,2.4472687244415283,0.21813511848449707,29739.375444788042,76.55050425965663
true,31940,133966069760,133.966069760,2.4320156574249268,0.13837581872940063,29768.727763453204,76.62605846217106
true,31950,134008012800,134.008012800,2.44716477394104,0.10009100288152695,29679.418957708207,76.39617353646712
true,31960,134049955840,134.049955840,2.448965072631836,0.17359685897827148,29745.465458581988,76.56618023199641
true,31970,134091898880,134.091898880,2.4202017784118652,0.0821136012673378,29717.51935096824,76.49424568065055
true,31980,134133841920,134.133841920,2.413210391998291,0.22532258927822113,29668.847746993717,76.36896275955179
true,31990,134175784960,134.175784960,2.42169451713562,0.27333730459213257,28669.880243555082,73.79757499556834
true,32000,134217728000,134.217728000,2.4327781200408936,0.1755124181509018,29761.862255900167,76.60838633364372
true,32010,134259671040,134.259671040,2.4173343181610107,0.11347955465316772,23759.049797042666,61.15687419429838
true,32020,134301614080,134.301614080,2.423024892807007,0.14339329302310944,29728.101796308158,76.52148537600243
true,32030,134343557120,134.343557120,2.407329797744751,0.1449262946844101,29787.340271485336,76.67396790391581
true,32040,134385500160,134.385500160,2.424193859100342,0.1663723886013031,29784.777223462323,76.66737050179592
true,32050,134427443200,134.427443200,2.453108072280884,0.12002597749233246,29746.37471921706,76.56852071020342
true,32060,134469386240,134.469386240,2.465109348297119,0.10469765216112137,29292.42774469703,75.40004056269098
true,32070,134511329280,134.511329280,2.444071054458618,0.13337193429470062,29787.191896050204,76.67358597880106
true,32080,134553272320,134.553272320,2.428941488265991,0.16267360746860504,29707.315776654876,76.46798121654341
true,32090,134595215360,134.595215360,2.4208247661590576,0.24448196589946747,28178.875868293097,72.53370741402537
true,32100,134637158400,134.637158400,2.4126930236816406,0.10173732042312622,29767.42845877456,76.62271399286567
true,32110,134679101440,134.679101440,2.408116102218628,0.10994929075241089,29737.190779254932,76.54488083126591
true,32120,134721044480,134.721044480,2.425873279571533,0.10268436372280121,29745.809211350504,76.56706506724856
true,32130,134762987520,134.762987520,2.454838514328003,0.08613762259483337,28068.408333387586,72.24935895764848
true,32140,134804930560,134.804930560,2.447789192199707,0.130845844745636,29744.517390773497,76.56373986236099
true,32150,134846873600,134.846873600,2.439164161682129,0.11641159653663635,29722.30652997835,76.50656809703368
true,32160,134888816640,134.888816640,2.467860460281372,0.14230912923812866,29766.42203319745,76.62012340768102
true,32170,134930759680,134.930759680,2.4342360496520996,0.1472236067056656,29764.49844208606,76.6151719967195
true,32180,134972702720,134.972702720,2.465449810028076,0.16075700521469116,29725.183704849907,76.51397407594101
true,32190,135014645760,135.014645760,2.4515867233276367,0.12137734889984131,29754.530262440163,76.58951344918675
true,32200,135056588800,135.056588800,2.464771270751953,0.164906308054924,29756.48422781164,76.59454304487447
true,32210,135098531840,135.098531840,2.4554038047790527,0.09891878068447113,29729.337928174904,76.52466723561837
true,32220,135140474880,135.140474880,2.410536766052246,0.07255491614341736,29756.943153709995,76.59572434099826
true,32230,135182417920,135.182417920,2.4424831867218018,0.38111934065818787,29794.44953887373,76.69226748133995
true,32240,135224360960,135.224360960,2.4347879886627197,0.10034109652042389,28430.216289104683,73.18066908239265
true,32250,135266304000,135.266304000,2.4205846786499023,0.12515057623386383,29749.676142409895,76.57701872357478
true,32260,135308247040,135.308247040,2.459324836730957,0.08739171922206879,29748.566637724434,76.57416280807959
true,32270,135350190080,135.350190080,2.4148027896881104,0.19234207272529602,29759.87852217783,76.60328011286771
true,32280,135392133120,135.392133120,2.4258456230163574,0.1530882716178894,28240.695254882896,72.69283332523548
true,32290,135434076160,135.434076160,2.4096837043762207,0.13146273791790009,26732.022205545592,68.80944031638988
true,32300,135476019200,135.476019200,2.437394142150879,0.09646442532539368,29764.19266899386,76.61438492288063
true,32310,135517962240,135.517962240,2.4938580989837646,0.14400698244571686,29769.04501434565,76.62687508038954
true,32320,135559905280,135.559905280,2.4298510551452637,0.14832249283790588,29765.53917420073,76.61785088849129
true,32330,135601848320,135.601848320,2.4428420066833496,0.11512164026498795,29715.7891982358,76.48979218886959
true,32340,135643791360,135.643791360,2.434321165084839,0.08342462033033371,29759.21406083716,76.60156975917235
true,32350,135685734400,135.685734400,2.4294803142547607,0.24537760019302368,29731.050990138316,76.52907673498295
true,32360,135727677440,135.727677440,2.458270788192749,0.16279225051403046,29748.647679510654,76.57437141332123
true,32370,135769620480,135.769620480,2.4344518184661865,0.17308150231838226,29786.803537527496,76.67258632630997
true,32380,135811563520,135.811563520,2.3948240280151367,0.11801804602146149,29763.11285027255,76.61160542040659
true,32390,135853506560,135.853506560,2.426081657409668,0.1871275156736374,29720.278704588498,76.50134838230123
true,32400,135895449600,135.895449600,2.397181510925293,0.1308109313249588,29653.535202747924,76.32954757459977
true,32410,135937392640,135.937392640,2.445038080215454,0.13371452689170837,29764.899051017703,76.61620318232006
true,32420,135979335680,135.979335680,2.4283928871154785,0.0997316762804985,29783.824286970303,76.66491759994776
true,32430,136021278720,136.021278720,2.431918144226074,0.15518201887607574,29718.346394386906,76.49637452800518
true,32440,136063221760,136.063221760,2.4300930500030518,0.13685639202594757,29755.009529331524,76.59074710395119
true,32450,136105164800,136.105164800,2.4564664363861084,0.13468977808952332,29777.65441649447,76.64903607287876
true,32460,136147107840,136.147107840,2.407902479171753,0.10798248648643494,29743.712902930838,76.56166907408432
true,32470,136189050880,136.189050880,2.440953254699707,0.20025494694709778,27030.34588889367,69.5773390382474
true,32480,136230993920,136.230993920,2.412362813949585,0.10069300979375839,29771.894287505926,76.63420923902368
true,32490,136272936960,136.272936960,2.4533660411834717,0.11072012782096863,25880.99235359445,66.61885079214693
true,32500,136314880000,136.314880000,2.4236552715301514,0.11388207226991653,29723.934608358977,76.51075884479309
true,32510,136356823040,136.356823040,2.415895938873291,0.22674627602100372,28340.10080162216,72.94870772122692
true,32520,136398766080,136.398766080,2.4354469776153564,0.11587245017290115,29725.167287209024,76.51393181618708
true,32530,136440709120,136.440709120,2.4459762573242188,0.10316688567399979,29770.590983346166,76.63085447487207
true,32540,136482652160,136.482652160,2.425502300262451,0.17031173408031464,29748.613123510662,76.57428246460644
true,32550,136524595200,136.524595200,2.4413700103759766,0.11942972242832184,29764.599224688558,76.61543141571961
true,32560,136566538240,136.566538240,2.42100191116333,0.18329797685146332,27155.948282079255,69.90064530782345
true,32570,136608481280,136.608481280,2.4302401542663574,0.14931932091712952,29758.21478738824,76.5989975838908
true,32580,136650424320,136.650424320,2.421459913253784,0.16596867144107819,29759.00657998835,76.60103569403606
true,32590,136692367360,136.692367360,2.437227725982666,0.0940675213932991,29770.559759334443,76.63077410284653
true,32600,136734310400,136.734310400,2.4474339485168457,0.21184338629245758,29733.412582219076,76.53515558034988
true,32610,136776253440,136.776253440,2.4481914043426514,0.12408894300460815,29770.956441777165,76.63179518148613
true,32620,136818196480,136.818196480,2.4331064224243164,0.13083608448505402,29781.228110798806,76.65823492446776
true,32630,136860139520,136.860139520,2.4306294918060303,0.16143426299095154,29762.600668605457,76.61028704151322
true,32640,136902082560,136.902082560,2.431033134460449,0.13143964111804962,29756.77673710812,76.59529597710024
true,32650,136944025600,136.944025600,2.3839540481567383,0.3398307263851166,29766.11603675133,76.61933575891901
true,32660,136985968640,136.985968640,2.4403300285339355,0.12033860385417938,25814.713596058784,66.44824625741222
true,32670,137027911680,137.027911680,2.4444704055786133,0.10602045804262161,29783.23771853633,76.66340774613502
true,32680,137069854720,137.069854720,2.424539089202881,0.32324305176734924,29762.040700265818,76.60884565755246
true,32690,137111797760,137.111797760,2.429880142211914,0.11971239745616913,29775.08790728669,76.64242976151193
true,32700,137153740800,137.153740800,2.435666084289551,0.07394802570343018,29738.226118834456,76.54754584240713
true,32710,137195683840,137.195683840,2.4771170616149902,0.1367560476064682,29718.9543184369,76.4979393521443
true,32720,137237626880,137.237626880,2.3888351917266846,0.11260226368904114,29758.611885930794,76.60001973359027
true,32730,137279569920,137.279569920,2.4772145748138428,0.12136819958686829,29737.59692814197,76.5459262769635
true,32740,137321512960,137.321512960,2.471062660217285,0.1502179652452469,29729.19084592798,76.52428863922886
true,32750,137363456000,137.363456000,2.456264019012451,0.17709259688854218,26956.543690361934,69.38736882439525
true,32760,137405399040,137.405399040,2.4609689712524414,0.10937053710222244,28668.76188140851,73.7946962805656
true,32770,137447342080,137.447342080,2.445714235305786,0.18751318752765656,29766.908615040393,76.62137589146334
true,32780,137489285120,137.489285120,2.444337844848633,0.12285337597131729,29762.150496688962,76.60912827853666
true,32790,137531228160,137.531228160,2.4228458404541016,0.11704424023628235,29758.631896998795,76.60007124298895
true,32800,137573171200,137.573171200,2.4549896717071533,0.13422545790672302,29721.925637510085,76.50558766250613
true,32810,137615114240,137.615114240,2.4463868141174316,0.13743677735328674,29742.533720766478,76.5586338055911
true,32820,137657057280,137.657057280,2.443504571914673,0.24447442591190338,29711.64154023187,76.4791159286271
true,32830,137699000320,137.699000320,2.4374146461486816,0.11381395161151886,29761.894913015225,76.60847039454238
true,32840,137740943360,137.740943360,2.441525936126709,0.15576258301734924,29789.45119741826,76.67940152322365
true,32850,137782886400,137.782886400,2.4176275730133057,0.11558552086353302,29747.72404939465,76.57199394741711
true,32860,137824829440,137.824829440,2.459804058074951,0.11078276485204697,29746.786542512622,76.56958076208647
true,32870,137866772480,137.866772480,2.4430785179138184,0.15704016387462616,29775.48246652036,76.64344537491492
true,32880,137908715520,137.908715520,2.4469711780548096,0.10089591145515442,27528.67963800416,70.86007276124826
true,32890,137950658560,137.950658560,2.4277279376983643,0.11428967118263245,29772.492545954643,76.63574918346575
true,32900,137992601600,137.992601600,2.482013702392578,0.10724011063575745,29721.56513910342,76.50465972322017
true,32910,138034544640,138.034544640,2.413099527359009,0.09051591157913208,29741.70649083725,76.55650447814982
true,32920,138076487680,138.076487680,2.4415574073791504,0.17672599852085114,29725.716246450498,76.5153448622287
true,32930,138118430720,138.118430720,2.4197170734405518,0.11931115388870239,29748.967035482056,76.5751934501086
true,32940,138160373760,138.160373760,2.4402217864990234,0.1118691936135292,29766.819469171536,76.6211464259446
true,32950,138202316800,138.202316800,2.4507594108581543,0.1726388782262802,29752.15342476187,76.58339536095876
true,32960,138244259840,138.244259840,2.4217400550842285,0.10658116638660431,29723.330452929717,76.50920372125503
true,32970,138286202880,138.286202880,2.450639009475708,0.2869890034198761,28118.89940853324,72.37932528024957
true,32980,138328145920,138.328145920,2.412256956100464,0.09070448577404022,29784.710205239553,76.66719799384406
true,32990,138370088960,138.370088960,2.387810468673706,0.13216771185398102,29768.290330323263,76.62493248941017
true,33000,138412032000,138.412032000,2.447826862335205,0.11033134162425995,29723.502706646614,76.50964711015249
true,33010,138453975040,138.453975040,2.4431138038635254,0.15930594503879547,23912.95463710762,61.553032248688154
true,33020,138495918080,138.495918080,2.444080114364624,0.10775291919708252,29786.139717884722,76.67087762437417
true,33030,138537861120,138.537861120,2.4198968410491943,0.14049787819385529,29771.356283680707,76.63282439272147
true,33040,138579804160,138.579804160,2.4296395778656006,0.17144055664539337,29777.436028316468,76.6484739317813
true,33050,138621747200,138.621747200,2.426304817199707,0.12505823373794556,29730.6734873622,76.52810502567706
true,33060,138663690240,138.663690240,2.438133955001831,0.1669926792383194,29742.344735612252,76.55814734921341
true,33070,138705633280,138.705633280,2.4146413803100586,0.14210760593414307,28029.689076237682,72.14969382968079
true,33080,138747576320,138.747576320,2.4598824977874756,0.14580117166042328,29766.25143351318,76.61968427633875
true,33090,138789519360,138.789519360,2.4652061462402344,0.08725026249885559,29708.57803732724,76.47123033289273
true,33100,138831462400,138.831462400,2.4309120178222656,0.10466333478689194,29758.201749912514,76.59896402483564
true,33110,138873405440,138.873405440,2.426279067993164,0.28535157442092896,29758.431167107858,76.59955455512508
true,33120,138915348480,138.915348480,2.4371705055236816,0.17907975614070892,29726.838681034107,76.51823405986951
true,33130,138957291520,138.957291520,2.4219908714294434,0.12058620154857635,28338.80280504857,72.94536661904338
true,33140,138999234560,138.999234560,2.444387674331665,0.147592693567276,29687.245659930162,76.41631982376535
true,33150,139041177600,139.041177600,2.428086042404175,0.10688380151987076,29765.742289003778,76.61837371522734
true,33160,139083120640,139.083120640,2.440887451171875,0.12339276075363159,29718.70104625496,76.49728741803497
true,33170,139125063680,139.125063680,2.424116611480713,0.08528615534305573,29716.121719366394,76.49064811337517
true,33180,139167006720,139.167006720,2.443584680557251,0.2687609791755676,26981.044487319818,69.4504349894992
true,33190,139208949760,139.208949760,2.4096522331237793,0.1457999348640442,29742.187401297524,76.55774236353534
true,33200,139250892800,139.250892800,2.451439380645752,0.09069844335317612,28544.161724073772,73.47396981162834
true,33210,139292835840,139.292835840,2.4421138763427734,0.16136418282985687,29772.091258978595,76.63471625254807
true,33220,139334778880,139.334778880,2.4386696815490723,0.1626954972743988,29756.82748785894,76.59542661183981
true,33230,139376721920,139.376721920,2.391616106033325,0.09137281775474548,29758.167917967985,76.59887693987251
true,33240,139418664960,139.418664960,2.4432621002197266,0.17092488706111908,29771.73721729915,76.63380493317149
true,33250,139460608000,139.460608000,2.4535953998565674,0.09398706257343292,29785.81585914831,76.67004399726498
true,33260,139502551040,139.502551040,2.4276769161224365,0.11601945012807846,27377.62612025053,70.4712541401006
true,33270,139544494080,139.544494080,2.451803684234619,0.13329258561134338,29739.769608623927,76.55151885528774
true,33280,139586437120,139.586437120,2.4524691104888916,0.14757603406906128,29763.49675795806,76.6125936162404
true,33290,139628380160,139.628380160,2.4412176609039307,0.1446225941181183,29754.483007056868,76.58939181168206
true,33300,139670323200,139.670323200,2.428473472595215,0.08492039889097214,27789.794942700526,71.53219542507252
true,33310,139712266240,139.712266240,2.4155900478363037,0.15466347336769104,29715.18385932524,76.48823401899688
true,33320,139754209280,139.754209280,2.4378209114074707,0.1410452276468277,27096.50133613307,69.7476261666742
true,33330,139796152320,139.796152320,2.4279255867004395,0.13291200995445251,29718.18476301612,76.49595848150948
true,33340,139838095360,139.838095360,2.425637722015381,0.10148373991250992,29761.62746639347,76.60778197478065
true,33350,139880038400,139.880038400,2.4368972778320312,0.231117844581604,29743.436034693095,76.56095640265475
true,33360,139921981440,139.921981440,2.430368423461914,0.08159466832876205,29741.973641142355,76.55719213517902
true,33370,139963924480,139.963924480,2.40685772895813,0.1607128381729126,29736.54676287249,76.54322310382243
true,33380,140005867520,140.005867520,2.427182912826538,0.13781429827213287,27490.154643670863,70.76090767460111
true,33390,140047810560,140.047810560,2.477182388305664,0.20096933841705322,29777.730883922894,76.64923290351551
true,33400,140089753600,140.089753600,2.3895468711853027,0.10405182838439941,29667.994498397085,76.36676645887788
true,33410,140131696640,140.131696640,2.427504062652588,0.18691325187683105,29755.69905686723,76.59252197917199
true,33420,140173639680,140.173639680,2.430415153503418,0.11547182500362396,29729.319140893993,76.52461887630328
true,33430,140215582720,140.215582720,2.439674139022827,0.12793754041194916,29738.96457447417,76.54944666079176
true,33440,140257525760,140.257525760,2.4255144596099854,0.20633943378925323,29720.46860191828,76.50183718666025
true,33450,140299468800,140.299468800,2.4304378032684326,0.15687814354896545,27245.24081078114,70.13048833567854
true,33460,140341411840,140.341411840,2.4295461177825928,0.09532003849744797,27818.51178789979,71.60611388999898
true,33470,140383354880,140.383354880,2.442275285720825,0.2103559821844101,27165.508784383797,69.92525447534774
true,33480,140425297920,140.425297920,2.453518867492676,0.11203011125326157,29694.219006689942,76.43426953531291
true,33490,140467240960,140.467240960,2.4064109325408936,0.12256127595901489,29731.569631185655,76.53041174061471
true,33500,140509184000,140.509184000,2.420442819595337,0.09471380710601807,29730.67121756104,76.52809918310571
true,33510,140551127040,140.551127040,2.4427809715270996,0.16490796208381653,28045.563535078414,72.19055540834316
true,33520,140593070080,140.593070080,2.4426217079162598,0.09930005669593811,28480.10884223542,73.30909478212028
true,33530,140635013120,140.635013120,2.3792784214019775,0.10355610400438309,29762.250140555083,76.60938476637757
true,33540,140676956160,140.676956160,2.444884777069092,0.1884182244539261,27385.7718787317,70.4922216927134
true,33550,140718899200,140.718899200,2.44492244720459,0.11367776244878769,29747.738087510348,76.57203008216506
true,33560,140760842240,140.760842240,2.424280881881714,0.15190814435482025,29713.275544180167,76.48332192906705
true,33570,140802785280,140.802785280,2.4036481380462646,0.09208344668149948,29789.653820239477,76.6799230835761
true,33580,140844728320,140.844728320,2.4359934329986572,0.20041850209236145,29741.65907882196,76.55638243746725
true,33590,140886671360,140.886671360,2.4255664348602295,0.11438930034637451,27039.64455288808,69.60127422205899
true,33600,140928614400,140.928614400,2.4407100677490234,0.21756604313850403,29765.693620570437,76.6182484404676
true,33610,140970557440,140.970557440,2.4288790225982666,0.0785960927605629,29752.88141007709,76.58526922825222
true,33620,141012500480,141.012500480,2.4460816383361816,0.13089440762996674,27624.603064747676,71.10698402208367
true,33630,141054443520,141.054443520,2.4309310913085938,0.15124836564064026,29722.759890169895,76.50773506677515
true,33640,141096386560,141.096386560,2.449050188064575,0.142734095454216,29733.610615282592,76.53566532645738
true,33650,141138329600,141.138329600,2.4112656116485596,0.16227839887142181,29752.320539390905,76.58382552161044
true,33660,141180272640,141.180272640,2.429994821548462,0.10134413093328476,29759.50188409403,76.60231062931913
true,33670,141222215680,141.222215680,2.4411888122558594,0.25757068395614624,28490.92265891985,73.3369300378304
true,33680,141264158720,141.264158720,2.4187185764312744,0.16162821650505066,28289.07435961529,72.81736333998886
true,33690,141306101760,141.306101760,2.458038091659546,0.09311682730913162,29732.607982640246,76.53308450445924
true,33700,141348044800,141.348044800,2.4274442195892334,0.21032929420471191,29701.073013536192,76.4519120604982
true,33710,141389987840,141.389987840,2.420680522918701,0.10600784420967102,29698.55297935523,76.44542537796305
true,33720,141431930880,141.431930880,2.4155609607696533,0.11284890025854111,29761.211944355335,76.60671240216607
true,33730,141473873920,141.473873920,2.4207847118377686,0.11727335304021835,29743.485093018102,76.56108268101336
true,33740,141515816960,141.515816960,2.4275636672973633,0.18485566973686218,26903.208311532144,69.2500811348175
true,33750,141557760000,141.557760000,2.420217752456665,0.1528589129447937,29768.029609125573,76.62426138119571
true,33760,141599703040,141.599703040,2.461470603942871,0.1751357614994049,29710.404854903758,76.47593264437646
true,33770,141641646080,141.641646080,2.426204204559326,0.0990682989358902,29766.730710400127,76.62091795683227
true,33780,141683589120,141.683589120,2.433385133743286,0.12637761235237122,29639.75372265256,76.29407341836864
true,33790,141725532160,141.725532160,2.422503709793091,0.08281675726175308,29699.743824010002,76.44849066623672
true,33800,141767475200,141.767475200,2.423274517059326,0.11356709897518158,29772.676461325293,76.63622258999004
true,33810,141809418240,141.809418240,2.4427618980407715,0.08934895694255829,29761.583369272354,76.60766846678636
true,33820,141851361280,141.851361280,2.435288429260254,0.11928875744342804,29725.095623634148,76.51374735088774
true,33830,141893304320,141.893304320,2.432687520980835,0.13754776120185852,29733.50682238576,76.5353981588228
true,33840,141935247360,141.935247360,2.4141387939453125,0.10814480483531952,29768.51035748753,76.62549884933279
true,33850,141977190400,141.977190400,2.4392037391662598,0.3220405578613281,29720.708142654243,76.50245377540345
true,33860,142019133440,142.019133440,2.4514172077178955,0.11701638251543045,29719.729774201052,76.49993541053117
true,33870,142061076480,142.061076480,2.434337615966797,0.07648979127407074,29746.620133866403,76.56915241866665
true,33880,142103019520,142.103019520,2.4462459087371826,0.1428166776895523,29763.625904362452,76.61292604495593
true,33890,142144962560,142.144962560,2.4177916049957275,0.1121041551232338,29759.334114888545,76.60187878375793
true,33900,142186905600,142.186905600,2.4160561561584473,0.28933185338974,28266.738244755026,72.75986916500428
true,33910,142228848640,142.228848640,2.420562505722046,0.09652764350175858,29770.930779037568,76.63172912442785
true,33920,142270791680,142.270791680,2.427685260772705,0.17425350844860077,29775.42913483544,76.64330809673363
true,33930,142312734720,142.312734720,2.437452554702759,0.19702358543872833,29770.11931265249,76.62964037306577
true,33940,142354677760,142.354677760,2.4425625801086426,0.09585513174533844,29739.47328721042,76.55075611049946
true,33950,142396620800,142.396620800,2.456660270690918,0.12378102540969849,27405.16683869926,70.54214520130789
true,33960,142438563840,142.438563840,2.429253578186035,0.1275014579296112,29789.617828357477,76.67983043883574
true,33970,142480506880,142.480506880,2.4325315952301025,0.1620592325925827,29770.766305543213,76.6313057621769
true,33980,142522449920,142.522449920,2.4126148223876953,0.23595400154590607,29778.552009881514,76.65134651905898
true,33990,142564392960,142.564392960,2.441556215286255,0.10469508916139603,29726.78284109963,76.51809032533984
true,34000,142606336000,142.606336000,2.4255008697509766,0.09704694151878357,29729.523640681677,76.52514526805274
true,34010,142648279040,142.648279040,2.402282953262329,0.14016836881637573,23871.39368600874,61.44605247132071
true,34020,142690222080,142.690222080,2.4401473999023438,0.2056882232427597,27135.034254842434,69.84681165102555
true,34030,142732165120,142.732165120,2.4351391792297363,0.18855616450309753,29721.261188975514,76.50387734177426
true,34040,142774108160,142.774108160,2.4095308780670166,0.09740704298019409,29764.589337888963,76.61540596664804
true,34050,142816051200,142.816051200,2.408684015274048,0.1875835806131363,29774.71061452429,76.64145859279091
true,34060,142857994240,142.857994240,2.433342456817627,0.1408209204673767,29726.532694179867,76.51744643579742
true,34070,142899937280,142.899937280,2.4427735805511475,0.11964492499828339,29751.056908633465,76.58057287859984
true,34080,142941880320,142.941880320,2.4335663318634033,0.1194201111793518,29784.180473110002,76.66583443926253
true,34090,142983823360,142.983823360,2.426729679107666,0.15622355043888092,29738.492558122365,76.54823166924575
true,34100,143025766400,143.025766400,2.4362435340881348,0.10073096305131912,29712.286279841308,76.48077551768976
true,34110,143067709440,143.067709440,2.3941588401794434,0.1444350928068161,28166.630534235108,72.50218736752315
true,34120,143109652480,143.109652480,2.427320957183838,0.2155851125717163,29759.32429954748,76.60185351862386
true,34130,143151595520,143.151595520,2.4082415103912354,0.06679284572601318,29743.91570990693,76.56219110845979
true,34140,143193538560,143.193538560,2.4034981727600098,0.16938504576683044,29720.775653949488,76.50262755254626
true,34150,143235481600,143.235481600,2.4661340713500977,0.11657149344682693,29741.32417959471,76.55552039163277
true,34160,143277424640,143.277424640,2.429445266723633,0.1473049819469452,29747.634033735154,76.57176224301773
true,34170,143319367680,143.319367680,2.4498555660247803,0.2667272388935089,29749.43340528741,76.5763939071874
true,34180,143361310720,143.361310720,2.4304866790771484,0.14713731408119202,29773.657852825414,76.63874873632254
true,34190,143403253760,143.403253760,2.429888963699341,0.15950389206409454,29692.194212612176,76.42905762331554
true,34200,143445196800,143.445196800,2.400120258331299,0.14010699093341827,29771.462474696607,76.63309773322354
true,34210,143487139840,143.487139840,2.4222776889801025,0.1823740303516388,27461.604638388308,70.68741866320433
true,34220,143529082880,143.529082880,2.3990700244903564,0.16622582077980042,29744.872732937976,76.56465452924517
true,34230,143571025920,143.571025920,2.42166805267334,0.12049367278814316,29787.655886589782,76.67478031154158
true,34240,143612968960,143.612968960,2.4166815280914307,0.12794631719589233,29781.79745935103,76.65970045352212
true,34250,143654912000,143.654912000,2.428436279296875,0.17265161871910095,29728.211972928413,76.52176897563128
true,34260,143696855040,143.696855040,2.4420220851898193,0.14680485427379608,29741.402945682054,76.55572313912207
true,34270,143738798080,143.738798080,2.436551332473755,0.13602569699287415,29747.66065733764,76.57183077338077
true,34280,143780741120,143.780741120,2.461540699005127,0.15914380550384521,26957.25725468683,69.38920557140408
true,34290,143822684160,143.822684160,2.4386744499206543,0.12875248491764069,29720.744009639202,76.50254609865314
true,34300,143864627200,143.864627200,2.426270008087158,0.10275393724441528,29788.91904819742,76.67803174693925
true,34310,143906570240,143.906570240,2.4784140586853027,0.14155322313308716,29715.161104666753,76.48817544747158
true,34320,143948513280,143.948513280,2.427595853805542,0.09494657069444656,29756.787387553824,76.59532339183161
true,34330,143990456320,143.990456320,2.480437755584717,0.1313391774892807,29758.845128989316,76.60062011182545
true,34340,144032399360,144.032399360,2.4277021884918213,0.11983385682106018,29735.223325150695,76.53981651496693
true,34350,144074342400,144.074342400,2.4224743843078613,0.09625489264726639,28120.61397042128,72.38373864048833
true,34360,144116285440,144.116285440,2.4387922286987305,0.12692007422447205,29733.670469842513,76.53581939481542
true,34370,144158228480,144.158228480,2.4278225898742676,0.18600784242153168,29713.094959037935,76.48285709470207
true,34380,144200171520,144.200171520,2.4332990646362305,0.22441600263118744,28607.425177682893,73.63681281698922
true,34390,144242114560,144.242114560,2.4169445037841797,0.1272004097700119,29759.33577238427,76.60188305022727
true,34400,144284057600,144.284057600,2.422370433807373,0.15036240220069885,29744.582305844666,76.56390695670503
true,34410,144326000640,144.326000640,2.4324448108673096,0.1799003779888153,29750.538738374864,76.5792390847997
true,34420,144367943680,144.367943680,2.423180103302002,0.19999012351036072,29765.146341434673,76.61683971909443
true,34430,144409886720,144.409886720,2.4119181632995605,0.16380275785923004,29768.544273399973,76.62558615043314
true,34440,144451829760,144.451829760,2.4444825649261475,0.28847718238830566,29711.322011656423,76.47829344754906
true,34450,144493772800,144.493772800,2.4595062732696533,0.13907906413078308,29759.653105041565,76.60269987891216
true,34460,144535715840,144.535715840,2.410614013671875,0.15833665430545807,29781.137848147573,76.65800258430043
true,34470,144577658880,144.577658880,2.44069766998291,0.09633871167898178,27254.08258832723,70.15324747300345
true,34480,144619601920,144.619601920,2.4164271354675293,0.17421260476112366,29742.712245198047,76.55909333559315
true,34490,144661544960,144.661544960,2.4238028526306152,0.09757774323225021,29759.471345336427,76.60223202116887
true,34500,144703488000,144.703488000,2.4163413047790527,0.2130185216665268,29709.73914145009,76.47421906768534
true,34510,144745431040,144.745431040,2.420464277267456,0.1331464648246765,29783.894425014994,76.66509813846307
true,34520,144787374080,144.787374080,2.430777072906494,0.11259814351797104,29794.275239485738,76.69181882679213
true,34530,144829317120,144.829317120,2.423971652984619,0.10225721448659897,29744.449329013074,76.56356466829577
true,34540,144871260160,144.871260160,2.422574996948242,0.200680673122406,28665.192420970965,73.78550832714215
true,34550,144913203200,144.913203200,2.4332380294799805,0.11121336370706558,29748.983094578332,76.57523478695242
true,34560,144955146240,144.955146240,2.424738645553589,0.20087109506130219,27467.987053636305,70.70384729017854
true,34570,144997089280,144.997089280,2.4115047454833984,0.16649256646633148,29768.58184645782,76.62568286519199
true,34580,145039032320,145.039032320,2.4167959690093994,0.09568901360034943,29745.3321708313,76.56583714326729
true,34590,145080975360,145.080975360,2.4396042823791504,0.16541889309883118,29735.158151877677,76.5396487559996
true,34600,145122918400,145.122918400,2.4296751022338867,0.12149757146835327,29738.2746409335,76.54767074049575
true,34610,145164861440,145.164861440,2.4435386657714844,0.23168335855007172,29722.885604910833,76.50805866223294
true,34620,145206804480,145.206804480,2.395498752593994,0.10810042172670364,29782.570634283915,76.66169064094562
true,34630,145248747520,145.248747520,2.4361207485198975,0.1442655771970749,29773.52416490901,76.63840461754866
true,34640,145290690560,145.290690560,2.428194522857666,0.1295120120048523,29783.611386407323,76.66436958422081
true,34650,145332633600,145.332633600,2.41044545173645,0.13842655718326569,29713.989973188953,76.48516090181151
true,34660,145374576640,145.374576640,2.4281880855560303,0.21812932193279266,29750.801756957582,76.57991610658767
true,34670,145416519680,145.416519680,2.3679444789886475,0.11292465776205063,26044.1819176731,67.03890814820427
true,34680,145458462720,145.458462720,2.4083781242370605,0.1450234055519104,29779.742305814965,76.65441039489903
true,34690,145500405760,145.500405760,2.442603588104248,0.08331060409545898,29770.478135888134,76.63056400038538
true,34700,145542348800,145.542348800,2.3951900005340576,0.1602974534034729,26718.95490859637,68.7758045000416
true,34710,145584291840,145.584291840,2.4485924243927,0.12330097705125809,29786.639627462253,76.67216441435116
true,34720,145626234880,145.626234880,2.43487548828125,0.16614200174808502,29738.635626493167,76.54859993373566
true,34730,145668177920,145.668177920,2.4510202407836914,0.09273858368396759,29712.071768746988,76.48022335638194
true,34740,145710120960,145.710120960,2.4521515369415283,0.1346277892589569,29738.212759544145,76.54751145498658
true,34750,145752064000,145.752064000,2.422805070877075,0.13840486109256744,29759.448661240705,76.60217363127533
true,34760,145794007040,145.794007040,2.412230968475342,0.13541017472743988,29776.58850012586,76.64629235569252
true,34770,145835950080,145.835950080,2.459143877029419,0.11152870953083038,29781.847051426445,76.65982810577854
true,34780,145877893120,145.877893120,2.4354052543640137,0.36048734188079834,29749.656749605838,76.5769688056156
true,34790,145919836160,145.919836160,2.4354658126831055,0.11711779236793518,27938.568224510407,71.91514461524814
true,34800,145961779200,145.961779200,2.4282233715057373,0.1104428842663765,27445.898784020505,70.64699108011952
true,34810,146003722240,146.003722240,2.410294771194458,0.13443870842456818,29784.865005687767,76.66759645723454
true,34820,146045665280,146.045665280,2.4053726196289062,0.13427434861660004,29799.347954926387,76.70487622692713
true,34830,146087608320,146.087608320,2.4365594387054443,0.16825473308563232,29768.174529648535,76.62463441320948
true,34840,146129551360,146.129551360,2.4174163341522217,0.20670047402381897,28136.984859541844,72.42587805325728
true,34850,146171494400,146.171494400,2.430926561355591,0.13605326414108276,29759.52467147239,76.6023692850669
true,34860,146213437440,146.213437440,2.4043850898742676,0.17110420763492584,29753.93208402492,76.58797371075448
true,34870,146255380480,146.255380480,2.4284331798553467,0.08288010209798813,24736.967269221244,63.67407822094577
true,34880,146297323520,146.297323520,2.4420034885406494,0.1343778520822525,29734.189183439106,76.53715458719225
true,34890,146339266560,146.339266560,2.4540936946868896,0.08093433827161789,27660.036422832527,71.19819109649059
true,34900,146381209600,146.381209600,2.4199628829956055,0.19190053641796112,29771.898704928703,76.63422060967069
true,34910,146423152640,146.423152640,2.4363396167755127,0.12266600131988525,29794.48541375765,76.69235982492194
true,34920,146465095680,146.465095680,2.42181658744812,0.39291083812713623,29749.13529653342,76.57562656170347
true,34930,146507038720,146.507038720,2.448436975479126,0.10339776426553726,29712.18846066182,76.48052372667519
true,34940,146548981760,146.548981760,2.407500743865967,0.1431736797094345,27055.33635495757,69.64166563388916
true,34950,146590924800,146.590924800,2.442202568054199,0.1906665563583374,29749.990934710746,76.57782901326672
true,34960,146632867840,146.632867840,2.437448024749756,0.2507854402065277,29743.42617074826,76.56093101241235
true,34970,146674810880,146.674810880,2.441288709640503,0.07868722081184387,26145.91195701901,67.30076589382982
true,34980,146716753920,146.716753920,2.396223783493042,0.17890509963035583,29708.697038486218,76.47153664728539
true,34990,146758696960,146.758696960,2.4136273860931396,0.20574864745140076,29718.060889034034,76.49563962424864
true,35000,146800640000,146.800640000,2.4429945945739746,0.12953314185142517,29771.306559016728,76.63269639917607
true,35010,146842583040,146.842583040,2.4196107387542725,0.15257535874843597,23905.163680992817,61.53297797349463
true,35020,146884526080,146.884526080,2.426060438156128,0.12328387051820755,29742.09481446997,76.55750404083248
true,35030,146926469120,146.926469120,2.4620442390441895,0.39863061904907227,29729.520676477874,76.5251376380574
true,35040,146968412160,146.968412160,2.395176410675049,0.13103711605072021,29763.022716280055,76.61137341141269
true,35050,147010355200,147.010355200,2.423879861831665,0.17598775029182434,29745.598347681207,76.56652229457856
true,35060,147052298240,147.052298240,2.4515159130096436,0.08798442035913467,27082.08746722877,69.71052421290231
true,35070,147094241280,147.094241280,2.4519588947296143,0.13870364427566528,29723.524778528634,76.50970392418013
true,35080,147136184320,147.136184320,2.42771053314209,0.14964483678340912,29749.911443947956,76.57762440042988
true,35090,147178127360,147.178127360,2.4388351440429688,0.17387263476848602,29727.026035053324,76.51871631763153
true,35100,147220070400,147.220070400,2.4435105323791504,0.1156010627746582,29756.050644843446,76.59342698260492
true,35110,147262013440,147.262013440,2.4054644107818604,0.12242280691862106,29752.397493158976,76.58402360410754
true,35120,147303956480,147.303956480,2.446556568145752,0.13844987750053406,29745.654307363566,76.56666633734471
true,35130,147345899520,147.345899520,2.404029130935669,0.4159485697746277,28807.83979228803,74.15268914524334
true,35140,147387842560,147.387842560,2.433014392852783,0.11752515286207199,29725.62598220177,76.51511251794933
true,35150,147429785600,147.429785600,2.4504384994506836,0.13430221378803253,29763.14324040557,76.61168364599042
true,35160,147471728640,147.471728640,2.3879783153533936,0.13612093031406403,29767.64051982684,76.6232598476539
true,35170,147513671680,147.513671680,2.389423370361328,0.12883901596069336,27303.77639848149,70.28116159927535
true,35180,147555614720,147.555614720,2.459216594696045,0.16150246560573578,29737.09678088926,76.5446388751998
true,35190,147597557760,147.597557760,2.4050893783569336,0.14222094416618347,29763.44383175962,76.61245738179976
true,35200,147639500800,147.639500800,2.373535633087158,0.14675848186016083,29706.536111524892,76.46597432305754
true,35210,147681443840,147.681443840,2.476271390914917,0.1838388293981552,29733.307604721278,76.53488536349857
true,35220,147723386880,147.723386880,2.434605836868286,0.11659782379865646,29780.95803785507,76.65753974443388
true,35230,147765329920,147.765329920,2.4183521270751953,0.16449886560440063,29759.79670683449,76.60306951645487
true,35240,147807272960,147.807272960,2.4351272583007812,0.09995821863412857,29739.414186021924,76.55060398135372
true,35250,147849216000,147.849216000,2.428713798522949,0.163814976811409,25935.646405852913,66.75953280707311
true,35260,147891159040,147.891159040,2.4202611446380615,0.10907503962516785,26938.90007396668,69.34195335376683
true,35270,147933102080,147.933102080,2.4231789112091064,0.12340978533029556,27721.108167992446,71.35539254467461
true,35280,147975045120,147.975045120,2.439547300338745,0.2904602587223053,29755.11270743045,76.591012689068
true,35290,148016988160,148.016988160,2.4544310569763184,0.14391249418258667,29733.054109194276,76.53423285448892
true,35300,148058931200,148.058931200,2.451420783996582,0.24831488728523254,27360.62768304619,70.42749939003753
true,35310,148100874240,148.100874240,2.4630990028381348,0.15820859372615814,29764.431531456616,76.61499976571774
true,35320,148142817280,148.142817280,2.458892583847046,0.14317761361598969,29748.672989438932,76.57443656222715
true,35330,148184760320,148.184760320,2.445070266723633,0.12658095359802246,29791.788897242473,76.68541886883615
true,35340,148226703360,148.226703360,2.4284284114837646,0.12622234225273132,27344.56860711565,70.38616259859383
true,35350,148268646400,148.268646400,2.413839101791382,0.11927645653486252,28087.349305723175,72.29811388144134
true,35360,148310589440,148.310589440,2.434577703475952,0.17444875836372375,29762.20745394193,76.6092748890949
true,35370,148352532480,148.352532480,2.4206578731536865,0.16773904860019684,29738.614290006142,76.54854501264816
true,35380,148394475520,148.394475520,2.4414944648742676,0.5778560638427734,29751.74785932186,76.58235141708035
true,35390,148436418560,148.436418560,2.4355762004852295,0.11823876202106476,29784.316232183523,76.66618388928897
true,35400,148478361600,148.478361600,2.4429893493652344,0.13496938347816467,29728.04318991795,76.52133452048996
true,35410,148520304640,148.520304640,2.4060511589050293,0.1575879156589508,29730.18617013426,76.52685064898034
true,35420,148562247680,148.562247680,2.4226229190826416,0.10305804014205933,27393.05772266469,70.51097578619
true,35430,148604190720,148.604190720,2.4208805561065674,0.23502954840660095,29710.0848373782,76.47510890471861
true,35440,148646133760,148.646133760,2.4271576404571533,0.09354250878095627,29749.76751494168,76.57725392062513
true,35450,148688076800,148.688076800,2.416877031326294,0.14868341386318207,29759.488467924923,76.60227609549001
true,35460,148730019840,148.730019840,2.4385833740234375,0.12293829023838043,29732.421178848574,76.53260366300792
true,35470,148771962880,148.771962880,2.4321601390838623,0.21993184089660645,29739.26895844585,76.55023015897127
true,35480,148813905920,148.813905920,2.4575719833374023,0.24125836789608002,29763.873317142068,76.61356289669732
true,35490,148855848960,148.855848960,2.427211046218872,0.18651869893074036,29745.899109087346,76.5672964681097
true,35500,148897792000,148.897792000,2.4332351684570312,0.11388960480690002,29736.228809461,76.54240467728802
true,35510,148939735040,148.939735040,2.432492256164551,0.11572043597698212,27242.857114080045,70.12435259201406
true,35520,148981678080,148.981678080,2.456123113632202,0.37519851326942444,29738.47060225065,76.54817515383391
true,35530,149023621120,149.023621120,2.458313465118408,0.11728142201900482,27592.45598609049,71.02423598030816
true,35540,149065564160,149.065564160,2.414259910583496,0.12495916336774826,29781.20372602779,76.65817215695871
true,35550,149107507200,149.107507200,2.443992853164673,0.0974714532494545,29784.84529340838,76.66754571693133
true,35560,149149450240,149.149450240,2.4034523963928223,0.2584141492843628,29788.40985680887,76.67672106515879
true,35570,149191393280,149.191393280,2.451172113418579,0.11423887312412262,29778.223867838,76.65050186652259
true,35580,149233336320,149.233336320,2.4309191703796387,0.19544152915477753,29727.896228487614,76.52095623508784
true,35590,149275279360,149.275279360,2.441614866256714,0.13831204175949097,29727.320597704296,76.51947453528508
true,35600,149317222400,149.317222400,2.444951057434082,0.19321641325950623,28667.155720394498,73.79056194910416
true,35610,149359165440,149.359165440,2.430931329727173,0.11998842656612396,29755.65563788186,76.59241021672996
true,35620,149401108480,149.401108480,2.435546636581421,0.251959890127182,27936.601459577534,71.91008207290756
true,35630,149443051520,149.443051520,2.434856653213501,0.19212767481803894,29749.811964437045,76.57736833564675
true,35640,149484994560,149.484994560,2.433119297027588,0.1992495208978653,29795.317937675452,76.69450277933046
true,35650,149526937600,149.526937600,2.4214093685150146,0.15640346705913544,29778.82770877342,76.65205618053919
true,35660,149568880640,149.568880640,2.4485185146331787,0.16701693832874298,29767.994205926967,76.62417025175316
true,35670,149610823680,149.610823680,2.4203081130981445,0.21117104589939117,29725.301396322542,76.51427701914149
true,35680,149652766720,149.652766720,2.432694435119629,0.18490612506866455,29719.69710160806,76.49985130979162
true,35690,149694709760,149.694709760,2.439222812652588,0.09528949111700058,29751.647045488047,76.58209191768943
true,35700,149736652800,149.736652800,2.4370293617248535,0.39978736639022827,29743.91148685497,76.56218023813209
true,35710,149778595840,149.778595840,2.464672327041626,0.21409401297569275,29769.25591083744,76.62741793754613
true,35720,149820538880,149.820538880,2.4403934478759766,0.16438640654087067,29759.947548166714,76.60345778890083
true,35730,149862481920,149.862481920,2.418220281600952,0.15484727919101715,29769.201619143867,76.62727818825893
true,35740,149904424960,149.904424960,2.4235570430755615,0.34415534138679504,29750.039111594724,76.57795302275605
true,35750,149946368000,149.946368000,2.437255859375,0.13958203792572021,29776.969155622453,76.64727218024424
true,35760,149988311040,149.988311040,2.444793701171875,0.15380162000656128,29764.339684842053,76.61476334835679
true,35770,150030254080,150.030254080,2.430755615234375,0.23067301511764526,29747.859192116775,76.57234181092706
true,35780,150072197120,150.072197120,2.4140448570251465,0.18163268268108368,29742.113865546686,76.55755307916996
true,35790,150114140160,150.114140160,2.437922239303589,0.09807199984788895,28029.239978925256,72.14853783278394
true,35800,150156083200,150.156083200,2.424107551574707,0.12970486283302307,29762.541859396413,76.61013566393585
true,35810,150198026240,150.198026240,2.4051523208618164,0.1502503603696823,29777.54725640373,76.64876023793401
true,35820,150239969280,150.239969280,2.465226411819458,0.22037597000598907,29726.31955706075,76.51689781116423
true,35830,150281912320,150.281912320,2.427259683609009,0.27326691150665283,29734.790733456914,76.53870300428278
true,35840,150323855360,150.323855360,2.42807674407959,0.1936149299144745,29787.03839408047,76.67319085775321
true,35850,150365798400,150.365798400,2.469360828399658,0.1370496153831482,29774.924303772626,76.64200863862982
true,35860,150407741440,150.407741440,2.437499523162842,0.1025674119591713,29749.567923365197,76.57674016283441
true,35870,150449684480,150.449684480,2.435851573944092,0.1432652771472931,29747.62209582335,76.5717315142901
true,35880,150491627520,150.491627520,2.421086311340332,0.17664584517478943,28010.82075575591,72.1011259150622
true,35890,150533570560,150.533570560,2.4310169219970703,1.3332600593566895,29772.77774902143,76.63648330912416
true,35900,150575513600,150.575513600,2.4654927253723145,0.18517334759235382,29698.21016000612,76.44454294537488
true,35910,150617456640,150.617456640,2.4214377403259277,0.17600923776626587,29746.347425185544,76.56845045412558
true,35920,150659399680,150.659399680,2.403200387954712,0.09607113152742386,29750.742774250062,76.57976428241734
true,35930,150701342720,150.701342720,2.4221205711364746,0.17992658913135529,29753.88414363108,76.58785031000151
true,35940,150743285760,150.743285760,2.4442174434661865,0.1859123855829239,12024.794865831173,30.952368596551306
true,35950,150785228800,150.785228800,2.441746950149536,0.19412146508693695,27742.23036342311,71.4097620358662
true,35960,150827171840,150.827171840,2.428961992263794,0.18432363867759705,29801.125170044805,76.70945085942893
true,35970,150869114880,150.869114880,2.4364871978759766,0.11843784153461456,29777.94014060357,76.64977153972374
true,35980,150911057920,150.911057920,2.414306163787842,0.3119041323661804,29775.745285031982,76.64412188171079
true,35990,150953000960,150.953000960,2.3949809074401855,0.19866248965263367,29737.275689947222,76.54509939524768
true,36000,150994944000,150.994944000,2.4235143661499023,0.1495692878961563,29744.923307301287,76.56478470995529
true,36010,151036887040,151.036887040,2.44879150390625,0.13253864645957947,23857.880063466102,61.41126779260632
true,36020,151078830080,151.078830080,2.421489715576172,0.14896930754184723,29787.363610924265,76.67402798069256
true,36030,151120773120,151.120773120,2.423130512237549,0.14725817739963531,29735.953035522984,76.54169482263569
true,36040,151162716160,151.162716160,2.43471360206604,0.10640940815210342,29773.526618881413,76.63841093418517
true,36050,151204659200,151.204659200,2.4448421001434326,0.37647926807403564,29750.45200234141,76.57901582230683
true,36060,151246602240,151.246602240,2.493867874145508,0.11435301601886749,29731.816729889797,76.53104778391155
true,36070,151288545280,151.288545280,2.4248433113098145,0.14086148142814636,29756.704208832616,76.59510928602216
true,36080,151330488320,151.330488320,2.416110038757324,0.17598000168800354,29744.166058945004,76.56283551826392
true,36090,151372431360,151.372431360,2.4268321990966797,0.15902180969715118,29748.547550712494,76.5741136772432
true,36100,151414374400,151.414374400,2.4455788135528564,0.21473680436611176,29777.464741567717,76.64854784099523
true,36110,151456317440,151.456317440,2.415861129760742,0.11846194416284561,29783.59448816691,76.66432608738185
true,36120,151498260480,151.498260480,2.441642999649048,0.13638421893119812,29728.066422711745,76.52139432275727
true,36130,151540203520,151.540203520,2.395501136779785,0.1189030185341835,26889.271303131813,69.21420664165953
true,36140,151582146560,151.582146560,2.4977800846099854,0.20379503071308136,29763.271768153718,76.61201448225665
true,36150,151624089600,151.624089600,2.416682720184326,0.14070171117782593,29765.52638841423,76.61781797729563
true,36160,151666032640,151.666032640,2.4016482830047607,0.2340550422668457,29701.95116230832,76.45417245535573
true,36170,151707975680,151.707975680,2.419145345687866,0.09631232172250748,26361.054385872918,67.85455228544352
true,36180,151749918720,151.749918720,2.41910982131958,0.1339346468448639,29793.01391050009,76.68857210864675
true,36190,151791861760,151.791861760,2.4374005794525146,0.2515537142753601,29776.26383855507,76.64545666205115
true,36200,151833804800,151.833804800,2.441032886505127,0.11755414307117462,29753.1328560906,76.58591646172098
true,36210,151875747840,151.875747840,2.4322915077209473,0.11657235026359558,29729.52804553986,76.52515660635792
true,36220,151917690880,151.917690880,2.4189043045043945,0.13113665580749512,27879.963532749927,71.76429347465928
true,36230,151959633920,151.959633920,2.4432473182678223,0.18762202560901642,29759.104778159777,76.60128846059311
true,36240,152001576960,152.001576960,2.440033197402954,0.8035088777542114,29709.845158026732,76.47449195917281
true,36250,152043520000,152.043520000,2.419379472732544,0.10000072419643402,29771.05472890463,76.63204817702007
true,36260,152085463040,152.085463040,2.4110379219055176,0.31400570273399353,29451.94557052458,75.81064669758354
true,36270,152127406080,152.127406080,2.4228274822235107,0.06973299384117126,29718.889759927773,76.49777317560716
true,36280,152169349120,152.169349120,2.4199330806732178,0.18729490041732788,29772.24637293485,76.63511552292249
true,36290,152211292160,152.211292160,2.4317092895507812,0.3179815113544464,29760.074789714505,76.60378531442886
true,36300,152253235200,152.253235200,2.4674317836761475,0.1708749234676361,27551.585446644658,70.91903335391977
true,36310,152295178240,152.295178240,2.4465785026550293,0.1823415458202362,29710.17836901797,76.47534965941105
true,36320,152337121280,152.337121280,2.435659885406494,0.10882745683193207,29743.63285356729,76.56146302338374
true,36330,152379064320,152.379064320,2.430661201477051,0.6393581032752991,29729.64336109687,76.52545343384358
true,36340,152421007360,152.421007360,2.455556631088257,0.21182480454444885,29786.705379643612,76.67233366345488
true,36350,152462950400,152.462950400,2.4194490909576416,0.11412306874990463,29772.13299270302,76.63482367705183
true,36360,152504893440,152.504893440,2.428027629852295,0.23574425280094147,29698.13491888995,76.44434927132161
true,36370,152546836480,152.546836480,2.47107195854187,0.50685054063797,29757.435301070323,76.59699115067532
true,36380,152588779520,152.588779520,2.475761890411377,0.1869412064552307,29793.21313562877,76.68908492318417
true,36390,152630722560,152.630722560,2.4147720336914062,0.8056460022926331,29774.06109312729,76.63978669518968
true,36400,152672665600,152.672665600,2.4565210342407227,0.22226154804229736,29715.7076477191,76.48958227413254
true,36410,152714608640,152.714608640,2.4335274696350098,0.371952623128891,29771.565744259005,76.63336355377149
true,36420,152756551680,152.756551680,2.454333543777466,0.16848471760749817,29746.218484009212,76.56811855367641
true,36430,152798494720,152.798494720,2.431823492050171,0.11057710647583008,29737.67991210685,76.5461398814613
true,36440,152840437760,152.840437760,2.4437880516052246,0.14673267304897308,29741.973616000938,76.55719207046387
true,36450,152882380800,152.882380800,2.4324798583984375,0.14359904825687408,28473.251014228696,73.29144242109423
true,36460,152924323840,152.924323840,2.4171950817108154,0.08999182283878326,29737.3587412367,76.54531317304206
true,36470,152966266880,152.966266880,2.409177303314209,0.3037181794643402,27609.600298213172,71.0683662190421
true,36480,153008209920,153.008209920,2.417872190475464,0.2327471226453781,29772.13192454394,76.63482092756182
true,36490,153050152960,153.050152960,2.4283390045166016,0.24796248972415924,27813.71458985421,71.5937656841631
true,36500,153092096000,153.092096000,2.4309568405151367,0.23599135875701904,29772.125128887434,76.63480343523305
true,36510,153134039040,153.134039040,2.4116623401641846,0.21360163390636444,29742.111875584844,76.55754795691772
true,36520,153175982080,153.175982080,2.4468472003936768,0.8396432399749756,29745.919050250686,76.56734779757059
true,36530,153217925120,153.217925120,2.412065267562866,0.10408344119787216,29749.2788056429,76.57599596067479
true,36540,153259868160,153.259868160,2.4360265731811523,0.17515818774700165,29732.894783924126,76.53382274400109
true,36550,153301811200,153.301811200,2.424062728881836,0.4281327724456787,29743.171781041252,76.56027620174271
true,36560,153343754240,153.343754240,2.4079856872558594,0.2268274426460266,29768.840243766357,76.62634799161016
true,36570,153385697280,153.385697280,2.427015542984009,0.2671967148780823,29752.058314119455,76.58315054184173
true,36580,153427640320,153.427640320,2.4227259159088135,0.11494181305170059,29779.453622100908,76.65366730989633
true,36590,153469583360,153.469583360,2.419307231903076,0.1840796172618866,29769.303181671836,76.62753961482265
true,36600,153511526400,153.511526400,2.453397274017334,0.16956809163093567,29251.883317771397,75.29567736475367
true,36610,153553469440,153.553469440,2.438399314880371,0.14324642717838287,29759.231399596774,76.60161438992778
true,36620,153595412480,153.595412480,2.4419236183166504,0.09755837172269821,29776.39348385291,76.64579037494107
true,36630,153637355520,153.637355520,2.4670331478118896,0.23293134570121765,28142.91830943269,72.44115102299354
true,36640,153679298560,153.679298560,2.4395370483398438,0.17069129645824432,29789.361439789343,76.67917048300669
true,36650,153721241600,153.721241600,2.448784112930298,0.13789516687393188,29777.68043987224,76.6491030582361
true,36660,153763184640,153.763184640,2.4379944801330566,0.10565796494483948,29774.824097539604,76.64175070323094
true,36670,153805127680,153.805127680,2.4875476360321045,0.11092372983694077,29775.33001753087,76.64305296428608
true,36680,153847070720,153.847070720,2.448374032974243,0.20080438256263733,29736.43083205416,76.54292469262617
true,36690,153889013760,153.889013760,2.429685354232788,0.10932299494743347,29772.8117855102,76.63657092059344
true,36700,153930956800,153.930956800,2.448423385620117,0.15295107662677765,29766.69421859802,76.62082402527484
true,36710,153972899840,153.972899840,2.4652907848358154,0.08109018206596375,29742.536891218995,76.55864196648
true,36720,154014842880,154.014842880,2.405858039855957,0.13182920217514038,29717.569001542055,76.49437348348452
true,36730,154056785920,154.056785920,2.435328483581543,0.16809581220149994,29767.31646007593,76.62242570312425
true,36740,154098728960,154.098728960,2.416783571243286,0.0912240594625473,29709.928108852055,76.4747054783679
true,36750,154140672000,154.140672000,2.4528489112854004,0.19838671386241913,29750.072728848674,76.57803955509587
true,36760,154182615040,154.182615040,2.4089417457580566,0.36104816198349,29722.221453668815,76.50634910674563
true,36770,154224558080,154.224558080,2.419971466064453,0.1725996434688568,29761.328870275145,76.60701337479877
true,36780,154266501120,154.266501120,2.4690229892730713,0.17777903378009796,27372.42527021083,70.45786691568301
true,36790,154308444160,154.308444160,2.4120373725891113,0.1425948590040207,29738.2607751265,76.54763504927821
true,36800,154350387200,154.350387200,2.4280571937561035,0.1341094970703125,27164.887592440737,69.92365549904873
true,36810,154392330240,154.392330240,2.408571243286133,1.8225295543670654,29782.93775583806,76.66263562851427
true,36820,154434273280,154.434273280,2.4258105754852295,0.14399681985378265,29766.793011472455,76.62107832262447
true,36830,154476216320,154.476216320,2.45625901222229,0.2306790053844452,29731.617861483057,76.53053588759263
true,36840,154518159360,154.518159360,2.437404155731201,0.14039894938468933,29773.80343409993,76.63912346914084
true,36850,154560102400,154.560102400,2.4335362911224365,0.1776638925075531,29736.28649186507,76.54255315441817
true,36860,154602045440,154.602045440,2.4263460636138916,0.083647720515728,29734.390972264897,76.53767400080255
true,36870,154643988480,154.643988480,2.4329323768615723,0.2637467682361603,29748.384720393005,76.57369454459905
true,36880,154685931520,154.685931520,2.4259650707244873,0.1316092163324356,28141.68081490851,72.43796565583543
true,36890,154727874560,154.727874560,2.4397077560424805,0.25329625606536865,29779.773113038587,76.65448969409304
true,36900,154769817600,154.769817600,2.445565700531006,0.16335195302963257,29742.07119016307,76.55744323079264
true,36910,154811760640,154.811760640,2.443207025527954,0.39721181988716125,27131.46565348661,69.83762590891752
true,36920,154853703680,154.853703680,2.427691698074341,0.24385762214660645,29791.08098232626,76.68359666366209
true,36930,154895646720,154.895646720,2.440291166305542,0.1917589008808136,29742.962259689146,76.55973688425816
true,36940,154937589760,154.937589760,2.4923882484436035,0.11037363111972809,29749.70791250348,76.57710050123985
true,36950,154979532800,154.979532800,2.44779109954834,0.6116093993186951,29764.674553680507,76.61562531596913
true,36960,155021475840,155.021475840,2.4584524631500244,0.14162321388721466,29762.20028518092,76.6092564363782
true,36970,155063418880,155.063418880,2.450181722640991,0.1291550099849701,27232.050992087978,70.09653714279186
true,36980,155105361920,155.105361920,2.427414894104004,0.24205222725868225,29795.80256168823,76.69575022356894
true,36990,155147304960,155.147304960,2.4508419036865234,0.1978108137845993,29762.96120140246,76.61121506932146
true,37000,155189248000,155.189248000,2.4267961978912354,0.28180205821990967,29790.9274654951,76.68320150436026
true,37010,155231191040,155.231191040,2.446533679962158,0.20597344636917114,24014.722102475225,61.81498633059482
true,37020,155273134080,155.273134080,2.4668092727661133,0.3174974024295807,29796.88232242099,76.69852957677782
true,37030,155315077120,155.315077120,2.4176266193389893,0.7440400719642639,29762.911889983225,76.6110881394868
true,37040,155357020160,155.357020160,2.4432997703552246,0.16274051368236542,28307.430527454646,72.8646129504249
true,37050,155398963200,155.398963200,2.4228947162628174,0.07498274743556976,29786.542104861735,76.67191338674434
true,37060,155440906240,155.440906240,2.4553699493408203,0.7622952461242676,29694.821426638253,76.4358201916441
true,37070,155482849280,155.482849280,2.4507689476013184,0.2773909866809845,29749.397985938464,76.57630273617315
true,37080,155524792320,155.524792320,2.435511350631714,0.2506081163883209,29767.676027960708,76.62335124720458
true,37090,155566735360,155.566735360,2.428952932357788,0.11650966852903366,29729.499881851203,76.52508411174308
true,37100,155608678400,155.608678400,2.418239116668701,0.1399744600057602,29724.996217097876,76.51349147394464
true,37110,155650621440,155.650621440,2.4117379188537598,0.12141820043325424,29793.24562191387,76.68916854435875
true,37120,155692564480,155.692564480,2.4396302700042725,0.10142996162176132,29758.460299283746,76.59962954267009
true,37130,155734507520,155.734507520,2.458523750305176,0.16064953804016113,28284.757878477638,72.80625252132597
true,37140,155776450560,155.776450560,2.4097065925598145,0.9648822546005249,29784.696959216806,76.66716389797938
true,37150,155818393600,155.818393600,2.466003656387329,0.21925513446331024,29691.86788457645,76.42821764011768
true,37160,155860336640,155.860336640,2.4257376194000244,0.22456148266792297,29741.985778166716,76.55722337643145
true,37170,155902279680,155.902279680,2.4761672019958496,0.2000492960214615,29718.126176894668,76.4958076781697
true,37180,155944222720,155.944222720,2.4222402572631836,0.136941596865654,29764.939085057496,76.6163062317583
true,37190,155986165760,155.986165760,2.397146224975586,0.2012423723936081,27242.288093457013,70.12288790706437
true,37200,156028108800,156.028108800,2.4241251945495605,1.1249223947525024,29760.017802866085,76.60363862769057
true,37210,156070051840,156.070051840,2.438946008682251,0.6741347908973694,29779.30114126617,76.65327481729638
true,37220,156111994880,156.111994880,2.4302282333374023,0.15389448404312134,29759.56328021249,76.60246866571894
true,37230,156153937920,156.153937920,2.423676013946533,0.4047740697860718,29727.246980982894,76.51928504249781
true,37240,156195880960,156.195880960,2.450735330581665,0.2695409655570984,27602.064368689473,71.04896839388685
true,37250,156237824000,156.237824000,2.4398720264434814,0.8717542886734009,29762.566308027333,76.61019859582319
true,37260,156279767040,156.279767040,2.4450550079345703,0.6014211177825928,29780.112959572154,76.65536447451888
true,37270,156321710080,156.321710080,2.447183609008789,1.749563217163086,29720.687823549215,76.50240147310346
true,37280,156363653120,156.363653120,2.447779893875122,0.10494208335876465,29761.765819394474,76.60813810169435
true,37290,156405596160,156.405596160,2.4238927364349365,0.09764672815799713,29716.88753862471,76.49261936695797
true,37300,156447539200,156.447539200,2.464165210723877,0.2546154260635376,29758.856378702432,76.6006490690984
true,37310,156489482240,156.489482240,2.4601454734802246,0.1458733230829239,29000.341506304096,74.64819730768396
true,37320,156531425280,156.531425280,2.404646158218384,0.6954308152198792,29783.60491200276,76.66435291880916
true,37330,156573368320,156.573368320,2.454606056213379,0.24055619537830353,29707.977536135943,76.4696846155293
true,37340,156615311360,156.615311360,2.4572417736053467,0.08713292330503464,29761.909814169474,76.60850875079078
true,37350,156657254400,156.657254400,2.4229795932769775,0.23786844313144684,29731.40312518165,76.52998314659152
true,37360,156699197440,156.699197440,2.4620652198791504,0.29469016194343567,28112.864206803846,72.36379039665555
true,37370,156741140480,156.741140480,2.3999290466308594,0.26332610845565796,29748.454533163287,76.57387424584324
true,37380,156783083520,156.783083520,2.4124977588653564,0.21673914790153503,27899.024272740535,71.81335668584045
true,37390,156825026560,156.825026560,2.4405083656311035,2.461643934249878,28173.524670668783,72.51993318809063
true,37400,156866969600,156.866969600,2.414538860321045,0.1195417046546936,29794.132779432617,76.69145212813959
true,37410,156908912640,156.908912640,2.430893659591675,0.09845300018787384,29656.355618360776,76.33680745259507
true,37420,156950855680,156.950855680,2.415494680404663,0.1669052243232727,29751.517765277775,76.58175914455148
true,37430,156992798720,156.992798720,2.4470815658569336,0.25714144110679626,29717.85811319387,76.49511767001846
true,37440,157034741760,157.034741760,2.412595272064209,0.1575101763010025,29728.98504450647,76.52375889701476
true,37450,157076684800,157.076684800,2.4168765544891357,0.17710235714912415,29776.92148999137,76.64714948674309
true,37460,157118627840,157.118627840,2.4088263511657715,0.11036063730716705,26965.729680519195,69.41101398062821
true,37470,157160570880,157.160570880,2.4492897987365723,0.25971513986587524,29729.40723458168,76.52484563345986
true,37480,157202513920,157.202513920,2.4109981060028076,0.1306028515100479,29742.223415682627,76.55783506619971
true,37490,157244456960,157.244456960,2.471531629562378,0.09825338423252106,29747.163615831647,76.5705513659503
true,37500,157286400000,157.286400000,2.4520907402038574,0.23158903419971466,29779.007277847155,76.65251839949767
true,37510,157328343040,157.328343040,2.4365158081054688,0.2030537873506546,29761.95555116413,76.60862647989408
true,37520,157370286080,157.370286080,2.403251886367798,0.2703743577003479,29801.633525277008,76.71075938890495
true,37530,157412229120,157.412229120,2.437241315841675,0.24794605374336243,28177.81138647876,72.53096738944704
true,37540,157454172160,157.454172160,2.424574851989746,0.20491619408130646,29739.709298396432,76.55136361402063
true,37550,157496115200,157.496115200,2.420175790786743,0.1633632481098175,29733.951477037153,76.53654272010819
true,37560,157538058240,157.538058240,2.4523210525512695,0.4813400208950043,29785.962492329087,76.67042143773782
true,37570,157580001280,157.580001280,2.423504114151001,0.4138590395450592,29762.038205388322,76.60883923562437
true,37580,157621944320,157.621944320,2.4512453079223633,0.35066062211990356,29777.74498187608,76.64926919228786
true,37590,157663887360,157.663887360,2.4645185470581055,0.2168780267238617,29734.39326650624,76.53767990628405
true,37600,157705830400,157.705830400,2.444190740585327,0.14350064098834991,29740.42627870264,76.55320915392063
true,37610,157747773440,157.747773440,2.4382288455963135,0.15264259278774261,26969.724804833382,69.42129761221956
true,37620,157789716480,157.789716480,2.421563148498535,0.5756088495254517,29768.215534597548,76.6247399618122
true,37630,157831659520,157.831659520,2.431244373321533,0.10689707100391388,29738.8459188983,76.54914123594574
true,37640,157873602560,157.873602560,2.404531955718994,0.10583667457103729,29732.72076051842,76.53337479984421
true,37650,157915545600,157.915545600,2.4443273544311523,0.2819882035255432,29735.840309772822,76.5414046614306
true,37660,157957488640,157.957488640,2.4161531925201416,0.06979294121265411,29739.617585440148,76.55112754070217
true,37670,157999431680,157.999431680,2.425060749053955,0.11553124338388443,29746.484630196082,76.56880362605965
true,37680,158041374720,158.041374720,2.4302797317504883,0.14320890605449677,29769.20732788535,76.627292882819
true,37690,158083317760,158.083317760,2.4049062728881836,0.07419878989458084,29740.072768504844,76.55229920260199
true,37700,158125260800,158.125260800,2.4158477783203125,0.11828314512968063,29767.505105390825,76.62291128474006
true,37710,158167203840,158.167203840,2.4369540214538574,0.07796484231948853,29777.8366277179,76.64950509285066
true,37720,158209146880,158.209146880,2.4466068744659424,0.09631046652793884,29742.771015039867,76.5592446118375
true,37730,158251089920,158.251089920,2.3939616680145264,0.11246349662542343,29742.359446230123,76.55818521501251
true,37740,158293032960,158.293032960,2.428684711456299,0.14068934321403503,29750.589915626402,76.57937081737153
true,37750,158334976000,158.334976000,2.3958866596221924,0.07603567838668823,27802.2000734071,71.5641267954121
true,37760,158376919040,158.376919040,2.4485740661621094,0.2809460461139679,29788.60252109191,76.6772169917813
true,37770,158418862080,158.418862080,2.423809289932251,0.0929127186536789,29781.283970186756,76.65837870907156
true,37780,158460805120,158.460805120,2.431086778640747,0.16456744074821472,29789.806787969363,76.68031682946628
true,37790,158502748160,158.502748160,2.437532663345337,0.7807430028915405,29770.158666776642,76.62974167237027
true,37800,158544691200,158.544691200,2.4506540298461914,0.2546007037162781,29768.04941878447,76.62431237215819
true,37810,158586634240,158.586634240,2.4451632499694824,0.8372342586517334,29750.165113800605,76.57827735816169
true,37820,158628577280,158.628577280,2.414008378982544,0.24575847387313843,29774.022626909165,76.63968768139569
true,37830,158670520320,158.670520320,2.442695379257202,0.11510368436574936,29778.739160655747,76.65182825365916
true,37840,158712463360,158.712463360,2.43068265914917,0.1366604119539261,29682.19911509983,76.40332978797095
true,37850,158754406400,158.754406400,2.4401330947875977,0.15725497901439667,27236.900564904347,70.10902016366856
true,37860,158796349440,158.796349440,2.426626205444336,0.17200413346290588,29722.363321021086,76.50671427975925
true,37870,158838292480,158.838292480,2.3980841636657715,0.12235622107982635,27039.393755499957,69.60062865818146
true,37880,158880235520,158.880235520,2.429164409637451,0.3435456156730652,29781.343037504583,76.65853075103267
true,37890,158922178560,158.922178560,2.4234275817871094,0.4385533928871155,29761.415224157205,76.60723565361658
true,37900,158964121600,158.964121600,2.4078826904296875,0.2421848624944687,29727.020527081968,76.51870213986288
true,37910,159006064640,159.006064640,2.4376261234283447,0.36871713399887085,29762.52200167946,76.61008454926973
true,37920,159048007680,159.048007680,2.4304494857788086,0.23131172358989716,29728.377090563306,76.52219399592924
true,37930,159089950720,159.089950720,2.4603068828582764,0.1444753110408783,29765.316350550285,76.61727733028614
true,37940,159131893760,159.131893760,2.418140411376953,0.29954370856285095,29709.89512665533,76.47462058069426
true,37950,159173836800,159.173836800,2.406163454055786,0.12211814522743225,27308.283520107187,70.29276313522043
true,37960,159215779840,159.215779840,2.4932823181152344,0.5275627374649048,29734.01700435065,76.5367113903918
true,37970,159257722880,159.257722880,2.431025743484497,0.16242124140262604,29740.331769677727,76.55296588339442
true,37980,159299665920,159.299665920,2.4223170280456543,0.3224835991859436,28184.99337971335,72.54945416650521
true,37990,159341608960,159.341608960,2.436923027038574,0.4889502227306366,29767.75760078328,76.62356121935794
true,38000,159383552000,159.383552000,2.4275496006011963,0.08250001817941666,29766.90435019981,76.62136491356982
true,38010,159425495040,159.425495040,2.4411168098449707,0.23578889667987823,23850.981804912506,61.39351136151476
true,38020,159467438080,159.467438080,2.4417080879211426,0.09390072524547577,29765.392352987394,76.6174729640141
true,38030,159509381120,159.509381120,2.3906490802764893,0.10140537470579147,29745.24315163489,76.56560800380916
true,38040,159551324160,159.551324160,2.4133288860321045,0.16355454921722412,28223.85723666364,72.64949150093221
true,38050,159593267200,159.593267200,2.4302380084991455,0.1612146645784378,29768.70762042787,76.62600661310822
true,38060,159635210240,159.635210240,2.424118757247925,0.1516023725271225,29722.124137754337,76.50609861115807
true,38070,159677153280,159.677153280,2.4025652408599854,0.23414640128612518,29752.111365879995,76.58328709948495
true,38080,159719096320,159.719096320,2.440622329711914,0.2939315140247345,29738.62763960291,76.54857937511709
true,38090,159761039360,159.761039360,2.4299545288085938,0.24286635220050812,29743.442227634532,76.56097234356751
true,38100,159802982400,159.802982400,2.4219937324523926,0.2631366550922394,29685.3711654012,76.41149478963878
true,38110,159844925440,159.844925440,2.3957579135894775,0.19330260157585144,28357.606766963298,72.99376887178485
true,38120,159886868480,159.886868480,2.404477119445801,0.1669081598520279,29725.85121691058,76.51569228232833
true,38130,159928811520,159.928811520,2.4459002017974854,0.18011486530303955,29743.75486012345,76.56177707380536
true,38140,159970754560,159.970754560,2.4326422214508057,0.09940292686223984,29745.965879837255,76.56746833905517
