lineage,display_name,step,loss,global_max_loss,grad_norm,tps_per_gpu,total_tps,mfu,n_tokens_seen,lr,value_precision,is_interpolated
te_f0l4_seed42,TE F0L4,1,12.264216423034668,12.277122497558594,3.506122350692749,3903.7621929075617,126127.578125,10.048188445365971,4718592.0,1.5e-07,exported_float_payload,False
te_f0l4_seed42,TE F0L4,10,11.558576583862305,12.011163711547852,3.6498873233795166,19308.217933429274,616318.75,49.69888091333491,42467328.0,1.4999999999999998e-06,exported_float_payload,False
te_f0l4_seed42,TE F0L4,20,10.247546195983887,11.523426055908203,10.34643268585205,19395.356166657155,620644,49.92317259530795,84410368.0,2.9999999999999997e-06,exported_float_payload,False
te_f0l4_seed42,TE F0L4,30,9.392602920532227,10.923824310302734,3.591834545135498,19396.225916147734,620672.3125,49.92541130923307,126353408.0,4.499999999999999e-06,exported_float_payload,False
te_f0l4_seed42,TE F0L4,40,8.912755966186523,10.345279693603516,1.9372981786727905,19425.018935805118,621591.9375,49.999523837899424,168296448.0,5.999999999999999e-06,exported_float_payload,False
te_f0l4_seed42,TE F0L4,50,8.460539817810059,9.866687774658203,1.4262038469314575,19404.375222262057,620933.3125,49.946387423937104,210239488.0,7.499999999999999e-06,exported_float_payload,False
te_f0l4_seed42,TE F0L4,60,8.10085678100586,9.9160795211792,1.2303292751312256,19416.03287919854,621303.75,49.976393947885214,252182528.0,8.999999999999999e-06,exported_float_payload,False
te_f0l4_seed42,TE F0L4,70,7.684398174285889,8.837907791137695,1.078844428062439,19440.314065707928,622082.5,50.038893128333925,294125568.0,1.05e-05,exported_float_payload,False
te_f0l4_seed42,TE F0L4,80,7.38731575012207,8.414482116699219,0.95705646276474,19423.52217231849,621545.8125,49.99567120527772,336068608.0,1.1999999999999999e-05,exported_float_payload,False
te_f0l4_seed42,TE F0L4,90,7.216956615447998,8.424759864807129,2.2614970207214355,19425.146742297333,621597.25,49.99985280868578,378011648.0,1.3499999999999998e-05,exported_float_payload,False
te_f0l4_seed42,TE F0L4,100,7.05340576171875,7.885807514190674,1.6073895692825317,19405.483800050904,620968.375,49.94924087606308,419954688.0,1.4999999999999999e-05,exported_float_payload,False
te_f0l4_seed42,TE F0L4,110,6.956327438354492,7.834775447845459,2.4308383464813232,19420.005217111786,621433.375,49.986618648558185,461897728.0,1.6499999999999998e-05,exported_float_payload,False
te_f0l4_seed42,TE F0L4,120,6.826969146728516,7.635959625244141,2.3077025413513184,19406.904561146657,621013.1875,49.95289788038878,503840768.0,1.7999999999999997e-05,exported_float_payload,False
te_f0l4_seed42,TE F0L4,130,6.714847564697266,7.491008758544922,1.7306641340255737,19406.403223956615,620996.875,49.951607450718306,545783808.0,1.95e-05,exported_float_payload,False
te_f0l4_seed42,TE F0L4,140,6.637947082519531,7.687874794006348,2.041851043701172,19378.109388189918,620092.5,49.878779809182525,587726848.0,2.1e-05,exported_float_payload,False
te_f0l4_seed42,TE F0L4,150,6.560074806213379,7.199274063110352,1.3741841316223145,19359.25064746245,619489.0625,49.83023787160852,629669888.0,2.2499999999999998e-05,exported_float_payload,False
te_f0l4_seed42,TE F0L4,160,6.43523645401001,7.280282974243164,1.8437588214874268,19384.736818647598,620304.4375,49.89583865315317,671612928.0,2.3999999999999997e-05,exported_float_payload,False
te_f0l4_seed42,TE F0L4,170,6.376981735229492,6.9418816566467285,1.3059476613998413,19370.829572973395,619859.125,49.86004174279212,713555968.0,2.55e-05,exported_float_payload,False
te_f0l4_seed42,TE F0L4,180,6.254452705383301,7.194414138793945,0.9316450953483582,19379.27970437548,620129.75,49.88179217443227,755499008.0,2.6999999999999996e-05,exported_float_payload,False
te_f0l4_seed42,TE F0L4,190,6.190461158752441,7.228460311889648,1.332856297492981,19368.224948200543,619776.3125,49.85333750230466,797442048.0,2.8499999999999998e-05,exported_float_payload,False
te_f0l4_seed42,TE F0L4,200,5.969335079193115,7.004664421081543,1.3580734729766846,16451.9368019187,526457.0625,42.3468831111878,839385088.0,2.9999999999999997e-05,exported_float_payload,False
te_f0l4_seed42,TE F0L4,210,5.923478603363037,6.535816192626953,3.4418535232543945,18975.977634541778,607224.625,48.84370250660933,881328128.0,3.149999999999999e-05,exported_float_payload,False
te_f0l4_seed42,TE F0L4,220,5.898293495178223,6.880692958831787,1.1473429203033447,19342.443035351203,618951.25,49.786975488946666,923271168.0,3.2999999999999996e-05,exported_float_payload,False
te_f0l4_seed42,TE F0L4,230,5.796677589416504,6.657126426696777,1.2007571458816528,19369.28375230949,619810,49.85606283819545,965214208.0,3.45e-05,exported_float_payload,False
te_f0l4_seed42,TE F0L4,240,5.914770126342773,6.466254234313965,1.4892364740371704,19352.931094436433,619287,49.813971496619985,1007157248.0,3.5999999999999994e-05,exported_float_payload,False
te_f0l4_seed42,TE F0L4,250,5.8868207931518555,6.932930946350098,1.2020941972732544,19342.064950862827,618938.6875,49.786002308717,1049100288.0,3.75e-05,exported_float_payload,False
te_f0l4_seed42,TE F0L4,260,5.648499011993408,6.099808216094971,0.8814089894294739,17450.80596375527,558419.9375,44.91794791340186,1091043328.0,3.9e-05,exported_float_payload,False
te_f0l4_seed42,TE F0L4,270,5.58854866027832,6.526865005493164,0.7470396161079407,19360.809220648185,619538.5625,49.834249600884604,1132986368.0,4.05e-05,exported_float_payload,False
te_f0l4_seed42,TE F0L4,280,5.694761276245117,6.4204912185668945,0.9689090847969055,18510.563259339746,592331.8125,47.64573728328994,1174929408.0,4.2e-05,exported_float_payload,False
te_f0l4_seed42,TE F0L4,290,5.6407790184021,5.957439422607422,0.9526904821395874,19369.089170645984,619803.8125,49.85556198975072,1216872448.0,4.3499999999999993e-05,exported_float_payload,False
te_f0l4_seed42,TE F0L4,300,5.482290744781494,6.016780376434326,0.6664454936981201,19119.0290397736,611802.3125,49.21191332635528,1258815488.0,4.4999999999999996e-05,exported_float_payload,False
te_f0l4_seed42,TE F0L4,310,5.548949718475342,6.10637092590332,0.8502783179283142,19366.861177234216,619732.5,49.84982718917881,1300758528.0,4.65e-05,exported_float_payload,False
te_f0l4_seed42,TE F0L4,320,5.511055946350098,5.961265563964844,0.9594462513923645,18660.448087172623,597127.3125,48.0315371657475,1342701568.0,4.7999999999999994e-05,exported_float_payload,False
te_f0l4_seed42,TE F0L4,330,5.506242752075195,5.789488792419434,2.5314981937408447,19354.583410242205,619339,49.81822451710823,1384644608.0,4.95e-05,exported_float_payload,False
te_f0l4_seed42,TE F0L4,340,5.416470527648926,5.938207626342773,0.8489798903465271,19380.571773233274,620170.9375,49.88511792808373,1426587648.0,5.1e-05,exported_float_payload,False
te_f0l4_seed42,TE F0L4,350,5.418268203735352,6.167309284210205,0.7894125580787659,19326.650919746382,618445.3125,49.7463269694655,1468530688.0,5.2499999999999995e-05,exported_float_payload,False
te_f0l4_seed42,TE F0L4,360,5.3719801902771,6.358858585357666,1.0008280277252197,18612.397771747637,595590.3125,47.90785682857769,1510473728.0,5.399999999999999e-05,exported_float_payload,False
te_f0l4_seed42,TE F0L4,370,5.31036376953125,5.679096698760986,0.6655965447425842,19184.67981301876,613901.625,49.38089681165822,1552416768.0,5.5499999999999994e-05,exported_float_payload,False
te_f0l4_seed42,TE F0L4,380,5.283055305480957,5.544746398925781,0.910547137260437,19368.654922929127,619789.375,49.854444246744016,1594359808.0,5.6999999999999996e-05,exported_float_payload,False
te_f0l4_seed42,TE F0L4,390,5.134336471557617,5.5589118003845215,0.6345885992050171,19321.450671144925,618279.6875,49.73294165670103,1636302848.0,5.85e-05,exported_float_payload,False
te_f0l4_seed42,TE F0L4,400,5.251801490783691,5.863186836242676,1.4272677898406982,19338.91046357373,618838.0625,49.77788273555577,1678245888.0,5.9999999999999995e-05,exported_float_payload,False
te_f0l4_seed42,TE F0L4,410,5.13516902923584,5.332769870758057,0.8304315805435181,19353.397742847894,619301.375,49.815172638222464,1720188928.0,6.149999999999999e-05,exported_float_payload,False
te_f0l4_seed42,TE F0L4,420,5.118463039398193,5.573423385620117,0.4677997827529907,19337.76543300043,618800.6875,49.774935454853804,1762131968.0,6.299999999999999e-05,exported_float_payload,False
te_f0l4_seed42,TE F0L4,430,5.145553112030029,5.535510063171387,0.9844545125961304,19355.238159472876,619359.8125,49.819909825620655,1804075008.0,6.45e-05,exported_float_payload,False
te_f0l4_seed42,TE F0L4,440,5.079327583312988,5.520435333251953,0.5602072477340698,19368.50658702352,619785.125,49.8540624337495,1846018048.0,6.599999999999999e-05,exported_float_payload,False
te_f0l4_seed42,TE F0L4,450,5.082056045532227,6.702147483825684,0.9663659930229187,18674.575137172025,597579.4375,48.06789984706784,1887961088.0,6.75e-05,exported_float_payload,False
te_f0l4_seed42,TE F0L4,460,5.011277198791504,5.48665189743042,0.6234654188156128,18356.179635061075,587391.25,47.248357608767485,1929904128.0,6.9e-05,exported_float_payload,False
te_f0l4_seed42,TE F0L4,470,5.01570987701416,5.304689884185791,0.9419429302215576,19340.276460143185,618881.5,49.781398777329656,1971847168.0,7.049999999999999e-05,exported_float_payload,False
te_f0l4_seed42,TE F0L4,480,4.989331245422363,5.1761369705200195,0.9289644956588745,19340.615726609136,618892.25,49.782272040918635,2013790208.0,7.199999999999999e-05,exported_float_payload,False
te_f0l4_seed42,TE F0L4,490,4.945352554321289,5.216275215148926,0.428631991147995,19344.216292817724,619007.3125,49.7915398103129,2055733248.0,7.35e-05,exported_float_payload,False
te_f0l4_seed42,TE F0L4,500,4.882493495941162,5.100869178771973,0.6309524774551392,19327.01468724583,618457.75,49.7472632981157,2097676288.0,7.5e-05,exported_float_payload,False
te_f0l4_seed42,TE F0L4,510,4.849940776824951,5.211758613586426,0.5188999772071838,19354.678552371337,619342.875,49.81846941062257,2139619328.0,7.649999999999999e-05,exported_float_payload,False
te_f0l4_seed42,TE F0L4,520,4.821246147155762,5.083818435668945,0.5614380836486816,19347.14246418285,619101.25,49.79907170386769,2181562368.0,7.8e-05,exported_float_payload,False
te_f0l4_seed42,TE F0L4,530,4.803011417388916,4.998918533325195,0.6558403968811035,19351.732897014863,619248.25,49.810887365750396,2223505408.0,7.95e-05,exported_float_payload,False
te_f0l4_seed42,TE F0L4,540,4.77401065826416,5.044109344482422,0.7118604183197021,12948.073066050025,414335.125,33.328023517522446,2265448448.0,8.1e-05,exported_float_payload,False
te_f0l4_seed42,TE F0L4,550,4.783015727996826,5.356872081756592,0.722709059715271,19348.57439492552,619146.875,49.80275745859148,2307391488.0,8.25e-05,exported_float_payload,False
te_f0l4_seed42,TE F0L4,560,4.690866947174072,4.883058547973633,0.4486006796360016,19357.51609916466,619433.3125,49.82577318669624,2349334528.0,8.4e-05,exported_float_payload,False
te_f0l4_seed42,TE F0L4,570,4.662156105041504,4.840843200683594,0.47436097264289856,19367.403935093953,619750.5,49.851224234640426,2391277568.0,8.549999999999999e-05,exported_float_payload,False
te_f0l4_seed42,TE F0L4,580,4.674746036529541,6.113978862762451,1.2166162729263306,19351.74431897095,619248.6875,49.810916765586114,2433220608.0,8.699999999999999e-05,exported_float_payload,False
te_f0l4_seed42,TE F0L4,590,4.747293472290039,6.190855026245117,1.0546432733535767,19343.776440000216,618993.625,49.79040763991416,2475163648.0,8.849999999999998e-05,exported_float_payload,False
te_f0l4_seed42,TE F0L4,600,4.616945266723633,4.774057388305664,0.484433114528656,19325.509255322755,618408.8125,49.7433883531505,2517106688.0,8.999999999999999e-05,exported_float_payload,False
te_f0l4_seed42,TE F0L4,610,4.565991401672363,4.748444557189941,0.39650219678878784,19354.92390151715,619350.625,49.8191009333256,2559049728.0,9.149999999999999e-05,exported_float_payload,False
te_f0l4_seed42,TE F0L4,620,4.560437202453613,5.165738105773926,0.5267442464828491,19354.5456574036,619338,49.818127342224635,2600992768.0,9.3e-05,exported_float_payload,False
te_f0l4_seed42,TE F0L4,630,4.60671854019165,4.841241359710693,0.7677528262138367,19360.509494209742,619529.0625,49.83347811235976,2642935808.0,9.449999999999999e-05,exported_float_payload,False
te_f0l4_seed42,TE F0L4,640,4.546113014221191,4.792396545410156,0.40619170665740967,18551.252597424478,593633.25,47.75047064474711,2684878848.0,9.599999999999999e-05,exported_float_payload,False
te_f0l4_seed42,TE F0L4,650,4.490812301635742,4.8484344482421875,0.36683332920074463,19292.28283653966,617346.5625,49.6578643635223,2726821888.0,9.75e-05,exported_float_payload,False
te_f0l4_seed42,TE F0L4,660,4.4824538230896,4.8554840087890625,0.7243204116821289,18435.179286659684,589919.6875,47.45170078059883,2768764928.0,9.9e-05,exported_float_payload,False
te_f0l4_seed42,TE F0L4,670,4.476804733276367,4.944428443908691,0.771941602230072,19358.984563073318,619480.125,49.82955297689612,2810707968.0,0.0001005,exported_float_payload,False
te_f0l4_seed42,TE F0L4,680,4.426974296569824,4.711602210998535,0.7501077055931091,19337.338198550366,618787.8125,49.773835763824366,2852651008.0,0.000102,exported_float_payload,False
te_f0l4_seed42,TE F0L4,690,4.344517230987549,4.5203423500061035,0.35823193192481995,19356.547004949844,619402.0625,49.82327876187972,2894594048.0,0.00010349999999999998,exported_float_payload,False
te_f0l4_seed42,TE F0L4,700,4.36825704574585,4.679495334625244,0.5749500393867493,19315.336382274498,618083.9375,49.717203626630685,2936537088.0,0.00010499999999999999,exported_float_payload,False
te_f0l4_seed42,TE F0L4,710,4.344240188598633,6.195321083068848,0.4771620035171509,19343.91409412198,618997.3125,49.7907619582582,2978480128.0,0.00010649999999999999,exported_float_payload,False
te_f0l4_seed42,TE F0L4,720,4.291060924530029,4.650739669799805,0.6494362950325012,18781.650493099245,601004.375,48.3435091954462,3020423168.0,0.00010799999999999998,exported_float_payload,False
te_f0l4_seed42,TE F0L4,730,4.245535373687744,4.499170303344727,0.5785012245178223,18042.286832623024,577347.1875,46.44040520934318,3062366208.0,0.00010949999999999999,exported_float_payload,False
te_f0l4_seed42,TE F0L4,740,4.227485656738281,4.498824119567871,0.40219536423683167,19323.564046856627,618347.125,49.73838143411514,3104309248.0,0.00011099999999999999,exported_float_payload,False
te_f0l4_seed42,TE F0L4,750,4.20888614654541,4.651311874389648,0.8095727562904358,17327.69641256844,554480.4375,44.60106693842927,3146252288.0,0.0001125,exported_float_payload,False
te_f0l4_seed42,TE F0L4,760,4.240283489227295,4.604388236999512,1.0452874898910522,19339.15532302464,618845.875,49.778512997796085,3188195328.0,0.00011399999999999999,exported_float_payload,False
te_f0l4_seed42,TE F0L4,770,4.263254165649414,4.578680038452148,1.1622456312179565,17778.499336578287,568906,45.76142264360073,3230138368.0,0.00011549999999999999,exported_float_payload,False
te_f0l4_seed42,TE F0L4,780,4.255289077758789,4.5382890701293945,1.0896679162979126,19352.232469654027,619264.25,49.812173253510046,3272081408.0,0.000117,exported_float_payload,False
te_f0l4_seed42,TE F0L4,790,4.285510063171387,4.840867519378662,1.1522798538208008,19342.955181392404,618990.9375,49.788293740335774,3314024448.0,0.0001185,exported_float_payload,False
te_f0l4_seed42,TE F0L4,800,4.2917256355285645,4.6121721267700195,1.3284567594528198,18908.56793530081,604885.4375,48.6701915887954,3355967488.0,0.00011999999999999999,exported_float_payload,False
te_f0l4_seed42,TE F0L4,810,4.158044815063477,4.479591369628906,0.38630321621894836,19358.03907576622,619450.4375,49.82711931568293,3397910528.0,0.0001215,exported_float_payload,False
te_f0l4_seed42,TE F0L4,820,4.056149482727051,4.394901752471924,0.23168477416038513,19332.326261014925,618626.8125,49.76093515913999,3439853568.0,0.00012299999999999998,exported_float_payload,False
te_f0l4_seed42,TE F0L4,830,4.049813270568848,4.396423816680908,0.4052133858203888,19355.639079042994,619373.5,49.82094178279246,3481796608.0,0.0001245,exported_float_payload,False
te_f0l4_seed42,TE F0L4,840,4.019084453582764,4.392352104187012,0.5825088024139404,19237.962646838852,615605.375,49.51804552325242,3523739648.0,0.00012599999999999997,exported_float_payload,False
te_f0l4_seed42,TE F0L4,850,4.048680305480957,4.50346565246582,0.424732506275177,19305.21995433286,617758.125,49.691164188435344,3565682688.0,0.00012749999999999998,exported_float_payload,False
te_f0l4_seed42,TE F0L4,860,3.9722788333892822,4.425529956817627,0.3420230448246002,18820.080265093293,602235,48.44242648902781,3607625728.0,0.000129,exported_float_payload,False
te_f0l4_seed42,TE F0L4,870,3.951849937438965,4.239047050476074,0.33119285106658936,18576.029408241673,594426.125,47.8142455500471,3649568768.0,0.0001305,exported_float_payload,False
te_f0l4_seed42,TE F0L4,880,3.980421543121338,4.283316612243652,0.4409170150756836,19341.814950434356,618930.3125,49.78535881372612,3691511808.0,0.00013199999999999998,exported_float_payload,False
te_f0l4_seed42,TE F0L4,890,3.9182400703430176,4.322685241699219,0.5342649221420288,19351.869533763733,619252.5,49.81123906540149,3733454848.0,0.0001335,exported_float_payload,False
te_f0l4_seed42,TE F0L4,900,3.8796255588531494,4.2028703689575195,0.4596811830997467,19129.934466687326,612151.25,49.239983628615335,3775397888.0,0.000135,exported_float_payload,False
te_f0l4_seed42,TE F0L4,910,3.878079891204834,4.128405570983887,0.5471583604812622,19356.49469248931,619400.625,49.82314411088524,3817340928.0,0.00013649999999999998,exported_float_payload,False
te_f0l4_seed42,TE F0L4,920,3.9914655685424805,4.24954891204834,0.7187188267707825,19369.412243559185,619813.375,49.85639357153081,3859283968.0,0.000138,exported_float_payload,False
te_f0l4_seed42,TE F0L4,930,3.990692615509033,4.286189079284668,0.5800187587738037,18659.383208615756,597093.5,48.02879619437627,3901227008.0,0.0001395,exported_float_payload,False
te_f0l4_seed42,TE F0L4,940,3.900083065032959,4.24373722076416,0.25828713178634644,19328.57507062229,618507.5625,49.751279686778446,3943170048.0,0.00014099999999999998,exported_float_payload,False
te_f0l4_seed42,TE F0L4,950,3.8355624675750732,4.240896701812744,0.2662203907966614,19329.20390364092,618526.875,49.75289828759469,3985113088.0,0.0001425,exported_float_payload,False
te_f0l4_seed42,TE F0L4,960,3.872187376022339,4.195772647857666,0.5112994313240051,19344.720674946555,619023.75,49.79283807758137,4027056128.0,0.00014399999999999998,exported_float_payload,False
te_f0l4_seed42,TE F0L4,970,3.818126678466797,4.356138706207275,0.29370906949043274,18616.774698429424,595729.5625,47.91912293084952,4068999168.0,0.00014549999999999999,exported_float_payload,False
te_f0l4_seed42,TE F0L4,980,3.846053123474121,4.153778076171875,0.395148366689682,19340.730021034164,618896.0625,49.782566231974386,4110942208.0,0.000147,exported_float_payload,False
te_f0l4_seed42,TE F0L4,990,3.810930013656616,4.133953094482422,0.38501861691474915,18557.140998990693,593821.875,47.7656272464189,4152885248.0,0.00014849999999999998,exported_float_payload,False
te_f0l4_seed42,TE F0L4,1000,3.799290180206299,4.114575386047363,0.37937700748443604,19323.79797070974,618354.75,49.73898354839408,4194828288.0,0.00015,exported_float_payload,False
te_f0l4_seed42,TE F0L4,1010,3.7760605812072754,4.064493179321289,0.37560248374938965,10010.59015157959,308104.75,25.76701431125784,4237295616.0,0.0001515,exported_float_payload,False
te_f0l4_seed42,TE F0L4,1020,3.8003499507904053,4.096061706542969,0.5940980911254883,19282.81966485752,615355.625,49.633506390968094,4279238656.0,0.00015299999999999998,exported_float_payload,False
te_f0l4_seed42,TE F0L4,1030,3.9020209312438965,4.457414627075195,1.2760446071624756,19263.30680705539,616417.4375,49.58328077203576,4321181696.0,0.0001545,exported_float_payload,False
te_f0l4_seed42,TE F0L4,1040,3.944377899169922,4.2707905769348145,1.2420728206634521,19273.821035860343,616753.375,49.61034413992784,4363124736.0,0.000156,exported_float_payload,False
te_f0l4_seed42,TE F0L4,1050,4.056543350219727,4.385674476623535,1.3907228708267212,19254.022866714567,616121.125,49.559384136572255,4405067776.0,0.00015749999999999998,exported_float_payload,False
te_f0l4_seed42,TE F0L4,1060,3.8864784240722656,4.355359077453613,0.8880249857902527,19269.20629076415,616606.5,49.598465898871524,4447010816.0,0.000159,exported_float_payload,False
te_f0l4_seed42,TE F0L4,1070,3.8316125869750977,4.166732311248779,0.40299075841903687,19250.51450112528,616008.4375,49.550353689317944,4488953856.0,0.0001605,exported_float_payload,False
te_f0l4_seed42,TE F0L4,1080,3.695640802383423,4.02094841003418,0.18453887104988098,19273.914700402765,616757.125,49.61058523017012,4530896896.0,0.000162,exported_float_payload,False
te_f0l4_seed42,TE F0L4,1090,3.7232823371887207,4.107525825500488,0.24792176485061646,19275.06337636747,616794.375,49.61354189402044,4572839936.0,0.0001635,exported_float_payload,False
te_f0l4_seed42,TE F0L4,1100,3.730170488357544,4.190092086791992,0.2999066114425659,19238.5699561586,615626.75,49.51960872259395,4614782976.0,0.000165,exported_float_payload,False
te_f0l4_seed42,TE F0L4,1110,3.6936306953430176,4.099978923797607,0.3734011650085449,19274.32981675842,616770.6875,49.61165372952082,4656726016.0,0.0001665,exported_float_payload,False
te_f0l4_seed42,TE F0L4,1120,3.719849109649658,4.040570259094238,0.27563247084617615,19271.65525381689,616684.4375,49.60476946989703,4698669056.0,0.000168,exported_float_payload,False
te_f0l4_seed42,TE F0L4,1130,3.696314811706543,4.072231769561768,0.4817063510417938,19262.306072189913,616386.875,49.58070490495798,4740612096.0,0.00016949999999999997,exported_float_payload,False
te_f0l4_seed42,TE F0L4,1140,3.784903049468994,4.2865447998046875,0.5506751537322998,19260.92272008072,616342.0625,49.57714419044912,4782555136.0,0.00017099999999999998,exported_float_payload,False
te_f0l4_seed42,TE F0L4,1150,3.8108155727386475,4.163586139678955,0.7186363935470581,19243.71135637125,615791.5,49.532842561044355,4824498176.0,0.00017249999999999996,exported_float_payload,False
te_f0l4_seed42,TE F0L4,1160,3.857670545578003,4.218047142028809,1.0953216552734375,19268.697637593657,616590.875,49.59715663804623,4866441216.0,0.00017399999999999997,exported_float_payload,False
te_f0l4_seed42,TE F0L4,1170,3.822760581970215,4.462031841278076,0.7032411694526672,17762.241344732203,568385.875,45.7195749700643,4908384256.0,0.00017549999999999998,exported_float_payload,False
te_f0l4_seed42,TE F0L4,1180,3.7586429119110107,4.090221881866455,0.6017427444458008,19255.938247935625,616182.75,49.564314281008016,4950327296.0,0.00017699999999999997,exported_float_payload,False
te_f0l4_seed42,TE F0L4,1190,3.7279458045959473,4.016119956970215,0.21566951274871826,19264.509149340753,616456.875,49.58637557168341,4992270336.0,0.00017849999999999997,exported_float_payload,False
te_f0l4_seed42,TE F0L4,1200,3.6893677711486816,4.355319976806641,0.15397559106349945,19226.30732992783,615234.5625,49.48804502247263,5034213376.0,0.00017999999999999998,exported_float_payload,False
te_f0l4_seed42,TE F0L4,1210,3.654808282852173,3.9614920616149902,0.3591710329055786,18589.326825343505,594851.9375,47.84847277657195,5076156416.0,0.00018149999999999997,exported_float_payload,False
te_f0l4_seed42,TE F0L4,1220,3.6462576389312744,3.9375579357147217,0.25350743532180786,18563.107101894806,594013.1875,47.780983849434804,5118099456.0,0.00018299999999999998,exported_float_payload,False
te_f0l4_seed42,TE F0L4,1230,3.6473164558410645,4.29170036315918,0.3428279161453247,19280.563830958414,616969.3125,49.62769992966241,5160042496.0,0.00018449999999999999,exported_float_payload,False
te_f0l4_seed42,TE F0L4,1240,3.6382131576538086,3.978832721710205,0.30332860350608826,19251.938467332515,616054.8125,49.554018943522244,5201985536.0,0.000186,exported_float_payload,False
te_f0l4_seed42,TE F0L4,1250,3.6374669075012207,3.9002726078033447,0.33130520582199097,19236.813351562898,615570.5625,49.51508726531008,5243928576.0,0.00018749999999999998,exported_float_payload,False
te_f0l4_seed42,TE F0L4,1260,3.626514196395874,4.034014701843262,0.3865374028682709,19267.840196829693,616563.25,49.594949606482494,5285871616.0,0.00018899999999999999,exported_float_payload,False
te_f0l4_seed42,TE F0L4,1270,3.6597585678100586,3.9480574131011963,0.7084718346595764,19274.653389130333,616781.75,49.61248659689542,5327814656.0,0.0001905,exported_float_payload,False
te_f0l4_seed42,TE F0L4,1280,4.045620918273926,4.332147598266602,2.7127506732940674,18365.361648169775,587684.6875,47.27199188602743,5369757696.0,0.00019199999999999998,exported_float_payload,False
te_f0l4_seed42,TE F0L4,1290,3.7745680809020996,4.498149871826172,0.7230656743049622,19250.13627903561,615996.75,49.54938015490591,5411700736.0,0.0001935,exported_float_payload,False
te_f0l4_seed42,TE F0L4,1300,3.7764410972595215,4.1359076499938965,0.6097256541252136,18357.805955219505,587443.125,47.25254371709501,5453643776.0,0.000195,exported_float_payload,False
te_f0l4_seed42,TE F0L4,1310,3.6788461208343506,4.186728477478027,0.24244220554828644,19251.060830108127,616027,49.55175992676314,5495586816.0,0.00019649999999999998,exported_float_payload,False
te_f0l4_seed42,TE F0L4,1320,3.5893025398254395,3.9283642768859863,0.15827298164367676,19242.746876975878,615761.4375,49.53036001466026,5537529856.0,0.000198,exported_float_payload,False
te_f0l4_seed42,TE F0L4,1330,3.6059489250183105,4.161234378814697,0.25189685821533203,19248.616534654866,615948.4375,49.54546837002459,5579472896.0,0.0001995,exported_float_payload,False
te_f0l4_seed42,TE F0L4,1340,3.5659337043762207,3.846116304397583,0.3418624699115753,19266.169722122497,616510.375,49.59064984542594,5621415936.0,0.000201,exported_float_payload,False
te_f0l4_seed42,TE F0L4,1350,3.5474820137023926,4.045982837677002,0.31181424856185913,19233.06719235866,615451.0625,49.50544474310447,5663358976.0,0.0002025,exported_float_payload,False
te_f0l4_seed42,TE F0L4,1360,3.5705065727233887,3.9732542037963867,0.5046703219413757,18446.41163537618,590278.125,47.480612571586626,5705302016.0,0.000204,exported_float_payload,False
te_f0l4_seed42,TE F0L4,1370,3.6019864082336426,3.9250245094299316,0.8666627407073975,19249.80442138316,615986.25,49.54852596142176,5747245056.0,0.0002055,exported_float_payload,False
te_f0l4_seed42,TE F0L4,1380,3.720365047454834,4.100521087646484,0.6245288252830505,18680.422445207314,597765.625,48.082950674995686,5789188096.0,0.00020699999999999996,exported_float_payload,False
te_f0l4_seed42,TE F0L4,1390,3.728029727935791,4.064940452575684,0.8287605047225952,19249.29583891561,615970.5,49.54721688258411,5831131136.0,0.00020849999999999997,exported_float_payload,False
te_f0l4_seed42,TE F0L4,1400,3.6719796657562256,3.9631998538970947,0.5177216529846191,19246.59022241554,615883.6875,49.54025269185984,5873074176.0,0.00020999999999999998,exported_float_payload,False
te_f0l4_seed42,TE F0L4,1410,3.620654582977295,3.9784138202667236,0.27379292249679565,19242.549989154253,615754.3125,49.529853230220915,5915017216.0,0.00021149999999999996,exported_float_payload,False
te_f0l4_seed42,TE F0L4,1420,3.512378692626953,4.162833213806152,0.17083780467510223,19245.398385212622,615844.875,49.53718493203757,5956960256.0,0.00021299999999999997,exported_float_payload,False
te_f0l4_seed42,TE F0L4,1430,3.520803689956665,3.835573196411133,0.1670549511909485,19253.675422611337,616110.125,49.558489823944846,5998903296.0,0.00021449999999999998,exported_float_payload,False
te_f0l4_seed42,TE F0L4,1440,3.5263633728027344,3.855311393737793,0.22327831387519836,19254.89574770828,616148.9375,49.56163091090988,6040846336.0,0.00021599999999999996,exported_float_payload,False
te_f0l4_seed42,TE F0L4,1450,3.5597987174987793,3.8969085216522217,0.49604731798171997,19238.985574656006,615640.125,49.52067851444524,6082789376.0,0.00021749999999999997,exported_float_payload,False
te_f0l4_seed42,TE F0L4,1460,3.6966452598571777,4.103809833526611,1.1015055179595947,19260.550297737373,616330.875,49.57618558444232,6124732416.0,0.00021899999999999998,exported_float_payload,False
te_f0l4_seed42,TE F0L4,1470,3.698118209838867,4.279819011688232,0.6200928688049316,19264.84522454984,616467.875,49.58724062105524,6166675456.0,0.00022049999999999997,exported_float_payload,False
te_f0l4_seed42,TE F0L4,1480,3.606830596923828,3.9664881229400635,0.3679690361022949,18388.716191223742,588432.5625,47.33210590887647,6208618496.0,0.00022199999999999998,exported_float_payload,False
te_f0l4_seed42,TE F0L4,1490,3.517862319946289,3.8357179164886475,0.14291958510875702,19263.61284693537,616428.3125,49.58406851120476,6250561536.0,0.00022349999999999998,exported_float_payload,False
te_f0l4_seed42,TE F0L4,1500,3.5202105045318604,3.9582972526550293,0.19607891142368317,19225.152574736858,615197.3125,49.48507271084252,6292504576.0,0.000225,exported_float_payload,False
te_f0l4_seed42,TE F0L4,1510,3.476170063018799,3.9619102478027344,0.5075064301490784,18986.466994376184,607559.625,48.87070186237922,6334447616.0,0.00022649999999999998,exported_float_payload,False
te_f0l4_seed42,TE F0L4,1520,3.5513644218444824,3.978099822998047,0.3364454209804535,19254.694964288985,616142.625,49.561114099297356,6376390656.0,0.00022799999999999999,exported_float_payload,False
te_f0l4_seed42,TE F0L4,1530,3.492624044418335,3.781930923461914,0.19093868136405945,19250.201274322077,615999.8125,49.54954745118427,6418333696.0,0.0002295,exported_float_payload,False
te_f0l4_seed42,TE F0L4,1540,3.477572441101074,3.770297050476074,0.16958995163440704,18422.87235147339,589525.25,47.42002303030925,6460276736.0,0.00023099999999999998,exported_float_payload,False
te_f0l4_seed42,TE F0L4,1550,3.458271026611328,3.760542154312134,0.2540358006954193,18289.88236248608,585270.25,47.077710049995176,6502219776.0,0.00023249999999999999,exported_float_payload,False
te_f0l4_seed42,TE F0L4,1560,3.525332450866699,4.490259170532227,0.4214933216571808,19252.76648668568,616082.1875,49.556150245093875,6544162816.0,0.000234,exported_float_payload,False
te_f0l4_seed42,TE F0L4,1570,3.4694018363952637,3.9342010021209717,0.24360378086566925,19269.429653592946,616614.75,49.599040829332075,6586105856.0,0.00023549999999999998,exported_float_payload,False
te_f0l4_seed42,TE F0L4,1580,3.4430527687072754,3.823131561279297,0.20179155468940735,19257.066377336276,616219.25,49.567218058504785,6628048896.0,0.000237,exported_float_payload,False
te_f0l4_seed42,TE F0L4,1590,3.4287214279174805,3.873667001724243,0.20319463312625885,19245.493459621437,615849.0625,49.53742965124148,6669991936.0,0.0002385,exported_float_payload,False
te_f0l4_seed42,TE F0L4,1600,3.4588842391967773,3.9554061889648438,0.3522435128688812,19223.281189768626,615137.625,49.480255811685915,6711934976.0,0.00023999999999999998,exported_float_payload,False
te_f0l4_seed42,TE F0L4,1610,3.4554848670959473,3.8944296836853027,0.25193819403648376,19260.530312953324,616329.4375,49.57613414409677,6753878016.0,0.0002415,exported_float_payload,False
te_f0l4_seed42,TE F0L4,1620,3.4399068355560303,3.948751926422119,0.21253028512001038,19262.173405833477,616382.25,49.580363424999945,6795821056.0,0.000243,exported_float_payload,False
te_f0l4_seed42,TE F0L4,1630,3.4207780361175537,3.81593918800354,0.18612632155418396,19270.63078796086,616652.9375,49.60213251982975,6837764096.0,0.0002445,exported_float_payload,False
te_f0l4_seed42,TE F0L4,1640,3.501303195953369,4.279658317565918,0.2968834936618805,19248.550561524673,615946.25,49.545298556800375,6879707136.0,0.00024599999999999996,exported_float_payload,False
te_f0l4_seed42,TE F0L4,1650,3.478966474533081,3.8452014923095703,0.2575376033782959,19214.985573134578,614872.375,49.45890309728111,6921650176.0,0.00024749999999999994,exported_float_payload,False
te_f0l4_seed42,TE F0L4,1660,3.440653085708618,3.810969352722168,0.299054354429245,19247.75501934746,615918.8125,49.543250850685645,6963593216.0,0.000249,exported_float_payload,False
te_f0l4_seed42,TE F0L4,1670,3.4194722175598145,4.167272567749023,0.3511083126068115,19252.28712711343,616066.5,49.55491638527429,7005536256.0,0.00025049999999999996,exported_float_payload,False
te_f0l4_seed42,TE F0L4,1680,3.4325544834136963,3.6997599601745605,0.2713017165660858,19252.441283439326,616071,49.55531317988833,7047479296.0,0.00025199999999999995,exported_float_payload,False
te_f0l4_seed42,TE F0L4,1690,3.4381933212280273,3.855212926864624,0.3852106034755707,18564.261778583783,594048.25,47.7839559590027,7089422336.0,0.0002535,exported_float_payload,False
te_f0l4_seed42,TE F0L4,1700,3.48392653465271,3.829090118408203,0.6292240619659424,18313.80197188785,586035.75,47.13927853980872,7131365376.0,0.00025499999999999996,exported_float_payload,False
te_f0l4_seed42,TE F0L4,1710,3.5011954307556152,3.872622489929199,0.4245883524417877,19249.913554152223,615990.875,49.548806866501245,7173308416.0,0.00025649999999999995,exported_float_payload,False
te_f0l4_seed42,TE F0L4,1720,3.597390651702881,3.932823657989502,0.6938917636871338,19262.345697212797,616386.0625,49.58080689879814,7215251456.0,0.000258,exported_float_payload,False
te_f0l4_seed42,TE F0L4,1730,3.471343994140625,3.8124985694885254,0.34974205493927,19257.559250162863,616234.4375,49.568486701110665,7257194496.0,0.00025949999999999997,exported_float_payload,False
te_f0l4_seed42,TE F0L4,1740,3.3776352405548096,3.7637619972229004,0.12147798389196396,19259.457809688633,616294.4375,49.57337354691401,7299137536.0,0.000261,exported_float_payload,False
te_f0l4_seed42,TE F0L4,1750,3.377115488052368,3.7540135383605957,0.14809663593769073,19214.377616789374,614851.625,49.45733823251187,7341080576.0,0.0002625,exported_float_payload,False
te_f0l4_seed42,TE F0L4,1760,3.379650831222534,3.7536368370056152,0.21149326860904694,18393.196623476433,588575,47.34363843195729,7383023616.0,0.00026399999999999997,exported_float_payload,False
te_f0l4_seed42,TE F0L4,1770,3.3663954734802246,3.776374101638794,0.2009597271680832,19265.370164814576,616485,49.58859180446293,7424966656.0,0.0002655,exported_float_payload,False
te_f0l4_seed42,TE F0L4,1780,3.377317428588867,3.722050189971924,0.2307034283876419,19256.514970091284,616202.0625,49.56579874973698,7466909696.0,0.000267,exported_float_payload,False
te_f0l4_seed42,TE F0L4,1790,3.3532090187072754,3.7740731239318848,0.21630273759365082,19252.424633110903,616070.25,49.55527032235003,7508852736.0,0.00026849999999999997,exported_float_payload,False
te_f0l4_seed42,TE F0L4,1800,3.359482526779175,3.9188613891601562,0.21354441344738007,18389.027651658474,588442.375,47.33290760042089,7550795776.0,0.00027,exported_float_payload,False
te_f0l4_seed42,TE F0L4,1810,3.245819091796875,3.612340211868286,0.2372041791677475,19240.357031607433,615684.875,49.52420861110882,7592738816.0,0.0002715,exported_float_payload,False
te_f0l4_seed42,TE F0L4,1820,3.380305767059326,3.7096824645996094,0.22982925176620483,19245.639374866947,615853,49.53780523351608,7634681856.0,0.00027299999999999997,exported_float_payload,False
te_f0l4_seed42,TE F0L4,1830,3.4010567665100098,3.8924574851989746,0.5897510647773743,17859.259000602786,571488.6875,45.96929604438753,7676624896.0,0.0002745,exported_float_payload,False
te_f0l4_seed42,TE F0L4,1840,3.364902973175049,3.6744346618652344,0.28333279490470886,19272.298441655057,616706.25,49.60642501966782,7718567936.0,0.000276,exported_float_payload,False
te_f0l4_seed42,TE F0L4,1850,3.3569140434265137,3.777452230453491,0.39617273211479187,19209.302005353897,614690.375,49.4442737327655,7760510976.0,0.00027749999999999997,exported_float_payload,False
te_f0l4_seed42,TE F0L4,1860,3.344900131225586,3.752556324005127,0.2794938385486603,19263.15809211942,616414.4375,49.582897983426356,7802454016.0,0.000279,exported_float_payload,False
te_f0l4_seed42,TE F0L4,1870,3.312082290649414,3.735990524291992,0.19074688851833344,19259.13323636698,616284.8125,49.572538103119236,7844397056.0,0.0002805,exported_float_payload,False
te_f0l4_seed42,TE F0L4,1880,3.3449249267578125,3.905343532562256,0.1729583442211151,18482.457496910363,591431.625,47.573393737926395,7886340096.0,0.00028199999999999997,exported_float_payload,False
te_f0l4_seed42,TE F0L4,1890,3.304762601852417,3.882655143737793,0.17804847657680511,19255.319069811878,616162.5625,49.56272053165515,7928283136.0,0.00028349999999999995,exported_float_payload,False
te_f0l4_seed42,TE F0L4,1900,3.2876625061035156,3.581923246383667,0.2256719321012497,19185.083886693163,613914.5625,49.38193688741734,7970226176.0,0.000285,exported_float_payload,False
te_f0l4_seed42,TE F0L4,1910,3.341517686843872,3.779928684234619,0.2571869194507599,18522.890647595897,592725.25,47.677467679281285,8012169216.0,0.00028649999999999997,exported_float_payload,False
te_f0l4_seed42,TE F0L4,1920,3.3348474502563477,3.6396584510803223,0.33286252617836,18273.163567410138,584734.5,47.0346762802108,8054112256.0,0.00028799999999999995,exported_float_payload,False
te_f0l4_seed42,TE F0L4,1930,3.421849489212036,4.095295429229736,0.3398553729057312,17860.332031993083,571524,45.97205800095268,8096055296.0,0.0002895,exported_float_payload,False
te_f0l4_seed42,TE F0L4,1940,3.3974246978759766,3.774013042449951,0.2595342993736267,19246.00918079597,615864.9375,49.53875710493637,8137998336.0,0.00029099999999999997,exported_float_payload,False
te_f0l4_seed42,TE F0L4,1950,3.423105239868164,3.8907852172851562,0.6276374459266663,19220.26409324203,615041.25,49.47248987898843,8179941376.0,0.00029249999999999995,exported_float_payload,False
te_f0l4_seed42,TE F0L4,1960,3.42484188079834,3.7875776290893555,0.2839072048664093,19258.282478968744,616257.375,49.570348274375505,8221884416.0,0.000294,exported_float_payload,False
te_f0l4_seed42,TE F0L4,1970,3.329845905303955,3.649897575378418,0.12293929606676102,19249.03455953674,615960.875,49.546544355850656,8263827456.0,0.00029549999999999997,exported_float_payload,False
te_f0l4_seed42,TE F0L4,1980,3.254866600036621,3.716980457305908,0.1002950668334961,19256.777766588002,616209.25,49.566475181494674,8305770496.0,0.00029699999999999996,exported_float_payload,False
te_f0l4_seed42,TE F0L4,1990,3.2658190727233887,3.628506660461426,0.19983503222465515,19259.57755305857,616299.4375,49.573681763420744,8347713536.0,0.0002985,exported_float_payload,False
te_f0l4_seed42,TE F0L4,2000,3.3206419944763184,3.636014938354492,0.271285742521286,19206.398661711508,614597.5625,49.43680059721094,8389656576.0,0.0003,exported_float_payload,False
te_f0l4_seed42,TE F0L4,2010,3.3062262535095215,3.719179391860962,0.17418132722377777,9439.170311422655,300264.96875,24.29619361276614,8432123904.0,0.0003,exported_float_payload,False
te_f0l4_seed42,TE F0L4,2020,3.281764268875122,3.716315746307373,0.14298267662525177,18462.756415005406,590467.6875,47.522683634755076,8474066944.0,0.0003,exported_float_payload,False
te_f0l4_seed42,TE F0L4,2030,3.265862464904785,3.7794229984283447,0.140689879655838,19378.147774651094,620090.875,49.87887861499512,8516009984.0,0.0003,exported_float_payload,False
te_f0l4_seed42,TE F0L4,2040,3.2881650924682617,3.69954252243042,0.2043963074684143,18389.466214072094,588455.0625,47.334036449351565,8557953024.0,0.0003,exported_float_payload,False
te_f0l4_seed42,TE F0L4,2050,3.2816243171691895,3.84183406829834,0.16968320310115814,19265.074470195665,616473.75,49.58783069374299,8599896064.0,0.0003,exported_float_payload,False
te_f0l4_seed42,TE F0L4,2060,3.2498128414154053,3.5670881271362305,0.1439799815416336,19371.049179817284,619863.1875,49.86060700543934,8641839104.0,0.0003,exported_float_payload,False
te_f0l4_seed42,TE F0L4,2070,3.2714486122131348,3.5182840824127197,0.2247341275215149,19381.242610679514,620191,49.886844647269726,8683782144.0,0.0003,exported_float_payload,False
te_f0l4_seed42,TE F0L4,2080,3.2632668018341064,3.65090012550354,0.16389283537864685,19361.692293417644,619564.875,49.83652260860383,8725725184.0,0.0003,exported_float_payload,False
te_f0l4_seed42,TE F0L4,2090,3.2404885292053223,3.75150990486145,0.12316998839378357,19366.78277757712,619725.4375,49.84962539037816,8767668224.0,0.0003,exported_float_payload,False
te_f0l4_seed42,TE F0L4,2100,3.298250675201416,3.838883399963379,0.21968501806259155,19336.128110824306,618746.75,49.77072102760171,8809611264.0,0.0003,exported_float_payload,False
te_f0l4_seed42,TE F0L4,2110,3.2737345695495605,3.998431444168091,0.2466103434562683,15785.907540637976,505143.3125,40.632540075734596,8851554304.0,0.0003,exported_float_payload,False
te_f0l4_seed42,TE F0L4,2120,3.283576488494873,3.663921356201172,0.22884385287761688,18687.251470905467,597983,48.10052842018671,8893497344.0,0.0003,exported_float_payload,False
te_f0l4_seed42,TE F0L4,2130,3.3105087280273438,3.9340858459472656,0.28484511375427246,19382.455726534536,620228.625,49.88996717782229,8935440384.0,0.0003,exported_float_payload,False
te_f0l4_seed42,TE F0L4,2140,3.2271835803985596,3.5266966819763184,0.23193734884262085,18508.009592657945,592247.25,47.63916420768303,8977383424.0,0.0003,exported_float_payload,False
te_f0l4_seed42,TE F0L4,2150,3.243032932281494,3.596571445465088,0.1329788863658905,19312.655835311838,617995.125,49.71030396428281,9019326464.0,0.0003,exported_float_payload,False
te_f0l4_seed42,TE F0L4,2160,3.213193655014038,3.6310439109802246,0.12677937746047974,18494.40109373512,591812.5,47.60413626415626,9061269504.0,0.0003,exported_float_payload,False
te_f0l4_seed42,TE F0L4,2170,3.2235703468322754,3.6512913703918457,0.17093506455421448,19360.52132043446,619527.5,49.83350855277306,9103212544.0,0.0003,exported_float_payload,False
te_f0l4_seed42,TE F0L4,2180,3.2685279846191406,3.806828498840332,0.15808431804180145,19381.821661739523,620209.5625,49.88833511054155,9145155584.0,0.0003,exported_float_payload,False
te_f0l4_seed42,TE F0L4,2190,3.1937131881713867,3.502092123031616,0.191055029630661,17647.79177133215,564721.75,45.42498456619573,9187098624.0,0.0003,exported_float_payload,False
te_f0l4_seed42,TE F0L4,2200,3.209167957305908,3.655294418334961,0.14954042434692383,19274.04333001623,616760.875,49.61091631965044,9229041664.0,0.0003,exported_float_payload,False
te_f0l4_seed42,TE F0L4,2210,3.2410175800323486,3.6124110221862793,0.15109679102897644,19362.479393174846,619590.8125,49.83854858413585,9270984704.0,0.0003,exported_float_payload,False
te_f0l4_seed42,TE F0L4,2220,3.19105863571167,3.512545585632324,0.15942460298538208,19371.966964228355,619894,49.86296936007544,9312927744.0,0.0003,exported_float_payload,False
te_f0l4_seed42,TE F0L4,2230,3.1993861198425293,3.5045077800750732,0.18224817514419556,19391.30501311762,620513.3125,49.9127450251398,9354870784.0,0.0003,exported_float_payload,False
te_f0l4_seed42,TE F0L4,2240,3.228153705596924,3.541060447692871,0.17308014631271362,18483.703537460846,591470.25,47.57660101584013,9396813824.0,0.0003,exported_float_payload,False
te_f0l4_seed42,TE F0L4,2250,3.192669153213501,3.504258871078491,0.12514126300811768,19300.661215966367,617611.9375,49.679430107332024,9438756864.0,0.0003,exported_float_payload,False
te_f0l4_seed42,TE F0L4,2260,3.214947462081909,3.541407823562622,0.17923268675804138,19378.57528963363,620103,49.87997902810829,9480699904.0,0.0003,exported_float_payload,False
te_f0l4_seed42,TE F0L4,2270,3.170351982116699,3.5181806087493896,0.19288595020771027,19374.16135463335,619961.6875,49.868617667329445,9522642944.0,0.0003,exported_float_payload,False
te_f0l4_seed42,TE F0L4,2280,3.206935405731201,3.7900710105895996,0.1574772447347641,19371.143686156833,619866.4375,49.860850262446846,9564585984.0,0.0003,exported_float_payload,False
te_f0l4_seed42,TE F0L4,2290,3.1585211753845215,3.7445545196533203,0.16349920630455017,19381.179728538977,620188.3125,49.886682790177325,9606529024.0,0.0003,exported_float_payload,False
te_f0l4_seed42,TE F0L4,2300,3.214003324508667,3.5673179626464844,0.18659870326519012,19324.863219979652,618386.375,49.74172547397162,9648472064.0,0.0003,exported_float_payload,False
te_f0l4_seed42,TE F0L4,2310,3.2108688354492188,3.514272689819336,0.20875398814678192,19365.252122245096,619678.8125,49.84568552097499,9690415104.0,0.0003,exported_float_payload,False
te_f0l4_seed42,TE F0L4,2320,3.1811556816101074,3.668086290359497,0.17832617461681366,19376.6512133791,620042.875,49.87502650286894,9732358144.0,0.0003,exported_float_payload,False
te_f0l4_seed42,TE F0L4,2330,3.164388656616211,3.6026413440704346,0.14993999898433685,19383.679147931,620269,49.893116234586586,9774301184.0,0.0003,exported_float_payload,False
te_f0l4_seed42,TE F0L4,2340,3.2168562412261963,3.531907558441162,0.15862806141376495,16652.933111289643,532887.4375,42.86424269755084,9816244224.0,0.0003,exported_float_payload,False
te_f0l4_seed42,TE F0L4,2350,3.1666998863220215,3.5655720233917236,0.11994803696870804,19345.653281486902,619053.125,49.795238584015856,9858187264.0,0.0003,exported_float_payload,False
te_f0l4_seed42,TE F0L4,2360,3.146315336227417,3.5510876178741455,0.1932268589735031,18568.428812501726,594181.6875,47.79468180243184,9900130304.0,0.0003,exported_float_payload,False
te_f0l4_seed42,TE F0L4,2370,3.175314426422119,3.565549850463867,0.14970429241657257,19372.990953051856,619926.0625,49.86560508227265,9942073344.0,0.0003,exported_float_payload,False
te_f0l4_seed42,TE F0L4,2380,3.178697109222412,3.9009337425231934,0.16864852607250214,19378.103210317993,620089.875,49.878763907491226,9984016384.0,0.0003,exported_float_payload,False
te_f0l4_seed42,TE F0L4,2390,3.153526544570923,3.7409138679504395,0.15227067470550537,19377.595590757675,620072.875,49.87745730715325,10025959424.0,0.0003,exported_float_payload,False
te_f0l4_seed42,TE F0L4,2400,3.1426374912261963,3.4957404136657715,0.14294730126857758,19278.81766228117,616913.1875,49.62320533417752,10067902464.0,0.0003,exported_float_payload,False
te_f0l4_seed42,TE F0L4,2410,3.1426806449890137,3.522742748260498,0.13784337043762207,19171.91611900326,613493,49.34804337530911,10109845504.0,0.0003,exported_float_payload,False
te_f0l4_seed42,TE F0L4,2420,3.1344807147979736,3.5915138721466064,0.16776879131793976,18929.592424110706,605739.3125,48.72430810898537,10151788544.0,0.0003,exported_float_payload,False
te_f0l4_seed42,TE F0L4,2430,3.1541714668273926,3.4975690841674805,0.17688646912574768,19375.897169734202,620019.875,49.87308561296183,10193731584.0,0.0003,exported_float_payload,False
te_f0l4_seed42,TE F0L4,2440,3.153210163116455,3.6234095096588135,0.1490054577589035,19359.913096117998,619506.625,49.83194299825235,10235674624.0,0.0003,exported_float_payload,False
te_f0l4_seed42,TE F0L4,2450,3.1504318714141846,3.4569387435913086,0.11067766696214676,19293.984084041513,617397.875,49.662243332999964,10277617664.0,0.0003,exported_float_payload,False
te_f0l4_seed42,TE F0L4,2460,3.1516432762145996,3.607025384902954,0.13196508586406708,19381.93378355696,620213.8125,49.88862370935848,10319560704.0,0.0003,exported_float_payload,False
te_f0l4_seed42,TE F0L4,2470,3.1043365001678467,3.5281970500946045,0.11088958382606506,19371.941949518066,619894.125,49.86290497282272,10361503744.0,0.0003,exported_float_payload,False
te_f0l4_seed42,TE F0L4,2480,3.120396137237549,3.4752421379089355,0.23828111588954926,19378.543803533288,620105.1875,49.87989798365577,10403446784.0,0.0003,exported_float_payload,False
te_f0l4_seed42,TE F0L4,2490,3.1346421241760254,3.5963010787963867,0.16366460919380188,19384.557705198775,620297.1875,49.895377619514875,10445389824.0,0.0003,exported_float_payload,False
te_f0l4_seed42,TE F0L4,2500,3.1865692138671875,4.254042625427246,0.44109752774238586,19344.90270832799,619026.9375,49.79330662705483,10487332864.0,0.0003,exported_float_payload,False
te_f0l4_seed42,TE F0L4,2510,3.133434295654297,3.4577250480651855,0.12727318704128265,19366.019458000974,619703.75,49.847660624450796,10529275904.0,0.0003,exported_float_payload,False
te_f0l4_seed42,TE F0L4,2520,3.140172004699707,3.7147817611694336,0.13644959032535553,19359.547801290923,619496.8125,49.83100273829819,10571218944.0,0.0003,exported_float_payload,False
te_f0l4_seed42,TE F0L4,2530,3.092787981033325,3.430478572845459,0.17403480410575867,19361.69028689182,619565.6875,49.836517443855406,10613161984.0,0.0003,exported_float_payload,False
te_f0l4_seed42,TE F0L4,2540,3.1254971027374268,3.5229263305664062,0.13373467326164246,19362.77174127449,619596.9375,49.839301080997004,10655105024.0,0.0003,exported_float_payload,False
te_f0l4_seed42,TE F0L4,2550,3.085494041442871,3.3853423595428467,0.13721692562103271,19303.60958134531,617706.125,49.68701912773579,10697048064.0,0.0003,exported_float_payload,False
te_f0l4_seed42,TE F0L4,2560,3.113626003265381,3.638317108154297,0.14857257902622223,14724.62855943996,471182.78125,37.90083392427944,10738991104.0,0.0003,exported_float_payload,False
te_f0l4_seed42,TE F0L4,2570,3.1050236225128174,3.3876466751098633,0.1388867348432541,19382.105014749497,620219.5625,49.8890644542618,10780934144.0,0.0003,exported_float_payload,False
te_f0l4_seed42,TE F0L4,2580,3.118777275085449,3.405606746673584,0.145699143409729,19370.16388302591,619836.25,49.85832827314208,10822877184.0,0.0003,exported_float_payload,False
te_f0l4_seed42,TE F0L4,2590,3.0693254470825195,3.406829357147217,0.14802365005016327,19367.470863790855,619750.4375,49.85139650746998,10864820224.0,0.0003,exported_float_payload,False
te_f0l4_seed42,TE F0L4,2600,3.133302927017212,3.5579047203063965,0.14909803867340088,18648.299392605495,596736.375,48.000266722942996,10906763264.0,0.0003,exported_float_payload,False
te_f0l4_seed42,TE F0L4,2610,3.054644823074341,3.3862524032592773,0.1663530170917511,18343.729463002168,586990.375,47.21631117026967,10948706304.0,0.0003,exported_float_payload,False
te_f0l4_seed42,TE F0L4,2620,3.0793540477752686,3.4636759757995605,0.16042380034923553,19370.384625439016,619842.75,49.8588964587167,10990649344.0,0.0003,exported_float_payload,False
te_f0l4_seed42,TE F0L4,2630,3.1168763637542725,3.5188183784484863,0.1342853158712387,19364.45880292585,619653.5,49.843643536442315,11032592384.0,0.0003,exported_float_payload,False
te_f0l4_seed42,TE F0L4,2640,3.0775299072265625,3.444927215576172,0.13288819789886475,19366.71531370066,619724.0625,49.84945174000951,11074535424.0,0.0003,exported_float_payload,False
te_f0l4_seed42,TE F0L4,2650,3.065669298171997,3.4114623069763184,0.12325244396924973,19256.05293668142,616185.375,49.564609487035774,11116478464.0,0.0003,exported_float_payload,False
te_f0l4_seed42,TE F0L4,2660,3.138882637023926,3.615257501602173,0.21446920931339264,19369.510590005353,619815.375,49.85664671287888,11158421504.0,0.0003,exported_float_payload,False
te_f0l4_seed42,TE F0L4,2670,3.0912084579467773,3.5432474613189697,0.154573455452919,19347.08242019732,619096.875,49.79891715211689,11200364544.0,0.0003,exported_float_payload,False
te_f0l4_seed42,TE F0L4,2680,3.083460569381714,3.5644516944885254,0.1036117896437645,19358.984390517202,619478.125,49.8295525327409,11242307584.0,0.0003,exported_float_payload,False
te_f0l4_seed42,TE F0L4,2690,3.0407779216766357,3.4765233993530273,0.11786394566297531,19358.870871895273,619474.625,49.82926033858336,11284250624.0,0.0003,exported_float_payload,False
te_f0l4_seed42,TE F0L4,2700,3.0615744590759277,3.4848690032958984,0.13887688517570496,18425.505289188706,589609.3125,47.426800147618415,11326193664.0,0.0003,exported_float_payload,False
te_f0l4_seed42,TE F0L4,2710,3.020745277404785,3.476978302001953,0.17246009409427643,19359.22005470731,619484.9375,49.83015912660472,11368136704.0,0.0003,exported_float_payload,False
te_f0l4_seed42,TE F0L4,2720,2.9979238510131836,3.3931334018707275,0.1426917314529419,19344.847444527426,619025,49.79316437938327,11410079744.0,0.0003,exported_float_payload,False
te_f0l4_seed42,TE F0L4,2730,3.0752172470092773,4.680768966674805,0.16473083198070526,19348.628917650498,619147.3125,49.8028977987526,11452022784.0,0.0003,exported_float_payload,False
te_f0l4_seed42,TE F0L4,2740,2.9500620365142822,3.3795981407165527,0.11687202751636505,19361.670013359642,619560.1875,49.83646526027923,11493965824.0,0.0003,exported_float_payload,False
te_f0l4_seed42,TE F0L4,2750,2.9872493743896484,3.391047477722168,0.12276522070169449,19222.057425372324,615098.25,49.477105872048426,11535908864.0,0.0003,exported_float_payload,False
te_f0l4_seed42,TE F0L4,2760,3.039854049682617,3.422795295715332,0.10717780143022537,19343.86031316771,618994.25,49.79062352739674,11577851904.0,0.0003,exported_float_payload,False
te_f0l4_seed42,TE F0L4,2770,3.006294012069702,3.348504066467285,0.16172567009925842,19368.363991109134,619779.0625,49.853695395352055,11619794944.0,0.0003,exported_float_payload,False
te_f0l4_seed42,TE F0L4,2780,3.0114011764526367,3.410205841064453,0.12231580168008804,19358.549004488475,619465.75,49.82843185974727,11661737984.0,0.0003,exported_float_payload,False
te_f0l4_seed42,TE F0L4,2790,3.0052547454833984,3.355987310409546,0.13076584041118622,19344.457039838726,619013.625,49.79215948725917,11703681024.0,0.0003,exported_float_payload,False
te_f0l4_seed42,TE F0L4,2800,3.036144256591797,3.426046133041382,0.13323457539081573,19246.136349634173,615868.6875,49.53908443441688,11745624064.0,0.0003,exported_float_payload,False
te_f0l4_seed42,TE F0L4,2810,2.993028402328491,3.374300479888916,0.13896530866622925,19351.746550677723,619246.4375,49.81092250994479,11787567104.0,0.0003,exported_float_payload,False
te_f0l4_seed42,TE F0L4,2820,3.0195224285125732,3.679577350616455,0.1413021832704544,18577.276264867894,594464.625,47.81745492851984,11829510144.0,0.0003,exported_float_payload,False
te_f0l4_seed42,TE F0L4,2830,2.9952902793884277,3.314056873321533,0.24665121734142303,19353.43092269032,619302.5625,49.81525804232569,11871453184.0,0.0003,exported_float_payload,False
te_f0l4_seed42,TE F0L4,2840,2.9808437824249268,3.301100015640259,0.12781183421611786,19363.289293823476,619616.5625,49.84063324860497,11913396224.0,0.0003,exported_float_payload,False
te_f0l4_seed42,TE F0L4,2850,3.0468332767486572,3.563192367553711,0.12898316979408264,18449.14026446229,590365.125,47.487635996144746,11955339264.0,0.0003,exported_float_payload,False
te_f0l4_seed42,TE F0L4,2860,3.0176315307617188,3.422646999359131,0.10235685110092163,19342.54832748847,618953,49.78724650833381,11997282304.0,0.0003,exported_float_payload,False
te_f0l4_seed42,TE F0L4,2870,3.03379487991333,3.5133838653564453,0.19965167343616486,19357.559673722255,619433,49.82588534654218,12039225344.0,0.0003,exported_float_payload,False
te_f0l4_seed42,TE F0L4,2880,3.0162978172302246,3.551393985748291,0.1068205013871193,19352.821718707983,619281.4375,49.813689966168965,12081168384.0,0.0003,exported_float_payload,False
te_f0l4_seed42,TE F0L4,2890,3.0057144165039062,3.3920722007751465,0.13852599263191223,19367.927760092858,619764.0625,49.85257254738114,12123111424.0,0.0003,exported_float_payload,False
te_f0l4_seed42,TE F0L4,2900,2.9846510887145996,3.455357789993286,0.13708549737930298,18251.549356655716,584041.75,46.97904183015314,12165054464.0,0.0003,exported_float_payload,False
te_f0l4_seed42,TE F0L4,2910,2.9714484214782715,3.4503655433654785,0.23682110011577606,19356.152839907834,619388.5,49.822264190698135,12206997504.0,0.0003,exported_float_payload,False
te_f0l4_seed42,TE F0L4,2920,2.985506057739258,3.4123616218566895,0.11124282330274582,19368.22720823224,619774.8125,49.853343319571,12248940544.0,0.0003,exported_float_payload,False
te_f0l4_seed42,TE F0L4,2930,2.963773488998413,3.4334158897399902,0.1712394803762436,15173.152960346528,485535.625,39.05532476668839,12290883584.0,0.0003,exported_float_payload,False
te_f0l4_seed42,TE F0L4,2940,2.969348430633545,3.3390583992004395,0.13473208248615265,15324.586526735176,490380.5,39.445111064324934,12332826624.0,0.0003,exported_float_payload,False
te_f0l4_seed42,TE F0L4,2950,2.980072498321533,3.3435235023498535,0.12231374531984329,19251.241208828207,616030.375,49.55222421717873,12374769664.0,0.0003,exported_float_payload,False
te_f0l4_seed42,TE F0L4,2960,2.958139181137085,3.275089740753174,0.13725879788398743,19358.681171037257,619468.5,49.82877205321263,12416712704.0,0.0003,exported_float_payload,False
te_f0l4_seed42,TE F0L4,2970,2.968883752822876,3.342996597290039,0.10875348001718521,19361.568495042327,619561.875,49.83620395461238,12458655744.0,0.0003,exported_float_payload,False
te_f0l4_seed42,TE F0L4,2980,3.0107667446136475,3.344398260116577,1.0874755382537842,19355.118985514793,619354.875,49.81960307476612,12500598784.0,0.0003,exported_float_payload,False
te_f0l4_seed42,TE F0L4,2990,2.9659011363983154,3.4084010124206543,0.09345967322587967,19371.231259772463,619870.6875,49.86107567479248,12542541824.0,0.0003,exported_float_payload,False
te_f0l4_seed42,TE F0L4,3000,2.9661128520965576,3.400404453277588,0.11669410765171051,19296.42010733366,617476.6875,49.668513597398054,12584484864.0,0.0003,exported_float_payload,False
te_f0l4_seed42,TE F0L4,3010,2.969810724258423,3.5161819458007812,0.12740394473075867,16601.455887788037,531240,42.73174158277286,12626427904.0,0.0003,exported_float_payload,False
te_f0l4_seed42,TE F0L4,3020,3.004204750061035,3.311601161956787,0.12581701576709747,19350.743685166908,619214.3125,49.80834115863801,12668370944.0,0.0003,exported_float_payload,False
te_f0l4_seed42,TE F0L4,3030,2.9552478790283203,3.5247883796691895,0.1347472369670868,19353.309445505238,619295.9375,49.81494536302115,12710313984.0,0.0003,exported_float_payload,False
te_f0l4_seed42,TE F0L4,3040,3.000793695449829,3.449671745300293,0.13895028829574585,19372.917632426892,619923.5,49.86541635677654,12752257024.0,0.0003,exported_float_payload,False
te_f0l4_seed42,TE F0L4,3050,2.98405122756958,3.627281665802002,0.17081941664218903,18800.711700009808,601607.4375,48.3925722760256,12794200064.0,0.0003,exported_float_payload,False
te_f0l4_seed42,TE F0L4,3060,2.948782444000244,3.4088008403778076,0.18901249766349792,18635.266875580226,596319.25,47.96672134273893,12836143104.0,0.0003,exported_float_payload,False
te_f0l4_seed42,TE F0L4,3070,2.9801979064941406,3.4421823024749756,0.12655629217624664,19362.528520822583,619591.6875,49.83867503750005,12878086144.0,0.0003,exported_float_payload,False
te_f0l4_seed42,TE F0L4,3080,2.966362714767456,3.757077217102051,0.10336824506521225,19366.815193952516,619728.125,49.84970882933592,12920029184.0,0.0003,exported_float_payload,False
te_f0l4_seed42,TE F0L4,3090,2.9320361614227295,3.425344705581665,0.5328918099403381,16406.76792772956,525010.5,42.23061953331359,12961972224.0,0.0003,exported_float_payload,False
te_f0l4_seed42,TE F0L4,3100,2.92435622215271,3.3656435012817383,0.21668417751789093,16740.84139815576,535700,43.090516478762424,13003915264.0,0.0003,exported_float_payload,False
te_f0l4_seed42,TE F0L4,3110,2.9017958641052246,3.2797598838806152,0.12260174751281738,18649.581347142463,596778.5,48.003566442579924,13045858304.0,0.0003,exported_float_payload,False
te_f0l4_seed42,TE F0L4,3120,2.8562536239624023,3.2370262145996094,0.10348689556121826,19317.979718144845,618164.8125,49.72400750853668,13087801344.0,0.0003,exported_float_payload,False
te_f0l4_seed42,TE F0L4,3130,2.9056034088134766,3.428330421447754,0.10616151243448257,18775.51496378456,600808.3125,48.32771649299162,13129744384.0,0.0003,exported_float_payload,False
te_f0l4_seed42,TE F0L4,3140,2.9348301887512207,3.3162484169006348,0.14417555928230286,19367.839971132325,619761.875,49.85234658074299,13171687424.0,0.0003,exported_float_payload,False
te_f0l4_seed42,TE F0L4,3150,2.9362616539001465,3.3464462757110596,0.12841391563415527,19319.04141075396,618201.4375,49.72674027935628,13213630464.0,0.0003,exported_float_payload,False
te_f0l4_seed42,TE F0L4,3160,2.9056971073150635,3.4666149616241455,0.11700181663036346,19365.53271878703,619688.5625,49.84640776961391,13255573504.0,0.0003,exported_float_payload,False
te_f0l4_seed42,TE F0L4,3170,2.9314467906951904,3.312782049179077,0.13068991899490356,19371.115842557054,619864.875,49.86077859370174,13297516544.0,0.0003,exported_float_payload,False
te_f0l4_seed42,TE F0L4,3180,2.9443111419677734,3.367133855819702,0.1712632030248642,19358.671072831912,619465.25,49.82874606067895,13339459584.0,0.0003,exported_float_payload,False
te_f0l4_seed42,TE F0L4,3190,2.931685209274292,3.324965000152588,0.1266889125108719,18681.97824343382,597814.8125,48.086955261594554,13381402624.0,0.0003,exported_float_payload,False
te_f0l4_seed42,TE F0L4,3200,2.958814859390259,3.3901753425598145,0.09683476388454437,19251.262681669716,616032.3125,49.5522794877478,13423345664.0,0.0003,exported_float_payload,False
te_f0l4_seed42,TE F0L4,3210,2.9528188705444336,3.4319515228271484,0.17305023968219757,18182.1874898381,581822.125,46.800506080723515,13465288704.0,0.0003,exported_float_payload,False
te_f0l4_seed42,TE F0L4,3220,2.9597153663635254,3.511730909347534,0.18509113788604736,19368.67793050625,619784.8125,49.854503467685035,13507231744.0,0.0003,exported_float_payload,False
te_f0l4_seed42,TE F0L4,3230,2.945537567138672,3.303393840789795,0.11624045670032501,18918.599073643578,605386.625,48.69601149364842,13549174784.0,0.0003,exported_float_payload,False
te_f0l4_seed42,TE F0L4,3240,2.924766778945923,3.3630828857421875,0.12207683175802231,19353.921942939673,619317.125,49.81652191644306,13591117824.0,0.0003,exported_float_payload,False
te_f0l4_seed42,TE F0L4,3250,2.9629669189453125,3.2923460006713867,0.13195443153381348,19305.419155270785,617765.875,49.69167692677949,13633060864.0,0.0003,exported_float_payload,False
te_f0l4_seed42,TE F0L4,3260,2.9570724964141846,3.571913242340088,0.11413855850696564,18577.052780759706,594455.5625,47.816879685889106,13675003904.0,0.0003,exported_float_payload,False
te_f0l4_seed42,TE F0L4,3270,2.9559972286224365,3.3934974670410156,0.14012761414051056,19359.836065897132,619505.3125,49.83174472434708,13716946944.0,0.0003,exported_float_payload,False
te_f0l4_seed42,TE F0L4,3280,2.942742347717285,3.287522315979004,0.13994185626506805,19363.81913296934,619628.8125,49.84199704161292,13758889984.0,0.0003,exported_float_payload,False
te_f0l4_seed42,TE F0L4,3290,2.9797520637512207,3.59987735748291,0.19376534223556519,19375.258129846912,619999.1875,49.871440739915194,13800833024.0,0.0003,exported_float_payload,False
te_f0l4_seed42,TE F0L4,3300,2.9205691814422607,3.2595646381378174,0.13737449049949646,18986.799910325197,607570.25,48.87155877989285,13842776064.0,0.0003,exported_float_payload,False
te_f0l4_seed42,TE F0L4,3310,2.966948986053467,3.4436469078063965,0.1263303905725479,19354.51367734737,619336,49.81804502634175,13884719104.0,0.0003,exported_float_payload,False
te_f0l4_seed42,TE F0L4,3320,2.914595127105713,3.3180418014526367,0.13384929299354553,19380.63710544819,620170.9375,49.88528609160769,13926662144.0,0.0003,exported_float_payload,False
te_f0l4_seed42,TE F0L4,3330,2.93074893951416,3.349120855331421,0.1545467972755432,18597.893639139038,595123.5625,47.87052354584019,13968605184.0,0.0003,exported_float_payload,False
te_f0l4_seed42,TE F0L4,3340,2.9525539875030518,3.510287284851074,0.1194576621055603,19360.34887695059,619522.125,49.83306468746147,14010548224.0,0.0003,exported_float_payload,False
te_f0l4_seed42,TE F0L4,3350,2.939511299133301,3.281067371368408,0.13398055732250214,19320.844859655495,618258.8125,49.73138231273812,14052491264.0,0.0003,exported_float_payload,False
te_f0l4_seed42,TE F0L4,3360,2.9232535362243652,3.243809461593628,0.19409547746181488,19365.534321873558,619689.8125,49.84641189591944,14094434304.0,0.0003,exported_float_payload,False
te_f0l4_seed42,TE F0L4,3370,2.9188380241394043,3.3587145805358887,0.12214210629463196,19375.780284189943,620016,49.87278475242852,14136377344.0,0.0003,exported_float_payload,False
te_f0l4_seed42,TE F0L4,3380,2.949474811553955,3.3648593425750732,0.13331831991672516,19372.204529335166,619902,49.86358084685238,14178320384.0,0.0003,exported_float_payload,False
te_f0l4_seed42,TE F0L4,3390,2.931981086730957,3.3677854537963867,0.18150782585144043,19361.782119502936,619568.8125,49.8367538187513,14220263424.0,0.0003,exported_float_payload,False
te_f0l4_seed42,TE F0L4,3400,2.9277989864349365,3.317376136779785,0.10533846914768219,19276.394722760288,616836.125,49.6169687470868,14262206464.0,0.0003,exported_float_payload,False
te_f0l4_seed42,TE F0L4,3410,2.8613691329956055,3.305154800415039,0.15146155655384064,19380.71119924363,620174.5625,49.8854768072257,14304149504.0,0.0003,exported_float_payload,False
te_f0l4_seed42,TE F0L4,3420,2.8992977142333984,3.337465524673462,0.10829753428697586,19370.915992756174,619860.375,49.8602641852002,14346092544.0,0.0003,exported_float_payload,False
te_f0l4_seed42,TE F0L4,3430,2.9197194576263428,3.450040340423584,0.1456577181816101,19378.71107639785,620109.375,49.88032853991967,14388035584.0,0.0003,exported_float_payload,False
te_f0l4_seed42,TE F0L4,3440,2.9072325229644775,3.336700677871704,0.10142718255519867,19368.151241709846,619771.375,49.85314778359959,14429978624.0,0.0003,exported_float_payload,False
te_f0l4_seed42,TE F0L4,3450,2.929814338684082,3.4696555137634277,0.16218499839305878,19281.291579285848,616994.125,49.62957313606525,14471921664.0,0.0003,exported_float_payload,False
te_f0l4_seed42,TE F0L4,3460,2.9166946411132812,3.4976272583007812,0.12974980473518372,18513.961298313043,592438.875,47.65448375253195,14513864704.0,0.0003,exported_float_payload,False
te_f0l4_seed42,TE F0L4,3470,2.9762730598449707,3.443917751312256,1.8692578077316284,19371.62569013873,619883.75,49.862090928912224,14555807744.0,0.0003,exported_float_payload,False
te_f0l4_seed42,TE F0L4,3480,2.9155547618865967,3.4443178176879883,0.11744772642850876,19373.458303209572,619942.375,49.866808030152846,14597750784.0,0.0003,exported_float_payload,False
te_f0l4_seed42,TE F0L4,3490,2.903937339782715,3.753380060195923,0.11009352654218674,19374.598834961504,619979.125,49.86974373099859,14639693824.0,0.0003,exported_float_payload,False
te_f0l4_seed42,TE F0L4,3500,2.8991971015930176,3.2732815742492676,0.10819975286722183,18424.429458879607,589567.8125,47.4240309867047,14681636864.0,0.0003,exported_float_payload,False
te_f0l4_seed42,TE F0L4,3510,2.8887298107147217,3.2538554668426514,0.10900155454874039,18428.115186224437,589693.375,47.43351795878162,14723579904.0,0.0003,exported_float_payload,False
te_f0l4_seed42,TE F0L4,3520,2.8877735137939453,3.1974523067474365,0.13038499653339386,19372.750070225524,619918.3125,49.86498505576679,14765522944.0,0.0003,exported_float_payload,False
te_f0l4_seed42,TE F0L4,3530,2.8922321796417236,3.2223620414733887,0.13195909559726715,19372.005651669417,619896.9375,49.86306894060291,14807465984.0,0.0003,exported_float_payload,False
te_f0l4_seed42,TE F0L4,3540,2.874138832092285,3.2949087619781494,0.1633407026529312,19374.199010674412,619966.375,49.86871459305853,14849409024.0,0.0003,exported_float_payload,False
te_f0l4_seed42,TE F0L4,3550,2.8781561851501465,3.3370373249053955,0.11313982307910919,18493.451376714576,591783.75,47.60169171576406,14891352064.0,0.0003,exported_float_payload,False
te_f0l4_seed42,TE F0L4,3560,2.89981746673584,3.4801154136657715,0.11853054910898209,19366.239406161327,619712.875,49.84822676563825,14933295104.0,0.0003,exported_float_payload,False
te_f0l4_seed42,TE F0L4,3570,2.9159741401672363,3.408156633377075,0.1335718035697937,19359.1023498491,619483.875,49.82985615717734,14975238144.0,0.0003,exported_float_payload,False
te_f0l4_seed42,TE F0L4,3580,2.891584873199463,3.3081448078155518,0.119102843105793,19370.046117299797,619834.3125,49.8580251470422,15017181184.0,0.0003,exported_float_payload,False
te_f0l4_seed42,TE F0L4,3590,2.925549268722534,3.4812145233154297,0.14449329674243927,19378.48350738038,620103.375,49.87974278283231,15059124224.0,0.0003,exported_float_payload,False
te_f0l4_seed42,TE F0L4,3600,2.9048163890838623,3.2580530643463135,0.13563208281993866,19337.986797254398,618807.625,49.7755052410316,15101067264.0,0.0003,exported_float_payload,False
te_f0l4_seed42,TE F0L4,3610,2.947951555252075,4.4359636306762695,0.1567188948392868,19355.363928972438,619362.4375,49.82023355323772,15143010304.0,0.0003,exported_float_payload,False
te_f0l4_seed42,TE F0L4,3620,2.870716094970703,3.1844043731689453,0.11369168758392334,19373.40806613491,619941.1875,49.86667872115086,15184953344.0,0.0003,exported_float_payload,False
te_f0l4_seed42,TE F0L4,3630,2.898866653442383,3.3238768577575684,0.08968449383974075,19370.371222731035,619844.5,49.85886196047404,15226896384.0,0.0003,exported_float_payload,False
te_f0l4_seed42,TE F0L4,3640,2.8694393634796143,3.4104886054992676,0.12446700781583786,19370.210980066422,619840.25,49.85844949977293,15268839424.0,0.0003,exported_float_payload,False
te_f0l4_seed42,TE F0L4,3650,2.898214101791382,3.3452746868133545,0.12627039849758148,18437.95430533418,590008.375,47.45884361082332,15310782464.0,0.0003,exported_float_payload,False
te_f0l4_seed42,TE F0L4,3660,2.9039406776428223,3.2620975971221924,0.10334305465221405,19367.268696391067,619745.375,49.85087613352552,15352725504.0,0.0003,exported_float_payload,False
te_f0l4_seed42,TE F0L4,3670,2.900608777999878,3.411921501159668,0.13089291751384735,19372.771520581296,619922.3125,49.86504026845812,15394668544.0,0.0003,exported_float_payload,False
te_f0l4_seed42,TE F0L4,3680,2.899836540222168,3.2316391468048096,0.13399696350097656,18463.664104348518,590829.0625,47.52502000493306,15436611584.0,0.0003,exported_float_payload,False
te_f0l4_seed42,TE F0L4,3690,2.9122490882873535,3.293701648712158,0.16725249588489532,19371.6863435827,619887.25,49.86224704939414,15478554624.0,0.0003,exported_float_payload,False
te_f0l4_seed42,TE F0L4,3700,2.9029762744903564,3.3593475818634033,0.12330535054206848,19328.46270842212,618503.3125,49.750990469222245,15520497664.0,0.0003,exported_float_payload,False
te_f0l4_seed42,TE F0L4,3710,2.900585889816284,3.968322515487671,0.12409605830907822,19389.570625281816,620459.1875,49.90828075325275,15562440704.0,0.0003,exported_float_payload,False
te_f0l4_seed42,TE F0L4,3720,2.9314308166503906,3.2802305221557617,0.14165888726711273,19372.061103280008,619898.625,49.86321167169289,15604383744.0,0.0003,exported_float_payload,False
te_f0l4_seed42,TE F0L4,3730,2.8994555473327637,3.3645334243774414,0.13715007901191711,19389.984926588262,620471.375,49.9093471546867,15646326784.0,0.0003,exported_float_payload,False
te_f0l4_seed42,TE F0L4,3740,2.8658907413482666,3.276083469390869,0.1477915197610855,19380.146693439514,620156.875,49.884023783086946,15688269824.0,0.0003,exported_float_payload,False
te_f0l4_seed42,TE F0L4,3750,2.905766010284424,3.26678466796875,0.09676370769739151,19344.72015830668,619023,49.79283674776296,15730212864.0,0.0003,exported_float_payload,False
te_f0l4_seed42,TE F0L4,3760,2.8589439392089844,3.321223258972168,0.15028177201747894,19377.413480250678,620070.125,49.87698855916047,15772155904.0,0.0003,exported_float_payload,False
te_f0l4_seed42,TE F0L4,3770,2.8787050247192383,3.3139357566833496,0.12177565693855286,19360.15294846824,619517.25,49.832560372337966,15814098944.0,0.0003,exported_float_payload,False
te_f0l4_seed42,TE F0L4,3780,2.873239040374756,3.256659507751465,0.15278483927249908,19382.3742338625,620228.75,49.889757417676805,15856041984.0,0.0003,exported_float_payload,False
te_f0l4_seed42,TE F0L4,3790,2.8686413764953613,3.7896623611450195,0.128602534532547,19368.35989586038,619780.4375,49.85368485428189,15897985024.0,0.0003,exported_float_payload,False
te_f0l4_seed42,TE F0L4,3800,2.8303449153900146,3.163081645965576,0.12297627329826355,19341.104427575538,618908.625,49.78352994525839,15939928064.0,0.0003,exported_float_payload,False
te_f0l4_seed42,TE F0L4,3810,2.8966546058654785,3.23671817779541,0.1441156268119812,19361.99967395313,619576.375,49.83731379858733,15981871104.0,0.0003,exported_float_payload,False
te_f0l4_seed42,TE F0L4,3820,2.8627617359161377,3.25705623626709,0.14106178283691406,19382.18488169572,620223.125,49.8892700298288,16023814144.0,0.0003,exported_float_payload,False
te_f0l4_seed42,TE F0L4,3830,2.890510320663452,3.3949708938598633,0.11058530956506729,19377.755993513034,620081.25,49.87787017992402,16065757184.0,0.0003,exported_float_payload,False
te_f0l4_seed42,TE F0L4,3840,2.878537178039551,3.292992115020752,0.13795296847820282,19366.96125913946,619735.625,49.85008479755611,16107700224.0,0.0003,exported_float_payload,False
te_f0l4_seed42,TE F0L4,3850,2.893115520477295,3.291699171066284,0.11134475469589233,19347.40294678637,619110,49.79974217972087,16149643264.0,0.0003,exported_float_payload,False
te_f0l4_seed42,TE F0L4,3860,2.873513698577881,3.268873453140259,0.1150970458984375,19371.739329332617,619888.25,49.862383433419026,16191586304.0,0.0003,exported_float_payload,False
te_f0l4_seed42,TE F0L4,3870,2.9424691200256348,4.332278251647949,0.15965987741947174,19379.94012354559,620149.75,49.883492077230216,16233529344.0,0.0003,exported_float_payload,False
te_f0l4_seed42,TE F0L4,3880,2.845372200012207,3.2470505237579346,0.1087413802742958,19379.919380253574,620149.3125,49.88343868450369,16275472384.0,0.0003,exported_float_payload,False
te_f0l4_seed42,TE F0L4,3890,2.8556952476501465,3.2336478233337402,0.10602179914712906,19390.703708513283,620494.5625,49.91119728178893,16317415424.0,0.0003,exported_float_payload,False
te_f0l4_seed42,TE F0L4,3900,2.840087413787842,3.279557704925537,0.1301943063735962,19365.170484796017,619678.0625,49.845475388176936,16359358464.0,0.0003,exported_float_payload,False
te_f0l4_seed42,TE F0L4,3910,2.869248867034912,3.448986530303955,0.14076216518878937,19381.009559128677,620184.9375,49.88624477827551,16401301504.0,0.0003,exported_float_payload,False
te_f0l4_seed42,TE F0L4,3920,2.829231023788452,3.2197985649108887,0.1030079647898674,19379.985885226448,620151,49.88360986667795,16443244544.0,0.0003,exported_float_payload,False
te_f0l4_seed42,TE F0L4,3930,2.8192219734191895,3.2783119678497314,0.11918602883815765,19374.88297384939,619988,49.87047509754939,16485187584.0,0.0003,exported_float_payload,False
te_f0l4_seed42,TE F0L4,3940,2.870356321334839,3.397374153137207,0.12547792494297028,19375.84235210909,620019.5,49.87294451373498,16527130624.0,0.0003,exported_float_payload,False
te_f0l4_seed42,TE F0L4,3950,2.8888700008392334,3.3841888904571533,0.14899832010269165,18633.623880476694,596265.5,47.96249231351038,16569073664.0,0.0003,exported_float_payload,False
te_f0l4_seed42,TE F0L4,3960,2.943997859954834,5.216217994689941,0.14027129113674164,19377.037288085747,620057.1875,49.876020249725094,16611016704.0,0.0003,exported_float_payload,False
te_f0l4_seed42,TE F0L4,3970,2.8352150917053223,3.2041265964508057,0.1379203498363495,19389.131448438577,620444.9375,49.907150322795246,16652959744.0,0.0003,exported_float_payload,False
te_f0l4_seed42,TE F0L4,3980,2.8165273666381836,3.2409732341766357,0.13209088146686554,17851.97047449355,571256.5,45.95053555637224,16694902784.0,0.0003,exported_float_payload,False
te_f0l4_seed42,TE F0L4,3990,2.869534492492676,3.274880886077881,0.15154418349266052,19390.12434247508,620476.375,49.90970600777093,16736845824.0,0.0003,exported_float_payload,False
te_f0l4_seed42,TE F0L4,4000,2.8929271697998047,3.585954189300537,0.11029282212257385,19356.772612347308,619409.5625,49.82385946980514,16778788864.0,0.0003,exported_float_payload,False
te_f0l4_seed42,TE F0L4,4010,2.863060474395752,3.25022029876709,0.1186055839061737,17473.03025440686,559131.625,44.9751526941996,16820731904.0,0.0003,exported_float_payload,False
te_f0l4_seed42,TE F0L4,4020,2.8515522480010986,3.287764549255371,0.17959459125995636,19377.041751969842,620053.375,49.87603173965363,16862674944.0,0.0003,exported_float_payload,False
te_f0l4_seed42,TE F0L4,4030,2.8677804470062256,3.582705020904541,0.10711129009723663,18689.585603152467,598057.125,48.106536419525625,16904617984.0,0.0003,exported_float_payload,False
te_f0l4_seed42,TE F0L4,4040,2.82736873626709,3.1946465969085693,0.12307064980268478,19393.538675938147,620583.625,49.91849441863124,16946561024.0,0.0003,exported_float_payload,False
te_f0l4_seed42,TE F0L4,4050,2.8706037998199463,3.376234531402588,0.12656977772712708,19348.649472182304,619148.1875,49.802950705614954,16988504064.0,0.0003,exported_float_payload,False
te_f0l4_seed42,TE F0L4,4060,2.789816379547119,3.169821262359619,0.12127996981143951,19392.733311397536,620557.5,49.91642142999326,17030447104.0,0.0003,exported_float_payload,False
te_f0l4_seed42,TE F0L4,4070,2.8513622283935547,3.195389747619629,0.10375145077705383,19394.108662176488,620601.125,49.91996154927371,17072390144.0,0.0003,exported_float_payload,False
te_f0l4_seed42,TE F0L4,4080,2.8026418685913086,3.24373197555542,0.15375356376171112,19390.61323049719,620489.75,49.91096439358751,17114333184.0,0.0003,exported_float_payload,False
te_f0l4_seed42,TE F0L4,4090,2.820284843444824,3.141623020172119,0.1117766872048378,19389.882473998252,620466.25,49.90908344422478,17156276224.0,0.0003,exported_float_payload,False
te_f0l4_seed42,TE F0L4,4100,2.8385579586029053,3.2338781356811523,0.1506517082452774,19348.436540139137,619141.9375,49.80240262374161,17198219264.0,0.0003,exported_float_payload,False
te_f0l4_seed42,TE F0L4,4110,2.8522300720214844,4.295088768005371,0.14365656673908234,19383.10453451168,620250.125,49.891637193693406,17240162304.0,0.0003,exported_float_payload,False
te_f0l4_seed42,TE F0L4,4120,2.7853527069091797,3.242014169692993,0.12352608889341354,19393.2176325011,620573.5,49.91766806067315,17282105344.0,0.0003,exported_float_payload,False
te_f0l4_seed42,TE F0L4,4130,2.826847553253174,3.267332077026367,0.1255115270614624,19395.002665457832,620632.125,49.922262691863295,17324048384.0,0.0003,exported_float_payload,False
te_f0l4_seed42,TE F0L4,4140,2.8378489017486572,3.2208681106567383,0.13226471841335297,19383.371797867265,620260.9375,49.89232512303662,17365991424.0,0.0003,exported_float_payload,False
te_f0l4_seed42,TE F0L4,4150,2.8255040645599365,3.2103986740112305,0.1206074059009552,19358.090438816944,619450.6875,49.82725152291977,17407934464.0,0.0003,exported_float_payload,False
te_f0l4_seed42,TE F0L4,4160,2.829376220703125,3.350268602371216,0.1604713797569275,18531.23104193596,592992.5,47.698935650406646,17449877504.0,0.0003,exported_float_payload,False
te_f0l4_seed42,TE F0L4,4170,2.8315820693969727,3.2267889976501465,0.10012399405241013,19392.922993717202,620565.0625,49.91690966764673,17491820544.0,0.0003,exported_float_payload,False
te_f0l4_seed42,TE F0L4,4180,2.848727226257324,3.1376757621765137,0.14706921577453613,18613.277352303554,595617.75,47.91012084742464,17533763584.0,0.0003,exported_float_payload,False
te_f0l4_seed42,TE F0L4,4190,2.8152294158935547,3.2476704120635986,0.11412137746810913,19394.63192606455,620620.3125,49.921308417728824,17575706624.0,0.0003,exported_float_payload,False
te_f0l4_seed42,TE F0L4,4200,2.8633546829223633,3.2725000381469727,0.11389932781457901,19351.651051277564,619245.125,49.81067669682354,17617649664.0,0.0003,exported_float_payload,False
te_f0l4_seed42,TE F0L4,4210,2.844287157058716,3.2237396240234375,0.10302778333425522,19388.204933288795,620415.3125,49.90476549545115,17659592704.0,0.0003,exported_float_payload,False
te_f0l4_seed42,TE F0L4,4220,2.8190717697143555,3.2342348098754883,0.1325129270553589,19381.640580017734,620204.25,49.88786901061675,17701535744.0,0.0003,exported_float_payload,False
te_f0l4_seed42,TE F0L4,4230,2.840878486633301,3.249185085296631,0.10271283239126205,19379.810719476645,620145.625,49.88315899432041,17743478784.0,0.0003,exported_float_payload,False
te_f0l4_seed42,TE F0L4,4240,2.84372615814209,3.435558795928955,0.1519044041633606,19384.07022190355,620282.875,49.89412284943095,17785421824.0,0.0003,exported_float_payload,False
te_f0l4_seed42,TE F0L4,4250,2.8217992782592773,3.187638282775879,0.1206580400466919,19364.279982750864,619650.3125,49.843183257683705,17827364864.0,0.0003,exported_float_payload,False
te_f0l4_seed42,TE F0L4,4260,2.8366148471832275,3.157102584838867,0.1348320096731186,19392.228013433913,620544.4375,49.91512080538842,17869307904.0,0.0003,exported_float_payload,False
te_f0l4_seed42,TE F0L4,4270,2.8158700466156006,3.2312138080596924,0.09871461242437363,19312.46427794549,617991.5,49.70981090030503,17911250944.0,0.0003,exported_float_payload,False
te_f0l4_seed42,TE F0L4,4280,2.8265538215637207,3.2612032890319824,0.10215557366609573,19386.55736692016,620362.25,49.900524699897986,17953193984.0,0.0003,exported_float_payload,False
te_f0l4_seed42,TE F0L4,4290,2.823612928390503,3.1497750282287598,0.14584140479564667,19396.659215376698,620685.4375,49.92652661085513,17995137024.0,0.0003,exported_float_payload,False
te_f0l4_seed42,TE F0L4,4300,2.8338537216186523,3.374032974243164,0.11115714907646179,19374.424777963442,619973.5625,49.869295712540925,18037080064.0,0.0003,exported_float_payload,False
te_f0l4_seed42,TE F0L4,4310,2.7905993461608887,3.461452007293701,0.1257702112197876,18335.95327443826,586744.25,47.19629545101842,18079023104.0,0.0003,exported_float_payload,False
te_f0l4_seed42,TE F0L4,4320,2.849985122680664,3.7174456119537354,0.13893544673919678,19377.67421805566,620077.5,49.877659691895985,18120966144.0,0.0003,exported_float_payload,False
te_f0l4_seed42,TE F0L4,4330,2.829033136367798,3.2892537117004395,0.12194130569696426,19384.665145103154,620301.625,49.895654167202046,18162909184.0,0.0003,exported_float_payload,False
te_f0l4_seed42,TE F0L4,4340,2.841627836227417,3.2761943340301514,0.09136376529932022,19375.16026703381,619997.5,49.87118884342682,18204852224.0,0.0003,exported_float_payload,False
te_f0l4_seed42,TE F0L4,4350,2.7904226779937744,3.2504754066467285,0.09484338760375977,19324.62696288673,618381,49.741117353990454,18246795264.0,0.0003,exported_float_payload,False
te_f0l4_seed42,TE F0L4,4360,2.812465190887451,3.160377025604248,0.17148496210575104,19390.633646171693,620492.9375,49.911016943034554,18288738304.0,0.0003,exported_float_payload,False
te_f0l4_seed42,TE F0L4,4370,2.7877793312072754,3.2216956615448,0.10281563550233841,19401.225853194843,620831.125,49.93828102495387,18330681344.0,0.0003,exported_float_payload,False
te_f0l4_seed42,TE F0L4,4380,2.8040637969970703,3.160259962081909,0.12990306317806244,19371.645023559406,619885,49.862140692664376,18372624384.0,0.0003,exported_float_payload,False
te_f0l4_seed42,TE F0L4,4390,2.7662830352783203,3.1018996238708496,0.12488404661417007,18071.489224276625,578280.25,46.51557145151948,18414567424.0,0.0003,exported_float_payload,False
te_f0l4_seed42,TE F0L4,4400,2.804806709289551,3.2233102321624756,0.140925794839859,19344.277135018016,619010,49.791696416648975,18456510464.0,0.0003,exported_float_payload,False
te_f0l4_seed42,TE F0L4,4410,2.7903425693511963,3.242914915084839,0.10451354831457138,19398.29809204654,620738.25,49.930745039336045,18498453504.0,0.0003,exported_float_payload,False
te_f0l4_seed42,TE F0L4,4420,2.8200905323028564,3.1548943519592285,0.18005481362342834,19377.42185582939,620069.875,49.87701011769532,18540396544.0,0.0003,exported_float_payload,False
te_f0l4_seed42,TE F0L4,4430,2.8103599548339844,3.175143241882324,0.12432628870010376,19377.9097739995,620085.875,49.87826600713656,18582339584.0,0.0003,exported_float_payload,False
te_f0l4_seed42,TE F0L4,4440,2.8370816707611084,3.5792036056518555,0.11968757957220078,19379.494171899772,620136.6875,49.8823442085965,18624282624.0,0.0003,exported_float_payload,False
te_f0l4_seed42,TE F0L4,4450,2.8207693099975586,3.6298394203186035,0.1245100125670433,19330.280248002822,618561.875,49.755668771667764,18666225664.0,0.0003,exported_float_payload,False
te_f0l4_seed42,TE F0L4,4460,2.7706093788146973,3.2023863792419434,0.10618177056312561,19387.12969950388,620381,49.90199786997609,18708168704.0,0.0003,exported_float_payload,False
te_f0l4_seed42,TE F0L4,4470,2.8015551567077637,3.2450547218322754,0.1129235178232193,19377.58016344598,620074.9375,49.877417597630114,18750111744.0,0.0003,exported_float_payload,False
te_f0l4_seed42,TE F0L4,4480,2.815138578414917,3.202765464782715,0.1361968219280243,18290.415686839286,585286.375,47.07908281384161,18792054784.0,0.0003,exported_float_payload,False
te_f0l4_seed42,TE F0L4,4490,2.8396546840667725,3.4230711460113525,0.16394449770450592,19377.97306742687,620087.625,49.8784289228712,18833997824.0,0.0003,exported_float_payload,False
te_f0l4_seed42,TE F0L4,4500,2.8342504501342773,3.2298429012298584,0.14528071880340576,18428.265346129196,589698.25,47.433904466705364,18875940864.0,0.0003,exported_float_payload,False
te_f0l4_seed42,TE F0L4,4510,2.8325037956237793,3.484262228012085,0.12218395620584488,19384.348345211492,620291.4375,49.89483873202604,18917883904.0,0.0003,exported_float_payload,False
te_f0l4_seed42,TE F0L4,4520,2.7812728881835938,3.1405630111694336,0.15348419547080994,19358.534708282314,619465.625,49.82839506166213,18959826944.0,0.0003,exported_float_payload,False
te_f0l4_seed42,TE F0L4,4530,2.7747044563293457,3.2319388389587402,0.12045060098171234,19354.13408867307,619325.3125,49.81706797437428,19001769984.0,0.0003,exported_float_payload,False
te_f0l4_seed42,TE F0L4,4540,2.833733081817627,3.4390869140625,0.10613235086202621,19380.190520458502,620159,49.88413659276234,19043713024.0,0.0003,exported_float_payload,False
te_f0l4_seed42,TE F0L4,4550,2.8967669010162354,4.7695159912109375,0.11946897208690643,19341.857057717883,618932.375,49.785467196844486,19085656064.0,0.0003,exported_float_payload,False
te_f0l4_seed42,TE F0L4,4560,2.781390905380249,3.1862735748291016,0.12323933094739914,19385.166165868624,620317.9375,49.89694378240341,19127599104.0,0.0003,exported_float_payload,False
te_f0l4_seed42,TE F0L4,4570,2.7916676998138428,3.2596116065979004,0.1176668182015419,19394.658500410616,620621.625,49.92137681944591,19169542144.0,0.0003,exported_float_payload,False
te_f0l4_seed42,TE F0L4,4580,2.783148765563965,3.227786064147949,0.13626480102539062,19382.788619298062,620241.3125,49.89082403565705,19211485184.0,0.0003,exported_float_payload,False
te_f0l4_seed42,TE F0L4,4590,2.7878642082214355,3.2160727977752686,0.11471491307020187,19377.23334369637,620064.375,49.87652489207367,19253428224.0,0.0003,exported_float_payload,False
te_f0l4_seed42,TE F0L4,4600,2.7866320610046387,3.206329107284546,0.12171048671007156,19342.733026273938,618960.5,49.78772191849209,19295371264.0,0.0003,exported_float_payload,False
te_f0l4_seed42,TE F0L4,4610,2.817276954650879,3.239901065826416,0.16529841721057892,19395.50617066886,620648.6875,49.92355870196679,19337314304.0,0.0003,exported_float_payload,False
te_f0l4_seed42,TE F0L4,4620,2.768754005432129,3.1528334617614746,0.10818422585725784,19380.34648155309,620165.5625,49.88453803280687,19379257344.0,0.0003,exported_float_payload,False
te_f0l4_seed42,TE F0L4,4630,2.816807508468628,3.591559886932373,0.16525089740753174,19390.97042083753,620503.75,49.91188379279095,19421200384.0,0.0003,exported_float_payload,False
te_f0l4_seed42,TE F0L4,4640,2.781191349029541,3.158200263977051,0.10736492276191711,18529.840013279096,592948,47.695355176651745,19463143424.0,0.0003,exported_float_payload,False
te_f0l4_seed42,TE F0L4,4650,2.7758493423461914,3.159653663635254,0.09807297587394714,19336.795054320934,618770.5625,49.7724377238566,19505086464.0,0.0003,exported_float_payload,False
te_f0l4_seed42,TE F0L4,4660,2.8548903465270996,3.2901339530944824,0.08786641061306,19387.722607364656,620398.875,49.90352400031432,19547029504.0,0.0003,exported_float_payload,False
te_f0l4_seed42,TE F0L4,4670,2.783578634262085,3.1546878814697266,0.10871420800685883,19381.410839493197,620197.625,49.88727766412328,19588972544.0,0.0003,exported_float_payload,False
te_f0l4_seed42,TE F0L4,4680,2.800366163253784,3.2005722522735596,0.12054996937513351,19373.57394569245,619946.9375,49.86710569107654,19630915584.0,0.0003,exported_float_payload,False
te_f0l4_seed42,TE F0L4,4690,2.793006181716919,3.387321710586548,0.17263634502887726,19387.822429320277,620403.0625,49.90378093958764,19672858624.0,0.0003,exported_float_payload,False
te_f0l4_seed42,TE F0L4,4700,2.7693915367126465,3.25679612159729,0.12304753810167313,19342.42140992926,618949.625,49.78691982563928,19714801664.0,0.0003,exported_float_payload,False
te_f0l4_seed42,TE F0L4,4710,2.821697235107422,3.2578816413879395,0.13827049732208252,19380.89909847342,620181.375,49.885960455249425,19756744704.0,0.0003,exported_float_payload,False
te_f0l4_seed42,TE F0L4,4720,2.827911853790283,3.180412530899048,0.16665075719356537,19382.086800486406,620219.625,49.88901757119391,19798687744.0,0.0003,exported_float_payload,False
te_f0l4_seed42,TE F0L4,4730,2.827908992767334,3.6205646991729736,0.1361055076122284,19378.696203656433,620110.1875,49.880290257846866,19840630784.0,0.0003,exported_float_payload,False
te_f0l4_seed42,TE F0L4,4740,2.7802298069000244,3.2665867805480957,0.1093597337603569,19381.727247098446,620207.9375,49.88809208956366,19882573824.0,0.0003,exported_float_payload,False
te_f0l4_seed42,TE F0L4,4750,2.7863729000091553,3.231682062149048,0.12337977439165115,18849.464231391325,603175.875,48.51806009989974,19924516864.0,0.0003,exported_float_payload,False
te_f0l4_seed42,TE F0L4,4760,2.775142192840576,3.1527774333953857,0.1423780918121338,19395.670626454328,620654.3125,49.923982007137965,19966459904.0,0.0003,exported_float_payload,False
te_f0l4_seed42,TE F0L4,4770,2.845921516418457,3.35105037689209,0.12867951393127441,19363.186774687758,619614.875,49.840369366856024,20008402944.0,0.0003,exported_float_payload,False
te_f0l4_seed42,TE F0L4,4780,2.7868661880493164,3.1743907928466797,0.10358186811208725,19377.58125093151,620074.9375,49.87742039679129,20050345984.0,0.0003,exported_float_payload,False
te_f0l4_seed42,TE F0L4,4790,2.8286938667297363,3.425551414489746,0.12872354686260223,19388.245685895312,620415.4375,49.904870391664005,20092289024.0,0.0003,exported_float_payload,False
te_f0l4_seed42,TE F0L4,4800,2.779925584793091,3.141364574432373,0.1366509348154068,19345.462888657617,619046.625,49.79474851752801,20134232064.0,0.0003,exported_float_payload,False
te_f0l4_seed42,TE F0L4,4810,2.8044612407684326,3.1601390838623047,0.12745966017246246,19391.94019902031,620535.25,49.914379978124295,20176175104.0,0.0003,exported_float_payload,False
te_f0l4_seed42,TE F0L4,4820,2.805607318878174,3.177990674972534,0.09304685145616531,19391.89000766376,620532.8125,49.914250786799606,20218118144.0,0.0003,exported_float_payload,False
te_f0l4_seed42,TE F0L4,4830,2.7860820293426514,3.2500548362731934,0.10476332902908325,19385.082849428876,620314.125,49.896729327924426,20260061184.0,0.0003,exported_float_payload,False
te_f0l4_seed42,TE F0L4,4840,2.7969582080841064,3.1908011436462402,0.12283457815647125,19398.939953270838,620758.5,49.93239717443516,20302004224.0,0.0003,exported_float_payload,False
te_f0l4_seed42,TE F0L4,4850,2.781013011932373,3.5605087280273438,0.10949220508337021,19357.95084496874,619446.6875,49.82689221176727,20343947264.0,0.0003,exported_float_payload,False
te_f0l4_seed42,TE F0L4,4860,2.7824816703796387,3.384977340698242,0.14664092659950256,19401.498859825704,620840.875,49.938983737347236,20385890304.0,0.0003,exported_float_payload,False
te_f0l4_seed42,TE F0L4,4870,2.7868263721466064,3.144113063812256,0.10961965471506119,19394.331302231458,620611.5,49.920534619332095,20427833344.0,0.0003,exported_float_payload,False
te_f0l4_seed42,TE F0L4,4880,2.761353015899658,3.111863851547241,0.13921664655208588,19396.368648344942,620675.625,49.925778698419165,20469776384.0,0.0003,exported_float_payload,False
te_f0l4_seed42,TE F0L4,4890,2.7954888343811035,3.2188472747802734,0.10270030796527863,19401.36932522539,620836.375,49.93865031845289,20511719424.0,0.0003,exported_float_payload,False
te_f0l4_seed42,TE F0L4,4900,2.757500648498535,3.1175992488861084,0.10405801236629486,19346.028125720422,619065.1875,49.79620342390875,20553662464.0,0.0003,exported_float_payload,False
te_f0l4_seed42,TE F0L4,4910,2.792703151702881,3.1340484619140625,0.13301832973957062,19397.21056383055,620703.4375,49.92794576829597,20595605504.0,0.0003,exported_float_payload,False
te_f0l4_seed42,TE F0L4,4920,2.7852072715759277,3.201258659362793,0.1096990630030632,18592.29521947374,594946.4375,47.85611335049188,20637548544.0,0.0003,exported_float_payload,False
te_f0l4_seed42,TE F0L4,4930,2.730893611907959,3.3388004302978516,0.11680194735527039,19398.684594559923,620750.375,49.93173988735627,20679491584.0,0.0003,exported_float_payload,False
te_f0l4_seed42,TE F0L4,4940,2.7574462890625,3.223414421081543,0.11180774122476578,19405.785937978562,620978.125,49.95001857170221,20721434624.0,0.0003,exported_float_payload,False
te_f0l4_seed42,TE F0L4,4950,2.7993268966674805,3.238050699234009,0.12667806446552277,19345.81201449228,619059.5,49.79564715889099,20763377664.0,0.0003,exported_float_payload,False
te_f0l4_seed42,TE F0L4,4960,2.8189258575439453,3.471546173095703,0.1127324029803276,19404.133277436948,620924.4375,49.94576466387233,20805320704.0,0.0003,exported_float_payload,False
te_f0l4_seed42,TE F0L4,4970,2.768455743789673,3.280179262161255,0.11807005107402802,19402.736583867652,620880.5625,49.94216960877134,20847263744.0,0.0003,exported_float_payload,False
te_f0l4_seed42,TE F0L4,4980,2.729818344116211,3.1990246772766113,0.10512778162956238,19378.480449276572,620102.4375,49.879734911347875,20889206784.0,0.0003,exported_float_payload,False
te_f0l4_seed42,TE F0L4,4990,2.75822114944458,3.2160797119140625,0.10102330148220062,19407.129546100678,621021.25,49.95347698616,20931149824.0,0.0003,exported_float_payload,False
te_f0l4_seed42,TE F0L4,5000,2.759704351425171,3.1667423248291016,0.12354280054569244,19337.736251522016,618801.125,49.77486034244179,20973092864.0,0.0003,exported_float_payload,False
te_f0l4_seed42,TE F0L4,5010,2.759589195251465,3.1256489753723145,0.10428405553102493,17520.06598903801,560636.1875,45.09622152521053,21015035904.0,0.0003,exported_float_payload,False
te_f0l4_seed42,TE F0L4,5020,2.811788558959961,3.1710901260375977,0.13491389155387878,18549.031039252037,593562.5,47.7447524083239,21056978944.0,0.0003,exported_float_payload,False
te_f0l4_seed42,TE F0L4,5030,2.7838969230651855,3.1703147888183594,0.11966735869646072,18461.175058213586,590747.5,47.51861326103395,21098921984.0,0.0003,exported_float_payload,False
te_f0l4_seed42,TE F0L4,5040,2.7746567726135254,3.2084357738494873,0.10438045114278793,19398.26220531611,620733.75,49.93065266776927,21140865024.0,0.0003,exported_float_payload,False
te_f0l4_seed42,TE F0L4,5050,2.7897515296936035,3.334315776824951,0.14306245744228363,17647.337332308944,564706.625,45.42381485126012,21182808064.0,0.0003,exported_float_payload,False
te_f0l4_seed42,TE F0L4,5060,2.7893333435058594,3.293327808380127,0.12110839039087296,19400.924643267528,620820.0625,49.93750571796494,21224751104.0,0.0003,exported_float_payload,False
te_f0l4_seed42,TE F0L4,5070,2.7572884559631348,3.478950262069702,0.09840767830610275,19395.566159023743,620649.9375,49.92371311052566,21266694144.0,0.0003,exported_float_payload,False
te_f0l4_seed42,TE F0L4,5080,2.726696491241455,3.1550445556640625,0.0975748673081398,18046.669993958305,577486.125,46.451687359460664,21308637184.0,0.0003,exported_float_payload,False
te_f0l4_seed42,TE F0L4,5090,2.7306814193725586,3.175222873687744,0.6427018046379089,19384.068021714404,620281.875,49.89411718619788,21350580224.0,0.0003,exported_float_payload,False
te_f0l4_seed42,TE F0L4,5100,2.730272054672241,3.193049907684326,0.08806162327528,19346.372140311196,619074.875,49.797088909054935,21392523264.0,0.0003,exported_float_payload,False
te_f0l4_seed42,TE F0L4,5110,2.741600751876831,3.2409908771514893,0.1110149547457695,19394.24415597897,620606.5,49.92031030700874,21434466304.0,0.0003,exported_float_payload,False
te_f0l4_seed42,TE F0L4,5120,2.749845504760742,3.1539604663848877,0.10409898310899734,18026.253475714813,576833.5625,46.39913574064496,21476409344.0,0.0003,exported_float_payload,False
te_f0l4_seed42,TE F0L4,5130,2.751893997192383,3.0983569622039795,0.15283557772636414,19399.313466682746,620769.0625,49.933358588825755,21518352384.0,0.0003,exported_float_payload,False
te_f0l4_seed42,TE F0L4,5140,2.735470771789551,3.1935548782348633,0.11781328171491623,19397.073670493475,620697.6875,49.92759340819311,21560295424.0,0.0003,exported_float_payload,False
te_f0l4_seed42,TE F0L4,5150,2.7821712493896484,3.1195056438446045,0.16087380051612854,18624.909849680836,595989.375,47.94006261128247,21602238464.0,0.0003,exported_float_payload,False
te_f0l4_seed42,TE F0L4,5160,2.748080253601074,3.112180471420288,0.09890016913414001,19411.4308933433,621157.4375,49.96454854880317,21644181504.0,0.0003,exported_float_payload,False
te_f0l4_seed42,TE F0L4,5170,2.755322217941284,3.3567698001861572,0.10649719089269638,19388.78367391349,620434.0625,49.90625515967007,21686124544.0,0.0003,exported_float_payload,False
te_f0l4_seed42,TE F0L4,5180,2.7146830558776855,3.213101863861084,0.11072535067796707,19396.667905137074,620686.625,49.92654897808588,21728067584.0,0.0003,exported_float_payload,False
te_f0l4_seed42,TE F0L4,5190,2.754864454269409,3.358818769454956,0.1221529021859169,19405.76562577994,620977.375,49.94996628859955,21770010624.0,0.0003,exported_float_payload,False
te_f0l4_seed42,TE F0L4,5200,2.84078311920166,4.051630973815918,0.12465805560350418,19341.900707209457,618933.75,49.78557954956865,21811953664.0,0.0003,exported_float_payload,False
te_f0l4_seed42,TE F0L4,5210,2.735307216644287,3.1073105335235596,0.10514611750841141,18761.23493164259,600353.125,48.29096003937642,21853896704.0,0.0003,exported_float_payload,False
te_f0l4_seed42,TE F0L4,5220,2.7755966186523438,3.292698383331299,0.12623059749603271,19411.60274411651,621164.0625,49.96499088849201,21895839744.0,0.0003,exported_float_payload,False
te_f0l4_seed42,TE F0L4,5230,2.764760971069336,3.0795302391052246,0.12050342559814453,19406.87710704993,621012,49.95282721421501,21937782784.0,0.0003,exported_float_payload,False
te_f0l4_seed42,TE F0L4,5240,2.7575016021728516,3.1318769454956055,0.1141391322016716,18266.23584874172,584513.0625,47.01684450172716,21979725824.0,0.0003,exported_float_payload,False
te_f0l4_seed42,TE F0L4,5250,2.7333261966705322,3.0973103046417236,0.1271548867225647,19350.107915597964,619196.5,49.80670470331084,22021668864.0,0.0003,exported_float_payload,False
te_f0l4_seed42,TE F0L4,5260,2.730654716491699,3.0737154483795166,0.1049172431230545,19400.87406680807,620818.625,49.93737553539479,22063611904.0,0.0003,exported_float_payload,False
te_f0l4_seed42,TE F0L4,5270,2.745466709136963,3.1149938106536865,0.10605137050151825,18849.29764350072,603170.3125,48.51763130674206,22105554944.0,0.0003,exported_float_payload,False
te_f0l4_seed42,TE F0L4,5280,2.743673324584961,3.1635804176330566,0.1458522379398346,19389.575439543365,620459.125,49.908293145044276,22147497984.0,0.0003,exported_float_payload,False
te_f0l4_seed42,TE F0L4,5290,2.747565984725952,3.118798017501831,0.1231217309832573,19407.139638725297,621021.25,49.953502964329026,22189441024.0,0.0003,exported_float_payload,False
te_f0l4_seed42,TE F0L4,5300,2.692854881286621,3.159318447113037,0.09988447278738022,19337.377095863827,618788.625,49.77393588455825,22231384064.0,0.0003,exported_float_payload,False
te_f0l4_seed42,TE F0L4,5310,2.7845373153686523,3.635862112045288,0.11671138554811478,19401.62875482597,620841.5,49.93931808390225,22273327104.0,0.0003,exported_float_payload,False
te_f0l4_seed42,TE F0L4,5320,2.7550957202911377,3.1539206504821777,0.11793841421604156,19401.488893692043,620839.5625,49.938958084762845,22315270144.0,0.0003,exported_float_payload,False
te_f0l4_seed42,TE F0L4,5330,2.7602033615112305,3.366696834564209,0.13303615152835846,18521.775810103245,592690.875,47.67459811483075,22357213184.0,0.0003,exported_float_payload,False
te_f0l4_seed42,TE F0L4,5340,2.7781617641448975,3.535647392272949,0.11915707588195801,19398.912346563462,620755.9375,49.932326115445306,22399156224.0,0.0003,exported_float_payload,False
te_f0l4_seed42,TE F0L4,5350,2.734175682067871,3.10671329498291,0.12194813042879105,19341.061261176448,618906.4375,49.78341883600247,22441099264.0,0.0003,exported_float_payload,False
te_f0l4_seed42,TE F0L4,5360,2.7374727725982666,3.077054738998413,0.11309867352247238,19400.972062782308,620823.375,49.937627774636674,22483042304.0,0.0003,exported_float_payload,False
te_f0l4_seed42,TE F0L4,5370,2.754387617111206,3.2299532890319824,0.14091713726520538,18530.91931150201,592982.875,47.698133263890846,22524985344.0,0.0003,exported_float_payload,False
te_f0l4_seed42,TE F0L4,5380,2.7571067810058594,3.1639699935913086,0.1278047412633896,18688.30837553566,598018.9375,48.10324886686562,22566928384.0,0.0003,exported_float_payload,False
te_f0l4_seed42,TE F0L4,5390,2.7596614360809326,3.338772773742676,0.10695670545101166,18509.01042395339,592281.1875,47.64174032296918,22608871424.0,0.0003,exported_float_payload,False
te_f0l4_seed42,TE F0L4,5400,2.729058265686035,3.15087890625,0.11264529824256897,19337.730050210135,618799.75,49.77484438041662,22650814464.0,0.0003,exported_float_payload,False
te_f0l4_seed42,TE F0L4,5410,2.73297119140625,3.1462209224700928,0.11223147064447403,19388.03385791822,620409.4375,49.90432515162974,22692757504.0,0.0003,exported_float_payload,False
te_f0l4_seed42,TE F0L4,5420,2.757556915283203,3.175966501235962,0.11399910598993301,19385.752446979543,620336.875,49.89845285564952,22734700544.0,0.0003,exported_float_payload,False
te_f0l4_seed42,TE F0L4,5430,2.716247320175171,3.1149539947509766,0.11157238483428955,19388.563838398954,620427.25,49.90568930843018,22776643584.0,0.0003,exported_float_payload,False
te_f0l4_seed42,TE F0L4,5440,2.761748790740967,3.1181704998016357,0.14833268523216248,19384.557451821183,620298.5,49.895376967327145,22818586624.0,0.0003,exported_float_payload,False
te_f0l4_seed42,TE F0L4,5450,2.7042956352233887,3.1158664226531982,0.11465063691139221,19347.159698173436,619101.75,49.799116063738126,22860529664.0,0.0003,exported_float_payload,False
te_f0l4_seed42,TE F0L4,5460,2.73551082611084,3.1351561546325684,0.09884721040725708,19394.53725614988,620618.125,49.921064739682954,22902472704.0,0.0003,exported_float_payload,False
te_f0l4_seed42,TE F0L4,5470,2.6628336906433105,3.1390209197998047,0.1220075786113739,19391.871259317282,620532.375,49.91420252901413,22944415744.0,0.0003,exported_float_payload,False
te_f0l4_seed42,TE F0L4,5480,2.7414629459381104,3.190950870513916,0.10404939949512482,18556.67964449385,593807.0625,47.76443973122323,22986358784.0,0.0003,exported_float_payload,False
te_f0l4_seed42,TE F0L4,5490,2.7282590866088867,3.164614200592041,0.12543228268623352,19406.379928913077,620996.75,49.95154748984576,23028301824.0,0.0003,exported_float_payload,False
te_f0l4_seed42,TE F0L4,5500,2.7202887535095215,3.3283793926239014,0.08975709974765778,19325.893274549482,618420.0625,49.74437680925159,23070244864.0,0.0003,exported_float_payload,False
te_f0l4_seed42,TE F0L4,5510,2.7501893043518066,3.1739649772644043,0.17382735013961792,19394.338265519957,620610.1875,49.92055254266646,23112187904.0,0.0003,exported_float_payload,False
te_f0l4_seed42,TE F0L4,5520,2.737510919570923,3.420644521713257,0.10377752780914307,19383.23687959876,620255.4375,49.89197784671198,23154130944.0,0.0003,exported_float_payload,False
te_f0l4_seed42,TE F0L4,5530,2.732327699661255,3.1655240058898926,0.0926903784275055,18394.3843676722,588612.5,47.34669565647922,23196073984.0,0.0003,exported_float_payload,False
te_f0l4_seed42,TE F0L4,5540,2.7202367782592773,3.122812509536743,0.11360344290733337,19389.460614099895,620455.125,49.90799758716003,23238017024.0,0.0003,exported_float_payload,False
te_f0l4_seed42,TE F0L4,5550,2.6995255947113037,3.065147876739502,0.10877737402915955,18536.58770003283,593163.875,47.71272355738841,23279960064.0,0.0003,exported_float_payload,False
te_f0l4_seed42,TE F0L4,5560,2.7028493881225586,3.052288770675659,0.09182590991258621,19373.227944572773,619935.4375,49.866215092653526,23321903104.0,0.0003,exported_float_payload,False
te_f0l4_seed42,TE F0L4,5570,2.66605544090271,3.0852208137512207,0.11923369765281677,19373.740300409918,619952.375,49.867533884052264,23363846144.0,0.0003,exported_float_payload,False
te_f0l4_seed42,TE F0L4,5580,2.7209062576293945,3.1238491535186768,0.094811350107193,19380.921751888887,620181.0625,49.88601876458701,23405789184.0,0.0003,exported_float_payload,False
te_f0l4_seed42,TE F0L4,5590,2.718247890472412,3.043182373046875,0.1054266169667244,18804.723507775838,601742.4375,48.40289857113469,23447732224.0,0.0003,exported_float_payload,False
te_f0l4_seed42,TE F0L4,5600,2.7586257457733154,3.157593250274658,0.11952681094408035,19320.91771211652,618262.875,49.73156983319169,23489675264.0,0.0003,exported_float_payload,False
te_f0l4_seed42,TE F0L4,5610,2.723062753677368,3.284358501434326,0.10336381942033768,19370.465740318148,619847.875,49.85910524643249,23531618304.0,0.0003,exported_float_payload,False
te_f0l4_seed42,TE F0L4,5620,2.751251459121704,3.2096662521362305,0.11690463125705719,19376.34878953417,620034.375,49.874248071285756,23573561344.0,0.0003,exported_float_payload,False
te_f0l4_seed42,TE F0L4,5630,2.721224308013916,3.1806278228759766,0.12487999349832535,19381.59070353743,620201.9375,49.88774062977582,23615504384.0,0.0003,exported_float_payload,False
te_f0l4_seed42,TE F0L4,5640,2.7030277252197266,3.2040438652038574,0.11301907896995544,19385.70102301457,620335.1875,49.8983204916209,23657447424.0,0.0003,exported_float_payload,False
te_f0l4_seed42,TE F0L4,5650,2.7169742584228516,3.260690450668335,0.08664890378713608,19335.0439853098,618713.875,49.76793051503207,23699390464.0,0.0003,exported_float_payload,False
te_f0l4_seed42,TE F0L4,5660,2.7047460079193115,3.0657873153686523,0.1114903911948204,19385.845693065083,620340.125,49.89869286879402,23741333504.0,0.0003,exported_float_payload,False
te_f0l4_seed42,TE F0L4,5670,2.72456955909729,3.160771608352661,0.12409530580043793,19390.109763436205,620476.6875,49.909668481681294,23783276544.0,0.0003,exported_float_payload,False
te_f0l4_seed42,TE F0L4,5680,2.682070732116699,3.1528615951538086,0.12020314484834671,19368.587859435003,619787.5,49.85427162694971,23825219584.0,0.0003,exported_float_payload,False
te_f0l4_seed42,TE F0L4,5690,2.69179105758667,3.238959312438965,0.1137099340558052,19397.970872116777,620727.9375,49.9299027832367,23867162624.0,0.0003,exported_float_payload,False
te_f0l4_seed42,TE F0L4,5700,2.7254788875579834,3.0539627075195312,0.1074022576212883,19330.660496226457,618572.6875,49.75664752129909,23909105664.0,0.0003,exported_float_payload,False
te_f0l4_seed42,TE F0L4,5710,2.756924867630005,3.614022970199585,0.13629919290542603,18560.04532841802,593914.75,47.77310291935979,23951048704.0,0.0003,exported_float_payload,False
te_f0l4_seed42,TE F0L4,5720,2.6925151348114014,3.064626932144165,0.15923725068569183,19387.786071210154,620401.75,49.90368735470107,23992991744.0,0.0003,exported_float_payload,False
te_f0l4_seed42,TE F0L4,5730,2.69781756401062,3.119772434234619,0.09927874058485031,19375.332954732425,620002.8125,49.87163333734119,24034934784.0,0.0003,exported_float_payload,False
te_f0l4_seed42,TE F0L4,5740,2.7598557472229004,3.1822562217712402,0.09600480645895004,19382.430999980075,620230.9375,49.889903532275625,24076877824.0,0.0003,exported_float_payload,False
te_f0l4_seed42,TE F0L4,5750,2.7293953895568848,3.0926120281219482,0.11045035719871521,19328.999715628506,618520.8125,49.75237271264273,24118820864.0,0.0003,exported_float_payload,False
te_f0l4_seed42,TE F0L4,5760,2.719130754470825,3.120011329650879,0.1109650656580925,19375.65188129242,620013.375,49.87245424650949,24160763904.0,0.0003,exported_float_payload,False
te_f0l4_seed42,TE F0L4,5770,2.7081167697906494,3.0558080673217773,0.1419050395488739,19379.790444005597,620146.1875,49.883106805753634,24202706944.0,0.0003,exported_float_payload,False
te_f0l4_seed42,TE F0L4,5780,2.704299211502075,3.0590105056762695,0.10162655264139175,19381.566375821058,620203.5,49.887678010828644,24244649984.0,0.0003,exported_float_payload,False
te_f0l4_seed42,TE F0L4,5790,2.717196464538574,3.0355026721954346,0.0895981416106224,19385.00243980422,620312.875,49.89652235551641,24286593024.0,0.0003,exported_float_payload,False
te_f0l4_seed42,TE F0L4,5800,2.739119052886963,3.126884698867798,0.125496968626976,19334.41088524543,618693.625,49.76630093094441,24328536064.0,0.0003,exported_float_payload,False
te_f0l4_seed42,TE F0L4,5810,2.716719627380371,3.1135568618774414,0.10410720854997635,19380.0010604418,620152.8125,49.88364892731126,24370479104.0,0.0003,exported_float_payload,False
te_f0l4_seed42,TE F0L4,5820,2.708324909210205,3.053915023803711,0.09710399061441422,19387.68830214273,620398.5625,49.90343569951178,24412422144.0,0.0003,exported_float_payload,False
te_f0l4_seed42,TE F0L4,5830,2.7056798934936523,3.2469613552093506,0.11576997488737106,18532.626475265613,593037.25,47.70252746168162,24454365184.0,0.0003,exported_float_payload,False
te_f0l4_seed42,TE F0L4,5840,2.689220428466797,3.148104190826416,0.13039259612560272,19375.514002900665,620009.875,49.872099350899965,24496308224.0,0.0003,exported_float_payload,False
te_f0l4_seed42,TE F0L4,5850,2.653632164001465,3.014911651611328,0.09296497702598572,19324.79526080903,618385.9375,49.74155054872791,24538251264.0,0.0003,exported_float_payload,False
te_f0l4_seed42,TE F0L4,5860,2.6886579990386963,3.055262565612793,0.09727506339550018,19363.777047234365,619633.1875,49.84188871396001,24580194304.0,0.0003,exported_float_payload,False
te_f0l4_seed42,TE F0L4,5870,2.6999263763427734,3.094890594482422,0.12675254046916962,19378.363516820344,620099.6875,49.87943393006431,24622137344.0,0.0003,exported_float_payload,False
te_f0l4_seed42,TE F0L4,5880,2.7096285820007324,3.137693166732788,0.11316613107919693,19377.925842183966,620086.25,49.87830736625054,24664080384.0,0.0003,exported_float_payload,False
te_f0l4_seed42,TE F0L4,5890,2.7044618129730225,3.0740537643432617,0.11940985918045044,19384.149068084294,620285.125,49.894325797572556,24706023424.0,0.0003,exported_float_payload,False
te_f0l4_seed42,TE F0L4,5900,2.715559482574463,3.779231071472168,0.11393222212791443,19303.68511019605,617710.5625,49.68721353715105,24747966464.0,0.0003,exported_float_payload,False
te_f0l4_seed42,TE F0L4,5910,2.6786112785339355,3.169304370880127,0.1166844293475151,19381.62482676911,620204.5,49.88782846213993,24789909504.0,0.0003,exported_float_payload,False
te_f0l4_seed42,TE F0L4,5920,2.7077722549438477,3.074429988861084,0.11452214419841766,19380.96127765913,620182.9375,49.88612050295329,24831852544.0,0.0003,exported_float_payload,False
te_f0l4_seed42,TE F0L4,5930,2.7217326164245605,3.116142988204956,0.11669261753559113,19390.735794651828,620495.125,49.911279870725096,24873795584.0,0.0003,exported_float_payload,False
te_f0l4_seed42,TE F0L4,5940,2.7377943992614746,3.1523377895355225,0.131021648645401,19390.140849810858,620476.4375,49.90974849724965,24915738624.0,0.0003,exported_float_payload,False
te_f0l4_seed42,TE F0L4,5950,2.6983530521392822,3.186182975769043,0.11627796292304993,19333.373223653572,618660.8125,49.763630015375725,24957681664.0,0.0003,exported_float_payload,False
te_f0l4_seed42,TE F0L4,5960,2.6910693645477295,3.054267406463623,0.10950104147195816,19389.261799219104,620448.25,49.9074858425175,24999624704.0,0.0003,exported_float_payload,False
te_f0l4_seed42,TE F0L4,5970,2.6983866691589355,3.2093019485473633,0.10124465078115463,19395.968730189874,620663.875,49.924749318865224,25041567744.0,0.0003,exported_float_payload,False
te_f0l4_seed42,TE F0L4,5980,2.7231028079986572,3.225743293762207,0.12813246250152588,18552.16917321285,593662.1875,47.75282988841793,25083510784.0,0.0003,exported_float_payload,False
te_f0l4_seed42,TE F0L4,5990,2.7427735328674316,3.0904111862182617,0.09900970757007599,19390.401303229948,620484.8125,49.91041889798283,25125453824.0,0.0003,exported_float_payload,False
te_f0l4_seed42,TE F0L4,6000,2.713266372680664,3.098545789718628,0.1193680390715599,18532.20440928459,593024,47.70144107416513,25167396864.0,0.0003,exported_float_payload,False
te_f0l4_seed42,TE F0L4,6010,2.719412326812744,3.1044235229492188,0.09129414707422256,17528.53508622066,560907,45.118020774306196,25209339904.0,0.0003,exported_float_payload,False
te_f0l4_seed42,TE F0L4,6020,2.7080488204956055,3.5366227626800537,0.13633403182029724,19388.607807934375,620427.125,49.90580248493939,25251282944.0,0.0003,exported_float_payload,False
te_f0l4_seed42,TE F0L4,6030,2.692697763442993,3.1243200302124023,0.12585121393203735,19392.61890709253,620552,49.916126956109125,25293225984.0,0.0003,exported_float_payload,False
te_f0l4_seed42,TE F0L4,6040,2.7026891708374023,3.087620258331299,0.10814573615789413,19393.588444231787,620584.1875,49.91862252100234,25335169024.0,0.0003,exported_float_payload,False
te_f0l4_seed42,TE F0L4,6050,2.7060513496398926,3.0811142921447754,0.09413650631904602,19338.46939822227,618822.625,49.776747444124275,25377112064.0,0.0003,exported_float_payload,False
te_f0l4_seed42,TE F0L4,6060,2.7065937519073486,3.121032238006592,0.08804372698068619,19405.51539435898,620967.25,49.94932219903965,25419055104.0,0.0003,exported_float_payload,False
te_f0l4_seed42,TE F0L4,6070,2.703190803527832,3.060276985168457,0.12188298255205154,19394.928227675897,620629,49.922071090832446,25460998144.0,0.0003,exported_float_payload,False
te_f0l4_seed42,TE F0L4,6080,2.6886725425720215,3.097127914428711,0.09515992552042007,19388.986019080832,620439.25,49.90677599118386,25502941184.0,0.0003,exported_float_payload,False
te_f0l4_seed42,TE F0L4,6090,2.7282118797302246,3.09749436378479,0.1188998743891716,18053.302434568224,577698.625,46.46875909944069,25544884224.0,0.0003,exported_float_payload,False
te_f0l4_seed42,TE F0L4,6100,2.682711362838745,3.0337514877319336,0.10830117762088776,19321.288440010485,618273.3125,49.732524077727206,25586827264.0,0.0003,exported_float_payload,False
te_f0l4_seed42,TE F0L4,6110,2.737412691116333,3.1680209636688232,0.09345793724060059,19400.062852529463,620794.25,49.93528748967422,25628770304.0,0.0003,exported_float_payload,False
te_f0l4_seed42,TE F0L4,6120,2.7208714485168457,3.7912487983703613,0.116751529276371,19401.91044799633,620853.9375,49.94004315523593,25670713344.0,0.0003,exported_float_payload,False
te_f0l4_seed42,TE F0L4,6130,2.710063934326172,3.1226372718811035,0.1452713906764984,19393.82749990207,620594.3125,49.91923784445321,25712656384.0,0.0003,exported_float_payload,False
te_f0l4_seed42,TE F0L4,6140,2.7096898555755615,3.2292022705078125,0.10475903749465942,19392.00208327601,620536.25,49.914539266685516,25754599424.0,0.0003,exported_float_payload,False
te_f0l4_seed42,TE F0L4,6150,2.7038984298706055,3.1737942695617676,0.11277676373720169,18450.134511806755,590397.375,47.49019516450205,25796542464.0,0.0003,exported_float_payload,False
te_f0l4_seed42,TE F0L4,6160,2.709725856781006,3.0663414001464844,0.11297103762626648,19401.509647343788,620840.625,49.93901150415505,25838485504.0,0.0003,exported_float_payload,False
te_f0l4_seed42,TE F0L4,6170,2.6846415996551514,3.10554838180542,0.10355910658836365,18455.42512121843,590566.625,47.50381306378288,25880428544.0,0.0003,exported_float_payload,False
te_f0l4_seed42,TE F0L4,6180,2.697924852371216,3.0848498344421387,0.12095105648040771,19401.174261520882,620828.125,49.93814822924641,25922371584.0,0.0003,exported_float_payload,False
te_f0l4_seed42,TE F0L4,6190,2.6738667488098145,3.0863194465637207,0.08033991605043411,19395.062417359444,620634.375,49.92241649179723,25964314624.0,0.0003,exported_float_payload,False
te_f0l4_seed42,TE F0L4,6200,2.7145848274230957,3.070516586303711,0.12060103565454483,19349.00327148879,619160.9375,49.80386137638016,26006257664.0,0.0003,exported_float_payload,False
te_f0l4_seed42,TE F0L4,6210,2.7184529304504395,3.177666425704956,0.10423561185598373,19390.63142472237,620492.6875,49.911011225078305,26048200704.0,0.0003,exported_float_payload,False
te_f0l4_seed42,TE F0L4,6220,2.6979150772094727,3.1240572929382324,0.11156538873910904,19406.308971869505,620994.375,49.951364848150355,26090143744.0,0.0003,exported_float_payload,False
te_f0l4_seed42,TE F0L4,6230,2.713228225708008,3.144418716430664,0.10314838588237762,19397.285102009726,620704.9375,49.92813762774686,26132086784.0,0.0003,exported_float_payload,False
te_f0l4_seed42,TE F0L4,6240,2.737706184387207,3.2042770385742188,0.11207209527492523,19405.257530144816,620960.875,49.94865846285666,26174029824.0,0.0003,exported_float_payload,False
te_f0l4_seed42,TE F0L4,6250,2.702867031097412,3.106680393218994,0.10050157457590103,19334.17707702285,618686.125,49.765699114295636,26215972864.0,0.0003,exported_float_payload,False
te_f0l4_seed42,TE F0L4,6260,2.7055370807647705,3.0662550926208496,0.09370835870504379,18579.781256690392,594546.1875,47.82390271622891,26257915904.0,0.0003,exported_float_payload,False
te_f0l4_seed42,TE F0L4,6270,2.7042155265808105,3.106580972671509,0.1199316531419754,19390.637762332954,620492.8125,49.91102753793301,26299858944.0,0.0003,exported_float_payload,False
te_f0l4_seed42,TE F0L4,6280,2.7020933628082275,3.0539205074310303,0.10794148594141006,19388.529618077097,620425.75,49.905601226158346,26341801984.0,0.0003,exported_float_payload,False
te_f0l4_seed42,TE F0L4,6290,2.7114696502685547,3.1465940475463867,0.11028382182121277,19403.65881752923,620909.875,49.94454341566947,26383745024.0,0.0003,exported_float_payload,False
te_f0l4_seed42,TE F0L4,6300,2.744406223297119,3.5337789058685303,0.1317039281129837,19328.21983682117,618495,49.75036532365912,26425688064.0,0.0003,exported_float_payload,False
te_f0l4_seed42,TE F0L4,6310,2.7060976028442383,3.1096792221069336,0.09787606447935104,19404.238344157813,620928.5,49.94603510304317,26467631104.0,0.0003,exported_float_payload,False
te_f0l4_seed42,TE F0L4,6320,2.708340883255005,3.1615259647369385,0.08908304572105408,19387.201525075216,620382.625,49.902182747240715,26509574144.0,0.0003,exported_float_payload,False
te_f0l4_seed42,TE F0L4,6330,2.698397636413574,3.117004871368408,0.09783226251602173,19378.551669378667,620106.5625,49.87991823014948,26551517184.0,0.0003,exported_float_payload,False
te_f0l4_seed42,TE F0L4,6340,2.7442855834960938,3.259599208831787,0.08774663507938385,19384.316785348914,620290.25,49.89475749771134,26593460224.0,0.0003,exported_float_payload,False
te_f0l4_seed42,TE F0L4,6350,2.6882526874542236,3.121634006500244,0.10875798016786575,19334.907905606262,618709.25,49.76758024920204,26635403264.0,0.0003,exported_float_payload,False
te_f0l4_seed42,TE F0L4,6360,2.668135643005371,3.155679702758789,0.10739968717098236,19065.07464815278,610076.1875,49.07303604140026,26677346304.0,0.0003,exported_float_payload,False
te_f0l4_seed42,TE F0L4,6370,2.7083024978637695,3.1077375411987305,0.10965852439403534,19390.3736954403,620484.625,49.91034783620722,26719289344.0,0.0003,exported_float_payload,False
te_f0l4_seed42,TE F0L4,6380,2.6800270080566406,3.1525723934173584,0.13249658048152924,19389.289250780203,620449.9375,49.90755650216464,26761232384.0,0.0003,exported_float_payload,False
te_f0l4_seed42,TE F0L4,6390,2.676065444946289,3.176514148712158,0.10745355486869812,19397.11821598897,620700.875,49.92770806720946,26803175424.0,0.0003,exported_float_payload,False
te_f0l4_seed42,TE F0L4,6400,2.656838893890381,3.0780386924743652,0.10603848844766617,19322.68922624258,618318.5,49.736129667242196,26845118464.0,0.0003,exported_float_payload,False
te_f0l4_seed42,TE F0L4,6410,2.7100181579589844,3.091444492340088,0.09920869767665863,19396.91839685517,620694.0625,49.92719373764424,26887061504.0,0.0003,exported_float_payload,False
te_f0l4_seed42,TE F0L4,6420,2.7039976119995117,3.1254091262817383,0.086431585252285,19391.92077884307,620534.25,49.91432999106286,26929004544.0,0.0003,exported_float_payload,False
te_f0l4_seed42,TE F0L4,6430,2.7026147842407227,3.1018245220184326,0.0890888050198555,19388.732304115358,620431.75,49.90612293506556,26970947584.0,0.0003,exported_float_payload,False
te_f0l4_seed42,TE F0L4,6440,2.7231833934783936,3.4766509532928467,0.13784120976924896,18360.94908154814,587543.5625,47.26063404742177,27012890624.0,0.0003,exported_float_payload,False
te_f0l4_seed42,TE F0L4,6450,2.7094056606292725,3.1212172508239746,0.10917583853006363,19318.239263324347,618176.3125,49.72467557148336,27054833664.0,0.0003,exported_float_payload,False
te_f0l4_seed42,TE F0L4,6460,2.7140402793884277,3.195866823196411,0.1088758260011673,18481.59998481783,591404.625,47.57118652276466,27096776704.0,0.0003,exported_float_payload,False
te_f0l4_seed42,TE F0L4,6470,2.6981353759765625,3.0574183464050293,0.10856029391288757,19389.0190165484,620441.0625,49.90686092585866,27138719744.0,0.0003,exported_float_payload,False
te_f0l4_seed42,TE F0L4,6480,2.658499002456665,3.0712907314300537,0.11619029939174652,19391.556098164958,620522.125,49.91339131191312,27180662784.0,0.0003,exported_float_payload,False
te_f0l4_seed42,TE F0L4,6490,2.7140138149261475,3.0890564918518066,0.1409313976764679,19395.033187786412,620633.9375,49.92234125559085,27222605824.0,0.0003,exported_float_payload,False
te_f0l4_seed42,TE F0L4,6500,2.6869351863861084,3.061506748199463,0.09859659522771835,19325.617405681987,618411.5625,49.7436667295311,27264548864.0,0.0003,exported_float_payload,False
te_f0l4_seed42,TE F0L4,6510,2.709033489227295,3.024092435836792,0.10967891663312912,19222.14907761748,615101.375,49.47734178268674,27306491904.0,0.0003,exported_float_payload,False
te_f0l4_seed42,TE F0L4,6520,2.689868450164795,3.0864081382751465,0.10188121348619461,19383.645361321564,620269.375,49.89302926867991,27348434944.0,0.0003,exported_float_payload,False
te_f0l4_seed42,TE F0L4,6530,2.6933066844940186,3.1624178886413574,0.09152048081159592,19396.068192004106,620666.4375,49.92500533114341,27390377984.0,0.0003,exported_float_payload,False
te_f0l4_seed42,TE F0L4,6540,2.6929898262023926,3.1705706119537354,0.09342017769813538,19388.84159624697,620435.8125,49.90640425034035,27432321024.0,0.0003,exported_float_payload,False
te_f0l4_seed42,TE F0L4,6550,2.696368932723999,3.0729527473449707,0.15274643898010254,19325.476512149427,618407.5625,49.743304073022856,27474264064.0,0.0003,exported_float_payload,False
te_f0l4_seed42,TE F0L4,6560,2.7301158905029297,3.2239913940429688,0.0972493588924408,19395.50148871347,620648.625,49.92354665072808,27516207104.0,0.0003,exported_float_payload,False
te_f0l4_seed42,TE F0L4,6570,2.72019624710083,3.0564608573913574,0.10248146206140518,19396.935317031297,620693.9375,49.92723728976392,27558150144.0,0.0003,exported_float_payload,False
te_f0l4_seed42,TE F0L4,6580,2.784726619720459,3.488114595413208,0.09608865529298782,19405.035353543877,620952.6875,49.94808658571762,27600093184.0,0.0003,exported_float_payload,False
te_f0l4_seed42,TE F0L4,6590,2.692631959915161,3.269430637359619,0.10235369950532913,19398.02479743161,620729.25,49.93004158567872,27642036224.0,0.0003,exported_float_payload,False
te_f0l4_seed42,TE F0L4,6600,2.676501750946045,3.0800907611846924,0.11313579231500626,19318.315741729853,618177,49.72487242502939,27683979264.0,0.0003,exported_float_payload,False
te_f0l4_seed42,TE F0L4,6610,2.6983633041381836,3.273925542831421,0.10662370175123215,19382.729843133093,620239.875,49.890672747245375,27725922304.0,0.0003,exported_float_payload,False
te_f0l4_seed42,TE F0L4,6620,2.7127509117126465,3.1364426612854004,0.11426060646772385,18628.987705652205,596120.6875,47.95055891285735,27767865344.0,0.0003,exported_float_payload,False
te_f0l4_seed42,TE F0L4,6630,2.676194906234741,3.023256778717041,0.11390925198793411,19377.614650617146,620076.25,49.87750636676555,27809808384.0,0.0003,exported_float_payload,False
te_f0l4_seed42,TE F0L4,6640,2.6647934913635254,3.042541742324829,0.08976199477910995,19399.768393462797,620785.9375,49.93452955923556,27851751424.0,0.0003,exported_float_payload,False
te_f0l4_seed42,TE F0L4,6650,2.6971514225006104,3.0428600311279297,0.10349182784557343,19331.5572017461,618603.25,49.758955619384,27893694464.0,0.0003,exported_float_payload,False
te_f0l4_seed42,TE F0L4,6660,2.680978775024414,3.126863718032837,0.11204719543457031,19384.070048632962,620282.5625,49.8941224034367,27935637504.0,0.0003,exported_float_payload,False
te_f0l4_seed42,TE F0L4,6670,2.653972864151001,2.9821910858154297,0.1006440594792366,19380.9454358381,620182.125,49.88607972649326,27977580544.0,0.0003,exported_float_payload,False
te_f0l4_seed42,TE F0L4,6680,2.682976245880127,3.029503345489502,0.10350261628627777,19391.289266330656,620511.6875,49.912704493295124,28019523584.0,0.0003,exported_float_payload,False
te_f0l4_seed42,TE F0L4,6690,2.6942708492279053,3.0854501724243164,0.09501365572214127,19392.711186978828,620559.4375,49.91636448228041,28061466624.0,0.0003,exported_float_payload,False
te_f0l4_seed42,TE F0L4,6700,2.679117441177368,3.0857598781585693,0.13429418206214905,18308.611167434763,585865.8125,47.125917536051254,28103409664.0,0.0003,exported_float_payload,False
te_f0l4_seed42,TE F0L4,6710,2.6531002521514893,3.309101104736328,0.14657709002494812,18944.317563743214,606211.375,48.76221025839923,28145352704.0,0.0003,exported_float_payload,False
te_f0l4_seed42,TE F0L4,6720,2.6742916107177734,3.104696750640869,0.08035031706094742,19384.975186216434,620311.375,49.89645220544775,28187295744.0,0.0003,exported_float_payload,False
te_f0l4_seed42,TE F0L4,6730,2.734579563140869,3.2948105335235596,0.12957176566123962,19382.2343651096,620223.8125,49.889397398926356,28229238784.0,0.0003,exported_float_payload,False
te_f0l4_seed42,TE F0L4,6740,2.7268662452697754,3.20589017868042,0.09488624334335327,18530.918654906636,592982.9375,47.69813157383041,28271181824.0,0.0003,exported_float_payload,False
te_f0l4_seed42,TE F0L4,6750,2.7184367179870605,3.060662031173706,0.10171204805374146,19310.983914702392,617943.8125,49.706000481509214,28313124864.0,0.0003,exported_float_payload,False
te_f0l4_seed42,TE F0L4,6760,2.6935970783233643,3.0505480766296387,0.12698577344417572,19374.0367659969,619962.4375,49.868296979225164,28355067904.0,0.0003,exported_float_payload,False
te_f0l4_seed42,TE F0L4,6770,2.6911749839782715,3.1193313598632812,0.13035769760608673,19387.64133266979,620396.5,49.903314801236746,28397010944.0,0.0003,exported_float_payload,False
te_f0l4_seed42,TE F0L4,6780,2.6794989109039307,3.055281162261963,0.08965098112821579,19388.169009374004,620414.0625,49.904673028172745,28438953984.0,0.0003,exported_float_payload,False
te_f0l4_seed42,TE F0L4,6790,2.6949856281280518,3.3899483680725098,0.10118742287158966,18316.81080633697,586131.5,47.14702320612077,28480897024.0,0.0003,exported_float_payload,False
te_f0l4_seed42,TE F0L4,6800,2.694136619567871,3.203350782394409,0.11448897421360016,19314.442285444245,618055.3125,49.71490224324849,28522840064.0,0.0003,exported_float_payload,False
te_f0l4_seed42,TE F0L4,6810,2.6884844303131104,3.0389342308044434,0.11986257880926132,18642.569320592258,596555.5,47.985517657669725,28564783104.0,0.0003,exported_float_payload,False
te_f0l4_seed42,TE F0L4,6820,2.6813361644744873,3.091918468475342,0.11437724530696869,19388.6822225838,620430.125,49.90599402642773,28606726144.0,0.0003,exported_float_payload,False
te_f0l4_seed42,TE F0L4,6830,2.681023597717285,3.1056928634643555,0.08578218519687653,18553.892071906746,593718.25,47.75726458753459,28648669184.0,0.0003,exported_float_payload,False
te_f0l4_seed42,TE F0L4,6840,2.6625568866729736,3.065310001373291,0.09465096890926361,19391.403604183302,620519.0625,49.912998796132506,28690612224.0,0.0003,exported_float_payload,False
te_f0l4_seed42,TE F0L4,6850,2.6935603618621826,3.0972392559051514,0.1399127095937729,19324.065445640204,618363.9375,49.73967202232588,28732555264.0,0.0003,exported_float_payload,False
te_f0l4_seed42,TE F0L4,6860,2.6492667198181152,3.0052452087402344,0.0962710976600647,19398.4898810917,620742.75,49.93123869964942,28774498304.0,0.0003,exported_float_payload,False
te_f0l4_seed42,TE F0L4,6870,2.732363700866699,3.0959699153900146,0.10567738115787506,19378.863785481426,620114.75,49.88072160936736,28816441344.0,0.0003,exported_float_payload,False
te_f0l4_seed42,TE F0L4,6880,2.690633535385132,3.126081943511963,0.09662967175245285,18479.89131470765,591349.5625,47.566788447674625,28858384384.0,0.0003,exported_float_payload,False
te_f0l4_seed42,TE F0L4,6890,2.6555728912353516,3.090867757797241,0.10302373021841049,19384.200805799188,620287.1875,49.894458969185806,28900327424.0,0.0003,exported_float_payload,False
te_f0l4_seed42,TE F0L4,6900,2.7199947834014893,3.2926268577575684,0.106377512216568,19329.314718511592,618531.125,49.753183522362605,28942270464.0,0.0003,exported_float_payload,False
te_f0l4_seed42,TE F0L4,6910,2.688720226287842,3.049687147140503,0.08996840566396713,19395.090845968774,620635.875,49.92248966634262,28984213504.0,0.0003,exported_float_payload,False
te_f0l4_seed42,TE F0L4,6920,2.677493095397949,3.034261703491211,0.10553347319364548,18550.62538505278,593612.625,47.74885621543644,29026156544.0,0.0003,exported_float_payload,False
te_f0l4_seed42,TE F0L4,6930,2.632882833480835,3.113279342651367,0.1091616302728653,18647.59488690028,596716,47.99845334248152,29068099584.0,0.0003,exported_float_payload,False
te_f0l4_seed42,TE F0L4,6940,2.6153886318206787,2.9917335510253906,0.11493100225925446,19370.522300733075,619849.4375,49.85925083155772,29110042624.0,0.0003,exported_float_payload,False
te_f0l4_seed42,TE F0L4,6950,2.6986429691314697,3.388424873352051,0.12361586093902588,19335.080076543043,618715.3125,49.76802341298408,29151985664.0,0.0003,exported_float_payload,False
te_f0l4_seed42,TE F0L4,6960,2.681298017501831,3.2610397338867188,0.10124481469392776,19398.414706655894,620741.625,49.93104520248952,29193928704.0,0.0003,exported_float_payload,False
te_f0l4_seed42,TE F0L4,6970,2.6690361499786377,3.1941847801208496,0.11186273396015167,19416.272654059314,621312.25,49.97701112251483,29235871744.0,0.0003,exported_float_payload,False
te_f0l4_seed42,TE F0L4,6980,2.680800199508667,3.123870372772217,0.10913622379302979,19386.22928466949,620351.625,49.89968022420572,29277814784.0,0.0003,exported_float_payload,False
te_f0l4_seed42,TE F0L4,6990,2.691772699356079,3.159064292907715,0.09631243348121643,19390.527654084945,620488.375,49.91074412199456,29319757824.0,0.0003,exported_float_payload,False
te_f0l4_seed42,TE F0L4,7000,2.6845946311950684,3.179173231124878,0.10175887495279312,19330.35963000458,618563.625,49.75587309899955,29361700864.0,0.0003,exported_float_payload,False
te_f0l4_seed42,TE F0L4,7010,2.696284294128418,3.1324429512023926,0.08885111659765244,16800.249805656793,537601.9375,43.24343226725333,29403643904.0,0.0003,exported_float_payload,False
te_f0l4_seed42,TE F0L4,7020,2.66770076751709,3.045043468475342,0.09981416910886765,19396.31014559182,620673.4375,49.925628113762905,29445586944.0,0.0003,exported_float_payload,False
te_f0l4_seed42,TE F0L4,7030,2.718160390853882,3.7647879123687744,0.11856402456760406,18431.81667272996,589810.5625,47.443045494552905,29487529984.0,0.0003,exported_float_payload,False
te_f0l4_seed42,TE F0L4,7040,2.699230194091797,3.232001543045044,0.10253439843654633,19401.324801658167,620831.5625,49.938535715879375,29529473024.0,0.0003,exported_float_payload,False
te_f0l4_seed42,TE F0L4,7050,2.6774773597717285,3.1239006519317627,0.08596111834049225,19345.022461428573,619030.625,49.79361486860801,29571416064.0,0.0003,exported_float_payload,False
te_f0l4_seed42,TE F0L4,7060,2.675264835357666,2.9946584701538086,0.12574481964111328,19388.516445865607,620424.375,49.905567321208004,29613359104.0,0.0003,exported_float_payload,False
te_f0l4_seed42,TE F0L4,7070,2.6751229763031006,3.630042552947998,0.10580059885978699,19392.1911548907,620542.25,49.91502593239931,29655302144.0,0.0003,exported_float_payload,False
te_f0l4_seed42,TE F0L4,7080,2.7109763622283936,3.233475923538208,0.1147645115852356,19405.747455588207,620969.4375,49.949919518970255,29697245184.0,0.0003,exported_float_payload,False
te_f0l4_seed42,TE F0L4,7090,2.6985433101654053,3.0646708011627197,0.08553950488567352,19405.595853307324,620969.4375,49.94952929840563,29739188224.0,0.0003,exported_float_payload,False
te_f0l4_seed42,TE F0L4,7100,2.652387857437134,3.061685800552368,0.09153265506029129,19324.454200875774,618374,49.740672668797934,29781131264.0,0.0003,exported_float_payload,False
te_f0l4_seed42,TE F0L4,7110,2.707075595855713,3.185883045196533,0.10173708945512772,19411.657082336158,621164.75,49.96513075374092,29823074304.0,0.0003,exported_float_payload,False
te_f0l4_seed42,TE F0L4,7120,2.6525421142578125,3.125576972961426,0.13384917378425598,17881.469493582572,572200.375,46.026465310315366,29865017344.0,0.0003,exported_float_payload,False
te_f0l4_seed42,TE F0L4,7130,2.681802749633789,3.2552356719970703,0.11372990161180496,19409.83596927327,621107.6875,49.960443253239625,29906960384.0,0.0003,exported_float_payload,False
te_f0l4_seed42,TE F0L4,7140,2.6823463439941406,3.102724552154541,0.09113569557666779,19408.692402179437,621071.1875,49.95749973949802,29948903424.0,0.0003,exported_float_payload,False
te_f0l4_seed42,TE F0L4,7150,2.697695255279541,3.5244274139404297,0.09804580360651016,18616.01863413621,595705.625,47.91717683984304,29990846464.0,0.0003,exported_float_payload,False
te_f0l4_seed42,TE F0L4,7160,2.656219482421875,3.1578011512756348,0.10906384140253067,19409.932660851457,621111,49.960692134997956,30032789504.0,0.0003,exported_float_payload,False
te_f0l4_seed42,TE F0L4,7170,2.6822218894958496,3.0222373008728027,0.10504316538572311,19380.43287978778,620165.9375,49.8847604197507,30074732544.0,0.0003,exported_float_payload,False
te_f0l4_seed42,TE F0L4,7180,2.6773934364318848,3.0761070251464844,0.11330249160528183,18466.355963268517,590917.1875,47.53194878398257,30116675584.0,0.0003,exported_float_payload,False
te_f0l4_seed42,TE F0L4,7190,2.65078067779541,3.016509532928467,0.082982636988163,19409.745485819825,621103.8125,49.9602103510426,30158618624.0,0.0003,exported_float_payload,False
te_f0l4_seed42,TE F0L4,7200,2.6914918422698975,3.1345369815826416,0.08184774965047836,19349.381705490563,619173,49.804835456248775,30200561664.0,0.0003,exported_float_payload,False
te_f0l4_seed42,TE F0L4,7210,2.6668946743011475,3.164229393005371,0.10071562975645065,18510.088174843906,592315.75,47.64451442741252,30242504704.0,0.0003,exported_float_payload,False
te_f0l4_seed42,TE F0L4,7220,2.6691300868988037,3.0667171478271484,0.11416243016719818,19408.34244361619,621058.625,49.956598954712014,30284447744.0,0.0003,exported_float_payload,False
te_f0l4_seed42,TE F0L4,7230,2.6830596923828125,3.093998432159424,0.08646532148122787,18285.092005063707,585116.375,47.06537978710464,30326390784.0,0.0003,exported_float_payload,False
te_f0l4_seed42,TE F0L4,7240,2.657085418701172,3.012115001678467,0.08547104895114899,18593.0623933706,594970.0625,47.85808803734653,30368333824.0,0.0003,exported_float_payload,False
te_f0l4_seed42,TE F0L4,7250,2.670549154281616,3.0956552028656006,0.1069086566567421,18539.400228788058,593253.625,47.71996293764367,30410276864.0,0.0003,exported_float_payload,False
te_f0l4_seed42,TE F0L4,7260,2.674675464630127,3.1057841777801514,0.09761742502450943,19408.614559865055,621068.875,49.95729937528389,30452219904.0,0.0003,exported_float_payload,False
te_f0l4_seed42,TE F0L4,7270,2.6446359157562256,3.0628092288970947,0.09683120995759964,19405.848673777342,620980.0625,49.950180052114504,30494162944.0,0.0003,exported_float_payload,False
te_f0l4_seed42,TE F0L4,7280,2.6694626808166504,3.1877188682556152,0.08936269581317902,19395.574185975227,620650.6875,49.92373377170254,30536105984.0,0.0003,exported_float_payload,False
te_f0l4_seed42,TE F0L4,7290,2.652510643005371,3.189584255218506,0.10250849276781082,19398.09343812944,620732.3125,49.9302182651568,30578049024.0,0.0003,exported_float_payload,False
te_f0l4_seed42,TE F0L4,7300,2.6643664836883545,3.14469838142395,0.08795619010925293,19356.728480123897,619407.75,49.823745874541025,30619992064.0,0.0003,exported_float_payload,False
te_f0l4_seed42,TE F0L4,7310,2.6561942100524902,3.1782381534576416,0.10492439568042755,19410.06777808,621114.625,49.96103992344088,30661935104.0,0.0003,exported_float_payload,False
te_f0l4_seed42,TE F0L4,7320,2.6831486225128174,3.0811538696289062,0.12576717138290405,19417.28825678915,621346.6875,49.97962525911197,30703878144.0,0.0003,exported_float_payload,False
te_f0l4_seed42,TE F0L4,7330,2.6678309440612793,3.0553555488586426,0.0846947580575943,18565.142440885946,594077.5,47.78622276223803,30745821184.0,0.0003,exported_float_payload,False
te_f0l4_seed42,TE F0L4,7340,2.6376419067382812,3.054553270339966,0.09791800379753113,18646.765745383982,596690.0625,47.99631915248943,30787764224.0,0.0003,exported_float_payload,False
te_f0l4_seed42,TE F0L4,7350,2.7007763385772705,3.2872281074523926,0.09610305726528168,19350.897849520203,619222,49.808737973914376,30829707264.0,0.0003,exported_float_payload,False
te_f0l4_seed42,TE F0L4,7360,2.6683030128479004,3.088953971862793,0.09986577928066254,18346.830872776383,587092.125,47.22429412320523,30871650304.0,0.0003,exported_float_payload,False
te_f0l4_seed42,TE F0L4,7370,2.756216049194336,4.069624423980713,0.08377625048160553,19406.113933521465,620988.8125,49.9508628242108,30913593344.0,0.0003,exported_float_payload,False
te_f0l4_seed42,TE F0L4,7380,2.6890432834625244,3.3967957496643066,0.07492825388908386,18515.237494589735,592480.75,47.65776865054771,30955536384.0,0.0003,exported_float_payload,False
te_f0l4_seed42,TE F0L4,7390,2.617056369781494,3.0631260871887207,0.09693645685911179,18106.731473954762,579409.3125,46.60628414058848,30997479424.0,0.0003,exported_float_payload,False
te_f0l4_seed42,TE F0L4,7400,2.662456750869751,3.090946674346924,0.08955075591802597,19321.03596236612,618265.625,49.73187420644319,31039422464.0,0.0003,exported_float_payload,False
te_f0l4_seed42,TE F0L4,7410,2.6564371585845947,3.1634793281555176,0.10949742048978806,19397.942544415477,620725.6875,49.92982986842611,31081365504.0,0.0003,exported_float_payload,False
te_f0l4_seed42,TE F0L4,7420,2.646061897277832,3.020354986190796,0.10090108960866928,19394.624042883308,620619.5,49.921288126613035,31123308544.0,0.0003,exported_float_payload,False
te_f0l4_seed42,TE F0L4,7430,2.674588680267334,2.9829957485198975,0.1026480570435524,18417.555011583907,589354.9375,47.40633632743205,31165251584.0,0.0003,exported_float_payload,False
te_f0l4_seed42,TE F0L4,7440,2.628488063812256,3.1357083320617676,0.10617746412754059,19390.00493594886,620472.5625,49.90939865829169,31207194624.0,0.0003,exported_float_payload,False
te_f0l4_seed42,TE F0L4,7450,2.679696798324585,3.577867031097412,0.08356184512376785,19336.63171949779,618765.4375,49.77201730401503,31249137664.0,0.0003,exported_float_payload,False
te_f0l4_seed42,TE F0L4,7460,2.6223978996276855,2.975001096725464,0.11468297988176346,19393.587622993677,620586.4375,49.91862040715552,31291080704.0,0.0003,exported_float_payload,False
te_f0l4_seed42,TE F0L4,7470,2.711688995361328,3.0766913890838623,0.0985041931271553,19405.239042503017,620959.6875,49.94861087611866,31333023744.0,0.0003,exported_float_payload,False
te_f0l4_seed42,TE F0L4,7480,2.6913065910339355,3.1504197120666504,0.0824868381023407,18442.34414734004,590147.6875,47.47014295682355,31374966784.0,0.0003,exported_float_payload,False
te_f0l4_seed42,TE F0L4,7490,2.6696088314056396,3.1593308448791504,0.09500740468502045,19408.684713126328,621070.0625,49.9574799480633,31416909824.0,0.0003,exported_float_payload,False
te_f0l4_seed42,TE F0L4,7500,2.6432156562805176,3.040693998336792,0.097441665828228,19341.368364701502,618916.5625,49.78420931296789,31458852864.0,0.0003,exported_float_payload,False
te_f0l4_seed42,TE F0L4,7510,2.6740775108337402,3.1079912185668945,0.11500036716461182,19396.197489557122,620670.75,49.925338139883806,31500795904.0,0.0003,exported_float_payload,False
te_f0l4_seed42,TE F0L4,7520,2.6681950092315674,3.0251870155334473,0.11923260986804962,19380.29992581135,620163.375,49.88441819946583,31542738944.0,0.0003,exported_float_payload,False
te_f0l4_seed42,TE F0L4,7530,2.704598903656006,3.151792287826538,0.12262872606515884,19394.92721441725,620628.125,49.922068482729465,31584681984.0,0.0003,exported_float_payload,False
te_f0l4_seed42,TE F0L4,7540,2.639509677886963,3.070744514465332,0.08724018931388855,19396.02695341533,620666,49.924899184024106,31626625024.0,0.0003,exported_float_payload,False
te_f0l4_seed42,TE F0L4,7550,2.6819159984588623,3.2579894065856934,0.09893231093883514,19339.810334774986,618866.8125,49.78019898202775,31668568064.0,0.0003,exported_float_payload,False
te_f0l4_seed42,TE F0L4,7560,2.689890146255493,3.1424221992492676,0.10056053847074509,19388.108175213936,620413.1875,49.90451644253201,31710511104.0,0.0003,exported_float_payload,False
te_f0l4_seed42,TE F0L4,7570,2.6405258178710938,2.9917407035827637,0.08841139823198318,19392.23620168702,620544.25,49.91514188175174,31752454144.0,0.0003,exported_float_payload,False
te_f0l4_seed42,TE F0L4,7580,2.672806978225708,3.0626587867736816,0.10838834196329117,19399.669962804426,620782.5,49.934276201127346,31794397184.0,0.0003,exported_float_payload,False
te_f0l4_seed42,TE F0L4,7590,2.6306097507476807,3.0873889923095703,0.09180149435997009,19384.03432025079,620282.25,49.89403043945447,31836340224.0,0.0003,exported_float_payload,False
te_f0l4_seed42,TE F0L4,7600,2.665205478668213,2.989853858947754,0.0893135592341423,19328.738171145837,618512.375,49.751699503538575,31878283264.0,0.0003,exported_float_payload,False
te_f0l4_seed42,TE F0L4,7610,2.680907726287842,3.0850398540496826,0.11881408095359802,19386.28845485041,620353.875,49.899832526804815,31920226304.0,0.0003,exported_float_payload,False
te_f0l4_seed42,TE F0L4,7620,2.6473429203033447,3.0133309364318848,0.09463180601596832,19395.32718264107,620644.125,49.92309799115915,31962169344.0,0.0003,exported_float_payload,False
te_f0l4_seed42,TE F0L4,7630,2.64424991607666,3.0492820739746094,0.09849102050065994,19386.29579076351,620354.4375,49.899851409265786,32004112384.0,0.0003,exported_float_payload,False
te_f0l4_seed42,TE F0L4,7640,2.654266834259033,3.0305912494659424,0.0981152132153511,19395.12113015634,620637.5,49.92256761710104,32046055424.0,0.0003,exported_float_payload,False
te_f0l4_seed42,TE F0L4,7650,2.6730618476867676,3.084580183029175,0.10613947361707687,19275.10725921889,616796.375,49.61365484740715,32087998464.0,0.0003,exported_float_payload,False
te_f0l4_seed42,TE F0L4,7660,2.643284797668457,3.2493791580200195,0.09431743621826172,19392.94466968053,620566.9375,49.91696546104641,32129941504.0,0.0003,exported_float_payload,False
te_f0l4_seed42,TE F0L4,7670,2.673187732696533,3.0315322875976562,0.08415980637073517,19403.709478332254,620911.0625,49.94467381533789,32171884544.0,0.0003,exported_float_payload,False
te_f0l4_seed42,TE F0L4,7680,2.6443982124328613,3.113062620162964,0.10486467182636261,19380.762227096886,620176.625,49.88560815167246,32213827584.0,0.0003,exported_float_payload,False
te_f0l4_seed42,TE F0L4,7690,2.699104070663452,3.2349047660827637,0.09584327042102814,19372.366731060178,619908.75,49.863998350127055,32255770624.0,0.0003,exported_float_payload,False
te_f0l4_seed42,TE F0L4,7700,2.6803388595581055,3.41200590133667,0.0992027297616005,19343.380847717843,618981.375,49.78938939505076,32297713664.0,0.0003,exported_float_payload,False
te_f0l4_seed42,TE F0L4,7710,2.6683082580566406,3.9164562225341797,0.08984997123479843,19395.713445686553,620655.875,49.92409222279487,32339656704.0,0.0003,exported_float_payload,False
te_f0l4_seed42,TE F0L4,7720,2.5927491188049316,3.041703701019287,0.10821080207824707,19390.40904672948,620486.1875,49.91043882956131,32381599744.0,0.0003,exported_float_payload,False
te_f0l4_seed42,TE F0L4,7730,2.67338490486145,3.2035205364227295,0.10916603356599808,19388.131639017818,620413.0625,49.904576837789556,32423542784.0,0.0003,exported_float_payload,False
te_f0l4_seed42,TE F0L4,7740,2.652613639831543,3.0079903602600098,0.09451834112405777,18536.155712138436,593150.5,47.711611631109484,32465485824.0,0.0003,exported_float_payload,False
te_f0l4_seed42,TE F0L4,7750,2.6614632606506348,3.064206600189209,0.0894712433218956,18574.64027841894,594381.9375,47.81066996384483,32507428864.0,0.0003,exported_float_payload,False
te_f0l4_seed42,TE F0L4,7760,2.6306965351104736,3.0296225547790527,0.09483024477958679,19374.05516462852,619962.75,49.86834433685315,32549371904.0,0.0003,exported_float_payload,False
te_f0l4_seed42,TE F0L4,7770,2.6260266304016113,3.058572769165039,0.11007186770439148,19383.23202230062,620256.3125,49.89196534414531,32591314944.0,0.0003,exported_float_payload,False
te_f0l4_seed42,TE F0L4,7780,2.6489081382751465,2.99423885345459,0.10430653393268585,19389.20191957412,620447.1875,49.90733171377526,32633257984.0,0.0003,exported_float_payload,False
te_f0l4_seed42,TE F0L4,7790,2.671614646911621,3.322852849960327,0.09610257297754288,19392.674246700706,620558,49.91626939890763,32675201024.0,0.0003,exported_float_payload,False
te_f0l4_seed42,TE F0L4,7800,2.6485588550567627,3.0096402168273926,0.0761989951133728,19325.16654830185,618398.4375,49.742506233657195,32717144064.0,0.0003,exported_float_payload,False
te_f0l4_seed42,TE F0L4,7810,2.6595942974090576,2.9915695190429688,0.11532814800739288,19392.862677527824,620564.25,49.916754415249876,32759087104.0,0.0003,exported_float_payload,False
te_f0l4_seed42,TE F0L4,7820,2.653136968612671,3.044985771179199,0.12080628424882889,19388.407751965016,620422,49.90528754576523,32801030144.0,0.0003,exported_float_payload,False
te_f0l4_seed42,TE F0L4,7830,2.6154072284698486,3.064929962158203,0.08957118541002274,19389.96577853893,620472.625,49.90929786807585,32842973184.0,0.0003,exported_float_payload,False
te_f0l4_seed42,TE F0L4,7840,2.6563591957092285,3.1108455657958984,0.08606339246034622,19385.374610832307,620325.4375,49.89748031464387,32884916224.0,0.0003,exported_float_payload,False
te_f0l4_seed42,TE F0L4,7850,2.633632183074951,3.129828929901123,0.10723221302032471,18348.52674665319,587147.25,47.22865926110341,32926859264.0,0.0003,exported_float_payload,False
te_f0l4_seed42,TE F0L4,7860,2.6509785652160645,3.020787239074707,0.09693387895822525,19380.613153498685,620172.625,49.885224439875245,32968802304.0,0.0003,exported_float_payload,False
te_f0l4_seed42,TE F0L4,7870,2.6241304874420166,3.2397568225860596,0.0758359432220459,19397.47904912785,620712.125,49.92863684288729,33010745344.0,0.0003,exported_float_payload,False
te_f0l4_seed42,TE F0L4,7880,2.6161983013153076,3.109816551208496,0.10875254124403,19316.05930733695,618106.75,49.71906441806736,33052688384.0,0.0003,exported_float_payload,False
te_f0l4_seed42,TE F0L4,7890,2.609646797180176,3.016270160675049,0.09038954228162766,19392.341897413942,620547.5625,49.91541393996878,33094631424.0,0.0003,exported_float_payload,False
te_f0l4_seed42,TE F0L4,7900,2.60457706451416,3.114367961883545,0.14692160487174988,19342.399296484025,618949.625,49.78686290617188,33136574464.0,0.0003,exported_float_payload,False
te_f0l4_seed42,TE F0L4,7910,2.6377151012420654,2.993075370788574,0.07835154980421066,19400.086322814303,620795.875,49.935347901613596,33178517504.0,0.0003,exported_float_payload,False
te_f0l4_seed42,TE F0L4,7920,2.6228394508361816,2.9958372116088867,0.07780654728412628,19404.120282792617,620924.25,49.94573121597552,33220460544.0,0.0003,exported_float_payload,False
te_f0l4_seed42,TE F0L4,7930,2.6539387702941895,3.1028659343719482,0.08476655930280685,19410.18771559758,621118.5,49.9613486396789,33262403584.0,0.0003,exported_float_payload,False
te_f0l4_seed42,TE F0L4,7940,2.62640380859375,3.052670478820801,0.08029387146234512,19396.170207956868,620670.3125,49.92526791771173,33304346624.0,0.0003,exported_float_payload,False
te_f0l4_seed42,TE F0L4,7950,2.635986328125,3.0530993938446045,0.08537369966506958,18619.45225191093,595816.4375,47.926014888050084,33346289664.0,0.0003,exported_float_payload,False
te_f0l4_seed42,TE F0L4,7960,2.6582186222076416,3.176152229309082,0.08070185780525208,19398.63990550476,620749.9375,49.93162485882083,33388232704.0,0.0003,exported_float_payload,False
te_f0l4_seed42,TE F0L4,7970,2.6162877082824707,2.999873161315918,0.08945450931787491,19411.798129496485,621169.9375,49.96549380568329,33430175744.0,0.0003,exported_float_payload,False
te_f0l4_seed42,TE F0L4,7980,2.582521438598633,3.1484391689300537,0.10192478448152542,19409.70758841489,621103.625,49.96011280404881,33472118784.0,0.0003,exported_float_payload,False
te_f0l4_seed42,TE F0L4,7990,2.6028292179107666,3.0602879524230957,0.10730475187301636,19404.186192026697,620926.25,49.94590086473269,33514061824.0,0.0003,exported_float_payload,False
te_f0l4_seed42,TE F0L4,8000,2.6500773429870605,3.184224843978882,0.08934064954519272,19340.371396549694,618885.375,49.78164314131901,33556004864.0,0.0003,exported_float_payload,False
te_f0l4_seed42,TE F0L4,8010,2.645158290863037,2.9980878829956055,0.07729516178369522,16699.888953404545,534391,42.985105887178165,33597947904.0,0.0003,exported_float_payload,False
te_f0l4_seed42,TE F0L4,8020,2.6524124145507812,3.101855754852295,0.10065584629774094,19410.86540644129,621138.625,49.96309299934243,33639890944.0,0.0003,exported_float_payload,False
te_f0l4_seed42,TE F0L4,8030,2.6576595306396484,3.057882308959961,0.09267701953649521,19389.216356207085,620442.4375,49.90736887331556,33681833984.0,0.0003,exported_float_payload,False
te_f0l4_seed42,TE F0L4,8040,2.617474317550659,3.051245927810669,0.0926741436123848,19396.523442156842,620679.8125,49.9261771339066,33723777024.0,0.0003,exported_float_payload,False
te_f0l4_seed42,TE F0L4,8050,2.6529009342193604,4.617868900299072,0.12482520937919617,19308.44910626545,617862.75,49.69947594656351,33765720064.0,0.0003,exported_float_payload,False
te_f0l4_seed42,TE F0L4,8060,2.63746976852417,3.0713515281677246,0.081029012799263,19408.46579995986,621062.5,49.9569164709248,33807663104.0,0.0003,exported_float_payload,False
te_f0l4_seed42,TE F0L4,8070,2.6502766609191895,3.0025148391723633,0.1018952950835228,18742.141206428892,599740,48.24181325747975,33849606144.0,0.0003,exported_float_payload,False
te_f0l4_seed42,TE F0L4,8080,2.662381172180176,3.29254150390625,0.09173406660556793,19401.37893417993,620830.75,49.938675051666955,33891549184.0,0.0003,exported_float_payload,False
te_f0l4_seed42,TE F0L4,8090,2.606132745742798,3.476419687271118,0.10724660009145737,19404.426828018495,620930.625,49.946520255892516,33933492224.0,0.0003,exported_float_payload,False
te_f0l4_seed42,TE F0L4,8100,2.657897472381592,3.0082061290740967,0.11574548482894897,19360.41966262091,619526,49.83324688804631,33975435264.0,0.0003,exported_float_payload,False
te_f0l4_seed42,TE F0L4,8110,2.631047248840332,3.0630693435668945,0.10307825356721878,19412.76944318184,621199,49.967993943362714,34017378304.0,0.0003,exported_float_payload,False
te_f0l4_seed42,TE F0L4,8120,2.638753890991211,3.087642192840576,0.09119522571563721,19410.739253015272,621135.625,49.962768283508055,34059321344.0,0.0003,exported_float_payload,False
te_f0l4_seed42,TE F0L4,8130,2.5699751377105713,3.0314114093780518,0.08453778922557831,19400.578874945357,620810.75,49.93661571875701,34101264384.0,0.0003,exported_float_payload,False
te_f0l4_seed42,TE F0L4,8140,2.669342279434204,3.0491185188293457,0.10176700353622437,19412.73399933517,621199.125,49.96790271176791,34143207424.0,0.0003,exported_float_payload,False
te_f0l4_seed42,TE F0L4,8150,2.6016077995300293,2.976682186126709,0.09449685364961624,18431.67907168865,589807.0625,47.442691312836644,34185150464.0,0.0003,exported_float_payload,False
te_f0l4_seed42,TE F0L4,8160,2.611445903778076,3.002934455871582,0.08566942811012268,18667.60008562905,597356.1875,48.049946234922274,34227093504.0,0.0003,exported_float_payload,False
te_f0l4_seed42,TE F0L4,8170,2.6444733142852783,3.1287829875946045,0.0779065415263176,18473.17766885559,591133.625,47.549507687386644,34269036544.0,0.0003,exported_float_payload,False
te_f0l4_seed42,TE F0L4,8180,2.6447739601135254,3.075972557067871,0.09980478137731552,19401.291372609187,620833.6875,49.938449670324566,34310979584.0,0.0003,exported_float_payload,False
te_f0l4_seed42,TE F0L4,8190,2.69242262840271,3.098742961883545,0.10687380284070969,19413.709745007924,621230.375,49.970414257274555,34352922624.0,0.0003,exported_float_payload,False
te_f0l4_seed42,TE F0L4,8200,2.6127023696899414,3.0746285915374756,0.09271605312824249,18864.401817768685,603653.9375,48.556509082040954,34394865664.0,0.0003,exported_float_payload,False
te_f0l4_seed42,TE F0L4,8210,2.629305601119995,2.9610750675201416,0.09175804257392883,19410.810677769718,621138.6875,49.9629521290798,34436808704.0,0.0003,exported_float_payload,False
te_f0l4_seed42,TE F0L4,8220,2.6277518272399902,3.029439926147461,0.09153610467910767,19416.40123348149,621317.4375,49.977342082804,34478751744.0,0.0003,exported_float_payload,False
te_f0l4_seed42,TE F0L4,8230,2.6116456985473633,3.055323600769043,0.10928739607334137,19399.1739686279,620766.375,49.93299952424303,34520694784.0,0.0003,exported_float_payload,False
te_f0l4_seed42,TE F0L4,8240,2.6332650184631348,2.981424570083618,0.09189794957637787,19407.309449183613,621026.625,49.953940052297206,34562637824.0,0.0003,exported_float_payload,False
te_f0l4_seed42,TE F0L4,8250,2.62152361869812,3.1837167739868164,0.08274728804826736,19375.398970501617,620005.625,49.87180326031714,34604580864.0,0.0003,exported_float_payload,False
te_f0l4_seed42,TE F0L4,8260,2.6267738342285156,3.0785112380981445,0.09731926769018173,19387.910177308262,620406.375,49.90400680076345,34646523904.0,0.0003,exported_float_payload,False
te_f0l4_seed42,TE F0L4,8270,2.6326022148132324,3.094400405883789,0.08312900364398956,19397.32328510298,620707,49.928235910095395,34688466944.0,0.0003,exported_float_payload,False
te_f0l4_seed42,TE F0L4,8280,2.622971534729004,3.0825302600860596,0.08724457025527954,18337.972734103252,586809,47.20149349082437,34730409984.0,0.0003,exported_float_payload,False
te_f0l4_seed42,TE F0L4,8290,2.6336655616760254,3.0133349895477295,0.09941386431455612,18486.889907208864,591574.125,47.58480265367117,34772353024.0,0.0003,exported_float_payload,False
te_f0l4_seed42,TE F0L4,8300,2.620183229446411,2.998202323913574,0.08022845536470413,19378.540782766453,620106.5,49.87989020827579,34814296064.0,0.0003,exported_float_payload,False
te_f0l4_seed42,TE F0L4,8310,2.630453109741211,3.07633113861084,0.1013341099023819,19378.496565369078,620104.75,49.87977639377598,34856239104.0,0.0003,exported_float_payload,False
te_f0l4_seed42,TE F0L4,8320,2.6711835861206055,3.1630992889404297,0.09551449865102768,19411.07436563212,621147.375,49.96363085519099,34898182144.0,0.0003,exported_float_payload,False
te_f0l4_seed42,TE F0L4,8330,2.6723484992980957,3.077731132507324,0.08530857414007187,18721.495881274004,599080.875,48.18867269526798,34940125184.0,0.0003,exported_float_payload,False
te_f0l4_seed42,TE F0L4,8340,2.6857850551605225,3.594090700149536,0.10228828340768814,19412.386953380832,621189,49.967009423966026,34982068224.0,0.0003,exported_float_payload,False
te_f0l4_seed42,TE F0L4,8350,2.740738868713379,5.476468086242676,0.09049750119447708,19367.126366561697,619741.5625,49.850509780024396,35024011264.0,0.0003,exported_float_payload,False
te_f0l4_seed42,TE F0L4,8360,2.6271321773529053,3.001924991607666,0.10404978692531586,19415.872811241654,621299,49.975981936877524,35065954304.0,0.0003,exported_float_payload,False
te_f0l4_seed42,TE F0L4,8370,2.6677491664886475,3.6736888885498047,0.09116451442241669,19398.75602153896,620753.0625,49.93192373865406,35107897344.0,0.0003,exported_float_payload,False
te_f0l4_seed42,TE F0L4,8380,2.6345698833465576,3.1743927001953125,0.09618206322193146,19405.05613725855,620955,49.948140082491065,35149840384.0,0.0003,exported_float_payload,False
te_f0l4_seed42,TE F0L4,8390,2.6317131519317627,3.024273157119751,0.09721866250038147,19407.80751666208,621043.125,49.95522206581003,35191783424.0,0.0003,exported_float_payload,False
te_f0l4_seed42,TE F0L4,8400,2.635671615600586,3.0593910217285156,0.0842958316206932,18663.362018637108,597221.375,48.039037554097284,35233726464.0,0.0003,exported_float_payload,False
te_f0l4_seed42,TE F0L4,8410,2.631293535232544,2.942826747894287,0.1214226633310318,19411.716128315675,621166.75,49.96528273664864,35275669504.0,0.0003,exported_float_payload,False
te_f0l4_seed42,TE F0L4,8420,2.643240451812744,3.062835454940796,0.0778331533074379,19406.87629672842,621012.375,49.952825128467246,35317612544.0,0.0003,exported_float_payload,False
te_f0l4_seed42,TE F0L4,8430,2.668055534362793,3.1838207244873047,0.07141837477684021,19413.197353643027,621215.0625,49.96909537442825,35359555584.0,0.0003,exported_float_payload,False
te_f0l4_seed42,TE F0L4,8440,2.591003656387329,3.0496344566345215,0.12662070989608765,19257.292338862444,616225.875,49.56779967794883,35401498624.0,0.0003,exported_float_payload,False
te_f0l4_seed42,TE F0L4,8450,2.6659913063049316,2.9910593032836914,0.08452392369508743,19367.573524778905,619755.25,49.851660754343364,35443441664.0,0.0003,exported_float_payload,False
te_f0l4_seed42,TE F0L4,8460,2.6317946910858154,3.0764389038085938,0.08689451217651367,19396.065594271502,620666.4375,49.9249986446432,35485384704.0,0.0003,exported_float_payload,False
te_f0l4_seed42,TE F0L4,8470,2.649224281311035,3.0052578449249268,0.09164398908615112,19405.818039799946,620978.5625,49.95010120100562,35527327744.0,0.0003,exported_float_payload,False
te_f0l4_seed42,TE F0L4,8480,2.619964122772217,3.0031344890594482,0.09753136336803436,19401.944180086368,620855,49.940129980810994,35569270784.0,0.0003,exported_float_payload,False
te_f0l4_seed42,TE F0L4,8490,2.6069467067718506,3.1510767936706543,0.10104202479124069,19407.126523640905,621020.5,49.95346920642244,35611213824.0,0.0003,exported_float_payload,False
te_f0l4_seed42,TE F0L4,8500,2.6049914360046387,3.0151233673095703,0.1011553630232811,18399.218683303647,588767.8125,47.35913906672522,35653156864.0,0.0003,exported_float_payload,False
te_f0l4_seed42,TE F0L4,8510,2.533256769180298,2.9993326663970947,0.12414629757404327,19304.491879349265,617736.1875,49.68929014122754,35695099904.0,0.0003,exported_float_payload,False
te_f0l4_seed42,TE F0L4,8520,2.62457013130188,3.3312697410583496,0.06991706043481827,19400.959586670924,620821.25,49.93759566143098,35737042944.0,0.0003,exported_float_payload,False
te_f0l4_seed42,TE F0L4,8530,2.631596326828003,2.958002805709839,0.09493546932935715,19406.505029409425,620999.0625,49.951869495464905,35778985984.0,0.0003,exported_float_payload,False
te_f0l4_seed42,TE F0L4,8540,2.6296396255493164,3.06021785736084,0.10635518282651901,19399.20739733291,620766.3125,49.93308556891246,35820929024.0,0.0003,exported_float_payload,False
te_f0l4_seed42,TE F0L4,8550,2.588728427886963,2.9328670501708984,0.08324908465147018,19368.484031125492,619784.625,49.85400437541942,35862872064.0,0.0003,exported_float_payload,False
te_f0l4_seed42,TE F0L4,8560,2.630455493927002,3.006201982498169,0.09170336276292801,19401.32979400041,620835,49.93854856604625,35904815104.0,0.0003,exported_float_payload,False
te_f0l4_seed42,TE F0L4,8570,2.651757001876831,3.0446038246154785,0.09517958760261536,19408.3849665883,621061.375,49.956708407802616,35946758144.0,0.0003,exported_float_payload,False
te_f0l4_seed42,TE F0L4,8580,2.6105289459228516,2.9867186546325684,0.08361595124006271,19401.143532377184,620828.75,49.93806913318179,35988701184.0,0.0003,exported_float_payload,False
te_f0l4_seed42,TE F0L4,8590,2.6207053661346436,2.968254327774048,0.07663307338953018,19397.9074621565,620725.9375,49.9297395675492,36030644224.0,0.0003,exported_float_payload,False
te_f0l4_seed42,TE F0L4,8600,2.634528875350952,3.0709104537963867,0.12483833730220795,19370.709751831506,619854.875,49.85973332610229,36072587264.0,0.0003,exported_float_payload,False
te_f0l4_seed42,TE F0L4,8610,2.635516405105591,3.135828971862793,0.09183783084154129,17974.02549751112,575163.125,46.26470220161826,36114530304.0,0.0003,exported_float_payload,False
te_f0l4_seed42,TE F0L4,8620,2.6096558570861816,2.9873719215393066,0.09168408066034317,19400.138152592703,620797.625,49.93548131019606,36156473344.0,0.0003,exported_float_payload,False
te_f0l4_seed42,TE F0L4,8630,2.6217715740203857,3.053027629852295,0.0971740260720253,19384.328343251924,620291.3125,49.894787247471115,36198416384.0,0.0003,exported_float_payload,False
te_f0l4_seed42,TE F0L4,8640,2.5984268188476562,3.0089807510375977,0.07569314539432526,19398.195289297822,620735.125,49.93048042757417,36240359424.0,0.0003,exported_float_payload,False
te_f0l4_seed42,TE F0L4,8650,2.654326915740967,3.086299419403076,0.08893565088510513,19362.412268549073,619589.6875,49.83837580699017,36282302464.0,0.0003,exported_float_payload,False
te_f0l4_seed42,TE F0L4,8660,2.6164841651916504,2.9993040561676025,0.08141541481018066,19402.219649035567,620863.5,49.940839031151576,36324245504.0,0.0003,exported_float_payload,False
te_f0l4_seed42,TE F0L4,8670,2.6331210136413574,3.162777900695801,0.09963184595108032,19387.266083429582,620385.1875,49.90234891886654,36366188544.0,0.0003,exported_float_payload,False
te_f0l4_seed42,TE F0L4,8680,2.6384260654449463,3.10553240776062,0.08130641281604767,19396.022560705474,620664.5625,49.92488787729633,36408131584.0,0.0003,exported_float_payload,False
te_f0l4_seed42,TE F0L4,8690,2.6148018836975098,3.0804080963134766,0.10057506710290909,19391.465565704,620519.75,49.91315828357194,36450074624.0,0.0003,exported_float_payload,False
te_f0l4_seed42,TE F0L4,8700,2.608548402786255,3.0448737144470215,0.09233725070953369,19360.571068292516,619530.625,49.83363660254346,36492017664.0,0.0003,exported_float_payload,False
te_f0l4_seed42,TE F0L4,8710,2.6230313777923584,3.4889354705810547,0.10626426339149475,19406.036820724697,620985.375,49.950664337757175,36533960704.0,0.0003,exported_float_payload,False
te_f0l4_seed42,TE F0L4,8720,2.620128631591797,3.5594725608825684,0.10333022475242615,19387.82345412258,620403.0625,49.903783577403715,36575903744.0,0.0003,exported_float_payload,False
te_f0l4_seed42,TE F0L4,8730,2.6389756202697754,3.0493669509887695,0.09044882655143738,19396.233036642014,620671.3125,49.925429637211266,36617846784.0,0.0003,exported_float_payload,False
te_f0l4_seed42,TE F0L4,8740,2.64729642868042,2.9753615856170654,0.09389078617095947,19388.580742934224,620427.75,49.90573282029069,36659789824.0,0.0003,exported_float_payload,False
te_f0l4_seed42,TE F0L4,8750,2.6300323009490967,3.1243648529052734,0.09768375754356384,18772.593118436114,600716.5625,48.320195734498,36701732864.0,0.0003,exported_float_payload,False
te_f0l4_seed42,TE F0L4,8760,2.6659798622131348,3.06976056098938,0.08783069998025894,18653.91801554446,596918.9375,48.014728921023796,36743675904.0,0.0003,exported_float_payload,False
te_f0l4_seed42,TE F0L4,8770,2.6339707374572754,3.030777931213379,0.10812590271234512,19395.221940834257,620639.75,49.92282710132137,36785618944.0,0.0003,exported_float_payload,False
te_f0l4_seed42,TE F0L4,8780,2.6288328170776367,3.1303863525390625,0.08065376430749893,19391.751021948643,620528.75,49.91389304096682,36827561984.0,0.0003,exported_float_payload,False
te_f0l4_seed42,TE F0L4,8790,2.620631694793701,2.9963507652282715,0.08388247340917587,17123.506728707165,547946.6875,44.075487684199736,36869505024.0,0.0003,exported_float_payload,False
te_f0l4_seed42,TE F0L4,8800,2.6392314434051514,3.6752336025238037,0.108144611120224,18486.983620598374,591576.625,47.58504386964466,36911448064.0,0.0003,exported_float_payload,False
te_f0l4_seed42,TE F0L4,8810,2.5984911918640137,3.0014655590057373,0.08118830621242523,19387.236656218545,620384.5,49.902273173944764,36953391104.0,0.0003,exported_float_payload,False
te_f0l4_seed42,TE F0L4,8820,2.642739772796631,3.012174129486084,0.0902768149971962,18621.1869877457,595870.9375,47.930480055677954,36995334144.0,0.0003,exported_float_payload,False
te_f0l4_seed42,TE F0L4,8830,2.5803089141845703,3.1209664344787598,0.07640069723129272,19381.58694487524,620203.3125,49.887730955071234,37037277184.0,0.0003,exported_float_payload,False
te_f0l4_seed42,TE F0L4,8840,2.620537281036377,3.059176445007324,0.10659738630056381,19379.641988457668,620141.0625,49.8827246848027,37079220224.0,0.0003,exported_float_payload,False
te_f0l4_seed42,TE F0L4,8850,2.6073639392852783,2.985184907913208,0.09211497008800507,18622.861156761497,595924.8125,47.93478932579453,37121163264.0,0.0003,exported_float_payload,False
te_f0l4_seed42,TE F0L4,8860,2.6177096366882324,3.063377857208252,0.09777343273162842,19381.85197603778,620211.125,49.88841313880413,37163106304.0,0.0003,exported_float_payload,False
te_f0l4_seed42,TE F0L4,8870,2.637725830078125,3.0677318572998047,0.08464725315570831,19395.11380547069,620636.625,49.92254876353924,37205049344.0,0.0003,exported_float_payload,False
te_f0l4_seed42,TE F0L4,8880,2.6097240447998047,2.937391757965088,0.08677764236927032,19393.245124393256,620575.1875,49.91773882413144,37246992384.0,0.0003,exported_float_payload,False
te_f0l4_seed42,TE F0L4,8890,2.617184638977051,3.1374783515930176,0.10760697722434998,19389.62786658432,620458.75,49.90842809096596,37288935424.0,0.0003,exported_float_payload,False
te_f0l4_seed42,TE F0L4,8900,2.6207690238952637,3.2635226249694824,0.08431696146726608,19365.66394492827,619692.6875,49.84674554249324,37330878464.0,0.0003,exported_float_payload,False
te_f0l4_seed42,TE F0L4,8910,2.624969244003296,3.042403221130371,0.09273568540811539,19376.927603960412,620054.3125,49.87573792546804,37372821504.0,0.0003,exported_float_payload,False
te_f0l4_seed42,TE F0L4,8920,2.6151161193847656,2.99208927154541,0.0873306542634964,19389.731599274808,620465.0625,49.90869509637522,37414764544.0,0.0003,exported_float_payload,False
te_f0l4_seed42,TE F0L4,8930,2.604856491088867,3.0036821365356445,0.09219872951507568,19397.26107868314,620704.9375,49.92807579229155,37456707584.0,0.0003,exported_float_payload,False
te_f0l4_seed42,TE F0L4,8940,2.6182870864868164,3.0638010501861572,0.09752325713634491,19382.826379089864,620243.3125,49.890921228437996,37498650624.0,0.0003,exported_float_payload,False
te_f0l4_seed42,TE F0L4,8950,2.6071157455444336,2.9873781204223633,0.08928282558917999,18998.157478915164,607934.125,48.90079288377359,37540593664.0,0.0003,exported_float_payload,False
te_f0l4_seed42,TE F0L4,8960,2.581479072570801,3.073364734649658,0.08525804430246353,19384.598241960735,620298.125,49.89548196014911,37582536704.0,0.0003,exported_float_payload,False
te_f0l4_seed42,TE F0L4,8970,2.5959177017211914,3.111020803451538,0.08916524797677994,19387.759168219447,620401.5,49.903618107060716,37624479744.0,0.0003,exported_float_payload,False
te_f0l4_seed42,TE F0L4,8980,2.6335344314575195,3.179424524307251,0.07372347265481949,19394.980846709175,620632.5,49.92220653093768,37666422784.0,0.0003,exported_float_payload,False
te_f0l4_seed42,TE F0L4,8990,2.6256651878356934,3.1445648670196533,0.09145993739366531,19374.226796460804,619967.4375,49.868786112993384,37708365824.0,0.0003,exported_float_payload,False
te_f0l4_seed42,TE F0L4,9000,2.5935466289520264,2.9402174949645996,0.08322712033987045,19349.558524337095,619178.875,49.805290583636875,37750308864.0,0.0003,exported_float_payload,False
te_f0l4_seed42,TE F0L4,9010,2.5726144313812256,2.914794445037842,0.0997738167643547,17331.124629743605,554590.125,44.60989108562509,37792251904.0,0.0003,exported_float_payload,False
te_f0l4_seed42,TE F0L4,9020,2.639286994934082,3.028128147125244,0.08955511450767517,19393.500736234033,620582.75,49.918396762760395,37834194944.0,0.0003,exported_float_payload,False
te_f0l4_seed42,TE F0L4,9030,2.6183273792266846,3.073331832885742,0.10667064785957336,18497.108182965574,591899.1875,47.61110424565253,37876137984.0,0.0003,exported_float_payload,False
te_f0l4_seed42,TE F0L4,9040,2.60648250579834,2.91391921043396,0.08636071532964706,19390.239156277967,620479.375,49.910001535692594,37918081024.0,0.0003,exported_float_payload,False
te_f0l4_seed42,TE F0L4,9050,2.636467456817627,3.1651861667633057,0.12756209075450897,18623.492509323638,595944.875,47.93641441185418,37960024064.0,0.0003,exported_float_payload,False
te_f0l4_seed42,TE F0L4,9060,2.568338394165039,3.002342462539673,0.07125657051801682,18103.40771016464,579301.6875,46.59772885385208,38001967104.0,0.0003,exported_float_payload,False
te_f0l4_seed42,TE F0L4,9070,2.548126697540283,3.1188371181488037,0.10767834633588791,19373.495971185683,619942.1875,49.86690498660245,38043910144.0,0.0003,exported_float_payload,False
te_f0l4_seed42,TE F0L4,9080,2.60764217376709,3.19499135017395,0.08624433726072311,17658.18786082477,565054.6875,45.451743846386144,38085853184.0,0.0003,exported_float_payload,False
te_f0l4_seed42,TE F0L4,9090,2.6364245414733887,3.102701187133789,0.10086479783058167,18513.755115196178,592431.25,47.6539530422299,38127796224.0,0.0003,exported_float_payload,False
te_f0l4_seed42,TE F0L4,9100,2.5741660594940186,2.974693536758423,0.07053516060113907,19348.206527183032,619132.75,49.80181057601595,38169739264.0,0.0003,exported_float_payload,False
te_f0l4_seed42,TE F0L4,9110,2.611386299133301,3.0356552600860596,0.07786180824041367,19393.853679185588,620594.8125,49.91930522928895,38211682304.0,0.0003,exported_float_payload,False
te_f0l4_seed42,TE F0L4,9120,2.644920825958252,3.0677566528320312,0.07124334573745728,19398.42350066181,620740.625,49.93106783804576,38253625344.0,0.0003,exported_float_payload,False
te_f0l4_seed42,TE F0L4,9130,2.67114520072937,3.57545804977417,0.09595087915658951,19407.95675598854,621046.875,49.95560620418773,38295568384.0,0.0003,exported_float_payload,False
te_f0l4_seed42,TE F0L4,9140,2.652050495147705,3.2302041053771973,0.07783439755439758,19399.440435094195,620774.125,49.9336854024127,38337511424.0,0.0003,exported_float_payload,False
te_f0l4_seed42,TE F0L4,9150,2.584512233734131,2.9433422088623047,0.08253221213817596,19176.518976013813,613641.3125,49.35989101672363,38379454464.0,0.0003,exported_float_payload,False
te_f0l4_seed42,TE F0L4,9160,2.609962224960327,3.084620714187622,0.1054459735751152,19395.45172583654,620647.125,49.92341856229946,38421397504.0,0.0003,exported_float_payload,False
te_f0l4_seed42,TE F0L4,9170,2.649418830871582,3.1236963272094727,0.08445505797863007,19402.939323092287,620886.5,49.94269145457897,38463340544.0,0.0003,exported_float_payload,False
te_f0l4_seed42,TE F0L4,9180,2.6157827377319336,3.11297345161438,0.07601337134838104,19404.81784734579,620947.1875,49.94752673008133,38505283584.0,0.0003,exported_float_payload,False
te_f0l4_seed42,TE F0L4,9190,2.641684055328369,3.137110710144043,0.0859929770231247,19400.701096293506,620815.0625,49.936930313519085,38547226624.0,0.0003,exported_float_payload,False
te_f0l4_seed42,TE F0L4,9200,2.6436197757720947,3.12341570854187,0.07556922733783722,19366.387898951107,619717.4375,49.848608982448795,38589169664.0,0.0003,exported_float_payload,False
te_f0l4_seed42,TE F0L4,9210,2.5986342430114746,3.0253357887268066,0.10306774824857712,19418.13125150795,621373.25,49.98179510690863,38631112704.0,0.0003,exported_float_payload,False
te_f0l4_seed42,TE F0L4,9220,2.604830503463745,3.3256142139434814,0.0886622965335846,19410.407935201853,621125.8125,49.96191547955637,38673055744.0,0.0003,exported_float_payload,False
te_f0l4_seed42,TE F0L4,9230,2.5986671447753906,2.9924776554107666,0.07951977103948593,18464.85904144901,590868.75,47.52809574381591,38714998784.0,0.0003,exported_float_payload,False
te_f0l4_seed42,TE F0L4,9240,2.5823147296905518,2.898897647857666,0.07903881371021271,19385.21333589123,620318.375,49.897065196888384,38756941824.0,0.0003,exported_float_payload,False
te_f0l4_seed42,TE F0L4,9250,2.625065565109253,3.173933982849121,0.09563609957695007,18596.96125819078,595095.3125,47.86812362007423,38798884864.0,0.0003,exported_float_payload,False
te_f0l4_seed42,TE F0L4,9260,2.6898202896118164,5.702607154846191,0.0824679285287857,18640.040544984346,596473.6875,47.979008651078466,38840827904.0,0.0003,exported_float_payload,False
te_f0l4_seed42,TE F0L4,9270,2.632993459701538,2.982940912246704,0.41878098249435425,19401.454961520278,620837.875,49.938870744182296,38882770944.0,0.0003,exported_float_payload,False
te_f0l4_seed42,TE F0L4,9280,2.642909526824951,3.649359941482544,0.11175571382045746,19396.597545996912,620683.4375,49.92636787537925,38924713984.0,0.0003,exported_float_payload,False
te_f0l4_seed42,TE F0L4,9290,2.5915403366088867,3.0268490314483643,0.08277621865272522,19400.135144611697,620795.75,49.93547356772649,38966657024.0,0.0003,exported_float_payload,False
te_f0l4_seed42,TE F0L4,9300,2.6024274826049805,3.1007204055786133,0.07310622185468674,19378.588359486537,620107.625,49.88001266959014,39008600064.0,0.0003,exported_float_payload,False
te_f0l4_seed42,TE F0L4,9310,2.6078948974609375,2.9943370819091797,0.07892648875713348,19395.53155767312,620649.3125,49.92362404749509,39050543104.0,0.0003,exported_float_payload,False
te_f0l4_seed42,TE F0L4,9320,2.592801332473755,3.207805633544922,0.09006789326667786,19413.076118486148,621211.125,49.968783318098396,39092486144.0,0.0003,exported_float_payload,False
te_f0l4_seed42,TE F0L4,9330,2.5975711345672607,2.974991798400879,0.09951973706483841,19389.989865010346,620472,49.90935986606441,39134429184.0,0.0003,exported_float_payload,False
te_f0l4_seed42,TE F0L4,9340,2.608046770095825,3.3482136726379395,0.07223916798830032,18925.199350714287,605598.4375,48.71300044546484,39176372224.0,0.0003,exported_float_payload,False
te_f0l4_seed42,TE F0L4,9350,2.6160995960235596,2.9861502647399902,0.10126543045043945,19373.594418311553,619946.875,49.8671583870976,39218315264.0,0.0003,exported_float_payload,False
te_f0l4_seed42,TE F0L4,9360,2.611823081970215,3.090491771697998,0.08082875609397888,18739.8659873317,599668.25,48.235956899148135,39260258304.0,0.0003,exported_float_payload,False
te_f0l4_seed42,TE F0L4,9370,2.6510915756225586,2.9868030548095703,0.08448822051286697,19395.605497831977,620651.8125,49.9238143676563,39302201344.0,0.0003,exported_float_payload,False
te_f0l4_seed42,TE F0L4,9380,2.639397621154785,2.9629712104797363,0.08459223061800003,19421.906134282373,621492.4375,49.991511562881655,39344144384.0,0.0003,exported_float_payload,False
te_f0l4_seed42,TE F0L4,9390,2.6093838214874268,3.200230121612549,0.09979066997766495,19409.791130582023,621104.6875,49.96032783954457,39386087424.0,0.0003,exported_float_payload,False
te_f0l4_seed42,TE F0L4,9400,2.607661724090576,3.0674285888671875,0.07325509935617447,19354.371614511412,619332.375,49.81767936007515,39428030464.0,0.0003,exported_float_payload,False
te_f0l4_seed42,TE F0L4,9410,2.6343178749084473,3.153949499130249,0.0936099961400032,18959.220168829426,606687.375,48.80056919955226,39469973504.0,0.0003,exported_float_payload,False
te_f0l4_seed42,TE F0L4,9420,2.600987195968628,3.014131546020508,0.08299922943115234,19388.499894285396,620423.5625,49.90552471784519,39511916544.0,0.0003,exported_float_payload,False
te_f0l4_seed42,TE F0L4,9430,2.609506607055664,3.0019776821136475,0.09241759032011032,18626.723679902214,596047.8125,47.94473136592777,39553859584.0,0.0003,exported_float_payload,False
te_f0l4_seed42,TE F0L4,9440,2.5790767669677734,2.92500376701355,0.07408786565065384,18495.387151936782,591846.3125,47.606674353860186,39595802624.0,0.0003,exported_float_payload,False
te_f0l4_seed42,TE F0L4,9450,2.6270575523376465,3.0670599937438965,0.07936931401491165,19357.555134674498,619434.875,49.82587366314423,39637745664.0,0.0003,exported_float_payload,False
te_f0l4_seed42,TE F0L4,9460,2.6055145263671875,3.054011583328247,0.07813325524330139,19405.683236731682,620974.875,49.94975422120358,39679688704.0,0.0003,exported_float_payload,False
te_f0l4_seed42,TE F0L4,9470,2.63012957572937,3.023444652557373,0.11406255513429642,19389.884551554078,620468.9375,49.90908879180268,39721631744.0,0.0003,exported_float_payload,False
te_f0l4_seed42,TE F0L4,9480,2.5895943641662598,2.929385185241699,0.07210616022348404,19386.150725454518,620349,49.89947801470699,39763574784.0,0.0003,exported_float_payload,False
te_f0l4_seed42,TE F0L4,9490,2.6265835762023926,3.2622671127319336,0.0837268978357315,19393.381988281984,620580,49.91809110843498,39805517824.0,0.0003,exported_float_payload,False
te_f0l4_seed42,TE F0L4,9500,2.5941927433013916,3.092186212539673,0.09180673956871033,19365.82453260609,619700.125,49.8471588912499,39847460864.0,0.0003,exported_float_payload,False
te_f0l4_seed42,TE F0L4,9510,2.5940592288970947,3.0094456672668457,0.08918531984090805,19397.68866932082,620718.3125,49.929176400139205,39889403904.0,0.0003,exported_float_payload,False
te_f0l4_seed42,TE F0L4,9520,2.578477382659912,3.0961742401123047,0.07962995767593384,19394.603549849322,620618.8125,49.921235378044564,39931346944.0,0.0003,exported_float_payload,False
te_f0l4_seed42,TE F0L4,9530,2.6232073307037354,3.0373082160949707,0.07649186253547668,19400.180642830863,620797.875,49.935590679030284,39973289984.0,0.0003,exported_float_payload,False
te_f0l4_seed42,TE F0L4,9540,2.620016574859619,3.0303168296813965,0.07304545491933823,19392.491422186577,620552.25,49.915798813077956,40015233024.0,0.0003,exported_float_payload,False
te_f0l4_seed42,TE F0L4,9550,2.6148929595947266,2.973073959350586,0.09069117903709412,19361.342242860846,619555.875,49.83562158702866,40057176064.0,0.0003,exported_float_payload,False
te_f0l4_seed42,TE F0L4,9560,2.600914716720581,2.9779677391052246,0.07932359725236893,19404.16505087637,620926.1875,49.94584644792861,40099119104.0,0.0003,exported_float_payload,False
te_f0l4_seed42,TE F0L4,9570,2.6260578632354736,2.9451663494110107,0.08132223784923553,19386.119736790388,620347.6875,49.89939825064314,40141062144.0,0.0003,exported_float_payload,False
te_f0l4_seed42,TE F0L4,9580,2.6070713996887207,3.5909128189086914,0.11657945066690445,19389.049765528172,620442.25,49.90694007298085,40183005184.0,0.0003,exported_float_payload,False
te_f0l4_seed42,TE F0L4,9590,2.661607027053833,3.1897811889648438,0.08674528449773788,18722.989898867934,599129.0625,48.19251826002901,40224948224.0,0.0003,exported_float_payload,False
te_f0l4_seed42,TE F0L4,9600,2.606154203414917,2.956193447113037,0.09421831369400024,19365.324730420707,619683.5625,49.84587241264389,40266891264.0,0.0003,exported_float_payload,False
te_f0l4_seed42,TE F0L4,9610,2.611121892929077,3.1093709468841553,0.07448139041662216,19376.352086523162,620036.25,49.8742565576548,40308834304.0,0.0003,exported_float_payload,False
te_f0l4_seed42,TE F0L4,9620,2.6030783653259277,3.001668691635132,0.08108445256948471,19386.782022954914,620369.6875,49.90110295903905,40350777344.0,0.0003,exported_float_payload,False
te_f0l4_seed42,TE F0L4,9630,2.5664432048797607,2.95963191986084,0.06962240487337112,19379.626668366767,620140.5,49.88268525126327,40392720384.0,0.0003,exported_float_payload,False
te_f0l4_seed42,TE F0L4,9640,2.6038622856140137,3.1174607276916504,0.09212907403707504,19396.452630151824,620678.9375,49.925994865536886,40434663424.0,0.0003,exported_float_payload,False
te_f0l4_seed42,TE F0L4,9650,2.577274799346924,2.9770896434783936,0.08187075704336166,19364.60367859788,619660.9375,49.8440164428802,40476606464.0,0.0003,exported_float_payload,False
te_f0l4_seed42,TE F0L4,9660,2.584620475769043,2.9804258346557617,0.09961672127246857,18956.10857501207,606588.875,48.79256003313862,40518549504.0,0.0003,exported_float_payload,False
te_f0l4_seed42,TE F0L4,9670,2.6098592281341553,2.9815502166748047,0.08214373141527176,19391.850618462988,620530.4375,49.91414939995981,40560492544.0,0.0003,exported_float_payload,False
te_f0l4_seed42,TE F0L4,9680,2.6127333641052246,3.085892677307129,0.07480832934379578,19407.089023969285,621017.6875,49.95337268318448,40602435584.0,0.0003,exported_float_payload,False
te_f0l4_seed42,TE F0L4,9690,2.6363942623138428,3.0729117393493652,0.07419001311063766,19390.328893727165,620481.625,49.910232517692926,40644378624.0,0.0003,exported_float_payload,False
te_f0l4_seed42,TE F0L4,9700,2.598482608795166,2.985291004180908,0.07792937755584717,18712.992420374376,598808.6875,48.16678499480495,40686321664.0,0.0003,exported_float_payload,False
te_f0l4_seed42,TE F0L4,9710,2.5914759635925293,2.9980759620666504,0.09997693449258804,19390.92170687271,620502.875,49.91175840423646,40728264704.0,0.0003,exported_float_payload,False
te_f0l4_seed42,TE F0L4,9720,2.58713960647583,3.027153491973877,0.09886246919631958,19395.969257857338,620663.3125,49.924750677068374,40770207744.0,0.0003,exported_float_payload,False
te_f0l4_seed42,TE F0L4,9730,2.5992817878723145,2.939439058303833,0.08885344117879868,18508.093378456175,592250.75,47.63937987027928,40812150784.0,0.0003,exported_float_payload,False
te_f0l4_seed42,TE F0L4,9740,2.5733895301818848,2.9300265312194824,0.0702771469950676,19392.28732738902,620545.4375,49.91527347805876,40854093824.0,0.0003,exported_float_payload,False
te_f0l4_seed42,TE F0L4,9750,2.6293389797210693,3.0814626216888428,0.08272667974233627,19353.249835620412,619297.0625,49.81479192863496,40896036864.0,0.0003,exported_float_payload,False
te_f0l4_seed42,TE F0L4,9760,2.567603588104248,2.988690137863159,0.09313980489969254,19400.700385975033,620814.25,49.93692848517669,40937979904.0,0.0003,exported_float_payload,False
te_f0l4_seed42,TE F0L4,9770,2.579298973083496,2.9794564247131348,0.0826728492975235,19389.434413284125,620454.5,49.9079301469008,40979922944.0,0.0003,exported_float_payload,False
te_f0l4_seed42,TE F0L4,9780,2.6001949310302734,3.018613815307617,0.08702138811349869,19402.21188994805,620863.1875,49.94081905944999,41021865984.0,0.0003,exported_float_payload,False
te_f0l4_seed42,TE F0L4,9790,2.534256935119629,2.869764804840088,0.10955721884965897,19394.107828333217,620604.375,49.91995940298151,41063809024.0,0.0003,exported_float_payload,False
te_f0l4_seed42,TE F0L4,9800,2.5925891399383545,2.954143524169922,0.09161149710416794,19353.79214301064,619314.0625,49.816187814599076,41105752064.0,0.0003,exported_float_payload,False
te_f0l4_seed42,TE F0L4,9810,2.5847105979919434,3.048495292663574,0.10216306149959564,19386.130866645868,620348.8125,49.89942689861903,41147695104.0,0.0003,exported_float_payload,False
te_f0l4_seed42,TE F0L4,9820,2.5838887691497803,2.9938461780548096,0.0924384593963623,19385.2888956118,620322.125,49.89725968576185,41189638144.0,0.0003,exported_float_payload,False
te_f0l4_seed42,TE F0L4,9830,2.5912694931030273,2.9869179725646973,0.08436180651187897,19390.325889588694,620482.5625,49.91022478511395,41231581184.0,0.0003,exported_float_payload,False
te_f0l4_seed42,TE F0L4,9840,2.619622230529785,3.028162717819214,0.091559499502182,19395.76018136314,620657.0625,49.92421251928381,41273524224.0,0.0003,exported_float_payload,False
te_f0l4_seed42,TE F0L4,9850,2.607985019683838,2.9954328536987305,0.07989848405122757,19365.292865019088,619682.3125,49.84579039187917,41315467264.0,0.0003,exported_float_payload,False
te_f0l4_seed42,TE F0L4,9860,2.563007354736328,2.9577717781066895,0.07329372316598892,19399.108087021417,620763.5,49.932829946598616,41357410304.0,0.0003,exported_float_payload,False
te_f0l4_seed42,TE F0L4,9870,2.6063685417175293,3.2956862449645996,0.07442650198936462,19387.773746394632,620400.5,49.90365563092723,41399353344.0,0.0003,exported_float_payload,False
te_f0l4_seed42,TE F0L4,9880,2.6069223880767822,2.988835573196411,0.0929475799202919,19395.11095460745,620635.5625,49.92254142548696,41441296384.0,0.0003,exported_float_payload,False
te_f0l4_seed42,TE F0L4,9890,2.619387626647949,3.192600965499878,0.07552602142095566,19390.145500059396,620477.125,49.909760466875696,41483239424.0,0.0003,exported_float_payload,False
te_f0l4_seed42,TE F0L4,9900,2.5862865447998047,2.941319704055786,0.08657103776931763,19131.426210241498,612198.1875,49.24382334005362,41525182464.0,0.0003,exported_float_payload,False
te_f0l4_seed42,TE F0L4,9910,2.614051342010498,3.0080738067626953,0.08335407078266144,19402.899095052162,620885.4375,49.942587908587186,41567125504.0,0.0003,exported_float_payload,False
te_f0l4_seed42,TE F0L4,9920,2.6067254543304443,2.9621243476867676,0.076169952750206,19398.985603645335,620759.75,49.932514677383054,41609068544.0,0.0003,exported_float_payload,False
te_f0l4_seed42,TE F0L4,9930,2.6004209518432617,3.2558984756469727,0.09896883368492126,19399.454899545817,620775.125,49.933722633557544,41651011584.0,0.0003,exported_float_payload,False
te_f0l4_seed42,TE F0L4,9940,2.6007986068725586,2.9917173385620117,0.08284132927656174,19402.05690261896,620856.8125,49.94042012585405,41692954624.0,0.0003,exported_float_payload,False
te_f0l4_seed42,TE F0L4,9950,2.5923194885253906,2.967681884765625,0.08128176629543304,19365.902949554304,619701.5625,49.84736073455747,41734897664.0,0.0003,exported_float_payload,False
te_f0l4_seed42,TE F0L4,9960,2.5801544189453125,3.3282949924468994,0.09208903461694717,19391.158491798702,620510.25,49.91236788284706,41776840704.0,0.0003,exported_float_payload,False
te_f0l4_seed42,TE F0L4,9970,2.597301959991455,3.017357587814331,0.08359695225954056,19410.230723700864,621120.5,49.96145934148529,41818783744.0,0.0003,exported_float_payload,False
te_f0l4_seed42,TE F0L4,9980,2.6116459369659424,3.082218885421753,0.08717551082372665,19392.017077182743,620537.5,49.91457786063488,41860726784.0,0.0003,exported_float_payload,False
te_f0l4_seed42,TE F0L4,9990,2.635636568069458,3.134594678878784,0.09076696634292603,14668.044566410814,469373.4375,37.75518810958788,41902669824.0,0.0003,exported_float_payload,False
te_f0l4_seed42,TE F0L4,10000,2.5802390575408936,3.043437957763672,0.1193847730755806,13289.282347964865,425253.4375,34.20628786728672,41944612864.0,0.0003,exported_float_payload,False
te_f0l4_seed42,TE F0L4,10010,2.5826783180236816,3.0875062942504883,0.08735968172550201,13214.315216434154,422854.46875,34.0133243035231,41986555904.0,0.0003,exported_float_payload,False
te_f0l4_seed42,TE F0L4,10020,2.5608763694763184,3.056729793548584,0.06737972795963287,15525.266878602753,496800.375,39.961657383798844,42028498944.0,0.0003,exported_float_payload,False
te_f0l4_seed42,TE F0L4,10030,2.5510895252227783,3.033529758453369,0.08653362840414047,16944.672191646,542220.375,43.61517195795107,42070441984.0,0.0003,exported_float_payload,False
te_f0l4_seed42,TE F0L4,10040,2.5456228256225586,2.9361443519592285,0.0855627954006195,18457.658810883862,590635.4375,47.50956252637245,42112385024.0,0.0003,exported_float_payload,False
te_f0l4_seed42,TE F0L4,10050,2.5454487800598145,3.0749711990356445,0.08261480182409286,18509.3958289475,592290.5,47.642732346001644,42154328064.0,0.0003,exported_float_payload,False
te_f0l4_seed42,TE F0L4,10060,2.5641403198242188,3.028498649597168,0.08625073730945587,19368.92671512009,619795.625,49.85514383319878,42196271104.0,0.0003,exported_float_payload,False
te_f0l4_seed42,TE F0L4,10070,2.571362018585205,2.955568790435791,0.07040444761514664,19393.658085637057,620589.625,49.91880177627691,42238214144.0,0.0003,exported_float_payload,False
te_f0l4_seed42,TE F0L4,10080,2.6441540718078613,3.1450419425964355,0.07334952801465988,18457.198680987505,590623.5,47.50837816326849,42280157184.0,0.0003,exported_float_payload,False
te_f0l4_seed42,TE F0L4,10090,2.5946638584136963,2.9639604091644287,0.07639176398515701,19394.774249124042,620624.75,49.921674753804446,42322100224.0,0.0003,exported_float_payload,False
te_f0l4_seed42,TE F0L4,10100,2.558446168899536,2.9066853523254395,0.08775191754102707,18567.190401628617,594142,47.79149416312112,42364043264.0,0.0003,exported_float_payload,False
te_f0l4_seed42,TE F0L4,10110,2.618651866912842,3.1830973625183105,0.08061433583498001,19404.11187261415,620923.5625,49.94570956838176,42405986304.0,0.0003,exported_float_payload,False
te_f0l4_seed42,TE F0L4,10120,2.5822200775146484,2.9996323585510254,0.09147808700799942,19403.32219104919,620897.875,49.94367694733968,42447929344.0,0.0003,exported_float_payload,False
te_f0l4_seed42,TE F0L4,10130,2.6136932373046875,2.987636089324951,0.09357408434152603,18688.470603504007,598023.3125,48.103666437689995,42489872384.0,0.0003,exported_float_payload,False
te_f0l4_seed42,TE F0L4,10140,2.5897345542907715,2.9581704139709473,0.07227130979299545,19386.719239192316,620366.875,49.90094135516906,42531815424.0,0.0003,exported_float_payload,False
te_f0l4_seed42,TE F0L4,10150,2.570643663406372,2.9191877841949463,0.08027227222919464,18661.395657126664,597157.4375,48.033976187643006,42573758464.0,0.0003,exported_float_payload,False
te_f0l4_seed42,TE F0L4,10160,2.6045289039611816,2.948371410369873,0.06620574742555618,19066.452422970975,610118.9375,49.07658240009845,42615701504.0,0.0003,exported_float_payload,False
te_f0l4_seed42,TE F0L4,10170,2.5644094944000244,2.8972909450531006,0.0909244567155838,19400.650427931218,620812.9375,49.936799894393296,42657644544.0,0.0003,exported_float_payload,False
te_f0l4_seed42,TE F0L4,10180,2.537341833114624,3.0488758087158203,0.11584262549877167,19405.306401251444,620961.75,49.94878425589032,42699587584.0,0.0003,exported_float_payload,False
te_f0l4_seed42,TE F0L4,10190,2.6350321769714355,3.1921801567077637,0.10856684297323227,19411.44107531433,621158.625,49.96457475694768,42741530624.0,0.0003,exported_float_payload,False
te_f0l4_seed42,TE F0L4,10200,2.6126492023468018,3.0540027618408203,0.07729951292276382,19375.152578386238,619997.375,49.87116905303594,42783473664.0,0.0003,exported_float_payload,False
te_f0l4_seed42,TE F0L4,10210,2.5878734588623047,3.2156429290771484,0.07689925283193588,19400.39333429202,620805.375,49.936138141651426,42825416704.0,0.0003,exported_float_payload,False
te_f0l4_seed42,TE F0L4,10220,2.609011650085449,3.102613925933838,0.0803116112947464,18477.648655296027,591278.25,47.56101589717765,42867359744.0,0.0003,exported_float_payload,False
te_f0l4_seed42,TE F0L4,10230,2.6147515773773193,3.0361361503601074,0.10016243159770966,19401.64410009431,620840.375,49.939357582247794,42909302784.0,0.0003,exported_float_payload,False
te_f0l4_seed42,TE F0L4,10240,2.554537296295166,3.0584893226623535,0.0949176624417305,19404.848554953332,620947.875,49.94760577071241,42951245824.0,0.0003,exported_float_payload,False
te_f0l4_seed42,TE F0L4,10250,2.599569797515869,2.944969892501831,0.07796648889780045,19375.948928230573,620022.9375,49.873218838066094,42993188864.0,0.0003,exported_float_payload,False
te_f0l4_seed42,TE F0L4,10260,2.5783209800720215,3.0449705123901367,0.08927050977945328,18466.90747411313,590934.3125,47.53336835941327,43035131904.0,0.0003,exported_float_payload,False
te_f0l4_seed42,TE F0L4,10270,2.605807304382324,3.079174518585205,0.06854954361915588,19391.253089455586,620512.875,49.91261137490314,43077074944.0,0.0003,exported_float_payload,False
te_f0l4_seed42,TE F0L4,10280,2.5775203704833984,3.2909140586853027,0.084676593542099,18255.80557512766,584179.3125,46.98999723244389,43119017984.0,0.0003,exported_float_payload,False
te_f0l4_seed42,TE F0L4,10290,2.583355188369751,2.9255805015563965,0.07292511314153671,19402.15308365958,620860.875,49.94066769350117,43160961024.0,0.0003,exported_float_payload,False
te_f0l4_seed42,TE F0L4,10300,2.594892740249634,3.3022103309631348,0.08476927876472473,19362.710417454633,619599.375,49.839143234983936,43202904064.0,0.0003,exported_float_payload,False
te_f0l4_seed42,TE F0L4,10310,2.5679445266723633,2.925149917602539,0.08446633070707321,19388.399380775867,620419,49.905265998529025,43244847104.0,0.0003,exported_float_payload,False
te_f0l4_seed42,TE F0L4,10320,2.5174429416656494,2.917875051498413,0.07795994728803635,18866.90437115843,603732.625,48.56295059328373,43286790144.0,0.0003,exported_float_payload,False
te_f0l4_seed42,TE F0L4,10330,2.595383644104004,2.942763090133667,0.07988619804382324,19376.42031302562,620037,49.87443217100414,43328733184.0,0.0003,exported_float_payload,False
te_f0l4_seed42,TE F0L4,10340,2.5905606746673584,3.03076171875,0.0833715870976448,19392.70125205035,620558.875,49.91633891001739,43370676224.0,0.0003,exported_float_payload,False
te_f0l4_seed42,TE F0L4,10350,2.5922248363494873,3.020859956741333,0.09341413527727127,19372.38738032291,619909.125,49.864051500824495,43412619264.0,0.0003,exported_float_payload,False
te_f0l4_seed42,TE F0L4,10360,2.578667163848877,2.9468116760253906,0.07735898345708847,19390.10726854818,620479.9375,49.90966205990051,43454562304.0,0.0003,exported_float_payload,False
te_f0l4_seed42,TE F0L4,10370,2.6091649532318115,3.6178250312805176,0.1073586642742157,19396.2333967167,620672.1875,49.925430564034706,43496505344.0,0.0003,exported_float_payload,False
te_f0l4_seed42,TE F0L4,10380,2.5308070182800293,2.917316436767578,0.07343458384275436,19397.482324437766,620710.5,49.92864527345494,43538448384.0,0.0003,exported_float_payload,False
te_f0l4_seed42,TE F0L4,10390,2.589711904525757,2.9894981384277344,0.08229464292526245,19403.062422172017,620890,49.943008308600675,43580391424.0,0.0003,exported_float_payload,False
te_f0l4_seed42,TE F0L4,10400,2.6018757820129395,2.9758145809173584,0.10127971321344376,19355.62989866749,619372.0625,49.82091815273036,43622334464.0,0.0003,exported_float_payload,False
te_f0l4_seed42,TE F0L4,10410,2.595370292663574,2.9809107780456543,0.07284761220216751,18468.93277363233,590998.375,47.538581430861164,43664277504.0,0.0003,exported_float_payload,False
te_f0l4_seed42,TE F0L4,10420,2.6194870471954346,3.2311129570007324,0.07342599332332611,19387.964068602374,620403.0625,49.90414551563696,43706220544.0,0.0003,exported_float_payload,False
te_f0l4_seed42,TE F0L4,10430,2.5758025646209717,3.085742950439453,0.10752084851264954,19388.860568719814,620435.4375,49.90645308502162,43748163584.0,0.0003,exported_float_payload,False
te_f0l4_seed42,TE F0L4,10440,2.579768657684326,2.9060401916503906,0.06917495280504227,19384.339930537433,620291.6875,49.89481707286073,43790106624.0,0.0003,exported_float_payload,False
te_f0l4_seed42,TE F0L4,10450,2.5946130752563477,2.9886956214904785,0.0952787920832634,19357.123749541686,619419.5,49.82476328835887,43832049664.0,0.0003,exported_float_payload,False
te_f0l4_seed42,TE F0L4,10460,2.6055407524108887,3.0357308387756348,0.07540411502122879,19382.42994291467,620228.4375,49.88990081141512,43873992704.0,0.0003,exported_float_payload,False
te_f0l4_seed42,TE F0L4,10470,2.6281089782714844,3.5232248306274414,0.10219274461269379,19380.574590466615,620169.375,49.88512517957348,43915935744.0,0.0003,exported_float_payload,False
te_f0l4_seed42,TE F0L4,10480,2.5678205490112305,2.917203426361084,0.07365305721759796,19394.588523879174,620618.9375,49.92119670156477,43957878784.0,0.0003,exported_float_payload,False
te_f0l4_seed42,TE F0L4,10490,2.5820045471191406,2.9500732421875,0.1007467657327652,19391.828271882,620531.125,49.91409188040668,43999821824.0,0.0003,exported_float_payload,False
te_f0l4_seed42,TE F0L4,10500,2.567002773284912,2.9816174507141113,0.08019450306892395,18793.576950784645,601388.0625,48.37420760595039,44041764864.0,0.0003,exported_float_payload,False
te_f0l4_seed42,TE F0L4,10510,2.575366973876953,2.9368247985839844,0.10249023139476776,19387.024591772966,620376,49.90172732524639,44083707904.0,0.0003,exported_float_payload,False
te_f0l4_seed42,TE F0L4,10520,2.560948133468628,2.9534952640533447,0.07092735916376114,18312.18384326085,585983.25,47.13511351628282,44125650944.0,0.0003,exported_float_payload,False
te_f0l4_seed42,TE F0L4,10530,2.5809240341186523,3.0232596397399902,0.09190163016319275,19395.019997114458,620631.375,49.92230730312372,44167593984.0,0.0003,exported_float_payload,False
te_f0l4_seed42,TE F0L4,10540,2.5811116695404053,2.987494707107544,0.09063224494457245,18830.004129787147,602551.3125,48.46797027413115,44209537024.0,0.0003,exported_float_payload,False
te_f0l4_seed42,TE F0L4,10550,2.5884203910827637,2.9672048091888428,0.08680155873298645,19359.457297954963,619494.5625,49.83076978492405,44251480064.0,0.0003,exported_float_payload,False
te_f0l4_seed42,TE F0L4,10560,2.609797477722168,3.240041732788086,0.07555681467056274,18598.137390517943,595132,47.87115095593026,44293423104.0,0.0003,exported_float_payload,False
te_f0l4_seed42,TE F0L4,10570,2.6046814918518066,2.9993181228637695,0.07494556158781052,18433.409795555453,589862.1875,47.44714615375705,44335366144.0,0.0003,exported_float_payload,False
te_f0l4_seed42,TE F0L4,10580,2.571359395980835,2.956742286682129,0.07293948531150818,18784.1815144924,601086.5625,48.35002398263377,44377309184.0,0.0003,exported_float_payload,False
te_f0l4_seed42,TE F0L4,10590,2.598879814147949,3.0403285026550293,0.08897066116333008,19387.83391021044,620403,49.903810491118236,44419252224.0,0.0003,exported_float_payload,False
te_f0l4_seed42,TE F0L4,10600,2.5866150856018066,3.003617763519287,0.06913933902978897,19367.064163914358,619739.625,49.85034967193088,44461195264.0,0.0003,exported_float_payload,False
te_f0l4_seed42,TE F0L4,10610,2.576125383377075,3.1751046180725098,0.1396384835243225,19401.310095579778,620834.1875,49.93849786279313,44503138304.0,0.0003,exported_float_payload,False
te_f0l4_seed42,TE F0L4,10620,2.5893466472625732,3.067405939102173,0.06284589320421219,19383.44912975395,620262.6875,49.892524173422345,44545081344.0,0.0003,exported_float_payload,False
te_f0l4_seed42,TE F0L4,10630,2.555683135986328,2.953812599182129,0.0844745934009552,19385.374020992196,620320.5625,49.89747879640985,44587024384.0,0.0003,exported_float_payload,False
te_f0l4_seed42,TE F0L4,10640,2.588454008102417,2.9098963737487793,0.07253355532884598,19379.00664464824,620119.875,49.88108932537013,44628967424.0,0.0003,exported_float_payload,False
te_f0l4_seed42,TE F0L4,10650,2.5671162605285645,2.9164657592773438,0.07026533782482147,19368.951871853216,619799.25,49.85520858601481,44670910464.0,0.0003,exported_float_payload,False
te_f0l4_seed42,TE F0L4,10660,2.596306800842285,3.003640651702881,0.08678209036588669,19381.501969390993,620197.8125,49.88751223025227,44712853504.0,0.0003,exported_float_payload,False
te_f0l4_seed42,TE F0L4,10670,2.618544101715088,3.376394748687744,0.09403568506240845,19396.391810827885,620676,49.92583831808398,44754796544.0,0.0003,exported_float_payload,False
te_f0l4_seed42,TE F0L4,10680,2.579784631729126,2.932512044906616,0.06942255795001984,19397.407630482816,620709.5,49.928453013041015,44796739584.0,0.0003,exported_float_payload,False
te_f0l4_seed42,TE F0L4,10690,2.607919216156006,3.0791633129119873,0.08961270749568939,19387.890467400928,620404.625,49.903956067943845,44838682624.0,0.0003,exported_float_payload,False
te_f0l4_seed42,TE F0L4,10700,2.6065480709075928,3.194089412689209,0.07038222998380661,19361.486076252753,619559.8125,49.835991810662996,44880625664.0,0.0003,exported_float_payload,False
te_f0l4_seed42,TE F0L4,10710,2.6073107719421387,3.0340213775634766,0.07779033482074738,19378.01042051101,620089.1875,49.87852506879658,44922568704.0,0.0003,exported_float_payload,False
te_f0l4_seed42,TE F0L4,10720,2.563835620880127,2.949352979660034,0.07765211910009384,18674.41631092071,597574.1875,48.06749103217994,44964511744.0,0.0003,exported_float_payload,False
te_f0l4_seed42,TE F0L4,10730,2.6280903816223145,3.274721622467041,0.08103250712156296,19379.024110768485,620121.5,49.88113428273662,45006454784.0,0.0003,exported_float_payload,False
te_f0l4_seed42,TE F0L4,10740,2.616527557373047,3.052503824234009,0.0853094533085823,19388.43628954498,620421.5,49.90536100079837,45048397824.0,0.0003,exported_float_payload,False
te_f0l4_seed42,TE F0L4,10750,2.617231607437134,3.070659637451172,0.07477455586194992,19366.016708420764,619689.5,49.84765354709856,45090340864.0,0.0003,exported_float_payload,False
te_f0l4_seed42,TE F0L4,10760,2.604633092880249,3.022336483001709,0.0754421055316925,19393.350837532264,620579.4375,49.91801092716677,45132283904.0,0.0003,exported_float_payload,False
te_f0l4_seed42,TE F0L4,10770,2.6321449279785156,3.515549421310425,0.07755529135465622,19380.652854155473,620173.4375,49.885326628395205,45174226944.0,0.0003,exported_float_payload,False
te_f0l4_seed42,TE F0L4,10780,2.5479135513305664,2.9826464653015137,0.10634054243564606,18482.61112609664,591442.3125,47.573789175695936,45216169984.0,0.0003,exported_float_payload,False
te_f0l4_seed42,TE F0L4,10790,2.5789315700531006,2.8864574432373047,0.0763460174202919,19387.17198135217,620381.9375,49.90210670241989,45258113024.0,0.0003,exported_float_payload,False
te_f0l4_seed42,TE F0L4,10800,2.5965635776519775,3.0976996421813965,0.07498066127300262,19375.535014712295,620009.625,49.87215343478941,45300056064.0,0.0003,exported_float_payload,False
te_f0l4_seed42,TE F0L4,10810,2.556478500366211,2.9672555923461914,0.07093807309865952,19388.23798151694,620416.75,49.904850560782435,45341999104.0,0.0003,exported_float_payload,False
te_f0l4_seed42,TE F0L4,10820,2.5905771255493164,4.175513744354248,0.09242261201143265,19379.260162247494,620128.25,49.881741873472606,45383942144.0,0.0003,exported_float_payload,False
te_f0l4_seed42,TE F0L4,10830,2.5534725189208984,2.919682025909424,0.08467785269021988,19389.184270822865,620445.875,49.907286286321,45425885184.0,0.0003,exported_float_payload,False
te_f0l4_seed42,TE F0L4,10840,2.5734429359436035,3.0352063179016113,0.09270408749580383,19402.80677863703,620882.9375,49.942350288391594,45467828224.0,0.0003,exported_float_payload,False
te_f0l4_seed42,TE F0L4,10850,2.5722429752349854,2.946603536605835,0.06797832995653152,19364.88038372671,619669.0625,49.84472867511693,45509771264.0,0.0003,exported_float_payload,False
te_f0l4_seed42,TE F0L4,10860,2.5830297470092773,3.093173027038574,0.06354539841413498,19401.38783437993,620837.25,49.93869796056417,45551714304.0,0.0003,exported_float_payload,False
te_f0l4_seed42,TE F0L4,10870,2.588503837585449,3.114591598510742,0.0897679403424263,19386.754370190112,620368.5,49.9010317814985,45593657344.0,0.0003,exported_float_payload,False
te_f0l4_seed42,TE F0L4,10880,2.566375970840454,3.0045886039733887,0.06946633011102676,19400.30558398787,620802.0625,49.93591227451385,45635600384.0,0.0003,exported_float_payload,False
te_f0l4_seed42,TE F0L4,10890,2.5996687412261963,2.92785906791687,0.08113319426774979,19394.971257722515,620631.8125,49.92218184912044,45677543424.0,0.0003,exported_float_payload,False
te_f0l4_seed42,TE F0L4,10900,2.5863518714904785,3.0000150203704834,0.07358111441135406,19370.2911161303,619842.5,49.85865576804219,45719486464.0,0.0003,exported_float_payload,False
te_f0l4_seed42,TE F0L4,10910,2.5814430713653564,2.9627761840820312,0.07087771594524384,19398.972754670933,620759.6875,49.93248160443708,45761429504.0,0.0003,exported_float_payload,False
te_f0l4_seed42,TE F0L4,10920,2.5530171394348145,3.0867834091186523,0.09731166809797287,18697.924284830046,598326.625,48.12799998229962,45803372544.0,0.0003,exported_float_payload,False
te_f0l4_seed42,TE F0L4,10930,2.561101198196411,2.9371955394744873,0.07019469141960144,19387.089122776706,620378.625,49.90189342647237,45845315584.0,0.0003,exported_float_payload,False
te_f0l4_seed42,TE F0L4,10940,2.5983991622924805,2.952920913696289,0.06582421064376831,19409.599343396836,621099.375,49.95983418401871,45887258624.0,0.0003,exported_float_payload,False
te_f0l4_seed42,TE F0L4,10950,2.577075242996216,2.9435086250305176,0.07974229753017426,19365.03016637639,619669.0625,49.84511421199532,45929201664.0,0.0003,exported_float_payload,False
te_f0l4_seed42,TE F0L4,10960,2.5794687271118164,2.9640121459960938,0.06541593372821808,19404.793995051543,620946.125,49.94746533485908,45971144704.0,0.0003,exported_float_payload,False
te_f0l4_seed42,TE F0L4,10970,2.613168478012085,3.2704570293426514,0.07261846959590912,19402.074320174135,620856.125,49.940464958215244,46013087744.0,0.0003,exported_float_payload,False
te_f0l4_seed42,TE F0L4,10980,2.591043472290039,2.9885013103485107,0.08235923945903778,19410.351886913188,621123,49.96177121263162,46055030784.0,0.0003,exported_float_payload,False
te_f0l4_seed42,TE F0L4,10990,2.570707321166992,3.1461143493652344,0.07540063560009003,19404.86042336855,620947.8125,49.947636319723024,46096973824.0,0.0003,exported_float_payload,False
te_f0l4_seed42,TE F0L4,11000,2.6064414978027344,2.971883773803711,0.0918496772646904,19358.721692578714,619472.0625,49.82887635466967,46138916864.0,0.0003,exported_float_payload,False
te_f0l4_seed42,TE F0L4,11010,2.6132946014404297,3.142683506011963,0.0805099681019783,17351.349923023572,555237.375,44.66195049605975,46180859904.0,0.0003,exported_float_payload,False
te_f0l4_seed42,TE F0L4,11020,2.5742149353027344,2.97615385055542,0.08301880210638046,19407.294421449842,621023.9375,49.95390137127788,46222802944.0,0.0003,exported_float_payload,False
te_f0l4_seed42,TE F0L4,11030,2.523646831512451,2.9027185440063477,0.08620834350585938,19396.178017012386,620666.75,49.92528801802972,46264745984.0,0.0003,exported_float_payload,False
te_f0l4_seed42,TE F0L4,11040,2.60227370262146,2.955409288406372,0.09237661957740784,19395.81369449997,620656.875,49.92435026078972,46306689024.0,0.0003,exported_float_payload,False
te_f0l4_seed42,TE F0L4,11050,2.578779458999634,2.9939186573028564,0.07538684457540512,19361.597895258456,619562.875,49.83627963004992,46348632064.0,0.0003,exported_float_payload,False
te_f0l4_seed42,TE F0L4,11060,2.542963743209839,2.911154270172119,0.07596802711486816,19400.265605947934,620799.0625,49.93580937201645,46390575104.0,0.0003,exported_float_payload,False
te_f0l4_seed42,TE F0L4,11070,2.570215940475464,2.9669294357299805,0.06933021545410156,19400.019619111095,620792.125,49.93517620791231,46432518144.0,0.0003,exported_float_payload,False
te_f0l4_seed42,TE F0L4,11080,2.589059352874756,2.9263219833374023,0.07793684303760529,19409.282558863746,621088.375,49.95901878837528,46474461184.0,0.0003,exported_float_payload,False
te_f0l4_seed42,TE F0L4,11090,2.597231388092041,3.969686508178711,0.06748843193054199,18518.228786793956,592574.375,47.665468163550266,46516404224.0,0.0003,exported_float_payload,False
te_f0l4_seed42,TE F0L4,11100,2.626190662384033,3.4939446449279785,0.0724141076207161,19356.504190755655,619397.5625,49.8231685591906,46558347264.0,0.0003,exported_float_payload,False
te_f0l4_seed42,TE F0L4,11110,2.605079174041748,3.1422953605651855,0.1013212576508522,19411.702370888695,621166.75,49.96524732536793,46600290304.0,0.0003,exported_float_payload,False
te_f0l4_seed42,TE F0L4,11120,2.563622236251831,2.898831367492676,0.07818053662776947,19401.03190522765,620824.75,49.93778180762796,46642233344.0,0.0003,exported_float_payload,False
te_f0l4_seed42,TE F0L4,11130,2.590552568435669,3.0338993072509766,0.10439303517341614,18046.448248297773,577479.375,46.451116591551695,46684176384.0,0.0003,exported_float_payload,False
te_f0l4_seed42,TE F0L4,11140,2.5686211585998535,2.9459214210510254,0.07686082273721695,19407.07215458354,621018.3125,49.953329261798,46726119424.0,0.0003,exported_float_payload,False
te_f0l4_seed42,TE F0L4,11150,2.5584716796875,2.973576068878174,0.08278963714838028,19377.64541092634,620077.5,49.87758554304939,46768062464.0,0.0003,exported_float_payload,False
te_f0l4_seed42,TE F0L4,11160,2.5471439361572266,3.1092944145202637,0.07868988811969757,19412.76821089508,621201.0625,49.96799077148671,46810005504.0,0.0003,exported_float_payload,False
te_f0l4_seed42,TE F0L4,11170,2.6069321632385254,2.999671697616577,0.07788065075874329,19407.837923810017,621043.4375,49.95530033306542,46851948544.0,0.0003,exported_float_payload,False
te_f0l4_seed42,TE F0L4,11180,2.5559866428375244,3.040310859680176,0.08077254146337509,19402.237188319566,620864.0625,49.94088417683979,46893891584.0,0.0003,exported_float_payload,False
te_f0l4_seed42,TE F0L4,11190,2.57616925239563,2.9565978050231934,0.08166629076004028,18459.964348136706,590711.8125,47.515496922895494,46935834624.0,0.0003,exported_float_payload,False
te_f0l4_seed42,TE F0L4,11200,2.55033540725708,2.9869918823242188,0.0697789415717125,18512.139601726554,592381.375,47.649794750055165,46977777664.0,0.0003,exported_float_payload,False
te_f0l4_seed42,TE F0L4,11210,2.5534780025482178,2.9655582904815674,0.07193763554096222,19396.199732330588,620671.375,49.92534391272788,47019720704.0,0.0003,exported_float_payload,False
te_f0l4_seed42,TE F0L4,11220,2.59724760055542,3.09395694732666,0.06725871562957764,19390.830885382617,620499.3125,49.91152463194137,47061663744.0,0.0003,exported_float_payload,False
te_f0l4_seed42,TE F0L4,11230,2.6099467277526855,3.3274168968200684,0.07517398148775101,19395.819913340318,620658.5625,49.92436626793273,47103606784.0,0.0003,exported_float_payload,False
te_f0l4_seed42,TE F0L4,11240,2.5639376640319824,2.915678024291992,0.1065860465168953,19399.58889623263,620778.5625,49.93406753775346,47145549824.0,0.0003,exported_float_payload,False
te_f0l4_seed42,TE F0L4,11250,2.5736801624298096,3.177698850631714,0.07228604704141617,19392.25351210011,620545.0625,49.915186438331816,47187492864.0,0.0003,exported_float_payload,False
te_f0l4_seed42,TE F0L4,11260,2.592594861984253,3.0363645553588867,0.08867042511701584,19412.777665660786,621200.9375,49.968015107822495,47229435904.0,0.0003,exported_float_payload,False
te_f0l4_seed42,TE F0L4,11270,2.572925567626953,2.8944287300109863,0.08053293079137802,19392.95662962749,620566.5,49.91699624565748,47271378944.0,0.0003,exported_float_payload,False
te_f0l4_seed42,TE F0L4,11280,2.6258678436279297,3.941227436065674,0.08380769193172455,19389.413373719428,620453.75,49.907875991575644,47313321984.0,0.0003,exported_float_payload,False
te_f0l4_seed42,TE F0L4,11290,2.550414562225342,2.9624319076538086,0.07125790417194366,19403.928237933294,620918.375,49.94523689720274,47355265024.0,0.0003,exported_float_payload,False
te_f0l4_seed42,TE F0L4,11300,2.5683276653289795,3.0221028327941895,0.08626585453748703,19361.664456471583,619566.25,49.836450956985225,47397208064.0,0.0003,exported_float_payload,False
te_f0l4_seed42,TE F0L4,11310,2.598144769668579,3.1238834857940674,0.06823266297578812,19391.386414718072,620517.3125,49.912954550869244,47439151104.0,0.0003,exported_float_payload,False
te_f0l4_seed42,TE F0L4,11320,2.56312894821167,2.946012258529663,0.10457727313041687,19403.636122433483,620909.375,49.944484999047866,47481094144.0,0.0003,exported_float_payload,False
te_f0l4_seed42,TE F0L4,11330,2.5713610649108887,3.1222965717315674,0.062055282294750214,19396.970532115534,620695.4375,49.92732793252981,47523037184.0,0.0003,exported_float_payload,False
te_f0l4_seed42,TE F0L4,11340,2.6303937435150146,3.082369565963745,0.07356160134077072,19247.962254440576,615927.8125,49.543784268748844,47564980224.0,0.0003,exported_float_payload,False
te_f0l4_seed42,TE F0L4,11350,2.5559003353118896,2.9975929260253906,0.08991441130638123,19352.813229990912,619282.625,49.81366811641876,47606923264.0,0.0003,exported_float_payload,False
te_f0l4_seed42,TE F0L4,11360,2.6092417240142822,3.440734624862671,0.09420665353536606,19396.465132278703,620679.875,49.92602704570583,47648866304.0,0.0003,exported_float_payload,False
te_f0l4_seed42,TE F0L4,11370,2.579029083251953,2.969470500946045,0.0836949497461319,19400.53787150415,620810.0625,49.936510176901805,47690809344.0,0.0003,exported_float_payload,False
te_f0l4_seed42,TE F0L4,11380,2.5722715854644775,3.037233352661133,0.08205971866846085,19415.5536748218,621289.8125,49.97516048753507,47732752384.0,0.0003,exported_float_payload,False
te_f0l4_seed42,TE F0L4,11390,2.5571279525756836,2.9669246673583984,0.06928414851427078,19383.517579772433,620265.1875,49.892700362096456,47774695424.0,0.0003,exported_float_payload,False
te_f0l4_seed42,TE F0L4,11400,2.5697555541992188,2.912661075592041,0.07931998372077942,18607.82250727319,595443.6875,47.89608020967653,47816638464.0,0.0003,exported_float_payload,False
te_f0l4_seed42,TE F0L4,11410,2.577822685241699,2.9720377922058105,0.10482104867696762,19390.039710195237,620473.625,49.9094881663517,47858581504.0,0.0003,exported_float_payload,False
te_f0l4_seed42,TE F0L4,11420,2.562607765197754,2.943638563156128,0.07660883665084839,19390.732521085523,620494.5,49.911271444645465,47900524544.0,0.0003,exported_float_payload,False
te_f0l4_seed42,TE F0L4,11430,2.585002899169922,2.9801650047302246,0.06004229187965393,19389.708559550385,620461.8125,49.90863579268783,47942467584.0,0.0003,exported_float_payload,False
te_f0l4_seed42,TE F0L4,11440,2.573028087615967,2.939807415008545,0.0635366290807724,19394.812868685192,620624.875,49.92177415961067,47984410624.0,0.0003,exported_float_payload,False
te_f0l4_seed42,TE F0L4,11450,2.550943374633789,2.8928656578063965,0.07323946058750153,19366.91451316815,619732.4375,49.8499644745688,48026353664.0,0.0003,exported_float_payload,False
te_f0l4_seed42,TE F0L4,11460,2.558865785598755,2.9641709327697754,0.0758332684636116,19398.754902797802,620749.8125,49.931920859041675,48068296704.0,0.0003,exported_float_payload,False
te_f0l4_seed42,TE F0L4,11470,2.560109853744507,3.053372621536255,0.07353764772415161,18402.46128610207,588871.6875,47.367485447053205,48110239744.0,0.0003,exported_float_payload,False
te_f0l4_seed42,TE F0L4,11480,2.587437629699707,2.9613890647888184,0.08083289116621017,19385.583455205135,620330.625,49.89801787495371,48152182784.0,0.0003,exported_float_payload,False
te_f0l4_seed42,TE F0L4,11490,2.6097354888916016,3.049787998199463,0.07251086831092834,19383.05095346644,620251.3125,49.89149927739291,48194125824.0,0.0003,exported_float_payload,False
te_f0l4_seed42,TE F0L4,11500,2.5497026443481445,3.0193817615509033,0.07111258059740067,19348.571850863715,619145.5,49.80275091023859,48236068864.0,0.0003,exported_float_payload,False
te_f0l4_seed42,TE F0L4,11510,2.580291509628296,2.983534812927246,0.06775931268930435,19385.164449254633,620317.875,49.89693936388097,48278011904.0,0.0003,exported_float_payload,False
te_f0l4_seed42,TE F0L4,11520,2.6020946502685547,2.970468044281006,0.06741394102573395,19392.128474232402,620541.5625,49.914864593917265,48319954944.0,0.0003,exported_float_payload,False
te_f0l4_seed42,TE F0L4,11530,2.5624592304229736,3.0196454524993896,0.06409972906112671,19401.32743877852,620834.625,49.93854250376269,48361897984.0,0.0003,exported_float_payload,False
te_f0l4_seed42,TE F0L4,11540,2.585726499557495,2.9274044036865234,0.07454650849103928,19393.20462494777,620575.125,49.917634579548896,48403841024.0,0.0003,exported_float_payload,False
te_f0l4_seed42,TE F0L4,11550,2.5823140144348145,3.034182071685791,0.08004552125930786,19357.33809197237,619427.4375,49.82531500053521,48445784064.0,0.0003,exported_float_payload,False
te_f0l4_seed42,TE F0L4,11560,2.5796167850494385,3.0557916164398193,0.09739091247320175,19394.717379679383,620622.9375,49.92152837324423,48487727104.0,0.0003,exported_float_payload,False
te_f0l4_seed42,TE F0L4,11570,2.5556976795196533,3.0186867713928223,0.07104174047708511,19388.390334632495,620421.5,49.90524271397714,48529670144.0,0.0003,exported_float_payload,False
te_f0l4_seed42,TE F0L4,11580,2.5512290000915527,2.931084394454956,0.07698790729045868,19390.699874448706,620494.3125,49.91118741300044,48571613184.0,0.0003,exported_float_payload,False
te_f0l4_seed42,TE F0L4,11590,2.556093692779541,3.142744302749634,0.11499655991792679,19386.132288354376,620349.125,49.89943055806198,48613556224.0,0.0003,exported_float_payload,False
te_f0l4_seed42,TE F0L4,11600,2.539212703704834,2.9946470260620117,0.07454776763916016,19366.83811560814,619731,49.849767829117106,48655499264.0,0.0003,exported_float_payload,False
te_f0l4_seed42,TE F0L4,11610,2.7071051597595215,5.446218490600586,0.11355234682559967,19385.914906097438,620341.9375,49.898871021447185,48697442304.0,0.0003,exported_float_payload,False
te_f0l4_seed42,TE F0L4,11620,2.5694682598114014,3.0193252563476562,0.08681288361549377,19379.225017577475,620127.9375,49.88165141195119,48739385344.0,0.0003,exported_float_payload,False
te_f0l4_seed42,TE F0L4,11630,2.6292595863342285,3.7644410133361816,0.09866534173488617,19379.747997404178,620144.3125,49.88299754923931,48781328384.0,0.0003,exported_float_payload,False
te_f0l4_seed42,TE F0L4,11640,2.5921759605407715,3.054642677307129,0.07800257205963135,19385.91024799772,620341.4375,49.89885903161239,48823271424.0,0.0003,exported_float_payload,False
te_f0l4_seed42,TE F0L4,11650,2.571810007095337,3.9825375080108643,0.07335294783115387,19338.898757807172,618836.5625,49.777852605198824,48865214464.0,0.0003,exported_float_payload,False
te_f0l4_seed42,TE F0L4,11660,2.5490527153015137,2.994760751724243,0.09985849261283875,17525.409070898753,560806.3125,45.109974487292426,48907157504.0,0.0003,exported_float_payload,False
te_f0l4_seed42,TE F0L4,11670,2.5583558082580566,2.9312381744384766,0.07177484035491943,19387.133512393913,620380.625,49.902007684261825,48949100544.0,0.0003,exported_float_payload,False
te_f0l4_seed42,TE F0L4,11680,2.569478750228882,2.951486587524414,0.07210680842399597,19390.452065809015,620486.4375,49.9105495596203,48991043584.0,0.0003,exported_float_payload,False
te_f0l4_seed42,TE F0L4,11690,2.558986186981201,2.9571614265441895,0.078395776450634,19369.995888855578,619832.6875,49.857895860254764,49032986624.0,0.0003,exported_float_payload,False
te_f0l4_seed42,TE F0L4,11700,2.624319553375244,3.127917766571045,0.08664808422327042,19347.057616256952,619097.75,49.798853307380796,49074929664.0,0.0003,exported_float_payload,False
te_f0l4_seed42,TE F0L4,11710,2.5195069313049316,2.8995940685272217,0.09037408977746964,19393.907222959588,620597.875,49.91944304965419,49116872704.0,0.0003,exported_float_payload,False
te_f0l4_seed42,TE F0L4,11720,2.5485572814941406,3.0064191818237305,0.3360901176929474,19383.422005739274,620262.1875,49.892454356871696,49158815744.0,0.0003,exported_float_payload,False
te_f0l4_seed42,TE F0L4,11730,2.5483341217041016,2.9892992973327637,0.11672115325927734,19387.034482696017,620377.8125,49.901752784240514,49200758784.0,0.0003,exported_float_payload,False
te_f0l4_seed42,TE F0L4,11740,2.5564730167388916,3.078751564025879,0.06519891321659088,19382.64265776128,620236.375,49.89044833422984,49242701824.0,0.0003,exported_float_payload,False
te_f0l4_seed42,TE F0L4,11750,2.5667786598205566,3.0450477600097656,0.06622782349586487,19360.577286393247,619531.1875,49.83365260778272,49284644864.0,0.0003,exported_float_payload,False
te_f0l4_seed42,TE F0L4,11760,2.5379583835601807,2.9059863090515137,0.0760735273361206,19380.090004483645,620155.5625,49.88387786710047,49326587904.0,0.0003,exported_float_payload,False
te_f0l4_seed42,TE F0L4,11770,2.5532755851745605,3.2404956817626953,0.08736690133810043,19394.567567206584,620618.6875,49.921142759601864,49368530944.0,0.0003,exported_float_payload,False
te_f0l4_seed42,TE F0L4,11780,2.567399501800537,2.8938512802124023,0.09922274202108383,19389.253093387862,620449.0625,49.90746343392073,49410473984.0,0.0003,exported_float_payload,False
te_f0l4_seed42,TE F0L4,11790,2.5853536128997803,2.968961000442505,0.0697622075676918,19372.282472914125,619903.125,49.86378147171906,49452417024.0,0.0003,exported_float_payload,False
te_f0l4_seed42,TE F0L4,11800,2.557826042175293,2.8417017459869385,0.06890328228473663,19363.002602833352,619609,49.839895313005414,49494360064.0,0.0003,exported_float_payload,False
te_f0l4_seed42,TE F0L4,11810,2.555927038192749,2.966550350189209,0.08057515323162079,19383.873563383124,620276.8125,49.89361665520728,49536303104.0,0.0003,exported_float_payload,False
te_f0l4_seed42,TE F0L4,11820,2.547926664352417,2.912984848022461,0.07440029084682465,19395.926936024243,620662.25,49.92464174170467,49578246144.0,0.0003,exported_float_payload,False
te_f0l4_seed42,TE F0L4,11830,2.5756876468658447,3.0274505615234375,0.07023559510707855,19406.18137781814,620989.875,49.95103642418156,49620189184.0,0.0003,exported_float_payload,False
te_f0l4_seed42,TE F0L4,11840,2.5642483234405518,2.9210309982299805,0.06986255943775177,19399.5038085485,620776.75,49.933848524134724,49662132224.0,0.0003,exported_float_payload,False
te_f0l4_seed42,TE F0L4,11850,2.57483172416687,2.9477343559265137,0.07484737038612366,19362.322826333813,619586.375,49.83814558491478,49704075264.0,0.0003,exported_float_payload,False
te_f0l4_seed42,TE F0L4,11860,2.5749311447143555,3.0281589031219482,0.08608312159776688,19390.55015956704,620489.6875,49.910802050555255,49746018304.0,0.0003,exported_float_payload,False
te_f0l4_seed42,TE F0L4,11870,2.555983781814575,2.969965696334839,0.07585516571998596,19384.890195170432,620308.5,49.8962334405732,49787961344.0,0.0003,exported_float_payload,False
te_f0l4_seed42,TE F0L4,11880,2.561967611312866,3.062260627746582,0.09079569578170776,18465.906434158416,590902.375,47.530791707043264,49829904384.0,0.0003,exported_float_payload,False
te_f0l4_seed42,TE F0L4,11890,2.519923210144043,2.9924769401550293,0.06974896788597107,19392.234757973834,620544.125,49.91513816566928,49871847424.0,0.0003,exported_float_payload,False
te_f0l4_seed42,TE F0L4,11900,2.5659823417663574,2.8912343978881836,0.0802270770072937,19354.560996955217,619338.375,49.81816682585547,49913790464.0,0.0003,exported_float_payload,False
te_f0l4_seed42,TE F0L4,11910,2.5588998794555664,2.852592945098877,0.08075978606939316,19400.851341051482,620819.25,49.93731703985293,49955733504.0,0.0003,exported_float_payload,False
te_f0l4_seed42,TE F0L4,11920,2.560297727584839,2.955099582672119,0.07645473629236221,19404.783448690716,620945.875,49.94743818878415,49997676544.0,0.0003,exported_float_payload,False
te_f0l4_seed42,TE F0L4,11930,2.5633416175842285,3.0351178646087646,0.07751068472862244,19404.477320266546,620935.25,49.94665022170456,50039619584.0,0.0003,exported_float_payload,False
te_f0l4_seed42,TE F0L4,11940,2.556466579437256,2.93658185005188,0.06368837505578995,19399.519701848105,620775.1875,49.93388943309935,50081562624.0,0.0003,exported_float_payload,False
te_f0l4_seed42,TE F0L4,11950,2.5528862476348877,2.8989386558532715,0.06485845148563385,19367.87546499405,619763.8125,49.852437941075316,50123505664.0,0.0003,exported_float_payload,False
te_f0l4_seed42,TE F0L4,11960,2.569295644760132,3.0471713542938232,0.07385597378015518,19402.857249881927,620882.625,49.942480200142036,50165448704.0,0.0003,exported_float_payload,False
te_f0l4_seed42,TE F0L4,11970,2.5631234645843506,2.9544219970703125,0.0792950987815857,19404.8422257086,620952.9375,49.9475894793912,50207391744.0,0.0003,exported_float_payload,False
te_f0l4_seed42,TE F0L4,11980,2.5830118656158447,2.993361234664917,0.07924120873212814,19399.930356195175,620790.0625,49.934946447349034,50249334784.0,0.0003,exported_float_payload,False
te_f0l4_seed42,TE F0L4,11990,2.5599770545959473,2.961729049682617,0.06743604689836502,19401.872062821178,620852.75,49.93994435273352,50291277824.0,0.0003,exported_float_payload,False
te_f0l4_seed42,TE F0L4,12000,2.547419309616089,2.910994529724121,0.08515185862779617,18622.17515287629,595902.875,47.93302356856543,50333220864.0,0.0003,exported_float_payload,False
te_f0l4_seed42,TE F0L4,12010,2.5519886016845703,2.965465545654297,0.07530225068330765,17359.446178190512,555496.375,44.68279005892221,50375163904.0,0.0003,exported_float_payload,False
te_f0l4_seed42,TE F0L4,12020,2.578819990158081,3.0523204803466797,0.07593616843223572,18648.631107127938,596748.1875,48.001120548014,50417106944.0,0.0003,exported_float_payload,False
te_f0l4_seed42,TE F0L4,12030,2.546797752380371,2.9529359340667725,0.07402471452951431,19278.878021690605,616914.125,49.623360697821745,50459049984.0,0.0003,exported_float_payload,False
te_f0l4_seed42,TE F0L4,12040,2.5699357986450195,3.1096415519714355,0.08531919866800308,19414.721471750363,621261.6875,49.97301841717489,50500993024.0,0.0003,exported_float_payload,False
te_f0l4_seed42,TE F0L4,12050,2.5413835048675537,2.9124889373779297,0.09008517861366272,19351.56862297134,619241.4375,49.81046452837853,50542936064.0,0.0003,exported_float_payload,False
te_f0l4_seed42,TE F0L4,12060,2.5605149269104004,2.966175079345703,0.06421566009521484,18523.942397860348,592759,47.68017485874879,50584879104.0,0.0003,exported_float_payload,False
te_f0l4_seed42,TE F0L4,12070,2.5764589309692383,2.9543373584747314,0.06843150407075882,19399.659528441975,620780.375,49.93424934333349,50626822144.0,0.0003,exported_float_payload,False
te_f0l4_seed42,TE F0L4,12080,2.546306610107422,3.1054818630218506,0.10365796834230423,19402.687816116973,620877,49.94204408177336,50668765184.0,0.0003,exported_float_payload,False
te_f0l4_seed42,TE F0L4,12090,2.566664695739746,3.0864906311035156,0.09586865454912186,19407.222183049234,621022.4375,49.953715431400795,50710708224.0,0.0003,exported_float_payload,False
te_f0l4_seed42,TE F0L4,12100,2.5368294715881348,3.1159753799438477,0.08704722672700882,18416.50343007988,589320.6875,47.40362958234975,50752651264.0,0.0003,exported_float_payload,False
te_f0l4_seed42,TE F0L4,12110,2.5393266677856445,2.9204466342926025,0.08381424844264984,19392.394962283364,620548.1875,49.915550527645344,50794594304.0,0.0003,exported_float_payload,False
te_f0l4_seed42,TE F0L4,12120,2.586435317993164,3.0617990493774414,0.06409000605344772,19407.974793018577,621046.0625,49.95565263106208,50836537344.0,0.0003,exported_float_payload,False
te_f0l4_seed42,TE F0L4,12130,2.5825579166412354,3.5245347023010254,0.08485492318868637,19414.10298027031,621243.5,49.971426435226114,50878480384.0,0.0003,exported_float_payload,False
te_f0l4_seed42,TE F0L4,12140,2.612969398498535,3.2649576663970947,0.07072785496711731,19406.473358021653,620998.875,49.951787974087075,50920423424.0,0.0003,exported_float_payload,False
te_f0l4_seed42,TE F0L4,12150,2.562208414077759,2.9425175189971924,0.07869058102369308,19378.6973339605,620110.375,49.8802931672219,50962366464.0,0.0003,exported_float_payload,False
te_f0l4_seed42,TE F0L4,12160,2.54274582862854,2.9350709915161133,0.06784212589263916,18539.39497268263,593253.3125,47.71994940855679,51004309504.0,0.0003,exported_float_payload,False
te_f0l4_seed42,TE F0L4,12170,2.5830793380737305,3.049449920654297,0.06636937707662582,19396.16901921029,620670.125,49.92526485790711,51046252544.0,0.0003,exported_float_payload,False
te_f0l4_seed42,TE F0L4,12180,2.5481419563293457,2.9635539054870605,0.09000684320926666,19401.856999374202,620852,49.939905579789276,51088195584.0,0.0003,exported_float_payload,False
te_f0l4_seed42,TE F0L4,12190,2.5585644245147705,3.004234790802002,0.06752980500459671,19409.39313772024,621092.9375,49.95930341564846,51130138624.0,0.0003,exported_float_payload,False
te_f0l4_seed42,TE F0L4,12200,2.539275646209717,2.9596056938171387,0.07602744549512863,17362.30153549475,555587.9375,44.69013967881555,51172081664.0,0.0003,exported_float_payload,False
te_f0l4_seed42,TE F0L4,12210,2.5498461723327637,3.1857173442840576,0.08584652841091156,19415.952403591098,621303.375,49.976186805639124,51214024704.0,0.0003,exported_float_payload,False
te_f0l4_seed42,TE F0L4,12220,2.5547142028808594,2.966312885284424,0.0684189647436142,19416.03736588905,621306.1875,49.97640549651689,51255967744.0,0.0003,exported_float_payload,False
te_f0l4_seed42,TE F0L4,12230,2.553884506225586,2.9270718097686768,0.08264602720737457,18539.307105411117,593251.0625,47.7197232403481,51297910784.0,0.0003,exported_float_payload,False
te_f0l4_seed42,TE F0L4,12240,2.5819406509399414,2.922088623046875,0.06952791661024094,19406.57427791529,621003.0625,49.952047739426014,51339853824.0,0.0003,exported_float_payload,False
te_f0l4_seed42,TE F0L4,12250,2.541797161102295,2.9901161193847656,0.08378984779119492,19379.800789755744,620145.1875,49.88313343546157,51381796864.0,0.0003,exported_float_payload,False
te_f0l4_seed42,TE F0L4,12260,2.541776657104492,2.973072052001953,0.06828786432743073,19412.529542230495,621193.75,49.967376444179045,51423739904.0,0.0003,exported_float_payload,False
te_f0l4_seed42,TE F0L4,12270,2.5316169261932373,3.0002951622009277,0.07045471668243408,19409.75618560697,621103.6875,49.96023789203311,51465682944.0,0.0003,exported_float_payload,False
te_f0l4_seed42,TE F0L4,12280,2.502561330795288,2.9216957092285156,0.1028074324131012,18775.498965608767,600808.9375,48.327675314078256,51507625984.0,0.0003,exported_float_payload,False
te_f0l4_seed42,TE F0L4,12290,2.5902304649353027,3.0947940349578857,0.07747744023799896,19406.993397451948,621016.6875,49.953126542866734,51549569024.0,0.0003,exported_float_payload,False
te_f0l4_seed42,TE F0L4,12300,2.555767774581909,3.006152629852295,0.0783587172627449,19369.97450462932,619831,49.857840817779184,51591512064.0,0.0003,exported_float_payload,False
te_f0l4_seed42,TE F0L4,12310,2.600090980529785,3.1273233890533447,0.07308457046747208,19399.738028977208,620783.25,49.934451401792,51633455104.0,0.0003,exported_float_payload,False
te_f0l4_seed42,TE F0L4,12320,2.566917657852173,2.978306770324707,0.08197110146284103,19397.297978423918,620705.9375,49.92817077132219,51675398144.0,0.0003,exported_float_payload,False
te_f0l4_seed42,TE F0L4,12330,2.512871265411377,2.916349172592163,0.06672414392232895,19399.76865953921,620785.25,49.93453024410974,51717341184.0,0.0003,exported_float_payload,False
te_f0l4_seed42,TE F0L4,12340,2.617780923843384,3.8326416015625,0.24969443678855896,18539.510567393725,593257.875,47.7202469465171,51759284224.0,0.0003,exported_float_payload,False
te_f0l4_seed42,TE F0L4,12350,2.587890386581421,2.8832569122314453,0.07625095546245575,18653.324633181048,596899.75,48.013201569327386,51801227264.0,0.0003,exported_float_payload,False
te_f0l4_seed42,TE F0L4,12360,2.5760793685913086,3.2113351821899414,0.07333739846944809,19409.340866866412,621091.875,49.95916887174863,51843170304.0,0.0003,exported_float_payload,False
te_f0l4_seed42,TE F0L4,12370,2.5254814624786377,2.9243898391723633,0.07273691892623901,18303.808458000636,585715.5625,47.11355547938445,51885113344.0,0.0003,exported_float_payload,False
te_f0l4_seed42,TE F0L4,12380,2.544379711151123,3.071744203567505,0.06612764298915863,18536.488237156,593161.4375,47.71246754237512,51927056384.0,0.0003,exported_float_payload,False
te_f0l4_seed42,TE F0L4,12390,2.570481538772583,2.89878511428833,0.07294817268848419,18911.519966404987,605161.4375,48.6777900446863,51968999424.0,0.0003,exported_float_payload,False
te_f0l4_seed42,TE F0L4,12400,2.5699896812438965,2.983595371246338,0.07331143319606781,18693.167596048617,598174.875,48.11575638166776,52010942464.0,0.0003,exported_float_payload,False
te_f0l4_seed42,TE F0L4,12410,2.585235834121704,2.9021613597869873,0.06736227869987488,19396.3831001966,620676.4375,49.92581589713201,52052885504.0,0.0003,exported_float_payload,False
te_f0l4_seed42,TE F0L4,12420,2.5423641204833984,3.0038511753082275,0.0692267194390297,19397.60246205125,620715.875,49.928954504734925,52094828544.0,0.0003,exported_float_payload,False
te_f0l4_seed42,TE F0L4,12430,2.5488173961639404,3.0419890880584717,0.06125318259000778,19400.704229344155,620815.625,49.936938377914856,52136771584.0,0.0003,exported_float_payload,False
te_f0l4_seed42,TE F0L4,12440,2.5649828910827637,2.8595833778381348,0.06627979874610901,19397.950020961343,620727.875,49.92984911287238,52178714624.0,0.0003,exported_float_payload,False
te_f0l4_seed42,TE F0L4,12450,2.5444228649139404,3.058422088623047,0.07671383768320084,18482.54661112466,591435.125,47.57362311573532,52220657664.0,0.0003,exported_float_payload,False
te_f0l4_seed42,TE F0L4,12460,2.531100273132324,2.9052579402923584,0.06834989041090012,18712.6436155125,598797.875,48.16588717961807,52262600704.0,0.0003,exported_float_payload,False
te_f0l4_seed42,TE F0L4,12470,2.572312831878662,3.1079792976379395,0.08481866121292114,19384.581118491555,620299.1875,49.89543788475808,52304543744.0,0.0003,exported_float_payload,False
te_f0l4_seed42,TE F0L4,12480,2.5735387802124023,2.9651918411254883,0.06935502588748932,19376.514838434705,620040.875,49.87467547709616,52346486784.0,0.0003,exported_float_payload,False
te_f0l4_seed42,TE F0L4,12490,2.595402240753174,3.0544705390930176,0.07980953902006149,19401.97689107651,620856.6875,49.94021417809991,52388429824.0,0.0003,exported_float_payload,False
te_f0l4_seed42,TE F0L4,12500,2.5760412216186523,3.1542201042175293,0.06518123298883438,19354.984517761528,619352.625,49.819256958056684,52430372864.0,0.0003,exported_float_payload,False
te_f0l4_seed42,TE F0L4,12510,2.55837345123291,3.1097183227539062,0.06649687141180038,18720.142939157624,599038.3125,48.18519025533715,52472315904.0,0.0003,exported_float_payload,False
te_f0l4_seed42,TE F0L4,12520,2.5602855682373047,2.988746404647827,0.08700177073478699,19382.63195234317,620237.25,49.89042077874535,52514258944.0,0.0003,exported_float_payload,False
te_f0l4_seed42,TE F0L4,12530,2.5986995697021484,3.4753291606903076,0.07057546824216843,19384.839889979492,620307.5,49.89610395624158,52556201984.0,0.0003,exported_float_payload,False
te_f0l4_seed42,TE F0L4,12540,2.543980598449707,2.991272211074829,0.07879975438117981,19403.095329536645,620891.875,49.94309301135271,52598145024.0,0.0003,exported_float_payload,False
te_f0l4_seed42,TE F0L4,12550,2.5719127655029297,3.043735980987549,0.08930058032274246,19362.195681637335,619582.8125,49.83781831757448,52640088064.0,0.0003,exported_float_payload,False
te_f0l4_seed42,TE F0L4,12560,2.545771837234497,3.005817174911499,0.08275347203016281,19385.58060954612,620330.125,49.898010550296966,52682031104.0,0.0003,exported_float_payload,False
te_f0l4_seed42,TE F0L4,12570,2.542353391647339,2.901745080947876,0.06602432578802109,18243.633058951193,583788.875,46.95866547339934,52723974144.0,0.0003,exported_float_payload,False
te_f0l4_seed42,TE F0L4,12580,2.5701475143432617,2.909125804901123,0.07586163282394409,19384.445044670058,620294.125,49.895087634068275,52765917184.0,0.0003,exported_float_payload,False
te_f0l4_seed42,TE F0L4,12590,2.554018974304199,3.134136438369751,0.09821193665266037,18513.642335547593,592430.125,47.653662750171684,52807860224.0,0.0003,exported_float_payload,False
te_f0l4_seed42,TE F0L4,12600,2.5722334384918213,2.9685893058776855,0.08932957798242569,19354.102249708816,619322.875,49.81698602165869,52849803264.0,0.0003,exported_float_payload,False
te_f0l4_seed42,TE F0L4,12610,2.5690972805023193,3.026123046875,0.07961498945951462,19376.05547031216,620026.625,49.87349307477936,52891746304.0,0.0003,exported_float_payload,False
te_f0l4_seed42,TE F0L4,12620,2.563563585281372,2.9532833099365234,0.07769528031349182,18522.25027420239,592705,47.67581937382225,52933689344.0,0.0003,exported_float_payload,False
te_f0l4_seed42,TE F0L4,12630,2.5560855865478516,2.9332833290100098,0.07676815241575241,19377.238185182476,620063.875,49.87653735394054,52975632384.0,0.0003,exported_float_payload,False
te_f0l4_seed42,TE F0L4,12640,2.550016403198242,2.988859176635742,0.08133971691131592,19386.81113125578,620370.75,49.901177883093844,53017575424.0,0.0003,exported_float_payload,False
te_f0l4_seed42,TE F0L4,12650,2.5869181156158447,3.4586524963378906,0.060673896223306656,19344.22371258424,619007.5625,49.79155890861051,53059518464.0,0.0003,exported_float_payload,False
te_f0l4_seed42,TE F0L4,12660,2.5494141578674316,2.940777540206909,0.07596629112958908,19383.55504179999,620265.375,49.89279678843952,53101461504.0,0.0003,exported_float_payload,False
te_f0l4_seed42,TE F0L4,12670,2.5705103874206543,3.1171741485595703,0.08974998444318771,19116.722724463176,611727.25,49.20597692713104,53143404544.0,0.0003,exported_float_payload,False
te_f0l4_seed42,TE F0L4,12680,2.552147388458252,2.977375030517578,0.06868360936641693,19392.822308480685,620562.125,49.91665050630948,53185347584.0,0.0003,exported_float_payload,False
te_f0l4_seed42,TE F0L4,12690,2.573282480239868,2.9353041648864746,0.06702371686697006,19386.32241383778,620353.9375,49.89991993640807,53227290624.0,0.0003,exported_float_payload,False
te_f0l4_seed42,TE F0L4,12700,2.5640058517456055,2.944856643676758,0.06975596398115158,19361.831016399967,619569.6875,49.83687967816883,53269233664.0,0.0003,exported_float_payload,False
te_f0l4_seed42,TE F0L4,12710,2.5322794914245605,2.93723464012146,0.07354600727558136,19273.56888608812,616746.25,49.60969511257869,53311176704.0,0.0003,exported_float_payload,False
te_f0l4_seed42,TE F0L4,12720,2.5719399452209473,2.8926477432250977,0.07405916601419449,18653.394475422236,596900.25,48.0133813415487,53353119744.0,0.0003,exported_float_payload,False
te_f0l4_seed42,TE F0L4,12730,2.558147430419922,2.9320502281188965,0.0909695252776146,19394.08846180891,620603.3125,49.91990955402142,53395062784.0,0.0003,exported_float_payload,False
te_f0l4_seed42,TE F0L4,12740,2.5419504642486572,3.0106444358825684,0.0800517201423645,19404.60583742129,620940.5625,49.94698102171889,53437005824.0,0.0003,exported_float_payload,False
te_f0l4_seed42,TE F0L4,12750,2.55399489402771,2.9242992401123047,0.09711681306362152,19352.49502237224,619274.1875,49.81284905778784,53478948864.0,0.0003,exported_float_payload,False
te_f0l4_seed42,TE F0L4,12760,2.503408908843994,2.8625407218933105,0.0650397464632988,19401.594995214087,620844.25,49.93923118748662,53520891904.0,0.0003,exported_float_payload,False
te_f0l4_seed42,TE F0L4,12770,2.567711353302002,3.0040292739868164,0.06897880882024765,19392.448375620057,620550.5,49.91568801226814,53562834944.0,0.0003,exported_float_payload,False
te_f0l4_seed42,TE F0L4,12780,2.548358678817749,2.934178352355957,0.06707631796598434,18653.26431077394,596896.9375,48.01304630092625,53604777984.0,0.0003,exported_float_payload,False
te_f0l4_seed42,TE F0L4,12790,2.520453691482544,2.9540395736694336,0.07307811826467514,18422.850065201048,589525,47.4199656659891,53646721024.0,0.0003,exported_float_payload,False
te_f0l4_seed42,TE F0L4,12800,2.5401601791381836,2.928335666656494,0.06412950903177261,19361.377448685536,619556.75,49.835712205960704,53688664064.0,0.0003,exported_float_payload,False
te_f0l4_seed42,TE F0L4,12810,2.544989824295044,2.9296064376831055,0.06388804316520691,18563.862834551677,594037.5625,47.78292908681744,53730607104.0,0.0003,exported_float_payload,False
te_f0l4_seed42,TE F0L4,12820,2.587683916091919,3.75240159034729,0.06817501783370972,19382.638276984453,620236.25,49.89043705821739,53772550144.0,0.0003,exported_float_payload,False
te_f0l4_seed42,TE F0L4,12830,2.5659220218658447,2.981414318084717,0.07078225910663605,19388.044669196122,620409.5,49.90435297959475,53814493184.0,0.0003,exported_float_payload,False
te_f0l4_seed42,TE F0L4,12840,2.5740723609924316,2.9865429401397705,0.08106791973114014,19372.518963108505,619913.25,49.86439019169768,53856436224.0,0.0003,exported_float_payload,False
te_f0l4_seed42,TE F0L4,12850,2.556575298309326,2.9422950744628906,0.06435851007699966,19358.192351220692,619454,49.827513842955454,53898379264.0,0.0003,exported_float_payload,False
te_f0l4_seed42,TE F0L4,12860,2.5468151569366455,2.93259596824646,0.06406387686729431,15423.11610378922,493535.09375,39.698723786810945,53940322304.0,0.0003,exported_float_payload,False
te_f0l4_seed42,TE F0L4,12870,2.585063934326172,3.1715164184570312,0.0869811549782753,19404.337333785737,620930.75,49.946289899925354,53982265344.0,0.0003,exported_float_payload,False
te_f0l4_seed42,TE F0L4,12880,2.5435540676116943,2.9836316108703613,0.080772265791893,13539.600751888467,433263.90625,34.850601319201736,54024208384.0,0.0003,exported_float_payload,False
te_f0l4_seed42,TE F0L4,12890,2.5586676597595215,2.905907154083252,0.06338759511709213,19422.29081175013,621505.25,49.99250171327906,54066151424.0,0.0003,exported_float_payload,False
te_f0l4_seed42,TE F0L4,12900,2.5482892990112305,2.948185920715332,0.0861072838306427,19368.88383068316,619796.6875,49.85503344970656,54108094464.0,0.0003,exported_float_payload,False
te_f0l4_seed42,TE F0L4,12910,2.5544607639312744,3.0324249267578125,0.062161482870578766,19399.17456224946,620766.375,49.93300105221041,54150037504.0,0.0003,exported_float_payload,False
te_f0l4_seed42,TE F0L4,12920,2.5891575813293457,2.982252597808838,0.09346599876880646,19412.210034011998,621183.75,49.96655403783597,54191980544.0,0.0003,exported_float_payload,False
te_f0l4_seed42,TE F0L4,12930,2.5558876991271973,2.9338808059692383,0.06495435535907745,19413.771037995662,621231.875,49.9705720239265,54233923584.0,0.0003,exported_float_payload,False
te_f0l4_seed42,TE F0L4,12940,2.534985065460205,2.985166311264038,0.06313685327768326,17985.625004613914,575533.875,46.294559049316106,54275866624.0,0.0003,exported_float_payload,False
te_f0l4_seed42,TE F0L4,12950,2.5849175453186035,2.9246535301208496,0.07287126779556274,18594.625678758064,595021.5625,47.86211189571466,54317809664.0,0.0003,exported_float_payload,False
te_f0l4_seed42,TE F0L4,12960,2.5622036457061768,2.9560799598693848,0.09331798553466797,19409.01367364523,621081.75,49.95832668439653,54359752704.0,0.0003,exported_float_payload,False
te_f0l4_seed42,TE F0L4,12970,2.575021982192993,3.0895638465881348,0.07041114568710327,19401.411338361122,620837.125,49.93875845923713,54401695744.0,0.0003,exported_float_payload,False
te_f0l4_seed42,TE F0L4,12980,2.5410637855529785,3.017469644546509,0.07935578376054764,19408.616272337327,621068.5625,49.957303783145655,54443638784.0,0.0003,exported_float_payload,False
te_f0l4_seed42,TE F0L4,12990,2.564697504043579,3.0548431873321533,0.08187799900770187,19410.612521095965,621131.9375,49.9624420786461,54485581824.0,0.0003,exported_float_payload,False
te_f0l4_seed42,TE F0L4,13000,2.5679473876953125,2.956617593765259,0.061194632202386856,19368.629708858218,619788.875,49.85437934634193,54527524864.0,0.0003,exported_float_payload,False
te_f0l4_seed42,TE F0L4,13010,2.5811352729797363,3.4494404792785645,0.0874665230512619,17236.999388514934,551578.3125,44.36761501587639,54569467904.0,0.0003,exported_float_payload,False
te_f0l4_seed42,TE F0L4,13020,2.572112798690796,3.0567564964294434,0.07125865668058395,19412.4962140635,621189.1875,49.967290658292,54611410944.0,0.0003,exported_float_payload,False
te_f0l4_seed42,TE F0L4,13030,2.5452325344085693,3.0228776931762695,0.06383103877305984,19408.9080249595,621075.4375,49.95805474726236,54653353984.0,0.0003,exported_float_payload,False
te_f0l4_seed42,TE F0L4,13040,2.5614256858825684,3.011366128921509,0.11383028328418732,19411.10596529612,621146.125,49.96371219195357,54695297024.0,0.0003,exported_float_payload,False
te_f0l4_seed42,TE F0L4,13050,2.556519031524658,2.995814561843872,0.07456453889608383,19362.841005957227,619603,49.83947936659699,54737240064.0,0.0003,exported_float_payload,False
te_f0l4_seed42,TE F0L4,13060,2.5585968494415283,2.986586809158325,0.06623207032680511,18549.87296960899,593587.9375,47.74691951647918,54779183104.0,0.0003,exported_float_payload,False
te_f0l4_seed42,TE F0L4,13070,2.5816807746887207,2.9767985343933105,0.10816438496112823,19419.17241401635,621404.3125,49.984475033750904,54821126144.0,0.0003,exported_float_payload,False
te_f0l4_seed42,TE F0L4,13080,2.5419352054595947,3.1063926219940186,0.06384067982435226,18618.49956084287,595783.1875,47.92356268453228,54863069184.0,0.0003,exported_float_payload,False
te_f0l4_seed42,TE F0L4,13090,2.5111074447631836,2.852031707763672,0.058995604515075684,19413.204130450686,621213.8125,49.969112817765485,54905012224.0,0.0003,exported_float_payload,False
te_f0l4_seed42,TE F0L4,13100,2.568706750869751,2.9383511543273926,0.08306751400232315,19361.135510574775,619548.375,49.83508946317851,54946955264.0,0.0003,exported_float_payload,False
te_f0l4_seed42,TE F0L4,13110,2.566253662109375,3.1364941596984863,0.06960804015398026,19409.932120377754,621110.5625,49.960690743831854,54988898304.0,0.0003,exported_float_payload,False
te_f0l4_seed42,TE F0L4,13120,2.542660713195801,3.047325372695923,0.06682610511779785,19410.566252986628,621130.125,49.96232298566383,55030841344.0,0.0003,exported_float_payload,False
te_f0l4_seed42,TE F0L4,13130,2.563292980194092,3.015108585357666,0.07355023175477982,19413.072240489986,621209.8125,49.96877333623109,55072784384.0,0.0003,exported_float_payload,False
te_f0l4_seed42,TE F0L4,13140,2.5659430027008057,3.059661388397217,0.08950524777173996,19411.565717641937,621161.6875,49.96489558325168,55114727424.0,0.0003,exported_float_payload,False
te_f0l4_seed42,TE F0L4,13150,2.5688529014587402,2.9408140182495117,0.07870978116989136,18483.194518266922,591456,47.57529081287947,55156670464.0,0.0003,exported_float_payload,False
te_f0l4_seed42,TE F0L4,13160,2.564439058303833,3.029273271560669,0.07391326874494553,18575.157757605448,594398.0625,47.81200194261956,55198613504.0,0.0003,exported_float_payload,False
te_f0l4_seed42,TE F0L4,13170,2.5362844467163086,2.8855528831481934,0.06119538098573685,19414.473746154188,621256,49.97238077754674,55240556544.0,0.0003,exported_float_payload,False
te_f0l4_seed42,TE F0L4,13180,2.54081654548645,2.870243787765503,0.06822162866592407,19412.43553694677,621191.4375,49.96713447687698,55282499584.0,0.0003,exported_float_payload,False
te_f0l4_seed42,TE F0L4,13190,2.544654369354248,2.870265007019043,0.06713573634624481,19415.84292373202,621299.75,49.975905007158424,55324442624.0,0.0003,exported_float_payload,False
te_f0l4_seed42,TE F0L4,13200,2.570040464401245,2.903017997741699,0.08328726142644882,19392.271531711023,620545.625,49.915232820369766,55366385664.0,0.0003,exported_float_payload,False
te_f0l4_seed42,TE F0L4,13210,2.5711636543273926,3.045797109603882,0.06446515768766403,19419.116760161014,621404,49.9843317820879,55408328704.0,0.0003,exported_float_payload,False
te_f0l4_seed42,TE F0L4,13220,2.571289539337158,2.9016659259796143,0.08474396169185638,19412.896639742008,621205.1875,49.968321344198884,55450271744.0,0.0003,exported_float_payload,False
te_f0l4_seed42,TE F0L4,13230,2.538987159729004,2.877337694168091,0.07707154750823975,15249.009242703809,487963.4375,39.25057698294164,55492214784.0,0.0003,exported_float_payload,False
te_f0l4_seed42,TE F0L4,13240,2.5729758739471436,2.950629711151123,0.06505884230136871,18644.94887398388,596631.125,47.99164256992444,55534157824.0,0.0003,exported_float_payload,False
te_f0l4_seed42,TE F0L4,13250,2.5462660789489746,2.955207109451294,0.06343246251344681,19377.981221767586,620087.75,49.87844991194486,55576100864.0,0.0003,exported_float_payload,False
te_f0l4_seed42,TE F0L4,13260,2.5457448959350586,2.939602851867676,0.06318268924951553,19423.186752809204,621534.4375,49.994807843661164,55618043904.0,0.0003,exported_float_payload,False
te_f0l4_seed42,TE F0L4,13270,2.5201988220214844,2.8856143951416016,0.08324489742517471,19421.11703386826,621468.3125,49.989480437707655,55659986944.0,0.0003,exported_float_payload,False
te_f0l4_seed42,TE F0L4,13280,2.538623094558716,2.9331045150756836,0.07596320658922195,19417.222096174613,621344.3125,49.979454963307646,55701929984.0,0.0003,exported_float_payload,False
te_f0l4_seed42,TE F0L4,13290,2.5438852310180664,2.925875663757324,0.08201350271701813,19407.2801350484,621024.875,49.95386459842984,55743873024.0,0.0003,exported_float_payload,False
te_f0l4_seed42,TE F0L4,13300,2.5128767490386963,3.1516261100769043,0.06693063676357269,19366.91799910004,619733.875,49.849973447272255,55785816064.0,0.0003,exported_float_payload,False
te_f0l4_seed42,TE F0L4,13310,2.5333430767059326,2.877249240875244,0.07263629138469696,19400.34675626487,620803.5625,49.93601825094827,55827759104.0,0.0003,exported_float_payload,False
te_f0l4_seed42,TE F0L4,13320,2.555410385131836,3.006690740585327,0.07017011195421219,19409.853120257278,621107.9375,49.96048739945315,55869702144.0,0.0003,exported_float_payload,False
te_f0l4_seed42,TE F0L4,13330,2.5393054485321045,3.039076328277588,0.07131768018007278,19409.717466893948,621104.1875,49.960138231012394,55911645184.0,0.0003,exported_float_payload,False
te_f0l4_seed42,TE F0L4,13340,2.571669340133667,3.176755905151367,0.07939678430557251,19407.49898507146,621032.25,49.95442791303875,55953588224.0,0.0003,exported_float_payload,False
te_f0l4_seed42,TE F0L4,13350,2.5386908054351807,3.1835756301879883,0.07926706224679947,19374.831682484517,619986.9375,49.870343074830174,55995531264.0,0.0003,exported_float_payload,False
te_f0l4_seed42,TE F0L4,13360,2.655621290206909,5.955887794494629,0.08094795048236847,18494.519816649146,591817.6875,47.60444185403443,56037474304.0,0.0003,exported_float_payload,False
te_f0l4_seed42,TE F0L4,13370,2.553638219833374,2.9841549396514893,0.060078397393226624,19408.60964219667,621068.75,49.957286717325694,56079417344.0,0.0003,exported_float_payload,False
te_f0l4_seed42,TE F0L4,13380,2.555145025253296,2.9722354412078857,0.06666886806488037,19412.011488909004,621176.375,49.966042987594896,56121360384.0,0.0003,exported_float_payload,False
te_f0l4_seed42,TE F0L4,13390,2.531813621520996,2.9147160053253174,0.06920909136533737,19408.003007376166,621047.625,49.95572525412872,56163303424.0,0.0003,exported_float_payload,False
te_f0l4_seed42,TE F0L4,13400,2.5677542686462402,3.0025405883789062,0.06565988808870316,19383.03244484571,620249.875,49.891451636655646,56205246464.0,0.0003,exported_float_payload,False
te_f0l4_seed42,TE F0L4,13410,2.5635409355163574,2.921116828918457,0.06659682095050812,18715.393455978072,598885.375,48.17296520174835,56247189504.0,0.0003,exported_float_payload,False
te_f0l4_seed42,TE F0L4,13420,2.5142617225646973,2.8707447052001953,0.06786064803600311,19400.362913294397,620804.125,49.93605983874727,56289132544.0,0.0003,exported_float_payload,False
te_f0l4_seed42,TE F0L4,13430,2.5635385513305664,3.0902962684631348,0.06833910942077637,19402.22943537009,620863.75,49.94086422093737,56331075584.0,0.0003,exported_float_payload,False
te_f0l4_seed42,TE F0L4,13440,2.5501675605773926,2.8918399810791016,0.07040561735630035,19409.158078887987,621085.625,49.958698379960964,56373018624.0,0.0003,exported_float_payload,False
te_f0l4_seed42,TE F0L4,13450,2.542901039123535,2.938354730606079,0.07711462676525116,19371.154055471925,619869.875,49.860876952810386,56414961664.0,0.0003,exported_float_payload,False
te_f0l4_seed42,TE F0L4,13460,2.5399184226989746,2.9235453605651855,0.06181514263153076,19390.327590019115,620480.6875,49.91022916198028,56456904704.0,0.0003,exported_float_payload,False
te_f0l4_seed42,TE F0L4,13470,2.547001838684082,2.915491819381714,0.07564734667539597,19406.477733255797,620999.875,49.951799235832794,56498847744.0,0.0003,exported_float_payload,False
te_f0l4_seed42,TE F0L4,13480,2.524174928665161,2.930251359939575,0.06210016459226608,19408.12822113653,621053.1875,49.95604755128668,56540790784.0,0.0003,exported_float_payload,False
te_f0l4_seed42,TE F0L4,13490,2.581043243408203,3.0201244354248047,0.07779324054718018,19407.824292315618,621043,49.955265245932104,56582733824.0,0.0003,exported_float_payload,False
te_f0l4_seed42,TE F0L4,13500,2.5316174030303955,2.85272216796875,0.07958466559648514,19371.373837117648,619877.6875,49.861442665393255,56624676864.0,0.0003,exported_float_payload,False
te_f0l4_seed42,TE F0L4,13510,2.524684429168701,2.879242420196533,0.07333848625421524,19411.045711039736,621146.4375,49.96355709897074,56666619904.0,0.0003,exported_float_payload,False
te_f0l4_seed42,TE F0L4,13520,2.5576446056365967,2.9711060523986816,0.06836554408073425,18466.922372802932,590934.6875,47.53340670827658,56708562944.0,0.0003,exported_float_payload,False
te_f0l4_seed42,TE F0L4,13530,2.5380234718322754,3.0529346466064453,0.06997201591730118,18566.135766609143,594109.875,47.78877955836471,56750505984.0,0.0003,exported_float_payload,False
te_f0l4_seed42,TE F0L4,13540,2.5466291904449463,2.9599156379699707,0.07849850505590439,19402.479398021813,620872.3125,49.94150761869182,56792449024.0,0.0003,exported_float_payload,False
te_f0l4_seed42,TE F0L4,13550,2.5303454399108887,2.8995604515075684,0.07011034339666367,19374.760008552195,619985.375,49.87015858788066,56834392064.0,0.0003,exported_float_payload,False
te_f0l4_seed42,TE F0L4,13560,2.5631330013275146,2.8995516300201416,0.06647637486457825,18722.248233262948,599105.625,48.190609230894026,56876335104.0,0.0003,exported_float_payload,False
te_f0l4_seed42,TE F0L4,13570,2.5324602127075195,3.037075996398926,0.07883031666278839,19384.20933088413,620288.125,49.89448091254603,56918278144.0,0.0003,exported_float_payload,False
te_f0l4_seed42,TE F0L4,13580,2.518876314163208,3.1134305000305176,0.062361106276512146,19401.81078529921,620850.0625,49.93978662589009,56960221184.0,0.0003,exported_float_payload,False
te_f0l4_seed42,TE F0L4,13590,2.5596327781677246,2.9788243770599365,0.08904916048049927,19401.239677884416,620832,49.938316609366844,57002164224.0,0.0003,exported_float_payload,False
te_f0l4_seed42,TE F0L4,13600,2.5037648677825928,2.9097611904144287,0.056907352060079575,19355.547165474796,619369.75,49.820705199515025,57044107264.0,0.0003,exported_float_payload,False
te_f0l4_seed42,TE F0L4,13610,2.536914825439453,2.884441614151001,0.06415102630853653,19395.566067340653,620650,49.923712874535624,57086050304.0,0.0003,exported_float_payload,False
te_f0l4_seed42,TE F0L4,13620,2.5341744422912598,2.9285635948181152,0.07170454412698746,19395.30975795289,620642.25,49.92305314043778,57127993344.0,0.0003,exported_float_payload,False
te_f0l4_seed42,TE F0L4,13630,2.5274715423583984,3.0136923789978027,0.06163853034377098,19391.760924107595,620528.9375,49.91391852888188,57169936384.0,0.0003,exported_float_payload,False
te_f0l4_seed42,TE F0L4,13640,2.5846402645111084,3.2189576625823975,0.08310189843177795,19401.412119073317,620837.25,49.93876046877123,57211879424.0,0.0003,exported_float_payload,False
te_f0l4_seed42,TE F0L4,13650,2.5626792907714844,3.0041985511779785,0.06435955315828323,19364.636413009204,619661.5625,49.84410070045466,57253822464.0,0.0003,exported_float_payload,False
te_f0l4_seed42,TE F0L4,13660,2.542754650115967,2.9289536476135254,0.0849698930978775,19397.500575401344,620712.4375,49.928692250988995,57295765504.0,0.0003,exported_float_payload,False
te_f0l4_seed42,TE F0L4,13670,2.5654919147491455,3.348039150238037,0.0645064041018486,19392.50228840523,620552.375,49.91582678245911,57337708544.0,0.0003,exported_float_payload,False
te_f0l4_seed42,TE F0L4,13680,2.597588539123535,2.9368391036987305,0.07334069162607193,18692.78519268812,598162,48.11477208476683,57379651584.0,0.0003,exported_float_payload,False
te_f0l4_seed42,TE F0L4,13690,2.5235235691070557,2.9444692134857178,0.08944039046764374,19391.80462678972,620530.125,49.91403101851722,57421594624.0,0.0003,exported_float_payload,False
te_f0l4_seed42,TE F0L4,13700,2.5386390686035156,3.0678036212921143,0.058852825313806534,19356.42376726607,619398.125,49.82296155109461,57463537664.0,0.0003,exported_float_payload,False
te_f0l4_seed42,TE F0L4,13710,2.579352378845215,3.562779664993286,0.07211778312921524,19380.428084743624,620167.0625,49.88474807742427,57505480704.0,0.0003,exported_float_payload,False
te_f0l4_seed42,TE F0L4,13720,2.596785068511963,3.9147167205810547,0.08544062823057175,19385.523182793007,620329.5,49.89786273523843,57547423744.0,0.0003,exported_float_payload,False
te_f0l4_seed42,TE F0L4,13730,2.549959659576416,2.977370262145996,0.07279039919376373,19391.243583239455,620511.5625,49.91258690613523,57589366784.0,0.0003,exported_float_payload,False
te_f0l4_seed42,TE F0L4,13740,2.541003942489624,3.053501605987549,0.06253515183925629,19397.648818899615,620717.0625,49.92907382612929,57631309824.0,0.0003,exported_float_payload,False
te_f0l4_seed42,TE F0L4,13750,2.5649490356445312,3.009408473968506,0.05912972241640091,19358.383505140322,619461.3125,49.82800586847125,57673252864.0,0.0003,exported_float_payload,False
te_f0l4_seed42,TE F0L4,13760,2.532574415206909,2.9148130416870117,0.0969700962305069,19396.09928679441,620667.375,49.92508536837345,57715195904.0,0.0003,exported_float_payload,False
te_f0l4_seed42,TE F0L4,13770,2.505523920059204,2.9826197624206543,0.06399128586053848,19395.024780137544,620632.1875,49.92231961450822,57757138944.0,0.0003,exported_float_payload,False
te_f0l4_seed42,TE F0L4,13780,2.579150676727295,3.026531457901001,0.08450883626937866,19395.888626913325,620659.5625,49.92454313498975,57799081984.0,0.0003,exported_float_payload,False
te_f0l4_seed42,TE F0L4,13790,2.524601936340332,2.901045799255371,0.06756338477134705,19395.590299505657,620650,49.923775247535914,57841025024.0,0.0003,exported_float_payload,False
te_f0l4_seed42,TE F0L4,13800,2.572288990020752,3.019089937210083,0.06069564074277878,19358.721342416484,619471.25,49.828875453360645,57882968064.0,0.0003,exported_float_payload,False
te_f0l4_seed42,TE F0L4,13810,2.5174899101257324,2.8955273628234863,0.06788644194602966,19401.182420422298,620830.0625,49.93816923005918,57924911104.0,0.0003,exported_float_payload,False
te_f0l4_seed42,TE F0L4,13820,2.4902477264404297,2.87020206451416,0.0736313909292221,19388.506502947872,620425.125,49.90554172838083,57966854144.0,0.0003,exported_float_payload,False
te_f0l4_seed42,TE F0L4,13830,2.5557198524475098,2.882986545562744,0.06762545555830002,19390.43425983123,620485.375,49.9105037274688,58008797184.0,0.0003,exported_float_payload,False
te_f0l4_seed42,TE F0L4,13840,2.518160343170166,2.978297233581543,0.05905495584011078,19393.191737399153,620575,49.91760140731382,58050740224.0,0.0003,exported_float_payload,False
te_f0l4_seed42,TE F0L4,13850,2.5112109184265137,2.8189077377319336,0.07120200246572495,19359.583905766784,619499.625,49.83109567033637,58092683264.0,0.0003,exported_float_payload,False
te_f0l4_seed42,TE F0L4,13860,2.5126051902770996,2.9196252822875977,0.07299332320690155,19387.70052455764,620400,49.903467159708946,58134626304.0,0.0003,exported_float_payload,False
te_f0l4_seed42,TE F0L4,13870,2.4954617023468018,3.1000888347625732,0.08193463087081909,19384.84984382205,620308,49.89612957718897,58176569344.0,0.0003,exported_float_payload,False
te_f0l4_seed42,TE F0L4,13880,2.517098903656006,2.937077045440674,0.06875784695148468,18509.72304161154,592304.3125,47.643574583399186,58218512384.0,0.0003,exported_float_payload,False
te_f0l4_seed42,TE F0L4,13890,2.5519657135009766,3.0187432765960693,0.07152949273586273,19392.21161664085,620543.75,49.91507860044394,58260455424.0,0.0003,exported_float_payload,False
te_f0l4_seed42,TE F0L4,13900,2.5387208461761475,2.8541088104248047,0.056257352232933044,19366.53055637896,619721.8125,49.8489761791804,58302398464.0,0.0003,exported_float_payload,False
te_f0l4_seed42,TE F0L4,13910,2.481173515319824,2.894871234893799,0.07092878967523575,19045.570736157864,609450.75,49.022833448756984,58344341504.0,0.0003,exported_float_payload,False
te_f0l4_seed42,TE F0L4,13920,2.5173842906951904,2.9745264053344727,0.06308180093765259,19391.32703841003,620514.5625,49.91280171770398,58386284544.0,0.0003,exported_float_payload,False
te_f0l4_seed42,TE F0L4,13930,2.508817195892334,3.223299980163574,0.06646428257226944,19398.760274574768,620753.1875,49.93193468586426,58428227584.0,0.0003,exported_float_payload,False
te_f0l4_seed42,TE F0L4,13940,2.5085272789001465,2.958854913711548,0.07429984956979752,18496.759136432942,591890,47.610205808411024,58470170624.0,0.0003,exported_float_payload,False
te_f0l4_seed42,TE F0L4,13950,2.5583362579345703,2.9081180095672607,0.1369265764951706,19342.028772940812,618937.25,49.78590918763021,58512113664.0,0.0003,exported_float_payload,False
te_f0l4_seed42,TE F0L4,13960,2.5441689491271973,2.9484338760375977,0.06088300049304962,19390.56230784708,620490.25,49.910833319931086,58554056704.0,0.0003,exported_float_payload,False
te_f0l4_seed42,TE F0L4,13970,2.540104389190674,2.8578243255615234,0.11389375478029251,18437.3835843235,589989.125,47.45737458889482,58595999744.0,0.0003,exported_float_payload,False
te_f0l4_seed42,TE F0L4,13980,2.494694709777832,2.90008282661438,0.0726371556520462,19384.65651628943,620300.5625,49.89563195684648,58637942784.0,0.0003,exported_float_payload,False
te_f0l4_seed42,TE F0L4,13990,2.571810722351074,4.27149772644043,0.06542510539293289,19382.074200775194,620218.4375,49.88898513984529,58679885824.0,0.0003,exported_float_payload,False
te_f0l4_seed42,TE F0L4,14000,2.5130066871643066,2.949531078338623,0.062014706432819366,19360.699485254365,619535,49.833967144663724,58721828864.0,0.0003,exported_float_payload,False
te_f0l4_seed42,TE F0L4,14010,2.517341136932373,3.0481679439544678,0.07707347720861435,17277.02881810703,552859.4375,44.47064978900695,58763771904.0,0.0003,exported_float_payload,False
te_f0l4_seed42,TE F0L4,14020,2.599449396133423,3.977292060852051,0.07917724549770355,18981.18479637859,607384.1875,48.85710561387259,58805714944.0,0.0003,exported_float_payload,False
te_f0l4_seed42,TE F0L4,14030,2.557116985321045,3.078139305114746,0.07808881998062134,18705.142256522206,598553.9375,48.146578864970266,58847657984.0,0.0003,exported_float_payload,False
te_f0l4_seed42,TE F0L4,14040,2.54021954536438,2.988029956817627,0.06684040278196335,19384.987148884877,620309.0625,49.896482997063856,58889601024.0,0.0003,exported_float_payload,False
te_f0l4_seed42,TE F0L4,14050,2.504507064819336,2.946929931640625,0.06953322142362595,19362.83799434632,619598.9375,49.83947161478414,58931544064.0,0.0003,exported_float_payload,False
te_f0l4_seed42,TE F0L4,14060,2.5177621841430664,2.950228214263916,0.0578317753970623,19401.294586889522,620832.8125,49.93845794380357,58973487104.0,0.0003,exported_float_payload,False
te_f0l4_seed42,TE F0L4,14070,2.5486204624176025,2.8942434787750244,0.07195813208818436,19400.83283693221,620817.5,49.937269410702314,59015430144.0,0.0003,exported_float_payload,False
te_f0l4_seed42,TE F0L4,14080,2.5374748706817627,2.875917911529541,0.0673060342669487,19395.263502360194,620639.75,49.922934079673034,59057373184.0,0.0003,exported_float_payload,False
te_f0l4_seed42,TE F0L4,14090,2.5504422187805176,3.279238224029541,0.09482140094041824,19401.987472635745,620855.125,49.940241414774675,59099316224.0,0.0003,exported_float_payload,False
te_f0l4_seed42,TE F0L4,14100,2.514566421508789,2.9883880615234375,0.0658872202038765,19362.80389407855,619600.5625,49.83938384152858,59141259264.0,0.0003,exported_float_payload,False
te_f0l4_seed42,TE F0L4,14110,2.5419044494628906,2.8682312965393066,0.06594082713127136,19398.38004808298,620739.625,49.930955992170176,59183202304.0,0.0003,exported_float_payload,False
te_f0l4_seed42,TE F0L4,14120,2.512014389038086,2.9339685440063477,0.07491452991962433,19395.632246986923,620652,49.923883219327166,59225145344.0,0.0003,exported_float_payload,False
te_f0l4_seed42,TE F0L4,14130,2.576657772064209,3.2313830852508545,0.07276291400194168,19409.549098596926,621098.25,49.959704855132124,59267088384.0,0.0003,exported_float_payload,False
te_f0l4_seed42,TE F0L4,14140,2.53794264793396,2.9963583946228027,0.059186164289712906,19405.94941752575,620982.3125,49.95043936405992,59309031424.0,0.0003,exported_float_payload,False
te_f0l4_seed42,TE F0L4,14150,2.524109363555908,2.966054916381836,0.08527670055627823,19367.46053040141,619751,49.85136990957818,59350974464.0,0.0003,exported_float_payload,False
te_f0l4_seed42,TE F0L4,14160,2.5556118488311768,2.961705207824707,0.05962198227643967,18682.46792219471,597832,48.08821568275343,59392917504.0,0.0003,exported_float_payload,False
te_f0l4_seed42,TE F0L4,14170,2.535370111465454,2.911374092102051,0.07512301206588745,19399.952010654782,620791.25,49.93500218539866,59434860544.0,0.0003,exported_float_payload,False
te_f0l4_seed42,TE F0L4,14180,2.487565040588379,2.9518837928771973,0.08296824991703033,19401.399848338962,620834.3125,49.938728884201,59476803584.0,0.0003,exported_float_payload,False
te_f0l4_seed42,TE F0L4,14190,2.5143625736236572,2.9986579418182373,0.081515833735466,19407.229597436737,621021.875,49.953734515852965,59518746624.0,0.0003,exported_float_payload,False
te_f0l4_seed42,TE F0L4,14200,2.5340285301208496,2.913290500640869,0.06828399747610092,19379.924487280026,620150.1875,49.883451829864924,59560689664.0,0.0003,exported_float_payload,False
te_f0l4_seed42,TE F0L4,14210,2.533958673477173,2.909785270690918,0.06896723806858063,19394.94322664253,620630.9375,49.92210969780586,59602632704.0,0.0003,exported_float_payload,False
te_f0l4_seed42,TE F0L4,14220,2.5408506393432617,2.928215503692627,0.06573651731014252,18400.4571860552,588808.1875,47.362326942528796,59644575744.0,0.0003,exported_float_payload,False
te_f0l4_seed42,TE F0L4,14230,2.540450096130371,3.035829544067383,0.07935372740030289,18723.07172283391,599130.875,48.192728872917,59686518784.0,0.0003,exported_float_payload,False
te_f0l4_seed42,TE F0L4,14240,2.5523362159729004,2.9723784923553467,0.15238675475120544,19396.808444499708,620690.875,49.926910722969396,59728461824.0,0.0003,exported_float_payload,False
te_f0l4_seed42,TE F0L4,14250,2.5531392097473145,2.9296374320983887,0.07254466414451599,19355.023247334408,619353.375,49.81935664703042,59770404864.0,0.0003,exported_float_payload,False
te_f0l4_seed42,TE F0L4,14260,2.531446933746338,3.057633876800537,0.07741662859916687,19408.128960101636,621050.875,49.95604945336479,59812347904.0,0.0003,exported_float_payload,False
te_f0l4_seed42,TE F0L4,14270,2.534166097640991,2.9715323448181152,0.08216618001461029,19406.751368600613,621007.9375,49.95250356652052,59854290944.0,0.0003,exported_float_payload,False
te_f0l4_seed42,TE F0L4,14280,2.5598058700561523,3.3043904304504395,0.07342321425676346,19406.016732505323,620984,49.95061263117163,59896233984.0,0.0003,exported_float_payload,False
te_f0l4_seed42,TE F0L4,14290,2.4306392669677734,2.888148546218872,0.07324831932783127,19408.860307008687,621075.625,49.957931922423576,59938177024.0,0.0003,exported_float_payload,False
te_f0l4_seed42,TE F0L4,14300,2.5360193252563477,2.934981346130371,0.05726919323205948,18691.949914331683,598135.5625,48.112622098698246,59980120064.0,0.0003,exported_float_payload,False
te_f0l4_seed42,TE F0L4,14310,2.544750213623047,2.9532203674316406,0.0659351646900177,18599.16656001299,595166.75,47.873800013049376,60022063104.0,0.0003,exported_float_payload,False
te_f0l4_seed42,TE F0L4,14320,2.5568618774414062,2.911123275756836,0.0621098130941391,19401.479463827218,620840.1875,49.93893381252133,60064006144.0,0.0003,exported_float_payload,False
te_f0l4_seed42,TE F0L4,14330,2.530555009841919,2.9683022499084473,0.07754524797201157,18461.100294860258,590748.5,47.51842082199029,60105949184.0,0.0003,exported_float_payload,False
te_f0l4_seed42,TE F0L4,14340,2.5092926025390625,2.860321044921875,0.06995593011379242,19382.204170267305,620224.0625,49.88931967814049,60147892224.0,0.0003,exported_float_payload,False
te_f0l4_seed42,TE F0L4,14350,2.5472617149353027,2.925650119781494,0.058261238038539886,19361.623743880136,619564.3125,49.83634616377018,60189835264.0,0.0003,exported_float_payload,False
te_f0l4_seed42,TE F0L4,14360,2.4917404651641846,2.8921213150024414,0.07737709581851959,19406.34729298644,620995.625,49.95146348576848,60231778304.0,0.0003,exported_float_payload,False
te_f0l4_seed42,TE F0L4,14370,2.48311448097229,2.985286235809326,0.07331030815839767,19413.826100170754,621234.9375,49.97071375261902,60273721344.0,0.0003,exported_float_payload,False
te_f0l4_seed42,TE F0L4,14380,2.5502071380615234,3.0316686630249023,0.08380153030157089,18971.32709700647,607075.75,48.83173213668979,60315664384.0,0.0003,exported_float_payload,False
te_f0l4_seed42,TE F0L4,14390,2.547964096069336,3.024895668029785,0.07204078137874603,19405.7013899458,620975.0625,49.94980094713291,60357607424.0,0.0003,exported_float_payload,False
te_f0l4_seed42,TE F0L4,14400,2.537956714630127,2.9074456691741943,0.06257221847772598,19376.69445261838,620046.5625,49.87513779961373,60399550464.0,0.0003,exported_float_payload,False
te_f0l4_seed42,TE F0L4,14410,2.501112937927246,2.9053027629852295,0.07306019216775894,17961.401961485255,574758.125,46.23220952850789,60441493504.0,0.0003,exported_float_payload,False
te_f0l4_seed42,TE F0L4,14420,2.5205483436584473,2.9203577041625977,0.061089273542165756,19394.670870062826,620622.125,49.92140865862828,60483436544.0,0.0003,exported_float_payload,False
te_f0l4_seed42,TE F0L4,14430,2.5744247436523438,2.9427785873413086,0.8924552202224731,19408.227517567946,621056.0625,49.95630313787354,60525379584.0,0.0003,exported_float_payload,False
te_f0l4_seed42,TE F0L4,14440,2.5585148334503174,2.9592244625091553,0.07706033438444138,19405.60028032279,620972.25,49.94954069343521,60567322624.0,0.0003,exported_float_payload,False
te_f0l4_seed42,TE F0L4,14450,2.5115246772766113,3.017277717590332,0.07465527206659317,19350.438394996265,619207.125,49.8075553492025,60609265664.0,0.0003,exported_float_payload,False
te_f0l4_seed42,TE F0L4,14460,2.539950370788574,2.8821215629577637,0.06622324138879776,19392.197354307184,620543.375,49.91504188954577,60651208704.0,0.0003,exported_float_payload,False
te_f0l4_seed42,TE F0L4,14470,2.5300607681274414,2.8958804607391357,0.0591384619474411,19391.19771280507,620510.0625,49.91246883675857,60693151744.0,0.0003,exported_float_payload,False
te_f0l4_seed42,TE F0L4,14480,2.517477035522461,2.844646692276001,0.08220818638801575,18945.238124332114,606240.125,48.7645797588492,60735094784.0,0.0003,exported_float_payload,False
te_f0l4_seed42,TE F0L4,14490,2.5268890857696533,2.9279487133026123,0.0600220263004303,19385.84805574491,620338.8125,49.89869895027413,60777037824.0,0.0003,exported_float_payload,False
te_f0l4_seed42,TE F0L4,14500,2.529909133911133,2.922414541244507,0.07818151265382767,19360.76571295951,619537.75,49.83413761315762,60818980864.0,0.0003,exported_float_payload,False
te_f0l4_seed42,TE F0L4,14510,2.5536370277404785,3.051560401916504,0.06264977902173996,19399.132361462285,620764.4375,49.93289242841595,60860923904.0,0.0003,exported_float_payload,False
te_f0l4_seed42,TE F0L4,14520,2.5390772819519043,2.975724220275879,0.06347841024398804,19325.49734074034,618408.3125,49.743357685306655,60902866944.0,0.0003,exported_float_payload,False
te_f0l4_seed42,TE F0L4,14530,2.531853675842285,3.0268635749816895,0.0618305504322052,19407.26438692649,621025.25,49.95382406314906,60944809984.0,0.0003,exported_float_payload,False
te_f0l4_seed42,TE F0L4,14540,2.512352466583252,2.9435808658599854,0.06821180880069733,19388.461930221696,620423.5,49.905426999273374,60986753024.0,0.0003,exported_float_payload,False
te_f0l4_seed42,TE F0L4,14550,2.502236843109131,2.93212890625,0.07371526211500168,19354.47860427713,619335.375,49.81795474911642,61028696064.0,0.0003,exported_float_payload,False
te_f0l4_seed42,TE F0L4,14560,2.553311347961426,2.925950050354004,0.06522148102521896,19393.599162023547,620587.875,49.9186501083363,61070639104.0,0.0003,exported_float_payload,False
te_f0l4_seed42,TE F0L4,14570,2.519380569458008,2.942152261734009,0.09383779764175415,19400.00136902273,620792.8125,49.93512923263104,61112582144.0,0.0003,exported_float_payload,False
te_f0l4_seed42,TE F0L4,14580,2.538370132446289,2.939889430999756,0.08995943516492844,19396.82632928651,620688,49.92695675797338,61154525184.0,0.0003,exported_float_payload,False
te_f0l4_seed42,TE F0L4,14590,2.538235902786255,2.90578031539917,0.08080430328845978,19394.08536590532,620603.4375,49.91990158524127,61196468224.0,0.0003,exported_float_payload,False
te_f0l4_seed42,TE F0L4,14600,2.543592691421509,3.2445907592773438,0.06740168482065201,19373.163946900884,619934,49.8660503642107,61238411264.0,0.0003,exported_float_payload,False
te_f0l4_seed42,TE F0L4,14610,2.534813642501831,2.9816503524780273,0.08134564757347107,19389.844166053663,620466.375,49.908984840511955,61280354304.0,0.0003,exported_float_payload,False
te_f0l4_seed42,TE F0L4,14620,2.545922040939331,2.9464550018310547,0.07265715301036835,19392.692551146738,620557.1875,49.91631651410421,61322297344.0,0.0003,exported_float_payload,False
te_f0l4_seed42,TE F0L4,14630,2.5692529678344727,2.893782138824463,0.06159195676445961,19395.490978378704,620646.75,49.92351959738335,61364240384.0,0.0003,exported_float_payload,False
te_f0l4_seed42,TE F0L4,14640,2.50644850730896,2.8818442821502686,0.08117672055959702,19378.27338339352,620097.6875,49.87920192882724,61406183424.0,0.0003,exported_float_payload,False
te_f0l4_seed42,TE F0L4,14650,2.559168577194214,3.9768948554992676,0.05875638872385025,19353.085952578367,619290.9375,49.81437009769135,61448126464.0,0.0003,exported_float_payload,False
te_f0l4_seed42,TE F0L4,14660,2.511375904083252,2.9248790740966797,0.07389194518327713,19378.202628801977,620094.8125,49.87901980823842,61490069504.0,0.0003,exported_float_payload,False
te_f0l4_seed42,TE F0L4,14670,2.4785921573638916,2.9191384315490723,0.0838376134634018,19391.31947078366,620514.625,49.912782238818714,61532012544.0,0.0003,exported_float_payload,False
te_f0l4_seed42,TE F0L4,14680,2.517439842224121,2.8434300422668457,0.06648632884025574,19383.678981875597,620270.0625,49.89311580716404,61573955584.0,0.0003,exported_float_payload,False
te_f0l4_seed42,TE F0L4,14690,2.498103618621826,2.871868133544922,0.057657644152641296,19394.660673337297,620621.75,49.92138241250606,61615898624.0,0.0003,exported_float_payload,False
te_f0l4_seed42,TE F0L4,14700,2.5303945541381836,2.9379091262817383,0.07599890977144241,19363.55463017646,619624.625,49.84131621789061,61657841664.0,0.0003,exported_float_payload,False
te_f0l4_seed42,TE F0L4,14710,2.5555152893066406,3.026437759399414,0.0691114291548729,19393.41661429927,620580.9375,49.918180234956935,61699784704.0,0.0003,exported_float_payload,False
te_f0l4_seed42,TE F0L4,14720,2.504913568496704,2.9200491905212402,0.07096594572067261,19392.56294198294,620552.875,49.915982903285276,61741727744.0,0.0003,exported_float_payload,False
te_f0l4_seed42,TE F0L4,14730,2.514666795730591,2.931347370147705,0.07613390684127808,19378.270476376794,620097.625,49.879194446237264,61783670784.0,0.0003,exported_float_payload,False
te_f0l4_seed42,TE F0L4,14740,2.4881391525268555,2.885327100753784,0.06623942404985428,18678.564233168705,597706.625,48.078167682637876,61825613824.0,0.0003,exported_float_payload,False
te_f0l4_seed42,TE F0L4,14750,2.4734907150268555,2.9643425941467285,0.07050032913684845,19347.719937677466,619119.375,49.80055810652476,61867556864.0,0.0003,exported_float_payload,False
te_f0l4_seed42,TE F0L4,14760,2.5402956008911133,2.952174425125122,0.05813344568014145,19391.97224329292,620536.0625,49.91446245929857,61909499904.0,0.0003,exported_float_payload,False
te_f0l4_seed42,TE F0L4,14770,2.5068109035491943,2.9522032737731934,0.061420418322086334,19383.167985746193,620254.1875,49.891800515619785,61951442944.0,0.0003,exported_float_payload,False
te_f0l4_seed42,TE F0L4,14780,2.530867576599121,2.9505562782287598,0.06242486834526062,19389.006992808685,620440.5625,49.90682997704659,61993385984.0,0.0003,exported_float_payload,False
te_f0l4_seed42,TE F0L4,14790,2.509948968887329,2.8697848320007324,0.06736796349287033,18744.64631243196,599822,48.24826133908682,62035329024.0,0.0003,exported_float_payload,False
te_f0l4_seed42,TE F0L4,14800,2.498211622238159,2.8696138858795166,0.0539761558175087,19357.77138879815,619441.625,49.82643029597153,62077272064.0,0.0003,exported_float_payload,False
te_f0l4_seed42,TE F0L4,14810,2.4658875465393066,2.954700469970703,0.06130596995353699,19390.098614585637,620476.0625,49.9096397848125,62119215104.0,0.0003,exported_float_payload,False
te_f0l4_seed42,TE F0L4,14820,2.496027946472168,2.9751791954040527,0.055808231234550476,19384.503912937656,620296.6875,49.89523915954987,62161158144.0,0.0003,exported_float_payload,False
te_f0l4_seed42,TE F0L4,14830,2.5167717933654785,2.8616743087768555,0.07141527533531189,19394.194061202736,620607.1875,49.92018136427943,62203101184.0,0.0003,exported_float_payload,False
te_f0l4_seed42,TE F0L4,14840,2.5318350791931152,3.0130503177642822,0.06102263554930687,19387.995405037036,620408.9375,49.90422617485367,62245044224.0,0.0003,exported_float_payload,False
te_f0l4_seed42,TE F0L4,14850,2.5337142944335938,2.9304466247558594,0.07661324739456177,18657.881595037823,597045.375,48.02493107773812,62286987264.0,0.0003,exported_float_payload,False
te_f0l4_seed42,TE F0L4,14860,2.4815382957458496,2.853296995162964,0.081288643181324,19395.31141087794,620642.375,49.92305739502645,62328930304.0,0.0003,exported_float_payload,False
te_f0l4_seed42,TE F0L4,14870,2.5274410247802734,2.950528383255005,0.06017754599452019,19390.254730649824,620480.3125,49.91004162374499,62370873344.0,0.0003,exported_float_payload,False
te_f0l4_seed42,TE F0L4,14880,2.533703327178955,2.916701316833496,0.06042076647281647,19387.175987080802,620382,49.902117013067446,62412816384.0,0.0003,exported_float_payload,False
te_f0l4_seed42,TE F0L4,14890,2.545628547668457,3.019163131713867,0.06680596619844437,19385.31523662274,620323.5,49.89732748688003,62454759424.0,0.0003,exported_float_payload,False
te_f0l4_seed42,TE F0L4,14900,2.532287359237671,3.110034227371216,0.08190528303384781,19366.19071111255,619711.0625,49.8481014257732,62496702464.0,0.0003,exported_float_payload,False
te_f0l4_seed42,TE F0L4,14910,2.4858813285827637,2.8966071605682373,0.0779857486486435,19373.535436003745,619946.6875,49.867006568079304,62538645504.0,0.0003,exported_float_payload,False
te_f0l4_seed42,TE F0L4,14920,2.4955716133117676,2.8355255126953125,0.06269840896129608,19370.72860965178,619855.5,49.85978186567063,62580588544.0,0.0003,exported_float_payload,False
te_f0l4_seed42,TE F0L4,14930,2.5096726417541504,2.8949904441833496,0.06488663703203201,19390.561021473026,620490.125,49.91083000883572,62622531584.0,0.0003,exported_float_payload,False
te_f0l4_seed42,TE F0L4,14940,2.506986618041992,2.990604877471924,0.06348021328449249,19394.003015072303,620600.375,49.9196896162104,62664474624.0,0.0003,exported_float_payload,False
te_f0l4_seed42,TE F0L4,14950,2.518458366394043,2.846795082092285,0.061820004135370255,19361.143434475045,619550.0625,49.83510985910408,62706417664.0,0.0003,exported_float_payload,False
te_f0l4_seed42,TE F0L4,14960,2.535799741744995,3.0210824012756348,0.06150924041867256,19383.618040802878,620268.5,49.89295894633274,62748360704.0,0.0003,exported_float_payload,False
te_f0l4_seed42,TE F0L4,14970,2.5315489768981934,2.9347550868988037,0.05984894931316376,19390.134784748858,620477.125,49.90973288592834,62790303744.0,0.0003,exported_float_payload,False
te_f0l4_seed42,TE F0L4,14980,2.521322727203369,2.8820362091064453,0.06346536427736282,19378.271663197283,620097.125,49.879197501084185,62832246784.0,0.0003,exported_float_payload,False
te_f0l4_seed42,TE F0L4,14990,2.504236936569214,2.8732948303222656,0.060350846499204636,19390.57976648459,620491.125,49.9108782580372,62874189824.0,0.0003,exported_float_payload,False
te_f0l4_seed42,TE F0L4,15000,2.507770538330078,2.8912839889526367,0.06813869625329971,19352.823018974224,619283.0625,49.81369331302248,62916132864.0,0.0003,exported_float_payload,False
te_f0l4_seed42,TE F0L4,15010,2.497635841369629,2.9530179500579834,0.06802823394536972,17163.564931844827,549226.875,44.17859651973313,62958075904.0,0.0003,exported_float_payload,False
te_f0l4_seed42,TE F0L4,15020,2.50893497467041,2.8373520374298096,0.0659022107720375,18439.937674876783,590069.6875,47.46394875553656,63000018944.0,0.0003,exported_float_payload,False
te_f0l4_seed42,TE F0L4,15030,2.4858033657073975,2.933410167694092,0.06532563269138336,18610.22750127031,595519.9375,47.90227060542782,63041961984.0,0.0003,exported_float_payload,False
te_f0l4_seed42,TE F0L4,15040,2.5313048362731934,2.9057159423828125,0.06242899224162102,19403.0986431242,620891.125,49.943101540446065,63083905024.0,0.0003,exported_float_payload,False
te_f0l4_seed42,TE F0L4,15050,2.5155532360076904,2.8997561931610107,0.07025888562202454,19358.0350101776,619448.375,49.82710885095721,63125848064.0,0.0003,exported_float_payload,False
te_f0l4_seed42,TE F0L4,15060,2.50351881980896,2.9149560928344727,0.09668619185686111,19389.45054813575,620453.75,49.90797167761441,63167791104.0,0.0003,exported_float_payload,False
te_f0l4_seed42,TE F0L4,15070,2.5003509521484375,3.6260721683502197,0.0647568553686142,19400.472024759874,620806.4375,49.936340688991855,63209734144.0,0.0003,exported_float_payload,False
te_f0l4_seed42,TE F0L4,15080,2.5215401649475098,2.9092066287994385,0.05616996809840202,19401.4164478949,620837.125,49.938771611052154,63251677184.0,0.0003,exported_float_payload,False
te_f0l4_seed42,TE F0L4,15090,2.514272689819336,2.9476115703582764,0.06738752126693726,19379.90458705158,620147.625,49.88340060716342,63293620224.0,0.0003,exported_float_payload,False
te_f0l4_seed42,TE F0L4,15100,2.4670791625976562,2.995802640914917,1.083700180053711,19360.772114693173,619535.5625,49.83415409106357,63335563264.0,0.0003,exported_float_payload,False
te_f0l4_seed42,TE F0L4,15110,2.5205671787261963,3.1717448234558105,0.05769570171833038,19407.580225620313,621035.375,49.95463702422533,63377506304.0,0.0003,exported_float_payload,False
te_f0l4_seed42,TE F0L4,15120,2.507690668106079,2.9102635383605957,0.06021387502551079,19400.485338914816,620807.6875,49.93637495930117,63419449344.0,0.0003,exported_float_payload,False
te_f0l4_seed42,TE F0L4,15130,2.522381544113159,3.99419903755188,0.05217013508081436,18726.229355220836,599230.875,48.200856541483155,63461392384.0,0.0003,exported_float_payload,False
te_f0l4_seed42,TE F0L4,15140,2.4587883949279785,2.934100866317749,0.04940684884786606,19406.649679111455,621005.1875,49.952241820261534,63503335424.0,0.0003,exported_float_payload,False
te_f0l4_seed42,TE F0L4,15150,2.497537851333618,2.95263409614563,0.06261229515075684,18357.993195643485,587449.4375,47.25302566936868,63545278464.0,0.0003,exported_float_payload,False
te_f0l4_seed42,TE F0L4,15160,2.514700412750244,2.836029529571533,0.05840093642473221,19394.038494516106,620602.375,49.91978093943135,63587221504.0,0.0003,exported_float_payload,False
te_f0l4_seed42,TE F0L4,15170,2.524214744567871,3.1833994388580322,0.06149432063102722,18316.626016528127,586125.25,47.14654756167055,63629164544.0,0.0003,exported_float_payload,False
te_f0l4_seed42,TE F0L4,15180,2.487149238586426,2.95736026763916,0.07343380153179169,19389.616657381423,620460.0625,49.90839923875174,63671107584.0,0.0003,exported_float_payload,False
te_f0l4_seed42,TE F0L4,15190,2.5325326919555664,2.9380950927734375,0.06588271260261536,19403.75937481758,620912.625,49.944802247671255,63713050624.0,0.0003,exported_float_payload,False
te_f0l4_seed42,TE F0L4,15200,2.535022258758545,2.8562302589416504,0.06794098019599915,19357.623473022075,619437.0625,49.826049564380156,63754993664.0,0.0003,exported_float_payload,False
te_f0l4_seed42,TE F0L4,15210,2.516219139099121,3.0590076446533203,0.0635509043931961,18723.03057911518,599130.25,48.19262296999088,63796936704.0,0.0003,exported_float_payload,False
te_f0l4_seed42,TE F0L4,15220,2.484738349914551,2.865635871887207,0.0606558732688427,19394.93220373486,620630.4375,49.922081325111016,63838879744.0,0.0003,exported_float_payload,False
te_f0l4_seed42,TE F0L4,15230,2.506403684616089,3.003465175628662,0.06591714173555374,18485.54093560525,591530.625,47.581330433743126,63880822784.0,0.0003,exported_float_payload,False
te_f0l4_seed42,TE F0L4,15240,2.498384952545166,2.7882800102233887,0.07655887305736542,19401.42893716446,620837.25,49.93880375812666,63922765824.0,0.0003,exported_float_payload,False
te_f0l4_seed42,TE F0L4,15250,2.5447158813476562,2.994447708129883,0.07649022340774536,19364.3670864009,619652.25,49.84340746034939,63964708864.0,0.0003,exported_float_payload,False
te_f0l4_seed42,TE F0L4,15260,2.504817485809326,3.0561773777008057,0.059133559465408325,19395.327654677083,620642.5,49.92309920616831,64006651904.0,0.0003,exported_float_payload,False
te_f0l4_seed42,TE F0L4,15270,2.49361515045166,2.8347320556640625,0.06546803563833237,19401.7470827639,620847,49.9396226571216,64048594944.0,0.0003,exported_float_payload,False
te_f0l4_seed42,TE F0L4,15280,2.5268304347991943,2.9401888847351074,0.07592509686946869,19401.585322656658,620842.75,49.93920629056027,64090537984.0,0.0003,exported_float_payload,False
te_f0l4_seed42,TE F0L4,15290,2.461008071899414,2.9507675170898438,0.06290125846862793,19400.112066518195,620796.375,49.93541416527803,64132481024.0,0.0003,exported_float_payload,False
te_f0l4_seed42,TE F0L4,15300,2.5152008533477783,2.8925728797912598,0.06604595482349396,19373.582559575334,619947.625,49.86712786300049,64174424064.0,0.0003,exported_float_payload,False
te_f0l4_seed42,TE F0L4,15310,2.548581600189209,3.129704713821411,0.07019824534654617,19406.893178886563,621013.5,49.95286858272958,64216367104.0,0.0003,exported_float_payload,False
te_f0l4_seed42,TE F0L4,15320,2.5252673625946045,2.9005980491638184,0.06434612721204758,19393.497684078302,620584.625,49.918388906586166,64258310144.0,0.0003,exported_float_payload,False
te_f0l4_seed42,TE F0L4,15330,2.5011370182037354,2.925015926361084,0.06297371536493301,19413.288925164456,621218.5625,49.969331077285666,64300253184.0,0.0003,exported_float_payload,False
te_f0l4_seed42,TE F0L4,15340,2.528104305267334,3.0098841190338135,0.05631629005074501,18537.497932360075,593193.5,47.71506647314538,64342196224.0,0.0003,exported_float_payload,False
te_f0l4_seed42,TE F0L4,15350,2.526803493499756,2.8728885650634766,0.08430705219507217,19359.451544473704,619494.5625,49.83075497560395,64384139264.0,0.0003,exported_float_payload,False
te_f0l4_seed42,TE F0L4,15360,2.506622076034546,2.8598804473876953,0.12854592502117157,19394.30457777851,620610.75,49.92046583124356,64426082304.0,0.0003,exported_float_payload,False
te_f0l4_seed42,TE F0L4,15370,2.4968228340148926,2.839564323425293,0.06171037629246712,19401.86204013515,620852.1875,49.93991855458472,64468025344.0,0.0003,exported_float_payload,False
te_f0l4_seed42,TE F0L4,15380,2.519636631011963,2.942683458328247,0.0649249404668808,19390.292232348136,620482.5,49.91013815219961,64509968384.0,0.0003,exported_float_payload,False
te_f0l4_seed42,TE F0L4,15390,2.495426893234253,2.878715991973877,0.06359325349330902,19390.341545581745,620483.8125,49.91026508325731,64551911424.0,0.0003,exported_float_payload,False
te_f0l4_seed42,TE F0L4,15400,2.5352602005004883,3.1694176197052,0.08201537281274796,19373.278232183242,619937,49.866344531733446,64593854464.0,0.0003,exported_float_payload,False
te_f0l4_seed42,TE F0L4,15410,2.4730782508850098,2.8958191871643066,0.07182879745960236,18529.249411979497,592929.125,47.6938349833456,64635797504.0,0.0003,exported_float_payload,False
te_f0l4_seed42,TE F0L4,15420,2.505682945251465,2.9872703552246094,0.057193342596292496,18040.579940318945,577292.25,46.43601171028258,64677740544.0,0.0003,exported_float_payload,False
te_f0l4_seed42,TE F0L4,15430,2.5051252841949463,2.991795778274536,0.07870470732450485,19399.365630060853,620773,49.933492856085714,64719683584.0,0.0003,exported_float_payload,False
te_f0l4_seed42,TE F0L4,15440,2.5252017974853516,3.0854716300964355,0.07721929997205734,19395.27331562449,620641.5,49.922959338775414,64761626624.0,0.0003,exported_float_payload,False
te_f0l4_seed42,TE F0L4,15450,2.488635301589966,2.8991029262542725,0.07038938999176025,18461.04548488159,590746.8125,47.518279742445195,64803569664.0,0.0003,exported_float_payload,False
te_f0l4_seed42,TE F0L4,15460,2.4931654930114746,2.833314895629883,0.05930335819721222,19390.836013122887,620498.375,49.911537830619466,64845512704.0,0.0003,exported_float_payload,False
te_f0l4_seed42,TE F0L4,15470,2.4909069538116455,2.843463182449341,0.05567104369401932,19396.69667341612,620687.25,49.92662302693283,64887455744.0,0.0003,exported_float_payload,False
te_f0l4_seed42,TE F0L4,15480,2.461124897003174,2.863649845123291,0.07382906228303909,19371.724150787853,619887.9375,49.86234436421589,64929398784.0,0.0003,exported_float_payload,False
te_f0l4_seed42,TE F0L4,15490,2.517123222351074,2.9269843101501465,0.07067914307117462,19384.988750387798,620312.25,49.89648711929322,64971341824.0,0.0003,exported_float_payload,False
te_f0l4_seed42,TE F0L4,15500,2.496908187866211,2.8561313152313232,0.0642697736620903,19359.8668446226,619507.4375,49.83182394803396,65013284864.0,0.0003,exported_float_payload,False
te_f0l4_seed42,TE F0L4,15510,2.474254846572876,2.9593048095703125,0.06595751643180847,19388.415488263283,620421.9375,49.90530745880783,65055227904.0,0.0003,exported_float_payload,False
te_f0l4_seed42,TE F0L4,15520,2.5083658695220947,2.8961539268493652,0.08095385879278183,19394.22208797917,620608,49.92025350451678,65097170944.0,0.0003,exported_float_payload,False
te_f0l4_seed42,TE F0L4,15530,2.528846263885498,2.9729814529418945,0.05933278053998947,19400.116488090316,620795.6875,49.93542554629658,65139113984.0,0.0003,exported_float_payload,False
te_f0l4_seed42,TE F0L4,15540,2.5174567699432373,2.8300344944000244,0.07273796945810318,18435.871949981603,589941.125,47.45348367905521,65181057024.0,0.0003,exported_float_payload,False
te_f0l4_seed42,TE F0L4,15550,2.5111942291259766,2.9311890602111816,0.07486460357904434,19363.7811924977,619633.375,49.84189938376649,65223000064.0,0.0003,exported_float_payload,False
te_f0l4_seed42,TE F0L4,15560,2.5353946685791016,2.899343729019165,0.05860354006290436,19404.044454740324,620921.6875,49.945536036422766,65264943104.0,0.0003,exported_float_payload,False
te_f0l4_seed42,TE F0L4,15570,2.5159542560577393,2.9661154747009277,0.06395020335912704,18434.331716955592,589889.9375,47.44951915690188,65306886144.0,0.0003,exported_float_payload,False
te_f0l4_seed42,TE F0L4,15580,2.500044584274292,2.9023079872131348,0.06410440802574158,18682.254866119776,597825.25,48.087667281625336,65348829184.0,0.0003,exported_float_payload,False
te_f0l4_seed42,TE F0L4,15590,2.518143892288208,2.962543249130249,0.05939850956201553,19388.47875765379,620423.5,49.905470312672186,65390772224.0,0.0003,exported_float_payload,False
te_f0l4_seed42,TE F0L4,15600,2.519400119781494,2.9637436866760254,0.06472330540418625,19362.94426841506,619605.6875,49.83974516163889,65432715264.0,0.0003,exported_float_payload,False
te_f0l4_seed42,TE F0L4,15610,2.5152063369750977,2.9974613189697266,0.10800337046384811,19394.181238886653,620606.6875,49.92014835995132,65474658304.0,0.0003,exported_float_payload,False
te_f0l4_seed42,TE F0L4,15620,2.489800453186035,2.8626747131347656,0.0781431496143341,19395.09725411775,620635.25,49.92250616076142,65516601344.0,0.0003,exported_float_payload,False
te_f0l4_seed42,TE F0L4,15630,2.4810051918029785,2.906079053878784,0.058759912848472595,19384.947771701238,620311.3125,49.89638164115586,65558544384.0,0.0003,exported_float_payload,False
te_f0l4_seed42,TE F0L4,15640,2.4846906661987305,2.8515706062316895,0.07634933292865753,18460.59861372768,590732.375,47.517129507020144,65600487424.0,0.0003,exported_float_payload,False
te_f0l4_seed42,TE F0L4,15650,2.4957165718078613,3.012989044189453,0.07566678524017334,19349.27348052487,619169.125,49.80455688783296,65642430464.0,0.0003,exported_float_payload,False
te_f0l4_seed42,TE F0L4,15660,2.508577823638916,3.076402187347412,0.06398124247789383,19407.301460419993,621026.4375,49.95391948941496,65684373504.0,0.0003,exported_float_payload,False
te_f0l4_seed42,TE F0L4,15670,2.5307998657226562,2.981654167175293,0.06599612534046173,19393.764439061182,620593.5,49.919075527390476,65726316544.0,0.0003,exported_float_payload,False
te_f0l4_seed42,TE F0L4,15680,2.520805835723877,2.9442594051361084,0.06383564323186874,19400.59273080526,620808.625,49.93665138340166,65768259584.0,0.0003,exported_float_payload,False
te_f0l4_seed42,TE F0L4,15690,2.5014941692352295,3.003497838973999,0.057053834199905396,18650.72922965953,596816.8125,48.00652106411542,65810202624.0,0.0003,exported_float_payload,False
te_f0l4_seed42,TE F0L4,15700,2.498687267303467,2.8927810192108154,0.06528545171022415,19363.549575199773,619626,49.8413032065042,65852145664.0,0.0003,exported_float_payload,False
te_f0l4_seed42,TE F0L4,15710,2.5080065727233887,2.8902769088745117,0.07518602162599564,19390.335323307943,620483.875,49.910249067276666,65894088704.0,0.0003,exported_float_payload,False
te_f0l4_seed42,TE F0L4,15720,2.5244336128234863,3.0624732971191406,0.1078140065073967,17533.844504445315,561076.75,45.1316870870118,65936031744.0,0.0003,exported_float_payload,False
te_f0l4_seed42,TE F0L4,15730,2.5304882526397705,3.024961471557617,0.05917206034064293,19391.96513474418,620535.125,49.9144441620679,65977974784.0,0.0003,exported_float_payload,False
te_f0l4_seed42,TE F0L4,15740,2.5330119132995605,3.1012001037597656,0.0618610605597496,18434.42795588528,589894.75,47.44976687355404,66019917824.0,0.0003,exported_float_payload,False
te_f0l4_seed42,TE F0L4,15750,2.5074408054351807,2.8527894020080566,0.060402534902095795,19351.768823336435,619249.5,49.81097983922379,66061860864.0,0.0003,exported_float_payload,False
te_f0l4_seed42,TE F0L4,15760,2.525222063064575,2.9243252277374268,0.060237254947423935,19403.98000691308,620918.8125,49.94537014929106,66103803904.0,0.0003,exported_float_payload,False
te_f0l4_seed42,TE F0L4,15770,2.4996297359466553,2.84730863571167,0.1503552794456482,19386.571422273933,620363.375,49.90056087803497,66145746944.0,0.0003,exported_float_payload,False
te_f0l4_seed42,TE F0L4,15780,2.518860340118408,2.8809216022491455,0.07075721025466919,19399.638094446233,620782,49.93419417275247,66187689984.0,0.0003,exported_float_payload,False
te_f0l4_seed42,TE F0L4,15790,2.4955077171325684,2.870208263397217,0.06263821572065353,17779.932821212446,568951.75,45.76511239800322,66229633024.0,0.0003,exported_float_payload,False
te_f0l4_seed42,TE F0L4,15800,2.529864549636841,3.089757204055786,0.08774323016405106,19345.645736703344,619052.3125,49.79521916392744,66271576064.0,0.0003,exported_float_payload,False
te_f0l4_seed42,TE F0L4,15810,2.4994683265686035,2.8977043628692627,0.05528412014245987,19396.242337105527,620672.5,49.92545357637697,66313519104.0,0.0003,exported_float_payload,False
te_f0l4_seed42,TE F0L4,15820,2.4562227725982666,2.8935046195983887,0.05928667262196541,19388.033866465103,620409.5625,49.9043251736292,66355462144.0,0.0003,exported_float_payload,False
te_f0l4_seed42,TE F0L4,15830,2.513702392578125,3.037911891937256,0.0840902253985405,19391.13325517229,620509.0625,49.91230292438765,66397405184.0,0.0003,exported_float_payload,False
te_f0l4_seed42,TE F0L4,15840,2.4938783645629883,2.9128499031066895,0.07308855652809143,19400.745102710207,620816.5625,49.9370435849598,66439348224.0,0.0003,exported_float_payload,False
te_f0l4_seed42,TE F0L4,15850,2.5159690380096436,2.9526281356811523,0.06101681664586067,19367.46914897676,619750.875,49.85139209358043,66481291264.0,0.0003,exported_float_payload,False
te_f0l4_seed42,TE F0L4,15860,2.489387273788452,2.8691937923431396,0.05830992013216019,18504.998485083037,592152.625,47.63141369040078,66523234304.0,0.0003,exported_float_payload,False
te_f0l4_seed42,TE F0L4,15870,2.4812474250793457,2.833951711654663,0.0573442243039608,19395.472957595484,620646.1875,49.923473212327906,66565177344.0,0.0003,exported_float_payload,False
te_f0l4_seed42,TE F0L4,15880,2.510538339614868,3.1127243041992188,0.058074675500392914,19399.731204876403,620781.5,49.934433836723365,66607120384.0,0.0003,exported_float_payload,False
te_f0l4_seed42,TE F0L4,15890,2.5244359970092773,2.969343662261963,0.05820133537054062,19406.66710089958,621005.625,49.95228666351824,66649063424.0,0.0003,exported_float_payload,False
te_f0l4_seed42,TE F0L4,15900,2.5247716903686523,3.0222578048706055,0.06690845638513565,19362.350544767956,619587.6875,49.8382169314866,66691006464.0,0.0003,exported_float_payload,False
te_f0l4_seed42,TE F0L4,15910,2.4788050651550293,2.8373303413391113,0.060754138976335526,19399.91184581017,620788.8125,49.93489880207057,66732949504.0,0.0003,exported_float_payload,False
te_f0l4_seed42,TE F0L4,15920,2.485959053039551,2.8398308753967285,0.058555763214826584,19396.430092253842,620678.4375,49.925936853538495,66774892544.0,0.0003,exported_float_payload,False
te_f0l4_seed42,TE F0L4,15930,2.507965564727783,2.949780225753784,0.06123920530080795,18682.12729515242,597821.4375,48.08733891707421,66816835584.0,0.0003,exported_float_payload,False
te_f0l4_seed42,TE F0L4,15940,2.4854884147644043,3.2436070442199707,0.05610983073711395,19394.485366492045,620615.9375,49.92093117697228,66858778624.0,0.0003,exported_float_payload,False
te_f0l4_seed42,TE F0L4,15950,2.4980850219726562,2.8826067447662354,0.07125983387231827,19374.161471184743,619965.6875,49.86861796732988,66900721664.0,0.0003,exported_float_payload,False
te_f0l4_seed42,TE F0L4,15960,2.4889721870422363,2.949500799179077,0.06593841314315796,19395.27373687286,620641.125,49.92296042305842,66942664704.0,0.0003,exported_float_payload,False
te_f0l4_seed42,TE F0L4,15970,2.529813289642334,3.022646903991699,0.06632247567176819,19396.854956348918,620691.625,49.927030443332136,66984607744.0,0.0003,exported_float_payload,False
te_f0l4_seed42,TE F0L4,15980,2.494978904724121,2.9570178985595703,0.0728265568614006,19411.284511086735,621153.6875,49.964171764453525,67026550784.0,0.0003,exported_float_payload,False
te_f0l4_seed42,TE F0L4,15990,2.532308578491211,2.8572535514831543,0.11091525852680206,19401.265999142204,620832.0625,49.93838435964089,67068493824.0,0.0003,exported_float_payload,False
te_f0l4_seed42,TE F0L4,16000,2.4693894386291504,2.8019657135009766,0.05691712722182274,18380.912442523942,588182.625,47.31201925050923,67110436864.0,0.0003,exported_float_payload,False
te_f0l4_seed42,TE F0L4,16010,2.4835729598999023,2.9080810546875,0.054706405848264694,17354.720678975333,555345,44.670626739471345,67152379904.0,0.0003,exported_float_payload,False
te_f0l4_seed42,TE F0L4,16020,2.492774724960327,2.8509693145751953,0.07384847104549408,19389.3759224349,620451.9375,49.907779592884886,67194322944.0,0.0003,exported_float_payload,False
te_f0l4_seed42,TE F0L4,16030,2.513543128967285,2.985819101333618,0.07652860879898071,19395.96192905606,620662.125,49.92473181291305,67236265984.0,0.0003,exported_float_payload,False
te_f0l4_seed42,TE F0L4,16040,2.5237107276916504,2.974619150161743,0.06079774722456932,19407.703420527567,621036.5,49.95495412490473,67278209024.0,0.0003,exported_float_payload,False
te_f0l4_seed42,TE F0L4,16050,2.5374574661254883,2.899735927581787,0.08154710382223129,18358.727602844898,587471.8125,47.254916015550336,67320152064.0,0.0003,exported_float_payload,False
te_f0l4_seed42,TE F0L4,16060,2.5038938522338867,3.120296001434326,0.056127071380615234,19392.984713220772,620566.875,49.91706853213999,67362095104.0,0.0003,exported_float_payload,False
te_f0l4_seed42,TE F0L4,16070,2.526189088821411,2.8218111991882324,0.05599159002304077,18671.633688346552,597484.6875,48.06032862970361,67404038144.0,0.0003,exported_float_payload,False
te_f0l4_seed42,TE F0L4,16080,2.5340566635131836,3.127147674560547,0.06469874829053879,19408.42585412396,621061.375,49.95681365131979,67445981184.0,0.0003,exported_float_payload,False
te_f0l4_seed42,TE F0L4,16090,2.5270211696624756,3.1285033226013184,0.07127725332975388,19396.291450447847,620671.875,49.925579992919374,67487924224.0,0.0003,exported_float_payload,False
te_f0l4_seed42,TE F0L4,16100,2.522630214691162,3.0439229011535645,0.0628875344991684,19363.026112737196,619607.125,49.83995582692314,67529867264.0,0.0003,exported_float_payload,False
te_f0l4_seed42,TE F0L4,16110,2.498480796813965,2.9179463386535645,0.06784504652023315,19388.040158575033,620408.5,49.904341369366335,67571810304.0,0.0003,exported_float_payload,False
te_f0l4_seed42,TE F0L4,16120,2.49983811378479,2.861337661743164,0.06396038830280304,19413.279812934725,621216.5625,49.96930762262911,67613753344.0,0.0003,exported_float_payload,False
te_f0l4_seed42,TE F0L4,16130,2.4795360565185547,2.8166184425354004,0.05815235897898674,19401.19630656413,620830.6875,49.93820497264876,67655696384.0,0.0003,exported_float_payload,False
te_f0l4_seed42,TE F0L4,16140,2.5243382453918457,3.253582239151001,0.0678047239780426,19400.615821007268,620812.625,49.936710817017115,67697639424.0,0.0003,exported_float_payload,False
te_f0l4_seed42,TE F0L4,16150,2.501044750213623,2.9384214878082275,0.059898920357227325,17158.892933388182,549078.9375,44.16657090992675,67739582464.0,0.0003,exported_float_payload,False
te_f0l4_seed42,TE F0L4,16160,2.4727156162261963,2.878664016723633,0.058410804718732834,15991.13405238603,511711.25,41.16078809959633,67781525504.0,0.0003,exported_float_payload,False
te_f0l4_seed42,TE F0L4,16170,2.4805119037628174,2.777486801147461,0.0645270124077797,19413.171000536877,621213.5,49.9690275421773,67823468544.0,0.0003,exported_float_payload,False
te_f0l4_seed42,TE F0L4,16180,2.531327247619629,3.7807133197784424,0.07201769202947617,19396.85738614036,620690,49.92703669755591,67865411584.0,0.0003,exported_float_payload,False
te_f0l4_seed42,TE F0L4,16190,2.4687180519104004,2.888852596282959,0.061872512102127075,19406.533309605034,621000.625,49.95194228799701,67907354624.0,0.0003,exported_float_payload,False
te_f0l4_seed42,TE F0L4,16200,2.4978840351104736,2.964113712310791,0.06899739056825638,19372.097543760734,619898.75,49.86330546859938,67949297664.0,0.0003,exported_float_payload,False
te_f0l4_seed42,TE F0L4,16210,2.5048911571502686,2.7972323894500732,0.06293998658657074,19412.878066313435,621204.25,49.968273536647814,67991240704.0,0.0003,exported_float_payload,False
te_f0l4_seed42,TE F0L4,16220,2.4992408752441406,2.9674744606018066,0.08527734130620956,19394.84445124173,620627,49.921855452339074,68033183744.0,0.0003,exported_float_payload,False
te_f0l4_seed42,TE F0L4,16230,2.4946227073669434,2.940859317779541,0.05784609168767929,18514.76339675887,592465.4375,47.656548334321805,68075126784.0,0.0003,exported_float_payload,False
te_f0l4_seed42,TE F0L4,16240,2.4866414070129395,2.9977095127105713,0.08283873647451401,19417.32727602153,621347.0625,49.979725693662175,68117069824.0,0.0003,exported_float_payload,False
te_f0l4_seed42,TE F0L4,16250,2.50803542137146,2.943016529083252,0.07677443325519562,19372.56526894329,619914.25,49.86450938178434,68159012864.0,0.0003,exported_float_payload,False
te_f0l4_seed42,TE F0L4,16260,2.50883150100708,2.9842448234558105,0.06102078780531883,19395.136374789694,620637.125,49.92260685641458,68200955904.0,0.0003,exported_float_payload,False
te_f0l4_seed42,TE F0L4,16270,2.482483148574829,2.8705849647521973,0.07074304670095444,19398.045880554117,620730.375,49.93009585312061,68242898944.0,0.0003,exported_float_payload,False
te_f0l4_seed42,TE F0L4,16280,2.482290267944336,2.982823133468628,0.07401958107948303,19412.388005147943,621189.3125,49.96701213118886,68284841984.0,0.0003,exported_float_payload,False
te_f0l4_seed42,TE F0L4,16290,2.518711566925049,2.9546234607696533,0.06176123395562172,19411.6944815889,621166.875,49.96522701850314,68326785024.0,0.0003,exported_float_payload,False
te_f0l4_seed42,TE F0L4,16300,2.4980084896087646,2.889740228652954,0.07318154722452164,19372.58882234073,619915.9375,49.86457000765351,68368728064.0,0.0003,exported_float_payload,False
te_f0l4_seed42,TE F0L4,16310,2.526158094406128,2.9716529846191406,0.06396119296550751,19401.97466167791,620855.5,49.94020843968241,68410671104.0,0.0003,exported_float_payload,False
te_f0l4_seed42,TE F0L4,16320,2.4921281337738037,2.941375255584717,0.0675027072429657,19395.44343329592,620647.5,49.92339721750264,68452614144.0,0.0003,exported_float_payload,False
te_f0l4_seed42,TE F0L4,16330,2.4879631996154785,2.9764320850372314,0.06942649930715561,19400.023817077523,620793.75,49.93518701337526,68494557184.0,0.0003,exported_float_payload,False
te_f0l4_seed42,TE F0L4,16340,2.4857094287872314,2.932695150375366,0.06081220507621765,19402.3617892453,620867.9375,49.94120489657638,68536500224.0,0.0003,exported_float_payload,False
te_f0l4_seed42,TE F0L4,16350,2.493708610534668,2.8388264179229736,0.05372803658246994,19373.529368524196,619944.9375,49.86699095053528,68578443264.0,0.0003,exported_float_payload,False
te_f0l4_seed42,TE F0L4,16360,2.4739315509796143,2.790937900543213,0.06762205064296722,19400.167924915884,620797.5625,49.93555794342806,68620386304.0,0.0003,exported_float_payload,False
te_f0l4_seed42,TE F0L4,16370,2.5039448738098145,3.1639177799224854,0.06088273599743843,19408.244470862373,621056.375,49.95634677523893,68662329344.0,0.0003,exported_float_payload,False
te_f0l4_seed42,TE F0L4,16380,2.5409603118896484,3.1921138763427734,0.06336376816034317,19394.037507808716,620601.625,49.91977839967064,68704272384.0,0.0003,exported_float_payload,False
te_f0l4_seed42,TE F0L4,16390,2.484626531600952,2.913888454437256,0.05449557304382324,18437.089303876204,589979.875,47.45661711821805,68746215424.0,0.0003,exported_float_payload,False
te_f0l4_seed42,TE F0L4,16400,2.485215902328491,2.898468017578125,0.06444750726222992,19344.678644003467,619022.625,49.79272989096144,68788158464.0,0.0003,exported_float_payload,False
te_f0l4_seed42,TE F0L4,16410,2.5120882987976074,2.955312490463257,0.07408672571182251,19391.550033286323,620521.5,49.91337570106378,68830101504.0,0.0003,exported_float_payload,False
te_f0l4_seed42,TE F0L4,16420,2.490483522415161,3.002619981765747,0.08089358359575272,19409.816544287954,621106.625,49.960393253802316,68872044544.0,0.0003,exported_float_payload,False
te_f0l4_seed42,TE F0L4,16430,2.519540309906006,2.916172981262207,0.0812087208032608,19395.906948654767,620661.75,49.924590294704295,68913987584.0,0.0003,exported_float_payload,False
te_f0l4_seed42,TE F0L4,16440,2.5244336128234863,3.329256772994995,0.05796832591295242,19396.028350379278,620665.625,49.92490277977515,68955930624.0,0.0003,exported_float_payload,False
te_f0l4_seed42,TE F0L4,16450,2.5340638160705566,2.8305888175964355,0.05561235919594765,19366.85151822445,619732,49.84980232712381,68997873664.0,0.0003,exported_float_payload,False
te_f0l4_seed42,TE F0L4,16460,2.4918432235717773,2.9095101356506348,0.06049516424536705,19395.28205172072,620641.375,49.92298182527353,69039816704.0,0.0003,exported_float_payload,False
te_f0l4_seed42,TE F0L4,16470,2.504568576812744,2.8765909671783447,0.06268200278282166,19383.628081757306,620268.5,49.89298479150396,69081759744.0,0.0003,exported_float_payload,False
te_f0l4_seed42,TE F0L4,16480,2.47713565826416,2.9144742488861084,0.07038623094558716,19390.086919432997,620474.125,49.90960968177553,69123702784.0,0.0003,exported_float_payload,False
te_f0l4_seed42,TE F0L4,16490,2.4945502281188965,2.868753433227539,0.069394052028656,17818.737085142868,570191.625,45.86499362467349,69165645824.0,0.0003,exported_float_payload,False
te_f0l4_seed42,TE F0L4,16500,2.4900403022766113,3.2170987129211426,0.057030241936445236,19367.543161844722,619752.75,49.85158260089309,69207588864.0,0.0003,exported_float_payload,False
te_f0l4_seed42,TE F0L4,16510,2.511873245239258,2.8414621353149414,0.06099751964211464,19390.84633353329,620499.375,49.911564395103525,69249531904.0,0.0003,exported_float_payload,False
te_f0l4_seed42,TE F0L4,16520,2.4767026901245117,3.0271496772766113,0.07542994618415833,19401.560065034613,620843,49.93914127805862,69291474944.0,0.0003,exported_float_payload,False
te_f0l4_seed42,TE F0L4,16530,2.4947633743286133,2.8912577629089355,0.060451705008745193,19407.203932520402,621023.375,49.953668454985774,69333417984.0,0.0003,exported_float_payload,False
te_f0l4_seed42,TE F0L4,16540,2.495166540145874,2.9136486053466797,0.06587661802768707,19400.943304552653,620823.125,49.937553751656615,69375361024.0,0.0003,exported_float_payload,False
te_f0l4_seed42,TE F0L4,16550,2.504666805267334,2.9224836826324463,0.07259958237409592,19357.840525052758,619441.875,49.82660825100064,69417304064.0,0.0003,exported_float_payload,False
te_f0l4_seed42,TE F0L4,16560,2.489469528198242,2.839559316635132,0.061575401574373245,19384.916840283655,620308.9375,49.896302024443216,69459247104.0,0.0003,exported_float_payload,False
te_f0l4_seed42,TE F0L4,16570,2.509488105773926,2.9371631145477295,0.08715790510177612,19397.115039717937,620699.25,49.92769989156548,69501190144.0,0.0003,exported_float_payload,False
te_f0l4_seed42,TE F0L4,16580,2.5151560306549072,2.948578357696533,0.05693185701966286,19406.117380328848,620988.3125,49.950871696208736,69543133184.0,0.0003,exported_float_payload,False
te_f0l4_seed42,TE F0L4,16590,2.4964687824249268,2.94246244430542,0.062034256756305695,19380.596722964212,620172.125,49.8851821480812,69585076224.0,0.0003,exported_float_payload,False
te_f0l4_seed42,TE F0L4,16600,2.506946086883545,2.970952033996582,0.06741095334291458,19286.3535302759,617154.6875,49.64260247415906,69627019264.0,0.0003,exported_float_payload,False
te_f0l4_seed42,TE F0L4,16610,2.4899678230285645,2.9357874393463135,0.05578328296542168,18715.893034527824,598902.25,48.17425110472171,69668962304.0,0.0003,exported_float_payload,False
te_f0l4_seed42,TE F0L4,16620,2.484523296356201,3.3418326377868652,0.058643002063035965,19389.947746115704,620471.125,49.909251453059326,69710905344.0,0.0003,exported_float_payload,False
te_f0l4_seed42,TE F0L4,16630,2.4708993434906006,2.9430689811706543,0.05403036251664162,19371.529745663232,619881.625,49.861843970177944,69752848384.0,0.0003,exported_float_payload,False
te_f0l4_seed42,TE F0L4,16640,2.5030016899108887,2.8925626277923584,0.06216089054942131,18466.28297154415,590914.125,47.53176090506856,69794791424.0,0.0003,exported_float_payload,False
te_f0l4_seed42,TE F0L4,16650,2.5145180225372314,2.9898924827575684,0.05645123869180679,19361.40138267849,619557.875,49.83577381147343,69836734464.0,0.0003,exported_float_payload,False
te_f0l4_seed42,TE F0L4,16660,2.497896909713745,2.874330997467041,0.06294047087430954,19401.107976384614,620827.5,49.93797761292619,69878677504.0,0.0003,exported_float_payload,False
te_f0l4_seed42,TE F0L4,16670,2.488569974899292,3.001408338546753,0.09642455726861954,19395.94610867975,620662.875,49.924691091651205,69920620544.0,0.0003,exported_float_payload,False
te_f0l4_seed42,TE F0L4,16680,2.457136392593384,2.8502302169799805,0.0663357824087143,18716.893927950267,598933.25,48.176827379921235,69962563584.0,0.0003,exported_float_payload,False
te_f0l4_seed42,TE F0L4,16690,2.527510643005371,3.057870864868164,0.06140808016061783,19397.967917478483,620727.5,49.92989517806997,70004506624.0,0.0003,exported_float_payload,False
te_f0l4_seed42,TE F0L4,16700,2.480628490447998,2.9135260581970215,0.056309547275304794,19360.957901581354,619542.4375,49.834632301971624,70046449664.0,0.0003,exported_float_payload,False
te_f0l4_seed42,TE F0L4,16710,2.511737585067749,2.836899757385254,0.06490202993154526,19402.53889266733,620873.6875,49.94166075645486,70088392704.0,0.0003,exported_float_payload,False
te_f0l4_seed42,TE F0L4,16720,2.495448112487793,3.0558128356933594,0.07105502486228943,19400.957632440863,620822.875,49.93759063129058,70130335744.0,0.0003,exported_float_payload,False
te_f0l4_seed42,TE F0L4,16730,2.4937796592712402,2.8686094284057617,0.05935194343328476,19395.845943767952,620659.3125,49.924433269617076,70172278784.0,0.0003,exported_float_payload,False
te_f0l4_seed42,TE F0L4,16740,2.4936063289642334,2.9124622344970703,0.06452852487564087,19389.338864771682,620451.5625,49.90768420736575,70214221824.0,0.0003,exported_float_payload,False
te_f0l4_seed42,TE F0L4,16750,2.478379249572754,2.905520439147949,0.06758557260036469,19364.714316749072,619663.875,49.8443012227765,70256164864.0,0.0003,exported_float_payload,False
te_f0l4_seed42,TE F0L4,16760,2.4751665592193604,2.84516978263855,0.05766517296433449,19385.92422176953,620342.5,49.898894999759385,70298107904.0,0.0003,exported_float_payload,False
te_f0l4_seed42,TE F0L4,16770,2.510462760925293,3.185497283935547,0.06073072552680969,18889.16406134517,604446.4375,48.6202464916195,70340050944.0,0.0003,exported_float_payload,False
te_f0l4_seed42,TE F0L4,16780,2.5062732696533203,2.908609390258789,0.06337357312440872,19389.34034571849,620451.625,49.90768801928662,70381993984.0,0.0003,exported_float_payload,False
te_f0l4_seed42,TE F0L4,16790,2.4688947200775146,2.769430160522461,0.05302591994404793,19385.69495458814,620335.375,49.898304871639624,70423937024.0,0.0003,exported_float_payload,False
te_f0l4_seed42,TE F0L4,16800,2.517561912536621,2.941375494003296,0.08611739426851273,19360.3811034715,619525.125,49.83314763773843,70465880064.0,0.0003,exported_float_payload,False
te_f0l4_seed42,TE F0L4,16810,2.5245094299316406,2.9262492656707764,0.08137140423059464,19381.78940036872,620208.875,49.888252070561826,70507823104.0,0.0003,exported_float_payload,False
te_f0l4_seed42,TE F0L4,16820,2.483619213104248,2.9197051525115967,0.06754592806100845,19385.008414077733,620313.1875,49.89653773315038,70549766144.0,0.0003,exported_float_payload,False
te_f0l4_seed42,TE F0L4,16830,2.51875638961792,3.1064352989196777,0.05839364230632782,19407.68524831262,621038.125,49.954907350067735,70591709184.0,0.0003,exported_float_payload,False
te_f0l4_seed42,TE F0L4,16840,2.490222454071045,2.9205708503723145,0.05936393141746521,19397.44963608698,620709.5625,49.92856113443919,70633652224.0,0.0003,exported_float_payload,False
te_f0l4_seed42,TE F0L4,16850,2.5079269409179688,2.861520767211914,0.08166509121656418,19370.640267142146,619851.4375,49.85955447421063,70675595264.0,0.0003,exported_float_payload,False
te_f0l4_seed42,TE F0L4,16860,2.4877004623413086,2.830052137374878,0.06916778534650803,19282.809123056224,617043.0625,49.633479256629286,70717538304.0,0.0003,exported_float_payload,False
te_f0l4_seed42,TE F0L4,16870,2.4782795906066895,2.8753347396850586,0.06497089564800262,19397.205190238394,620703.9375,49.92793193680114,70759481344.0,0.0003,exported_float_payload,False
te_f0l4_seed42,TE F0L4,16880,2.5266273021698,3.056403160095215,0.060085996985435486,19406.59340472572,621004.125,49.95209697136845,70801424384.0,0.0003,exported_float_payload,False
te_f0l4_seed42,TE F0L4,16890,2.474928855895996,2.848475217819214,0.07533881813287735,19393.535040916395,620585.3125,49.91848506217412,70843367424.0,0.0003,exported_float_payload,False
te_f0l4_seed42,TE F0L4,16900,2.5102920532226562,2.9364614486694336,0.056450679898262024,19367.972389315953,619768.0625,49.8526874219103,70885310464.0,0.0003,exported_float_payload,False
te_f0l4_seed42,TE F0L4,16910,2.509571075439453,2.8339638710021973,0.06417425721883774,19405.581739851015,620971.0625,49.94949297071414,70927253504.0,0.0003,exported_float_payload,False
te_f0l4_seed42,TE F0L4,16920,2.4854917526245117,2.8665103912353516,0.06381836533546448,19401.559094144424,620843.0625,49.93913877901102,70969196544.0,0.0003,exported_float_payload,False
te_f0l4_seed42,TE F0L4,16930,2.5176143646240234,2.9197704792022705,0.06298070400953293,19408.175526793257,621054.625,49.956169314890566,71011139584.0,0.0003,exported_float_payload,False
te_f0l4_seed42,TE F0L4,16940,2.5243782997131348,2.973153591156006,0.056791193783283234,19403.232576996033,620893.0625,49.943446282957744,71053082624.0,0.0003,exported_float_payload,False
te_f0l4_seed42,TE F0L4,16950,2.472907781600952,2.940870761871338,0.07169148325920105,18681.547998869373,597802.75,48.085847822604286,71095025664.0,0.0003,exported_float_payload,False
te_f0l4_seed42,TE F0L4,16960,2.5092363357543945,2.892798900604248,0.055548928678035736,19404.13064276418,620925.125,49.945757882289044,71136968704.0,0.0003,exported_float_payload,False
te_f0l4_seed42,TE F0L4,16970,2.478639841079712,2.8497142791748047,0.06712273508310318,19409.074521827293,621082.625,49.958483306129544,71178911744.0,0.0003,exported_float_payload,False
te_f0l4_seed42,TE F0L4,16980,2.4836177825927734,2.8552122116088867,0.05604051426053047,19350.37838110132,619204.6875,49.80740087490413,71220854784.0,0.0003,exported_float_payload,False
te_f0l4_seed42,TE F0L4,16990,2.4895496368408203,2.8686537742614746,0.05979180335998535,19401.254604773432,620832.875,49.938355030814236,71262797824.0,0.0003,exported_float_payload,False
te_f0l4_seed42,TE F0L4,17000,2.49891996383667,2.9733338356018066,0.061228763312101364,19366.585860988675,619723.3125,49.849118531893716,71304740864.0,0.0003,exported_float_payload,False
te_f0l4_seed42,TE F0L4,17010,2.48258900642395,2.9189224243164062,0.07424069195985794,17349.005592530924,555162.75,44.65591624668588,71346683904.0,0.0003,exported_float_payload,False
te_f0l4_seed42,TE F0L4,17020,2.455073118209839,2.9976000785827637,0.05531596764922142,19393.763670188764,620590,49.91907354833167,71388626944.0,0.0003,exported_float_payload,False
te_f0l4_seed42,TE F0L4,17030,2.5049049854278564,2.994054079055786,0.0736365020275116,19412.881715819844,621202.0625,49.96828293038809,71430569984.0,0.0003,exported_float_payload,False
te_f0l4_seed42,TE F0L4,17040,2.5033767223358154,2.8555455207824707,0.062400348484516144,19390.74883015183,620494.4375,49.91131342378342,71472513024.0,0.0003,exported_float_payload,False
te_f0l4_seed42,TE F0L4,17050,2.508901596069336,3.012284278869629,0.06027691066265106,19327.31523860829,618464.5,49.74803690997479,71514456064.0,0.0003,exported_float_payload,False
te_f0l4_seed42,TE F0L4,17060,2.4714183807373047,2.8320326805114746,0.06310945004224777,19403.696609455736,620908.5,49.94464069116435,71556399104.0,0.0003,exported_float_payload,False
te_f0l4_seed42,TE F0L4,17070,2.48276948928833,2.9608640670776367,0.06437957286834717,19398.823322452987,620754.3125,49.9320969695614,71598342144.0,0.0003,exported_float_payload,False
te_f0l4_seed42,TE F0L4,17080,2.492553234100342,3.095928192138672,0.06153826415538788,19401.24460385421,620830.875,49.938329288692664,71640285184.0,0.0003,exported_float_payload,False
te_f0l4_seed42,TE F0L4,17090,2.473778247833252,2.853201150894165,0.07278963923454285,19396.900936425656,620691.75,49.92714879492555,71682228224.0,0.0003,exported_float_payload,False
te_f0l4_seed42,TE F0L4,17100,2.4882729053497314,2.918041229248047,0.08090442419052124,19364.610436442515,619659.625,49.84403383740708,71724171264.0,0.0003,exported_float_payload,False
te_f0l4_seed42,TE F0L4,17110,2.4772584438323975,2.9428927898406982,0.05343738570809364,19411.23516730728,621152.3125,49.96404475477157,71766114304.0,0.0003,exported_float_payload,False
te_f0l4_seed42,TE F0L4,17120,2.472346782684326,2.8236324787139893,0.07542300224304199,19410.226634821534,621119.375,49.96144881680986,71808057344.0,0.0003,exported_float_payload,False
te_f0l4_seed42,TE F0L4,17130,2.4939069747924805,2.952200412750244,0.06129457801580429,19397.508333929356,620712.75,49.928712221250414,71850000384.0,0.0003,exported_float_payload,False
te_f0l4_seed42,TE F0L4,17140,2.495617628097534,2.951467990875244,0.05164724215865135,19408.08594337971,621051.3125,49.95593872937423,71891943424.0,0.0003,exported_float_payload,False
te_f0l4_seed42,TE F0L4,17150,2.5060367584228516,2.9190573692321777,0.06468141078948975,19374.565236563518,619978.9375,49.86965724954359,71933886464.0,0.0003,exported_float_payload,False
te_f0l4_seed42,TE F0L4,17160,2.4885597229003906,2.9562020301818848,0.05394914746284485,19395.754315400824,620657.4375,49.924197420440215,71975829504.0,0.0003,exported_float_payload,False
te_f0l4_seed42,TE F0L4,17170,2.4856462478637695,2.826956272125244,0.0632438138127327,19387.56755470986,620394.375,49.903124898571605,72017772544.0,0.0003,exported_float_payload,False
te_f0l4_seed42,TE F0L4,17180,2.501328468322754,3.1312265396118164,0.05586490407586098,19400.3805211604,620804.75,49.93610516096389,72059715584.0,0.0003,exported_float_payload,False
te_f0l4_seed42,TE F0L4,17190,2.5285849571228027,3.178302764892578,0.06668905168771744,19398.24487748981,620736,49.93060806636801,72101658624.0,0.0003,exported_float_payload,False
te_f0l4_seed42,TE F0L4,17200,2.4856197834014893,2.9848599433898926,0.0577273890376091,19379.490264078337,620135.4375,49.88233414995967,72143601664.0,0.0003,exported_float_payload,False
te_f0l4_seed42,TE F0L4,17210,2.4525089263916016,2.8557629585266113,0.06732844561338425,18599.915643059703,595190.0625,47.87572813449803,72185544704.0,0.0003,exported_float_payload,False
te_f0l4_seed42,TE F0L4,17220,2.5362915992736816,3.2452244758605957,0.15329796075820923,19410.665805403907,621134.8125,49.96257923115205,72227487744.0,0.0003,exported_float_payload,False
te_f0l4_seed42,TE F0L4,17230,2.4748897552490234,2.7988686561584473,0.05672306939959526,19415.658290444644,621293.9375,49.975429765590626,72269430784.0,0.0003,exported_float_payload,False
te_f0l4_seed42,TE F0L4,17240,2.473752021789551,2.8691020011901855,0.0561097115278244,19403.48917233795,620904.375,49.9441067530946,72311373824.0,0.0003,exported_float_payload,False
te_f0l4_seed42,TE F0L4,17250,2.4934916496276855,2.9549155235290527,0.05405300110578537,19356.313522523877,619395.6875,49.82267778382346,72353316864.0,0.0003,exported_float_payload,False
te_f0l4_seed42,TE F0L4,17260,2.515374183654785,2.9741568565368652,0.07302696257829666,18496.12975826307,591869.5625,47.60858580438881,72395259904.0,0.0003,exported_float_payload,False
te_f0l4_seed42,TE F0L4,17270,2.4902968406677246,2.886226177215576,0.07062578201293945,19397.16533645683,620702.25,49.92782935414173,72437202944.0,0.0003,exported_float_payload,False
te_f0l4_seed42,TE F0L4,17280,2.5389304161071777,2.997354507446289,0.05955152213573456,18618.01310595579,595770.1875,47.92231056154579,72479145984.0,0.0003,exported_float_payload,False
te_f0l4_seed42,TE F0L4,17290,2.510380744934082,2.974918842315674,0.06112591177225113,19398.028372107834,620729.125,49.930050786807925,72521089024.0,0.0003,exported_float_payload,False
te_f0l4_seed42,TE F0L4,17300,2.495323896408081,2.880063772201538,0.0725298672914505,19366.0272073551,619705.875,49.847680571098856,72563032064.0,0.0003,exported_float_payload,False
te_f0l4_seed42,TE F0L4,17310,2.4496588706970215,2.838921070098877,0.09936349838972092,19394.65354704834,620622,49.92136406961251,72604975104.0,0.0003,exported_float_payload,False
te_f0l4_seed42,TE F0L4,17320,2.495572566986084,2.921593189239502,0.08415073156356812,19407.188965966965,621022.625,49.95362993144313,72646918144.0,0.0003,exported_float_payload,False
te_f0l4_seed42,TE F0L4,17330,2.517220973968506,2.8797457218170166,0.05952480807900429,19389.99581003397,620472.4375,49.90937516840988,72688861184.0,0.0003,exported_float_payload,False
te_f0l4_seed42,TE F0L4,17340,2.4464824199676514,2.898301124572754,0.054451923817396164,19404.913080522638,620949.75,49.94777185795028,72730804224.0,0.0003,exported_float_payload,False
te_f0l4_seed42,TE F0L4,17350,2.489422559738159,2.9797520637512207,0.07642039656639099,19366.734179734594,619728.25,49.849500300719626,72772747264.0,0.0003,exported_float_payload,False
te_f0l4_seed42,TE F0L4,17360,2.513209342956543,2.872225284576416,0.05643970146775246,19394.339266690196,620611.75,49.920555119654175,72814690304.0,0.0003,exported_float_payload,False
te_f0l4_seed42,TE F0L4,17370,2.49712872505188,2.9545812606811523,0.07121822983026505,19392.404061597987,620548.9375,49.91557394905872,72856633344.0,0.0003,exported_float_payload,False
te_f0l4_seed42,TE F0L4,17380,2.5070862770080566,2.853708028793335,0.052107468247413635,16608.89403668677,531479.0625,42.750887196190334,72898576384.0,0.0003,exported_float_payload,False
te_f0l4_seed42,TE F0L4,17390,2.4947431087493896,2.9087796211242676,0.06737173348665237,19391.84694773547,620531.6875,49.91413995159692,72940519424.0,0.0003,exported_float_payload,False
te_f0l4_seed42,TE F0L4,17400,2.499204158782959,3.0266430377960205,0.07413306087255478,18433.540579326564,589866.125,47.44748278798649,72982462464.0,0.0003,exported_float_payload,False
te_f0l4_seed42,TE F0L4,17410,2.4779186248779297,2.9356532096862793,0.09259761869907379,19396.97354633336,620696.375,49.927335691052804,73024405504.0,0.0003,exported_float_payload,False
te_f0l4_seed42,TE F0L4,17420,2.4895925521850586,2.864780902862549,0.05309152230620384,19400.95309307646,620824.125,49.93757894707759,73066348544.0,0.0003,exported_float_payload,False
te_f0l4_seed42,TE F0L4,17430,2.4583191871643066,2.8316102027893066,0.05937507003545761,19394.909056498105,620628.625,49.92202174468951,73108291584.0,0.0003,exported_float_payload,False
te_f0l4_seed42,TE F0L4,17440,2.4862489700317383,3.1202616691589355,0.05903978273272514,18487.558882361755,591595.3125,47.586524579359605,73150234624.0,0.0003,exported_float_payload,False
te_f0l4_seed42,TE F0L4,17450,2.4777138233184814,2.9267725944519043,0.05994396284222603,19361.59593403376,619563.125,49.836274581905506,73192177664.0,0.0003,exported_float_payload,False
te_f0l4_seed42,TE F0L4,17460,2.448744297027588,2.857330322265625,0.06084921956062317,19386.905700121075,620373.5,49.90142130104109,73234120704.0,0.0003,exported_float_payload,False
te_f0l4_seed42,TE F0L4,17470,2.4818239212036133,2.93860125541687,0.06162337586283684,19389.333898900106,620451.3125,49.90767142533371,73276063744.0,0.0003,exported_float_payload,False
te_f0l4_seed42,TE F0L4,17480,2.4784204959869385,2.8231148719787598,0.07178036868572235,19391.98148516223,620536.1875,49.91448624764423,73318006784.0,0.0003,exported_float_payload,False
te_f0l4_seed42,TE F0L4,17490,2.44362473487854,2.7851245403289795,0.06980982422828674,19396.421364479615,620678.3125,49.92591438846101,73359949824.0,0.0003,exported_float_payload,False
te_f0l4_seed42,TE F0L4,17500,2.5079822540283203,2.928436040878296,0.05398554354906082,18698.187364240413,598335.4375,48.12867714227014,73401892864.0,0.0003,exported_float_payload,False
te_f0l4_seed42,TE F0L4,17510,2.504344940185547,2.9737558364868164,0.07737582176923752,18924.95671952276,605591.25,48.71237591870971,73443835904.0,0.0003,exported_float_payload,False
te_f0l4_seed42,TE F0L4,17520,2.482013702392578,2.9738378524780273,0.07836342602968216,18340.589258239204,586892.8125,47.208228359981526,73485778944.0,0.0003,exported_float_payload,False
te_f0l4_seed42,TE F0L4,17530,2.5100271701812744,2.9715394973754883,0.05401264876127243,19398.94310634178,620758.8125,49.932405290362674,73527721984.0,0.0003,exported_float_payload,False
te_f0l4_seed42,TE F0L4,17540,2.512022018432617,3.043914794921875,0.0616985484957695,19404.02223815758,620921.5625,49.94547885148194,73569665024.0,0.0003,exported_float_payload,False
te_f0l4_seed42,TE F0L4,17550,2.506014108657837,3.061182975769043,0.05704832449555397,18412.32004410454,589187.6875,47.39286164912465,73611608064.0,0.0003,exported_float_payload,False
te_f0l4_seed42,TE F0L4,17560,2.4862895011901855,2.916714668273926,0.06635583192110062,19399.810052026234,620786.125,49.93463678735937,73653551104.0,0.0003,exported_float_payload,False
te_f0l4_seed42,TE F0L4,17570,2.479984760284424,2.8593955039978027,0.0813344269990921,19400.245919048146,620800.5,49.9357586984177,73695494144.0,0.0003,exported_float_payload,False
te_f0l4_seed42,TE F0L4,17580,2.436201810836792,2.795466899871826,0.06877715140581131,19393.75437824883,620593,49.919049631105445,73737437184.0,0.0003,exported_float_payload,False
te_f0l4_seed42,TE F0L4,17590,2.4849231243133545,2.807142734527588,0.07090738415718079,18460.129751095887,590717.25,47.51592266606866,73779380224.0,0.0003,exported_float_payload,False
te_f0l4_seed42,TE F0L4,17600,2.412780284881592,2.85209584236145,0.06521859019994736,19343.09876033164,618971.3125,49.78866330901515,73821323264.0,0.0003,exported_float_payload,False
te_f0l4_seed42,TE F0L4,17610,2.4940154552459717,2.9576754570007324,0.07406124472618103,18619.781287998212,595825.0625,47.92686181889447,73863266304.0,0.0003,exported_float_payload,False
te_f0l4_seed42,TE F0L4,17620,2.504389762878418,2.9659934043884277,0.06418313086032867,19397.323888235744,620707.3125,49.92823746254438,73905209344.0,0.0003,exported_float_payload,False
te_f0l4_seed42,TE F0L4,17630,2.462069034576416,2.905547618865967,0.052894555032253265,19408.20729821626,621054.125,49.95625109375663,73947152384.0,0.0003,exported_float_payload,False
te_f0l4_seed42,TE F0L4,17640,2.483412027359009,3.082916736602783,0.06154479831457138,19395.077324320588,620634.5,49.92245486195077,73989095424.0,0.0003,exported_float_payload,False
te_f0l4_seed42,TE F0L4,17650,2.4952497482299805,2.832064390182495,0.0665777251124382,19361.336103376172,619555.75,49.83560578414521,74031038464.0,0.0003,exported_float_payload,False
te_f0l4_seed42,TE F0L4,17660,2.5249855518341064,2.913116931915283,0.06425014138221741,19395.25313394653,620633.75,49.92290739162975,74072981504.0,0.0003,exported_float_payload,False
te_f0l4_seed42,TE F0L4,17670,2.506889820098877,3.042337417602539,0.07307351380586624,19393.551053782696,620585.8125,49.918526278900494,74114924544.0,0.0003,exported_float_payload,False
te_f0l4_seed42,TE F0L4,17680,2.502324104309082,3.0036489963531494,0.05555209144949913,19391.10499259052,620508.0625,49.912230177193145,74156867584.0,0.0003,exported_float_payload,False
te_f0l4_seed42,TE F0L4,17690,2.516172170639038,2.924172878265381,0.0526127964258194,19388.022602482095,620409.3125,49.904296180412324,74198810624.0,0.0003,exported_float_payload,False
te_f0l4_seed42,TE F0L4,17700,2.55509090423584,2.838578224182129,0.06069395691156387,19355.079394989483,619355.625,49.81950116972188,74240753664.0,0.0003,exported_float_payload,False
te_f0l4_seed42,TE F0L4,17710,2.5340328216552734,2.8895413875579834,0.07134127616882324,18447.889534951915,590325.9375,47.48441664896288,74282696704.0,0.0003,exported_float_payload,False
te_f0l4_seed42,TE F0L4,17720,2.5230207443237305,2.878361701965332,0.06585490703582764,19394.990421539384,620632.875,49.922231176316544,74324639744.0,0.0003,exported_float_payload,False
te_f0l4_seed42,TE F0L4,17730,2.5242414474487305,3.3197240829467773,0.05830088257789612,18598.42589963892,595143.375,47.87189357135419,74366582784.0,0.0003,exported_float_payload,False
te_f0l4_seed42,TE F0L4,17740,2.501220226287842,2.9402883052825928,0.05696037411689758,19400.44985379737,620807,49.936283621476406,74408525824.0,0.0003,exported_float_payload,False
te_f0l4_seed42,TE F0L4,17750,2.4979023933410645,2.817578077316284,0.05869084969162941,19350.305469123028,619202.375,49.80721320125456,74450468864.0,0.0003,exported_float_payload,False
te_f0l4_seed42,TE F0L4,17760,2.5313339233398438,2.8847508430480957,0.06719160079956055,19388.46719854031,620423.6875,49.905440559796695,74492411904.0,0.0003,exported_float_payload,False
te_f0l4_seed42,TE F0L4,17770,2.469155788421631,3.1293745040893555,0.06354310363531113,19398.18694869076,620734.375,49.93045895905549,74534354944.0,0.0003,exported_float_payload,False
te_f0l4_seed42,TE F0L4,17780,2.4715476036071777,2.871809482574463,0.08150187134742737,19406.739385477806,621007.875,49.95247272225537,74576297984.0,0.0003,exported_float_payload,False
te_f0l4_seed42,TE F0L4,17790,2.473658800125122,2.8467862606048584,0.06612899154424667,19406.77879852458,621008.8125,49.95257417047421,74618241024.0,0.0003,exported_float_payload,False
te_f0l4_seed42,TE F0L4,17800,2.517667770385742,2.9439568519592285,0.06506963074207306,18689.334034131647,598052.3125,48.10588888701639,74660184064.0,0.0003,exported_float_payload,False
te_f0l4_seed42,TE F0L4,17810,2.454805612564087,3.0165038108825684,0.06432978063821793,19113.45597383933,611623.5625,49.19756839089079,74702127104.0,0.0003,exported_float_payload,False
te_f0l4_seed42,TE F0L4,17820,2.507145881652832,2.8078765869140625,0.05365348607301712,18653.858780886203,596916.6875,48.01457645246161,74744070144.0,0.0003,exported_float_payload,False
te_f0l4_seed42,TE F0L4,17830,2.52790904045105,2.942509174346924,0.05433296412229538,19384.44648749061,620295.0625,49.8950913478531,74786013184.0,0.0003,exported_float_payload,False
te_f0l4_seed42,TE F0L4,17840,2.5027670860290527,2.9415745735168457,0.0594138465821743,19394.287419250195,620609.8125,49.92042166561118,74827956224.0,0.0003,exported_float_payload,False
te_f0l4_seed42,TE F0L4,17850,2.493089437484741,2.9670348167419434,0.058702122420072556,19366.88950324271,619734,49.849900099632166,74869899264.0,0.0003,exported_float_payload,False
te_f0l4_seed42,TE F0L4,17860,2.4963719844818115,2.847022771835327,0.057494308799505234,19387.159177666894,620381.5625,49.90207374604701,74911842304.0,0.0003,exported_float_payload,False
te_f0l4_seed42,TE F0L4,17870,2.50788950920105,2.873645305633545,0.05402615666389465,19400.35085248222,620804.5,49.93602879451159,74953785344.0,0.0003,exported_float_payload,False
te_f0l4_seed42,TE F0L4,17880,2.509437084197998,3.052433729171753,0.05240252986550331,18528.92727274693,592919.125,47.69300580483663,74995728384.0,0.0003,exported_float_payload,False
te_f0l4_seed42,TE F0L4,17890,2.4910526275634766,2.8502142429351807,0.06109290197491646,19411.733811148108,621168.75,49.96532825182702,75037671424.0,0.0003,exported_float_payload,False
te_f0l4_seed42,TE F0L4,17900,2.4812123775482178,2.9330060482025146,0.06447064876556396,18722.26631512877,599106.625,48.19065577317458,75079614464.0,0.0003,exported_float_payload,False
te_f0l4_seed42,TE F0L4,17910,2.4976348876953125,3.064300537109375,0.06402923166751862,18490.420560109273,591686.9375,47.593890467919415,75121557504.0,0.0003,exported_float_payload,False
te_f0l4_seed42,TE F0L4,17920,2.502753257751465,2.994542360305786,0.061820801347494125,19402.591654651398,620874.125,49.94179656451193,75163500544.0,0.0003,exported_float_payload,False
te_f0l4_seed42,TE F0L4,17930,2.5126490592956543,2.901872158050537,0.07268200069665909,19423.836341633647,621547.5,49.99647986941413,75205443584.0,0.0003,exported_float_payload,False
te_f0l4_seed42,TE F0L4,17940,2.4565272331237793,2.8453078269958496,0.053169798105955124,19390.680678500932,620482.6875,49.91113800310018,75247386624.0,0.0003,exported_float_payload,False
te_f0l4_seed42,TE F0L4,17950,2.5372743606567383,4.53693962097168,0.061292774975299835,19366.918101439343,619732.9375,49.84997371069113,75289329664.0,0.0003,exported_float_payload,False
te_f0l4_seed42,TE F0L4,17960,2.4829156398773193,2.9275341033935547,0.058954305946826935,19410.099052425663,621116.0625,49.96112042284203,75331272704.0,0.0003,exported_float_payload,False
te_f0l4_seed42,TE F0L4,17970,2.5127124786376953,2.8735523223876953,0.062125153839588165,19406.729975663322,621007.625,49.952448501622946,75373215744.0,0.0003,exported_float_payload,False
te_f0l4_seed42,TE F0L4,17980,2.4963417053222656,3.9972500801086426,0.06629885733127594,19413.030729800605,621204.75,49.96866648873148,75415158784.0,0.0003,exported_float_payload,False
te_f0l4_seed42,TE F0L4,17990,2.4837870597839355,2.8696517944335938,0.06809916347265244,19404.988320316326,620950.4375,49.94796552333977,75457101824.0,0.0003,exported_float_payload,False
te_f0l4_seed42,TE F0L4,18000,2.496410369873047,2.9014339447021484,0.06371641904115677,19377.773486194154,620080.3125,49.87791520565756,75499044864.0,0.0003,exported_float_payload,False
te_f0l4_seed42,TE F0L4,18010,2.4591054916381836,2.8926944732666016,0.06931721419095993,10004.880226187715,314602.1875,25.75231710289541,75541512192.0,0.0003,exported_float_payload,False
te_f0l4_seed42,TE F0L4,18020,2.444227933883667,3.0693490505218506,0.07180294394493103,19320.1520032181,617342.6875,49.72959891720721,75583455232.0,0.0003,exported_float_payload,False
te_f0l4_seed42,TE F0L4,18030,2.5871779918670654,4.781818389892578,0.07221265137195587,18503.184123818064,592094.875,47.62674356886224,75625398272.0,0.0003,exported_float_payload,False
te_f0l4_seed42,TE F0L4,18040,2.480936288833618,2.8231701850891113,0.05369091033935547,19305.407772574654,617763,49.69164762799794,75667341312.0,0.0003,exported_float_payload,False
te_f0l4_seed42,TE F0L4,18050,2.516052484512329,2.9342384338378906,0.06494653970003128,19257.531242800735,616230.75,49.56841461084527,75709284352.0,0.0003,exported_float_payload,False
te_f0l4_seed42,TE F0L4,18060,2.498650550842285,2.878676414489746,0.06258010119199753,19308.498343962317,617863.375,49.69960268319149,75751227392.0,0.0003,exported_float_payload,False
te_f0l4_seed42,TE F0L4,18070,2.471048355102539,2.831449031829834,0.05617959797382355,19312.003228440997,617975.6875,49.7086241701522,75793170432.0,0.0003,exported_float_payload,False
te_f0l4_seed42,TE F0L4,18080,2.498807191848755,2.911341667175293,0.06743797659873962,19319.700039217787,618222.25,49.72843557292003,75835113472.0,0.0003,exported_float_payload,False
te_f0l4_seed42,TE F0L4,18090,2.486405372619629,2.9750008583068848,0.07917752861976624,19309.309734700168,617889.75,49.70169118311384,75877056512.0,0.0003,exported_float_payload,False
te_f0l4_seed42,TE F0L4,18100,2.4972028732299805,2.879460334777832,0.057552170008420944,19257.763742712836,616240.375,49.56901305993485,75918999552.0,0.0003,exported_float_payload,False
te_f0l4_seed42,TE F0L4,18110,2.4904565811157227,2.8203272819519043,0.06026211008429527,19322.321099539982,618306.5,49.73518211810968,75960942592.0,0.0003,exported_float_payload,False
te_f0l4_seed42,TE F0L4,18120,2.5075061321258545,2.94840669631958,0.07051866501569748,19327.81400601109,618482.125,49.74932072507573,76002885632.0,0.0003,exported_float_payload,False
te_f0l4_seed42,TE F0L4,18130,2.4782018661499023,2.951510429382324,0.056214284151792526,18673.989399080303,597559.625,48.06639217153987,76044828672.0,0.0003,exported_float_payload,False
te_f0l4_seed42,TE F0L4,18140,2.4663870334625244,2.8674075603485107,0.07137315720319748,19318.845967929323,618195.25,49.72623721430385,76086771712.0,0.0003,exported_float_payload,False
te_f0l4_seed42,TE F0L4,18150,2.5551676750183105,3.342741012573242,0.06616655737161636,19270.949276899835,616663.25,49.602952302572255,76128714752.0,0.0003,exported_float_payload,False
te_f0l4_seed42,TE F0L4,18160,2.4848594665527344,2.934150218963623,0.05803234875202179,18768.58068375078,600586.5,48.30986782571396,76170657792.0,0.0003,exported_float_payload,False
te_f0l4_seed42,TE F0L4,18170,2.520040512084961,2.9835877418518066,0.07297652959823608,19307.721059467094,617839.125,49.697601971903836,76212600832.0,0.0003,exported_float_payload,False
te_f0l4_seed42,TE F0L4,18180,2.4932026863098145,2.9174087047576904,0.05994861200451851,18636.240391664363,596351.875,47.96922714933898,76254543872.0,0.0003,exported_float_payload,False
te_f0l4_seed42,TE F0L4,18190,2.534087657928467,2.980579137802124,0.05267510190606117,19308.55178568152,617866.25,49.69974024087018,76296486912.0,0.0003,exported_float_payload,False
te_f0l4_seed42,TE F0L4,18200,2.5100882053375244,2.916673421859741,0.05802738666534424,19281.649097586695,617005,49.63049337943101,76338429952.0,0.0003,exported_float_payload,False
te_f0l4_seed42,TE F0L4,18210,2.5030410289764404,2.8921549320220947,0.058562230318784714,18635.29616168508,596322.4375,47.96679672445684,76380372992.0,0.0003,exported_float_payload,False
te_f0l4_seed42,TE F0L4,18220,2.51100492477417,2.9189987182617188,0.06789892911911011,19313.814477188625,618033.75,49.71328628014719,76422316032.0,0.0003,exported_float_payload,False
te_f0l4_seed42,TE F0L4,18230,2.4835050106048584,3.176178455352783,0.08906897157430649,19316.534077400265,618120.6875,49.720286464603156,76464259072.0,0.0003,exported_float_payload,False
te_f0l4_seed42,TE F0L4,18240,2.510960578918457,2.901984691619873,0.053621042519807816,19295.955795108763,617462.0625,49.66731846908267,76506202112.0,0.0003,exported_float_payload,False
te_f0l4_seed42,TE F0L4,18250,2.5309462547302246,2.9248275756835938,0.18056604266166687,19267.790344049787,616561.3125,49.59482128664582,76548145152.0,0.0003,exported_float_payload,False
te_f0l4_seed42,TE F0L4,18260,2.4885730743408203,2.8905463218688965,0.05194459855556488,19298.229828635973,617534.875,49.67317177578614,76590088192.0,0.0003,exported_float_payload,False
te_f0l4_seed42,TE F0L4,18270,2.5056676864624023,3.0517921447753906,0.061053477227687836,19302.242999717804,617664,49.68350158003677,76632031232.0,0.0003,exported_float_payload,False
te_f0l4_seed42,TE F0L4,18280,2.4416630268096924,3.064711570739746,0.08519865572452545,19325.011100956417,618392.9375,49.742106115990424,76673974272.0,0.0003,exported_float_payload,False
te_f0l4_seed42,TE F0L4,18290,2.461747646331787,2.8915629386901855,0.057593777775764465,19320.69510407506,618254.0625,49.7309968455353,76715917312.0,0.0003,exported_float_payload,False
te_f0l4_seed42,TE F0L4,18300,2.5041048526763916,2.9649295806884766,0.06331858783960342,19241.66458732172,615725.625,49.52757422755028,76757860352.0,0.0003,exported_float_payload,False
te_f0l4_seed42,TE F0L4,18310,2.486618995666504,2.9691267013549805,0.0638396367430687,19300.619948252795,617611.5,49.6793238852462,76799803392.0,0.0003,exported_float_payload,False
te_f0l4_seed42,TE F0L4,18320,2.486717700958252,2.861710548400879,0.050547581166028976,18657.22595406801,597024.125,48.02324347391093,76841746432.0,0.0003,exported_float_payload,False
te_f0l4_seed42,TE F0L4,18330,2.4798145294189453,2.8516323566436768,0.06653961539268494,19284.36850517516,617092.75,49.63749306807964,76883689472.0,0.0003,exported_float_payload,False
te_f0l4_seed42,TE F0L4,18340,2.493267297744751,2.905507802963257,0.07025167346000671,19305.639292310414,617772.3125,49.69224355413758,76925632512.0,0.0003,exported_float_payload,False
te_f0l4_seed42,TE F0L4,18350,2.509004592895508,2.8379125595092773,0.05628282204270363,19283.83076173885,617075.1875,49.63610892962134,76967575552.0,0.0003,exported_float_payload,False
te_f0l4_seed42,TE F0L4,18360,2.4645943641662598,2.858189582824707,0.055750828236341476,19304.09563493616,617723.4375,49.68827021779559,77009518592.0,0.0003,exported_float_payload,False
te_f0l4_seed42,TE F0L4,18370,2.4497909545898438,2.803762435913086,0.060862332582473755,19297.111642334392,617499.5625,49.670293591583295,77051461632.0,0.0003,exported_float_payload,False
te_f0l4_seed42,TE F0L4,18380,2.4879674911499023,3.0162925720214844,0.05702792480587959,19307.92219166468,617846.875,49.69811968126314,77093404672.0,0.0003,exported_float_payload,False
te_f0l4_seed42,TE F0L4,18390,2.52567720413208,3.151825428009033,0.06208176910877228,19302.92548360991,617685.25,49.685258276889684,77135347712.0,0.0003,exported_float_payload,False
te_f0l4_seed42,TE F0L4,18400,2.4657301902770996,3.007899045944214,0.058325912803411484,19256.8089312281,616209.9375,49.56655539851638,77177290752.0,0.0003,exported_float_payload,False
te_f0l4_seed42,TE F0L4,18410,2.518070697784424,2.8794617652893066,0.06112581118941307,19305.954592251586,617782.4375,49.69305512847771,77219233792.0,0.0003,exported_float_payload,False
te_f0l4_seed42,TE F0L4,18420,2.507096290588379,2.88084077835083,0.08079921454191208,18259.982916917255,584312.4375,47.00074960808266,77261176832.0,0.0003,exported_float_payload,False
te_f0l4_seed42,TE F0L4,18430,2.4738662242889404,2.9040656089782715,0.057406045496463776,19313.646439119006,618028.6875,49.71285375426418,77303119872.0,0.0003,exported_float_payload,False
te_f0l4_seed42,TE F0L4,18440,2.4886765480041504,2.9087777137756348,0.06908395141363144,19296.718732656685,617487.0625,49.66928225167874,77345062912.0,0.0003,exported_float_payload,False
te_f0l4_seed42,TE F0L4,18450,2.5227177143096924,3.2811901569366455,0.0678536519408226,19270.276109567872,616641.3125,49.60121958631738,77387005952.0,0.0003,exported_float_payload,False
te_f0l4_seed42,TE F0L4,18460,2.4969944953918457,2.9061245918273926,0.058596331626176834,19298.827703637122,617554.5625,49.67471069142225,77428948992.0,0.0003,exported_float_payload,False
te_f0l4_seed42,TE F0L4,18470,2.568364381790161,3.230464458465576,0.06544247269630432,17866.91250329623,571733.875,45.988995973207615,77470892032.0,0.0003,exported_float_payload,False
te_f0l4_seed42,TE F0L4,18480,2.5078279972076416,3.01503324508667,0.05541696026921272,19317.38441994702,618147.5625,49.72247522552933,77512835072.0,0.0003,exported_float_payload,False
te_f0l4_seed42,TE F0L4,18490,2.509201765060425,2.9052321910858154,0.06484844535589218,18301.532972014986,585642.3125,47.107698434088476,77554778112.0,0.0003,exported_float_payload,False
te_f0l4_seed42,TE F0L4,18500,2.4991869926452637,2.901071071624756,0.05300705134868622,19259.696723080426,616302.0625,49.57398850414353,77596721152.0,0.0003,exported_float_payload,False
te_f0l4_seed42,TE F0L4,18510,2.525282621383667,2.9116501808166504,0.062056563794612885,19283.224478905413,617055.1875,49.63454837243047,77638664192.0,0.0003,exported_float_payload,False
te_f0l4_seed42,TE F0L4,18520,2.513935089111328,2.8583803176879883,0.06623680889606476,19298.226884986685,617534.625,49.67316419890484,77680607232.0,0.0003,exported_float_payload,False
te_f0l4_seed42,TE F0L4,18530,2.5311331748962402,2.9794232845306396,0.05737436190247536,18872.05459488874,603897.4375,48.57620714325289,77722550272.0,0.0003,exported_float_payload,False
te_f0l4_seed42,TE F0L4,18540,2.4973843097686768,3.0059120655059814,0.06385990232229233,19305.670035335508,617773.3125,49.692322685932574,77764493312.0,0.0003,exported_float_payload,False
te_f0l4_seed42,TE F0L4,18550,2.4855473041534424,2.9272849559783936,0.0623878613114357,19250.904831808628,616020.3125,49.551358390954086,77806436352.0,0.0003,exported_float_payload,False
te_f0l4_seed42,TE F0L4,18560,2.4981932640075684,2.944814443588257,0.053267545998096466,19303.710130836876,617710,49.687277939668846,77848379392.0,0.0003,exported_float_payload,False
te_f0l4_seed42,TE F0L4,18570,2.473428726196289,2.9526758193969727,0.07070769369602203,19327.667213925022,618477.6875,49.74894288583496,77890322432.0,0.0003,exported_float_payload,False
te_f0l4_seed42,TE F0L4,18580,2.480950355529785,2.9502129554748535,0.0715576559305191,19327.684028098058,618477.8125,49.74898616510528,77932265472.0,0.0003,exported_float_payload,False
te_f0l4_seed42,TE F0L4,18590,2.4649429321289062,3.14314603805542,0.05492551252245903,19315.34808577801,618082.125,49.717233751162595,77974208512.0,0.0003,exported_float_payload,False
te_f0l4_seed42,TE F0L4,18600,2.5112504959106445,3.0041444301605225,0.0596066452562809,19265.042703376497,616473.4375,49.58774892672709,78016151552.0,0.0003,exported_float_payload,False
te_f0l4_seed42,TE F0L4,18610,2.502336263656616,2.8092293739318848,0.052017245441675186,19320.004894654783,618232.0625,49.729220263361746,78058094592.0,0.0003,exported_float_payload,False
te_f0l4_seed42,TE F0L4,18620,2.509962558746338,2.9013607501983643,0.08238635212182999,19332.627459867548,618634.6875,49.76171043762293,78100037632.0,0.0003,exported_float_payload,False
te_f0l4_seed42,TE F0L4,18630,2.4821178913116455,3.004620313644409,0.06927115470170975,19294.649510281,617418.75,49.66395612387207,78141980672.0,0.0003,exported_float_payload,False
te_f0l4_seed42,TE F0L4,18640,2.490077495574951,2.9884862899780273,0.05903397127985954,19318.7613290308,618191.8125,49.72601935584831,78183923712.0,0.0003,exported_float_payload,False
te_f0l4_seed42,TE F0L4,18650,2.514866828918457,2.967235565185547,0.06225164979696274,19255.85581810412,616179.9375,49.564102108636966,78225866752.0,0.0003,exported_float_payload,False
te_f0l4_seed42,TE F0L4,18660,2.4507546424865723,2.9885270595550537,0.060797519981861115,18989.697520171514,607665.9375,48.8790171567965,78267809792.0,0.0003,exported_float_payload,False
te_f0l4_seed42,TE F0L4,18670,2.4927473068237305,2.8186376094818115,0.05701315030455589,19297.631354567162,617514.9375,49.671631318164515,78309752832.0,0.0003,exported_float_payload,False
te_f0l4_seed42,TE F0L4,18680,2.520519495010376,2.876640558242798,0.057900842279195786,19301.561959915525,617642.25,49.68174860023577,78351695872.0,0.0003,exported_float_payload,False
te_f0l4_seed42,TE F0L4,18690,2.5048933029174805,2.914552688598633,0.06163527071475983,19316.965399075845,618135.1875,49.72139667605115,78393638912.0,0.0003,exported_float_payload,False
te_f0l4_seed42,TE F0L4,18700,2.4929046630859375,2.912691116333008,0.057977382093667984,18289.44645970266,585256.1875,47.0765880468876,78435581952.0,0.0003,exported_float_payload,False
te_f0l4_seed42,TE F0L4,18710,2.480647087097168,2.919435501098633,0.055278412997722626,18548.959700549425,593559.3125,47.74456878424746,78477524992.0,0.0003,exported_float_payload,False
te_f0l4_seed42,TE F0L4,18720,2.4922056198120117,2.8901023864746094,0.05831624194979668,18673.331682847514,597538.625,48.064699226036524,78519468032.0,0.0003,exported_float_payload,False
te_f0l4_seed42,TE F0L4,18730,2.465656280517578,3.0270633697509766,0.13647963106632233,19323.157490393318,618332.6875,49.73733496771807,78561411072.0,0.0003,exported_float_payload,False
te_f0l4_seed42,TE F0L4,18740,2.494270086288452,2.912290096282959,0.06278114765882492,19318.712420046504,618190,49.72589346531846,78603354112.0,0.0003,exported_float_payload,False
te_f0l4_seed42,TE F0L4,18750,2.484238386154175,2.8919544219970703,0.05984232947230339,19247.29375550423,615905.25,49.54206356883015,78645297152.0,0.0003,exported_float_payload,False
te_f0l4_seed42,TE F0L4,18760,2.466667413711548,2.8678386211395264,0.06636646389961243,19282.47248341293,617030.4375,49.63261275441761,78687240192.0,0.0003,exported_float_payload,False
te_f0l4_seed42,TE F0L4,18770,2.5089075565338135,3.0413475036621094,0.0549628883600235,19287.33844388213,617186.875,49.64513761770233,78729183232.0,0.0003,exported_float_payload,False
te_f0l4_seed42,TE F0L4,18780,2.508244514465332,2.928864002227783,0.05846136808395386,19321.214194301407,618271.25,49.732332971087196,78771126272.0,0.0003,exported_float_payload,False
te_f0l4_seed42,TE F0L4,18790,2.512439250946045,3.023717164993286,0.05695926025509834,19315.53579654759,618089.125,49.71771691409434,78813069312.0,0.0003,exported_float_payload,False
te_f0l4_seed42,TE F0L4,18800,2.506649971008301,3.0273616313934326,0.060026127845048904,18587.460694989575,594790.8125,47.84366940266409,78855012352.0,0.0003,exported_float_payload,False
te_f0l4_seed42,TE F0L4,18810,2.479806900024414,2.7942280769348145,0.05892191454768181,19303.873867390757,617716.375,49.6876993935555,78896955392.0,0.0003,exported_float_payload,False
te_f0l4_seed42,TE F0L4,18820,2.4837725162506104,2.8533828258514404,0.05370941013097763,19300.545528065188,617608.875,49.67913232950272,78938898432.0,0.0003,exported_float_payload,False
te_f0l4_seed42,TE F0L4,18830,2.506442070007324,2.8545913696289062,0.05876981094479561,18511.274854413405,592353.5,47.64756891161247,78980841472.0,0.0003,exported_float_payload,False
te_f0l4_seed42,TE F0L4,18840,2.501877546310425,2.8867270946502686,0.05880739167332649,19319.188452666516,618205.375,49.72711876164433,79022784512.0,0.0003,exported_float_payload,False
te_f0l4_seed42,TE F0L4,18850,2.476327896118164,2.8948237895965576,0.07524089515209198,19265.802300294967,616497.75,49.5897041106246,79064727552.0,0.0003,exported_float_payload,False
te_f0l4_seed42,TE F0L4,18860,2.487264394760132,2.7954812049865723,0.059465453028678894,18389.440872345047,588454.5,47.333971220365704,79106670592.0,0.0003,exported_float_payload,False
te_f0l4_seed42,TE F0L4,18870,2.496432065963745,3.0971546173095703,0.06133897230029106,19315.464728193103,618086.875,49.71753398588737,79148613632.0,0.0003,exported_float_payload,False
te_f0l4_seed42,TE F0L4,18880,2.4712843894958496,2.873739242553711,0.07091014087200165,19308.87795717933,617876.5,49.7005797983313,79190556672.0,0.0003,exported_float_payload,False
te_f0l4_seed42,TE F0L4,18890,2.4966087341308594,2.8346121311187744,0.05576654523611069,18636.188527912767,596350.25,47.96909365331034,79232499712.0,0.0003,exported_float_payload,False
te_f0l4_seed42,TE F0L4,18900,2.508352279663086,2.9446229934692383,0.05415567755699158,19274.059570084628,616761.1875,49.61095812118946,79274442752.0,0.0003,exported_float_payload,False
te_f0l4_seed42,TE F0L4,18910,2.481750726699829,2.8453404903411865,0.07209073752164841,19301.122881608004,617627.6875,49.68061842340679,79316385792.0,0.0003,exported_float_payload,False
te_f0l4_seed42,TE F0L4,18920,2.485623598098755,2.891084671020508,0.05996055528521538,19324.314147379762,618369.375,49.74031217452323,79358328832.0,0.0003,exported_float_payload,False
te_f0l4_seed42,TE F0L4,18930,2.4776878356933594,2.8335328102111816,0.06678352504968643,18531.041113798085,592986.0625,47.69844678002312,79400271872.0,0.0003,exported_float_payload,False
te_f0l4_seed42,TE F0L4,18940,2.4830245971679688,2.8708372116088867,0.05460069328546524,19315.878662061965,618099.625,49.71859944154597,79442214912.0,0.0003,exported_float_payload,False
te_f0l4_seed42,TE F0L4,18950,2.467447280883789,2.876610279083252,0.05364508926868439,19266.96745460591,616534.875,49.59270318933528,79484157952.0,0.0003,exported_float_payload,False
te_f0l4_seed42,TE F0L4,18960,2.4769585132598877,2.8255186080932617,0.06387070566415787,19311.47358049573,617958.9375,49.70726086928991,79526100992.0,0.0003,exported_float_payload,False
te_f0l4_seed42,TE F0L4,18970,2.4861819744110107,2.901937961578369,0.07240307331085205,19320.734407117634,618255.125,49.731098010606004,79568044032.0,0.0003,exported_float_payload,False
te_f0l4_seed42,TE F0L4,18980,2.525359630584717,3.502953052520752,0.062172241508960724,19285.337406987295,617122.5625,49.63998699765637,79609987072.0,0.0003,exported_float_payload,False
te_f0l4_seed42,TE F0L4,18990,2.483731508255005,2.8798184394836426,0.08112260699272156,19295.80947595729,617458.25,49.66694184716399,79651930112.0,0.0003,exported_float_payload,False
te_f0l4_seed42,TE F0L4,19000,2.4922335147857666,3.03855299949646,0.05202819034457207,18688.23778322687,598016.3125,48.103067163988634,79693873152.0,0.0003,exported_float_payload,False
te_f0l4_seed42,TE F0L4,19010,2.5262818336486816,2.9497110843658447,0.0578109472990036,17059.49257558402,545897.9375,43.91071681907878,79735816192.0,0.0003,exported_float_payload,False
te_f0l4_seed42,TE F0L4,19020,2.498332977294922,3.3730454444885254,0.06743262708187103,19314.194251760597,618046.75,49.71426381061071,79777759232.0,0.0003,exported_float_payload,False
te_f0l4_seed42,TE F0L4,19030,2.5238451957702637,3.028311014175415,0.06426887959241867,19327.630480419062,618472.5,49.74884833468868,79819702272.0,0.0003,exported_float_payload,False
te_f0l4_seed42,TE F0L4,19040,2.4927968978881836,2.939882278442383,0.06785182654857635,19309.201949052647,617885.625,49.70141374549227,79861645312.0,0.0003,exported_float_payload,False
te_f0l4_seed42,TE F0L4,19050,2.496657133102417,2.9881997108459473,0.049883462488651276,19252.768249725974,616077,49.55615478311649,79903588352.0,0.0003,exported_float_payload,False
te_f0l4_seed42,TE F0L4,19060,2.4925801753997803,2.8891048431396484,0.06293373554944992,19321.051924433155,618265,49.7319152924135,79945531392.0,0.0003,exported_float_payload,False
te_f0l4_seed42,TE F0L4,19070,2.510791301727295,2.9192891120910645,0.06128591299057007,19305.32246805866,617760.75,49.69142805625929,79987474432.0,0.0003,exported_float_payload,False
te_f0l4_seed42,TE F0L4,19080,2.470576047897339,2.865962266921997,0.05554477870464325,18469.9309777783,591029.1875,47.5411507839288,80029417472.0,0.0003,exported_float_payload,False
te_f0l4_seed42,TE F0L4,19090,2.4934797286987305,2.819520950317383,0.04692087695002556,19309.21348987864,617884.875,49.701443451296214,80071360512.0,0.0003,exported_float_payload,False
te_f0l4_seed42,TE F0L4,19100,2.4936938285827637,2.9282994270324707,0.049528416246175766,19256.28561325773,616190.125,49.56520839085472,80113303552.0,0.0003,exported_float_payload,False
te_f0l4_seed42,TE F0L4,19110,2.5038864612579346,3.454636573791504,0.11089540272951126,19303.80604385012,617712.75,49.68752481742005,80155246592.0,0.0003,exported_float_payload,False
te_f0l4_seed42,TE F0L4,19120,2.4980363845825195,2.837773323059082,0.05612831562757492,18526.214515097257,592829.8125,47.68602323296787,80197189632.0,0.0003,exported_float_payload,False
te_f0l4_seed42,TE F0L4,19130,2.4342188835144043,2.7765984535217285,0.055386558175086975,19327.950614699155,618486.25,49.749672352499,80239132672.0,0.0003,exported_float_payload,False
te_f0l4_seed42,TE F0L4,19140,2.4940481185913086,2.988996982574463,0.05094456672668457,18690.75183808491,598098.625,48.10953827972962,80281075712.0,0.0003,exported_float_payload,False
te_f0l4_seed42,TE F0L4,19150,2.5109589099884033,2.856348991394043,0.08582422882318497,19262.04871453291,616377.6875,49.58004247264074,80323018752.0,0.0003,exported_float_payload,False
te_f0l4_seed42,TE F0L4,19160,2.483186721801758,2.9641451835632324,0.06564228236675262,19323.106436182847,618331.625,49.73720355542849,80364961792.0,0.0003,exported_float_payload,False
te_f0l4_seed42,TE F0L4,19170,2.4951632022857666,2.867532253265381,0.0556679368019104,18383.36458656849,588260.875,47.318331009329874,80406904832.0,0.0003,exported_float_payload,False
te_f0l4_seed42,TE F0L4,19180,2.4884750843048096,2.8329296112060547,0.07928534597158432,19324.929625448294,618390.125,49.74189640002443,80448847872.0,0.0003,exported_float_payload,False
te_f0l4_seed42,TE F0L4,19190,2.5429930686950684,2.9084630012512207,0.06510026752948761,18397.167135323692,588702.5,47.35385843238106,80490790912.0,0.0003,exported_float_payload,False
te_f0l4_seed42,TE F0L4,19200,2.522418737411499,2.99910831451416,0.05453891679644585,19277.423472672643,616868.125,49.619616724210324,80532733952.0,0.0003,exported_float_payload,False
te_f0l4_seed42,TE F0L4,19210,2.469633102416992,2.9235403537750244,0.09739690274000168,19297.71990771725,617521.5,49.6718592518079,80574676992.0,0.0003,exported_float_payload,False
te_f0l4_seed42,TE F0L4,19220,2.47696852684021,2.823545217514038,0.057645220309495926,18386.55576234309,588362,47.32654501775584,80616620032.0,0.0003,exported_float_payload,False
te_f0l4_seed42,TE F0L4,19230,2.48579740524292,2.956665515899658,0.059884991496801376,19329.97089227138,618550,49.754872497578155,80658563072.0,0.0003,exported_float_payload,False
te_f0l4_seed42,TE F0L4,19240,2.4435439109802246,2.8310580253601074,0.059645876288414,19317.307273060724,618144.6875,49.72227665133009,80700506112.0,0.0003,exported_float_payload,False
te_f0l4_seed42,TE F0L4,19250,2.4887478351593018,2.8666396141052246,0.059449270367622375,19276.81438410754,616846.125,49.61804894513474,80742449152.0,0.0003,exported_float_payload,False
te_f0l4_seed42,TE F0L4,19260,2.501917839050293,3.0452075004577637,0.056208763271570206,18381.956657795552,588215.875,47.31470703508938,80784392192.0,0.0003,exported_float_payload,False
te_f0l4_seed42,TE F0L4,19270,2.4879956245422363,2.903846263885498,0.05567223206162453,19323.407278829607,618342.125,49.73797791704626,80826335232.0,0.0003,exported_float_payload,False
te_f0l4_seed42,TE F0L4,19280,2.5151658058166504,2.88743257522583,0.06063343212008476,19305.501540724727,617767.625,49.69188898492378,80868278272.0,0.0003,exported_float_payload,False
te_f0l4_seed42,TE F0L4,19290,2.4577555656433105,2.8258962631225586,0.06063610315322876,19321.117394700737,618267.875,49.73208381128163,80910221312.0,0.0003,exported_float_payload,False
te_f0l4_seed42,TE F0L4,19300,2.4802088737487793,2.8813681602478027,0.062331169843673706,19291.548794462604,617322.8125,49.65597495716181,80952164352.0,0.0003,exported_float_payload,False
te_f0l4_seed42,TE F0L4,19310,2.461853504180908,2.936882972717285,0.05148698762059212,19313.68427217173,618030.25,49.71295113561695,80994107392.0,0.0003,exported_float_payload,False
te_f0l4_seed42,TE F0L4,19320,2.4988672733306885,2.8736953735351562,0.06305907666683197,19330.499202427727,618568.875,49.756232355004464,81036050432.0,0.0003,exported_float_payload,False
te_f0l4_seed42,TE F0L4,19330,2.4792258739471436,2.834947347640991,0.08278284966945648,19317.124395031562,618140.1875,49.72180592775403,81077993472.0,0.0003,exported_float_payload,False
te_f0l4_seed42,TE F0L4,19340,2.4718494415283203,2.9744699001312256,0.07610546797513962,19313.90941797367,618036.9375,49.71353065540678,81119936512.0,0.0003,exported_float_payload,False
te_f0l4_seed42,TE F0L4,19350,2.469508409500122,2.9609718322753906,0.06611694395542145,19273.579795231344,616747.3125,49.60972319244665,81161879552.0,0.0003,exported_float_payload,False
te_f0l4_seed42,TE F0L4,19360,2.482365131378174,2.923600196838379,0.06093820556998253,17729.2774321775,567330,45.634726665050216,81203822592.0,0.0003,exported_float_payload,False
te_f0l4_seed42,TE F0L4,19370,2.49627685546875,3.093445301055908,0.058271706104278564,19315.30596314611,618082.5,49.717125328537904,81245765632.0,0.0003,exported_float_payload,False
te_f0l4_seed42,TE F0L4,19380,2.449695110321045,2.8984861373901367,0.07188726216554642,19340.796288939742,618894.625,49.78273680394322,81287708672.0,0.0003,exported_float_payload,False
te_f0l4_seed42,TE F0L4,19390,2.50384783744812,3.04854154586792,0.05420418083667755,18621.116364503785,595868.625,47.93029827317986,81329651712.0,0.0003,exported_float_payload,False
te_f0l4_seed42,TE F0L4,19400,2.5234715938568115,2.8947324752807617,0.06320059299468994,19285.649881026,617133.75,49.640791298192624,81371594752.0,0.0003,exported_float_payload,False
te_f0l4_seed42,TE F0L4,19410,2.4855988025665283,2.903691291809082,0.05954192206263542,18610.29148556992,595521.125,47.90243529945074,81413537792.0,0.0003,exported_float_payload,False
te_f0l4_seed42,TE F0L4,19420,2.457430124282837,2.81768798828125,0.05289722979068756,19310.263991978445,617920.5625,49.70414741801844,81455480832.0,0.0003,exported_float_payload,False
te_f0l4_seed42,TE F0L4,19430,2.479552745819092,2.851808786392212,0.08872131258249283,19299.284328633647,617569.375,49.675886032999735,81497423872.0,0.0003,exported_float_payload,False
te_f0l4_seed42,TE F0L4,19440,2.4839322566986084,2.9138970375061035,0.07855402678251266,19326.903113136614,618453.625,49.74697610908633,81539366912.0,0.0003,exported_float_payload,False
te_f0l4_seed42,TE F0L4,19450,2.48425555229187,3.3234057426452637,0.08079829066991806,18583.651193511967,594670.125,47.83386383899543,81581309952.0,0.0003,exported_float_payload,False
te_f0l4_seed42,TE F0L4,19460,2.4605185985565186,2.797166109085083,0.05317956581711769,18459.023987414657,590681.875,47.51307645738689,81623252992.0,0.0003,exported_float_payload,False
te_f0l4_seed42,TE F0L4,19470,2.503220796585083,2.9793429374694824,0.06951764971017838,19319.929501403047,618231.5625,49.72902620297499,81665196032.0,0.0003,exported_float_payload,False
te_f0l4_seed42,TE F0L4,19480,2.4891512393951416,2.8600006103515625,0.06898720562458038,19312.071222485785,617978.4375,49.70879918516117,81707139072.0,0.0003,exported_float_payload,False
te_f0l4_seed42,TE F0L4,19490,2.5040342807769775,3.0939698219299316,0.053140949457883835,19323.84943956231,618355.125,49.73911602796228,81749082112.0,0.0003,exported_float_payload,False
te_f0l4_seed42,TE F0L4,19500,2.498852252960205,2.8684287071228027,0.06350626796483994,18850.74754947135,603216.6875,48.52136332926317,81791025152.0,0.0003,exported_float_payload,False
te_f0l4_seed42,TE F0L4,19510,2.4495954513549805,2.8896279335021973,0.054894719272851944,18474.047421381143,591162.625,47.5517464091237,81832968192.0,0.0003,exported_float_payload,False
te_f0l4_seed42,TE F0L4,19520,2.4353270530700684,2.8476083278656006,0.06581418216228485,19314.116587250395,618044.1875,49.7140639040602,81874911232.0,0.0003,exported_float_payload,False
te_f0l4_seed42,TE F0L4,19530,2.5036158561706543,2.9387738704681396,0.05948800966143608,19314.349264313223,618051.6875,49.71466280913142,81916854272.0,0.0003,exported_float_payload,False
te_f0l4_seed42,TE F0L4,19540,2.4967451095581055,2.836583137512207,0.05866536125540733,19337.962723691013,618807.125,49.775443276268,81958797312.0,0.0003,exported_float_payload,False
te_f0l4_seed42,TE F0L4,19550,2.5008528232574463,2.8680191040039062,0.058778245002031326,19264.665250591224,616462.4375,49.58677737248577,82000740352.0,0.0003,exported_float_payload,False
te_f0l4_seed42,TE F0L4,19560,2.5092995166778564,2.872194290161133,0.06077081710100174,19321.414564726347,618277.375,49.732848719662336,82042683392.0,0.0003,exported_float_payload,False
te_f0l4_seed42,TE F0L4,19570,2.484675884246826,2.922680377960205,0.06724140793085098,18570.869440226666,594260.1875,47.800963918527366,82084626432.0,0.0003,exported_float_payload,False
te_f0l4_seed42,TE F0L4,19580,2.4822030067443848,2.8802108764648438,0.0638672485947609,19331.621699398213,618604.5,49.75912163476369,82126569472.0,0.0003,exported_float_payload,False
te_f0l4_seed42,TE F0L4,19590,2.503525972366333,2.9011552333831787,0.06323983520269394,19317.248207693534,618144.625,49.722124618518976,82168512512.0,0.0003,exported_float_payload,False
te_f0l4_seed42,TE F0L4,19600,2.4871408939361572,2.8855769634246826,0.07227218896150589,19258.89114517564,616276,49.57191496631138,82210455552.0,0.0003,exported_float_payload,False
te_f0l4_seed42,TE F0L4,19610,2.511040687561035,2.9171247482299805,0.051205772906541824,19152.913571319496,612885.875,49.29913128214539,82252398592.0,0.0003,exported_float_payload,False
te_f0l4_seed42,TE F0L4,19620,2.4860410690307617,3.1343746185302734,0.060879312455654144,19309.44979041644,617893.75,49.70205168310344,82294341632.0,0.0003,exported_float_payload,False
te_f0l4_seed42,TE F0L4,19630,2.476897716522217,2.8897030353546143,0.06344017386436462,18507.308676012926,592225.25,47.637360065374764,82336284672.0,0.0003,exported_float_payload,False
te_f0l4_seed42,TE F0L4,19640,2.4758729934692383,2.799600124359131,0.062322381883859634,19318.469445239276,618184,49.725268054104895,82378227712.0,0.0003,exported_float_payload,False
te_f0l4_seed42,TE F0L4,19650,2.4990739822387695,2.8813343048095703,0.060054976493120193,18507.865421369414,592244.9375,47.63879311431105,82420170752.0,0.0003,exported_float_payload,False
te_f0l4_seed42,TE F0L4,19660,2.497896194458008,2.921792984008789,0.07001197338104248,19302.01869578115,617657.25,49.682924227187605,82462113792.0,0.0003,exported_float_payload,False
te_f0l4_seed42,TE F0L4,19670,2.503007650375366,3.512800693511963,0.05794355273246765,19315.575159987253,618091,49.717818234625675,82504056832.0,0.0003,exported_float_payload,False
te_f0l4_seed42,TE F0L4,19680,2.502089738845825,2.8564772605895996,0.055589694529771805,19298.12276495252,617532.625,49.672896196482434,82545999872.0,0.0003,exported_float_payload,False
te_f0l4_seed42,TE F0L4,19690,2.4859728813171387,2.8904671669006348,0.05670849606394768,18446.803036716126,590291.375,47.48162002906667,82587942912.0,0.0003,exported_float_payload,False
te_f0l4_seed42,TE F0L4,19700,2.458601474761963,2.838118076324463,0.0537598691880703,19262.033201226342,616377.8125,49.580002541768906,82629885952.0,0.0003,exported_float_payload,False
te_f0l4_seed42,TE F0L4,19710,2.485361337661743,2.8808016777038574,0.059973377734422684,19306.50419865448,617800.1875,49.694469801921976,82671828992.0,0.0003,exported_float_payload,False
te_f0l4_seed42,TE F0L4,19720,2.4818835258483887,2.826789379119873,0.06049934774637222,19298.269058326146,617534.8125,49.67327275204956,82713772032.0,0.0003,exported_float_payload,False
te_f0l4_seed42,TE F0L4,19730,2.5016050338745117,3.047572374343872,0.058824677020311356,19312.186072587938,617981.75,49.709094806516255,82755715072.0,0.0003,exported_float_payload,False
te_f0l4_seed42,TE F0L4,19740,2.4785561561584473,2.912034511566162,0.06407350301742554,19313.50234399381,618024.5,49.712482856934756,82797658112.0,0.0003,exported_float_payload,False
te_f0l4_seed42,TE F0L4,19750,2.4875993728637695,2.8566207885742188,0.054282765835523605,18445.680791293064,590255,47.47873139678436,82839601152.0,0.0003,exported_float_payload,False
te_f0l4_seed42,TE F0L4,19760,2.489657402038574,2.930497407913208,0.06563567370176315,19302.31221430385,617666.875,49.68367973668909,82881544192.0,0.0003,exported_float_payload,False
te_f0l4_seed42,TE F0L4,19770,2.465649127960205,2.784268617630005,0.04865095019340515,19305.653592063292,617773.125,49.69228036135189,82923487232.0,0.0003,exported_float_payload,False
te_f0l4_seed42,TE F0L4,19780,2.520479440689087,3.0191755294799805,0.06433087587356567,19303.60509430488,617707.875,49.68700757820341,82965430272.0,0.0003,exported_float_payload,False
te_f0l4_seed42,TE F0L4,19790,2.486708641052246,3.0862159729003906,0.06773639470338821,18515.599306735166,592492,47.65869994616447,83007373312.0,0.0003,exported_float_payload,False
te_f0l4_seed42,TE F0L4,19800,2.491759777069092,2.8516623973846436,0.05049506202340126,19257.293087993025,616225.875,49.56780160619263,83049316352.0,0.0003,exported_float_payload,False
te_f0l4_seed42,TE F0L4,19810,2.5087921619415283,2.867558479309082,0.06470484286546707,19307.763555353857,617840.9375,49.69771135527743,83091259392.0,0.0003,exported_float_payload,False
te_f0l4_seed42,TE F0L4,19820,2.4486563205718994,2.817491054534912,0.06430049985647202,19313.297554390276,618017.6875,49.71195573350196,83133202432.0,0.0003,exported_float_payload,False
te_f0l4_seed42,TE F0L4,19830,2.4720752239227295,2.844766616821289,0.060084063559770584,18373.8764482231,587957,47.29390877319486,83175145472.0,0.0003,exported_float_payload,False
te_f0l4_seed42,TE F0L4,19840,2.497441291809082,2.872246503829956,0.056788649410009384,18404.312885343395,588931.75,47.37225141823247,83217088512.0,0.0003,exported_float_payload,False
te_f0l4_seed42,TE F0L4,19850,2.4820749759674072,2.9199657440185547,0.060136403888463974,18605.01854195681,595353.5625,47.88886287150352,83259031552.0,0.0003,exported_float_payload,False
te_f0l4_seed42,TE F0L4,19860,2.4897267818450928,2.885678291320801,0.058938395231962204,19313.642563109363,618028.6875,49.712843777510116,83300974592.0,0.0003,exported_float_payload,False
te_f0l4_seed42,TE F0L4,19870,2.4828641414642334,2.825491428375244,0.048757683485746384,19311.68324805395,617965.875,49.70780054845881,83342917632.0,0.0003,exported_float_payload,False
te_f0l4_seed42,TE F0L4,19880,2.525514841079712,3.2867956161499023,0.05936094745993614,19321.4476280974,618278.75,49.7329338239711,83384860672.0,0.0003,exported_float_payload,False
te_f0l4_seed42,TE F0L4,19890,2.4932377338409424,2.877593994140625,0.050929032266139984,19299.08408137162,617563.625,49.67537060144293,83426803712.0,0.0003,exported_float_payload,False
te_f0l4_seed42,TE F0L4,19900,2.4955129623413086,2.8852081298828125,0.06137750670313835,18203.289351350588,582498.625,46.85482175635835,83468746752.0,0.0003,exported_float_payload,False
te_f0l4_seed42,TE F0L4,19910,2.458092212677002,2.788759231567383,0.0591251477599144,19327.175000844996,618462.1875,49.747675941400594,83510689792.0,0.0003,exported_float_payload,False
te_f0l4_seed42,TE F0L4,19920,2.470792055130005,2.911777973175049,0.054402440786361694,19314.972003999053,618071.625,49.716265725858015,83552632832.0,0.0003,exported_float_payload,False
te_f0l4_seed42,TE F0L4,19930,2.511914014816284,3.0714588165283203,0.06012752279639244,18511.192098204785,592351.4375,47.647355899154704,83594575872.0,0.0003,exported_float_payload,False
te_f0l4_seed42,TE F0L4,19940,2.4622247219085693,2.8649966716766357,0.061740942299366,19316.9056493675,618133,49.721242881762635,83636518912.0,0.0003,exported_float_payload,False
te_f0l4_seed42,TE F0L4,19950,2.5028634071350098,3.0489745140075684,0.05314509570598602,19247.66488934,615917.8125,49.54301885824995,83678461952.0,0.0003,exported_float_payload,False
te_f0l4_seed42,TE F0L4,19960,2.47727370262146,2.8249497413635254,0.06304985284805298,19332.78343104343,618640.5625,49.76211190361647,83720404992.0,0.0003,exported_float_payload,False
te_f0l4_seed42,TE F0L4,19970,2.5030622482299805,2.9017653465270996,0.06642834097146988,19310.62868520363,617932,49.70508612946404,83762348032.0,0.0003,exported_float_payload,False
te_f0l4_seed42,TE F0L4,19980,2.499375104904175,2.951178550720215,0.06683658808469772,19308.21734191763,617854.875,49.6988793907984,83804291072.0,0.0003,exported_float_payload,False
te_f0l4_seed42,TE F0L4,19990,2.480794906616211,2.820159912109375,0.06865517050027847,19332.966145445436,618647.875,49.762582206020234,83846234112.0,0.0003,exported_float_payload,False
te_f0l4_seed42,TE F0L4,20000,2.4759225845336914,3.4325921535491943,0.05499308928847313,19263.028551017163,616409.875,49.58256454779616,83888177152.0,0.0003,exported_float_payload,False
te_f0l4_seed42,TE F0L4,20010,2.4871058464050293,2.9126944541931152,0.054522231221199036,17407.37031032102,557029.875,44.80614560337696,83930120192.0,0.0003,exported_float_payload,False
te_f0l4_seed42,TE F0L4,20020,2.495302677154541,2.936331033706665,0.06126170977950096,18578.40151200478,594501.0625,47.82035128714014,83972063232.0,0.0003,exported_float_payload,False
te_f0l4_seed42,TE F0L4,20030,2.475571632385254,2.9099433422088623,0.05423076078295708,18806.37263442414,601795.25,48.40714338280957,84014006272.0,0.0003,exported_float_payload,False
te_f0l4_seed42,TE F0L4,20040,2.490506649017334,2.9759268760681152,0.058286309242248535,19287.36762015336,617186.875,49.64521271671117,84055949312.0,0.0003,exported_float_payload,False
te_f0l4_seed42,TE F0L4,20050,2.472686767578125,3.0711541175842285,0.05492313578724861,19247.58520136493,615914.25,49.54281374335033,84097892352.0,0.0003,exported_float_payload,False
te_f0l4_seed42,TE F0L4,20060,2.468047857284546,2.8425021171569824,0.049349747598171234,19314.110951336967,618043.375,49.71404939735682,84139835392.0,0.0003,exported_float_payload,False
te_f0l4_seed42,TE F0L4,20070,2.479618549346924,3.0460205078125,0.06009570136666298,19322.7625749191,618319.75,49.73631846494233,84181778432.0,0.0003,exported_float_payload,False
te_f0l4_seed42,TE F0L4,20080,2.4887003898620605,2.9340157508850098,0.06690754741430283,19310.58026967644,617927.8125,49.704961509080725,84223721472.0,0.0003,exported_float_payload,False
te_f0l4_seed42,TE F0L4,20090,2.545379161834717,3.19759202003479,0.059041351079940796,19325.77999904813,618415.625,49.744085240880466,84265664512.0,0.0003,exported_float_payload,False
te_f0l4_seed42,TE F0L4,20100,2.4755077362060547,2.813127279281616,0.05994460731744766,19274.62275800852,616779.375,49.61240775313674,84307607552.0,0.0003,exported_float_payload,False
te_f0l4_seed42,TE F0L4,20110,2.5130512714385986,2.8592886924743652,0.07619290798902512,18487.474133921634,591591.375,47.58630643894666,84349550592.0,0.0003,exported_float_payload,False
te_f0l4_seed42,TE F0L4,20120,2.474679708480835,2.8189940452575684,0.0662701278924942,18447.80452666363,590321.8125,47.484197839707114,84391493632.0,0.0003,exported_float_payload,False
te_f0l4_seed42,TE F0L4,20130,2.442389965057373,2.889942169189453,0.0554809644818306,19321.55436239493,618282.3125,49.7332085554435,84433436672.0,0.0003,exported_float_payload,False
te_f0l4_seed42,TE F0L4,20140,2.4779562950134277,2.8944482803344727,0.07444332540035248,18708.150658973114,598653.375,48.15432241932949,84475379712.0,0.0003,exported_float_payload,False
te_f0l4_seed42,TE F0L4,20150,2.4727113246917725,2.857692241668701,0.07879380136728287,18602.81395637304,595283.4375,47.8831883221086,84517322752.0,0.0003,exported_float_payload,False
te_f0l4_seed42,TE F0L4,20160,2.4699182510375977,2.766066551208496,0.06592904776334763,17612.68978082931,563600.4375,45.33463290081488,84559265792.0,0.0003,exported_float_payload,False
te_f0l4_seed42,TE F0L4,20170,2.470339298248291,2.8409583568573,0.07518783211708069,19307.06357247557,617818.5,49.6959096164619,84601208832.0,0.0003,exported_float_payload,False
te_f0l4_seed42,TE F0L4,20180,2.4547691345214844,2.8549692630767822,0.06301341950893402,19319.19527379083,618206.5,49.72713631905154,84643151872.0,0.0003,exported_float_payload,False
te_f0l4_seed42,TE F0L4,20190,2.48909854888916,2.848353862762451,0.05133763328194618,19307.462246065537,617831.5,49.696935792535704,84685094912.0,0.0003,exported_float_payload,False
te_f0l4_seed42,TE F0L4,20200,2.467954635620117,2.8408470153808594,0.06497428566217422,19266.98043606586,616536.4375,49.59273660329582,84727037952.0,0.0003,exported_float_payload,False
te_f0l4_seed42,TE F0L4,20210,2.6149513721466064,5.26368522644043,0.07572618126869202,17807.930609149862,569847.3125,45.837178019664215,84768980992.0,0.0003,exported_float_payload,False
te_f0l4_seed42,TE F0L4,20220,2.46744441986084,2.876336097717285,0.07052052021026611,19310.51650453453,617928.875,49.70479737916438,84810924032.0,0.0003,exported_float_payload,False
te_f0l4_seed42,TE F0L4,20230,2.445918560028076,2.9032962322235107,0.05392318218946457,19310.453971333154,617927.5,49.704636420232845,84852867072.0,0.0003,exported_float_payload,False
te_f0l4_seed42,TE F0L4,20240,2.4469659328460693,2.9425578117370605,0.04959172382950783,18581.547873457348,594602.375,47.8284499445968,84894810112.0,0.0003,exported_float_payload,False
te_f0l4_seed42,TE F0L4,20250,2.510946273803711,2.8443171977996826,0.06258853524923325,19275.18140258175,616798.1875,49.613845690610496,84936753152.0,0.0003,exported_float_payload,False
te_f0l4_seed42,TE F0L4,20260,2.426142692565918,2.861454963684082,0.057122644037008286,19320.446863620375,618246.5625,49.73035788067392,84978696192.0,0.0003,exported_float_payload,False
te_f0l4_seed42,TE F0L4,20270,2.449932098388672,2.911686897277832,0.04894355311989784,19315.87602505547,618100.3125,49.71859265395572,85020639232.0,0.0003,exported_float_payload,False
te_f0l4_seed42,TE F0L4,20280,2.4792404174804688,2.917773962020874,0.06100011616945267,19316.60964008194,618123.9375,49.72048096109843,85062582272.0,0.0003,exported_float_payload,False
te_f0l4_seed42,TE F0L4,20290,2.4966633319854736,2.8599565029144287,0.06464883685112,19322.08009992013,618300.0625,49.73456179098013,85104525312.0,0.0003,exported_float_payload,False
te_f0l4_seed42,TE F0L4,20300,2.501276969909668,3.2103705406188965,0.05402917042374611,19290.99268982359,617303.625,49.65454355741664,85146468352.0,0.0003,exported_float_payload,False
te_f0l4_seed42,TE F0L4,20310,2.4781789779663086,3.1055407524108887,0.0600639283657074,19287.2616449022,617184.875,49.64493993900557,85188411392.0,0.0003,exported_float_payload,False
te_f0l4_seed42,TE F0L4,20320,2.4691596031188965,2.8135294914245605,0.060907032340765,19307.533371295376,617833.3125,49.69711886713844,85230354432.0,0.0003,exported_float_payload,False
te_f0l4_seed42,TE F0L4,20330,2.465620279312134,2.906254529953003,0.054922543466091156,19309.117240718144,617884.625,49.7011957083102,85272297472.0,0.0003,exported_float_payload,False
te_f0l4_seed42,TE F0L4,20340,2.4749350547790527,3.132201671600342,0.06135844811797142,19303.92478374713,617718.375,49.687830451012005,85314240512.0,0.0003,exported_float_payload,False
te_f0l4_seed42,TE F0L4,20350,2.487353801727295,2.9662346839904785,0.05723601579666138,18559.278855112643,593890.25,47.77113003581049,85356183552.0,0.0003,exported_float_payload,False
te_f0l4_seed42,TE F0L4,20360,2.496011972427368,2.8520474433898926,0.05223129317164421,19316.25052748368,618112,49.7195566140501,85398126592.0,0.0003,exported_float_payload,False
te_f0l4_seed42,TE F0L4,20370,2.4612836837768555,2.8394875526428223,0.06340482831001282,19300.219122952512,617598.8125,49.67829217072265,85440069632.0,0.0003,exported_float_payload,False
te_f0l4_seed42,TE F0L4,20380,2.471848726272583,2.9417576789855957,0.054323386400938034,19317.184465588747,618140.3125,49.72196054789962,85482012672.0,0.0003,exported_float_payload,False
te_f0l4_seed42,TE F0L4,20390,2.478583335876465,2.854102611541748,0.05546202138066292,19312.500265321323,617992.5,49.7099035309306,85523955712.0,0.0003,exported_float_payload,False
te_f0l4_seed42,TE F0L4,20400,2.4761366844177246,2.8153560161590576,0.0637466162443161,19280.30165848532,616960.8125,49.627025104126275,85565898752.0,0.0003,exported_float_payload,False
te_f0l4_seed42,TE F0L4,20410,2.469433307647705,2.9484903812408447,0.05894148349761963,19303.965573105776,617716.4375,49.68793544182394,85607841792.0,0.0003,exported_float_payload,False
te_f0l4_seed42,TE F0L4,20420,2.4900546073913574,2.8986921310424805,0.06057652831077576,17135.821807775435,548339.1875,44.10718639664242,85649784832.0,0.0003,exported_float_payload,False
te_f0l4_seed42,TE F0L4,20430,2.4538259506225586,2.856010913848877,0.06613636761903763,18793.21023474829,601375.5625,48.37326368783828,85691727872.0,0.0003,exported_float_payload,False
te_f0l4_seed42,TE F0L4,20440,2.5184555053710938,2.8398590087890625,0.0631307065486908,18898.76511258516,604751.75,48.644959362784725,85733670912.0,0.0003,exported_float_payload,False
te_f0l4_seed42,TE F0L4,20450,2.4779438972473145,3.2102272510528564,0.06094467639923096,19283.09762002322,617050.9375,49.63422184076916,85775613952.0,0.0003,exported_float_payload,False
te_f0l4_seed42,TE F0L4,20460,2.4973230361938477,2.9772138595581055,0.06122038513422012,19325.97903695375,618423.9375,49.74459755958346,85817556992.0,0.0003,exported_float_payload,False
te_f0l4_seed42,TE F0L4,20470,2.462787389755249,2.9482083320617676,0.06852290034294128,18652.157633333005,596862.25,48.01019774024934,85859500032.0,0.0003,exported_float_payload,False
te_f0l4_seed42,TE F0L4,20480,2.400296449661255,2.869965076446533,0.05992160737514496,19340.042269781276,618873.3125,49.7807959770636,85901443072.0,0.0003,exported_float_payload,False
te_f0l4_seed42,TE F0L4,20490,2.4949092864990234,2.920097827911377,0.06314806640148163,18696.068545182075,598266.1875,48.12322335381487,85943386112.0,0.0003,exported_float_payload,False
te_f0l4_seed42,TE F0L4,20500,2.461223602294922,2.811924695968628,0.0788700059056282,18691.0705308485,598107,48.110358587111705,85985329152.0,0.0003,exported_float_payload,False
te_f0l4_seed42,TE F0L4,20510,2.4659006595611572,2.853520393371582,0.0563821904361248,18187.03348737436,581978.875,46.8129795599069,86027272192.0,0.0003,exported_float_payload,False
te_f0l4_seed42,TE F0L4,20520,2.4606690406799316,2.865866184234619,0.05588396638631821,19335.144187830152,618717.125,49.76818843386971,86069215232.0,0.0003,exported_float_payload,False
te_f0l4_seed42,TE F0L4,20530,2.4955625534057617,2.850029945373535,0.060620710253715515,18725.505749045944,599208.0625,48.19899399687971,86111158272.0,0.0003,exported_float_payload,False
te_f0l4_seed42,TE F0L4,20540,2.468191623687744,2.887877941131592,0.057890284806489944,19308.537356070297,617864.1875,49.69970309940366,86153101312.0,0.0003,exported_float_payload,False
te_f0l4_seed42,TE F0L4,20550,2.4701976776123047,3.0654425621032715,0.0475660040974617,18714.223436545726,598842.8125,48.169953600334125,86195044352.0,0.0003,exported_float_payload,False
te_f0l4_seed42,TE F0L4,20560,2.453535556793213,2.8297159671783447,0.058616526424884796,19307.930839447166,617846.6875,49.69814194044384,86236987392.0,0.0003,exported_float_payload,False
te_f0l4_seed42,TE F0L4,20570,2.4992527961730957,2.9244112968444824,0.058558929711580276,19022.483736278577,608712.125,48.96340807549868,86278930432.0,0.0003,exported_float_payload,False
te_f0l4_seed42,TE F0L4,20580,2.470714807510376,2.8657140731811523,0.09010311961174011,18362.644610073046,587598.125,47.2649982963926,86320873472.0,0.0003,exported_float_payload,False
te_f0l4_seed42,TE F0L4,20590,2.4962456226348877,3.1732099056243896,0.05803427845239639,19310.43875169309,617926.75,49.70459724525141,86362816512.0,0.0003,exported_float_payload,False
te_f0l4_seed42,TE F0L4,20600,2.48148250579834,2.8984036445617676,0.42025768756866455,18682.005140576894,597816.6875,48.08702449418325,86404759552.0,0.0003,exported_float_payload,False
te_f0l4_seed42,TE F0L4,20610,2.443181037902832,2.82928466796875,0.07455908507108688,18906.57944795707,605003.6875,48.66507327098715,86446702592.0,0.0003,exported_float_payload,False
te_f0l4_seed42,TE F0L4,20620,2.428800106048584,2.8262526988983154,0.05388006195425987,19308.200287696265,617854.0625,49.69883549364955,86488645632.0,0.0003,exported_float_payload,False
te_f0l4_seed42,TE F0L4,20630,2.4594063758850098,2.7829976081848145,0.050016894936561584,19312.872564377136,618019.25,49.71086181959829,86530588672.0,0.0003,exported_float_payload,False
te_f0l4_seed42,TE F0L4,20640,2.463779926300049,2.9018635749816895,0.0548398531973362,19318.522187736147,618184.8125,49.7254038120024,86572531712.0,0.0003,exported_float_payload,False
te_f0l4_seed42,TE F0L4,20650,2.469614267349243,2.7692956924438477,0.05617506802082062,19286.64175007118,617164.8125,49.64334434486572,86614474752.0,0.0003,exported_float_payload,False
te_f0l4_seed42,TE F0L4,20660,2.487938642501831,3.0499978065490723,0.04858087748289108,18929.81726382232,605747.3125,48.72488684090618,86656417792.0,0.0003,exported_float_payload,False
te_f0l4_seed42,TE F0L4,20670,2.4918675422668457,2.8783583641052246,0.05928398296236992,19251.138142120402,616028.5,49.55195892599262,86698360832.0,0.0003,exported_float_payload,False
te_f0l4_seed42,TE F0L4,20680,2.4807724952697754,2.814040422439575,0.05519053712487221,19305.177464081098,617758.25,49.6910548195661,86740303872.0,0.0003,exported_float_payload,False
te_f0l4_seed42,TE F0L4,20690,2.446455478668213,2.7941336631774902,0.05180108919739723,19316.471309824567,618119.8125,49.72012490239785,86782246912.0,0.0003,exported_float_payload,False
te_f0l4_seed42,TE F0L4,20700,2.4911179542541504,2.8848774433135986,0.06381401419639587,18409.117073276262,589084.375,47.38461728051889,86824189952.0,0.0003,exported_float_payload,False
te_f0l4_seed42,TE F0L4,20710,2.4855470657348633,2.933974504470825,0.09404606372117996,19299.05710456238,617561.0625,49.675301163795474,86866132992.0,0.0003,exported_float_payload,False
te_f0l4_seed42,TE F0L4,20720,2.4741246700286865,2.888998508453369,0.06797417998313904,18897.99456852756,604728.125,48.64297600121873,86908076032.0,0.0003,exported_float_payload,False
te_f0l4_seed42,TE F0L4,20730,2.464550256729126,2.8134419918060303,0.05542491376399994,19330.989200997068,618583.4375,49.75749359934247,86950019072.0,0.0003,exported_float_payload,False
te_f0l4_seed42,TE F0L4,20740,2.4891245365142822,2.8244669437408447,0.056600421667099,19321.164200487332,618269.8125,49.73220428823202,86991962112.0,0.0003,exported_float_payload,False
te_f0l4_seed42,TE F0L4,20750,2.5400469303131104,4.041966915130615,0.056077297776937485,19286.290787422702,617154.0625,49.64244097558886,87033905152.0,0.0003,exported_float_payload,False
te_f0l4_seed42,TE F0L4,20760,2.4759864807128906,2.813197612762451,0.06439626216888428,19316.327696153072,618114.6875,49.71975524431849,87075848192.0,0.0003,exported_float_payload,False
te_f0l4_seed42,TE F0L4,20770,2.48022723197937,2.974175453186035,0.06960060447454453,19337.21042979629,618783.6875,49.773506890175064,87117791232.0,0.0003,exported_float_payload,False
te_f0l4_seed42,TE F0L4,20780,2.503145456314087,2.859095573425293,0.07663494348526001,19320.916161234487,618261.875,49.731565841259254,87159734272.0,0.0003,exported_float_payload,False
te_f0l4_seed42,TE F0L4,20790,2.489654064178467,2.8591673374176025,0.0484355203807354,19317.699485042835,618159.375,49.723286195383245,87201677312.0,0.0003,exported_float_payload,False
te_f0l4_seed42,TE F0L4,20800,2.4775314331054688,2.989982843399048,0.04907863587141037,15466.117801574146,494918.40625,39.80940910560384,87243620352.0,0.0003,exported_float_payload,False
te_f0l4_seed42,TE F0L4,20810,2.470405101776123,2.823305130004883,0.07946746796369553,19320.569159562885,618250.875,49.73067266744005,87285563392.0,0.0003,exported_float_payload,False
te_f0l4_seed42,TE F0L4,20820,2.4593231678009033,2.823462963104248,0.059077855199575424,19295.263000669536,617438,49.66553523313355,87327506432.0,0.0003,exported_float_payload,False
te_f0l4_seed42,TE F0L4,20830,2.473684310913086,2.9253430366516113,0.055650003254413605,19316.084235728682,618103.75,49.719128583138236,87369449472.0,0.0003,exported_float_payload,False
te_f0l4_seed42,TE F0L4,20840,2.4738104343414307,2.8130736351013184,0.060488175600767136,19327.232235567975,618464.5,49.74782326217827,87411392512.0,0.0003,exported_float_payload,False
te_f0l4_seed42,TE F0L4,20850,2.4683241844177246,2.8854188919067383,0.0581585131585598,18698.82626685252,598355.0625,48.13032166197382,87453335552.0,0.0003,exported_float_payload,False
te_f0l4_seed42,TE F0L4,20860,2.463798999786377,2.8759422302246094,0.06040170416235924,19326.817085352166,618450.8125,49.74675467567237,87495278592.0,0.0003,exported_float_payload,False
te_f0l4_seed42,TE F0L4,20870,2.461215019226074,2.817598342895508,0.04782332479953766,18656.32427046478,596995.625,48.020922562360575,87537221632.0,0.0003,exported_float_payload,False
te_f0l4_seed42,TE F0L4,20880,2.444880962371826,2.889904499053955,0.06156747788190842,19318.829333280748,618195,49.726194397125106,87579164672.0,0.0003,exported_float_payload,False
te_f0l4_seed42,TE F0L4,20890,2.477729558944702,2.917854070663452,0.06274913251399994,19332.92998083792,618646.1875,49.76248911920463,87621107712.0,0.0003,exported_float_payload,False
te_f0l4_seed42,TE F0L4,20900,2.462826728820801,2.811793804168701,0.06266094744205475,19272.529030176247,616713.0625,49.607018548883936,87663050752.0,0.0003,exported_float_payload,False
te_f0l4_seed42,TE F0L4,20910,2.4538211822509766,2.7942349910736084,0.0606035515666008,18836.428930222588,602758.5,48.48450755337846,87704993792.0,0.0003,exported_float_payload,False
te_f0l4_seed42,TE F0L4,20920,2.517106056213379,2.862267017364502,0.06463351845741272,19326.857745650006,618451.8125,49.74685933428495,87746936832.0,0.0003,exported_float_payload,False
te_f0l4_seed42,TE F0L4,20930,2.486391067504883,3.008449077606201,0.06214822828769684,19305.45843140883,617766.6875,49.6917780225986,87788879872.0,0.0003,exported_float_payload,False
te_f0l4_seed42,TE F0L4,20940,2.47125244140625,2.874845027923584,0.06480064988136292,19326.021460653512,618425.25,49.744706757149466,87830822912.0,0.0003,exported_float_payload,False
te_f0l4_seed42,TE F0L4,20950,2.481701612472534,2.9387271404266357,0.06262630969285965,19273.47825154239,616743.625,49.60946182147382,87872765952.0,0.0003,exported_float_payload,False
te_f0l4_seed42,TE F0L4,20960,2.507497787475586,2.9608986377716064,0.0500701442360878,19326.160527238993,618429.5625,49.7450647111406,87914708992.0,0.0003,exported_float_payload,False
te_f0l4_seed42,TE F0L4,20970,2.446420907974243,2.865934371948242,0.049820125102996826,19318.932228408008,618198.875,49.72645924666709,87956652032.0,0.0003,exported_float_payload,False
te_f0l4_seed42,TE F0L4,20980,2.502202272415161,2.915585994720459,0.05556926876306534,18035.176361655544,577119.375,46.42210303090968,87998595072.0,0.0003,exported_float_payload,False
te_f0l4_seed42,TE F0L4,20990,2.4242401123046875,2.8258790969848633,0.06002845615148544,19330.311359219177,618561.5625,49.75574885117805,88040538112.0,0.0003,exported_float_payload,False
te_f0l4_seed42,TE F0L4,21000,2.5103344917297363,2.9406661987304688,0.07555787265300751,19284.924684861227,617110.375,49.63892466099411,88082481152.0,0.0003,exported_float_payload,False
te_f0l4_seed42,TE F0L4,21010,2.4709367752075195,2.8907809257507324,0.05110356956720352,16797.79998195986,537524.375,43.23712648095072,88124424192.0,0.0003,exported_float_payload,False
te_f0l4_seed42,TE F0L4,21020,2.4572649002075195,2.848841428756714,0.05264417082071304,19004.037965348205,608114.1875,48.915929112086104,88166367232.0,0.0003,exported_float_payload,False
te_f0l4_seed42,TE F0L4,21030,2.505136013031006,3.0544273853302,0.05417894199490547,18639.463072972532,596455.8125,47.97752225223809,88208310272.0,0.0003,exported_float_payload,False
te_f0l4_seed42,TE F0L4,21040,2.5013766288757324,2.8551249504089355,0.05931481346487999,18665.14283204673,597276.875,48.04362132427633,88250253312.0,0.0003,exported_float_payload,False
te_f0l4_seed42,TE F0L4,21050,2.4902327060699463,2.9958982467651367,0.0667145699262619,19286.195485785454,617149.6875,49.642195671504524,88292196352.0,0.0003,exported_float_payload,False
te_f0l4_seed42,TE F0L4,21060,2.486593723297119,2.8534159660339355,0.05923880264163017,18709.145560422152,598684.4375,48.15688327133596,88334139392.0,0.0003,exported_float_payload,False
te_f0l4_seed42,TE F0L4,21070,2.530494213104248,2.8851873874664307,0.06687358021736145,19321.903520299293,618291.9375,49.73410727935312,88376082432.0,0.0003,exported_float_payload,False
te_f0l4_seed42,TE F0L4,21080,2.4887075424194336,2.927673816680908,0.06757254898548126,19334.693191300943,618701.75,49.76702757982949,88418025472.0,0.0003,exported_float_payload,False
te_f0l4_seed42,TE F0L4,21090,2.486981153488159,2.9096906185150146,0.055967677384614944,18914.37749022593,605252.625,48.68514524114066,88459968512.0,0.0003,exported_float_payload,False
te_f0l4_seed42,TE F0L4,21100,2.459371566772461,2.889317750930786,0.051052313297986984,17209.235561981797,550690,44.29615160515013,88501911552.0,0.0003,exported_float_payload,False
te_f0l4_seed42,TE F0L4,21110,2.4849963188171387,3.019596576690674,0.056532129645347595,18785.823241041013,601138.375,48.354249746632966,88543854592.0,0.0003,exported_float_payload,False
te_f0l4_seed42,TE F0L4,21120,2.4562253952026367,2.91005277633667,0.05346400663256645,18931.970040308683,605816.875,48.730428034951004,88585797632.0,0.0003,exported_float_payload,False
te_f0l4_seed42,TE F0L4,21130,2.443678617477417,2.873898506164551,0.06458047032356262,18644.38068759282,596613.5,47.99018007204487,88627740672.0,0.0003,exported_float_payload,False
te_f0l4_seed42,TE F0L4,21140,2.463179588317871,2.881131649017334,0.060867030173540115,19330.00194169393,618552.875,49.7549524180327,88669683712.0,0.0003,exported_float_payload,False
te_f0l4_seed42,TE F0L4,21150,2.491286039352417,2.9649085998535156,0.05327673628926277,17899.483576106242,572777.625,46.072833118323004,88711626752.0,0.0003,exported_float_payload,False
te_f0l4_seed42,TE F0L4,21160,2.473139524459839,2.8163280487060547,0.05358586460351944,19352.703571381175,619277.75,49.81338585783823,88753569792.0,0.0003,exported_float_payload,False
te_f0l4_seed42,TE F0L4,21170,2.521357536315918,3.5207200050354004,0.060786958783864975,19312.031932156282,617977.875,49.70869805281359,88795512832.0,0.0003,exported_float_payload,False
te_f0l4_seed42,TE F0L4,21180,2.4593422412872314,2.8380346298217773,0.06767507642507553,19316.20844121308,618111.9375,49.719448285018494,88837455872.0,0.0003,exported_float_payload,False
te_f0l4_seed42,TE F0L4,21190,2.483267307281494,2.8115506172180176,0.050076741725206375,19319.249417580668,618208.5,49.72727568384288,88879398912.0,0.0003,exported_float_payload,False
te_f0l4_seed42,TE F0L4,21200,2.4609501361846924,2.9222829341888428,0.06209040805697441,18060.518349400925,577930.125,46.48733268780538,88921341952.0,0.0003,exported_float_payload,False
te_f0l4_seed42,TE F0L4,21210,2.456779956817627,2.8927464485168457,0.05518980696797371,18800.47467386385,601607.875,48.39196217652073,88963284992.0,0.0003,exported_float_payload,False
te_f0l4_seed42,TE F0L4,21220,2.461374044418335,2.874535083770752,0.06273868680000305,18633.081881923852,596251.25,47.961097222486146,89005228032.0,0.0003,exported_float_payload,False
te_f0l4_seed42,TE F0L4,21230,2.4761457443237305,2.946441888809204,0.06599271297454834,18722.04579197434,599098.5625,48.19008815196643,89047171072.0,0.0003,exported_float_payload,False
te_f0l4_seed42,TE F0L4,21240,2.4744598865509033,2.784203052520752,0.06520655006170273,19342.254087224115,618944.9375,49.786489141086946,89089114112.0,0.0003,exported_float_payload,False
te_f0l4_seed42,TE F0L4,21250,2.5032174587249756,3.0358357429504395,0.05091298744082451,19252.0298790914,616056.9375,49.55425423515477,89131057152.0,0.0003,exported_float_payload,False
te_f0l4_seed42,TE F0L4,21260,2.4745965003967285,2.8809618949890137,0.062424443662166595,19318.630873801245,618189.625,49.7256835672768,89173000192.0,0.0003,exported_float_payload,False
te_f0l4_seed42,TE F0L4,21270,2.4763541221618652,3.049578905105591,0.05915934592485428,19313.048181236547,618010.5,49.71131385310093,89214943232.0,0.0003,exported_float_payload,False
te_f0l4_seed42,TE F0L4,21280,2.457331657409668,2.812861680984497,0.060119736939668655,19214.39700145609,614853.0625,49.45738812817008,89256886272.0,0.0003,exported_float_payload,False
te_f0l4_seed42,TE F0L4,21290,2.5374717712402344,3.2239503860473633,0.06778734177350998,19316.24792510583,618112.5,49.71954991559313,89298829312.0,0.0003,exported_float_payload,False
te_f0l4_seed42,TE F0L4,21300,2.4705233573913574,3.0305187702178955,0.05624653026461601,19277.085651461242,616858.0625,49.618747180671235,89340772352.0,0.0003,exported_float_payload,False
te_f0l4_seed42,TE F0L4,21310,2.4115874767303467,2.8403103351593018,0.17764635384082794,19314.77179050139,618065.125,49.715750381209844,89382715392.0,0.0003,exported_float_payload,False
te_f0l4_seed42,TE F0L4,21320,2.4922034740448,2.8671975135803223,0.06721742451190948,17924.817469458576,573587.625,46.13804194044888,89424658432.0,0.0003,exported_float_payload,False
te_f0l4_seed42,TE F0L4,21330,2.459414482116699,2.8088204860687256,0.06544468551874161,19305.64595397942,617772.4375,49.69226070111074,89466601472.0,0.0003,exported_float_payload,False
te_f0l4_seed42,TE F0L4,21340,2.4733777046203613,2.9314980506896973,0.06345850229263306,19303.948232755225,617719.375,49.68789080818556,89508544512.0,0.0003,exported_float_payload,False
te_f0l4_seed42,TE F0L4,21350,2.4628963470458984,2.897158145904541,0.05080273002386093,19278.640438521266,616909.25,49.622749164552296,89550487552.0,0.0003,exported_float_payload,False
te_f0l4_seed42,TE F0L4,21360,2.4646964073181152,2.8411498069763184,0.058005839586257935,19295.918655572383,617461.5,49.66722287282402,89592430592.0,0.0003,exported_float_payload,False
te_f0l4_seed42,TE F0L4,21370,2.4755635261535645,2.8282392024993896,0.056630585342645645,19303.88174396002,617715,49.68771966765222,89634373632.0,0.0003,exported_float_payload,False
te_f0l4_seed42,TE F0L4,21380,2.5527305603027344,4.923203468322754,0.06919404864311218,18263.636125570254,584428.625,47.01015287784183,89676316672.0,0.0003,exported_float_payload,False
te_f0l4_seed42,TE F0L4,21390,2.4698646068573,2.838430404663086,0.06418242305517197,18667.509690301667,597353.375,48.04971355955958,89718259712.0,0.0003,exported_float_payload,False
te_f0l4_seed42,TE F0L4,21400,2.4766435623168945,2.925774574279785,0.06804444640874863,19291.493108143408,617320.375,49.65583162193762,89760202752.0,0.0003,exported_float_payload,False
te_f0l4_seed42,TE F0L4,21410,2.472036838531494,2.850616216659546,0.07055309414863586,19301.26667215783,617633.125,49.680988536766655,89802145792.0,0.0003,exported_float_payload,False
te_f0l4_seed42,TE F0L4,21420,2.4810190200805664,2.88173246383667,0.05333549529314041,19309.484693061087,617895.5625,49.70214152165747,89844088832.0,0.0003,exported_float_payload,False
te_f0l4_seed42,TE F0L4,21430,2.473557472229004,2.8494250774383545,0.071290023624897,19314.974793975503,618071.0625,49.716272907189186,89886031872.0,0.0003,exported_float_payload,False
te_f0l4_seed42,TE F0L4,21440,2.507978916168213,2.862565755844116,0.05951103940606117,18142.247062704213,580544.5625,46.697700397744455,89927974912.0,0.0003,exported_float_payload,False
te_f0l4_seed42,TE F0L4,21450,2.4403598308563232,2.7312185764312744,0.06272928416728973,18737.35475522568,599587.8125,48.22949304910184,89969917952.0,0.0003,exported_float_payload,False
te_f0l4_seed42,TE F0L4,21460,2.4707541465759277,2.813159942626953,0.0629560649394989,19323.312470954443,618338.8125,49.73773388389345,90011860992.0,0.0003,exported_float_payload,False
te_f0l4_seed42,TE F0L4,21470,2.4863853454589844,2.8842859268188477,0.05648944526910782,14820.982337499587,474266.75,38.14884619334775,90053804032.0,0.0003,exported_float_payload,False
te_f0l4_seed42,TE F0L4,21480,2.5017447471618652,2.7933716773986816,0.05931505188345909,18671.832500251647,597491.9375,48.06084036668677,90095747072.0,0.0003,exported_float_payload,False
te_f0l4_seed42,TE F0L4,21490,2.487044334411621,2.823385238647461,0.06003813445568085,19342.286876109785,618945.0625,49.78657353887704,90137690112.0,0.0003,exported_float_payload,False
te_f0l4_seed42,TE F0L4,21500,2.4948692321777344,3.0378150939941406,0.06446190923452377,19256.878042216707,616211.875,49.56673328851143,90179633152.0,0.0003,exported_float_payload,False
te_f0l4_seed42,TE F0L4,21510,2.4742002487182617,2.8810129165649414,0.05993782356381416,19307.093755610385,617819.5,49.69598730711299,90221576192.0,0.0003,exported_float_payload,False
te_f0l4_seed42,TE F0L4,21520,2.4431121349334717,2.9506444931030273,0.053041547536849976,18747.862247107805,599924.5625,48.25653907631928,90263519232.0,0.0003,exported_float_payload,False
te_f0l4_seed42,TE F0L4,21530,2.4669008255004883,2.85042142868042,0.05242999270558357,18717.673805983,598959.1875,48.17883476691103,90305462272.0,0.0003,exported_float_payload,False
te_f0l4_seed42,TE F0L4,21540,2.4374005794525146,2.8190879821777344,0.06345414370298386,18420.933821553193,589462.625,47.41503330168785,90347405312.0,0.0003,exported_float_payload,False
te_f0l4_seed42,TE F0L4,21550,2.455716609954834,3.03208065032959,0.07064101845026016,19288.962544109396,617239.5625,49.64931801198131,90389348352.0,0.0003,exported_float_payload,False
te_f0l4_seed42,TE F0L4,21560,2.4947474002838135,3.061772584915161,0.056162573397159576,19313.597131695762,618027.875,49.71272683816222,90431291392.0,0.0003,exported_float_payload,False
te_f0l4_seed42,TE F0L4,21570,2.4948720932006836,2.918187141418457,0.05293700471520424,18596.297001098712,595074.125,47.866413838559005,90473234432.0,0.0003,exported_float_payload,False
te_f0l4_seed42,TE F0L4,21580,2.470457077026367,2.9214046001434326,0.059133972972631454,19321.356042152624,618274.5625,49.73269808398834,90515177472.0,0.0003,exported_float_payload,False
te_f0l4_seed42,TE F0L4,21590,2.4732446670532227,2.8676819801330566,0.05169622600078583,18655.330967526243,596961.875,48.01836582488105,90557120512.0,0.0003,exported_float_payload,False
te_f0l4_seed42,TE F0L4,21600,2.472813606262207,2.7981741428375244,0.05564657598733902,19267.414415052088,616548.5,49.59385365459645,90599063552.0,0.0003,exported_float_payload,False
te_f0l4_seed42,TE F0L4,21610,2.476719617843628,2.832430839538574,0.0520341582596302,19313.10665693894,618011.125,49.711464368129285,90641006592.0,0.0003,exported_float_payload,False
te_f0l4_seed42,TE F0L4,21620,2.4768075942993164,2.9122884273529053,0.06228472664952278,19307.39744414084,617829.25,49.696768993965804,90682949632.0,0.0003,exported_float_payload,False
te_f0l4_seed42,TE F0L4,21630,2.467046022415161,2.883854389190674,0.08887120336294174,18863.076054082034,603611.6875,48.55309659872378,90724892672.0,0.0003,exported_float_payload,False
te_f0l4_seed42,TE F0L4,21640,2.4435105323791504,2.806337356567383,0.061240728944540024,18772.096114845026,600700.25,48.31891645940529,90766835712.0,0.0003,exported_float_payload,False
te_f0l4_seed42,TE F0L4,21650,2.4356307983398438,2.9498777389526367,0.051555220037698746,19279.29553124708,616929.75,49.62443535721284,90808778752.0,0.0003,exported_float_payload,False
te_f0l4_seed42,TE F0L4,21660,2.4740097522735596,2.8951687812805176,0.06011933088302612,19302.990242546464,617688.3125,49.68542496480915,90850721792.0,0.0003,exported_float_payload,False
te_f0l4_seed42,TE F0L4,21670,2.4723167419433594,2.962799310684204,0.052531808614730835,19191.69871093753,614126.4375,49.39896328330312,90892664832.0,0.0003,exported_float_payload,False
te_f0l4_seed42,TE F0L4,21680,2.4856584072113037,3.038534641265869,0.04904179647564888,19307.724354598133,617839.8125,49.697610453490576,90934607872.0,0.0003,exported_float_payload,False
te_f0l4_seed42,TE F0L4,21690,2.4809043407440186,2.8831920623779297,0.05105814337730408,18856.028821289387,603385.8125,48.53495719380626,90976550912.0,0.0003,exported_float_payload,False
te_f0l4_seed42,TE F0L4,21700,2.4681332111358643,2.818955183029175,0.05748278647661209,19273.504956555764,616745.3125,49.60953055952535,91018493952.0,0.0003,exported_float_payload,False
te_f0l4_seed42,TE F0L4,21710,2.455432415008545,2.954615592956543,0.06454449892044067,19315.52908696169,618089.5,49.71769964378428,91060436992.0,0.0003,exported_float_payload,False
te_f0l4_seed42,TE F0L4,21720,2.4542837142944336,2.794893741607666,0.05244128406047821,19308.504158324373,617864.875,49.699617649217274,91102380032.0,0.0003,exported_float_payload,False
te_f0l4_seed42,TE F0L4,21730,2.446528196334839,2.91436505317688,0.06774178892374039,19306.314792265373,617794.3125,49.69398227450703,91144323072.0,0.0003,exported_float_payload,False
te_f0l4_seed42,TE F0L4,21740,2.443636894226074,2.9486217498779297,0.04570016637444496,18652.345070367373,596868.5,48.010680198593334,91186266112.0,0.0003,exported_float_payload,False
te_f0l4_seed42,TE F0L4,21750,2.4439640045166016,2.833571434020996,0.06619896739721298,18623.82037070501,595955.5625,47.93725831903427,91228209152.0,0.0003,exported_float_payload,False
te_f0l4_seed42,TE F0L4,21760,2.4786407947540283,3.0301499366760254,0.05949411541223526,18826.155154663447,602429.8125,48.45806310626249,91270152192.0,0.0003,exported_float_payload,False
te_f0l4_seed42,TE F0L4,21770,2.494603157043457,2.9604268074035645,0.04768363758921623,19312.04088386603,617977.9375,49.70872109429563,91312095232.0,0.0003,exported_float_payload,False
te_f0l4_seed42,TE F0L4,21780,2.437877655029297,2.771146059036255,0.05031862109899521,19292.33681186647,617347.4375,49.65800329469392,91354038272.0,0.0003,exported_float_payload,False
te_f0l4_seed42,TE F0L4,21790,2.4888267517089844,3.4122819900512695,0.12921252846717834,19309.043626833387,617881.9375,49.701006227970545,91395981312.0,0.0003,exported_float_payload,False
te_f0l4_seed42,TE F0L4,21800,2.4979331493377686,2.8944334983825684,0.057088401168584824,18566.828769028692,594131.6875,47.79056332965011,91437924352.0,0.0003,exported_float_payload,False
te_f0l4_seed42,TE F0L4,21810,2.468761444091797,2.8552632331848145,0.05987466499209404,19291.986889597654,617335.8125,49.65710260332888,91479867392.0,0.0003,exported_float_payload,False
te_f0l4_seed42,TE F0L4,21820,2.4730796813964844,2.902601718902588,0.05937829613685608,17992.87593681421,575765.1875,46.31322277152887,91521810432.0,0.0003,exported_float_payload,False
te_f0l4_seed42,TE F0L4,21830,2.4458165168762207,2.867428779602051,0.05595717206597328,18699.479428767165,598376.75,48.13200288477361,91563753472.0,0.0003,exported_float_payload,False
te_f0l4_seed42,TE F0L4,21840,2.5000486373901367,2.9515111446380615,0.04820586368441582,18611.759635416834,595569.4375,47.90621428126337,91605696512.0,0.0003,exported_float_payload,False
te_f0l4_seed42,TE F0L4,21850,2.488677978515625,2.86171817779541,0.04900748282670975,19251.721866236614,616048.0625,49.55346141759686,91647639552.0,0.0003,exported_float_payload,False
te_f0l4_seed42,TE F0L4,21860,2.464992046356201,2.8874545097351074,0.050578661262989044,18825.816478971792,602419,48.45719136331211,91689582592.0,0.0003,exported_float_payload,False
te_f0l4_seed42,TE F0L4,21870,2.4532368183135986,2.792832612991333,0.06502129882574081,19291.262668242674,617312.75,49.65523847526693,91731525632.0,0.0003,exported_float_payload,False
te_f0l4_seed42,TE F0L4,21880,2.460797071456909,2.8655409812927246,0.05452878773212433,19301.146825418855,617629.5,49.68068005419054,91773468672.0,0.0003,exported_float_payload,False
te_f0l4_seed42,TE F0L4,21890,2.452205181121826,2.857414484024048,0.056924112141132355,19324.46303886426,618375.6875,49.74069541756424,91815411712.0,0.0003,exported_float_payload,False
te_f0l4_seed42,TE F0L4,21900,2.494318962097168,2.883772611618042,0.052132442593574524,19265.646279779026,616493.75,49.58930251763097,91857354752.0,0.0003,exported_float_payload,False
te_f0l4_seed42,TE F0L4,21910,2.469839334487915,2.904146671295166,0.056332964450120926,19312.905742958144,618005.4375,49.71094722045466,91899297792.0,0.0003,exported_float_payload,False
te_f0l4_seed42,TE F0L4,21920,2.4472618103027344,2.86722993850708,0.05297418683767319,18633.011141044575,596248,47.960915137192366,91941240832.0,0.0003,exported_float_payload,False
te_f0l4_seed42,TE F0L4,21930,2.4658288955688477,2.969607353210449,0.05865958705544472,18726.35963444606,599235.5,48.20119187702382,91983183872.0,0.0003,exported_float_payload,False
te_f0l4_seed42,TE F0L4,21940,2.4848766326904297,2.9482743740081787,0.06466255336999893,18863.508555082375,603625.1875,48.55420984572488,92025126912.0,0.0003,exported_float_payload,False
te_f0l4_seed42,TE F0L4,21950,2.477729558944702,2.855713367462158,0.055522918701171875,19278.452568747354,616903.25,49.62226559234729,92067069952.0,0.0003,exported_float_payload,False
te_f0l4_seed42,TE F0L4,21960,2.433725595474243,2.8901190757751465,0.06399163603782654,18694.147715274044,598205.875,48.11827918459205,92109012992.0,0.0003,exported_float_payload,False
te_f0l4_seed42,TE F0L4,21970,2.4720888137817383,2.834613800048828,0.059707701206207275,19305.525840198392,617769.3125,49.69195153117492,92150956032.0,0.0003,exported_float_payload,False
te_f0l4_seed42,TE F0L4,21980,2.5262222290039062,3.493227243423462,0.06808403134346008,19301.093140129706,617626.625,49.68054186956878,92192899072.0,0.0003,exported_float_payload,False
te_f0l4_seed42,TE F0L4,21990,2.4597110748291016,2.890948534011841,0.0522695854306221,18107.853634623898,579444.5625,46.60917255471625,92234842112.0,0.0003,exported_float_payload,False
te_f0l4_seed42,TE F0L4,22000,2.463982582092285,2.835569381713867,0.0736374482512474,19285.42734972176,617125.125,49.64021850805596,92276785152.0,0.0003,exported_float_payload,False
te_f0l4_seed42,TE F0L4,22010,2.4724974632263184,2.886751890182495,0.054315194487571716,17311.550010700652,553963.125,44.55950649476882,92318728192.0,0.0003,exported_float_payload,False
te_f0l4_seed42,TE F0L4,22020,2.4255967140197754,2.8035953044891357,0.050440628081560135,18696.957107047223,598294.4375,48.125510490332196,92360671232.0,0.0003,exported_float_payload,False
te_f0l4_seed42,TE F0L4,22030,2.440586566925049,2.853438377380371,0.06198329105973244,17700.842911127504,566419.75,45.5615369030347,92402614272.0,0.0003,exported_float_payload,False
te_f0l4_seed42,TE F0L4,22040,2.4707674980163574,3.045470714569092,0.05762751027941704,18924.117224408343,605562.625,48.71021507880917,92444557312.0,0.0003,exported_float_payload,False
te_f0l4_seed42,TE F0L4,22050,2.4122581481933594,2.8444790840148926,0.06143898144364357,19257.31605204883,616226.1875,49.56786071511085,92486500352.0,0.0003,exported_float_payload,False
te_f0l4_seed42,TE F0L4,22060,2.4668831825256348,2.884265899658203,0.053503427654504776,18629.46741860359,596136.125,47.9517936822662,92528443392.0,0.0003,exported_float_payload,False
te_f0l4_seed42,TE F0L4,22070,2.452256202697754,2.8483126163482666,0.05817221850156784,19301.328606928197,617631.1875,49.6811479553514,92570386432.0,0.0003,exported_float_payload,False
te_f0l4_seed42,TE F0L4,22080,2.484238386154175,3.0768542289733887,0.04966180399060249,19329.340166417696,618529.6875,49.753249024650756,92612329472.0,0.0003,exported_float_payload,False
te_f0l4_seed42,TE F0L4,22090,2.4180421829223633,2.91721773147583,0.0502343475818634,10938.268150656575,350021.71875,28.154834801010274,92654272512.0,0.0003,exported_float_payload,False
te_f0l4_seed42,TE F0L4,22100,2.4400241374969482,2.963364839553833,0.04719320312142372,13489.02299063637,431644.625,34.72041539826394,92696215552.0,0.0003,exported_float_payload,False
te_f0l4_seed42,TE F0L4,22110,2.440460443496704,2.8338310718536377,0.07921423017978668,14754.741845490258,472147.0625,37.97834478636329,92738158592.0,0.0003,exported_float_payload,False
te_f0l4_seed42,TE F0L4,22120,2.407122850418091,2.83184814453125,0.052014194428920746,15997.229620320984,511906.15625,41.176477942436456,92780101632.0,0.0003,exported_float_payload,False
te_f0l4_seed42,TE F0L4,22130,2.457455635070801,2.8737149238586426,0.05687566474080086,16984.760688862614,543506,43.718358769703045,92822044672.0,0.0003,exported_float_payload,False
te_f0l4_seed42,TE F0L4,22140,2.4583749771118164,3.162364959716797,0.07062163203954697,18638.518688950542,596425.25,47.97509143085379,92863987712.0,0.0003,exported_float_payload,False
te_f0l4_seed42,TE F0L4,22150,2.431377410888672,2.9291906356811523,0.05608152970671654,19227.932113470444,615286.5,49.49222717558862,92905930752.0,0.0003,exported_float_payload,False
te_f0l4_seed42,TE F0L4,22160,2.4561233520507812,2.8627490997314453,0.051246076822280884,19297.161085494987,617502.375,49.67042085706988,92947873792.0,0.0003,exported_float_payload,False
te_f0l4_seed42,TE F0L4,22170,2.4907073974609375,2.8381197452545166,0.0660516619682312,18707.32318433583,598627.1875,48.15219251984321,92989816832.0,0.0003,exported_float_payload,False
te_f0l4_seed42,TE F0L4,22180,2.476278305053711,2.841093063354492,0.05145818367600441,19309.891143320812,617909,49.7031877146891,93031759872.0,0.0003,exported_float_payload,False
te_f0l4_seed42,TE F0L4,22190,2.4872403144836426,2.868366241455078,0.06624338775873184,19305.249367450215,617760.125,49.69123989708032,93073702912.0,0.0003,exported_float_payload,False
te_f0l4_seed42,TE F0L4,22200,2.4694766998291016,2.91278076171875,0.049333639442920685,19245.228557230002,615839.5,49.53674779896226,93115645952.0,0.0003,exported_float_payload,False
te_f0l4_seed42,TE F0L4,22210,2.4864158630371094,3.0662636756896973,0.04919915273785591,19301.146361132403,617629.6875,49.68067885912857,93157588992.0,0.0003,exported_float_payload,False
te_f0l4_seed42,TE F0L4,22220,2.4630982875823975,2.9451847076416016,0.0547373928129673,18877.411160008203,604069.9375,48.589994810913076,93199532032.0,0.0003,exported_float_payload,False
te_f0l4_seed42,TE F0L4,22230,2.507143020629883,3.2050580978393555,0.053590353578329086,19301.46098835319,617639.25,49.681488701902865,93241475072.0,0.0003,exported_float_payload,False
te_f0l4_seed42,TE F0L4,22240,2.497079372406006,2.842029094696045,0.05495334789156914,19326.098664154833,618428,49.7449054770744,93283418112.0,0.0003,exported_float_payload,False
te_f0l4_seed42,TE F0L4,22250,2.4710328578948975,3.0884883403778076,0.06149424612522125,19257.82635490364,616243.375,49.569174222183236,93325361152.0,0.0003,exported_float_payload,False
te_f0l4_seed42,TE F0L4,22260,2.461926221847534,2.8440539836883545,0.0678672045469284,19231.672690663156,615404.9375,49.50185532983303,93367304192.0,0.0003,exported_float_payload,False
te_f0l4_seed42,TE F0L4,22270,2.469600200653076,2.8128442764282227,0.06169069930911064,19305.91574603622,617782.125,49.69295513926907,93409247232.0,0.0003,exported_float_payload,False
te_f0l4_seed42,TE F0L4,22280,2.453300952911377,2.908085823059082,0.07147081196308136,19314.439004188833,618053.5625,49.71489379737728,93451190272.0,0.0003,exported_float_payload,False
te_f0l4_seed42,TE F0L4,22290,2.434163808822632,2.818510055541992,0.051667649298906326,18593.999776882632,595001.125,47.86050083958935,93493133312.0,0.0003,exported_float_payload,False
te_f0l4_seed42,TE F0L4,22300,2.469348192214966,2.9021964073181152,0.055324576795101166,19285.46467430674,617126.875,49.64031458062519,93535076352.0,0.0003,exported_float_payload,False
te_f0l4_seed42,TE F0L4,22310,2.4883904457092285,2.8702564239501953,0.0492309033870697,19313.049359551358,618009.75,49.711316886054455,93577019392.0,0.0003,exported_float_payload,False
te_f0l4_seed42,TE F0L4,22320,2.455554485321045,2.805914878845215,0.06152797117829323,18619.384615053674,595813,47.925840792433085,93618962432.0,0.0003,exported_float_payload,False
te_f0l4_seed42,TE F0L4,22330,2.4827051162719727,2.8564019203186035,0.04821234196424484,18797.430031363838,601511.0625,48.38412534116111,93660905472.0,0.0003,exported_float_payload,False
te_f0l4_seed42,TE F0L4,22340,2.4554340839385986,2.7761383056640625,0.067291259765625,19319.26400296667,618209.125,49.72731322626986,93702848512.0,0.0003,exported_float_payload,False
te_f0l4_seed42,TE F0L4,22350,2.4881443977355957,2.9176290035247803,0.06437946856021881,19270.1190828139,616636.4375,49.60081540329164,93744791552.0,0.0003,exported_float_payload,False
te_f0l4_seed42,TE F0L4,22360,2.443682909011841,2.833639621734619,0.053314533084630966,19313.284676088006,618017.5625,49.711922585066766,93786734592.0,0.0003,exported_float_payload,False
te_f0l4_seed42,TE F0L4,22370,2.50051212310791,3.130354881286621,0.05346210300922394,18035.776606027826,577138.375,46.42364804524916,93828677632.0,0.0003,exported_float_payload,False
te_f0l4_seed42,TE F0L4,22380,2.4592301845550537,2.871887445449829,0.055547140538692474,18840.17964517078,602877.875,48.494161801957624,93870620672.0,0.0003,exported_float_payload,False
te_f0l4_seed42,TE F0L4,22390,2.4249155521392822,2.9357454776763916,0.05599424988031387,17724.22267356946,567168.0625,45.62171583997187,93912563712.0,0.0003,exported_float_payload,False
te_f0l4_seed42,TE F0L4,22400,2.461552143096924,2.8591482639312744,0.05226762592792511,18879.34218366585,604132.1875,48.59496521859818,93954506752.0,0.0003,exported_float_payload,False
te_f0l4_seed42,TE F0L4,22410,2.473308801651001,2.861191987991333,0.05752436816692352,18707.584067945296,598636.125,48.1528640278759,93996449792.0,0.0003,exported_float_payload,False
te_f0l4_seed42,TE F0L4,22420,2.500535011291504,3.4506406784057617,0.07674610614776611,19321.543555114327,618282.4375,49.73318073776745,94038392832.0,0.0003,exported_float_payload,False
te_f0l4_seed42,TE F0L4,22430,2.4753165245056152,3.063251495361328,0.055192846804857254,19322.723153262374,618319.0625,49.7362169945617,94080335872.0,0.0003,exported_float_payload,False
te_f0l4_seed42,TE F0L4,22440,2.4781100749969482,3.1318366527557373,0.05161193013191223,18711.31406940698,598754,48.162464960447195,94122278912.0,0.0003,exported_float_payload,False
te_f0l4_seed42,TE F0L4,22450,2.440478801727295,2.831437110900879,0.054607879370450974,19291.217680525675,617311.625,49.65512267798323,94164221952.0,0.0003,exported_float_payload,False
te_f0l4_seed42,TE F0L4,22460,2.504699468612671,2.9068257808685303,0.05159846693277359,18737.43050458138,599591,48.2296880260915,94206164992.0,0.0003,exported_float_payload,False
te_f0l4_seed42,TE F0L4,22470,2.4441938400268555,2.816044330596924,0.052181173115968704,19334.690578638903,618703.25,49.76702085490127,94248108032.0,0.0003,exported_float_payload,False
te_f0l4_seed42,TE F0L4,22480,2.4670944213867188,2.919966459274292,0.05139344185590744,18669.42847777806,597414.875,48.054652471613295,94290051072.0,0.0003,exported_float_payload,False
te_f0l4_seed42,TE F0L4,22490,2.443793773651123,2.9844119548797607,0.05215165764093399,18839.37601879672,602852.75,48.49209328731785,94331994112.0,0.0003,exported_float_payload,False
te_f0l4_seed42,TE F0L4,22500,2.4501240253448486,2.855170249938965,0.05066612735390663,19261.967339352264,616375.625,49.579833014915216,94373937152.0,0.0003,exported_float_payload,False
te_f0l4_seed42,TE F0L4,22510,2.4415054321289062,3.0486016273498535,0.07990216463804245,19332.726801598594,618640.8125,49.76196614080993,94415880192.0,0.0003,exported_float_payload,False
te_f0l4_seed42,TE F0L4,22520,2.4465219974517822,2.7727088928222656,0.06506349891424179,18638.818901548653,596435.4375,47.97586417074173,94457823232.0,0.0003,exported_float_payload,False
te_f0l4_seed42,TE F0L4,22530,2.4620938301086426,2.9136300086975098,0.0606544129550457,19310.524732031798,617929,49.7048185565412,94499766272.0,0.0003,exported_float_payload,False
te_f0l4_seed42,TE F0L4,22540,2.461301326751709,2.848245143890381,0.05110568180680275,18630.777731491664,596177.125,47.95516639560556,94541709312.0,0.0003,exported_float_payload,False
te_f0l4_seed42,TE F0L4,22550,2.465524435043335,2.8235480785369873,0.06334597617387772,19264.91400584569,616470.375,49.58741766242919,94583652352.0,0.0003,exported_float_payload,False
te_f0l4_seed42,TE F0L4,22560,2.499192714691162,2.873917579650879,0.06651412695646286,19317.452025530045,618151.3125,49.722649240647215,94625595392.0,0.0003,exported_float_payload,False
te_f0l4_seed42,TE F0L4,22570,2.4441661834716797,2.7557249069213867,0.06502112746238708,19295.462043795924,617446.9375,49.66604756527466,94667538432.0,0.0003,exported_float_payload,False
te_f0l4_seed42,TE F0L4,22580,2.4205803871154785,2.9583592414855957,0.05815558880567551,18642.059183931444,596539.1875,47.984204578376605,94709481472.0,0.0003,exported_float_payload,False
te_f0l4_seed42,TE F0L4,22590,2.4923770427703857,2.955221652984619,0.07158378511667252,19311.35489080447,617953.5,49.70695536492633,94751424512.0,0.0003,exported_float_payload,False
te_f0l4_seed42,TE F0L4,22600,2.4359333515167236,2.8168396949768066,0.06224745884537697,19243.355833460795,615780.0625,49.53192745376467,94793367552.0,0.0003,exported_float_payload,False
te_f0l4_seed42,TE F0L4,22610,2.4621376991271973,2.848351001739502,0.05539345368742943,19295.900537854523,617461.5,49.66717623826119,94835310592.0,0.0003,exported_float_payload,False
te_f0l4_seed42,TE F0L4,22620,2.492043972015381,3.105356454849243,0.05553727224469185,18726.219948665243,599231.9375,48.200832329239034,94877253632.0,0.0003,exported_float_payload,False
te_f0l4_seed42,TE F0L4,22630,2.455807685852051,2.83945894241333,0.05799455940723419,17819.036372057988,570201.625,45.865763981876036,94919196672.0,0.0003,exported_float_payload,False
te_f0l4_seed42,TE F0L4,22640,2.4403650760650635,3.0085740089416504,0.05709655210375786,19306.983844024027,617815.25,49.69570439737682,94961139712.0,0.0003,exported_float_payload,False
te_f0l4_seed42,TE F0L4,22650,2.479999542236328,2.9527697563171387,0.05835326015949249,19271.153134038857,616669.5625,49.6034770258642,95003082752.0,0.0003,exported_float_payload,False
te_f0l4_seed42,TE F0L4,22660,2.445417881011963,2.7631537914276123,0.05379055440425873,18967.379396451593,606949.1875,48.82157085197492,95045025792.0,0.0003,exported_float_payload,False
te_f0l4_seed42,TE F0L4,22670,2.4643402099609375,2.92643141746521,0.05759541690349579,19317.7077923754,618159.4375,49.72330757825417,95086968832.0,0.0003,exported_float_payload,False
te_f0l4_seed42,TE F0L4,22680,2.452942371368408,2.899486541748047,0.05030184984207153,19326.861977037956,618452.5,49.74687022577408,95128911872.0,0.0003,exported_float_payload,False
te_f0l4_seed42,TE F0L4,22690,2.475231647491455,2.8637638092041016,0.07076875865459442,19321.334147672133,618275.9375,49.73264172813083,95170854912.0,0.0003,exported_float_payload,False
te_f0l4_seed42,TE F0L4,22700,2.484699010848999,2.887937068939209,0.054932307451963425,19263.806975512838,616434.1875,49.58456819341711,95212797952.0,0.0003,exported_float_payload,False
te_f0l4_seed42,TE F0L4,22710,2.4602673053741455,2.8101444244384766,0.05758829787373543,19324.447620947118,618375.6875,49.74065573222244,95254740992.0,0.0003,exported_float_payload,False
te_f0l4_seed42,TE F0L4,22720,2.3791301250457764,2.7686610221862793,0.05063275620341301,18140.400315061124,580486.5,46.69294691446043,95296684032.0,0.0003,exported_float_payload,False
te_f0l4_seed42,TE F0L4,22730,2.4593892097473145,2.799859046936035,0.06891755014657974,18386.30124902484,588354.25,47.325889906697,95338627072.0,0.0003,exported_float_payload,False
te_f0l4_seed42,TE F0L4,22740,2.4398229122161865,2.7532734870910645,0.06148020550608635,18726.903507840736,599253.9375,48.202591793845095,95380570112.0,0.0003,exported_float_payload,False
te_f0l4_seed42,TE F0L4,22750,2.4531807899475098,2.874767303466797,0.05576467514038086,19264.435154509447,616454.5,49.586185110796656,95422513152.0,0.0003,exported_float_payload,False
te_f0l4_seed42,TE F0L4,22760,2.480285167694092,2.8553378582000732,0.07520268857479095,19311.989944031317,617976.0625,49.70858997640646,95464456192.0,0.0003,exported_float_payload,False
te_f0l4_seed42,TE F0L4,22770,2.457901954650879,2.8523240089416504,0.056101273745298386,18918.595890411296,605387.75,48.69600330008635,95506399232.0,0.0003,exported_float_payload,False
te_f0l4_seed42,TE F0L4,22780,2.5363447666168213,5.32233190536499,0.06330306082963943,19303.604237777367,617708.1875,49.68700537352254,95548342272.0,0.0003,exported_float_payload,False
te_f0l4_seed42,TE F0L4,22790,2.4965779781341553,2.949532985687256,0.05848513916134834,18739.392191311737,599653.1875,48.23473735977612,95590285312.0,0.0003,exported_float_payload,False
te_f0l4_seed42,TE F0L4,22800,2.475093126296997,2.9102401733398438,0.05633680894970894,19276.315947584215,616835.25,49.616765981709484,95632228352.0,0.0003,exported_float_payload,False
te_f0l4_seed42,TE F0L4,22810,2.4985945224761963,3.067593574523926,0.05130891501903534,18881.031706893176,604186.0625,48.599314010079866,95674171392.0,0.0003,exported_float_payload,False
te_f0l4_seed42,TE F0L4,22820,2.463498115539551,2.939527750015259,0.053526800125837326,18932.953179914843,605846.9375,48.73295861226146,95716114432.0,0.0003,exported_float_payload,False
te_f0l4_seed42,TE F0L4,22830,2.438138961791992,2.8082077503204346,0.062375836074352264,18845.705939655916,603055.875,48.50838634885552,95758057472.0,0.0003,exported_float_payload,False
te_f0l4_seed42,TE F0L4,22840,2.4445505142211914,2.9345316886901855,0.04798482730984688,18310.443711047476,585928.6875,47.130634458508354,95800000512.0,0.0003,exported_float_payload,False
te_f0l4_seed42,TE F0L4,22850,2.442404270172119,3.0417003631591797,0.07877106219530106,18776.93226813297,600855,48.33136459973417,95841943552.0,0.0003,exported_float_payload,False
te_f0l4_seed42,TE F0L4,22860,2.489724636077881,2.847365379333496,0.054668769240379333,19288.187385197296,617214.8125,49.64732277189265,95883886592.0,0.0003,exported_float_payload,False
te_f0l4_seed42,TE F0L4,22870,2.4390687942504883,3.000232696533203,0.05095147341489792,18203.166710389847,582494.6875,46.85450608152373,95925829632.0,0.0003,exported_float_payload,False
te_f0l4_seed42,TE F0L4,22880,2.446787118911743,2.9439034461975098,0.05648038163781166,18559.914159853106,593910.375,47.77276529468051,95967772672.0,0.0003,exported_float_payload,False
te_f0l4_seed42,TE F0L4,22890,2.467189073562622,2.8429861068725586,0.052263788878917694,18682.423073506114,597830.625,48.088100243325435,96009715712.0,0.0003,exported_float_payload,False
te_f0l4_seed42,TE F0L4,22900,2.4356110095977783,2.93666934967041,0.05278260260820389,18706.265134412457,598593.625,48.14946912520766,96051658752.0,0.0003,exported_float_payload,False
te_f0l4_seed42,TE F0L4,22910,2.4775028228759766,2.9338624477386475,0.05445173755288124,18958.570395510385,606667.1875,48.7988966989147,96093601792.0,0.0003,exported_float_payload,False
te_f0l4_seed42,TE F0L4,22920,2.4616174697875977,2.8705787658691406,0.05955781415104866,19277.222162388425,616863.5,49.61909855646038,96135544832.0,0.0003,exported_float_payload,False
te_f0l4_seed42,TE F0L4,22930,2.4994256496429443,3.364199638366699,0.05858132243156433,19308.695619919687,617870.875,49.70011046668276,96177487872.0,0.0003,exported_float_payload,False
te_f0l4_seed42,TE F0L4,22940,2.457948923110962,2.967782974243164,0.047656167298555374,19315.88283986432,618101.625,49.7186101951071,96219430912.0,0.0003,exported_float_payload,False
te_f0l4_seed42,TE F0L4,22950,2.415297508239746,2.893494129180908,0.04832441359758377,19254.094156674037,616124.375,49.55956763518503,96261373952.0,0.0003,exported_float_payload,False
te_f0l4_seed42,TE F0L4,22960,2.463369369506836,2.8860559463500977,0.05478159710764885,19307.314184853367,617826,49.69655468659538,96303316992.0,0.0003,exported_float_payload,False
te_f0l4_seed42,TE F0L4,22970,2.437049388885498,2.832207679748535,0.062037985771894455,18773.34937760736,600740.4375,48.32214232711576,96345260032.0,0.0003,exported_float_payload,False
te_f0l4_seed42,TE F0L4,22980,2.421555519104004,2.8436341285705566,0.06473705172538757,18933.893148241146,605876.4375,48.735378067753025,96387203072.0,0.0003,exported_float_payload,False
te_f0l4_seed42,TE F0L4,22990,2.4651098251342773,2.9008800983428955,0.057491909712553024,18156.315014697822,580995.5625,46.73391096224272,96429146112.0,0.0003,exported_float_payload,False
te_f0l4_seed42,TE F0L4,23000,2.485060930252075,3.1588196754455566,0.05860324576497078,18558.29137658061,593858.9375,47.76858829021092,96471089152.0,0.0003,exported_float_payload,False
te_f0l4_seed42,TE F0L4,23010,2.4763588905334473,3.0618391036987305,0.06924933195114136,17104.43384746273,547336.125,44.02639455417036,96513032192.0,0.0003,exported_float_payload,False
te_f0l4_seed42,TE F0L4,23020,2.4836349487304688,2.8672871589660645,0.059386953711509705,17425.938384732824,557624.3125,44.85393937296066,96554975232.0,0.0003,exported_float_payload,False
te_f0l4_seed42,TE F0L4,23030,2.4603981971740723,2.821871757507324,0.051122184842824936,19320.02339688186,618231.9375,49.7292678876419,96596918272.0,0.0003,exported_float_payload,False
te_f0l4_seed42,TE F0L4,23040,2.418269157409668,2.766737937927246,0.05239047482609749,19303.77088054173,617712.25,49.68743430792393,96638861312.0,0.0003,exported_float_payload,False
te_f0l4_seed42,TE F0L4,23050,2.4440276622772217,2.9747164249420166,0.04876232147216797,18661.834372338995,597170.4375,48.035105429873845,96680804352.0,0.0003,exported_float_payload,False
te_f0l4_seed42,TE F0L4,23060,2.4591877460479736,2.8861191272735596,0.056996289640665054,19327.78128714477,618480.375,49.749236507513736,96722747392.0,0.0003,exported_float_payload,False
te_f0l4_seed42,TE F0L4,23070,2.4417989253997803,2.940012216567993,0.05310240387916565,18843.9517734387,602998.4375,48.50387116789826,96764690432.0,0.0003,exported_float_payload,False
te_f0l4_seed42,TE F0L4,23080,2.4521121978759766,2.8510732650756836,0.05156240612268448,18333.31352749042,586657.875,47.18950080691122,96806633472.0,0.0003,exported_float_payload,False
te_f0l4_seed42,TE F0L4,23090,2.416228771209717,2.807645559310913,0.07304359972476959,19325.98659267806,618423,49.7446170078331,96848576512.0,0.0003,exported_float_payload,False
te_f0l4_seed42,TE F0L4,23100,2.503619432449341,3.4355649948120117,0.05682743340730667,18084.707392511387,578703.25,46.54959469339798,96890519552.0,0.0003,exported_float_payload,False
te_f0l4_seed42,TE F0L4,23110,2.4286506175994873,2.821110486984253,0.055343180894851685,18638.33648660741,596419.0625,47.974622446477056,96932462592.0,0.0003,exported_float_payload,False
te_f0l4_seed42,TE F0L4,23120,2.4802048206329346,2.7890758514404297,0.06984208524227142,15148.070699862366,484730.0625,38.99076364141326,96974405632.0,0.0003,exported_float_payload,False
te_f0l4_seed42,TE F0L4,23130,2.440582513809204,2.9369373321533203,0.05435021594166756,19328.91884545584,618517.5,49.7521645547954,97016348672.0,0.0003,exported_float_payload,False
te_f0l4_seed42,TE F0L4,23140,2.4647765159606934,2.898108959197998,0.061536259949207306,19311.832277530557,617970.125,49.70818414668813,97058291712.0,0.0003,exported_float_payload,False
te_f0l4_seed42,TE F0L4,23150,2.449671745300293,2.9183826446533203,0.05220220983028412,18959.42324050655,606694.625,48.801091901084476,97100234752.0,0.0003,exported_float_payload,False
te_f0l4_seed42,TE F0L4,23160,2.5232465267181396,4.429096221923828,0.06257117539644241,19314.103851516735,618043.875,49.71403112259312,97142177792.0,0.0003,exported_float_payload,False
te_f0l4_seed42,TE F0L4,23170,2.4292924404144287,3.3258156776428223,0.049511369317770004,19322.5762819736,618315,49.7358389514551,97184120832.0,0.0003,exported_float_payload,False
te_f0l4_seed42,TE F0L4,23180,2.5007944107055664,2.942674160003662,0.06203683093190193,18793.54357155626,601387,48.37412168863258,97226063872.0,0.0003,exported_float_payload,False
te_f0l4_seed42,TE F0L4,23190,2.426973819732666,2.7807135581970215,0.048762544989585876,19319.852373969345,618227.625,49.72882767884626,97268006912.0,0.0003,exported_float_payload,False
te_f0l4_seed42,TE F0L4,23200,2.474452257156372,2.89103102684021,0.05422966927289963,19239.1972195972,615647.5,49.52122328334957,97309949952.0,0.0003,exported_float_payload,False
te_f0l4_seed42,TE F0L4,23210,2.4596803188323975,2.7826642990112305,0.054137952625751495,18158.9560679152,581080,46.740708968655774,97351892992.0,0.0003,exported_float_payload,False
te_f0l4_seed42,TE F0L4,23220,2.454702854156494,2.8848390579223633,0.057521309703588486,19320.51958921612,618249.9375,49.730545074579375,97393836032.0,0.0003,exported_float_payload,False
te_f0l4_seed42,TE F0L4,23230,2.4535887241363525,2.940938949584961,0.056537266820669174,18587.241821416595,594784.125,47.84310602743827,97435779072.0,0.0003,exported_float_payload,False
te_f0l4_seed42,TE F0L4,23240,2.489393711090088,2.8505358695983887,0.06743785738945007,15758.214720297012,504257.96875,40.56125943321103,97477722112.0,0.0003,exported_float_payload,False
te_f0l4_seed42,TE F0L4,23250,2.485710620880127,3.1364200115203857,0.05714814364910126,18926.930511960956,605654.1875,48.717456412190344,97519665152.0,0.0003,exported_float_payload,False
te_f0l4_seed42,TE F0L4,23260,2.4856724739074707,2.976759433746338,0.053244754672050476,19317.16679206189,618142.4375,49.72191505667357,97561608192.0,0.0003,exported_float_payload,False
te_f0l4_seed42,TE F0L4,23270,2.4659597873687744,2.8463449478149414,0.05800703540444374,18055.788688419554,577779.125,46.47515865607008,97603551232.0,0.0003,exported_float_payload,False
te_f0l4_seed42,TE F0L4,23280,2.459324836730957,2.9142744541168213,0.04716426506638527,17684.337867487022,565891.6875,45.51905332421941,97645494272.0,0.0003,exported_float_payload,False
te_f0l4_seed42,TE F0L4,23290,2.4716734886169434,2.99039626121521,0.05274038761854172,19315.609945867614,618092,49.71790777263128,97687437312.0,0.0003,exported_float_payload,False
te_f0l4_seed42,TE F0L4,23300,2.46321439743042,3.373656749725342,0.05526192858815193,18822.86064329045,602324.0625,48.44958311453261,97729380352.0,0.0003,exported_float_payload,False
te_f0l4_seed42,TE F0L4,23310,2.4516775608062744,2.9481186866760254,0.06229712441563606,18692.19017393108,598142.3125,48.113240521033234,97771323392.0,0.0003,exported_float_payload,False
te_f0l4_seed42,TE F0L4,23320,2.4514927864074707,2.8309075832366943,0.0641433522105217,19332.774103699205,618641.5,49.762087895260464,97813266432.0,0.0003,exported_float_payload,False
te_f0l4_seed42,TE F0L4,23330,2.4536938667297363,2.8883135318756104,0.05596010759472847,18885.535453707922,604329.875,48.61090654427342,97855209472.0,0.0003,exported_float_payload,False
te_f0l4_seed42,TE F0L4,23340,2.4791722297668457,2.8491272926330566,0.05804378539323807,19294.998960931025,617433.25,49.66485560130186,97897152512.0,0.0003,exported_float_payload,False
te_f0l4_seed42,TE F0L4,23350,2.4666976928710938,2.801600456237793,0.050290219485759735,19258.52424731405,616265.375,49.570970580185566,97939095552.0,0.0003,exported_float_payload,False
te_f0l4_seed42,TE F0L4,23360,2.49310040473938,2.861910104751587,0.06620537489652634,19319.21596526239,618207.5,49.72718957839347,97981038592.0,0.0003,exported_float_payload,False
te_f0l4_seed42,TE F0L4,23370,2.4703481197357178,2.89302396774292,0.053959839046001434,19321.779852475905,618290.0625,49.73378896139915,98022981632.0,0.0003,exported_float_payload,False
te_f0l4_seed42,TE F0L4,23380,2.438526153564453,2.87850284576416,0.049396805465221405,18078.39333784953,578501.625,46.53334247106437,98064924672.0,0.0003,exported_float_payload,False
te_f0l4_seed42,TE F0L4,23390,2.4696569442749023,2.8893160820007324,0.05405275523662567,19329.553849122127,618537.9375,49.753799038707854,98106867712.0,0.0003,exported_float_payload,False
te_f0l4_seed42,TE F0L4,23400,2.4297356605529785,3.0122151374816895,0.06275895237922668,18436.385124748373,589957.125,47.45480457835878,98148810752.0,0.0003,exported_float_payload,False
te_f0l4_seed42,TE F0L4,23410,2.4510111808776855,2.972517490386963,0.0644657239317894,18686.815746862998,597970.5625,48.099406877153974,98190753792.0,0.0003,exported_float_payload,False
te_f0l4_seed42,TE F0L4,23420,2.462056875228882,3.4651291370391846,0.0485796183347702,19318.815991744734,618194.375,49.72616005633758,98232696832.0,0.0003,exported_float_payload,False
te_f0l4_seed42,TE F0L4,23430,2.4616217613220215,2.8866891860961914,0.060527220368385315,19306.05584389006,617786.25,49.69331574771974,98274639872.0,0.0003,exported_float_payload,False
te_f0l4_seed42,TE F0L4,23440,2.455732822418213,2.905257225036621,0.06045868992805481,19319.823164843005,618225,49.72875249526916,98316582912.0,0.0003,exported_float_payload,False
te_f0l4_seed42,TE F0L4,23450,2.450289487838745,2.753079891204834,0.0571293979883194,19263.559111579336,616426.625,49.58393019771205,98358525952.0,0.0003,exported_float_payload,False
te_f0l4_seed42,TE F0L4,23460,2.4733004570007324,2.884042501449585,0.06002982705831528,18809.711354574774,601903.4375,48.415737166852274,98400468992.0,0.0003,exported_float_payload,False
te_f0l4_seed42,TE F0L4,23470,2.457632303237915,2.812042713165283,0.055869266390800476,19317.14813648656,618141.375,49.72186703767877,98442412032.0,0.0003,exported_float_payload,False
te_f0l4_seed42,TE F0L4,23480,2.4466006755828857,2.844454288482666,0.06664803624153137,19306.576295448336,617802.6875,49.694655377306745,98484355072.0,0.0003,exported_float_payload,False
te_f0l4_seed42,TE F0L4,23490,2.474622964859009,2.9480650424957275,0.05914699286222458,18801.455783485602,601639.8125,48.39448752870094,98526298112.0,0.0003,exported_float_payload,False
te_f0l4_seed42,TE F0L4,23500,2.4532511234283447,2.8042821884155273,0.04903298243880272,19256.652238490104,616206.125,49.5661520752396,98568241152.0,0.0003,exported_float_payload,False
te_f0l4_seed42,TE F0L4,23510,2.4358327388763428,3.0986251831054688,0.051748260855674744,18877.173842545184,604062.4375,48.5893839615652,98610184192.0,0.0003,exported_float_payload,False
te_f0l4_seed42,TE F0L4,23520,2.449415922164917,2.791196346282959,0.05395656079053879,19337.072007580737,618778.8125,49.773150594776375,98652127232.0,0.0003,exported_float_payload,False
te_f0l4_seed42,TE F0L4,23530,2.4561734199523926,3.3720948696136475,0.05608649179339409,18704.386662185276,598533.25,48.144633983619784,98694070272.0,0.0003,exported_float_payload,False
te_f0l4_seed42,TE F0L4,23540,2.4667487144470215,2.851271152496338,0.06279133260250092,19321.479695001566,618280.8125,49.73301636339845,98736013312.0,0.0003,exported_float_payload,False
te_f0l4_seed42,TE F0L4,23550,2.452854871749878,2.8136746883392334,0.057747308164834976,19255.199341716496,616159.3125,49.562412354464755,98777956352.0,0.0003,exported_float_payload,False
te_f0l4_seed42,TE F0L4,23560,2.4620070457458496,2.822305679321289,0.06401161104440689,18213.558231118157,582827,46.8812536018265,98819899392.0,0.0003,exported_float_payload,False
te_f0l4_seed42,TE F0L4,23570,2.5525028705596924,5.5211286544799805,0.06454693526029587,18649.93283058493,596790.9375,48.00447115236776,98861842432.0,0.0003,exported_float_payload,False
te_f0l4_seed42,TE F0L4,23580,2.4409079551696777,3.0066471099853516,0.07678786665201187,18264.958065512434,584471.4375,47.01355551893422,98903785472.0,0.0003,exported_float_payload,False
te_f0l4_seed42,TE F0L4,23590,2.421182155609131,2.7818470001220703,0.07062166929244995,18730.863036122704,599380.25,48.21278352284033,98945728512.0,0.0003,exported_float_payload,False
te_f0l4_seed42,TE F0L4,23600,2.460566759109497,2.9553136825561523,0.06401757895946503,19260.94099913334,616340.25,49.577191240283675,98987671552.0,0.0003,exported_float_payload,False
te_f0l4_seed42,TE F0L4,23610,2.4206700325012207,2.983330249786377,0.07094960659742355,19316.535931145612,618121.8125,49.72029123609836,99029614592.0,0.0003,exported_float_payload,False
te_f0l4_seed42,TE F0L4,23620,2.4856410026550293,2.8552896976470947,0.051057081669569016,19334.344075413162,618690.625,49.76612896406952,99071557632.0,0.0003,exported_float_payload,False
te_f0l4_seed42,TE F0L4,23630,2.4458436965942383,3.0018506050109863,0.05968663841485977,19322.557708003696,618314.3125,49.73579114251067,99113500672.0,0.0003,exported_float_payload,False
te_f0l4_seed42,TE F0L4,23640,2.4812612533569336,2.858456611633301,0.2187902182340622,19309.666382620886,617902.25,49.70260918614244,99155443712.0,0.0003,exported_float_payload,False
te_f0l4_seed42,TE F0L4,23650,2.4123711585998535,2.841087818145752,0.06315124779939651,19254.003835584324,616120.0625,49.55933515090828,99197386752.0,0.0003,exported_float_payload,False
te_f0l4_seed42,TE F0L4,23660,2.4542155265808105,2.8855600357055664,0.05252838507294655,19309.339175646815,617891.6875,49.70176696339073,99239329792.0,0.0003,exported_float_payload,False
te_f0l4_seed42,TE F0L4,23670,2.475736141204834,2.8346683979034424,0.06197601929306984,19325.476780437762,618407.4375,49.74330476359047,99281272832.0,0.0003,exported_float_payload,False
te_f0l4_seed42,TE F0L4,23680,2.4593522548675537,2.990844488143921,0.054804760962724686,18925.2581134564,605601.0625,48.71315169932642,99323215872.0,0.0003,exported_float_payload,False
te_f0l4_seed42,TE F0L4,23690,2.473973035812378,2.9513189792633057,0.053701650351285934,18762.66811874317,600398.625,48.29464902793475,99365158912.0,0.0003,exported_float_payload,False
te_f0l4_seed42,TE F0L4,23700,2.449962854385376,2.9612255096435547,0.05457993224263191,19264.485132324975,616456.4375,49.58631375247197,99407101952.0,0.0003,exported_float_payload,False
te_f0l4_seed42,TE F0L4,23710,2.554274559020996,4.937684059143066,0.05628233775496483,19317.08622450039,618139.375,49.721707677739985,99449044992.0,0.0003,exported_float_payload,False
te_f0l4_seed42,TE F0L4,23720,2.4379701614379883,2.823584794998169,0.05426109954714775,19303.955616897027,617719.375,49.687909814786025,99490988032.0,0.0003,exported_float_payload,False
te_f0l4_seed42,TE F0L4,23730,2.4596340656280518,2.793282985687256,0.04722028598189354,19307.956093336787,617847.5,49.69820694333832,99532931072.0,0.0003,exported_float_payload,False
te_f0l4_seed42,TE F0L4,23740,2.4306445121765137,2.8567168712615967,0.054004136472940445,18729.6202599588,599340.375,48.20958464737784,99574874112.0,0.0003,exported_float_payload,False
te_f0l4_seed42,TE F0L4,23750,2.47291898727417,2.826738119125366,0.06208077445626259,19282.90288660249,617044.125,49.633720601705036,99616817152.0,0.0003,exported_float_payload,False
te_f0l4_seed42,TE F0L4,23760,2.431459426879883,2.923428535461426,0.04606170952320099,19060.815272299344,609938.9375,49.062072512086736,99658760192.0,0.0003,exported_float_payload,False
te_f0l4_seed42,TE F0L4,23770,2.487842082977295,2.861363172531128,0.07793744653463364,18796.8329709631,601491.625,48.38258852228654,99700703232.0,0.0003,exported_float_payload,False
te_f0l4_seed42,TE F0L4,23780,2.427751064300537,2.8496193885803223,0.06285830587148666,18672.695634087762,597515.6875,48.06306205207904,99742646272.0,0.0003,exported_float_payload,False
te_f0l4_seed42,TE F0L4,23790,2.4558093547821045,3.043227434158325,0.05513511970639229,17752.21718030927,568064.625,45.693773015910445,99784589312.0,0.0003,exported_float_payload,False
te_f0l4_seed42,TE F0L4,23800,2.4730005264282227,2.8830788135528564,0.061399754136800766,19254.110860992452,616123.625,49.559610631692244,99826532352.0,0.0003,exported_float_payload,False
te_f0l4_seed42,TE F0L4,23810,2.4537644386291504,2.798888683319092,0.07355863600969315,19334.959244530062,618711.125,49.76771239433677,99868475392.0,0.0003,exported_float_payload,False
te_f0l4_seed42,TE F0L4,23820,2.483058452606201,2.9951181411743164,0.06700706481933594,18355.348299685113,587364,47.246217771834246,99910418432.0,0.0003,exported_float_payload,False
te_f0l4_seed42,TE F0L4,23830,2.443267345428467,2.8542442321777344,0.05288449674844742,19322.157105605365,618301.125,49.734760001731296,99952361472.0,0.0003,exported_float_payload,False
te_f0l4_seed42,TE F0L4,23840,2.4778859615325928,2.937201976776123,0.050738610327243805,18877.93485497003,604086.625,48.591342788941525,99994304512.0,0.0003,exported_float_payload,False
te_f0l4_seed42,TE F0L4,23850,2.4787559509277344,2.8146564960479736,0.06116693466901779,18577.03958633755,594457.875,47.81684572376904,100036247552.0,0.0003,exported_float_payload,False
te_f0l4_seed42,TE F0L4,23860,2.496776580810547,2.975733518600464,0.05422854796051979,18656.09218417192,596987.75,48.02032517791681,100078190592.0,0.0003,exported_float_payload,False
te_f0l4_seed42,TE F0L4,23870,2.466378688812256,2.7783024311065674,0.0523001030087471,19328.70333451271,618511.25,49.75160983489659,100120133632.0,0.0003,exported_float_payload,False
te_f0l4_seed42,TE F0L4,23880,2.4560160636901855,2.8835549354553223,0.06845338642597198,19029.615493054505,608940.375,48.981765043082724,100162076672.0,0.0003,exported_float_payload,False
te_f0l4_seed42,TE F0L4,23890,2.4624860286712646,2.848052978515625,0.050910964608192444,18673.97217870648,597560.25,48.06634784671866,100204019712.0,0.0003,exported_float_payload,False
te_f0l4_seed42,TE F0L4,23900,2.4797167778015137,3.3595168590545654,0.06519000232219696,19246.264818773372,615873.125,49.53941511084037,100245962752.0,0.0003,exported_float_payload,False
te_f0l4_seed42,TE F0L4,23910,2.4600260257720947,3.1843152046203613,0.06537041068077087,15359.046429012396,491485,39.53381001031081,100287905792.0,0.0003,exported_float_payload,False
te_f0l4_seed42,TE F0L4,23920,2.5101850032806396,3.8767542839050293,0.06407101452350616,18880.133302715876,604157.125,48.59700153969168,100329848832.0,0.0003,exported_float_payload,False
te_f0l4_seed42,TE F0L4,23930,2.4109604358673096,2.8874056339263916,0.0733695924282074,19305.890844677964,617780.875,49.692891043781714,100371791872.0,0.0003,exported_float_payload,False
te_f0l4_seed42,TE F0L4,23940,2.429070472717285,2.8920087814331055,0.06099461764097214,19331.528999974595,618601.5,49.75888302871361,100413734912.0,0.0003,exported_float_payload,False
te_f0l4_seed42,TE F0L4,23950,2.4268178939819336,2.8743252754211426,0.04602554067969322,17141.57190275951,548525.1875,44.121987000553105,100455677952.0,0.0003,exported_float_payload,False
te_f0l4_seed42,TE F0L4,23960,2.465580940246582,2.980168342590332,0.05814025551080704,18623.827576888034,595954.6875,47.937276867573196,100497620992.0,0.0003,exported_float_payload,False
te_f0l4_seed42,TE F0L4,23970,2.4566919803619385,2.914982795715332,0.05226420983672142,19323.16659595056,618333.75,49.7373584051998,100539564032.0,0.0003,exported_float_payload,False
te_f0l4_seed42,TE F0L4,23980,2.476081371307373,3.1030101776123047,0.05306580662727356,19317.03334030649,618137.5,49.721571555117805,100581507072.0,0.0003,exported_float_payload,False
te_f0l4_seed42,TE F0L4,23990,2.475966215133667,2.856877565383911,0.05939038470387459,18665.550549299303,597290.1875,48.04467077851658,100623450112.0,0.0003,exported_float_payload,False
te_f0l4_seed42,TE F0L4,24000,2.449404716491699,2.8504624366760254,0.05670560523867607,18660.478076967076,597126.125,48.03161435874523,100665393152.0,0.0003,exported_float_payload,False
te_f0l4_seed42,TE F0L4,24010,2.4485199451446533,2.844784736633301,0.05454279109835625,17330.03359295216,554555,44.60708278359758,100707336192.0,0.0003,exported_float_payload,False
te_f0l4_seed42,TE F0L4,24020,2.4705262184143066,2.9887232780456543,0.04978407174348831,19332.976347514315,618643.625,49.76260846589611,100749279232.0,0.0003,exported_float_payload,False
te_f0l4_seed42,TE F0L4,24030,2.4531502723693848,3.139528751373291,0.06940587610006332,19330.41218096804,618563.3125,49.756008363894736,100791222272.0,0.0003,exported_float_payload,False
te_f0l4_seed42,TE F0L4,24040,2.421001672744751,2.8928260803222656,0.04681038483977318,18719.49608194494,599016,48.18352526068607,100833165312.0,0.0003,exported_float_payload,False
te_f0l4_seed42,TE F0L4,24050,2.4290733337402344,2.8974201679229736,0.06540832668542862,18760.763461172664,600336.0625,48.289746485913334,100875108352.0,0.0003,exported_float_payload,False
te_f0l4_seed42,TE F0L4,24060,2.4207401275634766,2.9763574600219727,0.06301141530275345,18698.488309151646,598344.125,48.129451767114155,100917051392.0,0.0003,exported_float_payload,False
te_f0l4_seed42,TE F0L4,24070,2.4606831073760986,2.862522602081299,0.0684470385313034,18241.789103555635,583729.5625,46.9539191772922,100958994432.0,0.0003,exported_float_payload,False
te_f0l4_seed42,TE F0L4,24080,2.468540906906128,2.822604179382324,0.04895048215985298,19171.626125243594,613483.375,49.347296938461504,101000937472.0,0.0003,exported_float_payload,False
te_f0l4_seed42,TE F0L4,24090,2.4676451683044434,2.823604106903076,0.05272139608860016,18787.121986882346,601179.4375,48.357592686676824,101042880512.0,0.0003,exported_float_payload,False
te_f0l4_seed42,TE F0L4,24100,2.4516589641571045,2.843557596206665,0.05282596871256828,19261.707202164765,616366.625,49.57916342815442,101084823552.0,0.0003,exported_float_payload,False
te_f0l4_seed42,TE F0L4,24110,2.456753969192505,2.876293659210205,0.06456287950277328,19304.0775905616,617721.75,49.68822377201663,101126766592.0,0.0003,exported_float_payload,False
te_f0l4_seed42,TE F0L4,24120,2.4454634189605713,3.1816089153289795,0.05337312072515488,19339.263052953298,618848.5,49.77879029199867,101168709632.0,0.0003,exported_float_payload,False
te_f0l4_seed42,TE F0L4,24130,2.4399051666259766,2.79013729095459,0.044133201241493225,18413.912954371768,589236.625,47.39696176120903,101210652672.0,0.0003,exported_float_payload,False
te_f0l4_seed42,TE F0L4,24140,2.4508705139160156,2.848872184753418,0.06136631220579147,19321.875560229866,618292.3125,49.73403531081798,101252595712.0,0.0003,exported_float_payload,False
te_f0l4_seed42,TE F0L4,24150,2.4487245082855225,2.794013738632202,0.058630313724279404,18637.97215357329,596407.9375,47.97368466215444,101294538752.0,0.0003,exported_float_payload,False
te_f0l4_seed42,TE F0L4,24160,2.4494032859802246,2.770437240600586,0.050387218594551086,18927.245987074126,605662.8125,48.71826843741891,101336481792.0,0.0003,exported_float_payload,False
te_f0l4_seed42,TE F0L4,24170,2.4614555835723877,3.2466323375701904,0.055636290460824966,19318.677044892625,618189.5,49.72580241053722,101378424832.0,0.0003,exported_float_payload,False
te_f0l4_seed42,TE F0L4,24180,2.4007248878479004,2.7561445236206055,0.06325121223926544,19330.037285589387,618553.25,49.755043392355525,101420367872.0,0.0003,exported_float_payload,False
te_f0l4_seed42,TE F0L4,24190,2.4474618434906006,2.7643775939941406,0.05338867008686066,18262.33973115363,584388.5,47.00681599030769,101462310912.0,0.0003,exported_float_payload,False
te_f0l4_seed42,TE F0L4,24200,2.4386606216430664,2.902068614959717,0.0649375393986702,19278.290034784488,616896.5625,49.6218472339005,101504253952.0,0.0003,exported_float_payload,False
te_f0l4_seed42,TE F0L4,24210,2.4427366256713867,2.8694894313812256,0.05430580675601959,18645.173996165136,596638.875,47.9922220289152,101546196992.0,0.0003,exported_float_payload,False
te_f0l4_seed42,TE F0L4,24220,2.464524507522583,2.934575080871582,0.05661621317267418,18938.65771469812,606029.625,48.74764194532916,101588140032.0,0.0003,exported_float_payload,False
te_f0l4_seed42,TE F0L4,24230,2.457651376724243,2.915313720703125,0.059183213859796524,19319.013788070268,618200.875,49.72666917924378,101630083072.0,0.0003,exported_float_payload,False
te_f0l4_seed42,TE F0L4,24240,2.441437005996704,2.98537015914917,0.054265230894088745,19309.51531533912,617897.5,49.70222034265246,101672026112.0,0.0003,exported_float_payload,False
te_f0l4_seed42,TE F0L4,24250,2.467132091522217,2.8538026809692383,0.05283304676413536,19252.004454471,616057.125,49.55418879280345,101713969152.0,0.0003,exported_float_payload,False
te_f0l4_seed42,TE F0L4,24260,2.4593770503997803,2.7917118072509766,0.06715773791074753,19323.74847267625,618352.625,49.738856141666005,101755912192.0,0.0003,exported_float_payload,False
te_f0l4_seed42,TE F0L4,24270,2.4732437133789062,2.824842929840088,0.052394114434719086,18896.259442359835,604673.375,48.63850982888337,101797855232.0,0.0003,exported_float_payload,False
te_f0l4_seed42,TE F0L4,24280,2.4514145851135254,2.8297054767608643,0.057884689420461655,19314.77274000139,618065,49.71575282519963,101839798272.0,0.0003,exported_float_payload,False
te_f0l4_seed42,TE F0L4,24290,2.442051410675049,2.8458902835845947,0.06510572135448456,19319.49106529771,618215.6875,49.727897679158744,101881741312.0,0.0003,exported_float_payload,False
te_f0l4_seed42,TE F0L4,24300,2.477067708969116,2.821693181991577,0.06096924841403961,18029.988419775393,576952.375,46.40874939534498,101923684352.0,0.0003,exported_float_payload,False
te_f0l4_seed42,TE F0L4,24310,2.477052688598633,2.8547539710998535,0.05776836350560188,18233.700546342447,583470.8125,46.9330994287745,101965627392.0,0.0003,exported_float_payload,False
te_f0l4_seed42,TE F0L4,24320,2.45182728767395,2.845186233520508,0.04859669879078865,19348.34015544783,619139.5,49.802154531902595,102007570432.0,0.0003,exported_float_payload,False
te_f0l4_seed42,TE F0L4,24330,2.489931344985962,2.99777889251709,0.08660896122455597,18601.124869854706,595228.75,47.87884065470519,102049513472.0,0.0003,exported_float_payload,False
te_f0l4_seed42,TE F0L4,24340,2.4897773265838623,2.9183478355407715,0.06033416837453842,19330.033147061447,618553.4375,49.75503273988579,102091456512.0,0.0003,exported_float_payload,False
te_f0l4_seed42,TE F0L4,24350,2.450920581817627,2.9854736328125,0.06141621991991997,19245.43908946546,615847.5,49.537289703789234,102133399552.0,0.0003,exported_float_payload,False
te_f0l4_seed42,TE F0L4,24360,2.446460247039795,2.851935863494873,0.057533640414476395,19328.518875953538,618505.25,49.75113504307493,102175342592.0,0.0003,exported_float_payload,False
te_f0l4_seed42,TE F0L4,24370,2.484344959259033,2.8470702171325684,0.049573905766010284,19334.715593392855,618704,49.76708524226638,102217285632.0,0.0003,exported_float_payload,False
te_f0l4_seed42,TE F0L4,24380,2.468357563018799,2.827286720275879,0.05408545583486557,19266.41053331904,616517.75,49.59126968755849,102259228672.0,0.0003,exported_float_payload,False
te_f0l4_seed42,TE F0L4,24390,2.395819902420044,2.796842336654663,0.05630955472588539,19309.614754297,617900.25,49.702476296098965,102301171712.0,0.0003,exported_float_payload,False
te_f0l4_seed42,TE F0L4,24400,2.4558961391448975,3.2229905128479004,0.05138453468680382,16897.152058056454,540702.9375,43.492856295863795,102343114752.0,0.0003,exported_float_payload,False
te_f0l4_seed42,TE F0L4,24410,2.4536638259887695,2.926450252532959,0.05924121290445328,19341.110093340863,618907.8125,49.78354452879982,102385057792.0,0.0003,exported_float_payload,False
te_f0l4_seed42,TE F0L4,24420,2.4544708728790283,2.920137882232666,0.06328640133142471,18734.55067019571,599498.3125,48.22227540278897,102427000832.0,0.0003,exported_float_payload,False
te_f0l4_seed42,TE F0L4,24430,2.4543588161468506,2.8451247215270996,0.05350921303033829,19330.163305781847,618558.375,49.75536776524998,102468943872.0,0.0003,exported_float_payload,False
te_f0l4_seed42,TE F0L4,24440,2.47088360786438,2.9812369346618652,0.05381081625819206,19310.53295476681,617929.75,49.70483972166009,102510886912.0,0.0003,exported_float_payload,False
te_f0l4_seed42,TE F0L4,24450,2.454920530319214,2.7606351375579834,0.04921777918934822,19248.138098539122,615933.625,49.544236887159464,102552829952.0,0.0003,exported_float_payload,False
te_f0l4_seed42,TE F0L4,24460,2.4528708457946777,2.80389666557312,0.05917571485042572,18515.225901703147,592480.125,47.65773881074106,102594772992.0,0.0003,exported_float_payload,False
te_f0l4_seed42,TE F0L4,24470,2.467780113220215,2.960005283355713,0.05391758307814598,19312.644344434066,617995.0625,49.71027438704435,102636716032.0,0.0003,exported_float_payload,False
te_f0l4_seed42,TE F0L4,24480,2.4507317543029785,2.858790397644043,0.059178683906793594,18849.68852888929,603181.5625,48.51863743617589,102678659072.0,0.0003,exported_float_payload,False
te_f0l4_seed42,TE F0L4,24490,2.4828028678894043,3.0485990047454834,0.05910734459757805,18779.24746204485,600928.75,48.33732385226149,102720602112.0,0.0003,exported_float_payload,False
te_f0l4_seed42,TE F0L4,24500,2.4940268993377686,3.2792210578918457,0.049783725291490555,17707.524696901386,566634.125,45.57873565626038,102762545152.0,0.0003,exported_float_payload,False
te_f0l4_seed42,TE F0L4,24510,2.479921340942383,2.8559277057647705,0.05964493751525879,19321.064718667745,618265.9375,49.73194822446054,102804488192.0,0.0003,exported_float_payload,False
te_f0l4_seed42,TE F0L4,24520,2.4469947814941406,2.8291196823120117,0.06183108687400818,19325.350784988823,618403.0625,49.74298045438524,102846431232.0,0.0003,exported_float_payload,False
te_f0l4_seed42,TE F0L4,24530,2.4860081672668457,2.8801679611206055,0.05501943454146385,19301.175070700425,617628.5,49.680752756854766,102888374272.0,0.0003,exported_float_payload,False
te_f0l4_seed42,TE F0L4,24540,2.48016095161438,3.125631332397461,0.06672386825084686,19331.027560581064,618584.8125,49.75759233597386,102930317312.0,0.0003,exported_float_payload,False
te_f0l4_seed42,TE F0L4,24550,2.4308533668518066,2.88421630859375,0.0510823130607605,19239.605556762905,615659.3125,49.52227433323106,102972260352.0,0.0003,exported_float_payload,False
te_f0l4_seed42,TE F0L4,24560,2.4568984508514404,2.8106703758239746,0.05966319143772125,18044.07509409321,577404.4375,46.44500815064802,103014203392.0,0.0003,exported_float_payload,False
te_f0l4_seed42,TE F0L4,24570,2.5022122859954834,2.8788676261901855,0.0579473115503788,18534.435595537278,593094.8125,47.70718409303151,103056146432.0,0.0003,exported_float_payload,False
te_f0l4_seed42,TE F0L4,24580,2.4827778339385986,2.8152809143066406,0.059347964823246,19337.15168715258,618779.6875,49.77335568804629,103098089472.0,0.0003,exported_float_payload,False
te_f0l4_seed42,TE F0L4,24590,2.4944376945495605,3.023423671722412,0.05913309007883072,18914.7530951624,605264.5,48.68611203906435,103140032512.0,0.0003,exported_float_payload,False
te_f0l4_seed42,TE F0L4,24600,2.4391016960144043,2.791227102279663,0.04900774359703064,18760.147372678442,600317.5625,48.28816068919134,103181975552.0,0.0003,exported_float_payload,False
te_f0l4_seed42,TE F0L4,24610,2.4456892013549805,2.79366135597229,0.055475350469350815,19328.16517662093,618493.6875,49.75022462964004,103223918592.0,0.0003,exported_float_payload,False
te_f0l4_seed42,TE F0L4,24620,2.4199695587158203,2.8648793697357178,0.07500964403152466,19326.8315765353,618450.625,49.74679197562348,103265861632.0,0.0003,exported_float_payload,False
te_f0l4_seed42,TE F0L4,24630,2.4718017578125,2.8231019973754883,0.06084480881690979,18757.099385906506,600220.5,48.28031524575756,103307804672.0,0.0003,exported_float_payload,False
te_f0l4_seed42,TE F0L4,24640,2.463022470474243,2.8085269927978516,0.05064980313181877,17014.82687907143,544468.3125,43.79574840824232,103349747712.0,0.0003,exported_float_payload,False
te_f0l4_seed42,TE F0L4,24650,2.473271369934082,2.7902822494506836,0.054455194622278214,19260.420124834825,616326,49.57585052257363,103391690752.0,0.0003,exported_float_payload,False
te_f0l4_seed42,TE F0L4,24660,2.4773786067962646,2.903716564178467,0.05086120218038559,19313.217696524494,618015.3125,49.711750181307806,103433633792.0,0.0003,exported_float_payload,False
te_f0l4_seed42,TE F0L4,24670,2.4741225242614746,2.8654356002807617,0.05811825394630432,19304.711618697464,617742.375,49.68985574493762,103475576832.0,0.0003,exported_float_payload,False
te_f0l4_seed42,TE F0L4,24680,2.45920467376709,2.8335962295532227,0.05769887939095497,19315.82655010095,618098.8125,49.71846530663234,103517519872.0,0.0003,exported_float_payload,False
te_f0l4_seed42,TE F0L4,24690,2.4412145614624023,2.788863182067871,0.056795649230480194,18457.9085612341,590646.25,47.510205377668065,103559462912.0,0.0003,exported_float_payload,False
te_f0l4_seed42,TE F0L4,24700,2.4715309143066406,2.8059771060943604,0.07291031628847122,19266.129140597666,616508.5,49.590545389573165,103601405952.0,0.0003,exported_float_payload,False
te_f0l4_seed42,TE F0L4,24710,2.4503679275512695,2.9048709869384766,0.058808933943510056,19316.980732408723,618135.5,49.721436143675106,103643348992.0,0.0003,exported_float_payload,False
te_f0l4_seed42,TE F0L4,24720,2.459918260574341,2.8702473640441895,0.07779330760240555,19336.046998218255,618745.6875,49.770512245736775,103685292032.0,0.0003,exported_float_payload,False
te_f0l4_seed42,TE F0L4,24730,2.452601671218872,2.8204026222229004,0.0750749260187149,19334.629148612923,618699.6875,49.76686273551624,103727235072.0,0.0003,exported_float_payload,False
te_f0l4_seed42,TE F0L4,24740,2.4706668853759766,2.8913211822509766,0.06486981362104416,19320.46408854268,618247.4375,49.73040221720282,103769178112.0,0.0003,exported_float_payload,False
te_f0l4_seed42,TE F0L4,24750,2.487370014190674,2.8513975143432617,0.057024240493774414,18599.829239721348,595187.25,47.8755057344175,103811121152.0,0.0003,exported_float_payload,False
te_f0l4_seed42,TE F0L4,24760,2.455498456954956,2.8473501205444336,0.05092836543917656,18859.044573445768,603482,48.542719666127674,103853064192.0,0.0003,exported_float_payload,False
te_f0l4_seed42,TE F0L4,24770,2.4630491733551025,2.8682706356048584,0.07068274915218353,18897.584112438457,604715.625,48.641919497280206,103895007232.0,0.0003,exported_float_payload,False
te_f0l4_seed42,TE F0L4,24780,2.4706451892852783,2.9011192321777344,0.046764157712459564,18730.39375097982,599365.625,48.21157559435564,103936950272.0,0.0003,exported_float_payload,False
te_f0l4_seed42,TE F0L4,24790,2.43969464302063,2.844283103942871,0.05239102244377136,17627.432810672653,564071.75,45.37258109919406,103978893312.0,0.0003,exported_float_payload,False
te_f0l4_seed42,TE F0L4,24800,2.4573934078216553,2.8606796264648438,0.06828105449676514,18813.325121599108,602019.125,48.42503891482353,104020836352.0,0.0003,exported_float_payload,False
te_f0l4_seed42,TE F0L4,24810,2.4887328147888184,3.8700718879699707,0.054914768785238266,19319.89867289904,618228.5625,49.728946851159364,104062779392.0,0.0003,exported_float_payload,False
te_f0l4_seed42,TE F0L4,24820,2.43701171875,2.9128353595733643,0.06351839751005173,19314.20545795314,618047.1875,49.71429265507634,104104722432.0,0.0003,exported_float_payload,False
te_f0l4_seed42,TE F0L4,24830,2.4677581787109375,2.9454126358032227,0.05601819232106209,19315.65601742322,618093.75,49.71802635968906,104146665472.0,0.0003,exported_float_payload,False
te_f0l4_seed42,TE F0L4,24840,2.4440860748291016,3.003380298614502,0.053905829787254333,19331.197221168073,618589.6875,49.75802903817696,104188608512.0,0.0003,exported_float_payload,False
te_f0l4_seed42,TE F0L4,24850,2.454164505004883,2.7942323684692383,0.0557921938598156,18458.28952615577,590657.75,47.51118597206262,104230551552.0,0.0003,exported_float_payload,False
te_f0l4_seed42,TE F0L4,24860,2.475192070007324,2.813882827758789,0.05315474048256874,19318.605249101198,618188.3125,49.72561760992536,104272494592.0,0.0003,exported_float_payload,False
te_f0l4_seed42,TE F0L4,24870,2.461862325668335,2.8721773624420166,0.05347181856632233,19323.739920031407,618352.1875,49.73883412736728,104314437632.0,0.0003,exported_float_payload,False
te_f0l4_seed42,TE F0L4,24880,2.44844913482666,2.7909188270568848,0.04848036542534828,19316.792296790263,618129.1875,49.72095111500006,104356380672.0,0.0003,exported_float_payload,False
te_f0l4_seed42,TE F0L4,24890,2.456839084625244,3.146174430847168,0.0504969023168087,18698.493711004663,598344.6875,48.12946567135176,104398323712.0,0.0003,exported_float_payload,False
te_f0l4_seed42,TE F0L4,24900,2.474393367767334,2.8810901641845703,0.08276646584272385,19275.21955499156,616799.0625,49.6139438939806,104440266752.0,0.0003,exported_float_payload,False
te_f0l4_seed42,TE F0L4,24910,2.44161319732666,2.8045568466186523,0.05039490386843681,17459.420812227014,558695.3125,44.940122322752316,104482209792.0,0.0003,exported_float_payload,False
te_f0l4_seed42,TE F0L4,24920,2.5015883445739746,2.9047908782958984,0.04910241439938545,19311.488733135866,617959,49.70729987181517,104524152832.0,0.0003,exported_float_payload,False
te_f0l4_seed42,TE F0L4,24930,2.467447280883789,2.8818464279174805,0.05921979248523712,19333.97108433597,618679.125,49.76516889415572,104566095872.0,0.0003,exported_float_payload,False
te_f0l4_seed42,TE F0L4,24940,2.4534623622894287,2.8571605682373047,0.05325036123394966,18492.611126918226,591757.375,47.59952893333068,104608038912.0,0.0003,exported_float_payload,False
te_f0l4_seed42,TE F0L4,24950,2.496561050415039,2.860466480255127,0.049540065228939056,18579.09240479536,594523.5625,47.822129628292146,104649981952.0,0.0003,exported_float_payload,False
te_f0l4_seed42,TE F0L4,24960,2.4887123107910156,2.7941060066223145,0.060315318405628204,19296.953490799708,617494.3125,49.669886513399504,104691924992.0,0.0003,exported_float_payload,False
te_f0l4_seed42,TE F0L4,24970,2.461287021636963,2.889531135559082,0.09348315000534058,19319.687433233332,618222.6875,49.72840312542423,104733868032.0,0.0003,exported_float_payload,False
te_f0l4_seed42,TE F0L4,24980,2.4607717990875244,2.8330705165863037,0.05208677053451538,18931.788241640203,605810.375,48.72996008962295,104775811072.0,0.0003,exported_float_payload,False
te_f0l4_seed42,TE F0L4,24990,2.443204641342163,2.8123161792755127,0.04656461998820305,19321.997917764926,618296.25,49.73435025612183,104817754112.0,0.0003,exported_float_payload,False
te_f0l4_seed42,TE F0L4,25000,2.437142848968506,2.8360562324523926,0.06176251173019409,19229.558832178613,615337.4375,49.49641430977342,104859697152.0,0.0003,exported_float_payload,False
te_f0l4_seed42,TE F0L4,25010,2.4490387439727783,2.8581418991088867,0.04728003218770027,16891.284799392088,540514.5,43.47775411550445,104901640192.0,0.0003,exported_float_payload,False
te_f0l4_seed42,TE F0L4,25020,2.478817939758301,3.200449228286743,0.06470654904842377,18759.35566545899,600290.5,48.28612285416413,104943583232.0,0.0003,exported_float_payload,False
te_f0l4_seed42,TE F0L4,25030,2.5116922855377197,3.804600715637207,0.06451046466827393,19307.76447714687,617840.375,49.6977137279501,104985526272.0,0.0003,exported_float_payload,False
te_f0l4_seed42,TE F0L4,25040,2.441889762878418,2.844931125640869,0.05265006050467491,18640.26488872943,596481.25,47.979586106393555,105027469312.0,0.0003,exported_float_payload,False
te_f0l4_seed42,TE F0L4,25050,2.500457763671875,2.8969264030456543,0.06412672996520996,19256.998347157303,616215.1875,49.56704295048731,105069412352.0,0.0003,exported_float_payload,False
te_f0l4_seed42,TE F0L4,25060,2.4603843688964844,2.915168285369873,0.04633740708231926,18577.439925778035,594469.125,47.81787618770135,105111355392.0,0.0003,exported_float_payload,False
te_f0l4_seed42,TE F0L4,25070,2.4572739601135254,2.849100351333618,0.04767806455492973,19315.061583984545,618073.8125,49.71649630255062,105153298432.0,0.0003,exported_float_payload,False
te_f0l4_seed42,TE F0L4,25080,2.497377872467041,2.8657538890838623,0.04823729023337364,18816.417564364587,602117.0625,48.432998786897834,105195241472.0,0.0003,exported_float_payload,False
te_f0l4_seed42,TE F0L4,25090,2.4583661556243896,3.1079535484313965,0.05546391010284424,18754.6604329357,600141.0625,48.27403744043823,105237184512.0,0.0003,exported_float_payload,False
te_f0l4_seed42,TE F0L4,25100,2.482907772064209,2.7833948135375977,0.051923397928476334,19250.52593846362,616007.6875,49.550383128747214,105279127552.0,0.0003,exported_float_payload,False
te_f0l4_seed42,TE F0L4,25110,2.491705894470215,3.0244648456573486,0.05381571501493454,19325.70132685121,618412.5625,49.74388274056897,105321070592.0,0.0003,exported_float_payload,False
te_f0l4_seed42,TE F0L4,25120,2.4587607383728027,2.81390643119812,0.04812021553516388,19336.22481913767,618751.125,49.77096995243599,105363013632.0,0.0003,exported_float_payload,False
te_f0l4_seed42,TE F0L4,25130,2.4667725563049316,2.8155901432037354,0.07531307637691498,18843.105266822044,602972.8125,48.501692280562374,105404956672.0,0.0003,exported_float_payload,False
te_f0l4_seed42,TE F0L4,25140,2.464639663696289,2.785414695739746,0.05674241483211517,18734.071057134144,599483,48.22104089049408,105446899712.0,0.0003,exported_float_payload,False
te_f0l4_seed42,TE F0L4,25150,2.4684648513793945,2.9392731189727783,0.043771613389253616,18675.463553694462,597607.0625,48.070186609476586,105488842752.0,0.0003,exported_float_payload,False
te_f0l4_seed42,TE F0L4,25160,2.469604969024658,2.806675910949707,0.050287146121263504,19316.124546529725,618109.25,49.7192323421546,105530785792.0,0.0003,exported_float_payload,False
te_f0l4_seed42,TE F0L4,25170,2.4281017780303955,2.809269905090332,0.07468867301940918,18684.439220127133,597894.75,48.09328975543718,105572728832.0,0.0003,exported_float_payload,False
te_f0l4_seed42,TE F0L4,25180,2.429250478744507,2.8516104221343994,0.05247509479522705,19324.33884448087,618371.125,49.74037574425768,105614671872.0,0.0003,exported_float_payload,False
te_f0l4_seed42,TE F0L4,25190,2.447653293609619,2.8347558975219727,0.06832659244537354,19319.37639800359,618212.75,49.72760252834706,105656614912.0,0.0003,exported_float_payload,False
te_f0l4_seed42,TE F0L4,25200,2.4557619094848633,2.799412488937378,0.0703585222363472,18533.712993111236,593072.8125,47.705324132053065,105698557952.0,0.0003,exported_float_payload,False
te_f0l4_seed42,TE F0L4,25210,2.4957923889160156,2.8314461708068848,0.058235008269548416,18832.950516854176,602647,48.47555420240841,105740500992.0,0.0003,exported_float_payload,False
te_f0l4_seed42,TE F0L4,25220,2.4531073570251465,2.7969346046447754,0.05033671110868454,19312.37576883793,617987.8125,49.709583080026036,105782444032.0,0.0003,exported_float_payload,False
te_f0l4_seed42,TE F0L4,25230,2.445289134979248,2.818645477294922,0.04606371745467186,18895.046411604966,604633.8125,48.635387517376515,105824387072.0,0.0003,exported_float_payload,False
te_f0l4_seed42,TE F0L4,25240,2.4260969161987305,2.816011667251587,0.07560048252344131,18737.15089748494,599581.625,48.22896832426109,105866330112.0,0.0003,exported_float_payload,False
te_f0l4_seed42,TE F0L4,25250,2.473294496536255,2.786674737930298,0.05631118267774582,18522.193022406733,592703.6875,47.67567200909992,105908273152.0,0.0003,exported_float_payload,False
te_f0l4_seed42,TE F0L4,25260,2.416652202606201,2.8103339672088623,0.05712928622961044,19307.537103673978,617834.125,49.69712847418971,105950216192.0,0.0003,exported_float_payload,False
te_f0l4_seed42,TE F0L4,25270,2.462829113006592,2.877439022064209,0.05518738180398941,18660.85031522163,597140.3125,48.03257249091197,105992159232.0,0.0003,exported_float_payload,False
te_f0l4_seed42,TE F0L4,25280,2.4343154430389404,2.8338003158569336,0.05239326134324074,18624.832216017643,595988,47.9398627841314,106034102272.0,0.0003,exported_float_payload,False
te_f0l4_seed42,TE F0L4,25290,2.41471004486084,2.704819440841675,0.04821951687335968,19305.095162160094,617755.5625,49.69084297643356,106076045312.0,0.0003,exported_float_payload,False
te_f0l4_seed42,TE F0L4,25300,2.4614315032958984,2.8564367294311523,0.05208025500178337,19263.728851895616,616431.875,49.584367105136344,106117988352.0,0.0003,exported_float_payload,False
te_f0l4_seed42,TE F0L4,25310,2.441394329071045,2.9303956031799316,0.06173110753297806,19301.24222405294,617630.875,49.68092560794238,106159931392.0,0.0003,exported_float_payload,False
te_f0l4_seed42,TE F0L4,25320,2.4539988040924072,2.959507465362549,0.06206008046865463,18648.765651889156,596752.8125,48.001466862940035,106201874432.0,0.0003,exported_float_payload,False
te_f0l4_seed42,TE F0L4,25330,2.409670114517212,2.8094985485076904,0.0612231083214283,19319.75701671175,618224.8125,49.72858223159649,106243817472.0,0.0003,exported_float_payload,False
te_f0l4_seed42,TE F0L4,25340,2.4474291801452637,2.837189197540283,0.04979315400123596,19302.51953647009,617672.875,49.68421337887638,106285760512.0,0.0003,exported_float_payload,False
te_f0l4_seed42,TE F0L4,25350,2.471414089202881,2.7591536045074463,0.05703059956431389,19275.369836649308,616804.9375,49.614330715293555,106327703552.0,0.0003,exported_float_payload,False
te_f0l4_seed42,TE F0L4,25360,2.4946694374084473,3.09737491607666,0.054560933262109756,19312.554982449332,617994.4375,49.71004437148037,106369646592.0,0.0003,exported_float_payload,False
te_f0l4_seed42,TE F0L4,25370,2.4394164085388184,2.7717251777648926,0.062354926019907,19309.903337522173,617908.5,49.70321910226528,106411589632.0,0.0003,exported_float_payload,False
te_f0l4_seed42,TE F0L4,25380,2.4636762142181396,2.810093879699707,0.10309820622205734,19324.531395835966,618377.25,49.74087136673821,106453532672.0,0.0003,exported_float_payload,False
te_f0l4_seed42,TE F0L4,25390,2.4117960929870605,2.768155813217163,0.05028150975704193,18460.149156394724,590717.4375,47.515972614833444,106495475712.0,0.0003,exported_float_payload,False
te_f0l4_seed42,TE F0L4,25400,2.4547371864318848,2.8888938426971436,0.0522724948823452,19269.057941928888,616601.875,49.59808405259639,106537418752.0,0.0003,exported_float_payload,False
te_f0l4_seed42,TE F0L4,25410,2.4718587398529053,2.965127944946289,0.05768251791596413,18455.71067361854,590576.5,47.50454806867958,106579361792.0,0.0003,exported_float_payload,False
te_f0l4_seed42,TE F0L4,25420,2.448413372039795,2.844064950942993,0.05546362325549126,19298.946819749028,617559.25,49.675017293382155,106621304832.0,0.0003,exported_float_payload,False
te_f0l4_seed42,TE F0L4,25430,2.412177562713623,2.8667523860931396,0.051514264196157455,19295.27770329365,617442.125,49.66557307732856,106663247872.0,0.0003,exported_float_payload,False
te_f0l4_seed42,TE F0L4,25440,2.4582571983337402,2.8930978775024414,0.07245834171772003,18586.617278351,594764.125,47.84149846885626,106705190912.0,0.0003,exported_float_payload,False
te_f0l4_seed42,TE F0L4,25450,2.470341682434082,2.9651050567626953,0.06358501315116882,19282.575429914115,617034.5,49.63287773619482,106747133952.0,0.0003,exported_float_payload,False
te_f0l4_seed42,TE F0L4,25460,2.4997220039367676,2.87160325050354,0.05492066219449043,19303.29469424085,617697.0625,49.68620861602726,106789076992.0,0.0003,exported_float_payload,False
te_f0l4_seed42,TE F0L4,25470,2.419904947280884,2.791499614715576,0.06697957217693329,19297.280831145436,617505.0625,49.670729079446595,106831020032.0,0.0003,exported_float_payload,False
te_f0l4_seed42,TE F0L4,25480,2.437696933746338,2.7873029708862305,0.04514636844396591,19305.104561589473,617755.5625,49.69086717033498,106872963072.0,0.0003,exported_float_payload,False
te_f0l4_seed42,TE F0L4,25490,2.4585623741149902,3.376325845718384,0.049411047250032425,19323.00869888184,618329.125,49.73695198200518,106914906112.0,0.0003,exported_float_payload,False
te_f0l4_seed42,TE F0L4,25500,2.454298973083496,2.8550868034362793,0.04860983416438103,19284.86636013641,617108.25,49.638774534578346,106956849152.0,0.0003,exported_float_payload,False
te_f0l4_seed42,TE F0L4,25510,2.4868927001953125,2.894298553466797,0.04226560518145561,19307.032668742922,617817.375,49.6958300710096,106998792192.0,0.0003,exported_float_payload,False
te_f0l4_seed42,TE F0L4,25520,2.4582619667053223,2.852947235107422,0.04836680740118027,18858.902359371656,603478.375,48.542353610577756,107040735232.0,0.0003,exported_float_payload,False
te_f0l4_seed42,TE F0L4,25530,2.43526554107666,2.790087938308716,0.04723883420228958,18765.784613401138,600497.8125,48.302670808992296,107082678272.0,0.0003,exported_float_payload,False
te_f0l4_seed42,TE F0L4,25540,2.453666925430298,2.917560577392578,0.04979633167386055,19316.207970634325,618111.125,49.719447073760286,107124621312.0,0.0003,exported_float_payload,False
te_f0l4_seed42,TE F0L4,25550,2.4466702938079834,2.7555761337280273,0.04892457649111748,18415.132850243885,589276.9375,47.40010174335983,107166564352.0,0.0003,exported_float_payload,False
te_f0l4_seed42,TE F0L4,25560,2.4653701782226562,3.0413990020751953,0.06264696270227432,19324.581324554725,618379.375,49.74099988203964,107208507392.0,0.0003,exported_float_payload,False
te_f0l4_seed42,TE F0L4,25570,2.5000553131103516,3.5338363647460938,0.050460539758205414,19308.545696849713,617865.8125,49.699724568365966,107250450432.0,0.0003,exported_float_payload,False
te_f0l4_seed42,TE F0L4,25580,2.4557113647460938,2.897988796234131,0.05563432723283768,19320.792884813363,618257.5,49.73124853076515,107292393472.0,0.0003,exported_float_payload,False
te_f0l4_seed42,TE F0L4,25590,2.4107961654663086,2.9188008308410645,0.06448451429605484,17993.56889249115,575787.375,46.315006422499934,107334336512.0,0.0003,exported_float_payload,False
te_f0l4_seed42,TE F0L4,25600,2.447648048400879,2.9186816215515137,0.05600849911570549,18618.511658297222,595785.375,47.923593823084026,107376279552.0,0.0003,exported_float_payload,False
te_f0l4_seed42,TE F0L4,25610,2.4823036193847656,2.9191107749938965,0.05525330454111099,19326.534129981686,618441.25,49.746026355466455,107418222592.0,0.0003,exported_float_payload,False
te_f0l4_seed42,TE F0L4,25620,2.4420294761657715,2.8688647747039795,0.05041355639696121,19323.573928583963,618347.0625,49.738406869439714,107460165632.0,0.0003,exported_float_payload,False
te_f0l4_seed42,TE F0L4,25630,2.435558557510376,2.852785110473633,0.19530577957630157,19323.984845994597,618360.0625,49.73946456080858,107502108672.0,0.0003,exported_float_payload,False
te_f0l4_seed42,TE F0L4,25640,2.4471588134765625,2.829430103302002,0.049751490354537964,19318.890801642727,618196.6875,49.72635261518606,107544051712.0,0.0003,exported_float_payload,False
te_f0l4_seed42,TE F0L4,25650,2.4176430702209473,2.8797168731689453,0.047336313873529434,19291.530224034766,617321.5,49.655927157334574,107585994752.0,0.0003,exported_float_payload,False
te_f0l4_seed42,TE F0L4,25660,2.4618492126464844,2.8687992095947266,0.05793055146932602,19312.854637426986,618003.5,49.710815676066886,107627937792.0,0.0003,exported_float_payload,False
te_f0l4_seed42,TE F0L4,25670,2.4509944915771484,2.861555576324463,0.04966137930750847,19324.923264378333,618390,49.741880026785864,107669880832.0,0.0003,exported_float_payload,False
te_f0l4_seed42,TE F0L4,25680,2.423342704772949,2.906341314315796,0.04981563612818718,19309.43353330819,617894,49.70200983770426,107711823872.0,0.0003,exported_float_payload,False
te_f0l4_seed42,TE F0L4,25690,2.4531593322753906,3.0507025718688965,0.055646274238824844,19305.4146181328,617765.5625,49.69166524829724,107753766912.0,0.0003,exported_float_payload,False
te_f0l4_seed42,TE F0L4,25700,2.4422006607055664,2.792184352874756,0.05292679741978645,19280.927076188313,616982.125,49.628634914003555,107795709952.0,0.0003,exported_float_payload,False
te_f0l4_seed42,TE F0L4,25710,2.4656388759613037,3.1936731338500977,0.0580592043697834,18456.7401952642,590608.75,47.50719803222576,107837652992.0,0.0003,exported_float_payload,False
te_f0l4_seed42,TE F0L4,25720,2.4378647804260254,2.846452474594116,0.054746709764003754,19309.58373668849,617898.9375,49.702396457532984,107879596032.0,0.0003,exported_float_payload,False
te_f0l4_seed42,TE F0L4,25730,2.496163845062256,3.3894662857055664,0.04993477463722229,19314.487146962787,618055.875,49.71501771570045,107921539072.0,0.0003,exported_float_payload,False
te_f0l4_seed42,TE F0L4,25740,2.463836908340454,2.9957308769226074,0.05652793124318123,18662.442975070564,597190.9375,48.03667195842578,107963482112.0,0.0003,exported_float_payload,False
te_f0l4_seed42,TE F0L4,25750,2.43721342086792,3.0400052070617676,0.04480506852269173,18556.90378085892,593813.125,47.76501665274723,108005425152.0,0.0003,exported_float_payload,False
te_f0l4_seed42,TE F0L4,25760,2.47074031829834,2.8681702613830566,0.056666288524866104,19323.188884054078,618334.5625,49.737415774233355,108047368192.0,0.0003,exported_float_payload,False
te_f0l4_seed42,TE F0L4,25770,2.44801664352417,2.808739423751831,0.06431158632040024,19314.976479625322,618071.25,49.716277246010605,108089311232.0,0.0003,exported_float_payload,False
te_f0l4_seed42,TE F0L4,25780,2.412534713745117,2.786345958709717,0.05149446055293083,18451.86517484436,590452.875,47.49464984884958,108131254272.0,0.0003,exported_float_payload,False
te_f0l4_seed42,TE F0L4,25790,2.4731788635253906,2.8119311332702637,0.05205944925546646,18535.481604531684,593128.5,47.70987649461029,108173197312.0,0.0003,exported_float_payload,False
te_f0l4_seed42,TE F0L4,25800,2.457064151763916,2.8989768028259277,0.0580720417201519,19290.707136164496,617295.625,49.65380854927935,108215140352.0,0.0003,exported_float_payload,False
te_f0l4_seed42,TE F0L4,25810,2.463977813720703,2.8385138511657715,0.05881333723664284,18138.226965856866,580416.875,46.68735276674271,108257083392.0,0.0003,exported_float_payload,False
te_f0l4_seed42,TE F0L4,25820,2.448948860168457,2.847539186477661,0.05252106115221977,19310.634689236627,617932.875,49.705101583698195,108299026432.0,0.0003,exported_float_payload,False
te_f0l4_seed42,TE F0L4,25830,2.4511494636535645,2.8170323371887207,0.05337775498628616,19334.180791555173,618686.5,49.76570867541102,108340969472.0,0.0003,exported_float_payload,False
te_f0l4_seed42,TE F0L4,25840,2.461789131164551,2.816830635070801,0.05490625277161598,18571.53598564618,594282.75,47.80267959014149,108382912512.0,0.0003,exported_float_payload,False
te_f0l4_seed42,TE F0L4,25850,2.4361276626586914,2.8388564586639404,0.055651307106018066,19307.92626404427,617846.4375,49.69813016346864,108424855552.0,0.0003,exported_float_payload,False
te_f0l4_seed42,TE F0L4,25860,2.413233995437622,2.9001290798187256,0.06361107528209686,19323.225550801035,618335.8125,49.737510153543596,108466798592.0,0.0003,exported_float_payload,False
te_f0l4_seed42,TE F0L4,25870,2.4272513389587402,2.7368955612182617,0.04532401263713837,19173.718199584368,613551.3125,49.35268188666762,108508741632.0,0.0003,exported_float_payload,False
te_f0l4_seed42,TE F0L4,25880,2.4290952682495117,2.879424571990967,0.06903886049985886,19297.626981968824,617516.625,49.6716200632033,108550684672.0,0.0003,exported_float_payload,False
te_f0l4_seed42,TE F0L4,25890,2.4596683979034424,2.9018168449401855,0.05540864169597626,19313.85890799959,618035.875,49.71340064396836,108592627712.0,0.0003,exported_float_payload,False
te_f0l4_seed42,TE F0L4,25900,2.4264845848083496,3.2328784465789795,0.05066031962633133,19272.59689196109,616715.8125,49.60719322345903,108634570752.0,0.0003,exported_float_payload,False
te_f0l4_seed42,TE F0L4,25910,2.440749406814575,3.0906639099121094,0.06718297302722931,19308.737912672183,617872.5,49.70021932719371,108676513792.0,0.0003,exported_float_payload,False
te_f0l4_seed42,TE F0L4,25920,2.409012794494629,2.82926607131958,0.05797345191240311,19305.381655159796,617764.625,49.69158040241061,108718456832.0,0.0003,exported_float_payload,False
te_f0l4_seed42,TE F0L4,25930,2.4481449127197266,3.0504369735717773,0.050966259092092514,19305.974581632872,617783.125,49.69310658065644,108760399872.0,0.0003,exported_float_payload,False
te_f0l4_seed42,TE F0L4,25940,2.464416027069092,2.800036907196045,0.04534931480884552,18877.737019777906,604079.9375,48.59083356599367,108802342912.0,0.0003,exported_float_payload,False
te_f0l4_seed42,TE F0L4,25950,2.492276430130005,3.221146821975708,0.06256607174873352,19262.232370307687,616384.5,49.580515198115,108844285952.0,0.0003,exported_float_payload,False
te_f0l4_seed42,TE F0L4,25960,2.47330379486084,3.029895544052124,0.05650608241558075,19325.336864438927,618403.8125,49.74294462323014,108886228992.0,0.0003,exported_float_payload,False
te_f0l4_seed42,TE F0L4,25970,2.423522710800171,2.7785818576812744,0.057795874774456024,19304.94682981051,617750.5625,49.69046117259216,108928172032.0,0.0003,exported_float_payload,False
te_f0l4_seed42,TE F0L4,25980,2.4249966144561768,2.8101449012756348,0.047088220715522766,19327.702982465566,618479,49.74903495318385,108970115072.0,0.0003,exported_float_payload,False
te_f0l4_seed42,TE F0L4,25990,2.4165918827056885,2.8080711364746094,0.04419407621026039,19330.446215561646,618566.5625,49.75609596810659,109012058112.0,0.0003,exported_float_payload,False
te_f0l4_seed42,TE F0L4,26000,2.446310520172119,2.91334867477417,0.06689107418060303,18440.64706472009,590094.25,47.46577470765008,109054001152.0,0.0003,exported_float_payload,False
te_f0l4_seed42,TE F0L4,26010,2.4221699237823486,3.1587398052215576,0.0576891154050827,17330.469339734776,554569.1875,44.60820438516289,109095944192.0,0.0003,exported_float_payload,False
te_f0l4_seed42,TE F0L4,26020,2.4307401180267334,2.8237335681915283,0.05491928383708,19332.40416100372,618626.75,49.76113567180665,109137887232.0,0.0003,exported_float_payload,False
te_f0l4_seed42,TE F0L4,26030,2.458570957183838,2.933960437774658,0.05494355782866478,19348.973924938447,619156.25,49.80378583907705,109179830272.0,0.0003,exported_float_payload,False
te_f0l4_seed42,TE F0L4,26040,2.413057327270508,2.889237403869629,0.04630115628242493,19324.2195617121,618366.625,49.7400687133271,109221773312.0,0.0003,exported_float_payload,False
te_f0l4_seed42,TE F0L4,26050,2.4507861137390137,2.8286375999450684,0.05567324534058571,19280.23309293914,616958.8125,49.62684861808669,109263716352.0,0.0003,exported_float_payload,False
te_f0l4_seed42,TE F0L4,26060,2.437544584274292,2.818171501159668,0.056721411645412445,19321.261305863794,618271.5625,49.732454235097,109305659392.0,0.0003,exported_float_payload,False
te_f0l4_seed42,TE F0L4,26070,2.433133840560913,2.8151423931121826,0.057120803743600845,19299.28126239419,617569.125,49.67587814057434,109347602432.0,0.0003,exported_float_payload,False
te_f0l4_seed42,TE F0L4,26080,2.4634530544281006,2.9614343643188477,0.06082441657781601,19316.040673253712,618104.1875,49.71901645439267,109389545472.0,0.0003,exported_float_payload,False
te_f0l4_seed42,TE F0L4,26090,2.456582546234131,2.79719877243042,0.05708911269903183,19326.933301271485,618453.4375,49.747053812607454,109431488512.0,0.0003,exported_float_payload,False
te_f0l4_seed42,TE F0L4,26100,2.459932327270508,2.8913638591766357,0.048004306852817535,19273.01757353556,616728.1875,49.60827604754689,109473431552.0,0.0003,exported_float_payload,False
te_f0l4_seed42,TE F0L4,26110,2.4442138671875,2.9509174823760986,0.05438707768917084,18629.007726251486,596118.6875,47.95061044539044,109515374592.0,0.0003,exported_float_payload,False
te_f0l4_seed42,TE F0L4,26120,2.4181604385375977,2.80511474609375,0.05164813995361328,18261.75328309777,584367.8125,47.005306487349394,109557317632.0,0.0003,exported_float_payload,False
te_f0l4_seed42,TE F0L4,26130,2.4604029655456543,3.751944065093994,0.047170061618089676,19324.985476575937,618392.375,49.74204015946153,109599260672.0,0.0003,exported_float_payload,False
te_f0l4_seed42,TE F0L4,26140,2.3867058753967285,2.768202066421509,0.08152543753385544,18760.550924092284,600329.5625,48.289199420664545,109641203712.0,0.0003,exported_float_payload,False
te_f0l4_seed42,TE F0L4,26150,2.4349513053894043,2.834083318710327,0.048726413398981094,19296.88323275264,617493.125,49.66970567090402,109683146752.0,0.0003,exported_float_payload,False
te_f0l4_seed42,TE F0L4,26160,2.4571726322174072,2.8013322353363037,0.0565800741314888,17588.172284773907,562815.125,45.271525465372015,109725089792.0,0.0003,exported_float_payload,False
te_f0l4_seed42,TE F0L4,26170,2.441610813140869,2.8365070819854736,0.0558600090444088,18614.506147135173,595657.5,47.91328373527965,109767032832.0,0.0003,exported_float_payload,False
te_f0l4_seed42,TE F0L4,26180,2.4318926334381104,2.805788993835449,0.06018288433551788,19333.024114798372,618650.125,49.762731417717454,109808975872.0,0.0003,exported_float_payload,False
te_f0l4_seed42,TE F0L4,26190,2.4451305866241455,2.8189845085144043,0.04965755715966225,19306.75756557384,617808.25,49.6951219621781,109850918912.0,0.0003,exported_float_payload,False
te_f0l4_seed42,TE F0L4,26200,2.464869499206543,2.821462631225586,0.05120113119482994,19274.936232826483,616789.5,49.61321462965435,109892861952.0,0.0003,exported_float_payload,False
te_f0l4_seed42,TE F0L4,26210,2.4684431552886963,2.8776369094848633,0.05136504024267197,18760.041259556165,600312.75,48.28788755660885,109934804992.0,0.0003,exported_float_payload,False
te_f0l4_seed42,TE F0L4,26220,2.46163272857666,2.86728835105896,0.04823959991335869,19333.17185963656,618651.25,49.763111709318885,109976748032.0,0.0003,exported_float_payload,False
te_f0l4_seed42,TE F0L4,26230,2.4053475856781006,2.8542768955230713,0.05077914148569107,19304.63603388546,617741.125,49.689661191479416,110018691072.0,0.0003,exported_float_payload,False
te_f0l4_seed42,TE F0L4,26240,2.4394359588623047,2.814727783203125,0.05287531390786171,18546.51706233984,593481.8125,47.73828149321361,110060634112.0,0.0003,exported_float_payload,False
te_f0l4_seed42,TE F0L4,26250,2.4295268058776855,2.8131794929504395,0.06287123262882233,19288.237104083455,617216.125,49.64745074709009,110102577152.0,0.0003,exported_float_payload,False
te_f0l4_seed42,TE F0L4,26260,2.4520373344421387,2.7997474670410156,0.05398836359381676,19323.374609637147,618340.25,49.73789382734356,110144520192.0,0.0003,exported_float_payload,False
te_f0l4_seed42,TE F0L4,26270,2.454986333847046,2.822094440460205,0.07529166340827942,19317.336461322844,618147.0625,49.722351781203194,110186463232.0,0.0003,exported_float_payload,False
te_f0l4_seed42,TE F0L4,26280,2.4399681091308594,2.800734519958496,0.06485172361135483,19339.041229509177,618841.625,49.77821932387664,110228406272.0,0.0003,exported_float_payload,False
te_f0l4_seed42,TE F0L4,26290,2.4053826332092285,2.7378158569335938,0.05854343622922897,19329.199478760576,618525.5,49.752886898060865,110270349312.0,0.0003,exported_float_payload,False
te_f0l4_seed42,TE F0L4,26300,2.417220115661621,2.9182162284851074,0.06744755804538727,19284.78634638521,617105.75,49.638568581138934,110312292352.0,0.0003,exported_float_payload,False
te_f0l4_seed42,TE F0L4,26310,2.459188461303711,2.9608397483825684,0.06557853519916534,19327.731250050052,618480.375,49.749107713255235,110354235392.0,0.0003,exported_float_payload,False
te_f0l4_seed42,TE F0L4,26320,2.426419258117676,2.880796194076538,0.06245410069823265,19332.570414666323,618635.125,49.76156360466962,110396178432.0,0.0003,exported_float_payload,False
te_f0l4_seed42,TE F0L4,26330,2.439507484436035,2.787799835205078,0.05005306378006935,19299.653656177725,617580.6875,49.67683667306888,110438121472.0,0.0003,exported_float_payload,False
te_f0l4_seed42,TE F0L4,26340,2.4297282695770264,2.899771213531494,0.06923925876617432,18458.80555799485,590675.1875,47.51251422540046,110480064512.0,0.0003,exported_float_payload,False
te_f0l4_seed42,TE F0L4,26350,2.4413580894470215,2.8869423866271973,0.05051647871732712,19278.649461238572,616909.6875,49.622772388806055,110522007552.0,0.0003,exported_float_payload,False
te_f0l4_seed42,TE F0L4,26360,2.490659713745117,2.8654026985168457,0.048195287585258484,19306.852791901943,617812.375,49.69536707241855,110563950592.0,0.0003,exported_float_payload,False
te_f0l4_seed42,TE F0L4,26370,2.4393835067749023,2.890486478805542,0.061974186450242996,18709.744265577687,598705.1875,48.15842432376916,110605893632.0,0.0003,exported_float_payload,False
te_f0l4_seed42,TE F0L4,26380,2.4281911849975586,2.7885704040527344,0.06256047636270523,19323.395949464302,618341.3125,49.73794875553694,110647836672.0,0.0003,exported_float_payload,False
te_f0l4_seed42,TE F0L4,26390,2.4384772777557373,2.8574633598327637,0.059923578053712845,18072.386002334297,578309.625,46.51787973631549,110689779712.0,0.0003,exported_float_payload,False
te_f0l4_seed42,TE F0L4,26400,2.4189836978912354,2.7670388221740723,0.05561286211013794,19299.702017723874,617582.375,49.676961154506316,110731722752.0,0.0003,exported_float_payload,False
te_f0l4_seed42,TE F0L4,26410,2.4412567615509033,2.8065686225891113,0.054311834275722504,19331.623285988255,618604,49.75912571860767,110773665792.0,0.0003,exported_float_payload,False
te_f0l4_seed42,TE F0L4,26420,2.394171714782715,2.869215488433838,0.06109289079904556,18581.160758615595,594590.5,47.82745352045832,110815608832.0,0.0003,exported_float_payload,False
te_f0l4_seed42,TE F0L4,26430,2.4423828125,2.761866569519043,0.046352237462997437,19300.323580841727,617602.375,49.6785610427757,110857551872.0,0.0003,exported_float_payload,False
te_f0l4_seed42,TE F0L4,26440,2.428321361541748,2.9159674644470215,0.05498797073960304,19319.623729397637,618220.5625,49.72823915330858,110899494912.0,0.0003,exported_float_payload,False
te_f0l4_seed42,TE F0L4,26450,2.4898874759674072,2.9039626121520996,0.05710446089506149,19260.877355788994,616341.375,49.57702742387127,110941437952.0,0.0003,exported_float_payload,False
te_f0l4_seed42,TE F0L4,26460,2.438302516937256,2.7582569122314453,0.05786525458097458,19311.389591795305,617956.3125,49.707044684428375,110983380992.0,0.0003,exported_float_payload,False
te_f0l4_seed42,TE F0L4,26470,2.3987178802490234,2.788661003112793,0.052813902497291565,19310.76085507654,617937.625,49.70542633148563,111025324032.0,0.0003,exported_float_payload,False
te_f0l4_seed42,TE F0L4,26480,2.457878351211548,3.1809844970703125,0.05492682754993439,19307.582973297154,617835.375,49.69724654147834,111067267072.0,0.0003,exported_float_payload,False
te_f0l4_seed42,TE F0L4,26490,2.456599473953247,2.9923810958862305,0.0580739788711071,19315.00515692379,618073.0625,49.71635106067576,111109210112.0,0.0003,exported_float_payload,False
te_f0l4_seed42,TE F0L4,26500,2.4605932235717773,2.8678483963012695,0.0516604408621788,19283.962220212405,617079.375,49.63644730051837,111151153152.0,0.0003,exported_float_payload,False
te_f0l4_seed42,TE F0L4,26510,2.438716173171997,2.7832741737365723,0.057161878794431686,19324.546930107346,618378.4375,49.74091135157296,111193096192.0,0.0003,exported_float_payload,False
te_f0l4_seed42,TE F0L4,26520,2.451446056365967,2.7787930965423584,0.05120328441262245,18444.99747294202,590233.375,47.47697255205454,111235039232.0,0.0003,exported_float_payload,False
te_f0l4_seed42,TE F0L4,26530,2.40004301071167,2.744013786315918,0.05542886257171631,19318.47564109875,618183.375,49.725284002095705,111276982272.0,0.0003,exported_float_payload,False
te_f0l4_seed42,TE F0L4,26540,2.4790587425231934,3.110792636871338,0.05188280716538429,19292.404005549957,617349.375,49.658176249592465,111318925312.0,0.0003,exported_float_payload,False
te_f0l4_seed42,TE F0L4,26550,2.445432662963867,2.9106736183166504,0.0753989964723587,19268.481563816993,616583.375,49.59660046942767,111360868352.0,0.0003,exported_float_payload,False
te_f0l4_seed42,TE F0L4,26560,2.47416615486145,2.900414228439331,0.06409871578216553,18445.74888345258,590256.6875,47.47890666433824,111402811392.0,0.0003,exported_float_payload,False
te_f0l4_seed42,TE F0L4,26570,2.4518511295318604,2.9836957454681396,0.062085337936878204,19342.404693451954,618949.6875,49.78687679783538,111444754432.0,0.0003,exported_float_payload,False
te_f0l4_seed42,TE F0L4,26580,2.4412789344787598,2.80446195602417,0.047720760107040405,19329.222153506293,618527.625,49.752945262301985,111486697472.0,0.0003,exported_float_payload,False
te_f0l4_seed42,TE F0L4,26590,2.4388492107391357,2.8431191444396973,0.0567462295293808,19320.478311864477,618248.0625,49.7304388276854,111528640512.0,0.0003,exported_float_payload,False
te_f0l4_seed42,TE F0L4,26600,2.4541101455688477,3.007800340652466,0.06073768809437752,18105.224495729224,579361.5625,46.60240521547855,111570583552.0,0.0003,exported_float_payload,False
te_f0l4_seed42,TE F0L4,26610,2.470917224884033,2.9235265254974365,0.06070883199572563,18546.29702736298,593473.5625,47.73771512856259,111612526592.0,0.0003,exported_float_payload,False
te_f0l4_seed42,TE F0L4,26620,2.4344935417175293,2.776395320892334,0.04853132739663124,19320.501959715024,618247.5625,49.73049969667456,111654469632.0,0.0003,exported_float_payload,False
te_f0l4_seed42,TE F0L4,26630,2.4226250648498535,2.830711841583252,0.04873530939221382,19310.954993646832,617943.125,49.70592603941926,111696412672.0,0.0003,exported_float_payload,False
te_f0l4_seed42,TE F0L4,26640,2.4231739044189453,2.8171157836914062,0.052724797278642654,19330.58767860168,618572.0625,49.75646009051316,111738355712.0,0.0003,exported_float_payload,False
te_f0l4_seed42,TE F0L4,26650,2.414947748184204,2.74330735206604,0.04571595415472984,19296.89917054758,617493.6875,49.66974669439854,111780298752.0,0.0003,exported_float_payload,False
te_f0l4_seed42,TE F0L4,26660,2.4661853313446045,3.20974063873291,0.07458673417568207,19339.263351122587,618849.1875,49.77879105947913,111822241792.0,0.0003,exported_float_payload,False
te_f0l4_seed42,TE F0L4,26670,2.433986186981201,2.8130850791931152,0.05245761200785637,18891.88769650101,604532.4375,48.627257061923196,111864184832.0,0.0003,exported_float_payload,False
te_f0l4_seed42,TE F0L4,26680,2.472635507583618,2.9626355171203613,0.07039399445056915,19324.909813855033,618389.0625,49.74184540546773,111906127872.0,0.0003,exported_float_payload,False
te_f0l4_seed42,TE F0L4,26690,2.4514050483703613,2.8076319694519043,0.04673142731189728,19322.685538409103,618318.4375,49.73612017484899,111948070912.0,0.0003,exported_float_payload,False
te_f0l4_seed42,TE F0L4,26700,2.4056310653686523,2.729057788848877,0.04931459203362465,19260.73130507704,616335.625,49.576651492909356,111990013952.0,0.0003,exported_float_payload,False
te_f0l4_seed42,TE F0L4,26710,2.4510021209716797,2.8818986415863037,0.06091059744358063,18817.619361729518,602157.125,48.436092183933624,112031956992.0,0.0003,exported_float_payload,False
te_f0l4_seed42,TE F0L4,26720,2.4396729469299316,2.7682437896728516,0.0571015328168869,19320.55731658388,618250.375,49.73064218390163,112073900032.0,0.0003,exported_float_payload,False
te_f0l4_seed42,TE F0L4,26730,2.430910587310791,2.8923540115356445,0.05250280722975731,18610.74662490352,595536,47.90360681696818,112115843072.0,0.0003,exported_float_payload,False
te_f0l4_seed42,TE F0L4,26740,2.455423355102539,3.167126178741455,0.054430022835731506,17451.019938341997,558426.75,44.91849867875685,112157786112.0,0.0003,exported_float_payload,False
te_f0l4_seed42,TE F0L4,26750,2.467643976211548,2.991939067840576,0.06079110875725746,19292.708007557707,617358.4375,49.65895874332817,112199729152.0,0.0003,exported_float_payload,False
te_f0l4_seed42,TE F0L4,26760,2.4447450637817383,2.899679660797119,0.05185984447598457,19321.999106721916,618295.875,49.73435331646805,112241672192.0,0.0003,exported_float_payload,False
te_f0l4_seed42,TE F0L4,26770,2.4336681365966797,2.8936123847961426,0.052963003516197205,19311.1892458768,617951,49.7065289989322,112283615232.0,0.0003,exported_float_payload,False
te_f0l4_seed42,TE F0L4,26780,2.433591365814209,2.7568137645721436,0.054448019713163376,19318.37708113096,618180.8125,49.72503031114821,112325558272.0,0.0003,exported_float_payload,False
te_f0l4_seed42,TE F0L4,26790,2.4257733821868896,2.7831954956054688,0.050591371953487396,18807.349099633273,601827.25,48.40965678038526,112367501312.0,0.0003,exported_float_payload,False
te_f0l4_seed42,TE F0L4,26800,2.447084426879883,2.9093246459960938,0.05707036703824997,19279.8520218576,616947.4375,49.625867750439234,112409444352.0,0.0003,exported_float_payload,False
te_f0l4_seed42,TE F0L4,26810,2.410740375518799,2.7753028869628906,0.06230232119560242,19322.354462335392,618307.25,49.7352679931294,112451387392.0,0.0003,exported_float_payload,False
te_f0l4_seed42,TE F0L4,26820,2.4290435314178467,2.8465800285339355,0.05059989169239998,19303.662963439067,617709.375,49.687156531940026,112493330432.0,0.0003,exported_float_payload,False
te_f0l4_seed42,TE F0L4,26830,2.3844738006591797,2.831943988800049,0.05503499135375023,19294.61849708585,617420.1875,49.663876296665954,112535273472.0,0.0003,exported_float_payload,False
te_f0l4_seed42,TE F0L4,26840,2.4364333152770996,2.755873441696167,0.05609375983476639,19307.19868231547,617822.375,49.69625738588663,112577216512.0,0.0003,exported_float_payload,False
te_f0l4_seed42,TE F0L4,26850,2.427290439605713,2.942200183868408,0.05427812412381172,19263.54224294336,616426.0625,49.583886778255454,112619159552.0,0.0003,exported_float_payload,False
te_f0l4_seed42,TE F0L4,26860,2.425665855407715,2.881920337677002,0.05530453473329544,18457.76609027725,590642.125,47.509838660908265,112661102592.0,0.0003,exported_float_payload,False
te_f0l4_seed42,TE F0L4,26870,2.426762104034424,2.7727210521698,0.04708195850253105,19308.189106483933,617854.6875,49.69880671348237,112703045632.0,0.0003,exported_float_payload,False
te_f0l4_seed42,TE F0L4,26880,2.406351327896118,2.7367236614227295,0.05095376819372177,18587.573567636788,594795.125,47.84395993409851,112744988672.0,0.0003,exported_float_payload,False
te_f0l4_seed42,TE F0L4,26890,2.4251868724823,2.8702099323272705,0.04871445149183273,19304.55881508497,617737.9375,49.6894624321748,112786931712.0,0.0003,exported_float_payload,False
te_f0l4_seed42,TE F0L4,26900,2.431859254837036,2.811321973800659,0.057210735976696014,19268.15621091498,616574.0625,49.59576301901212,112828874752.0,0.0003,exported_float_payload,False
te_f0l4_seed42,TE F0L4,26910,2.4466373920440674,3.085440158843994,0.047386035323143005,19311.948283361296,617974.75,49.70848274286035,112870817792.0,0.0003,exported_float_payload,False
te_f0l4_seed42,TE F0L4,26920,2.411952495574951,2.800119638442993,0.07215740531682968,19328.509521400432,618504.9375,49.75111096468393,112912760832.0,0.0003,exported_float_payload,False
te_f0l4_seed42,TE F0L4,26930,2.4432365894317627,2.7813398838043213,0.050140947103500366,19303.105960021694,617691.875,49.68572281876133,112954703872.0,0.0003,exported_float_payload,False
te_f0l4_seed42,TE F0L4,26940,2.421262741088867,2.7860069274902344,0.05303899198770523,19304.228355911564,617727,49.688611838341515,112996646912.0,0.0003,exported_float_payload,False
te_f0l4_seed42,TE F0L4,26950,2.4598278999328613,2.831425189971924,0.06656154990196228,19263.151251975763,616412.125,49.58288037706381,113038589952.0,0.0003,exported_float_payload,False
te_f0l4_seed42,TE F0L4,26960,2.4499058723449707,3.009141206741333,0.06709308177232742,19315.093910949294,618074.4375,49.71657951136754,113080532992.0,0.0003,exported_float_payload,False
te_f0l4_seed42,TE F0L4,26970,2.450218439102173,2.938387155532837,0.05908295512199402,19310.221935235073,617918.5,49.704039164989204,113122476032.0,0.0003,exported_float_payload,False
te_f0l4_seed42,TE F0L4,26980,2.42681884765625,2.8628458976745605,0.05623119696974754,19312.918032665715,618006,49.71097885386149,113164419072.0,0.0003,exported_float_payload,False
te_f0l4_seed42,TE F0L4,26990,2.405930519104004,2.78633451461792,0.05077921599149704,19311.85528439664,617972,49.70824336579896,113206362112.0,0.0003,exported_float_payload,False
te_f0l4_seed42,TE F0L4,27000,2.445213794708252,2.8870604038238525,0.06044447422027588,19265.894097998633,616502.0625,49.58994039566957,113248305152.0,0.0003,exported_float_payload,False
te_f0l4_seed42,TE F0L4,27010,2.427002191543579,2.8438937664031982,0.056917086243629456,17236.134780718574,551550.3125,44.36538953654649,113290248192.0,0.0003,exported_float_payload,False
te_f0l4_seed42,TE F0L4,27020,2.445559024810791,2.773303985595703,0.060449883341789246,19318.665243480104,618185.25,49.72577203398992,113332191232.0,0.0003,exported_float_payload,False
te_f0l4_seed42,TE F0L4,27030,2.418457508087158,2.9073495864868164,0.05851772800087929,19316.51613304703,618120,49.72024027627663,113374134272.0,0.0003,exported_float_payload,False
te_f0l4_seed42,TE F0L4,27040,2.4424357414245605,2.8140709400177,0.05393671244382858,19309.031417557828,617878.8125,49.70097480159375,113416077312.0,0.0003,exported_float_payload,False
te_f0l4_seed42,TE F0L4,27050,2.415062665939331,2.8556466102600098,0.06019796431064606,19270.118501813675,616635.4375,49.600813907811265,113458020352.0,0.0003,exported_float_payload,False
te_f0l4_seed42,TE F0L4,27060,2.427288770675659,2.8206381797790527,0.05298840254545212,19310.78212942754,617932.375,49.705481091144996,113499963392.0,0.0003,exported_float_payload,False
te_f0l4_seed42,TE F0L4,27070,2.438505172729492,2.917783737182617,0.06657605618238449,19308.11239010098,617851.375,49.69860924738821,113541906432.0,0.0003,exported_float_payload,False
te_f0l4_seed42,TE F0L4,27080,2.4191839694976807,2.8994805812835693,0.05403677746653557,18887.34754848916,604386.75,48.615570831938236,113583849472.0,0.0003,exported_float_payload,False
te_f0l4_seed42,TE F0L4,27090,2.416334867477417,2.752260446548462,0.05347093939781189,18599.059837388584,595162.6875,47.87352531162331,113625792512.0,0.0003,exported_float_payload,False
te_f0l4_seed42,TE F0L4,27100,2.403210163116455,2.812767505645752,0.054191671311855316,19269.57767413496,616618.1875,49.599421830588405,113667735552.0,0.0003,exported_float_payload,False
te_f0l4_seed42,TE F0L4,27110,2.441883087158203,2.8509104251861572,0.060876596719026566,19322.805909850853,618322.3125,49.736430007997214,113709678592.0,0.0003,exported_float_payload,False
te_f0l4_seed42,TE F0L4,27120,2.4441046714782715,2.8091719150543213,0.05055800825357437,19326.248584723267,618429.625,49.745291368952294,113751621632.0,0.0003,exported_float_payload,False
te_f0l4_seed42,TE F0L4,27130,2.4592323303222656,2.946101665496826,0.0562235452234745,19321.31940478171,618276.3125,49.732603780291306,113793564672.0,0.0003,exported_float_payload,False
te_f0l4_seed42,TE F0L4,27140,2.443563938140869,3.016947031021118,0.06064944341778755,19313.57342759316,618027.9375,49.71266582438164,113835507712.0,0.0003,exported_float_payload,False
te_f0l4_seed42,TE F0L4,27150,2.4175238609313965,2.7623610496520996,0.045058365911245346,18868.19273033341,603774.875,48.56626679830232,113877450752.0,0.0003,exported_float_payload,False
te_f0l4_seed42,TE F0L4,27160,2.4135189056396484,2.832977533340454,0.06509751826524734,18592.31643504983,594947.375,47.85616795886605,113919393792.0,0.0003,exported_float_payload,False
te_f0l4_seed42,TE F0L4,27170,2.43587589263916,2.825387477874756,0.05384301766753197,19321.737836542194,618288.0625,49.73368081341298,113961336832.0,0.0003,exported_float_payload,False
te_f0l4_seed42,TE F0L4,27180,2.4412484169006348,2.8301241397857666,0.051559340208768845,18829.03951396964,602521.75,48.465487376599825,114003279872.0,0.0003,exported_float_payload,False
te_f0l4_seed42,TE F0L4,27190,2.402585983276367,2.822737693786621,0.05681546777486801,19322.66398844796,618317,49.73606470577586,114045222912.0,0.0003,exported_float_payload,False
te_f0l4_seed42,TE F0L4,27200,2.4109766483306885,2.8173234462738037,0.053200237452983856,19283.67309521123,617069.125,49.635703099833876,114087165952.0,0.0003,exported_float_payload,False
te_f0l4_seed42,TE F0L4,27210,2.439687967300415,2.767470121383667,0.048852939158678055,19303.192517110914,617694.3125,49.68594561459283,114129108992.0,0.0003,exported_float_payload,False
te_f0l4_seed42,TE F0L4,27220,2.4564566612243652,2.849334239959717,0.059505242854356766,19316.173543154753,618110.5625,49.719358458269554,114171052032.0,0.0003,exported_float_payload,False
te_f0l4_seed42,TE F0L4,27230,2.419130325317383,2.8296713829040527,0.050757504999637604,19313.046409789178,618009,49.71130929343872,114212995072.0,0.0003,exported_float_payload,False
te_f0l4_seed42,TE F0L4,27240,2.4088618755340576,2.860957145690918,0.05747245252132416,16175.336568656892,517605.875,41.63492087309441,114254938112.0,0.0003,exported_float_payload,False
te_f0l4_seed42,TE F0L4,27250,2.4693775177001953,3.0091185569763184,0.05077005922794342,19334.373280121905,618692.3125,49.76620413627583,114296881152.0,0.0003,exported_float_payload,False
te_f0l4_seed42,TE F0L4,27260,2.4476470947265625,2.843719482421875,0.05332738533616066,19338.15301382525,618813.5,49.77593307842131,114338824192.0,0.0003,exported_float_payload,False
te_f0l4_seed42,TE F0L4,27270,2.4418866634368896,2.8257975578308105,0.052395887672901154,19311.630859820132,617963.625,49.70766570242576,114380767232.0,0.0003,exported_float_payload,False
te_f0l4_seed42,TE F0L4,27280,2.437178134918213,2.8231167793273926,0.05696512386202812,19318.439631715355,618182.75,49.72519131482321,114422710272.0,0.0003,exported_float_payload,False
te_f0l4_seed42,TE F0L4,27290,2.435063362121582,2.7795708179473877,0.05790207162499428,18875.484922554366,604008,48.58503672279955,114464653312.0,0.0003,exported_float_payload,False
te_f0l4_seed42,TE F0L4,27300,2.4655399322509766,3.666114330291748,0.04926687106490135,18338.738753847552,586832.75,47.203465206918544,114506596352.0,0.0003,exported_float_payload,False
te_f0l4_seed42,TE F0L4,27310,2.4486477375030518,2.802253246307373,0.05403980612754822,19350.484714260656,619208.5,49.80767457385663,114548539392.0,0.0003,exported_float_payload,False
te_f0l4_seed42,TE F0L4,27320,2.422921895980835,2.8324694633483887,0.05824693292379379,19315.63505601786,618091.5625,49.71797240554413,114590482432.0,0.0003,exported_float_payload,False
te_f0l4_seed42,TE F0L4,27330,2.4257259368896484,2.844919204711914,0.07004553824663162,19324.967926225767,618391,49.74199498528927,114632425472.0,0.0003,exported_float_payload,False
te_f0l4_seed42,TE F0L4,27340,2.427968978881836,2.9196386337280273,0.05181809142231941,19322.378390143887,618308.875,49.73532958272349,114674368512.0,0.0003,exported_float_payload,False
te_f0l4_seed42,TE F0L4,27350,2.4116318225860596,2.7631847858428955,0.0516287237405777,19284.47435403599,617096.375,49.637765520459624,114716311552.0,0.0003,exported_float_payload,False
te_f0l4_seed42,TE F0L4,27360,2.4056520462036133,2.817136287689209,0.05749370530247688,19324.60245424034,618380.4375,49.74105426933383,114758254592.0,0.0003,exported_float_payload,False
te_f0l4_seed42,TE F0L4,27370,2.453831911087036,2.908855438232422,0.05468164011836052,19310.782722156207,617937.9375,49.70548261681409,114800197632.0,0.0003,exported_float_payload,False
te_f0l4_seed42,TE F0L4,27380,2.475205421447754,2.9340860843658447,0.05508216470479965,19327.239442451708,618464.75,49.747841812520804,114842140672.0,0.0003,exported_float_payload,False
te_f0l4_seed42,TE F0L4,27390,2.441093921661377,2.894318103790283,0.04765342175960541,19322.63703163154,618317.3125,49.735995319589435,114884083712.0,0.0003,exported_float_payload,False
te_f0l4_seed42,TE F0L4,27400,2.471268892288208,2.8582725524902344,0.0648345872759819,18379.201727404394,588128.125,47.30761591161507,114926026752.0,0.0003,exported_float_payload,False
te_f0l4_seed42,TE F0L4,27410,2.4559288024902344,3.0703012943267822,0.05637542903423309,19341.025282635183,618905.375,49.78332622811685,114967969792.0,0.0003,exported_float_payload,False
te_f0l4_seed42,TE F0L4,27420,2.4447803497314453,2.832012891769409,0.05786937475204468,19334.445136320464,618694.625,49.766389092374176,115009912832.0,0.0003,exported_float_payload,False
te_f0l4_seed42,TE F0L4,27430,2.4676003456115723,2.8445682525634766,0.045660074800252914,19336.421301574668,618758.3125,49.77147569342522,115051855872.0,0.0003,exported_float_payload,False
te_f0l4_seed42,TE F0L4,27440,2.4475321769714355,2.8646740913391113,0.04837915301322937,17754.741353688023,568145.9375,45.70027017647636,115093798912.0,0.0003,exported_float_payload,False
te_f0l4_seed42,TE F0L4,27450,2.3922576904296875,2.723611354827881,0.0496281236410141,19283.40157716889,617061.4375,49.63500421903096,115135741952.0,0.0003,exported_float_payload,False
te_f0l4_seed42,TE F0L4,27460,2.4775779247283936,2.884265899658203,0.05581120774149895,19324.508021506488,618376.0625,49.74081120178559,115177684992.0,0.0003,exported_float_payload,False
te_f0l4_seed42,TE F0L4,27470,2.4729185104370117,2.809920310974121,0.05385972186923027,19326.37107408335,618438.1875,49.74560665357052,115219628032.0,0.0003,exported_float_payload,False
te_f0l4_seed42,TE F0L4,27480,2.465333938598633,2.8673408031463623,0.057170893996953964,19318.197051182316,618174.9375,49.724566918461775,115261571072.0,0.0003,exported_float_payload,False
te_f0l4_seed42,TE F0L4,27490,2.435655117034912,2.8746562004089355,0.046695277094841,19330.204891619167,618558.1875,49.75547480617855,115303514112.0,0.0003,exported_float_payload,False
te_f0l4_seed42,TE F0L4,27500,2.477440118789673,3.341994285583496,0.046274732798337936,19295.651099469083,617452.9375,49.66653418995534,115345457152.0,0.0003,exported_float_payload,False
te_f0l4_seed42,TE F0L4,27510,2.4560248851776123,2.8470144271850586,0.06569184362888336,19327.960767147233,618488.0625,49.74969848465214,115387400192.0,0.0003,exported_float_payload,False
te_f0l4_seed42,TE F0L4,27520,2.4344589710235596,2.8405919075012207,0.06065894290804863,19342.43297002968,618950.75,49.78694958105515,115429343232.0,0.0003,exported_float_payload,False
te_f0l4_seed42,TE F0L4,27530,2.4454643726348877,2.9100022315979004,0.05007100850343704,18884.756539892725,604305.625,48.60890163915599,115471286272.0,0.0003,exported_float_payload,False
te_f0l4_seed42,TE F0L4,27540,2.431140422821045,2.8079946041107178,0.07134921848773956,19341.545709623606,618921.5,49.78466579446165,115513229312.0,0.0003,exported_float_payload,False
te_f0l4_seed42,TE F0L4,27550,2.4476518630981445,3.010267734527588,0.05893637239933014,19303.670032285452,617709,49.68717472697781,115555172352.0,0.0003,exported_float_payload,False
te_f0l4_seed42,TE F0L4,27560,2.4330873489379883,2.8265109062194824,0.04685559496283531,19344.262646643376,619009.875,49.79165912392686,115597115392.0,0.0003,exported_float_payload,False
te_f0l4_seed42,TE F0L4,27570,2.4389753341674805,2.726853370666504,0.05620738863945007,19335.369122590877,618725.625,49.76876741044461,115639058432.0,0.0003,exported_float_payload,False
te_f0l4_seed42,TE F0L4,27580,2.44974422454834,3.3050577640533447,0.05836211517453194,19323.91040099664,618357.9375,49.73927294120387,115681001472.0,0.0003,exported_float_payload,False
te_f0l4_seed42,TE F0L4,27590,2.4379162788391113,2.7645206451416016,0.05212753266096115,19332.52382819204,618633.5,49.76144369222376,115722944512.0,0.0003,exported_float_payload,False
te_f0l4_seed42,TE F0L4,27600,2.457119941711426,2.99080753326416,0.052490729838609695,18317.365203380425,586149.1875,47.148450210556724,115764887552.0,0.0003,exported_float_payload,False
te_f0l4_seed42,TE F0L4,27610,2.4300477504730225,2.804036855697632,0.055100955069065094,19338.42456553093,618821.5,49.77663204587284,115806830592.0,0.0003,exported_float_payload,False
te_f0l4_seed42,TE F0L4,27620,2.4362685680389404,2.9672751426696777,0.0561562217772007,19343.799527029798,618994.1875,49.79046706536386,115848773632.0,0.0003,exported_float_payload,False
te_f0l4_seed42,TE F0L4,27630,2.4270052909851074,2.85669207572937,0.0514221154153347,19332.01029454557,618617.1875,49.760121869172615,115890716672.0,0.0003,exported_float_payload,False
te_f0l4_seed42,TE F0L4,27640,2.4472227096557617,2.8416945934295654,0.06656031310558319,19326.898406384338,618452.9375,49.74696399402105,115932659712.0,0.0003,exported_float_payload,False
te_f0l4_seed42,TE F0L4,27650,2.397822856903076,2.7083187103271484,0.05550025776028633,19278.747405509537,616912.125,49.62302449496498,115974602752.0,0.0003,exported_float_payload,False
te_f0l4_seed42,TE F0L4,27660,2.440122127532959,2.8080668449401855,0.047426652163267136,19317.21561579879,618143.4375,49.72204072777871,116016545792.0,0.0003,exported_float_payload,False
te_f0l4_seed42,TE F0L4,27670,2.4534432888031006,2.8140268325805664,0.050865575671195984,19318.400994316544,618181.4375,49.72509186310327,116058488832.0,0.0003,exported_float_payload,False
te_f0l4_seed42,TE F0L4,27680,2.383657455444336,2.7931928634643555,0.05659911409020424,19328.656945857074,618509.6875,49.7514904316311,116100431872.0,0.0003,exported_float_payload,False
te_f0l4_seed42,TE F0L4,27690,2.446469306945801,2.7774267196655273,0.04870079457759857,18365.872653138027,587701.875,47.27330720032266,116142374912.0,0.0003,exported_float_payload,False
te_f0l4_seed42,TE F0L4,27700,2.430751323699951,2.857375144958496,0.051175981760025024,19305.00221700646,617752.1875,49.69060373788042,116184317952.0,0.0003,exported_float_payload,False
te_f0l4_seed42,TE F0L4,27710,2.447173595428467,2.819736957550049,0.07305236905813217,19332.051077341,618618.5,49.760226843091,116226260992.0,0.0003,exported_float_payload,False
te_f0l4_seed42,TE F0L4,27720,2.4564547538757324,2.9435601234436035,0.05524627864360809,19319.89554308429,618228.8125,49.72893879509273,116268204032.0,0.0003,exported_float_payload,False
te_f0l4_seed42,TE F0L4,27730,2.487426519393921,4.728265762329102,0.05721932649612427,19332.890909669546,618645.625,49.76238855097245,116310147072.0,0.0003,exported_float_payload,False
te_f0l4_seed42,TE F0L4,27740,2.435560464859009,2.8491601943969727,0.050344809889793396,19323.07721323669,618330.875,49.73712833627953,116352090112.0,0.0003,exported_float_payload,False
te_f0l4_seed42,TE F0L4,27750,2.4300377368927,2.8514513969421387,0.06342339515686035,19298.75732053007,617553.125,49.67452952702542,116394033152.0,0.0003,exported_float_payload,False
te_f0l4_seed42,TE F0L4,27760,2.4206151962280273,2.8045451641082764,0.05323464050889015,19321.30140087296,618275,49.73255743867035,116435976192.0,0.0003,exported_float_payload,False
te_f0l4_seed42,TE F0L4,27770,2.423825740814209,2.7671473026275635,0.052410077303647995,19333.22929985544,618656.4375,49.763259559037984,116477919232.0,0.0003,exported_float_payload,False
te_f0l4_seed42,TE F0L4,27780,2.435746669769287,2.8588967323303223,0.06033901870250702,19320.58146618692,618252.6875,49.730704344389444,116519862272.0,0.0003,exported_float_payload,False
te_f0l4_seed42,TE F0L4,27790,2.435366153717041,2.8943734169006348,0.05809128284454346,18243.148851108082,583774.0625,46.95741913424909,116561805312.0,0.0003,exported_float_payload,False
te_f0l4_seed42,TE F0L4,27800,2.4463467597961426,2.903930187225342,0.05473596602678299,18668.11759897992,597373.25,48.05127830163525,116603748352.0,0.0003,exported_float_payload,False
te_f0l4_seed42,TE F0L4,27810,2.425783634185791,2.7381365299224854,0.04418976977467537,19338.75635224626,618832.5,49.77748605676657,116645691392.0,0.0003,exported_float_payload,False
te_f0l4_seed42,TE F0L4,27820,2.368867874145508,2.8089914321899414,0.04706327244639397,19337.61861034567,618796.5625,49.77455753692997,116687634432.0,0.0003,exported_float_payload,False
te_f0l4_seed42,TE F0L4,27830,2.409464120864868,2.781602144241333,0.05019470676779747,19331.583819671436,618602.875,49.75902413327305,116729577472.0,0.0003,exported_float_payload,False
te_f0l4_seed42,TE F0L4,27840,2.396263599395752,2.7569451332092285,0.04604141414165497,19341.585220347624,618924,49.78476749409932,116771520512.0,0.0003,exported_float_payload,False
te_f0l4_seed42,TE F0L4,27850,2.416353940963745,2.7534754276275635,0.07081975042819977,19285.651438408306,617133.375,49.64079530685661,116813463552.0,0.0003,exported_float_payload,False
te_f0l4_seed42,TE F0L4,27860,2.3944902420043945,2.9056310653686523,0.04913982376456261,19332.04155844552,618617.625,49.76020234168674,116855406592.0,0.0003,exported_float_payload,False
te_f0l4_seed42,TE F0L4,27870,2.424659490585327,2.9731767177581787,0.05004452168941498,18672.25237224791,597506.125,48.061921106940126,116897349632.0,0.0003,exported_float_payload,False
te_f0l4_seed42,TE F0L4,27880,2.410984754562378,2.7575643062591553,0.06940433382987976,19350.324160063246,619201.125,49.807261311277735,116939292672.0,0.0003,exported_float_payload,False
te_f0l4_seed42,TE F0L4,27890,2.4357500076293945,2.789344549179077,0.05421070754528046,18952.04297490374,606457.375,48.782095277855575,116981235712.0,0.0003,exported_float_payload,False
te_f0l4_seed42,TE F0L4,27900,2.426185131072998,2.974642753601074,0.051730431616306305,19308.362194479683,617860.9375,49.69925223775177,117023178752.0,0.0003,exported_float_payload,False
te_f0l4_seed42,TE F0L4,27910,2.4293835163116455,2.7960522174835205,0.059054430574178696,19333.385636894047,618661.3125,49.763661966753226,117065121792.0,0.0003,exported_float_payload,False
te_f0l4_seed42,TE F0L4,27920,2.423098087310791,2.7955493927001953,0.04847254976630211,19334.024378442748,618681.5,49.76530607188363,117107064832.0,0.0003,exported_float_payload,False
te_f0l4_seed42,TE F0L4,27930,2.4196813106536865,2.8691883087158203,0.05025938153266907,18894.252004917358,604608.75,48.633342733984264,117149007872.0,0.0003,exported_float_payload,False
te_f0l4_seed42,TE F0L4,27940,2.4139866828918457,2.863588571548462,0.048117496073246,19320.96074116856,618263.25,49.73168058891967,117190950912.0,0.0003,exported_float_payload,False
te_f0l4_seed42,TE F0L4,27950,2.447542667388916,2.9160099029541016,0.05704156309366226,19301.73420616933,617648.3125,49.68219195788198,117232893952.0,0.0003,exported_float_payload,False
te_f0l4_seed42,TE F0L4,27960,2.4538960456848145,2.98481822013855,0.06688670814037323,19327.849428437567,618484.125,49.74941190153547,117274836992.0,0.0003,exported_float_payload,False
te_f0l4_seed42,TE F0L4,27970,2.411332845687866,2.781646251678467,0.06132487952709198,19333.213985334063,618655.625,49.76322013983437,117316780032.0,0.0003,exported_float_payload,False
te_f0l4_seed42,TE F0L4,27980,2.45661997795105,2.850491523742676,0.04726303368806839,19326.692035306798,618445.375,49.74643279991282,117358723072.0,0.0003,exported_float_payload,False
te_f0l4_seed42,TE F0L4,27990,2.434199810028076,2.842952013015747,0.05580979585647583,18769.260291467202,600609.1875,48.311617119360974,117400666112.0,0.0003,exported_float_payload,False
te_f0l4_seed42,TE F0L4,28000,2.4069344997406006,2.779107093811035,0.05739625543355942,19303.225102476223,617696.75,49.68602948852649,117442609152.0,0.0003,exported_float_payload,False
te_f0l4_seed42,TE F0L4,28010,2.432161331176758,2.812041759490967,0.04666147008538246,17253.770012969115,552115.3125,44.41078219321323,117484552192.0,0.0003,exported_float_payload,False
te_f0l4_seed42,TE F0L4,28020,2.4158148765563965,2.7255091667175293,0.048796411603689194,19323.237800584517,618331.75,49.737541684186795,117526495232.0,0.0003,exported_float_payload,False
te_f0l4_seed42,TE F0L4,28030,2.4752283096313477,2.949392795562744,0.06791140884160995,19189.59035082929,614059.3125,49.3935364159297,117568438272.0,0.0003,exported_float_payload,False
te_f0l4_seed42,TE F0L4,28040,2.4525630474090576,2.8248355388641357,0.05873158946633339,19328.622516991185,618507.375,49.75140181257202,117610381312.0,0.0003,exported_float_payload,False
te_f0l4_seed42,TE F0L4,28050,2.4053921699523926,2.8373656272888184,0.04935244843363762,19274.177484228305,616765,49.611261629312516,117652324352.0,0.0003,exported_float_payload,False
te_f0l4_seed42,TE F0L4,28060,2.425673007965088,2.904218912124634,0.059312425553798676,19336.91502853968,618771.75,49.772746534562515,117694267392.0,0.0003,exported_float_payload,False
te_f0l4_seed42,TE F0L4,28070,2.423722982406616,2.8318655490875244,0.0689159706234932,17623.085091411132,563927.1875,45.36139017610794,117736210432.0,0.0003,exported_float_payload,False
te_f0l4_seed42,TE F0L4,28080,2.4544622898101807,2.8682358264923096,0.05244038626551628,18359.35890798347,587487.5,47.25654097954287,117778153472.0,0.0003,exported_float_payload,False
te_f0l4_seed42,TE F0L4,28090,2.44423770904541,2.8716752529144287,0.05381806567311287,19352.232976583266,619263.8125,49.81217455833351,117820096512.0,0.0003,exported_float_payload,False
te_f0l4_seed42,TE F0L4,28100,2.4334216117858887,2.770479202270508,0.05006587505340576,17910.28813065862,573122.3125,46.10064377759107,117862039552.0,0.0003,exported_float_payload,False
te_f0l4_seed42,TE F0L4,28110,2.4477198123931885,2.8582887649536133,0.06134907156229019,19327.59111852538,618475.875,49.74874701813666,117903982592.0,0.0003,exported_float_payload,False
te_f0l4_seed42,TE F0L4,28120,2.4367752075195312,2.859935998916626,0.05834542214870453,19321.746057953485,618288.25,49.733701975124646,117945925632.0,0.0003,exported_float_payload,False
te_f0l4_seed42,TE F0L4,28130,2.471386671066284,2.8452000617980957,0.048855386674404144,19303.71811715292,617711.5625,49.68729849625109,117987868672.0,0.0003,exported_float_payload,False
te_f0l4_seed42,TE F0L4,28140,2.421330451965332,2.755096912384033,0.04561418294906616,19320.890146133974,618261.875,49.73149887902655,118029811712.0,0.0003,exported_float_payload,False
te_f0l4_seed42,TE F0L4,28150,2.4899134635925293,2.9431509971618652,0.05309798941016197,16938.4624471299,542024.625,43.599188227382456,118071754752.0,0.0003,exported_float_payload,False
te_f0l4_seed42,TE F0L4,28160,2.388124704360962,2.7695705890655518,0.06886671483516693,17614.537661011276,563659.625,45.33938929922629,118113697792.0,0.0003,exported_float_payload,False
te_f0l4_seed42,TE F0L4,28170,2.4438090324401855,2.8442840576171875,0.053721509873867035,19313.77798768454,618033.9375,49.71319235705577,118155640832.0,0.0003,exported_float_payload,False
te_f0l4_seed42,TE F0L4,28180,2.438258171081543,2.887010097503662,0.06111176684498787,19329.250033165692,618529,49.75301702386368,118197583872.0,0.0003,exported_float_payload,False
te_f0l4_seed42,TE F0L4,28190,2.432551383972168,2.792097568511963,0.05369618535041809,19335.784195594286,618737.5,49.76983579820768,118239526912.0,0.0003,exported_float_payload,False
te_f0l4_seed42,TE F0L4,28200,2.3857829570770264,2.7917137145996094,0.0538538433611393,19287.29068798731,617185.25,49.6450146951966,118281469952.0,0.0003,exported_float_payload,False
te_f0l4_seed42,TE F0L4,28210,2.406064033508301,2.7954812049865723,0.047879502177238464,17737.214103041566,567584.875,45.6551554618186,118323412992.0,0.0003,exported_float_payload,False
te_f0l4_seed42,TE F0L4,28220,2.434873104095459,2.8066282272338867,0.05201847106218338,19325.599954229496,618412.3125,49.74362180991904,118365356032.0,0.0003,exported_float_payload,False
te_f0l4_seed42,TE F0L4,28230,2.4508070945739746,2.8847687244415283,0.06256920099258423,19315.21647924132,618080.0625,49.716894999154675,118407299072.0,0.0003,exported_float_payload,False
te_f0l4_seed42,TE F0L4,28240,2.4261207580566406,2.7863974571228027,0.05853193253278732,19310.153580634036,617917.75,49.70386322191727,118449242112.0,0.0003,exported_float_payload,False
te_f0l4_seed42,TE F0L4,28250,2.450136184692383,2.928412914276123,0.0541805624961853,19272.537174135257,616714,49.60703951123532,118491185152.0,0.0003,exported_float_payload,False
te_f0l4_seed42,TE F0L4,28260,2.4060235023498535,2.87275767326355,0.04994010180234909,18517.659387177762,592558,47.66400254285887,118533128192.0,0.0003,exported_float_payload,False
te_f0l4_seed42,TE F0L4,28270,2.4801106452941895,2.854264736175537,0.06681323051452637,18448.075617004877,590331.625,47.48489561961787,118575071232.0,0.0003,exported_float_payload,False
te_f0l4_seed42,TE F0L4,28280,2.471872329711914,2.968360424041748,0.05114363506436348,19337.335352690276,618787.1875,49.77382843865007,118617014272.0,0.0003,exported_float_payload,False
te_f0l4_seed42,TE F0L4,28290,2.4491195678710938,2.787447929382324,0.05641881376504898,19331.23732981056,618590.6875,49.75813227684214,118658957312.0,0.0003,exported_float_payload,False
te_f0l4_seed42,TE F0L4,28300,2.4424970149993896,2.7575130462646484,0.04922212287783623,19286.459806363284,617159.125,49.64287602620975,118700900352.0,0.0003,exported_float_payload,False
te_f0l4_seed42,TE F0L4,28310,2.4354419708251953,2.857349157333374,0.0586576946079731,18607.986092744744,595448.875,47.89650127468097,118742843392.0,0.0003,exported_float_payload,False
te_f0l4_seed42,TE F0L4,28320,2.394544839859009,2.7347426414489746,0.06179524585604668,19325.37753602293,618405.375,49.74304931089302,118784786432.0,0.0003,exported_float_payload,False
te_f0l4_seed42,TE F0L4,28330,2.413156270980835,2.8369781970977783,0.05311056226491928,19317.809921974742,618162.125,49.723570457346014,118826729472.0,0.0003,exported_float_payload,False
te_f0l4_seed42,TE F0L4,28340,2.4439802169799805,2.790872812271118,0.05714678764343262,18782.590623702665,601035.75,48.345929068635094,118868672512.0,0.0003,exported_float_payload,False
te_f0l4_seed42,TE F0L4,28350,2.4185221195220947,2.954679489135742,0.051774825900793076,19304.378099672922,617732.9375,49.68899727512232,118910615552.0,0.0003,exported_float_payload,False
te_f0l4_seed42,TE F0L4,28360,2.430331230163574,2.726315975189209,0.043067850172519684,18800.241688017377,601601.3125,48.391362476647934,118952558592.0,0.0003,exported_float_payload,False
te_f0l4_seed42,TE F0L4,28370,2.438994884490967,2.78227162361145,0.058250654488801956,18535.455571691506,593127.75,47.70980948671612,118994501632.0,0.0003,exported_float_payload,False
te_f0l4_seed42,TE F0L4,28380,2.4318673610687256,2.7944650650024414,0.05766298994421959,19310.845026435054,617939.875,49.70564298650463,119036444672.0,0.0003,exported_float_payload,False
te_f0l4_seed42,TE F0L4,28390,2.443427324295044,2.788407325744629,0.045748911798000336,19305.4589753487,617767.1875,49.69177942268653,119078387712.0,0.0003,exported_float_payload,False
te_f0l4_seed42,TE F0L4,28400,2.39469575881958,2.830230236053467,0.05055484548211098,19282.677840934106,617037.625,49.63314133965653,119120330752.0,0.0003,exported_float_payload,False
te_f0l4_seed42,TE F0L4,28410,2.4282267093658447,2.9063351154327393,0.05445976182818413,19330.096409013906,618555.375,49.755195574604784,119162273792.0,0.0003,exported_float_payload,False
te_f0l4_seed42,TE F0L4,28420,2.431952476501465,2.7419705390930176,0.052443232387304306,19323.034145573856,618329.4375,49.737017481168316,119204216832.0,0.0003,exported_float_payload,False
te_f0l4_seed42,TE F0L4,28430,2.3842613697052,2.792543888092041,0.07232517749071121,19310.004541032766,617912,49.70347959762732,119246159872.0,0.0003,exported_float_payload,False
te_f0l4_seed42,TE F0L4,28440,2.4272139072418213,2.817556858062744,0.05467192083597183,19330.984214519885,618583.875,49.75748076427211,119288102912.0,0.0003,exported_float_payload,False
te_f0l4_seed42,TE F0L4,28450,2.4159045219421387,2.773017406463623,0.050815384835004807,19293.47594743616,617383,49.660935401800714,119330045952.0,0.0003,exported_float_payload,False
te_f0l4_seed42,TE F0L4,28460,2.429307699203491,2.9262008666992188,0.048215147107839584,19314.083245475045,618043.125,49.71397808314558,119371988992.0,0.0003,exported_float_payload,False
te_f0l4_seed42,TE F0L4,28470,2.422663688659668,2.771017074584961,0.054151277989149094,19313.020715358005,618009.0625,49.71124315660105,119413932032.0,0.0003,exported_float_payload,False
te_f0l4_seed42,TE F0L4,28480,2.421980381011963,2.9121451377868652,0.07129237055778503,18904.925512063037,604951,48.66081608043134,119455875072.0,0.0003,exported_float_payload,False
te_f0l4_seed42,TE F0L4,28490,2.460083484649658,2.911714792251587,0.05603066459298134,19321.011294130647,618264.625,49.731810711008166,119497818112.0,0.0003,exported_float_payload,False
te_f0l4_seed42,TE F0L4,28500,2.454352617263794,3.40226411819458,0.06085841357707977,19288.0910359903,617211.1875,49.647074771389384,119539761152.0,0.0003,exported_float_payload,False
te_f0l4_seed42,TE F0L4,28510,2.4249916076660156,2.9639296531677246,0.061619509011507034,18407.68327030441,589038.8125,47.38092670672296,119581704192.0,0.0003,exported_float_payload,False
te_f0l4_seed42,TE F0L4,28520,2.435519218444824,2.899022340774536,0.05343244969844818,19315.63263937514,618091.9375,49.71796618516484,119623647232.0,0.0003,exported_float_payload,False
te_f0l4_seed42,TE F0L4,28530,2.420907497406006,2.7623910903930664,0.04423164576292038,19332.886115548212,618644.875,49.76237621102135,119665590272.0,0.0003,exported_float_payload,False
te_f0l4_seed42,TE F0L4,28540,2.4475347995758057,2.8448143005371094,0.05836275964975357,18009.233864386,576288.125,46.35532767718005,119707533312.0,0.0003,exported_float_payload,False
te_f0l4_seed42,TE F0L4,28550,2.4536521434783936,2.965743064880371,0.060593120753765106,19284.924755946297,617110.8125,49.638924843965334,119749476352.0,0.0003,exported_float_payload,False
te_f0l4_seed42,TE F0L4,28560,2.417442798614502,2.7759523391723633,0.05672634020447731,19318.009722493316,618168.25,49.724084738996105,119791419392.0,0.0003,exported_float_payload,False
te_f0l4_seed42,TE F0L4,28570,2.426997661590576,2.748717784881592,0.06671144813299179,19300.351739016365,617604.75,49.678633521228804,119833362432.0,0.0003,exported_float_payload,False
te_f0l4_seed42,TE F0L4,28580,2.4099466800689697,2.8887510299682617,0.046370942145586014,19322.40085151712,618310.0625,49.73538739774905,119875305472.0,0.0003,exported_float_payload,False
te_f0l4_seed42,TE F0L4,28590,2.445061206817627,2.959872245788574,0.0575542151927948,18094.567203881244,579019,46.57497360681132,119917248512.0,0.0003,exported_float_payload,False
te_f0l4_seed42,TE F0L4,28600,2.4659194946289062,2.7386999130249023,0.062361154705286026,19292.450659099104,617351.25,49.65829633468738,119959191552.0,0.0003,exported_float_payload,False
te_f0l4_seed42,TE F0L4,28610,2.436253547668457,2.871959686279297,0.059409741312265396,19303.760254392808,617712.8125,49.68740695647639,120001134592.0,0.0003,exported_float_payload,False
te_f0l4_seed42,TE F0L4,28620,2.445507049560547,2.9850497245788574,0.06319574266672134,19319.048392481247,618202.5,49.72675825015163,120043077632.0,0.0003,exported_float_payload,False
te_f0l4_seed42,TE F0L4,28630,2.446901798248291,2.734886884689331,0.06419488042593002,18653.728942792357,596912.4375,48.01424225238234,120085020672.0,0.0003,exported_float_payload,False
te_f0l4_seed42,TE F0L4,28640,2.4154093265533447,2.839977264404297,0.06282161921262741,19326.873918516812,618452.875,49.74690096284872,120126963712.0,0.0003,exported_float_payload,False
te_f0l4_seed42,TE F0L4,28650,2.423370361328125,2.921539783477783,0.051161061972379684,19289.008838393653,617241.4375,49.64943717233718,120168906752.0,0.0003,exported_float_payload,False
te_f0l4_seed42,TE F0L4,28660,2.449918270111084,2.85605525970459,0.04793365299701691,18698.2499562398,598337.25,48.128838252546316,120210849792.0,0.0003,exported_float_payload,False
te_f0l4_seed42,TE F0L4,28670,2.4464612007141113,2.8579742908477783,0.047226376831531525,19324.582384341447,618379.5,49.741002609904754,120252792832.0,0.0003,exported_float_payload,False
te_f0l4_seed42,TE F0L4,28680,2.4425156116485596,2.781714916229248,0.052470773458480835,19311.24158269362,617951.375,49.70666371261917,120294735872.0,0.0003,exported_float_payload,False
te_f0l4_seed42,TE F0L4,28690,2.4512648582458496,2.8566393852233887,0.055118996649980545,19320.65465298195,618254,49.730892725410584,120336678912.0,0.0003,exported_float_payload,False
te_f0l4_seed42,TE F0L4,28700,2.4654810428619385,3.799576997756958,0.058529000729322433,19062.224792092922,609984.0625,49.06570058157547,120378621952.0,0.0003,exported_float_payload,False
te_f0l4_seed42,TE F0L4,28710,2.420928716659546,2.7822346687316895,0.05026765540242195,19326.643244868224,618444.125,49.746307214516754,120420564992.0,0.0003,exported_float_payload,False
te_f0l4_seed42,TE F0L4,28720,2.417414426803589,2.885284423828125,0.05157086253166199,19331.810847727204,618609.5625,49.75960849793822,120462508032.0,0.0003,exported_float_payload,False
te_f0l4_seed42,TE F0L4,28730,2.425692081451416,2.7474117279052734,0.05253332108259201,19325.11406327132,618395.625,49.74237113847177,120504451072.0,0.0003,exported_float_payload,False
te_f0l4_seed42,TE F0L4,28740,2.398228883743286,3.22914981842041,0.04563458263874054,19320.761232636745,618256.875,49.73116705883637,120546394112.0,0.0003,exported_float_payload,False
te_f0l4_seed42,TE F0L4,28750,2.419175386428833,2.8141589164733887,0.04626181349158287,19274.154606114596,616766,49.61120274160716,120588337152.0,0.0003,exported_float_payload,False
te_f0l4_seed42,TE F0L4,28760,2.4536631107330322,2.9338412284851074,0.048277877271175385,18650.962071849157,596823.9375,48.007120394219,120630280192.0,0.0003,exported_float_payload,False
te_f0l4_seed42,TE F0L4,28770,2.444862127304077,2.8205020427703857,0.05947801470756531,19331.625835419934,618605.4375,49.75913228078249,120672223232.0,0.0003,exported_float_payload,False
te_f0l4_seed42,TE F0L4,28780,2.435342788696289,2.7425999641418457,0.050412651151418686,19328.89444166373,618517.5,49.75210174003113,120714166272.0,0.0003,exported_float_payload,False
te_f0l4_seed42,TE F0L4,28790,2.4310615062713623,3.135892868041992,0.06440818309783936,19305.07152235099,617754.9375,49.69078212814287,120756109312.0,0.0003,exported_float_payload,False
te_f0l4_seed42,TE F0L4,28800,2.4414100646972656,3.1283679008483887,0.056856609880924225,19281.68845141656,617007.375,49.630594675226966,120798052352.0,0.0003,exported_float_payload,False
te_f0l4_seed42,TE F0L4,28810,2.421861410140991,2.7917096614837646,0.061922330409288406,19324.626029665113,618381.25,49.741114951900826,120839995392.0,0.0003,exported_float_payload,False
te_f0l4_seed42,TE F0L4,28820,2.439166784286499,2.841085910797119,0.0492546446621418,19316.286254840794,618113.8125,49.71964857539384,120881938432.0,0.0003,exported_float_payload,False
te_f0l4_seed42,TE F0L4,28830,2.462902784347534,2.9290599822998047,0.04724157229065895,19330.53467186846,618569.25,49.75632365247776,120923881472.0,0.0003,exported_float_payload,False
te_f0l4_seed42,TE F0L4,28840,2.419001579284668,2.8297722339630127,0.05671362951397896,19332.820603741267,618642.4375,49.7622075852319,120965824512.0,0.0003,exported_float_payload,False
te_f0l4_seed42,TE F0L4,28850,2.42811918258667,2.894177198410034,0.05162334442138672,19288.826405627216,617234.9375,49.648967594856494,121007767552.0,0.0003,exported_float_payload,False
te_f0l4_seed42,TE F0L4,28860,2.451387882232666,3.7491626739501953,0.059285230934619904,18411.269622455333,589154.375,47.3901578894803,121049710592.0,0.0003,exported_float_payload,False
te_f0l4_seed42,TE F0L4,28870,2.3954946994781494,2.7503581047058105,0.04782569035887718,19316.819333544034,618130.9375,49.72102070694327,121091653632.0,0.0003,exported_float_payload,False
te_f0l4_seed42,TE F0L4,28880,2.454867362976074,2.8972482681274414,0.052261918783187866,19331.608782042334,618603.6875,49.75908838580547,121133596672.0,0.0003,exported_float_payload,False
te_f0l4_seed42,TE F0L4,28890,2.414867639541626,3.0800042152404785,0.05263465270400047,18386.959698159062,588376.125,47.32758473867073,121175539712.0,0.0003,exported_float_payload,False
te_f0l4_seed42,TE F0L4,28900,2.4328761100769043,2.897813320159912,0.05569441244006157,19291.854637041062,617331.3125,49.65676218848153,121217482752.0,0.0003,exported_float_payload,False
te_f0l4_seed42,TE F0L4,28910,2.43961238861084,2.831345558166504,0.06960748136043549,19332.33415391569,618627.5625,49.76095547527359,121259425792.0,0.0003,exported_float_payload,False
te_f0l4_seed42,TE F0L4,28920,2.461846351623535,2.849046230316162,0.04707929491996765,19310.526881907772,617929.875,49.7048240902694,121301368832.0,0.0003,exported_float_payload,False
te_f0l4_seed42,TE F0L4,28930,2.4601356983184814,2.8441953659057617,0.05637847259640694,19329.104875261044,618524,49.752643390965936,121343311872.0,0.0003,exported_float_payload,False
te_f0l4_seed42,TE F0L4,28940,2.4370551109313965,2.796417713165283,0.05037958174943924,19320.222663939,618240.8125,49.7297807961753,121385254912.0,0.0003,exported_float_payload,False
te_f0l4_seed42,TE F0L4,28950,2.444420099258423,2.9695305824279785,0.05672839656472206,17360.181746497194,555519.6875,44.684683393760444,121427197952.0,0.0003,exported_float_payload,False
te_f0l4_seed42,TE F0L4,28960,2.443258285522461,2.7961087226867676,0.06593281030654907,19311.552557431143,617962.0625,49.70746415399084,121469140992.0,0.0003,exported_float_payload,False
te_f0l4_seed42,TE F0L4,28970,2.485147476196289,2.942107677459717,0.0472894012928009,18271.10034352085,584667.6875,47.02936559236147,121511084032.0,0.0003,exported_float_payload,False
te_f0l4_seed42,TE F0L4,28980,2.4194016456604004,3.1293272972106934,0.06172945722937584,19332.314384497866,618625.1875,49.760904589275434,121553027072.0,0.0003,exported_float_payload,False
te_f0l4_seed42,TE F0L4,28990,2.4568111896514893,2.8097314834594727,0.06951877474784851,19326.635648289484,618444.9375,49.7462876611088,121594970112.0,0.0003,exported_float_payload,False
te_f0l4_seed42,TE F0L4,29000,2.458986282348633,3.687459945678711,0.04629240930080414,18669.08748676525,597403.75,48.05377476908287,121636913152.0,0.0003,exported_float_payload,False
te_f0l4_seed42,TE F0L4,29010,2.45438289642334,2.893890857696533,0.05820825695991516,16903.496191365633,540906.25,43.509185939900256,121678856192.0,0.0003,exported_float_payload,False
te_f0l4_seed42,TE F0L4,29020,2.4079794883728027,2.965163230895996,0.054167065769433975,19326.62509992843,618441.875,49.74626050988534,121720799232.0,0.0003,exported_float_payload,False
te_f0l4_seed42,TE F0L4,29030,2.4321744441986084,2.958301067352295,0.04834941402077675,19315.68212712153,618093.6875,49.71809356541417,121762742272.0,0.0003,exported_float_payload,False
te_f0l4_seed42,TE F0L4,29040,2.3985702991485596,2.8555545806884766,0.05533312261104584,19313.51895542277,618022.5,49.71252561434679,121804685312.0,0.0003,exported_float_payload,False
te_f0l4_seed42,TE F0L4,29050,2.4501876831054688,2.892033100128174,0.06479854881763458,19278.212203229334,616893.3125,49.62164689738036,121846628352.0,0.0003,exported_float_payload,False
te_f0l4_seed42,TE F0L4,29060,2.4347174167633057,2.8154587745666504,0.0568523034453392,19337.94177123685,618805,49.77538934516323,121888571392.0,0.0003,exported_float_payload,False
te_f0l4_seed42,TE F0L4,29070,2.421448230743408,2.829761505126953,0.05151300132274628,19327.494385871705,618470.625,49.74849803065102,121930514432.0,0.0003,exported_float_payload,False
te_f0l4_seed42,TE F0L4,29080,2.451078176498413,2.885298728942871,0.05527550354599953,18089.866744546664,578867.5625,46.56287473940094,121972457472.0,0.0003,exported_float_payload,False
te_f0l4_seed42,TE F0L4,29090,2.4348,,0.0525,19333.0,,49.76,,,printed_4_decimal_places,False
