source_segment,step,loss,global_max_loss,grad_norm,tps_per_gpu,mfu,n_tokens_seen,lr
fresh_through_step16000,1,12.246232986450195,12.253912925720215,2.719388246536255,1700.2859936115078,4.376594865912639,4194304.0,1.5e-07
fresh_through_step16000,10,11.6273193359375,11.98574447631836,4.092634677886963,37492.45982057271,96.50688635775857,41943040.0,1.4999999999999998e-06
fresh_through_step16000,20,10.246533393859863,11.401142120361328,5.158615589141846,37411.49588041717,96.29848237975713,83886080.0,2.9999999999999997e-06
fresh_through_step16000,30,9.477113723754883,10.981340408325195,2.958956003189087,37435.05064732622,96.35911316323076,125829120.0,4.499999999999999e-06
fresh_through_step16000,40,8.971437454223633,10.320331573486328,1.832213044166565,37423.724106710084,96.32995825652955,167772160.0,5.999999999999999e-06
fresh_through_step16000,50,8.486435890197754,9.940277099609375,1.4450695514678955,37428.81212838048,96.34305500002093,209715200.0,7.499999999999999e-06
fresh_through_step16000,60,8.06502628326416,9.670780181884766,1.5932577848434448,37423.44985819511,96.329252331381,251658240.0,8.999999999999999e-06
fresh_through_step16000,70,7.675479412078857,8.890634536743164,1.7520147562026978,37417.036025540336,96.31274290462974,293601280.0,1.05e-05
fresh_through_step16000,80,7.414133071899414,8.40780258178711,2.2084527015686035,37384.53491989352,96.22908393628867,335544320.0,1.1999999999999999e-05
fresh_through_step16000,90,7.2139201164245605,8.37925910949707,1.1342440843582153,37396.275816856585,96.25930541053641,377487360.0,1.3499999999999998e-05
fresh_through_step16000,100,7.022747039794922,7.789957046508789,2.1364338397979736,37374.59673048574,96.20350269354363,419430400.0,1.4999999999999999e-05
fresh_through_step16000,110,6.888266563415527,7.6815056800842285,1.394974946975708,37371.71031339211,96.19607295626393,461373440.0,1.6499999999999998e-05
fresh_through_step16000,120,6.75109338760376,7.490434646606445,1.7337958812713623,37381.94198517157,96.22240963276893,503316480.0,1.7999999999999997e-05
fresh_through_step16000,130,6.650040626525879,7.397198677062988,2.18552303314209,37344.16606429118,96.12517310785404,545259520.0,1.95e-05
fresh_through_step16000,140,6.5738525390625,7.567368507385254,1.9903146028518677,37343.57376704566,96.12364851428943,587202560.0,2.1e-05
fresh_through_step16000,150,6.526093482971191,7.149877548217773,1.9569066762924194,37345.62340434978,96.12892435149324,629145600.0,2.2499999999999998e-05
fresh_through_step16000,160,6.387869834899902,7.163602352142334,1.7412433624267578,37335.98776265318,96.10412187700508,671088640.0,2.3999999999999997e-05
fresh_through_step16000,170,6.369322299957275,6.849315643310547,2.86379337310791,37328.87001965285,96.08580056071526,713031680.0,2.55e-05
fresh_through_step16000,180,6.224934101104736,7.089978218078613,1.139002799987793,37318.319542866986,96.05864326911404,754974720.0,2.6999999999999996e-05
fresh_through_step16000,190,6.166668891906738,7.1508870124816895,2.3289713859558105,37281.2606005606,95.96325227180907,796917760.0,2.8499999999999998e-05
fresh_through_step16000,200,5.934689521789551,6.928635597229004,1.3876206874847412,31469.89705743464,81.0046018198497,838860800.0,2.9999999999999997e-05
fresh_through_step16000,210,5.860605239868164,6.446673393249512,1.2042479515075684,37169.45244996283,95.67545423094302,880803840.0,3.149999999999999e-05
fresh_through_step16000,220,5.869283199310303,6.780986785888672,1.471274495124817,37216.58534099431,95.79677592016415,922746880.0,3.2999999999999996e-05
fresh_through_step16000,230,5.763689994812012,6.598199844360352,1.165012001991272,37277.43711439059,95.95341048636566,964689920.0,3.45e-05
fresh_through_step16000,240,5.891913414001465,6.346409797668457,1.7758145332336426,37311.21766726811,96.04036279606352,1006632960.0,3.5999999999999994e-05
fresh_through_step16000,250,5.849921226501465,6.828944206237793,1.8837345838546753,33988.608535345185,87.48785214618111,1048576000.0,3.75e-05
fresh_through_step16000,260,5.628384590148926,6.069666862487793,1.7446280717849731,37170.46246028729,95.67805403239826,1090519040.0,3.9e-05
fresh_through_step16000,270,5.5553131103515625,6.450708389282227,1.1061550378799438,37239.02379442549,95.85453327419455,1132462080.0,4.05e-05
fresh_through_step16000,280,5.672141075134277,6.341163635253906,1.6400717496871948,37279.51073445688,95.95874805602752,1174405120.0,4.2e-05
fresh_through_step16000,290,5.633753776550293,5.904557704925537,1.5760083198547363,37287.09555826022,95.97827165443465,1216348160.0,4.3499999999999993e-05
fresh_through_step16000,300,5.437551498413086,5.944286346435547,1.0845661163330078,37266.10818623447,95.92424943405408,1258291200.0,4.4999999999999996e-05
fresh_through_step16000,310,5.511995315551758,6.024929046630859,1.5039582252502441,37302.7521020547,96.01857213885098,1300234240.0,4.65e-05
fresh_through_step16000,320,5.463537216186523,5.88661003112793,1.0040850639343262,37265.523685324435,95.92274490852625,1342177280.0,4.7999999999999994e-05
fresh_through_step16000,330,5.408309459686279,5.674123764038086,1.3667311668395996,37303.78491069377,96.02123062395539,1384120320.0,4.95e-05
fresh_through_step16000,340,5.36600399017334,5.831206321716309,1.094577431678772,37290.60311843617,95.98730023545905,1426063360.0,5.1e-05
fresh_through_step16000,350,5.386234283447266,6.076352119445801,1.6073615550994873,37259.926143569166,95.90833664274045,1468006400.0,5.2499999999999995e-05
fresh_through_step16000,360,5.304525375366211,6.259054183959961,1.270693302154541,37280.7995279717,95.96206545504238,1509949440.0,5.399999999999999e-05
fresh_through_step16000,370,5.242935657501221,5.574651718139648,1.1412724256515503,37290.48894942422,95.98700636047953,1551892480.0,5.5499999999999994e-05
fresh_through_step16000,380,5.242711544036865,5.48631477355957,1.3828508853912354,37255.74937558308,95.89758549770208,1593835520.0,5.6999999999999996e-05
fresh_through_step16000,390,5.10448694229126,5.480382919311523,0.8832732439041138,37297.5979351421,96.00530513522189,1635778560.0,5.85e-05
fresh_through_step16000,400,5.175007343292236,5.755603313446045,0.9707497358322144,37262.2733865396,95.91437852720696,1677721600.0,5.9999999999999995e-05
fresh_through_step16000,410,5.082623481750488,5.275679588317871,0.8335220813751221,37281.676783019706,95.96432353983143,1719664640.0,6.149999999999999e-05
fresh_through_step16000,420,5.083183288574219,5.539071559906006,0.8832235336303711,37273.88069098319,95.94425612969607,1761607680.0,6.299999999999999e-05
fresh_through_step16000,430,5.056619644165039,5.387967109680176,0.8841186165809631,37274.779563200165,95.94656985782457,1803550720.0,6.45e-05
fresh_through_step16000,440,5.033661842346191,5.452341556549072,1.0797936916351318,37283.63374759499,95.9693608342308,1845493760.0,6.599999999999999e-05
fresh_through_step16000,450,5.04194974899292,6.852051734924316,1.2108798027038574,37288.77383639968,95.98259160032396,1887436800.0,6.75e-05
fresh_through_step16000,460,4.960071563720703,5.411959648132324,0.8338119387626648,37292.761997342226,95.9928572643188,1929379840.0,6.9e-05
fresh_through_step16000,470,4.928697109222412,5.168067932128906,0.7705017924308777,37287.59434826586,95.97955555713459,1971322880.0,7.049999999999999e-05
fresh_through_step16000,480,4.929863929748535,5.123757362365723,1.2476433515548706,37282.6114491099,95.9667294026257,2013265920.0,7.199999999999999e-05
fresh_through_step16000,490,4.938457489013672,5.179691314697266,1.0770831108093262,37299.93826898049,96.01132923534394,2055208960.0,7.35e-05
fresh_through_step16000,500,4.855477333068848,5.072938442230225,1.0209600925445557,37279.56708551055,95.9588931055857,2097152000.0,7.5e-05
fresh_through_step16000,510,4.824028015136719,5.1217145919799805,0.8753840327262878,37283.34884874568,95.96862749475386,2139095040.0,7.649999999999999e-05
fresh_through_step16000,520,4.808046340942383,4.995229721069336,0.9045788049697876,37300.2956617587,96.01224917669738,2181038080.0,7.8e-05
fresh_through_step16000,530,4.819419860839844,5.031942367553711,1.1151831150054932,37289.68439550015,95.98493541089418,2222981120.0,7.95e-05
fresh_through_step16000,540,4.790634632110596,5.093316078186035,1.0637352466583252,37275.44668485796,95.94828705201039,2264924160.0,8.1e-05
fresh_through_step16000,550,4.770813465118408,5.377772331237793,0.8970997929573059,37260.35478381771,95.90943997754304,2306867200.0,8.25e-05
fresh_through_step16000,560,4.672765731811523,4.881383895874023,0.7313058972358704,37289.228268059356,95.98376132310949,2348810240.0,8.4e-05
fresh_through_step16000,570,4.62442684173584,4.821381568908691,0.532662034034729,37263.11325112531,95.9165403676548,2390753280.0,8.549999999999999e-05
fresh_through_step16000,580,4.619462490081787,5.826519012451172,1.5263051986694336,37269.321934233136,95.9325217323875,2432696320.0,8.699999999999999e-05
fresh_through_step16000,590,4.672845840454102,6.00824499130249,1.0125643014907837,37281.52792921009,95.9639403849849,2474639360.0,8.849999999999998e-05
fresh_through_step16000,600,4.696622848510742,4.86720085144043,1.5155584812164307,37258.7199065707,95.90523174704973,2516582400.0,8.999999999999999e-05
fresh_through_step16000,610,4.679564476013184,4.862238883972168,1.2512263059616089,37277.92786085786,95.95467368472006,2558525440.0,9.149999999999999e-05
fresh_through_step16000,620,4.683484077453613,5.244058132171631,2.0824241638183594,37273.13793061811,95.94234423886556,2600468480.0,9.3e-05
fresh_through_step16000,630,4.6121087074279785,4.845959663391113,1.1061910390853882,37267.829041278594,95.92867897436635,2642411520.0,9.449999999999999e-05
fresh_through_step16000,640,4.624606132507324,4.899130821228027,1.3237236738204956,37268.59385196491,95.93064762348521,2684354560.0,9.599999999999999e-05
fresh_through_step16000,650,4.637170791625977,4.9927592277526855,1.7084401845932007,37293.53962808746,95.99485891271206,2726297600.0,9.75e-05
fresh_through_step16000,660,4.513892650604248,4.85193395614624,0.6936569213867188,37283.54086787661,95.96912175862813,2768240640.0,9.9e-05
fresh_through_step16000,670,4.449684143066406,4.933611869812012,0.567494809627533,37264.19881471582,95.91933464582607,2810183680.0,0.0001005
fresh_through_step16000,680,4.3682756423950195,4.633199691772461,0.4663177728652954,37258.20657013564,95.90391040133811,2852126720.0,0.000102
fresh_through_step16000,690,4.3063154220581055,4.519935607910156,0.39776501059532166,37275.167841186216,95.94756929876961,2894069760.0,0.00010349999999999998
fresh_through_step16000,700,4.3765716552734375,4.7077789306640625,0.76641845703125,37259.4502204392,95.9071116001682,2936012800.0,0.00010499999999999999
fresh_through_step16000,710,4.362362384796143,6.27439022064209,0.654310941696167,37272.002579932334,95.93942180699173,2977955840.0,0.00010649999999999999
fresh_through_step16000,720,4.379583835601807,4.778415679931641,0.8587492108345032,37265.18553121758,95.92187448817727,3019898880.0,0.00010799999999999998
fresh_through_step16000,730,4.4224653244018555,4.666110992431641,1.8353981971740723,37256.968690792244,95.9007240571588,3061841920.0,0.00010949999999999999
fresh_through_step16000,740,4.516851425170898,4.781332015991211,1.712902545928955,37244.229765878285,95.86793362449913,3103784960.0,0.00011099999999999999
fresh_through_step16000,750,4.461370944976807,4.893083095550537,1.4099980592727661,37247.6857486686,95.87682944355169,3145728000.0,0.0001125
fresh_through_step16000,760,4.312511920928955,4.654269695281982,0.756691038608551,37269.569687830815,95.93315945870394,3187671040.0,0.00011399999999999999
fresh_through_step16000,770,4.260923385620117,4.554392337799072,0.4011469781398773,37261.839571966935,95.91326187351541,3229614080.0,0.00011549999999999999
fresh_through_step16000,780,4.179059982299805,4.460052490234375,0.3999808430671692,37280.219118230314,95.96057146032393,3271557120.0,0.000117
fresh_through_step16000,790,4.154651165008545,4.707464218139648,0.592992901802063,37280.362458204654,95.96094042236805,3313500160.0,0.0001185
fresh_through_step16000,800,4.147699356079102,4.470832347869873,0.4250248670578003,37278.30522776346,95.95564504016721,3355443200.0,0.00011999999999999999
fresh_through_step16000,810,4.107021331787109,4.425568580627441,0.5164350271224976,37250.426645002815,95.88388460537118,3397386240.0,0.0001215
fresh_through_step16000,820,4.0715227127075195,4.411766052246094,0.6395798921585083,37285.69259600573,95.97466038114113,3439329280.0,0.00012299999999999998
fresh_through_step16000,830,4.086321830749512,4.437767028808594,0.6381999254226685,37282.858193738924,95.967364531822,3481272320.0,0.0001245
fresh_through_step16000,840,4.174560546875,4.561779975891113,1.4354209899902344,37259.11871801465,95.90625830147917,3523215360.0,0.00012599999999999997
fresh_through_step16000,850,4.290081024169922,4.7481689453125,1.653291940689087,37267.96150735523,95.92901994662223,3565158400.0,0.00012749999999999998
fresh_through_step16000,860,4.1438703536987305,4.599928855895996,0.9299660325050354,37266.763601726176,95.92593649616411,3607101440.0,0.000129
fresh_through_step16000,870,4.031203746795654,4.3126068115234375,0.27498993277549744,37252.73229742949,95.88981943434176,3649044480.0,0.0001305
fresh_through_step16000,880,4.005300998687744,4.288875579833984,0.3568248748779297,37254.96220988033,95.8955593059989,3690987520.0,0.00013199999999999998
fresh_through_step16000,890,3.94938325881958,4.366564750671387,0.421236127614975,37278.414812973635,95.95592711628265,3732930560.0,0.0001335
fresh_through_step16000,900,3.9301886558532715,4.258854866027832,0.6329410076141357,37250.95441924707,95.88524311450226,3774873600.0,0.000135
fresh_through_step16000,910,3.991575241088867,4.240439414978027,0.7762426733970642,37249.88109016472,95.88248032837751,3816816640.0,0.00013649999999999998
fresh_through_step16000,920,3.9752607345581055,4.230391979217529,0.5801905989646912,37284.112781019576,95.97059388280881,3858759680.0,0.000138
fresh_through_step16000,930,3.974693775177002,4.268272876739502,0.4587365388870239,37292.623966975356,95.99250196938769,3900702720.0,0.0001395
fresh_through_step16000,940,3.925987720489502,4.267731666564941,0.37382960319519043,37260.74442530898,95.91044292819758,3942645760.0,0.00014099999999999998
fresh_through_step16000,950,3.8998055458068848,4.305768013000488,0.48328688740730286,37280.41575578813,95.96107761218853,3984588800.0,0.0001425
fresh_through_step16000,960,4.032415390014648,4.349685192108154,1.150563359260559,37239.07453305451,95.85466387717787,4026531840.0,0.00014399999999999998
fresh_through_step16000,970,4.334599494934082,4.853364944458008,3.1906721591949463,37295.42644092188,95.9997156341078,4068474880.0,0.00014549999999999999
fresh_through_step16000,980,4.191556930541992,4.484935760498047,1.0626052618026733,37269.16585660575,95.93211998318456,4110417920.0,0.000147
fresh_through_step16000,990,4.0130085945129395,4.330653190612793,0.8275942206382751,37286.35994819917,95.97637816873366,4152360960.0,0.00014849999999999998
fresh_through_step16000,1000,3.890420913696289,4.196799278259277,0.24896417558193207,37259.94998072968,95.90839800041482,4194304000.0,0.00015
fresh_through_step16000,1010,3.821866512298584,4.119590759277344,0.23401890695095062,31359.091457445113,80.71938437887175,4236247040.0,0.0001515
fresh_through_step16000,1020,3.8872663974761963,4.201186180114746,0.6474190950393677,37270.034037308185,95.93435471029473,4278190080.0,0.00015299999999999998
fresh_through_step16000,1030,3.9119701385498047,4.43549919128418,0.5168192982673645,37270.05948126026,95.93442020390604,4320133120.0,0.0001545
fresh_through_step16000,1040,3.847066879272461,4.162482738494873,0.39811497926712036,37318.25562324448,96.05847873779827,4362076160.0,0.000156
fresh_through_step16000,1050,3.831860303878784,4.187887668609619,0.3789360523223877,37264.517860405926,95.92015588045045,4404019200.0,0.00015749999999999998
fresh_through_step16000,1060,3.7400360107421875,4.281458854675293,0.32388436794281006,37279.19742777398,95.95794159380587,4445962240.0,0.000159
fresh_through_step16000,1070,3.7825286388397217,4.103440284729004,0.5614688396453857,37279.95182316282,95.95988343358934,4487905280.0,0.0001605
fresh_through_step16000,1080,3.7483017444610596,4.082106113433838,0.4915383756160736,37261.92986783572,95.91349429819998,4529848320.0,0.000162
fresh_through_step16000,1090,3.835541009902954,4.233366012573242,0.7449067831039429,37256.92402553107,95.90060908723405,4571791360.0,0.0001635
fresh_through_step16000,1100,3.928819179534912,4.495702266693115,1.0179287195205688,37273.62836880601,95.9436066436982,4613734400.0,0.000165
fresh_through_step16000,1110,3.859114170074463,4.541905403137207,0.6581979393959045,37251.09408099433,95.88560260866282,4655677440.0,0.0001665
fresh_through_step16000,1120,3.9022955894470215,4.252047538757324,0.8091062307357788,37256.906489197354,95.90056394810544,4697620480.0,0.000168
fresh_through_step16000,1130,3.797215461730957,4.106376647949219,0.6224001049995422,37254.371298714344,95.8940382802509,4739563520.0,0.00016949999999999997
fresh_through_step16000,1140,3.7705631256103516,4.257510662078857,0.19455274939537048,37257.602310314585,95.90235501569097,4781506560.0,0.00017099999999999998
fresh_through_step16000,1150,3.721557378768921,4.092157363891602,0.26174047589302063,37260.95042161463,95.91097316980229,4823449600.0,0.00017249999999999996
fresh_through_step16000,1160,3.7454752922058105,4.105260848999023,0.4852098822593689,37252.347210039035,95.88882820609997,4865392640.0,0.00017399999999999997
fresh_through_step16000,1170,3.741548538208008,4.37076473236084,0.38653624057769775,37241.82115014619,95.86173376442461,4907335680.0,0.00017549999999999998
fresh_through_step16000,1180,3.703678607940674,3.95628023147583,0.5651534795761108,37243.12709943377,95.86509532299102,4949278720.0,0.00017699999999999997
fresh_through_step16000,1190,3.762498140335083,4.013764381408691,0.46169131994247437,37280.286630346454,95.96074523884238,4991221760.0,0.00017849999999999997
fresh_through_step16000,1200,3.768334150314331,4.437925815582275,0.7095193862915039,37271.04877945439,95.93696669162256,5033164800.0,0.00017999999999999998
fresh_through_step16000,1210,3.7190499305725098,4.029636383056641,0.4799814522266388,37265.575358732356,95.92287791766275,5075107840.0,0.00018149999999999997
fresh_through_step16000,1220,3.6754183769226074,3.9326589107513428,0.2933179438114166,37251.521416937845,95.88670258613924,5117050880.0,0.00018299999999999998
fresh_through_step16000,1230,3.6767611503601074,4.330832004547119,0.32610568404197693,37268.30426721194,95.92990222233043,5158993920.0,0.00018449999999999999
fresh_through_step16000,1240,3.6384453773498535,3.9427642822265625,0.34746092557907104,37236.50446437175,95.84804843163265,5200936960.0,0.000186
fresh_through_step16000,1250,3.6581664085388184,3.9552035331726074,0.3730323314666748,37283.015780785245,95.96777016632139,5242880000.0,0.00018749999999999998
fresh_through_step16000,1260,3.663958787918091,4.055783271789551,0.3825162947177887,37256.26016856646,95.89890029648124,5284823040.0,0.00018899999999999999
fresh_through_step16000,1270,3.612356185913086,3.8951303958892822,0.2404056042432785,37266.705928935975,95.92578804441042,5326766080.0,0.0001905
fresh_through_step16000,1280,3.627545118331909,3.895500659942627,0.3370973467826843,37267.21522204879,95.92709898247095,5368709120.0,0.00019199999999999998
fresh_through_step16000,1290,3.669707775115967,4.2163286209106445,0.49647846817970276,37271.229801314694,95.93743264814248,5410652160.0,0.0001935
fresh_through_step16000,1300,3.7546849250793457,4.070241451263428,0.9643352627754211,37272.093439215234,95.93965568192368,5452595200.0,0.000195
fresh_through_step16000,1310,3.8397879600524902,4.310192108154297,1.4107626676559448,37212.4703199454,95.78618371387448,5494538240.0,0.00019649999999999998
fresh_through_step16000,1320,3.9581141471862793,4.41132926940918,2.470257043838501,37256.15931562853,95.89864069753611,5536481280.0,0.000198
fresh_through_step16000,1330,3.792795419692993,4.3482465744018555,0.46929827332496643,37238.19262395891,95.8523938127096,5578424320.0,0.0001995
fresh_through_step16000,1340,3.671894073486328,3.9502291679382324,0.220845028758049,37236.53915050573,95.84813771493938,5620367360.0,0.000201
fresh_through_step16000,1350,3.6186931133270264,4.205850124359131,0.2045409083366394,37216.91921911762,95.79763533398383,5662310400.0,0.0002025
fresh_through_step16000,1360,3.5792455673217773,3.9160189628601074,0.22959713637828827,37243.97238313333,95.86727111242506,5704253440.0,0.000204
fresh_through_step16000,1370,3.5618174076080322,3.884280204772949,0.41152891516685486,37230.736256087686,95.83320086430787,5746196480.0,0.0002055
fresh_through_step16000,1380,3.5666651725769043,3.948789596557617,0.24254243075847626,37262.56782161437,95.91513641325757,5788139520.0,0.00020699999999999996
fresh_through_step16000,1390,3.5583908557891846,3.8687567710876465,0.31622135639190674,37236.086169376475,95.84697172586925,5830082560.0,0.00020849999999999997
fresh_through_step16000,1400,3.5378410816192627,3.8287243843078613,0.26971378922462463,37227.03093504606,95.82366323998568,5872025600.0,0.00020999999999999998
fresh_through_step16000,1410,3.5450596809387207,3.894688129425049,0.4262414872646332,37257.13272866121,95.90114629629845,5913968640.0,0.00021149999999999996
fresh_through_step16000,1420,3.491600513458252,4.110627174377441,0.2551981806755066,37236.23855328411,95.84736396730997,5955911680.0,0.00021299999999999997
fresh_through_step16000,1430,3.557645320892334,3.8572654724121094,0.38808000087738037,37231.88637932726,95.83616132124536,5997854720.0,0.00021449999999999998
fresh_through_step16000,1440,3.5533804893493652,3.8888349533081055,0.3055024743080139,37197.876796110744,95.74861947954548,6039797760.0,0.00021599999999999996
fresh_through_step16000,1450,3.501004695892334,3.841909885406494,0.18562056124210358,37244.86963870716,95.86958067925828,6081740800.0,0.00021749999999999997
fresh_through_step16000,1460,3.5068414211273193,3.9293360710144043,0.30345430970191956,37218.48004347326,95.80165294977738,6123683840.0,0.00021899999999999998
fresh_through_step16000,1470,3.5304369926452637,4.1231231689453125,0.4005221724510193,37231.56554108034,95.83533547251781,6165626880.0,0.00022049999999999997
fresh_through_step16000,1480,3.5197107791900635,3.897732734680176,0.2531079053878784,36723.41254259369,94.52733210565425,6207569920.0,0.00022199999999999998
fresh_through_step16000,1490,3.4984638690948486,3.8832526206970215,0.3184036612510681,37251.63038845868,95.88698308259714,6249512960.0,0.00022349999999999998
fresh_through_step16000,1500,3.4976158142089844,3.9677624702453613,0.23696480691432953,37251.20154552347,95.88587922607208,6291456000.0,0.000225
fresh_through_step16000,1510,3.4665822982788086,3.997535228729248,0.5488137602806091,37224.38685493684,95.81685728647284,6333399040.0,0.00022649999999999998
fresh_through_step16000,1520,3.603102684020996,3.9754230976104736,0.6117116212844849,37258.60569128642,95.90493775296365,6375342080.0,0.00022799999999999999
fresh_through_step16000,1530,3.5226974487304688,3.8427252769470215,0.36665642261505127,37257.501127090494,95.90209456657784,6417285120.0,0.0002295
fresh_through_step16000,1540,3.511887788772583,3.813045024871826,0.16923509538173676,37232.40205271218,95.8374886823466,6459228160.0,0.00023099999999999998
fresh_through_step16000,1550,3.484105348587036,3.7755088806152344,0.3452305197715759,37227.08623183945,95.8238055758415,6501171200.0,0.00023249999999999999
fresh_through_step16000,1560,3.4597511291503906,4.29056453704834,0.33733057975769043,37262.25341080518,95.9143271089767,6543114240.0,0.000234
fresh_through_step16000,1570,3.428101062774658,3.8550832271575928,0.27590152621269226,37232.85701311112,95.83865976612526,6585057280.0,0.00023549999999999998
fresh_through_step16000,1580,3.4279816150665283,3.781643867492676,0.22898322343826294,37252.95942864627,95.89040407793757,6627000320.0,0.000237
fresh_through_step16000,1590,3.467866897583008,3.898254632949829,0.4043230712413788,37277.28660344407,95.95302306599152,6668943360.0,0.0002385
fresh_through_step16000,1600,3.457209587097168,3.894798755645752,0.38407421112060547,37247.70090005036,95.87686844373158,6710886400.0,0.00023999999999999998
fresh_through_step16000,1610,3.4459939002990723,3.902886390686035,0.2174449861049652,37250.511288453556,95.88410248053648,6752829440.0,0.0002415
fresh_through_step16000,1620,3.435288429260254,3.822117567062378,0.32275253534317017,37210.89772527961,95.78213580089611,6794772480.0,0.000243
fresh_through_step16000,1630,3.4083666801452637,3.787829875946045,0.35286155343055725,37272.446796694334,95.94056523627788,6836715520.0,0.0002445
fresh_through_step16000,1640,3.492729425430298,4.240887641906738,0.2180962860584259,37240.18991142697,95.8575348996275,6878658560.0,0.00024599999999999996
fresh_through_step16000,1650,3.465242385864258,3.7557883262634277,0.290306031703949,37236.99553974339,95.84931247659824,6920601600.0,0.00024749999999999994
fresh_through_step16000,1660,3.4348104000091553,3.7594528198242188,0.315045565366745,37248.71797796743,95.87948643741431,6962544640.0,0.000249
fresh_through_step16000,1670,3.3915863037109375,3.9551780223846436,0.2896515429019928,37247.632402796684,95.87669212943513,7004487680.0,0.00025049999999999996
fresh_through_step16000,1680,3.4010393619537354,3.6776633262634277,0.3013639748096466,37249.063002789626,95.88037454322186,7046430720.0,0.00025199999999999995
fresh_through_step16000,1690,3.4150071144104004,3.7755818367004395,0.2751942574977875,37237.85617720645,95.85152778714976,7088373760.0,0.0002535
fresh_through_step16000,1700,3.407440185546875,3.6806106567382812,0.3037151098251343,37245.704153191466,95.87172874836034,7130316800.0,0.00025499999999999996
fresh_through_step16000,1710,3.3983702659606934,3.8184921741485596,0.2688662111759186,37255.99101431036,95.89820748413096,7172259840.0,0.00025649999999999995
fresh_through_step16000,1720,3.416351079940796,3.7826485633850098,0.2776111960411072,37246.037202448606,95.87258602864988,7214202880.0,0.000258
fresh_through_step16000,1730,3.376149892807007,3.731961727142334,0.4166576564311981,37233.58880414517,95.84054342151886,7256145920.0,0.00025949999999999997
fresh_through_step16000,1740,3.3500847816467285,3.6808385848999023,0.28875264525413513,37229.432937490834,95.82984607723024,7298088960.0,0.000261
fresh_through_step16000,1750,3.4133925437927246,3.834886074066162,0.32187581062316895,37263.75594496621,95.91819468379633,7340032000.0,0.0002625
fresh_through_step16000,1760,3.4526119232177734,3.8032360076904297,0.4479379653930664,37275.371375318166,95.94809320265418,7381975040.0,0.00026399999999999997
fresh_through_step16000,1770,3.481687545776367,4.0590057373046875,0.7523638010025024,37267.852984894955,95.92874060606174,7423918080.0,0.0002655
fresh_through_step16000,1780,3.428048610687256,3.7549805641174316,0.26485806703567505,37250.91500896286,95.88514167106968,7465861120.0,0.000267
fresh_through_step16000,1790,3.352227210998535,3.780264139175415,0.12876322865486145,37226.56296953528,95.82245868060004,7507804160.0,0.00026849999999999997
fresh_through_step16000,1800,3.3441951274871826,3.835116386413574,0.2642270624637604,37217.648064244146,95.79951140650974,7549747200.0,0.00027
fresh_through_step16000,1810,3.2243518829345703,3.593477249145508,0.3544812500476837,37244.231814606595,95.86793889799655,7591690240.0,0.0002715
fresh_through_step16000,1820,3.3714675903320312,3.7078170776367188,0.253425270318985,37257.01059318208,95.9008319153573,7633633280.0,0.00027299999999999997
fresh_through_step16000,1830,3.3727221488952637,3.902019500732422,0.958002507686615,37273.6744044711,95.94372514108996,7675576320.0,0.0002745
fresh_through_step16000,1840,3.3400840759277344,3.6766910552978516,0.19977787137031555,37236.55308581418,95.84817358490459,7717519360.0,0.000276
fresh_through_step16000,1850,3.3315510749816895,3.721292495727539,0.42211246490478516,37248.69423983631,95.87942533464502,7759462400.0,0.00027749999999999997
fresh_through_step16000,1860,3.3672680854797363,3.8464856147766113,0.3246883153915405,37258.09719999564,95.90362887882073,7801405440.0,0.000279
fresh_through_step16000,1870,3.311857223510742,3.716594696044922,0.19063939154148102,37230.272865247665,95.83200808028272,7843348480.0,0.0002805
fresh_through_step16000,1880,3.3829782009124756,3.9669251441955566,0.3263472318649292,37268.09894726505,95.9293737216965,7885291520.0,0.00028199999999999997
fresh_through_step16000,1890,3.2806341648101807,3.86604380607605,0.13435186445713043,37237.61823835427,95.85091532432718,7927234560.0,0.00028349999999999995
fresh_through_step16000,1900,3.2804079055786133,3.569268226623535,0.33155786991119385,37250.111373135056,95.88307308469584,7969177600.0,0.000285
fresh_through_step16000,1910,3.310969829559326,3.7149314880371094,0.17275655269622803,37238.04835121927,95.85202244969538,8011120640.0,0.00028649999999999997
fresh_through_step16000,1920,3.3025219440460205,3.601625919342041,0.15237371623516083,37237.554578013835,95.85075146041243,8053063680.0,0.00028799999999999995
fresh_through_step16000,1930,3.3671116828918457,4.111473083496094,0.28095176815986633,37225.24345255965,95.81906219833601,8095006720.0,0.0002895
fresh_through_step16000,1940,3.3286726474761963,3.6935620307922363,0.3046007752418518,37273.48965427516,95.94324958770537,8136949760.0,0.00029099999999999997
fresh_through_step16000,1950,3.2799344062805176,3.8015456199645996,0.28997552394866943,37232.52591280257,95.8378075024967,8178892800.0,0.00029249999999999995
fresh_through_step16000,1960,3.324471950531006,3.684751272201538,0.20816193521022797,37262.11012323478,95.91395828182216,8220835840.0,0.000294
fresh_through_step16000,1970,3.3043789863586426,3.766446590423584,0.213016077876091,37239.223080812415,95.85504624423672,8262778880.0,0.00029549999999999997
fresh_through_step16000,1980,3.2612743377685547,3.7314724922180176,0.2980870306491852,37242.454616481715,95.86336432864864,8304721920.0,0.00029699999999999996
fresh_through_step16000,1990,3.2511982917785645,3.684588670730591,0.22394289076328278,37230.19992935392,95.83182034077343,8346664960.0,0.0002985
fresh_through_step16000,2000,3.2743430137634277,3.5552926063537598,0.19562800228595734,37250.09193347268,95.88302304633353,8388608000.0,0.0003
fresh_through_step16000,2010,3.2735188007354736,3.675234317779541,0.32583916187286377,33978.14399180517,87.46091604972239,8430551040.0,0.0003
fresh_through_step16000,2020,3.29510760307312,3.6903836727142334,0.22404497861862183,37266.95814161012,95.9264372485437,8472494080.0,0.0003
fresh_through_step16000,2030,3.2562379837036133,3.591111421585083,0.20090728998184204,37226.3368292883,95.82187658779469,8514437120.0,0.0003
fresh_through_step16000,2040,3.2980592250823975,3.7298436164855957,0.2119319587945938,37238.532426494,95.85326847616979,8556380160.0,0.0003
fresh_through_step16000,2050,3.2782745361328125,4.2547831535339355,0.2738947868347168,37262.581410880375,95.91517139249757,8598323200.0,0.0003
fresh_through_step16000,2060,3.239932060241699,3.538182258605957,0.17894741892814636,37241.46017140939,95.8608045926899,8640266240.0,0.0003
fresh_through_step16000,2070,3.2707877159118652,3.5531935691833496,0.23664765059947968,37277.06656065862,95.95245666826271,8682209280.0,0.0003
fresh_through_step16000,2080,3.2591705322265625,3.5972089767456055,0.19993586838245392,37263.642262301764,95.91790206069209,8724152320.0,0.0003
fresh_through_step16000,2090,3.2210288047790527,3.706089496612549,0.21885055303573608,37237.19800880782,95.84983363896225,8766095360.0,0.0003
fresh_through_step16000,2100,3.2496531009674072,3.811378002166748,0.17414973676204681,37236.511775233725,95.84806725004385,8808038400.0,0.0003
fresh_through_step16000,2110,3.231748580932617,3.8712291717529297,0.2740093171596527,37226.54570597195,95.82241424359182,8849981440.0,0.0003
fresh_through_step16000,2120,3.2165379524230957,3.604663133621216,0.19540797173976898,37273.59933728614,95.94353191556348,8891924480.0,0.0003
fresh_through_step16000,2130,3.243712902069092,3.9663896560668945,0.25832399725914,37247.39511579236,95.87608134449142,8933867520.0,0.0003
fresh_through_step16000,2140,3.1947968006134033,3.5163817405700684,0.19955535233020782,37226.38399899088,95.82199800423811,8975810560.0,0.0003
fresh_through_step16000,2150,3.2119014263153076,3.5353446006774902,0.1864468902349472,37249.44077855738,95.88134695109432,9017753600.0,0.0003
fresh_through_step16000,2160,3.188037633895874,3.577720880508423,0.3064855933189392,37281.42599788547,95.96367801023518,9059696640.0,0.0003
fresh_through_step16000,2170,3.202115058898926,3.5494394302368164,0.17925973236560822,37246.162944203934,95.87290969227051,9101639680.0,0.0003
fresh_through_step16000,2180,3.218705654144287,3.8104538917541504,0.23982463777065277,37228.1637948603,95.82657926027018,9143582720.0,0.0003
fresh_through_step16000,2190,3.172523021697998,3.502016544342041,0.18354202806949615,37237.358537174325,95.85024684452138,9185525760.0,0.0003
fresh_through_step16000,2200,3.189953088760376,3.7341930866241455,0.1966058760881424,37252.62189238458,95.8895352479434,9227468800.0,0.0003
fresh_through_step16000,2210,3.2163331508636475,3.6224451065063477,0.18609687685966492,37256.50107471291,95.89952039722175,9269411840.0,0.0003
fresh_through_step16000,2220,3.161982536315918,3.5558078289031982,0.17586666345596313,37270.660681782654,95.9359677148128,9311354880.0,0.0003
fresh_through_step16000,2230,3.200526714324951,3.5333127975463867,0.22798186540603638,31616.01711721085,81.38071989988225,9353297920.0,0.0003
fresh_through_step16000,2240,3.2139945030212402,3.5877699851989746,0.16928726434707642,37287.41986404127,95.9791064287148,9395240960.0,0.0003
fresh_through_step16000,2250,3.1745214462280273,3.5225250720977783,0.2459380030632019,37238.93207007241,95.85429717254206,9437184000.0,0.0003
fresh_through_step16000,2260,3.19215726852417,3.5363621711730957,0.18997426331043243,37272.98758690969,95.94195724896805,9479127040.0,0.0003
fresh_through_step16000,2270,3.142164468765259,3.560551643371582,0.2173301726579666,37261.19755759361,95.91160930634688,9521070080.0,0.0003
fresh_through_step16000,2280,3.193934917449951,3.6401238441467285,0.21089987456798553,37284.77955586278,95.97231018428188,9563013120.0,0.0003
fresh_through_step16000,2290,3.1502761840820312,3.608470916748047,0.17554020881652832,37274.80890494645,95.9466453844928,9604956160.0,0.0003
fresh_through_step16000,2300,3.182520866394043,3.6027770042419434,0.14608457684516907,37261.01647964579,95.91114320545577,9646899200.0,0.0003
fresh_through_step16000,2310,3.203089714050293,3.5807700157165527,0.19775888323783875,37260.032363849496,95.90861005741026,9688842240.0,0.0003
fresh_through_step16000,2320,3.180734157562256,3.7044599056243896,0.17766597867012024,37297.40783330924,96.00481580653907,9730785280.0,0.0003
fresh_through_step16000,2330,3.146791934967041,3.5101656913757324,0.26477551460266113,37272.20884695268,95.93995274542539,9772728320.0,0.0003
fresh_through_step16000,2340,3.1983869075775146,3.6599531173706055,0.24121041595935822,37265.921252083055,95.92376825909267,9814671360.0,0.0003
fresh_through_step16000,2350,3.1410765647888184,3.488433361053467,0.17629417777061462,37254.620395326754,95.89467946353363,9856614400.0,0.0003
fresh_through_step16000,2360,3.1208696365356445,3.5151028633117676,0.4058857858181,37245.38166588274,95.87089865489078,9898557440.0,0.0003
fresh_through_step16000,2370,3.1769556999206543,3.637913942337036,0.23405756056308746,37250.75973004036,95.8847419777607,9940500480.0,0.0003
fresh_through_step16000,2380,3.148259162902832,3.7978591918945312,0.1408378928899765,37276.82241781262,95.95182823614579,9982443520.0,0.0003
fresh_through_step16000,2390,3.150327682495117,4.206540107727051,0.2702544629573822,37283.09235889727,95.96796728102633,10024386560.0,0.0003
fresh_through_step16000,2400,3.1157641410827637,3.461239814758301,0.14486046135425568,37278.64821926244,95.95652791213057,10066329600.0,0.0003
fresh_through_step16000,2410,3.143385887145996,3.5277771949768066,0.24596865475177765,37261.19931494737,95.91161382983616,10108272640.0,0.0003
fresh_through_step16000,2420,3.137193441390991,3.5084571838378906,0.22731846570968628,37267.49171425238,95.92781068295147,10150215680.0,0.0003
fresh_through_step16000,2430,3.1216108798980713,3.471860647201538,0.22984200716018677,37283.048358398715,95.96785402222352,10192158720.0,0.0003
fresh_through_step16000,2440,3.140587091445923,3.425058364868164,0.22267788648605347,37253.10625233827,95.89078200719126,10234101760.0,0.0003
fresh_through_step16000,2450,3.1341745853424072,3.502659797668457,0.20635183155536652,37290.96947886664,95.9882432598591,10276044800.0,0.0003
fresh_through_step16000,2460,3.136734962463379,3.492619037628174,0.23655737936496735,37254.02688285366,95.89315174193129,10317987840.0,0.0003
fresh_through_step16000,2470,3.095158815383911,3.485994815826416,0.1619158685207367,37262.26052423153,95.91434541918181,10359930880.0,0.0003
fresh_through_step16000,2480,3.1067800521850586,3.4890551567077637,0.2271983027458191,37286.01036375647,95.97547832630545,10401873920.0,0.0003
fresh_through_step16000,2490,3.14088773727417,3.850109577178955,0.22580695152282715,37270.259040621284,95.93493387659299,10443816960.0,0.0003
fresh_through_step16000,2500,3.1543853282928467,3.9879274368286133,0.30226463079452515,37327.679902769785,96.08273715875826,10485760000.0,0.0003
fresh_through_step16000,2510,3.1253552436828613,3.498683452606201,0.23689131438732147,37275.434478132935,95.94825563147862,10527703040.0,0.0003
fresh_through_step16000,2520,3.1164379119873047,3.568535327911377,0.12890371680259705,37295.41642952658,95.99968986443056,10569646080.0,0.0003
fresh_through_step16000,2530,3.099020481109619,3.419818162918091,0.18437281250953674,37294.678849571224,95.9977913081536,10611589120.0,0.0003
fresh_through_step16000,2540,3.1107287406921387,3.5428497791290283,0.1996854692697525,37266.15219967333,95.92436272616567,10653532160.0,0.0003
fresh_through_step16000,2550,3.0754127502441406,3.404970169067383,0.13020534813404083,37265.22396215648,95.92197341074117,10695475200.0,0.0003
fresh_through_step16000,2560,3.0841546058654785,3.345723867416382,0.38058966398239136,37268.51747859815,95.93045103580165,10737418240.0,0.0003
fresh_through_step16000,2570,3.076045036315918,3.3717610836029053,0.17849694192409515,37273.485036065074,95.94323770027314,10779361280.0,0.0003
fresh_through_step16000,2580,3.1109061241149902,3.492887020111084,0.22328679263591766,37312.96899340275,96.04487077001508,10821304320.0,0.0003
fresh_through_step16000,2590,3.0606915950775146,3.3268613815307617,0.17829878628253937,37269.358962245766,95.93261704377075,10863247360.0,0.0003
fresh_through_step16000,2600,3.1351358890533447,4.240627765655518,0.21198947727680206,37302.827954343935,96.01876738526299,10905190400.0,0.0003
fresh_through_step16000,2610,3.0512681007385254,3.3908023834228516,0.24305954575538635,37305.55412891479,96.02578465275518,10947133440.0,0.0003
fresh_through_step16000,2620,3.0550577640533447,3.481421947479248,0.14349286258220673,37278.45161503807,95.95602184606746,10989076480.0,0.0003
fresh_through_step16000,2630,3.0960192680358887,3.438504219055176,0.2666172981262207,37269.532532575526,95.93306381979369,11031019520.0,0.0003
fresh_through_step16000,2640,3.0676636695861816,3.4241867065429688,0.14885221421718597,37295.69076262854,96.00039600730892,11072962560.0,0.0003
fresh_through_step16000,2650,3.07607364654541,3.4709253311157227,0.28898748755455017,37319.39498999554,96.06141150716286,11114905600.0,0.0003
fresh_through_step16000,2660,3.11217999458313,3.58768630027771,0.13778214156627655,37300.81166195888,96.01357737903243,11156848640.0,0.0003
fresh_through_step16000,2670,3.065453290939331,3.4507272243499756,0.15336275100708008,37277.04611746892,95.95240404678643,11198791680.0,0.0003
fresh_through_step16000,2680,3.0693278312683105,3.6170005798339844,0.26193034648895264,37286.70646001707,95.9772701021195,11240734720.0,0.0003
fresh_through_step16000,2690,3.0202744007110596,3.4372947216033936,0.15955640375614166,37316.15008761372,96.0530590163713,11282677760.0,0.0003
fresh_through_step16000,2700,3.056055784225464,3.440260648727417,0.1335185021162033,37282.34303704071,95.96603850069016,11324620800.0,0.0003
fresh_through_step16000,2710,3.006251335144043,3.4365806579589844,0.20839430391788483,37281.49750695389,95.96386207704683,11366563840.0,0.0003
fresh_through_step16000,2720,2.9998059272766113,3.455143928527832,0.16973821818828583,37254.30536174845,95.8938685562236,11408506880.0,0.0003
fresh_through_step16000,2730,3.0590405464172363,4.393707752227783,0.15165671706199646,37305.38728383581,96.02535518775998,11450449920.0,0.0003
fresh_through_step16000,2740,2.943370819091797,3.348339080810547,0.19914069771766663,37282.99518267238,95.96771714606754,11492392960.0,0.0003
fresh_through_step16000,2750,3.0093860626220703,3.3430447578430176,0.20602937042713165,37301.494521166176,96.01533508221414,11534336000.0,0.0003
fresh_through_step16000,2760,3.0409958362579346,3.5640430450439453,0.20130781829357147,37292.074705429084,95.99108815119918,11576279040.0,0.0003
fresh_through_step16000,2770,3.0136022567749023,3.413879871368408,0.1667887270450592,37304.98628479917,96.02432300239141,11618222080.0,0.0003
fresh_through_step16000,2780,3.0014424324035645,3.4102439880371094,0.18380114436149597,37293.87541154489,95.99572323092755,11660165120.0,0.0003
fresh_through_step16000,2790,2.9904019832611084,3.336878776550293,0.1699691265821457,37317.83333363647,96.05739174976374,11702108160.0,0.0003
fresh_through_step16000,2800,3.0383286476135254,3.5838828086853027,0.18385450541973114,37285.29997296645,95.97364975587902,11744051200.0,0.0003
fresh_through_step16000,2810,2.982052803039551,3.385380744934082,0.15546943247318268,37306.30697489898,96.02772250431757,11785994240.0,0.0003
fresh_through_step16000,2820,3.0224428176879883,3.3664028644561768,0.14022710919380188,37293.68117853517,95.9952232684528,11827937280.0,0.0003
fresh_through_step16000,2830,3.005312442779541,3.3329222202301025,0.31230154633522034,37310.26638638555,96.03791416621989,11869880320.0,0.0003
fresh_through_step16000,2840,2.980865955352783,3.3563504219055176,0.16878558695316315,37269.91279112836,95.93404261844069,11911823360.0,0.0003
fresh_through_step16000,2850,3.034501075744629,3.632291078567505,0.24021606147289276,37284.57372566873,95.97178037025418,11953766400.0,0.0003
fresh_through_step16000,2860,3.020153284072876,3.410416841506958,0.18771018087863922,37291.771127052205,95.99030672997318,11995709440.0,0.0003
fresh_through_step16000,2870,3.0082993507385254,3.4941506385803223,0.2226894199848175,37297.90670822987,96.00609992781312,12037652480.0,0.0003
fresh_through_step16000,2880,2.998322010040283,3.353576421737671,0.16279485821723938,37288.1603572179,95.98101248372392,12079595520.0,0.0003
fresh_through_step16000,2890,2.977861166000366,3.3846278190612793,0.1384807527065277,37313.95029791862,96.0473966817277,12121538560.0,0.0003
fresh_through_step16000,2900,2.994251251220703,3.475219249725342,0.2086631804704666,37308.59554904655,96.03361337320796,12163481600.0,0.0003
fresh_through_step16000,2910,2.952449083328247,3.4620776176452637,0.19771847128868103,37311.80459660955,96.04187357245765,12205424640.0,0.0003
fresh_through_step16000,2920,2.9771053791046143,3.3605527877807617,0.13362827897071838,37308.51028450997,96.03339389934624,12247367680.0,0.0003
fresh_through_step16000,2930,2.957895517349243,3.3969497680664062,0.252603143453598,37264.85800677174,95.92103142894281,12289310720.0,0.0003
fresh_through_step16000,2940,2.968259572982788,3.372967004776001,0.14190927147865295,37303.091106865504,96.01944474894132,12331253760.0,0.0003
fresh_through_step16000,2950,2.9722025394439697,3.2492802143096924,0.18073076009750366,37298.32345555021,96.00717264980779,12373196800.0,0.0003
fresh_through_step16000,2960,2.9871163368225098,3.678748369216919,0.22091665863990784,37295.545953704124,96.0000232641366,12415139840.0,0.0003
fresh_through_step16000,2970,2.95579195022583,3.3543882369995117,0.18435393273830414,37327.480615713794,96.08222418699388,12457082880.0,0.0003
fresh_through_step16000,2980,2.957637310028076,3.378772020339966,0.23307259380817413,37310.65080727316,96.03890367886035,12499025920.0,0.0003
fresh_through_step16000,2990,2.978057622909546,3.437502384185791,0.15521371364593506,37334.982381092595,96.10153399014789,12540968960.0,0.0003
fresh_through_step16000,3000,2.972723960876465,3.411409616470337,0.23293156921863556,37310.9366450597,96.03963943519415,12582912000.0,0.0003
fresh_through_step16000,3010,2.9751036167144775,3.5149312019348145,0.19633996486663818,34039.961928728575,87.62003755420858,12624855040.0,0.0003
fresh_through_step16000,3020,2.9876210689544678,3.3675971031188965,0.21262863278388977,37334.53990329539,96.10039503701717,12666798080.0,0.0003
fresh_through_step16000,3030,2.951411485671997,3.3829925060272217,0.1905597299337387,37333.21146389029,96.09697558811159,12708741120.0,0.0003
fresh_through_step16000,3040,2.9907851219177246,3.4396557807922363,0.13653941452503204,37304.37845231326,96.02275842058157,12750684160.0,0.0003
fresh_through_step16000,3050,3.0000128746032715,4.937932968139648,0.20521806180477142,37335.456786892784,96.10275512706089,12792627200.0,0.0003
fresh_through_step16000,3060,2.911839485168457,3.412285327911377,0.1958567500114441,37357.4368743034,96.15933263112494,12834570240.0,0.0003
fresh_through_step16000,3070,2.992259979248047,3.50821852684021,0.18725353479385376,37312.19633997497,96.04288193340886,12876513280.0,0.0003
fresh_through_step16000,3080,2.980661630630493,3.7735188007354736,0.18287229537963867,37309.2876906663,96.03539496963988,12918456320.0,0.0003
fresh_through_step16000,3090,2.9012162685394287,3.5445666313171387,0.32428088784217834,30059.35648721616,77.37382167993506,12960399360.0,0.0003
fresh_through_step16000,3100,2.9297001361846924,3.4260611534118652,0.1590152382850647,37093.92835846306,95.48105261124343,13002342400.0,0.0003
fresh_through_step16000,3110,2.914767265319824,3.4941210746765137,0.11021271347999573,37119.86371290762,95.54781110924563,13044285440.0,0.0003
fresh_through_step16000,3120,2.851226806640625,3.294314384460449,0.2430560439825058,37176.73616073733,95.69420275401517,13086228480.0,0.0003
fresh_through_step16000,3130,2.895906448364258,3.4766159057617188,0.11952558159828186,37250.05077068277,95.88291709189079,13128171520.0,0.0003
fresh_through_step16000,3140,2.923325538635254,3.2854838371276855,0.17806580662727356,37278.50199682602,95.95615153052952,13170114560.0,0.0003
fresh_through_step16000,3150,2.9416866302490234,3.368006706237793,0.1107083410024643,37299.403492768935,96.00995270290723,13212057600.0,0.0003
fresh_through_step16000,3160,2.908400297164917,3.3503224849700928,0.14078082144260406,37299.83906029404,96.01107386875891,13254000640.0,0.0003
fresh_through_step16000,3170,2.9391028881073,3.292754650115967,0.1315479427576065,37299.9202887957,96.01128295372736,13295943680.0,0.0003
fresh_through_step16000,3180,2.941452980041504,3.372084617614746,0.18569447100162506,37277.517284754256,95.95361684765038,13337886720.0,0.0003
fresh_through_step16000,3190,2.922811985015869,3.2711329460144043,0.1482350379228592,37310.82471247264,96.03935131684952,13379829760.0,0.0003
fresh_through_step16000,3200,2.9554662704467773,3.3879590034484863,0.16765718162059784,37305.731202673946,96.02624044672639,13421772800.0,0.0003
fresh_through_step16000,3210,2.9541473388671875,3.406795024871826,0.30562570691108704,37316.59880704737,96.05421403568977,13463715840.0,0.0003
fresh_through_step16000,3220,2.9665298461914062,3.6546144485473633,0.15864913165569305,37301.831404671524,96.01620223199097,13505658880.0,0.0003
fresh_through_step16000,3230,2.924441337585449,3.2695882320404053,0.1499510109424591,37275.07086299241,95.94731967354969,13547601920.0,0.0003
fresh_through_step16000,3240,2.920179843902588,3.3295376300811768,0.11983732879161835,37322.526343388905,96.0694717189368,13589544960.0,0.0003
fresh_through_step16000,3250,2.9633007049560547,3.3765456676483154,0.2572133243083954,37301.98256373573,96.01659132064242,13631488000.0,0.0003
fresh_through_step16000,3260,2.9477672576904297,3.289315938949585,0.14578357338905334,37302.06683879999,96.0168082475682,13673431040.0,0.0003
fresh_through_step16000,3270,2.9628186225891113,3.52441668510437,0.15462103486061096,37292.37851368017,95.9918701641293,13715374080.0,0.0003
fresh_through_step16000,3280,2.9253597259521484,3.260871171951294,0.12771491706371307,37313.944844221085,96.0473826437219,13757317120.0,0.0003
fresh_through_step16000,3290,2.9797677993774414,3.3603920936584473,0.14959076046943665,37295.74906319642,96.00054607498402,13799260160.0,0.0003
fresh_through_step16000,3300,2.9345977306365967,3.3234410285949707,0.15662814676761627,37297.74177303295,96.00567537892029,13841203200.0,0.0003
fresh_through_step16000,3310,2.954275131225586,3.3641984462738037,0.14064493775367737,37274.130852016504,95.94490005283497,13883146240.0,0.0003
fresh_through_step16000,3320,2.9206342697143555,3.235736846923828,0.170135036110878,37339.46846248751,96.11308131858252,13925089280.0,0.0003
fresh_through_step16000,3330,2.9305760860443115,3.34375,0.18557967245578766,37307.2240620254,96.03008311825204,13967032320.0,0.0003
fresh_through_step16000,3340,2.9436562061309814,3.3790199756622314,0.19950111210346222,37312.19568894616,96.04288025763822,14008975360.0,0.0003
fresh_through_step16000,3350,2.9433319568634033,3.3047962188720703,0.1302172839641571,37284.936365847,95.97271381859662,14050918400.0,0.0003
fresh_through_step16000,3360,2.940896987915039,3.465876579284668,0.3694801926612854,37328.50423454815,96.08485901722356,14092861440.0,0.0003
fresh_through_step16000,3370,2.9109954833984375,3.312249183654785,0.16156119108200073,37314.14907509634,96.0479083410478,14134804480.0,0.0003
fresh_through_step16000,3380,2.9214928150177,3.314486265182495,0.13508498668670654,37288.10321119422,95.98086538788546,14176747520.0,0.0003
fresh_through_step16000,3390,2.9279403686523438,3.473083972930908,0.2647040784358978,37301.3868566025,96.01505794990909,14218690560.0,0.0003
fresh_through_step16000,3400,2.926433563232422,3.294506549835205,0.14051878452301025,37320.265618728605,96.0636525355884,14260633600.0,0.0003
fresh_through_step16000,3410,2.881471633911133,3.3012051582336426,0.1974528580904007,37332.58376809458,96.09535987745633,14302576640.0,0.0003
fresh_through_step16000,3420,2.908491611480713,3.3641510009765625,0.22959250211715698,37276.719163637536,95.95156245633329,14344519680.0,0.0003
fresh_through_step16000,3430,2.9172964096069336,3.672039031982422,0.11196907609701157,37309.54525270619,96.03605794322532,14386462720.0,0.0003
fresh_through_step16000,3440,2.9016952514648438,3.3297691345214844,0.17643579840660095,37294.72291038678,95.99790472221444,14428405760.0,0.0003
fresh_through_step16000,3450,2.957184314727783,3.489060401916504,0.1858518272638321,37310.55695077707,96.03866208899814,14470348800.0,0.0003
fresh_through_step16000,3460,2.9123268127441406,3.4425888061523438,0.22033581137657166,37307.79438170361,96.03155114079938,14512291840.0,0.0003
fresh_through_step16000,3470,2.92440128326416,3.4643654823303223,0.11167077720165253,37308.90013527876,96.03439738868836,14554234880.0,0.0003
fresh_through_step16000,3480,2.9119975566864014,3.5235962867736816,0.10669421404600143,37306.74045670326,96.02883830145181,14596177920.0,0.0003
fresh_through_step16000,3490,2.901655912399292,3.436828136444092,0.1649821698665619,37345.33142196505,96.1281727787515,14638120960.0,0.0003
fresh_through_step16000,3500,2.8865718841552734,3.262594699859619,0.19780312478542328,37286.73363661432,95.97734005561935,14680064000.0,0.0003
fresh_through_step16000,3510,2.909426689147949,3.2688002586364746,0.1069754809141159,37327.86907501361,96.08322409464681,14722007040.0,0.0003
fresh_through_step16000,3520,2.89007830619812,3.2090015411376953,0.22595882415771484,37309.88270300055,96.03692655193663,14763950080.0,0.0003
fresh_through_step16000,3530,2.897651433944702,3.217167377471924,0.12737098336219788,37294.01903814543,95.9960929307574,14805893120.0,0.0003
fresh_through_step16000,3540,2.871842384338379,3.2749431133270264,0.15009871125221252,37309.68191830695,96.03640972520134,14847836160.0,0.0003
fresh_through_step16000,3550,2.877192258834839,3.268167495727539,0.1683061420917511,37310.43667275183,96.03835248920744,14889779200.0,0.0003
fresh_through_step16000,3560,2.915828227996826,3.4900007247924805,0.20772269368171692,37334.554544671686,96.10043272442539,14931722240.0,0.0003
fresh_through_step16000,3570,2.910700798034668,3.4480481147766113,0.11266589909791946,37320.91497936808,96.0653240122997,14973665280.0,0.0003
fresh_through_step16000,3580,2.8822224140167236,3.3507916927337646,0.19293200969696045,37351.506591993595,96.14406787966075,15015608320.0,0.0003
fresh_through_step16000,3590,2.9147963523864746,3.473092794418335,0.16036203503608704,37328.4462545413,96.08470977468363,15057551360.0,0.0003
fresh_through_step16000,3600,2.9081549644470215,3.302898406982422,0.25529640913009644,37303.25278561388,96.01986091562313,15099494400.0,0.0003
fresh_through_step16000,3610,2.99699068069458,5.772846698760986,1.1742435693740845,37317.736763630426,96.05714317523321,15141437440.0,0.0003
fresh_through_step16000,3620,2.879499912261963,3.2210710048675537,0.10461913049221039,37304.252471189386,96.02243414081802,15183380480.0,0.0003
fresh_through_step16000,3630,2.88118577003479,3.281525135040283,0.13255487382411957,37318.718688669185,96.05967068419316,15225323520.0,0.0003
fresh_through_step16000,3640,2.8731117248535156,3.2336783409118652,0.16141816973686218,37336.98218611665,96.10668155734187,15267266560.0,0.0003
fresh_through_step16000,3650,2.917614698410034,3.357259750366211,0.12298176437616348,37332.817883032956,96.09596249739272,15309209600.0,0.0003
fresh_through_step16000,3660,2.895470380783081,3.290482521057129,0.15848688781261444,37304.42751752936,96.02288471614223,15351152640.0,0.0003
fresh_through_step16000,3670,2.8897860050201416,3.435953140258789,0.1385352462530136,37336.541915438786,96.10554828541257,15393095680.0,0.0003
fresh_through_step16000,3680,2.893690586090088,3.248108386993408,0.1949920505285263,37310.5111404828,96.03854417171866,15435038720.0,0.0003
fresh_through_step16000,3690,2.910183906555176,3.25278639793396,0.1536979228258133,37306.22301850777,96.02750639766721,15476981760.0,0.0003
fresh_through_step16000,3700,2.906754493713379,3.3263516426086426,0.13116402924060822,37303.875056480254,96.02146266232293,15518924800.0,0.0003
fresh_through_step16000,3710,2.914971351623535,4.255313873291016,0.3080521523952484,37312.97991716997,96.04489888816916,15560867840.0,0.0003
fresh_through_step16000,3720,2.9320249557495117,3.382868528366089,0.18404090404510498,37284.71681391544,95.97214868434267,15602810880.0,0.0003
fresh_through_step16000,3730,2.9023633003234863,3.3019561767578125,0.11197517067193985,37327.51474226422,96.08231202991321,15644753920.0,0.0003
fresh_through_step16000,3740,2.8680357933044434,3.219967842102051,0.2096594274044037,37314.24005613431,96.04814252938151,15686696960.0,0.0003
fresh_through_step16000,3750,2.8792738914489746,3.2420520782470703,0.14590968191623688,37338.700534839496,96.11110464629662,15728640000.0,0.0003
fresh_through_step16000,3760,2.851278781890869,3.3209714889526367,0.24104604125022888,37312.76064669647,96.044334478398,15770583040.0,0.0003
fresh_through_step16000,3770,2.872359275817871,3.302860736846924,0.13541488349437714,37319.69685165272,96.06218850949305,15812526080.0,0.0003
fresh_through_step16000,3780,2.8744828701019287,3.262465715408325,0.12326643615961075,37338.8496773861,96.11148854436212,15854469120.0,0.0003
fresh_through_step16000,3790,2.894463062286377,3.9595022201538086,0.17816419899463654,37348.60590984966,96.13660142364897,15896412160.0,0.0003
fresh_through_step16000,3800,2.8582513332366943,3.175848960876465,0.16391752660274506,37332.40151499217,96.09489075167673,15938355200.0,0.0003
fresh_through_step16000,3810,2.914801836013794,3.254546642303467,0.1747695356607437,37317.68147117646,96.0570008505472,15980298240.0,0.0003
fresh_through_step16000,3820,2.867877721786499,3.257223129272461,0.140292227268219,37316.841049858376,96.054837577051,16022241280.0,0.0003
fresh_through_step16000,3830,2.89196515083313,3.243194580078125,0.20734421908855438,37318.81354883503,96.05991485753599,16064184320.0,0.0003
fresh_through_step16000,3840,2.8808045387268066,3.2589802742004395,0.14682193100452423,37320.81580034065,96.06506872205802,16106127360.0,0.0003
fresh_through_step16000,3850,2.8740453720092773,3.253635883331299,0.1216496005654335,37315.61115388084,96.05167178233113,16148070400.0,0.0003
fresh_through_step16000,3860,2.8826589584350586,3.2572717666625977,0.2243557870388031,37319.9961330289,96.06295887009085,16190013440.0,0.0003
fresh_through_step16000,3870,2.936650514602661,3.8782296180725098,0.1262780874967575,37311.62072276647,96.04140027483558,16231956480.0,0.0003
fresh_through_step16000,3880,2.8671457767486572,3.321479558944702,0.22054624557495117,37311.30245775555,96.04058104970638,16273899520.0,0.0003
fresh_through_step16000,3890,2.865086078643799,3.256061553955078,0.10431212931871414,37354.07618678945,96.1506821054047,16315842560.0,0.0003
fresh_through_step16000,3900,2.868612766265869,3.226651668548584,0.1637495905160904,37310.36918504713,96.03817877352489,16357785600.0,0.0003
fresh_through_step16000,3910,2.862283706665039,3.3363754749298096,0.16900010406970978,37335.89134752209,96.10387370112801,16399728640.0,0.0003
fresh_through_step16000,3920,2.844672203063965,3.211818218231201,0.097246453166008,37308.81558627914,96.03417975664348,16441671680.0,0.0003
fresh_through_step16000,3930,2.8244102001190186,3.2744412422180176,0.19367775321006775,37324.674251490695,96.07500050856753,16483614720.0,0.0003
fresh_through_step16000,3940,2.9052791595458984,3.5869154930114746,0.14403045177459717,37334.64483081282,96.10066512407064,16525557760.0,0.0003
fresh_through_step16000,3950,2.8757810592651367,3.348507881164551,0.12459708005189896,37303.14219548356,96.01957625280852,16567500800.0,0.0003
fresh_through_step16000,3960,2.9361202716827393,4.5875325202941895,0.2135167270898819,37331.312115726694,96.09208660034564,16609443840.0,0.0003
fresh_through_step16000,3970,2.84784197807312,3.196676731109619,0.150706946849823,37360.506175968454,96.16723311960727,16651386880.0,0.0003
fresh_through_step16000,3980,2.822453260421753,3.258131504058838,0.14702333509922028,37347.782071501526,96.13448083529009,16693329920.0,0.0003
fresh_through_step16000,3990,2.887604236602783,3.23270845413208,0.1738722026348114,37321.30570464671,96.06632975266035,16735272960.0,0.0003
fresh_through_step16000,4000,2.895012855529785,3.805715560913086,0.16585269570350647,37351.52185546496,96.14410716836318,16777216000.0,0.0003
fresh_through_step16000,4010,2.887756109237671,3.292921304702759,0.172250434756279,34075.957765558305,87.71269208130295,16819159040.0,0.0003
fresh_through_step16000,4020,2.856907367706299,3.357800245285034,0.1863030195236206,37358.210593356496,96.16132421068752,16861102080.0,0.0003
fresh_through_step16000,4030,2.877403974533081,3.413339614868164,0.14142528176307678,37343.90632599924,96.12450453252066,16903045120.0,0.0003
fresh_through_step16000,4040,2.8241379261016846,3.194908618927002,0.17733776569366455,37350.58802892095,96.14170346658975,16944988160.0,0.0003
fresh_through_step16000,4050,2.870241403579712,3.276639461517334,0.21212753653526306,37334.835309205126,96.10115542203049,16986931200.0,0.0003
fresh_through_step16000,4060,2.811063289642334,3.2164182662963867,0.14650864899158478,37328.28392578684,96.08429193486373,17028874240.0,0.0003
fresh_through_step16000,4070,2.838578462600708,3.2290451526641846,0.1855931580066681,37338.60831879741,96.11086727901964,17070817280.0,0.0003
fresh_through_step16000,4080,2.817941427230835,3.189244270324707,0.16277307271957397,37340.14494161514,96.11482259921883,17112760320.0,0.0003
fresh_through_step16000,4090,2.8294129371643066,3.210367202758789,0.1432456076145172,37333.53985611173,96.0978208810304,17154703360.0,0.0003
fresh_through_step16000,4100,2.8714747428894043,3.3026986122131348,0.16655154526233673,37350.024142096365,96.14025200242978,17196646400.0,0.0003
fresh_through_step16000,4110,2.84726881980896,3.796239137649536,0.14004923403263092,37362.84359045039,96.17324970520501,17238589440.0,0.0003
fresh_through_step16000,4120,2.8161141872406006,3.2479846477508545,0.200656458735466,37336.93001559776,96.10654726862457,17280532480.0,0.0003
fresh_through_step16000,4130,2.8314661979675293,3.2238681316375732,0.14543510973453522,37356.96786055545,96.15812537354061,17322475520.0,0.0003
fresh_through_step16000,4140,2.8579323291778564,3.311819076538086,0.17880313098430634,37321.82152953607,96.06765750373928,17364418560.0,0.0003
fresh_through_step16000,4150,2.847841262817383,3.205946445465088,0.13704213500022888,37343.739224890924,96.12407440849712,17406361600.0,0.0003
fresh_through_step16000,4160,2.8582844734191895,3.359189033508301,0.13665583729743958,37341.83031803932,96.11916081633815,17448304640.0,0.0003
fresh_through_step16000,4170,2.8493189811706543,3.2610998153686523,0.13227517902851105,37331.93576970067,96.09369190721218,17490247680.0,0.0003
fresh_through_step16000,4180,2.8604378700256348,3.184877395629883,0.2237270176410675,37329.35855345921,96.08705806360403,17532190720.0,0.0003
fresh_through_step16000,4190,2.8143346309661865,3.244297504425049,0.1546039581298828,37349.942951703,96.14004301555339,17574133760.0,0.0003
fresh_through_step16000,4200,2.8628509044647217,3.232114553451538,0.16626931726932526,37317.66581666447,96.05696055529273,17616076800.0,0.0003
fresh_through_step16000,4210,2.852586030960083,3.265005111694336,0.11251387000083923,37348.426375821284,96.13613929685982,17658019840.0,0.0003
fresh_through_step16000,4220,2.835482597351074,3.2217278480529785,0.14464956521987915,37317.58662628971,96.0567567165333,17699962880.0,0.0003
fresh_through_step16000,4230,2.8464818000793457,3.2069616317749023,0.3080264925956726,37335.47397618363,96.10279937288915,17741905920.0,0.0003
fresh_through_step16000,4240,2.8569610118865967,3.3039960861206055,0.11331807076931,37343.6635338669,96.12387957718734,17783848960.0,0.0003
fresh_through_step16000,4250,2.8332579135894775,3.2252092361450195,0.14267519116401672,37403.70494635068,96.27842824641475,17825792000.0,0.0003
fresh_through_step16000,4260,2.8402090072631836,3.1958184242248535,0.14366395771503448,37337.53469746833,96.10810374064174,17867735040.0,0.0003
fresh_through_step16000,4270,2.8095874786376953,3.3023123741149902,0.10574410855770111,37367.35167118495,96.18485366069962,17909678080.0,0.0003
fresh_through_step16000,4280,2.833193063735962,3.277313232421875,0.14280717074871063,37328.94416358041,96.08599140974529,17951621120.0,0.0003
fresh_through_step16000,4290,2.8515515327453613,3.2412636280059814,0.21996961534023285,37329.22437491497,96.0867126833974,17993564160.0,0.0003
fresh_through_step16000,4300,2.835975408554077,3.41850209236145,0.12483420968055725,37313.13891244243,96.04530814749127,18035507200.0,0.0003
fresh_through_step16000,4310,2.823145866394043,3.4634971618652344,0.19495655596256256,37327.98248111632,96.0835160058716,18077450240.0,0.0003
fresh_through_step16000,4320,2.8582441806793213,3.3080077171325684,0.12937845289707184,37354.73009916421,96.15236529843982,18119393280.0,0.0003
fresh_through_step16000,4330,2.8230605125427246,3.533682346343994,0.09701194614171982,37352.78299816486,96.14735339322553,18161336320.0,0.0003
fresh_through_step16000,4340,2.8581337928771973,3.349289655685425,0.1334911286830902,37324.84236828034,96.07543324698987,18203279360.0,0.0003
fresh_through_step16000,4350,2.7918169498443604,3.3017640113830566,0.1897837370634079,37343.45399196166,96.12334020908685,18245222400.0,0.0003
fresh_through_step16000,4360,2.8185057640075684,3.212347984313965,0.1935364156961441,37316.837797738226,96.05482920598143,18287165440.0,0.0003
fresh_through_step16000,4370,2.815032720565796,3.216616153717041,0.16019096970558167,37306.422301520055,96.02801935902295,18329108480.0,0.0003
fresh_through_step16000,4380,2.82318115234375,3.246074914932251,0.13884958624839783,37330.3729743916,96.08966921811643,18371051520.0,0.0003
fresh_through_step16000,4390,2.7975716590881348,3.162996768951416,0.11760104447603226,37329.06831806594,96.08631098767864,18412994560.0,0.0003
fresh_through_step16000,4400,2.8035459518432617,3.200809955596924,0.1877172440290451,37333.77778665132,96.09843332245609,18454937600.0,0.0003
fresh_through_step16000,4410,2.807356595993042,3.2777552604675293,0.09299550205469131,37326.575799526145,96.0798951588796,18496880640.0,0.0003
fresh_through_step16000,4420,2.812652111053467,3.178445339202881,0.2667895555496216,37368.755880233366,96.18846814328376,18538823680.0,0.0003
fresh_through_step16000,4430,2.8086509704589844,3.1798245906829834,0.15381161868572235,37337.83328854975,96.10887232439698,18580766720.0,0.0003
fresh_through_step16000,4440,2.834010362625122,3.5501883029937744,0.10808033496141434,37346.82727464702,96.13202315521326,18622709760.0,0.0003
fresh_through_step16000,4450,2.834412097930908,3.6351914405822754,0.2189817726612091,37321.703083221,96.06735261883381,18664652800.0,0.0003
fresh_through_step16000,4460,2.7757344245910645,3.195857286453247,0.24644356966018677,37341.68209527634,96.11877928582744,18706595840.0,0.0003
fresh_through_step16000,4470,2.812844753265381,3.2466330528259277,0.13406507670879364,37317.08740424602,96.05547170175251,18748538880.0,0.0003
fresh_through_step16000,4480,2.827714681625366,3.1917247772216797,0.1150517612695694,37323.991440146616,96.07324292858738,18790481920.0,0.0003
fresh_through_step16000,4490,2.85360050201416,3.399895668029785,0.19147227704524994,37330.960128157916,96.09118057218794,18832424960.0,0.0003
fresh_through_step16000,4500,2.8267693519592285,3.2769525051116943,0.13218910992145538,37339.33454089556,96.11273659977994,18874368000.0,0.0003
fresh_through_step16000,4510,2.8554182052612305,3.726886749267578,0.15637831389904022,37326.39504647635,96.07942989428722,18916311040.0,0.0003
fresh_through_step16000,4520,2.808649778366089,3.197772264480591,0.18385004997253418,37334.94686048239,96.10144255887054,18958254080.0,0.0003
fresh_through_step16000,4530,2.7976036071777344,3.189213275909424,0.12404869496822357,37331.88692335744,96.09356617503781,19000197120.0,0.0003
fresh_through_step16000,4540,2.8245275020599365,3.3556900024414062,0.16999512910842896,37342.02438697363,96.11966035647711,19042140160.0,0.0003
fresh_through_step16000,4550,2.9310765266418457,5.626340866088867,0.16339603066444397,37358.63325210752,96.16241214890893,19084083200.0,0.0003
fresh_through_step16000,4560,2.7934017181396484,3.198573112487793,0.17939485609531403,37360.31635776946,96.16674452100781,19126026240.0,0.0003
fresh_through_step16000,4570,2.8151893615722656,3.261143684387207,0.21740229427814484,37361.23795731069,96.16911675005383,19167969280.0,0.0003
fresh_through_step16000,4580,2.8228728771209717,3.2281739711761475,0.1800919771194458,37316.68522305691,96.05443647348267,19209912320.0,0.0003
fresh_through_step16000,4590,2.804941177368164,3.180412769317627,0.13142073154449463,37331.168340120916,96.09171651697116,19251855360.0,0.0003
fresh_through_step16000,4600,2.805229663848877,3.189171314239502,0.13579030334949493,37329.516983492205,96.08746586798024,19293798400.0,0.0003
fresh_through_step16000,4610,2.808408737182617,3.198913097381592,0.22228923439979553,37309.9995332801,96.03722727711086,19335741440.0,0.0003
fresh_through_step16000,4620,2.783839225769043,3.169349193572998,0.11322774738073349,37350.48629119192,96.14144159016178,19377684480.0,0.0003
fresh_through_step16000,4630,2.826662063598633,3.487251043319702,0.12542295455932617,37361.231801830836,96.16910090563611,19419627520.0,0.0003
fresh_through_step16000,4640,2.784506320953369,3.1400718688964844,0.1200525164604187,37335.87037399099,96.10381971453465,19461570560.0,0.0003
fresh_through_step16000,4650,2.7791903018951416,3.1853652000427246,0.17323338985443115,37319.73884318175,96.06229659713894,19503513600.0,0.0003
fresh_through_step16000,4660,2.8559348583221436,3.330993175506592,0.14431816339492798,37334.93850489362,96.10142105129647,19545456640.0,0.0003
fresh_through_step16000,4670,2.7856459617614746,3.255523681640625,0.2116004079580307,37375.6160054881,96.20612634259973,19587399680.0,0.0003
fresh_through_step16000,4680,2.823695182800293,3.1997005939483643,0.1781238168478012,37317.88379558347,96.057521640558,19629342720.0,0.0003
fresh_through_step16000,4690,2.8362443447113037,3.38651704788208,0.1632252186536789,37341.44811708977,96.11817701789492,19671285760.0,0.0003
fresh_through_step16000,4700,2.7960901260375977,3.3593873977661133,0.16559045016765594,37335.136175472515,96.10192986219299,19713228800.0,0.0003
fresh_through_step16000,4710,2.8248677253723145,3.210693359375,0.1839902549982071,37345.07248054614,96.12750625459685,19755171840.0,0.0003
fresh_through_step16000,4720,2.8225550651550293,3.1817753314971924,0.16776953637599945,37319.486873158894,96.06164801759846,19797114880.0,0.0003
fresh_through_step16000,4730,2.8341078758239746,3.5849781036376953,0.11033859103918076,37340.7256626312,96.11631739516903,19839057920.0,0.0003
fresh_through_step16000,4740,2.7934908866882324,3.2567505836486816,0.3194650113582611,37331.1343842631,96.0916291134205,19881000960.0,0.0003
fresh_through_step16000,4750,2.7972564697265625,3.203909397125244,0.15832524001598358,37364.56266198206,96.17767465469461,19922944000.0,0.0003
fresh_through_step16000,4760,2.792912244796753,3.1581673622131348,0.12461614608764648,37339.112081132065,96.1121639806662,19964887040.0,0.0003
fresh_through_step16000,4770,2.8344779014587402,3.5137939453125,0.14712774753570557,37368.121164386524,96.18683436277446,20006830080.0,0.0003
fresh_through_step16000,4780,2.8112480640411377,3.189940929412842,0.16990292072296143,37353.092366171506,96.14814971715847,20048773120.0,0.0003
fresh_through_step16000,4790,2.835434913635254,3.2769808769226074,0.13663426041603088,37346.15440534323,96.13029116638816,20090716160.0,0.0003
fresh_through_step16000,4800,2.79915714263916,3.213698387145996,0.17080563306808472,37352.43333900027,96.1464533584606,20132659200.0,0.0003
fresh_through_step16000,4810,2.842005729675293,3.2465620040893555,0.14748477935791016,37342.9623399144,96.12207467973828,20174602240.0,0.0003
fresh_through_step16000,4820,2.814467430114746,3.202582359313965,0.19473572075366974,37339.82780573004,96.1140062804985,20216545280.0,0.0003
fresh_through_step16000,4830,2.811492681503296,3.214909553527832,0.21416959166526794,37365.11932609344,96.17910752734137,20258488320.0,0.0003
fresh_through_step16000,4840,2.7966244220733643,3.1811952590942383,0.10526099056005478,37342.40141116732,96.12063082977195,20300431360.0,0.0003
fresh_through_step16000,4850,2.804410934448242,4.129148960113525,0.18982365727424622,37349.478301266245,96.13884698928275,20342374400.0,0.0003
fresh_through_step16000,4860,2.792973041534424,3.28499698638916,0.1124000996351242,37343.588775075,96.12368714547524,20384317440.0,0.0003
fresh_through_step16000,4870,2.8004655838012695,3.175668478012085,0.14947371184825897,37340.75318701367,96.11638824388007,20426260480.0,0.0003
fresh_through_step16000,4880,2.7800357341766357,3.165534019470215,0.12839508056640625,37344.8232740761,96.12686478853676,20468203520.0,0.0003
fresh_through_step16000,4890,2.7987375259399414,3.246917247772217,0.1364137828350067,37354.46457273995,96.15168182425397,20510146560.0,0.0003
fresh_through_step16000,4900,2.784682273864746,3.1646175384521484,0.1892171949148178,37333.06018853483,96.09658620012243,20552089600.0,0.0003
fresh_through_step16000,4910,2.802408218383789,3.1845080852508545,0.10451173782348633,37352.30128626495,96.14611345015952,20594032640.0,0.0003
fresh_through_step16000,4920,2.7955710887908936,3.2700297832489014,0.14098989963531494,37359.32174207868,96.1641843458713,20635975680.0,0.0003
fresh_through_step16000,4930,2.746669292449951,3.3206052780151367,0.13066190481185913,37351.74713818951,96.14468705387617,20677918720.0,0.0003
fresh_through_step16000,4940,2.7662014961242676,3.1212191581726074,0.1107105240225792,37378.677091948135,96.21400568486065,20719861760.0,0.0003
fresh_through_step16000,4950,2.790621519088745,3.2437896728515625,0.17672567069530487,37337.18434110394,96.10720191126045,20761804800.0,0.0003
fresh_through_step16000,4960,2.832369804382324,3.4281959533691406,0.09414093941450119,37357.283172058145,96.15893699623764,20803747840.0,0.0003
fresh_through_step16000,4970,2.798229217529297,3.315126895904541,0.21249477565288544,37355.22117633751,96.15362934804294,20845690880.0,0.0003
fresh_through_step16000,4980,2.741608142852783,3.196082830429077,0.09297502785921097,37343.34636471707,96.12306317284244,20887633920.0,0.0003
fresh_through_step16000,4990,2.7793402671813965,3.134462594985962,0.11598426848649979,37358.484688289725,96.16202974051137,20929576960.0,0.0003
fresh_through_step16000,5000,2.786496639251709,3.21793794631958,0.1257687211036682,37355.148650589836,96.15344266426379,20971520000.0,0.0003
fresh_through_step16000,5010,2.7983715534210205,3.1903884410858154,0.17239968478679657,34041.77457736094,87.62470337438702,21013463040.0,0.0003
fresh_through_step16000,5020,2.827622413635254,3.1576576232910156,0.1320672333240509,37375.23872494646,96.20515520945641,21055406080.0,0.0003
fresh_through_step16000,5030,2.800530195236206,3.2781453132629395,0.09514575451612473,37354.21676860202,96.15104396784517,21097349120.0,0.0003
fresh_through_step16000,5040,2.8017687797546387,3.1589765548706055,0.19127880036830902,37374.07440931432,96.20215822081033,21139292160.0,0.0003
fresh_through_step16000,5050,2.79478120803833,3.375262975692749,0.1334686130285263,37363.55423714135,96.17507893432928,21181235200.0,0.0003
fresh_through_step16000,5060,2.7837162017822266,3.3544936180114746,0.2353111058473587,37339.6436948407,96.11353237271116,21223178240.0,0.0003
fresh_through_step16000,5070,2.7838335037231445,3.278306484222412,0.10294273495674133,37364.67103788175,96.17795361800312,21265121280.0,0.0003
fresh_through_step16000,5080,2.744541883468628,3.420469284057617,0.17852823436260223,37350.531187387365,96.1415571545193,21307064320.0,0.0003
fresh_through_step16000,5090,2.7333688735961914,3.2551522254943848,0.15798954665660858,37366.597864452706,96.18291333613855,21349007360.0,0.0003
fresh_through_step16000,5100,2.751390218734741,3.113226890563965,0.1450081765651703,37360.16794445381,96.16636250000796,21390950400.0,0.0003
fresh_through_step16000,5110,2.7821497917175293,3.2724809646606445,0.15166079998016357,37357.58834082919,96.15972251119314,21432893440.0,0.0003
fresh_through_step16000,5120,2.738999366760254,3.2334704399108887,0.13783574104309082,37386.328931264135,96.23370178351172,21474836480.0,0.0003
fresh_through_step16000,5130,2.764984130859375,3.1261916160583496,0.14426572620868683,37349.706233741905,96.13943369534661,21516779520.0,0.0003
fresh_through_step16000,5140,2.7484946250915527,3.2238943576812744,0.11820422857999802,37404.78623857125,96.28121152993228,21558722560.0,0.0003
fresh_through_step16000,5150,2.785987377166748,3.3461923599243164,0.1755518615245819,37355.61240313331,96.1546363793261,21600665600.0,0.0003
fresh_through_step16000,5160,2.737891912460327,3.091759204864502,0.11709155887365341,37354.23965344198,96.15110287421355,21642608640.0,0.0003
fresh_through_step16000,5170,2.7589797973632812,3.47982120513916,0.21438848972320557,37389.99485304741,96.24313799278228,21684551680.0,0.0003
fresh_through_step16000,5180,2.7670700550079346,3.2113137245178223,0.1299007534980774,37343.246737713365,96.12280672949434,21726494720.0,0.0003
fresh_through_step16000,5190,2.7750539779663086,3.3251469135284424,0.1606750637292862,37374.27531003137,96.20267534619401,21768437760.0,0.0003
fresh_through_step16000,5200,2.864358901977539,4.057676792144775,0.17081810534000397,37352.735550226134,96.14723126059265,21810380800.0,0.0003
fresh_through_step16000,5210,2.744188070297241,3.1355252265930176,0.11532983183860779,37333.62154181364,96.09803114284809,21852323840.0,0.0003
fresh_through_step16000,5220,2.8041348457336426,3.1622326374053955,0.15147097408771515,37362.64934337074,96.17274970651377,21894266880.0,0.0003
fresh_through_step16000,5230,2.7920923233032227,3.1797163486480713,0.12629038095474243,37345.49291063931,96.12858845617596,21936209920.0,0.0003
fresh_through_step16000,5240,2.782959461212158,3.20424747467041,0.12442651391029358,37371.97735741727,96.19676033680692,21978152960.0,0.0003
fresh_through_step16000,5250,2.755157709121704,3.1649444103240967,0.2767438292503357,37347.50624990103,96.13377086096509,22020096000.0,0.0003
fresh_through_step16000,5260,2.7405028343200684,3.093062400817871,0.13776959478855133,37365.984355011096,96.18133414164866,22062039040.0,0.0003
fresh_through_step16000,5270,2.776366949081421,3.2985305786132812,0.1709500104188919,37357.16774049146,96.15863987139863,22103982080.0,0.0003
fresh_through_step16000,5280,2.776723623275757,3.225588798522949,0.16737879812717438,37346.68518309019,96.13165740663894,22145925120.0,0.0003
fresh_through_step16000,5290,2.7929811477661133,3.1905007362365723,0.21223871409893036,37331.978812712165,96.09380270141021,22187868160.0,0.0003
fresh_through_step16000,5300,2.7260360717773438,3.225768566131592,0.10822809487581253,37350.81717561299,96.1422932980885,22229811200.0,0.0003
fresh_through_step16000,5310,2.7754056453704834,3.3078060150146484,0.16727203130722046,37369.92765403636,96.19148432951916,22271754240.0,0.0003
fresh_through_step16000,5320,2.7638375759124756,3.1504063606262207,0.1716618686914444,37381.00125846037,96.21998816972685,22313697280.0,0.0003
fresh_through_step16000,5330,2.7638726234436035,3.3383302688598633,0.15399092435836792,37335.35304074641,96.10248808089732,22355640320.0,0.0003
fresh_through_step16000,5340,2.7897307872772217,3.1458182334899902,0.12584128975868225,37321.57349086699,96.06701904363919,22397583360.0,0.0003
fresh_through_step16000,5350,2.7535486221313477,3.151433229446411,0.15883946418762207,37367.894348390095,96.18625053056668,22439526400.0,0.0003
fresh_through_step16000,5360,2.747584581375122,3.1171388626098633,0.15810349583625793,37369.24399900795,96.18972457786643,22481469440.0,0.0003
fresh_through_step16000,5370,2.7606966495513916,3.1615586280822754,0.10733478516340256,37346.67621262889,96.13163431636175,22523412480.0,0.0003
fresh_through_step16000,5380,2.78975772857666,3.225576400756836,0.18665555119514465,37364.68624626998,96.17799276491962,22565355520.0,0.0003
fresh_through_step16000,5390,2.7784173488616943,3.2479419708251953,0.10820338875055313,37361.61201059736,96.17007957613143,22607298560.0,0.0003
fresh_through_step16000,5400,2.7582292556762695,3.2128851413726807,0.18299181759357452,37319.59975134306,96.0619385699427,22649241600.0,0.0003
fresh_through_step16000,5410,2.762519598007202,3.232950210571289,0.08224714547395706,37337.680028277144,96.10847782716255,22691184640.0,0.0003
fresh_through_step16000,5420,2.766627073287964,3.1300830841064453,0.21123480796813965,37316.72309092264,96.0545339466768,22733127680.0,0.0003
fresh_through_step16000,5430,2.7414331436157227,3.1271448135375977,0.12588801980018616,37342.059984959,96.1197519869208,22775070720.0,0.0003
fresh_through_step16000,5440,2.7829835414886475,3.1210243701934814,0.21735942363739014,37378.51945425958,96.2135999200064,22817013760.0,0.0003
fresh_through_step16000,5450,2.7251834869384766,3.1299610137939453,0.1241670623421669,37341.475671393506,96.11824794362431,22858956800.0,0.0003
fresh_through_step16000,5460,2.743731737136841,3.17608642578125,0.1116533875465393,37368.62446626733,96.18812987919686,22900899840.0,0.0003
fresh_through_step16000,5470,2.682058334350586,3.213819980621338,0.1194259449839592,37321.14507654882,96.0659162903892,22942842880.0,0.0003
fresh_through_step16000,5480,2.764786720275879,3.194735288619995,0.12267684191465378,37317.82289164272,96.05736487171123,22984785920.0,0.0003
fresh_through_step16000,5490,2.7479190826416016,3.236217975616455,0.14247936010360718,37362.42726494224,96.17217806896947,23026728960.0,0.0003
fresh_through_step16000,5500,2.7380828857421875,3.3116366863250732,0.14833323657512665,37361.82222175551,96.17062066691201,23068672000.0,0.0003
fresh_through_step16000,5510,2.7507920265197754,3.3605732917785645,0.25155115127563477,37362.44771137795,96.17223069880109,23110615040.0,0.0003
fresh_through_step16000,5520,2.7443997859954834,3.324685573577881,0.11528240889310837,37352.06693223027,96.14551021478098,23152558080.0,0.0003
fresh_through_step16000,5530,2.7450361251831055,3.184904098510742,0.12958002090454102,37330.438821709446,96.08983871138655,23194501120.0,0.0003
fresh_through_step16000,5540,2.741107702255249,3.1511478424072266,0.14161518216133118,37342.58684501018,96.12110814288734,23236444160.0,0.0003
fresh_through_step16000,5550,2.7162299156188965,3.0808496475219727,0.18693943321704865,37342.231908425085,96.12019452385978,23278387200.0,0.0003
fresh_through_step16000,5560,2.7346038818359375,3.276301622390747,0.12665390968322754,37388.43584033596,96.23912504022344,23320330240.0,0.0003
fresh_through_step16000,5570,2.6740853786468506,3.0692152976989746,0.15044653415679932,37342.87902797987,96.1218602319417,23362273280.0,0.0003
fresh_through_step16000,5580,2.7478528022766113,3.1220033168792725,0.14133736491203308,37344.129782524935,96.12507971733474,23404216320.0,0.0003
fresh_through_step16000,5590,2.741746425628662,3.072808265686035,0.10471776127815247,37327.81049107187,96.08307329755762,23446159360.0,0.0003
fresh_through_step16000,5600,2.7774016857147217,3.1250967979431152,0.13546691834926605,37340.403553157215,96.11548827425915,23488102400.0,0.0003
fresh_through_step16000,5610,2.752830982208252,3.560655117034912,0.11087954044342041,37356.85488077675,96.15783455968855,23530045440.0,0.0003
fresh_through_step16000,5620,2.76865291595459,3.361626386642456,0.10701999068260193,37357.59303332756,96.15973458984598,23571988480.0,0.0003
fresh_through_step16000,5630,2.7088890075683594,3.166238307952881,0.15645389258861542,37362.52806146241,96.17243752269333,23613931520.0,0.0003
fresh_through_step16000,5640,2.723978281021118,3.2641167640686035,0.19136585295200348,37386.155751383754,96.23325601251896,23655874560.0,0.0003
fresh_through_step16000,5650,2.7380456924438477,3.2516703605651855,0.1441611349582672,37355.796575600194,96.15511044561616,23697817600.0,0.0003
fresh_through_step16000,5660,2.72025990486145,3.0996828079223633,0.1566091775894165,37364.78346949011,96.1782430208458,23739760640.0,0.0003
fresh_through_step16000,5670,2.7441763877868652,3.2257068157196045,0.16967378556728363,37356.37627811802,96.15660261991671,23781703680.0,0.0003
fresh_through_step16000,5680,2.699540376663208,3.240480422973633,0.12342564761638641,37327.13318835468,96.08132989697333,23823646720.0,0.0003
fresh_through_step16000,5690,2.7303338050842285,3.1966004371643066,0.2641409933567047,37362.21382004549,96.17162865443403,23865589760.0,0.0003
fresh_through_step16000,5700,2.7392024993896484,3.0695433616638184,0.13770809769630432,37356.670691429135,96.15736044994692,23907532800.0,0.0003
fresh_through_step16000,5710,2.770231008529663,3.5053727626800537,0.17637783288955688,37352.79561856756,96.14738587857791,23949475840.0,0.0003
fresh_through_step16000,5720,2.7299060821533203,3.063631057739258,0.11302115023136139,37339.272266065884,96.11257630221773,23991418880.0,0.0003
fresh_through_step16000,5730,2.713327169418335,3.130420684814453,0.1242976263165474,37368.15417652448,96.18691933715759,24033361920.0,0.0003
fresh_through_step16000,5740,2.769364595413208,3.3065571784973145,0.13597528636455536,37365.53645724677,96.18018123733542,24075304960.0,0.0003
fresh_through_step16000,5750,2.752802610397339,3.1063551902770996,0.14879749715328217,37370.182294946506,96.19213978401577,24117248000.0,0.0003
fresh_through_step16000,5760,2.762559413909912,3.1824469566345215,0.1812116652727127,37364.154243009034,96.17662337015355,24159191040.0,0.0003
fresh_through_step16000,5770,2.7177507877349854,3.0643067359924316,0.14328980445861816,37348.745149969196,96.1369598325252,24201134080.0,0.0003
fresh_through_step16000,5780,2.754085063934326,3.211900234222412,0.16527210175991058,37360.8702990776,96.168170385065,24243077120.0,0.0003
fresh_through_step16000,5790,2.750857353210449,3.0899834632873535,0.1959143429994583,37337.04246220749,96.1068367100813,24285020160.0,0.0003
fresh_through_step16000,5800,2.7437469959259033,3.129098892211914,0.13235537707805634,37327.5489093446,96.08239997715806,24326963200.0,0.0003
fresh_through_step16000,5810,2.7517576217651367,3.1759448051452637,0.11186902970075607,37348.06168337885,96.13520056591857,24368906240.0,0.0003
fresh_through_step16000,5820,2.7225255966186523,3.0445570945739746,0.10628251731395721,37363.76701786516,96.17562663926063,24410849280.0,0.0003
fresh_through_step16000,5830,2.7192234992980957,3.1535086631774902,0.0977947786450386,37348.19334759875,96.13553947416754,24452792320.0,0.0003
fresh_through_step16000,5840,2.7209537029266357,3.1797475814819336,0.16856049001216888,37345.379627897964,96.12829686248757,24494735360.0,0.0003
fresh_through_step16000,5850,2.668001890182495,3.0407886505126953,0.13868045806884766,37369.81684621082,96.19119910634956,24536678400.0,0.0003
fresh_through_step16000,5860,2.7145509719848633,3.02881121635437,0.13495014607906342,37343.72618935509,96.12404085457771,24578621440.0,0.0003
fresh_through_step16000,5870,2.72572922706604,3.0775656700134277,0.15690284967422485,37339.28563593414,96.11261071672034,24620564480.0,0.0003
fresh_through_step16000,5880,2.726285934448242,3.1762492656707764,0.11426174640655518,37390.372427211834,96.24410988172082,24662507520.0,0.0003
fresh_through_step16000,5890,2.714125633239746,3.062981128692627,0.1146182268857956,37355.74361057902,96.15497411182254,24704450560.0,0.0003
fresh_through_step16000,5900,2.757286310195923,3.7792153358459473,0.15630467236042023,37381.97688197109,96.22249945833602,24746393600.0,0.0003
fresh_through_step16000,5910,2.719937324523926,3.1628947257995605,0.13237249851226807,37324.9733967831,96.07577051888097,24788336640.0,0.0003
fresh_through_step16000,5920,2.735499858856201,3.084062337875366,0.231034055352211,37358.37775160779,96.16175448179908,24830279680.0,0.0003
fresh_through_step16000,5930,2.7321059703826904,3.1752805709838867,0.11823857575654984,37349.272910846965,96.1383183072505,24872222720.0,0.0003
fresh_through_step16000,5940,2.7525548934936523,3.1346006393432617,0.15908002853393555,37341.9193265715,96.11938992737385,24914165760.0,0.0003
fresh_through_step16000,5950,2.7254979610443115,3.170246124267578,0.11940467357635498,37354.514820624376,96.15181116404376,24956108800.0,0.0003
fresh_through_step16000,5960,2.7228782176971436,3.0436959266662598,0.16692624986171722,37356.17309970526,96.15607963166563,24998051840.0,0.0003
fresh_through_step16000,5970,2.7308707237243652,3.254960536956787,0.1555468589067459,37376.39115224537,96.20812159712219,25039994880.0,0.0003
fresh_through_step16000,5980,2.736945867538452,3.2647132873535156,0.1205819621682167,37351.64973026217,96.14443632250727,25081937920.0,0.0003
fresh_through_step16000,5990,2.807981252670288,3.9033212661743164,0.12343671172857285,37371.61752834882,96.19583412435823,25123880960.0,0.0003
fresh_through_step16000,6000,2.730694532394409,3.1730642318725586,0.1306845098733902,37358.9569814925,96.16324543952568,25165824000.0,0.0003
fresh_through_step16000,6010,2.7458367347717285,3.1898880004882812,0.12619851529598236,34115.41933734632,87.814267529867,25207767040.0,0.0003
fresh_through_step16000,6020,2.717177629470825,3.2985215187072754,0.12687087059020996,37366.977560257685,96.18389068625314,25249710080.0,0.0003
fresh_through_step16000,6030,2.7245278358459473,3.1739730834960938,0.12220077216625214,37365.602416892805,96.18035101974218,25291653120.0,0.0003
fresh_through_step16000,6040,2.7288241386413574,3.103501319885254,0.13821105659008026,37347.1624627644,96.13288594100291,25333596160.0,0.0003
fresh_through_step16000,6050,2.7352609634399414,3.0835797786712646,0.1402743011713028,37360.37834602337,96.16690408091411,25375539200.0,0.0003
fresh_through_step16000,6060,2.718287706375122,3.1181273460388184,0.09992298483848572,37341.808009064174,96.1191033922657,25417482240.0,0.0003
fresh_through_step16000,6070,2.7481634616851807,3.106994152069092,0.13640306890010834,37358.533234737384,96.16215470074417,25459425280.0,0.0003
fresh_through_step16000,6080,2.698437213897705,3.1207497119903564,0.1484767198562622,37361.445763781274,96.16965165108559,25501368320.0,0.0003
fresh_through_step16000,6090,2.7352216243743896,3.1187849044799805,0.12924960255622864,37353.18619414635,96.148391233606,25543311360.0,0.0003
fresh_through_step16000,6100,2.7316198348999023,3.3001065254211426,0.15339940786361694,37375.78193623496,96.20655345407249,25585254400.0,0.0003
fresh_through_step16000,6110,2.7379519939422607,3.239776134490967,0.10959752649068832,37344.47093258281,96.12595784936512,25627197440.0,0.0003
fresh_through_step16000,6120,2.7369213104248047,3.8231983184814453,0.1973455846309662,37346.14231404821,96.13026004297723,25669140480.0,0.0003
fresh_through_step16000,6130,2.73679780960083,3.1376729011535645,0.14749090373516083,37360.31074992659,96.16673008622661,25711083520.0,0.0003
fresh_through_step16000,6140,2.7529239654541016,3.410051107406616,0.207530677318573,37339.86238902873,96.11409529910362,25753026560.0,0.0003
fresh_through_step16000,6150,2.726694107055664,3.1802875995635986,0.17745135724544525,37364.01374187854,96.17626171539153,25794969600.0,0.0003
fresh_through_step16000,6160,2.718987226486206,3.1027634143829346,0.1089523509144783,37319.21561670156,96.06094979410959,25836912640.0,0.0003
fresh_through_step16000,6170,2.6872973442077637,3.1128783226013184,0.18502913415431976,37368.822826104595,96.18864046426823,25878855680.0,0.0003
fresh_through_step16000,6180,2.7217864990234375,3.171201229095459,0.15863190591335297,37327.70664905736,96.08280600462615,25920798720.0,0.0003
fresh_through_step16000,6190,2.703153371810913,3.0391769409179688,0.14512568712234497,37353.71496513661,96.14975230839573,25962741760.0,0.0003
fresh_through_step16000,6200,2.7338693141937256,3.1758298873901367,0.13385996222496033,37334.33546722488,96.09986881151161,26004684800.0,0.0003
fresh_through_step16000,6210,2.7511043548583984,3.1939597129821777,0.13146813213825226,37370.48633202621,96.19292238595864,26046627840.0,0.0003
fresh_through_step16000,6220,2.725517988204956,3.1598973274230957,0.13264435529708862,37328.12494275082,96.08388270703864,26088570880.0,0.0003
fresh_through_step16000,6230,2.7329282760620117,3.1749396324157715,0.1460685431957245,37342.737159182696,96.12149505675842,26130513920.0,0.0003
fresh_through_step16000,6240,2.759770393371582,3.139110565185547,0.16194890439510345,37346.51559264782,96.13122087498357,26172456960.0,0.0003
fresh_through_step16000,6250,2.7282919883728027,3.3696751594543457,0.19747747480869293,37337.12056213042,96.10703774198004,26214400000.0,0.0003
fresh_through_step16000,6260,2.7402031421661377,3.146829605102539,0.219365194439888,37325.879474678455,96.07810279467448,26256343040.0,0.0003
fresh_through_step16000,6270,2.7167160511016846,3.1993179321289062,0.09935443103313446,37346.05977962036,96.13004759650966,26298286080.0,0.0003
fresh_through_step16000,6280,2.738637924194336,3.0901541709899902,0.2057579606771469,37336.74071225462,96.10605999528185,26340229120.0,0.0003
fresh_through_step16000,6290,2.7097630500793457,3.152017116546631,0.1528339684009552,37327.31036196121,96.08178594795511,26382172160.0,0.0003
fresh_through_step16000,6300,2.755373001098633,3.5061402320861816,0.11687890440225601,37340.06914813474,96.1146275041828,26424115200.0,0.0003
fresh_through_step16000,6310,2.7434661388397217,3.180696964263916,0.12106097489595413,37354.75273019578,96.15242355149664,26466058240.0,0.0003
fresh_through_step16000,6320,2.7132179737091064,3.1549806594848633,0.12951317429542542,37358.28184889831,96.16150762491294,26508001280.0,0.0003
fresh_through_step16000,6330,2.7145180702209473,3.0989694595336914,0.11937890201807022,37340.549657390904,96.11586435160227,26549944320.0,0.0003
fresh_through_step16000,6340,2.7806029319763184,3.2963404655456543,0.22342251241207123,37327.2086434624,96.08152412102639,26591887360.0,0.0003
fresh_through_step16000,6350,2.70878529548645,3.214266777038574,0.0979132130742073,37328.470544051605,96.084772296722,26633830400.0,0.0003
fresh_through_step16000,6360,2.683722496032715,3.2277626991271973,0.13477541506290436,37331.19565806425,96.09178683430072,26675773440.0,0.0003
fresh_through_step16000,6370,2.729191541671753,3.122352361679077,0.24470840394496918,37330.978720897285,96.09122843054115,26717716480.0,0.0003
fresh_through_step16000,6380,2.7101502418518066,3.220853805541992,0.09688039869070053,37341.64005435248,96.11867107103758,26759659520.0,0.0003
fresh_through_step16000,6390,2.707676887512207,3.1127309799194336,0.10580731928348541,37341.65415661679,96.11870737075292,26801602560.0,0.0003
fresh_through_step16000,6400,2.6738734245300293,3.1012423038482666,0.18730151653289795,37334.10250524285,96.09926915932466,26843545600.0,0.0003
fresh_through_step16000,6410,2.737253427505493,3.218140125274658,0.15154866874217987,37328.92050922463,96.08593052261662,26885488640.0,0.0003
fresh_through_step16000,6420,2.714054584503174,3.272204875946045,0.11919212341308594,37315.300706536014,96.05087268014442,26927431680.0,0.0003
fresh_through_step16000,6430,2.7335472106933594,3.149094820022583,0.1069607362151146,37345.36761477247,96.12826594028769,26969374720.0,0.0003
fresh_through_step16000,6440,2.7468221187591553,3.1102867126464844,0.17291061580181122,37321.697942854415,96.0673393873527,27011317760.0,0.0003
fresh_through_step16000,6450,2.7464544773101807,3.153079032897949,0.1523403376340866,37350.37743973987,96.14116140276506,27053260800.0,0.0003
fresh_through_step16000,6460,2.7469348907470703,3.154902935028076,0.12522877752780914,37334.03866016726,96.09910481989523,27095203840.0,0.0003
fresh_through_step16000,6470,2.717494010925293,3.1489362716674805,0.09990892559289932,37338.04251837249,96.10941088918634,27137146880.0,0.0003
fresh_through_step16000,6480,2.685770034790039,3.1380677223205566,0.127785325050354,37353.7000743815,96.14971397907783,27179089920.0,0.0003
fresh_through_step16000,6490,2.717815399169922,3.1087470054626465,0.17048656940460205,37343.69637597201,96.12396411390007,27221032960.0,0.0003
fresh_through_step16000,6500,2.7117810249328613,3.054090738296509,0.09780529886484146,37321.575617393224,96.06702451739116,27262976000.0,0.0003
fresh_through_step16000,6510,2.7318508625030518,3.0879788398742676,0.18393170833587646,37314.26995074453,96.04821947914061,27304919040.0,0.0003
fresh_through_step16000,6520,2.7068698406219482,3.095405101776123,0.17574144899845123,37358.372493785726,96.1617409479835,27346862080.0,0.0003
fresh_through_step16000,6530,2.7043941020965576,3.1326146125793457,0.1443934142589569,37321.74203982286,96.06745289447234,27388805120.0,0.0003
fresh_through_step16000,6540,2.7125890254974365,3.09446120262146,0.11411262303590775,37361.90484818456,96.17083335019385,27430748160.0,0.0003
fresh_through_step16000,6550,2.716769218444824,3.1009223461151123,0.12454994767904282,37322.42681779392,96.06921553661826,27472691200.0,0.0003
fresh_through_step16000,6560,2.7388572692871094,3.18013858795166,0.152127206325531,37354.747737250356,96.15241069948269,27514634240.0,0.0003
fresh_through_step16000,6570,2.7365641593933105,3.0530173778533936,0.1459587812423706,37332.47360794044,96.09507632141525,27556577280.0,0.0003
fresh_through_step16000,6580,2.780155658721924,3.0915610790252686,0.14294111728668213,37359.48786028302,96.16461193986605,27598520320.0,0.0003
fresh_through_step16000,6590,2.7239134311676025,3.6270556449890137,0.1568414866924286,37357.233664149506,96.15880956117107,27640463360.0,0.0003
fresh_through_step16000,6600,2.71907114982605,3.1058995723724365,0.15573564171791077,37366.64777430904,96.18304180583237,27682406400.0,0.0003
fresh_through_step16000,6610,2.7164523601531982,3.3426311016082764,0.0909639522433281,37344.89443706204,96.12704796452013,27724349440.0,0.0003
fresh_through_step16000,6620,2.74440336227417,3.111846685409546,0.21562999486923218,37346.699231808496,96.13169356852501,27766292480.0,0.0003
fresh_through_step16000,6630,2.7090978622436523,3.061532497406006,0.11215947568416595,37332.81882506663,96.09596492221993,27808235520.0,0.0003
fresh_through_step16000,6640,2.6725940704345703,3.0459535121917725,0.1512502133846283,37326.82955557338,96.08054833570849,27850178560.0,0.0003
fresh_through_step16000,6650,2.725863218307495,3.081601142883301,0.15844638645648956,37342.69151778852,96.1213775742336,27892121600.0,0.0003
fresh_through_step16000,6660,2.7096056938171387,3.0883357524871826,0.1523420214653015,37372.039079708404,96.19691921211583,27934064640.0,0.0003
fresh_through_step16000,6670,2.6920926570892334,3.0609169006347656,0.14577651023864746,37349.39280193682,96.13862691105614,27976007680.0,0.0003
fresh_through_step16000,6680,2.7297022342681885,3.1023707389831543,0.11551161110401154,37358.27742149661,96.16149622862807,28017950720.0,0.0003
fresh_through_step16000,6690,2.7337896823883057,3.1972851753234863,0.10973542928695679,37325.42292362907,96.07692761650664,28059893760.0,0.0003
fresh_through_step16000,6700,2.7184014320373535,3.1399078369140625,0.18799631297588348,37350.8665791605,96.14242046452593,28101836800.0,0.0003
fresh_through_step16000,6710,2.666687488555908,3.438443183898926,0.1299440860748291,37343.786100898156,96.12419506895857,28143779840.0,0.0003
fresh_through_step16000,6720,2.6699957847595215,3.064168930053711,0.09950021654367447,37325.73482448256,96.07773046007483,28185722880.0,0.0003
fresh_through_step16000,6730,2.7503623962402344,3.3425583839416504,0.1789568066596985,37341.12702825844,96.11735052415447,28227665920.0,0.0003
fresh_through_step16000,6740,2.729796886444092,3.138545036315918,0.11560233682394028,37328.228311860075,96.08414878269565,28269608960.0,0.0003
fresh_through_step16000,6750,2.7730164527893066,3.556394338607788,0.1637786328792572,37333.45294087828,96.09759715821792,28311552000.0,0.0003
fresh_through_step16000,6760,2.708686351776123,3.1229329109191895,0.2969094216823578,37347.53337049955,96.13384067032227,28353495040.0,0.0003
fresh_through_step16000,6770,2.710986852645874,3.1270880699157715,0.1382351964712143,37308.12328254814,96.03239774293161,28395438080.0,0.0003
fresh_through_step16000,6780,2.714658737182617,3.2114181518554688,0.10605287551879883,37339.37113468976,96.11283079346997,28437381120.0,0.0003
fresh_through_step16000,6790,2.7156519889831543,3.4331393241882324,0.10523029416799545,37332.810820257684,96.09594431756527,28479324160.0,0.0003
fresh_through_step16000,6800,2.708529233932495,3.128519058227539,0.13210059702396393,37319.05895391082,96.06054653867598,28521267200.0,0.0003
fresh_through_step16000,6810,2.722644329071045,3.11350154876709,0.10767192393541336,37328.55259370488,96.08498349536306,28563210240.0,0.0003
fresh_through_step16000,6820,2.7101197242736816,3.1534647941589355,0.1537857949733734,37359.7937775185,96.16539938139485,28605153280.0,0.0003
fresh_through_step16000,6830,2.6884660720825195,3.145008087158203,0.14607147872447968,37346.53650579472,96.13127470614592,28647096320.0,0.0003
fresh_through_step16000,6840,2.696061611175537,3.0595293045043945,0.21874573826789856,37333.11060972085,96.0967159859965,28689039360.0,0.0003
fresh_through_step16000,6850,2.744217872619629,3.1364901065826416,0.09916771203279495,37346.65464052798,96.13157878902904,28730982400.0,0.0003
fresh_through_step16000,6860,2.678581953048706,3.1085309982299805,0.13440456986427307,37332.91956290663,96.09622422489902,28772925440.0,0.0003
fresh_through_step16000,6870,2.7670559883117676,3.2518200874328613,0.16337917745113373,37333.40725198562,96.09747955343039,28814868480.0,0.0003
fresh_through_step16000,6880,2.7106454372406006,3.153463363647461,0.13363909721374512,37338.15495694823,96.10970030996329,28856811520.0,0.0003
fresh_through_step16000,6890,2.703927993774414,3.145230293273926,0.1396740823984146,37323.46130304742,96.07187833738608,28898754560.0,0.0003
fresh_through_step16000,6900,2.7338991165161133,3.0961217880249023,0.1375039964914322,37315.46017200757,96.05128314977526,28940697600.0,0.0003
fresh_through_step16000,6910,2.68460750579834,3.0434913635253906,0.0916382223367691,37333.71118849851,96.09826189651085,28982640640.0,0.0003
fresh_through_step16000,6920,2.697638750076294,3.083158493041992,0.0998188927769661,37375.18445663417,96.20501552094645,29024583680.0,0.0003
fresh_through_step16000,6930,2.6452956199645996,3.084320068359375,0.16797465085983276,36369.92082825388,93.61743222531933,29066526720.0,0.0003
fresh_through_step16000,6940,2.6455461978912354,3.072673797607422,0.08752451837062836,37292.61079614555,95.99246806721692,29108469760.0,0.0003
fresh_through_step16000,6950,2.733006715774536,3.3446006774902344,0.13693207502365112,37331.582523156685,96.09278263840879,29150412800.0,0.0003
fresh_through_step16000,6960,2.692269802093506,3.279930591583252,0.12395106256008148,37345.91882922534,96.12968478532524,29192355840.0,0.0003
fresh_through_step16000,6970,2.686272621154785,3.2119247913360596,0.1436552107334137,37311.43577141957,96.04092420368148,29234298880.0,0.0003
fresh_through_step16000,6980,2.712641477584839,3.1457414627075195,0.0947001576423645,37356.21883157071,96.15619734706662,29276241920.0,0.0003
fresh_through_step16000,6990,2.7176642417907715,3.1780686378479004,0.17280758917331696,37308.86810181639,96.03431493344996,29318184960.0,0.0003
fresh_through_step16000,7000,2.7028610706329346,3.0992825031280518,0.12431218475103378,37334.80413940345,96.10107518988455,29360128000.0,0.0003
fresh_through_step16000,7010,2.7211098670959473,3.1721391677856445,0.2065848857164383,34028.546562574425,87.59065400750498,29402071040.0,0.0003
fresh_through_step16000,7020,2.672635078430176,3.087350845336914,0.10739757120609283,37335.811685198576,96.10366864755619,29444014080.0,0.0003
fresh_through_step16000,7030,2.7341365814208984,3.8016529083251953,0.13731271028518677,37345.40441388155,96.12836066246531,29485957120.0,0.0003
fresh_through_step16000,7040,2.732987642288208,3.2460269927978516,0.1103900820016861,37363.44959442741,96.17480958036982,29527900160.0,0.0003
fresh_through_step16000,7050,2.7247252464294434,3.0876054763793945,0.16028772294521332,37320.346144501425,96.06385981170855,29569843200.0,0.0003
fresh_through_step16000,7060,2.685932159423828,3.05082106590271,0.1650387942790985,37326.67940025106,96.0801618307233,29611786240.0,0.0003
fresh_through_step16000,7070,2.692932605743408,3.7516255378723145,0.12400845438241959,37338.56787386692,96.11076317237185,29653729280.0,0.0003
fresh_through_step16000,7080,2.7366585731506348,3.3765342235565186,0.18550924956798553,37345.17723514089,96.12777589654135,29695672320.0,0.0003
fresh_through_step16000,7090,2.7171783447265625,3.0788934230804443,0.16367511451244354,37348.50548329895,96.13634292223927,29737615360.0,0.0003
fresh_through_step16000,7100,2.6840531826019287,3.1980485916137695,0.11915941536426544,37328.73051741643,96.08544147714106,29779558400.0,0.0003
fresh_through_step16000,7110,2.7171859741210938,3.25936222076416,0.12314215302467346,37349.340525364234,96.13849234935297,29821501440.0,0.0003
fresh_through_step16000,7120,2.697786331176758,3.1151294708251953,0.12421200424432755,37331.57225195883,96.09275619999082,29863444480.0,0.0003
fresh_through_step16000,7130,2.687666416168213,3.308126926422119,0.10864730924367905,37319.52991183753,96.0617588006436,29905387520.0,0.0003
fresh_through_step16000,7140,2.6893696784973145,3.0382111072540283,0.14271892607212067,37395.23237291152,96.25661954978712,29947330560.0,0.0003
fresh_through_step16000,7150,2.7321901321411133,3.545395851135254,0.15517625212669373,37347.93351400953,96.13487065353567,29989273600.0,0.0003
fresh_through_step16000,7160,2.6789331436157227,3.2246322631835938,0.13869677484035492,37350.795595630334,96.1422377504679,30031216640.0,0.0003
fresh_through_step16000,7170,2.698931932449341,3.0519914627075195,0.1173754557967186,37367.871162310854,96.186190848798,30073159680.0,0.0003
fresh_through_step16000,7180,2.7205581665039062,3.5373764038085938,0.16546285152435303,37340.142691859204,96.11481680826937,30115102720.0,0.0003
fresh_through_step16000,7190,2.6823980808258057,3.0975754261016846,0.13247939944267273,37350.25347763874,96.14084232003582,30157045760.0,0.0003
fresh_through_step16000,7200,2.7071380615234375,3.1560521125793457,0.09645279496908188,37357.90821048011,96.16054586672111,30198988800.0,0.0003
fresh_through_step16000,7210,2.703136920928955,3.2032742500305176,0.11766121536493301,37345.41748378687,96.12839430485296,30240931840.0,0.0003
fresh_through_step16000,7220,2.6954150199890137,3.051319122314453,0.1323903650045395,37382.073139836444,96.22274722940566,30282874880.0,0.0003
fresh_through_step16000,7230,2.7125556468963623,3.098567485809326,0.13023638725280762,37355.59445004268,96.15459016745082,30324817920.0,0.0003
fresh_through_step16000,7240,2.6860508918762207,3.043689250946045,0.16042934358119965,37351.68815461846,96.14453522812731,30366760960.0,0.0003
fresh_through_step16000,7250,2.6806201934814453,3.1034600734710693,0.137794628739357,37353.3611763136,96.14884164374742,30408704000.0,0.0003
fresh_through_step16000,7260,2.6967225074768066,3.106595516204834,0.19907544553279877,37349.1244980345,96.13793628754587,30450647040.0,0.0003
fresh_through_step16000,7270,2.6700243949890137,3.1328773498535156,0.16155049204826355,37360.108496794535,96.16620947968,30492590080.0,0.0003
fresh_through_step16000,7280,2.6952691078186035,3.2086968421936035,0.142330601811409,37346.24597448452,96.13052686852014,30534533120.0,0.0003
fresh_through_step16000,7290,2.7026071548461914,3.1624064445495605,0.1388285607099533,37300.17575881423,96.01194054237754,30576476160.0,0.0003
fresh_through_step16000,7300,2.643871307373047,3.111976146697998,0.13316097855567932,37343.45540383571,96.12334384329941,30618419200.0,0.0003
fresh_through_step16000,7310,2.6997737884521484,3.1619529724121094,0.10216154903173447,37353.41523317904,96.14898078798588,30660362240.0,0.0003
fresh_through_step16000,7320,2.71093487739563,3.18637752532959,0.12630365788936615,37350.67062276734,96.1419160660027,30702305280.0,0.0003
fresh_through_step16000,7330,2.6771461963653564,3.0855135917663574,0.14303824305534363,37376.00910904897,96.20713820474103,30744248320.0,0.0003
fresh_through_step16000,7340,2.694108724594116,3.1555304527282715,0.14551517367362976,37364.52566204826,96.17757941558725,30786191360.0,0.0003
fresh_through_step16000,7350,2.725903272628784,3.3570122718811035,0.08844535052776337,37357.251073679276,96.15885437390193,30828134400.0,0.0003
fresh_through_step16000,7360,2.678628444671631,3.127694845199585,0.15311037003993988,37368.29862287879,96.18729114706197,30870077440.0,0.0003
fresh_through_step16000,7370,2.7702596187591553,3.6723737716674805,0.12536998093128204,37364.391709702286,96.17723461762274,30912020480.0,0.0003
fresh_through_step16000,7380,2.7270922660827637,3.8565430641174316,0.11142420768737793,37347.336931858415,96.1333350304761,30953963520.0,0.0003
fresh_through_step16000,7390,2.6500203609466553,3.061720609664917,0.08842189610004425,37361.47863940284,96.16973627407084,30995906560.0,0.0003
fresh_through_step16000,7400,2.6942038536071777,3.1057510375976562,0.11413522064685822,37314.89388319195,96.0498255028074,31037849600.0,0.0003
fresh_through_step16000,7410,2.6856327056884766,3.0372228622436523,0.12685653567314148,37329.780422353724,96.0881439687075,31079792640.0,0.0003
fresh_through_step16000,7420,2.684157609939575,3.0441131591796875,0.1121048629283905,37361.6636589769,96.170212520844,31121735680.0,0.0003
fresh_through_step16000,7430,2.7013089656829834,3.0582997798919678,0.0992223247885704,37347.35068101685,96.13337042128472,31163678720.0,0.0003
fresh_through_step16000,7440,2.6874847412109375,3.3325912952423096,0.13702477514743805,37326.553770252365,96.07983845476811,31205621760.0,0.0003
fresh_through_step16000,7450,2.7129247188568115,3.5548932552337646,0.1467239111661911,37344.65749051487,96.12643805592491,31247564800.0,0.0003
fresh_through_step16000,7460,2.6699414253234863,3.083085060119629,0.1682049185037613,37333.96207256012,96.09890768074955,31289507840.0,0.0003
fresh_through_step16000,7470,2.7387070655822754,3.022657871246338,0.11739258468151093,37343.130982286566,96.12250877102821,31331450880.0,0.0003
fresh_through_step16000,7480,2.7080111503601074,3.161116123199463,0.20785334706306458,37315.307883763264,96.05089115457521,31373393920.0,0.0003
fresh_through_step16000,7490,2.697096824645996,3.140110969543457,0.1147700846195221,37354.948679354064,96.15292793139703,31415336960.0,0.0003
fresh_through_step16000,7500,2.659271478652954,3.107963800430298,0.17447920143604279,37347.869140560346,96.13470495405437,31457280000.0,0.0003
fresh_through_step16000,7510,2.703004837036133,3.1208372116088867,0.12376172095537186,37328.18438445752,96.08403571204445,31499223040.0,0.0003
fresh_through_step16000,7520,2.7047717571258545,3.1569342613220215,0.21296139061450958,37349.2338092784,96.13821765846266,31541166080.0,0.0003
fresh_through_step16000,7530,2.7234604358673096,3.062802791595459,0.12275312840938568,37335.14135024497,96.101943182236,31583109120.0,0.0003
fresh_through_step16000,7540,2.643609046936035,3.0768065452575684,0.1071365624666214,37332.055667601606,96.09400052854977,31625052160.0,0.0003
fresh_through_step16000,7550,2.7136001586914062,3.234288215637207,0.1650894433259964,37330.80448741094,96.09077994753025,31666995200.0,0.0003
fresh_through_step16000,7560,2.729217290878296,3.1496353149414062,0.1319921910762787,37325.81793978319,96.077944401729,31708938240.0,0.0003
fresh_through_step16000,7570,2.6730823516845703,3.0476772785186768,0.14371371269226074,37341.05803054478,96.11717292165672,31750881280.0,0.0003
fresh_through_step16000,7580,2.6742868423461914,3.1109728813171387,0.13886940479278564,37318.92194005054,96.06019386026793,31792824320.0,0.0003
fresh_through_step16000,7590,2.652578592300415,3.1018319129943848,0.13869383931159973,37342.38561787746,96.12059017729847,31834767360.0,0.0003
fresh_through_step16000,7600,2.6974339485168457,2.9983391761779785,0.12061160802841187,37347.17083856774,96.13290750060997,31876710400.0,0.0003
fresh_through_step16000,7610,2.7066233158111572,3.2008142471313477,0.10465749353170395,37346.32700188594,96.13073543584963,31918653440.0,0.0003
fresh_through_step16000,7620,2.695463180541992,3.120781421661377,0.10491220653057098,37325.98444583448,96.0783729940552,31960596480.0,0.0003
fresh_through_step16000,7630,2.678333282470703,3.0555315017700195,0.1598307341337204,37332.43080715192,96.0949661507075,32002539520.0,0.0003
fresh_through_step16000,7640,2.6857988834381104,3.143209934234619,0.12377644330263138,37332.4557899772,96.09503045736254,32044482560.0,0.0003
fresh_through_step16000,7650,2.70176100730896,3.083803176879883,0.1366051286458969,37335.991347817915,96.10413110534292,32086425600.0,0.0003
fresh_through_step16000,7660,2.6783132553100586,3.06565523147583,0.15208658576011658,37347.05824372941,96.13261767760771,32128368640.0,0.0003
fresh_through_step16000,7670,2.7122890949249268,3.110874652862549,0.10919848084449768,37350.114310403165,96.14048409876538,32170311680.0,0.0003
fresh_through_step16000,7680,2.695042371749878,3.064047336578369,0.14800633490085602,37323.66205531136,96.07239508064633,32212254720.0,0.0003
fresh_through_step16000,7690,2.718566656112671,3.115739107131958,0.13403655588626862,37366.233432763736,96.18197527638571,32254197760.0,0.0003
fresh_through_step16000,7700,2.693734645843506,3.211887836456299,0.18933787941932678,37332.639117468076,96.09550234865516,32296140800.0,0.0003
fresh_through_step16000,7710,2.70906400680542,3.7890799045562744,0.20628726482391357,37333.01598509585,96.09647241894396,32338083840.0,0.0003
fresh_through_step16000,7720,2.62632417678833,3.042696475982666,0.11541874706745148,37312.58462354437,96.04388138872564,32380026880.0,0.0003
fresh_through_step16000,7730,2.70047926902771,3.051027774810791,0.1162601113319397,37350.77481178167,96.14218425212368,32421969920.0,0.0003
fresh_through_step16000,7740,2.6777024269104004,3.0737342834472656,0.12118110060691833,37350.93776096724,96.14260368895468,32463912960.0,0.0003
fresh_through_step16000,7750,2.697753429412842,3.0363636016845703,0.10598248988389969,37342.152940473105,96.11999125762428,32505856000.0,0.0003
fresh_through_step16000,7760,2.6691689491271973,3.098170280456543,0.10347490012645721,37362.89405678142,96.17337960728389,32547799040.0,0.0003
fresh_through_step16000,7770,2.6499202251434326,3.028043270111084,0.12429051101207733,37322.76671391969,96.07009044098409,32589742080.0,0.0003
fresh_through_step16000,7780,2.6892147064208984,3.0383992195129395,0.19758062064647675,37361.30950347586,96.16930091235378,32631685120.0,0.0003
fresh_through_step16000,7790,2.7036292552948,3.3195085525512695,0.14633968472480774,37369.186767160245,96.18957726111395,32673628160.0,0.0003
fresh_through_step16000,7800,2.673322916030884,3.008012533187866,0.09709368646144867,37365.010017698485,96.17882616375785,32715571200.0,0.0003
fresh_through_step16000,7810,2.6810014247894287,3.1372833251953125,0.12465613335371017,37334.096536226665,96.09925379487086,32757514240.0,0.0003
fresh_through_step16000,7820,2.662317991256714,3.1303093433380127,0.0902012437582016,37364.77306295783,96.17821623407232,32799457280.0,0.0003
fresh_through_step16000,7830,2.669564723968506,3.0637083053588867,0.14131073653697968,37341.51269071067,96.11834323262512,32841400320.0,0.0003
fresh_through_step16000,7840,2.685739755630493,3.2613000869750977,0.11612259596586227,37358.01403494322,96.16081826254373,32883343360.0,0.0003
fresh_through_step16000,7850,2.6765899658203125,3.083742141723633,0.11485762894153595,37345.025621376306,96.12738563747543,32925286400.0,0.0003
fresh_through_step16000,7860,2.6546239852905273,3.0321178436279297,0.14867499470710754,37353.772962818184,96.14990159643102,32967229440.0,0.0003
fresh_through_step16000,7870,2.6512041091918945,3.056790351867676,0.12117747217416763,37378.72343213848,96.21412496611094,33009172480.0,0.0003
fresh_through_step16000,7880,2.6639928817749023,3.041473150253296,0.16139666736125946,37393.596769650896,96.25240945050969,33051115520.0,0.0003
fresh_through_step16000,7890,2.6406373977661133,3.1188106536865234,0.13806718587875366,37353.51668473268,96.1492419277885,33093058560.0,0.0003
fresh_through_step16000,7900,2.629971981048584,3.1158246994018555,0.18203264474868774,37345.03806956085,96.12741767953233,33135001600.0,0.0003
fresh_through_step16000,7910,2.654010772705078,3.053839683532715,0.12067364156246185,37353.07403778487,96.14810253925832,33176944640.0,0.0003
fresh_through_step16000,7920,2.65969181060791,3.0735092163085938,0.09496418386697769,37353.79644965267,96.14996205235407,33218887680.0,0.0003
fresh_through_step16000,7930,2.6849217414855957,3.1631226539611816,0.12245006114244461,37335.79111797311,96.10361570680756,33260830720.0,0.0003
fresh_through_step16000,7940,2.660001754760742,3.2353641986846924,0.09510759264230728,37359.07034773516,96.16353724814934,33302773760.0,0.0003
fresh_through_step16000,7950,2.676053762435913,3.107086181640625,0.13514678180217743,37356.46837644285,96.15683968418539,33344716800.0,0.0003
fresh_through_step16000,7960,2.695692539215088,3.168355941772461,0.13163580000400543,37319.63169165778,96.06202078541581,33386659840.0,0.0003
fresh_through_step16000,7970,2.6883485317230225,3.0666394233703613,0.12488764524459839,37359.90759599461,96.16569235408302,33428602880.0,0.0003
fresh_through_step16000,7980,2.60357403755188,3.105250358581543,0.12024945765733719,37370.455684409295,96.1928434979343,33470545920.0,0.0003
fresh_through_step16000,7990,2.6470441818237305,3.0608015060424805,0.11757508665323257,37324.37772980104,96.07423725149815,33512488960.0,0.0003
fresh_through_step16000,8000,2.6769726276397705,3.0540895462036133,0.11434932798147202,37316.35321244412,96.05358186669955,33554432000.0,0.0003
fresh_through_step16000,8010,2.6753478050231934,3.34674072265625,0.10246049612760544,33659.38233845362,86.64041254575307,33596375040.0,0.0003
fresh_through_step16000,8020,2.694281578063965,3.149825096130371,0.114312544465065,37365.36041942215,96.17972810989548,33638318080.0,0.0003
fresh_through_step16000,8030,2.679123640060425,3.06103253364563,0.2006472945213318,37336.13002700509,96.1044880703599,33680261120.0,0.0003
fresh_through_step16000,8040,2.6307101249694824,3.0463480949401855,0.08405818790197372,37367.96912131042,96.18644299864586,33722204160.0,0.0003
fresh_through_step16000,8050,2.661860227584839,3.8077778816223145,0.14172719419002533,37386.544861323804,96.23425759494233,33764147200.0,0.0003
fresh_through_step16000,8060,2.672049045562744,3.0488696098327637,0.143256276845932,37346.3514508144,96.1307983682358,33806090240.0,0.0003
fresh_through_step16000,8070,2.673116445541382,3.034409999847412,0.09682023525238037,37330.31154498629,96.08951109670572,33848033280.0,0.0003
fresh_through_step16000,8080,2.694246768951416,3.3586044311523438,0.14541290700435638,37342.91043594053,96.12194107711709,33889976320.0,0.0003
fresh_through_step16000,8090,2.632795572280884,3.1020190715789795,0.10848058760166168,37373.531718710205,96.20076131645386,33931919360.0,0.0003
fresh_through_step16000,8100,2.6736226081848145,3.0236740112304688,0.14706291258335114,37356.300680625376,96.15640802935994,33973862400.0,0.0003
fresh_through_step16000,8110,2.6526103019714355,3.0449912548065186,0.12910689413547516,37357.769467510734,96.16018873752652,34015805440.0,0.0003
fresh_through_step16000,8120,2.6712355613708496,3.112013816833496,0.09149934351444244,37300.94495602865,96.01392048257124,34057748480.0,0.0003
fresh_through_step16000,8130,2.638272285461426,3.2694811820983887,0.18036474287509918,37379.34549892229,96.21572618749516,34099691520.0,0.0003
fresh_through_step16000,8140,2.707338333129883,3.087888717651367,0.1975715309381485,37360.945703068224,96.16836447754089,34141634560.0,0.0003
fresh_through_step16000,8150,2.6329073905944824,3.1280438899993896,0.12568548321723938,37341.06051459923,96.11717931569866,34183577600.0,0.0003
fresh_through_step16000,8160,2.638336181640625,2.9983673095703125,0.09624511748552322,37336.16879582303,96.10458786263615,34225520640.0,0.0003
fresh_through_step16000,8170,2.689439058303833,3.134770393371582,0.1873994767665863,37370.88197324606,96.19394078012178,34267463680.0,0.0003
fresh_through_step16000,8180,2.680253267288208,3.1655631065368652,0.12485126405954361,37346.18460345084,96.13036889736004,34309406720.0,0.0003
fresh_through_step16000,8190,2.710054397583008,3.05497145652771,0.1556551158428192,37371.75360806802,96.19618439825489,34351349760.0,0.0003
fresh_through_step16000,8200,2.6417534351348877,3.1457667350769043,0.14214758574962616,37343.04607259049,96.12229021053821,34393292800.0,0.0003
fresh_through_step16000,8210,2.6942825317382812,3.2138874530792236,0.10686762630939484,37352.37124835676,96.14629353499994,34435235840.0,0.0003
fresh_through_step16000,8220,2.668947458267212,3.0696067810058594,0.1160978451371193,37363.315779739576,96.17446513674213,34477178880.0,0.0003
fresh_through_step16000,8230,2.6330010890960693,3.024618148803711,0.1343907117843628,37336.837600909734,96.1063093900261,34519121920.0,0.0003
fresh_through_step16000,8240,2.659914016723633,3.1093039512634277,0.11105755716562271,37321.02273133042,96.06560136957191,34561064960.0,0.0003
fresh_through_step16000,8250,2.648366928100586,3.1815595626831055,0.15252520143985748,37373.66302762574,96.20109931013711,34603008000.0,0.0003
fresh_through_step16000,8260,2.6617326736450195,3.0958731174468994,0.11431295424699783,37371.476076096464,96.1954700213757,34644951040.0,0.0003
fresh_through_step16000,8270,2.6531190872192383,3.0683560371398926,0.1307763308286667,37391.57638223865,96.24720890353771,34686894080.0,0.0003
fresh_through_step16000,8280,2.651975393295288,3.063149929046631,0.09426851570606232,37353.71601145683,96.14975500166011,34728837120.0,0.0003
fresh_through_step16000,8290,2.67292857170105,3.1701769828796387,0.11271422356367111,37347.31102586639,96.13326834755797,34770780160.0,0.0003
fresh_through_step16000,8300,2.6600308418273926,3.00492525100708,0.14415118098258972,37355.41442098383,96.15412676643615,34812723200.0,0.0003
fresh_through_step16000,8310,2.672609329223633,3.1230292320251465,0.10142379999160767,37345.69339035838,96.12910449789628,34854666240.0,0.0003
fresh_through_step16000,8320,2.6889166831970215,3.1383109092712402,0.08421322703361511,37348.425506468,96.13613705911443,34896609280.0,0.0003
fresh_through_step16000,8330,2.708496570587158,3.0947442054748535,0.14225207269191742,37338.18916468405,96.10978836185664,34938552320.0,0.0003
fresh_through_step16000,8340,2.729933977127075,3.4125452041625977,0.20931309461593628,37367.25280984766,96.18459918820332,34980495360.0,0.0003
fresh_through_step16000,8350,2.748392105102539,4.896020412445068,0.10535946488380432,37344.645525666754,96.12640725799267,35022438400.0,0.0003
fresh_through_step16000,8360,2.6576600074768066,2.991118907928467,0.11402823776006699,37360.8594856076,96.16814255081978,35064381440.0,0.0003
fresh_through_step16000,8370,2.68054461479187,3.346104621887207,0.1604996919631958,37367.370821068005,96.18490295315992,35106324480.0,0.0003
fresh_through_step16000,8380,2.6921510696411133,3.2400364875793457,0.1559360921382904,37338.81474181323,96.11139861899107,35148267520.0,0.0003
fresh_through_step16000,8390,2.6671712398529053,3.0691046714782715,0.17012308537960052,37350.10115952257,96.14045024794459,35190210560.0,0.0003
fresh_through_step16000,8400,2.674283504486084,3.0677928924560547,0.1124648004770279,37370.39813242848,96.19269535714817,35232153600.0,0.0003
fresh_through_step16000,8410,2.661674976348877,3.023678779602051,0.1958530992269516,37382.91288445304,96.22490876104885,35274096640.0,0.0003
fresh_through_step16000,8420,2.6828417778015137,3.0934700965881348,0.15238046646118164,37345.283818544165,96.12805024590217,35316039680.0,0.0003
fresh_through_step16000,8430,2.707200765609741,3.1812777519226074,0.09783020615577698,37352.83541833387,96.14748832455084,35357982720.0,0.0003
fresh_through_step16000,8440,2.6518540382385254,3.1532888412475586,0.25535693764686584,37359.871563679124,96.1655996056586,35399925760.0,0.0003
fresh_through_step16000,8450,2.6800334453582764,3.0604612827301025,0.13442975282669067,37364.133880015215,96.17657095510422,35441868800.0,0.0003
fresh_through_step16000,8460,2.652010440826416,3.096102714538574,0.12527687847614288,37354.97558296841,96.15299718222944,35483811840.0,0.0003
fresh_through_step16000,8470,2.66975474357605,3.0747342109680176,0.14761126041412354,37335.52101542008,96.10292045350825,35525754880.0,0.0003
fresh_through_step16000,8480,2.661642551422119,3.018146276473999,0.16017010807991028,37342.49466946813,96.12087087985887,35567697920.0,0.0003
fresh_through_step16000,8490,2.649707794189453,3.1964030265808105,0.09788963943719864,37387.7800370858,96.23743698000978,35609640960.0,0.0003
fresh_through_step16000,8500,2.653087615966797,2.980809211730957,0.08735352009534836,37335.63197639479,96.10320607088912,35651584000.0,0.0003
fresh_through_step16000,8510,2.6041789054870605,3.140446662902832,0.1852583885192871,37360.580287929326,96.16742388635397,35693527040.0,0.0003
fresh_through_step16000,8520,2.6714611053466797,3.33657169342041,0.09822504967451096,37374.83759750334,96.20412269356513,35735470080.0,0.0003
fresh_through_step16000,8530,2.6651370525360107,3.035674571990967,0.14924590289592743,37356.26489571928,96.15631591777584,35777413120.0,0.0003
fresh_through_step16000,8540,2.649547576904297,3.06107759475708,0.1433594971895218,37335.855459202685,96.10378132335448,35819356160.0,0.0003
fresh_through_step16000,8550,2.636904239654541,2.987238645553589,0.14838585257530212,37366.856192829524,96.1835782823017,35861299200.0,0.0003
fresh_through_step16000,8560,2.649921417236328,3.033679723739624,0.11856099218130112,37359.32288776087,96.1641872948968,35903242240.0,0.0003
fresh_through_step16000,8570,2.68039608001709,3.13531494140625,0.14111857116222382,37379.544361520995,96.21623806669184,35945185280.0,0.0003
fresh_through_step16000,8580,2.6513004302978516,3.098875045776367,0.10398606956005096,37377.34257528789,96.21057059289046,35987128320.0,0.0003
fresh_through_step16000,8590,2.632539987564087,2.9779253005981445,0.1314573436975479,37347.50797923058,96.13377531231906,36029071360.0,0.0003
fresh_through_step16000,8600,2.665318727493286,3.1110763549804688,0.12721344828605652,37373.490082302036,96.20065414290133,36071014400.0,0.0003
fresh_through_step16000,8610,2.6728579998016357,3.417386531829834,0.10146869719028473,37384.307578259024,96.22849875107036,36112957440.0,0.0003
fresh_through_step16000,8620,2.6532373428344727,3.032228469848633,0.20378378033638,37321.39930384253,96.0665706802228,36154900480.0,0.0003
fresh_through_step16000,8630,2.662090539932251,2.9842214584350586,0.11589960008859634,37353.30469675041,96.14869626340129,36196843520.0,0.0003
fresh_through_step16000,8640,2.664588689804077,3.1862759590148926,0.10293436050415039,37370.03276034276,96.19175487678162,36238786560.0,0.0003
fresh_through_step16000,8650,2.670579195022583,3.0374979972839355,0.1216883659362793,37348.152562634576,96.13543449226127,36280729600.0,0.0003
fresh_through_step16000,8660,2.6254031658172607,3.0296449661254883,0.08657720685005188,37343.417403912725,96.12324603018534,36322672640.0,0.0003
fresh_through_step16000,8670,2.6572072505950928,3.1557328701019287,0.0896281972527504,37343.47374198246,96.12339104632245,36364615680.0,0.0003
fresh_through_step16000,8680,2.663599729537964,3.178953170776367,0.14427657425403595,37353.90685378539,96.15024623640444,36406558720.0,0.0003
fresh_through_step16000,8690,2.6392595767974854,3.0917959213256836,0.11333321779966354,37350.52894914207,96.14155139319864,36448501760.0,0.0003
fresh_through_step16000,8700,2.671386241912842,3.656155586242676,0.21248207986354828,37353.43989053767,96.14904425687853,36490444800.0,0.0003
fresh_through_step16000,8710,2.6588079929351807,3.5182552337646484,0.11422877758741379,37382.82183061704,96.22467438533049,36532387840.0,0.0003
fresh_through_step16000,8720,2.658191680908203,3.162935733795166,0.09637274593114853,37344.675594617736,96.12648465651091,36574330880.0,0.0003
fresh_through_step16000,8730,2.689527988433838,3.193819284439087,0.1407126635313034,37353.98386293495,96.15044446061486,36616273920.0,0.0003
fresh_through_step16000,8740,2.678471088409424,3.0539047718048096,0.13659502565860748,37328.00178422498,96.08356569273991,36658216960.0,0.0003
fresh_through_step16000,8750,2.663872718811035,3.102114677429199,0.10603495687246323,37369.22362612498,96.1896721373621,36700160000.0,0.0003
fresh_through_step16000,8760,2.660329580307007,3.0581841468811035,0.11961809545755386,37350.90646861514,96.14252314135972,36742103040.0,0.0003
fresh_through_step16000,8770,2.6636133193969727,2.9876205921173096,0.08865492790937424,37331.588554992326,96.09279816456204,36784046080.0,0.0003
fresh_through_step16000,8780,2.6603667736053467,3.13704514503479,0.11777076125144958,37365.6262370545,96.18041233366101,36825989120.0,0.0003
fresh_through_step16000,8790,2.664741039276123,3.0032832622528076,0.07625723630189896,37373.23007463496,96.19998487418707,36867932160.0,0.0003
fresh_through_step16000,8800,2.6664607524871826,3.4041409492492676,0.10155065357685089,37379.76103848483,96.21679580067956,36909875200.0,0.0003
fresh_through_step16000,8810,2.646165609359741,3.162137985229492,0.11238130182027817,37362.7946610843,96.17312375932693,36951818240.0,0.0003
fresh_through_step16000,8820,2.6645405292510986,3.0947582721710205,0.11437723785638809,37373.951744493046,96.20184247732423,36993761280.0,0.0003
fresh_through_step16000,8830,2.6118807792663574,2.996767520904541,0.10990722477436066,37343.34286223975,96.12305415734485,37035704320.0,0.0003
fresh_through_step16000,8840,2.6511435508728027,3.014674663543701,0.10890126973390579,37354.32721896723,96.15132827089955,37077647360.0,0.0003
fresh_through_step16000,8850,2.6310112476348877,2.9960317611694336,0.10553383827209473,37349.71544949601,96.13945741701595,37119590400.0,0.0003
fresh_through_step16000,8860,2.633230686187744,3.0290470123291016,0.21465915441513062,37358.40956037199,96.16183635865663,37161533440.0,0.0003
fresh_through_step16000,8870,2.665303945541382,3.136977195739746,0.09435206651687622,37347.82026093715,96.13457913621625,37203476480.0,0.0003
fresh_through_step16000,8880,2.6607866287231445,3.005519151687622,0.09524117410182953,37335.290670743314,96.10232753835542,37245419520.0,0.0003
fresh_through_step16000,8890,2.647387742996216,3.2352237701416016,0.1103658527135849,37367.54734762146,96.18535733860476,37287362560.0,0.0003
fresh_through_step16000,8900,2.665771007537842,3.1884756088256836,0.19902238249778748,37356.93052736515,96.15802927661949,37329305600.0,0.0003
fresh_through_step16000,8910,2.6739790439605713,3.1163535118103027,0.0963808223605156,37358.14674686767,96.1611598676204,37371248640.0,0.0003
fresh_through_step16000,8920,2.652378559112549,3.044461727142334,0.10700715333223343,37391.25731389009,96.24638761058968,37413191680.0,0.0003
fresh_through_step16000,8930,2.6404759883880615,3.0518641471862793,0.1378103345632553,37377.22188551734,96.21025993325313,37455134720.0,0.0003
fresh_through_step16000,8940,2.652956247329712,3.1333248615264893,0.14567340910434723,37343.47161729514,96.1233855773039,37497077760.0,0.0003
fresh_through_step16000,8950,2.671078681945801,2.991126537322998,0.11072936654090881,37376.13685304037,96.20746702218645,37539020800.0,0.0003
fresh_through_step16000,8960,2.627488613128662,3.1230545043945312,0.12986963987350464,37342.91059125577,96.12194147690388,37580963840.0,0.0003
fresh_through_step16000,8970,2.6221659183502197,2.9851205348968506,0.10949359089136124,37331.333605122985,96.09214191479381,37622906880.0,0.0003
fresh_through_step16000,8980,2.6605186462402344,3.117144823074341,0.13172148168087006,37365.446910008584,96.17995073965187,37664849920.0,0.0003
fresh_through_step16000,8990,2.6337194442749023,3.0334949493408203,0.08020462095737457,37362.72883161841,96.17295431200836,37706792960.0,0.0003
fresh_through_step16000,9000,2.630411148071289,3.0141310691833496,0.11535415798425674,37361.90017493594,96.1708213210905,37748736000.0,0.0003
fresh_through_step16000,9010,2.608499050140381,2.9810874462127686,0.1523330956697464,33287.60948540094,85.68345638304304,37790679040.0,0.0003
fresh_through_step16000,9020,2.6867218017578125,3.1227550506591797,0.14369332790374756,37352.826902436536,96.14746640433702,37832622080.0,0.0003
fresh_through_step16000,9030,2.635843515396118,2.9815757274627686,0.14358653128147125,37378.946641376715,96.21469951439855,37874565120.0,0.0003
fresh_through_step16000,9040,2.6445116996765137,2.9762184619903564,0.15220628678798676,37386.02436758041,96.2329178260719,37916508160.0,0.0003
fresh_through_step16000,9050,2.6706314086914062,3.0761337280273438,0.09900819510221481,37338.68956096384,96.11107639916169,37958451200.0,0.0003
fresh_through_step16000,9060,2.589068651199341,3.03781795501709,0.162033349275589,36735.25341503234,94.55781092022877,38000394240.0,0.0003
fresh_through_step16000,9070,2.580368995666504,3.2295966148376465,0.12465156614780426,37307.35792533612,96.0304276870367,38042337280.0,0.0003
fresh_through_step16000,9080,2.636826276779175,3.0757288932800293,0.09507475793361664,37380.94468572448,96.21984254955096,38084280320.0,0.0003
fresh_through_step16000,9090,2.636094808578491,3.162764310836792,0.15997889637947083,37373.33251391676,96.2002485564361,38126223360.0,0.0003
fresh_through_step16000,9100,2.625424861907959,2.995365858078003,0.1282907873392105,37377.062256170124,96.20984904180068,38168166400.0,0.0003
fresh_through_step16000,9110,2.653834104537964,2.996483325958252,0.1102970764040947,37371.115008808076,96.19454062170614,38210109440.0,0.0003
fresh_through_step16000,9120,2.6680517196655273,3.125314235687256,0.12542663514614105,37362.143949896825,96.17144880625844,38252052480.0,0.0003
fresh_through_step16000,9130,2.715258836746216,3.342991828918457,0.13944609463214874,37376.946550959394,96.20955121259246,38293995520.0,0.0003
fresh_through_step16000,9140,2.6657137870788574,3.106372356414795,0.10182671993970871,37394.57225165774,96.25492037488299,38335938560.0,0.0003
fresh_through_step16000,9150,2.6475741863250732,3.0204312801361084,0.10157357156276703,37387.618790466186,96.23702192564232,38377881600.0,0.0003
fresh_through_step16000,9160,2.6272242069244385,3.1677966117858887,0.09603001922369003,37336.963138562256,96.10663252827905,38419824640.0,0.0003
fresh_through_step16000,9170,2.680992603302002,3.1559834480285645,0.10632944107055664,37366.50140079109,96.18266503534224,38461767680.0,0.0003
fresh_through_step16000,9180,2.6313092708587646,3.254265308380127,0.08611936122179031,37362.88460551617,96.17335527940075,38503710720.0,0.0003
fresh_through_step16000,9190,2.6721835136413574,3.086315631866455,0.12027589976787567,37371.9156034496,96.19660137996148,38545653760.0,0.0003
fresh_through_step16000,9200,2.67297625541687,3.104020118713379,0.10075439512729645,37331.24398260515,96.09191122333785,38587596800.0,0.0003
fresh_through_step16000,9210,2.63637375831604,3.0659890174865723,0.17559261620044708,37375.1945205778,96.20504142588491,38629539840.0,0.0003
fresh_through_step16000,9220,2.641768217086792,3.3124942779541016,0.08010949939489365,37329.51536548594,96.08746170317625,38671482880.0,0.0003
fresh_through_step16000,9230,2.617384433746338,3.010378360748291,0.09388016909360886,37336.04932576089,96.10428034257036,38713425920.0,0.0003
fresh_through_step16000,9240,2.62076473236084,2.996077537536621,0.08693958073854446,37370.065859830735,96.19184007600674,38755368960.0,0.0003
fresh_through_step16000,9250,2.655120849609375,3.2463700771331787,0.22410479187965393,37347.51611162822,96.13379624539145,38797312000.0,0.0003
fresh_through_step16000,9260,2.6798954010009766,4.974883079528809,0.13449257612228394,37355.56565285185,96.15451604248716,38839255040.0,0.0003
fresh_through_step16000,9270,2.6636905670166016,3.074582815170288,0.4122046232223511,37380.59786363362,96.21894981751181,38881198080.0,0.0003
fresh_through_step16000,9280,2.663912534713745,3.409480333328247,0.12629911303520203,37338.86078756776,96.1115171423534,38923141120.0,0.0003
fresh_through_step16000,9290,2.646103858947754,3.0703511238098145,0.10081393271684647,37368.0978630565,96.18677438434626,38965084160.0,0.0003
fresh_through_step16000,9300,2.6424107551574707,3.1655831336975098,0.09678741544485092,37381.73340788838,96.22187274763888,39007027200.0,0.0003
fresh_through_step16000,9310,2.626173973083496,2.9713659286499023,0.21521461009979248,37377.81358152037,96.21178297919879,39048970240.0,0.0003
fresh_through_step16000,9320,2.601377487182617,3.105125904083252,0.15827637910842896,37374.571176725774,96.20343691728299,39090913280.0,0.0003
fresh_through_step16000,9330,2.62699556350708,3.001704692840576,0.09660624712705612,37364.23369934495,96.17682789350616,39132856320.0,0.0003
fresh_through_step16000,9340,2.6489996910095215,3.408399820327759,0.11450564116239548,37343.64836500622,96.12384053201612,39174799360.0,0.0003
fresh_through_step16000,9350,2.6573808193206787,3.0357608795166016,0.1307990849018097,37362.90680230256,96.17341241469546,39216742400.0,0.0003
fresh_through_step16000,9360,2.641390800476074,3.106097936630249,0.10778912901878357,37345.31554642326,96.12813191455868,39258685440.0,0.0003
fresh_through_step16000,9370,2.68489670753479,3.1267545223236084,0.11658556759357452,37388.89847961154,96.24031588969576,39300628480.0,0.0003
fresh_through_step16000,9380,2.6671042442321777,2.9911811351776123,0.07718654721975327,37361.314664306046,96.16931419650889,39342571520.0,0.0003
fresh_through_step16000,9390,2.6525015830993652,3.2271029949188232,0.15734784305095673,37352.094369120896,96.14558083828497,39384514560.0,0.0003
fresh_through_step16000,9400,2.637350082397461,3.012068510055542,0.19059979915618896,37346.45569229104,96.13106668939659,39426457600.0,0.0003
fresh_through_step16000,9410,2.6674349308013916,3.134382963180542,0.08819643408060074,37348.02586011601,96.13510835560287,39468400640.0,0.0003
fresh_through_step16000,9420,2.625314712524414,2.9629249572753906,0.11535365879535675,37369.54136609935,96.19049001102908,39510343680.0,0.0003
fresh_through_step16000,9430,2.644911766052246,3.1104202270507812,0.14777714014053345,37320.85019527887,96.0651572558168,39552286720.0,0.0003
fresh_through_step16000,9440,2.617607593536377,2.9850330352783203,0.11367421597242355,37382.871704881894,96.22480276341061,39594229760.0,0.0003
fresh_through_step16000,9450,2.6674606800079346,3.1284639835357666,0.17174208164215088,37359.44116835793,96.1644917532384,39636172800.0,0.0003
fresh_through_step16000,9460,2.6482105255126953,3.226630926132202,0.13768592476844788,37331.0974377547,96.09153401183197,39678115840.0,0.0003
fresh_through_step16000,9470,2.647714614868164,2.964304208755493,0.09926050156354904,37344.78433182826,96.12676454984597,39720058880.0,0.0003
fresh_through_step16000,9480,2.6430907249450684,3.029693126678467,0.1281702071428299,37346.39210734662,96.1309030195538,39762001920.0,0.0003
fresh_through_step16000,9490,2.643329620361328,3.0756359100341797,0.1441725194454193,37350.314726989505,96.14099997797989,39803944960.0,0.0003
fresh_through_step16000,9500,2.6488037109375,3.060530662536621,0.12155355513095856,37305.24296127007,96.02498369649169,39845888000.0,0.0003
fresh_through_step16000,9510,2.64011549949646,3.0192441940307617,0.10150668770074844,37358.11296230891,96.16107290499941,39887831040.0,0.0003
fresh_through_step16000,9520,2.6272716522216797,3.074686050415039,0.1391010880470276,37350.17864041983,96.14064968644988,39929774080.0,0.0003
fresh_through_step16000,9530,2.6707918643951416,3.2422690391540527,0.1011134684085846,37387.156675484206,96.23583242571983,39971717120.0,0.0003
fresh_through_step16000,9540,2.6670403480529785,3.133528232574463,0.10701261460781097,37320.86668354418,96.06519969718113,40013660160.0,0.0003
fresh_through_step16000,9550,2.639540910720825,2.9862847328186035,0.11813333630561829,37343.229190374965,96.12276156203932,40055603200.0,0.0003
fresh_through_step16000,9560,2.6433491706848145,3.069398880004883,0.1166524589061737,37331.52347563629,96.09263064805212,40097546240.0,0.0003
fresh_through_step16000,9570,2.6655664443969727,2.9678964614868164,0.1684795767068863,37342.24854749041,96.12023735338856,40139489280.0,0.0003
fresh_through_step16000,9580,2.6327171325683594,3.289853572845459,0.1034366637468338,37338.13158970542,96.10964016187334,40181432320.0,0.0003
fresh_through_step16000,9590,2.704411506652832,3.6706724166870117,0.10835238546133041,37335.45255853271,96.10274424311602,40223375360.0,0.0003
fresh_through_step16000,9600,2.648221015930176,3.0449678897857666,0.14403554797172546,37375.7198242723,96.2063935757356,40265318400.0,0.0003
fresh_through_step16000,9610,2.6632683277130127,3.144136905670166,0.13651341199874878,37364.21857886717,96.17678897287418,40307261440.0,0.0003
fresh_through_step16000,9620,2.641446113586426,3.0601983070373535,0.15499040484428406,37351.92872744041,96.14515447087906,40349204480.0,0.0003
fresh_through_step16000,9630,2.5823352336883545,3.016885280609131,0.14044734835624695,37346.14561054719,96.13026852827944,40391147520.0,0.0003
fresh_through_step16000,9640,2.645782470703125,3.1847896575927734,0.12966644763946533,37342.29606143141,96.12035965591355,40433090560.0,0.0003
fresh_through_step16000,9650,2.631106376647949,3.0585274696350098,0.1828518956899643,37351.24850988089,96.14340356738995,40475033600.0,0.0003
fresh_through_step16000,9660,2.6205015182495117,3.0346503257751465,0.09693992882966995,37351.28994669001,96.14351022716762,40516976640.0,0.0003
fresh_through_step16000,9670,2.626493453979492,2.943006992340088,0.11237888038158417,37339.758841671166,96.11382876462932,40558919680.0,0.0003
fresh_through_step16000,9680,2.6571762561798096,3.1182053089141846,0.1046174019575119,37338.57405172334,96.11077907438761,40600862720.0,0.0003
fresh_through_step16000,9690,2.6681313514709473,3.024109363555908,0.14471913874149323,37378.275879281566,96.21297294960128,40642805760.0,0.0003
fresh_through_step16000,9700,2.6244733333587646,3.028964042663574,0.08867821097373962,37378.51791502026,96.21359595795123,40684748800.0,0.0003
fresh_through_step16000,9710,2.617689847946167,3.0533647537231445,0.10919226706027985,37375.49859331375,96.20582411960822,40726691840.0,0.0003
fresh_through_step16000,9720,2.622222423553467,3.0681376457214355,0.13284282386302948,37357.68291218421,96.15996594112691,40768634880.0,0.0003
fresh_through_step16000,9730,2.646542549133301,3.0238723754882812,0.16514413058757782,37354.36724668595,96.15143130362988,40810577920.0,0.0003
fresh_through_step16000,9740,2.6018993854522705,2.930917739868164,0.11263028532266617,37354.83726196707,96.15264113919518,40852520960.0,0.0003
fresh_through_step16000,9750,2.6738786697387695,3.202643394470215,0.1684134602546692,37322.975122524236,96.07062689192946,40894464000.0,0.0003
fresh_through_step16000,9760,2.597879409790039,3.134734869003296,0.11687034368515015,37359.02575467566,96.16342246407419,40936407040.0,0.0003
fresh_through_step16000,9770,2.6133503913879395,3.0161116123199463,0.0900793969631195,37330.28274406175,96.08943696213133,40978350080.0,0.0003
fresh_through_step16000,9780,2.6408157348632812,3.0196704864501953,0.13104712963104248,37339.36795430305,96.11282260704473,41020293120.0,0.0003
fresh_through_step16000,9790,2.5786125659942627,2.9645979404449463,0.15345092117786407,37350.07067406797,96.14037177733162,41062236160.0,0.0003
fresh_through_step16000,9800,2.623809337615967,2.988725185394287,0.13755546510219574,37343.00907364184,96.12219497396664,41104179200.0,0.0003
fresh_through_step16000,9810,2.607928514480591,2.961228370666504,0.13686028122901917,37384.78577298338,96.229729640805,41146122240.0,0.0003
fresh_through_step16000,9820,2.6313705444335938,3.0240044593811035,0.09954047203063965,37340.31348077057,96.11525642482532,41188065280.0,0.0003
fresh_through_step16000,9830,2.6318306922912598,3.059682607650757,0.13851779699325562,37333.66708032524,96.09814836054959,41230008320.0,0.0003
fresh_through_step16000,9840,2.672283887863159,3.0211825370788574,0.10737878829240799,37350.88312790982,96.14246306157818,41271951360.0,0.0003
fresh_through_step16000,9850,2.6392641067504883,3.0802013874053955,0.11572349816560745,37328.90239477522,96.08588389539828,41313894400.0,0.0003
fresh_through_step16000,9860,2.585618734359741,2.9593043327331543,0.1717604249715805,37392.09316056829,96.24853910880483,41355837440.0,0.0003
fresh_through_step16000,9870,2.649503707885742,3.259687662124634,0.1743353307247162,37381.05796689456,96.22013413919484,41397780480.0,0.0003
fresh_through_step16000,9880,2.6233365535736084,3.024155378341675,0.11561651527881622,37363.573291501605,96.1751279809106,41439723520.0,0.0003
fresh_through_step16000,9890,2.6463699340820312,3.1385321617126465,0.142269566655159,37387.0324168636,96.23551257973921,41481666560.0,0.0003
fresh_through_step16000,9900,2.63539719581604,2.9555716514587402,0.10653761029243469,37379.41152433172,96.2158961391792,41523609600.0,0.0003
fresh_through_step16000,9910,2.6525368690490723,3.110755443572998,0.11278676241636276,37369.3936722923,96.19010984206922,41565552640.0,0.0003
fresh_through_step16000,9920,2.6497111320495605,2.9582037925720215,0.10696271061897278,37355.955878591725,96.1555204970178,41607495680.0,0.0003
fresh_through_step16000,9930,2.6400837898254395,3.1854820251464844,0.1730714589357376,37363.65154188596,96.17532940010227,41649438720.0,0.0003
fresh_through_step16000,9940,2.628434896469116,3.030949115753174,0.14100992679595947,37379.46957949921,96.2160455751852,41691381760.0,0.0003
fresh_through_step16000,9950,2.6290531158447266,3.0384159088134766,0.10460468381643295,37353.81048228201,96.14999817282661,41733324800.0,0.0003
fresh_through_step16000,9960,2.6105735301971436,3.0122687816619873,0.10120748728513718,37331.75496684051,96.0932265144062,41775267840.0,0.0003
fresh_through_step16000,9970,2.6258368492126465,3.0127480030059814,0.11118002980947495,37357.67605617313,96.15994829351763,41817210880.0,0.0003
fresh_through_step16000,9980,2.654961109161377,3.1217117309570312,0.10979072004556656,37379.039286973086,96.21493798736307,41859153920.0,0.0003
fresh_through_step16000,9990,2.654287338256836,2.975067615509033,0.12275823205709457,26921.277640447173,69.29629835668158,41901096960.0,0.0003
fresh_through_step16000,10000,2.61503005027771,3.004058837890625,0.17780953645706177,36807.96960035987,94.74498489247168,41943040000.0,0.0003
fresh_through_step16000,10010,2.6316611766815186,3.0876221656799316,0.1275894045829773,32349.187431787293,83.26792560919894,41984983040.0,0.0003
fresh_through_step16000,10020,2.617492198944092,3.2431859970092773,0.09291060268878937,36970.784259804816,95.16407544858954,42026926080.0,0.0003
fresh_through_step16000,10030,2.587583541870117,3.05295467376709,0.0931151956319809,37068.64996061701,95.41598514221339,42068869120.0,0.0003
fresh_through_step16000,10040,2.5965726375579834,3.0130410194396973,0.130659282207489,37186.481872362034,95.71928855229945,42110812160.0,0.0003
fresh_through_step16000,10050,2.5935990810394287,3.0167479515075684,0.14014431834220886,37245.16661608829,95.87034510929324,42152755200.0,0.0003
fresh_through_step16000,10060,2.5996487140655518,3.0709633827209473,0.1041361540555954,37323.204342781144,96.07121691278671,42194698240.0,0.0003
fresh_through_step16000,10070,2.6320204734802246,3.026604652404785,0.10174284130334854,37351.28098975325,96.14348717170309,42236641280.0,0.0003
fresh_through_step16000,10080,2.6585378646850586,3.1316967010498047,0.10502861440181732,37383.58520877909,96.22663934708241,42278584320.0,0.0003
fresh_through_step16000,10090,2.6341629028320312,2.991807460784912,0.13530176877975464,37349.06682229858,96.13778782820981,42320527360.0,0.0003
fresh_through_step16000,10100,2.611659526824951,2.954164505004883,0.11730063706636429,37376.30980896411,96.2079122167071,42362470400.0,0.0003
fresh_through_step16000,10110,2.6443235874176025,3.0839531421661377,0.09604307264089584,37389.812992447296,96.24266987731716,42404413440.0,0.0003
fresh_through_step16000,10120,2.6219964027404785,3.0900208950042725,0.11653855443000793,37365.03529215208,96.17889122107425,42446356480.0,0.0003
fresh_through_step16000,10130,2.6435890197753906,2.9996390342712402,0.11629409343004227,37365.58850424494,96.18031520810611,42488299520.0,0.0003
fresh_through_step16000,10140,2.6316449642181396,2.963920831680298,0.07393351197242737,37380.0826087754,96.21762353371273,42530242560.0,0.0003
fresh_through_step16000,10150,2.6118860244750977,3.033953905105591,0.1427498757839203,37362.91164083179,96.17342486923681,42572185600.0,0.0003
fresh_through_step16000,10160,2.6409242153167725,3.032198429107666,0.12390672415494919,37406.10072787013,96.28459507078269,42614128640.0,0.0003
fresh_through_step16000,10170,2.604858875274658,2.976881504058838,0.08284440636634827,37371.69109728571,96.19602349334244,42656071680.0,0.0003
fresh_through_step16000,10180,2.580190658569336,3.0370712280273438,0.1024942547082901,37397.06778743878,96.2613439701652,42698014720.0,0.0003
fresh_through_step16000,10190,2.639181137084961,2.949990749359131,0.13207098841667175,37408.27767836764,96.29019861654297,42739957760.0,0.0003
fresh_through_step16000,10200,2.6202950477600098,3.1673483848571777,0.1163436695933342,37349.94063472621,96.14003705157512,42781900800.0,0.0003
fresh_through_step16000,10210,2.6204161643981934,3.0671823024749756,0.12280415743589401,37394.002475176196,96.2534537505426,42823843840.0,0.0003
fresh_through_step16000,10220,2.6525707244873047,3.139021635055542,0.10050241649150848,37397.785290642234,96.26319084818945,42865786880.0,0.0003
fresh_through_step16000,10230,2.6474499702453613,3.007192850112915,0.1147722527384758,37373.737140681405,96.20129007970185,42907729920.0,0.0003
fresh_through_step16000,10240,2.6015806198120117,3.095625400543213,0.13512387871742249,37354.71372262053,96.15232314465082,42949672960.0,0.0003
fresh_through_step16000,10250,2.6278488636016846,3.0137336254119873,0.08691442012786865,37376.44086554588,96.20824956087452,42991616000.0,0.0003
fresh_through_step16000,10260,2.6243982315063477,2.9860610961914062,0.1318015307188034,37404.55490173733,96.28061606093267,43033559040.0,0.0003
fresh_through_step16000,10270,2.630706787109375,3.1401867866516113,0.10828603804111481,37385.05761790172,96.23042937901283,43075502080.0,0.0003
fresh_through_step16000,10280,2.6209588050842285,3.386138916015625,0.10700155049562454,37373.041859684556,96.19950040240485,43117445120.0,0.0003
fresh_through_step16000,10290,2.603161334991455,2.9831037521362305,0.16767442226409912,37372.352250127245,96.19772532358908,43159388160.0,0.0003
fresh_through_step16000,10300,2.6308116912841797,3.4380228519439697,0.1468660831451416,37427.825470111355,96.34051530756254,43201331200.0,0.0003
fresh_through_step16000,10310,2.590135097503662,2.9777870178222656,0.09888951480388641,37388.86323502609,96.24022516891566,43243274240.0,0.0003
fresh_through_step16000,10320,2.544381618499756,2.938788890838623,0.13946127891540527,36861.215235438285,94.88204099596958,43285217280.0,0.0003
fresh_through_step16000,10330,2.625972270965576,3.0069589614868164,0.1003112643957138,37357.427785755935,96.1593092368899,43327160320.0,0.0003
fresh_through_step16000,10340,2.620620012283325,2.94722318649292,0.11432388424873352,37359.66106876795,96.16505778448793,43369103360.0,0.0003
fresh_through_step16000,10350,2.6510229110717773,3.0519776344299316,0.09685417264699936,37378.54920376973,96.21367649627291,43411046400.0,0.0003
fresh_through_step16000,10360,2.6190433502197266,3.008143663406372,0.14658433198928833,37372.27412009514,96.19752421418828,43452989440.0,0.0003
fresh_through_step16000,10370,2.6578197479248047,4.061214923858643,0.09758059680461884,37398.346360773634,96.2646350620839,43494932480.0,0.0003
fresh_through_step16000,10380,2.5832369327545166,2.931727647781372,0.1394408494234085,37391.768534408744,96.24770350985939,43536875520.0,0.0003
fresh_through_step16000,10390,2.6339035034179688,2.9913716316223145,0.0734112337231636,37381.90391221891,96.22231163167396,43578818560.0,0.0003
fresh_through_step16000,10400,2.639346122741699,3.055924415588379,0.12995703518390656,37398.35017680674,96.2646448846849,43620761600.0,0.0003
fresh_through_step16000,10410,2.6297032833099365,3.177130699157715,0.1360570192337036,37393.91295476311,96.25322332190778,43662704640.0,0.0003
fresh_through_step16000,10420,2.646038293838501,3.236314296722412,0.14529462158679962,37395.681249807276,96.25777497441848,43704647680.0,0.0003
fresh_through_step16000,10430,2.599881172180176,3.076017379760742,0.09227105975151062,37355.59514856857,96.1545919654806,43746590720.0,0.0003
fresh_through_step16000,10440,2.6358940601348877,2.9826512336730957,0.07849438488483429,37394.12923275161,96.25378002891922,43788533760.0,0.0003
fresh_through_step16000,10450,2.619940757751465,2.9376015663146973,0.11661052703857422,37392.39896762174,96.24932626672127,43830476800.0,0.0003
fresh_through_step16000,10460,2.6244120597839355,3.031745195388794,0.0855303406715393,37370.872768378766,96.19391708647548,43872419840.0,0.0003
fresh_through_step16000,10470,2.6583714485168457,3.4645233154296875,0.13872921466827393,37346.136041150814,96.13024389632268,43914362880.0,0.0003
fresh_through_step16000,10480,2.6081082820892334,3.076718807220459,0.12801307439804077,37400.11620308428,96.26919069731194,43956305920.0,0.0003
fresh_through_step16000,10490,2.6325759887695312,2.990567445755005,0.08810324221849442,37363.04887250232,96.17377810829595,43998248960.0,0.0003
fresh_through_step16000,10500,2.6031675338745117,2.994983196258545,0.15645605325698853,37383.493603655086,96.2264035523297,44040192000.0,0.0003
fresh_through_step16000,10510,2.615267038345337,2.948537826538086,0.1055888906121254,37362.15882072839,96.17148708429247,44082135040.0,0.0003
fresh_through_step16000,10520,2.6044304370880127,3.019784927368164,0.16074086725711823,37377.175880476374,96.21014151468891,44124078080.0,0.0003
fresh_through_step16000,10530,2.6157941818237305,3.0676355361938477,0.12194566428661346,37365.77045404521,96.18078355317554,44166021120.0,0.0003
fresh_through_step16000,10540,2.6093251705169678,3.011989116668701,0.1189831793308258,37358.38947597619,96.16178466072823,44207964160.0,0.0003
fresh_through_step16000,10550,2.648097515106201,3.0998430252075195,0.12521551549434662,37368.32099117502,96.18734872382893,44249907200.0,0.0003
fresh_through_step16000,10560,2.6559696197509766,3.278853416442871,0.10382901877164841,37386.97662352409,96.23536896575652,44291850240.0,0.0003
fresh_through_step16000,10570,2.6498329639434814,2.999939441680908,0.10731872171163559,37395.08136283282,96.25623084462948,44333793280.0,0.0003
fresh_through_step16000,10580,2.609283447265625,2.974949598312378,0.10332857072353363,37366.58233616709,96.18287336579513,44375736320.0,0.0003
fresh_through_step16000,10590,2.6307411193847656,3.0372848510742188,0.12951971590518951,37370.81403449082,96.19376590341956,44417679360.0,0.0003
fresh_through_step16000,10600,2.6131980419158936,3.0773792266845703,0.11036372929811478,37408.61064574481,96.29105568607062,44459622400.0,0.0003
fresh_through_step16000,10610,2.593045234680176,3.04426646232605,0.16259822249412537,37406.00151002648,96.2843396806267,44501565440.0,0.0003
fresh_through_step16000,10620,2.615612745285034,2.9736223220825195,0.0914720669388771,37400.99569303794,96.27145453482531,44543508480.0,0.0003
fresh_through_step16000,10630,2.5900707244873047,3.0091474056243896,0.1017637625336647,37398.87500151074,96.26599580159751,44585451520.0,0.0003
fresh_through_step16000,10640,2.623837947845459,2.9533681869506836,0.14636394381523132,37372.075386946155,96.19701266819965,44627394560.0,0.0003
fresh_through_step16000,10650,2.601445436477661,2.993272304534912,0.11148986965417862,37379.48999768257,96.21609813229432,44669337600.0,0.0003
fresh_through_step16000,10660,2.6367015838623047,3.0645604133605957,0.09413635730743408,37397.27017101346,96.26186491247563,44711280640.0,0.0003
fresh_through_step16000,10670,2.6541359424591064,3.473102331161499,0.15995252132415771,37391.71381810064,96.24756266819273,44753223680.0,0.0003
fresh_through_step16000,10680,2.6159303188323975,2.947824001312256,0.10656962543725967,37411.334717444224,96.2980675406991,44795166720.0,0.0003
fresh_through_step16000,10690,2.6537749767303467,3.092169761657715,0.09259908646345139,37368.34250831706,96.18740410969563,44837109760.0,0.0003
fresh_through_step16000,10700,2.6285347938537598,3.1929500102996826,0.1649591624736786,37386.24408732541,96.2334833922834,44879052800.0,0.0003
fresh_through_step16000,10710,2.6603894233703613,3.008329391479492,0.1780426949262619,37365.14108358714,96.17916353188154,44920995840.0,0.0003
fresh_through_step16000,10720,2.6057820320129395,3.00699520111084,0.11244628578424454,37363.023761550096,96.17371347183774,44962938880.0,0.0003
fresh_through_step16000,10730,2.6645607948303223,3.281548023223877,0.10317233949899673,37384.813025583404,96.22979978993862,45004881920.0,0.0003
fresh_through_step16000,10740,2.6518635749816895,3.148206949234009,0.13456933200359344,37373.54627990026,96.20079879745992,45046824960.0,0.0003
fresh_through_step16000,10750,2.630038261413574,3.009563446044922,0.08526361733675003,37361.344792092525,96.16939174647175,45088768000.0,0.0003
fresh_through_step16000,10760,2.6224350929260254,3.1055705547332764,0.11995633691549301,37342.191021669925,96.12008927994,45130711040.0,0.0003
fresh_through_step16000,10770,2.6455283164978027,3.1776301860809326,0.09994374215602875,37346.8055311671,96.13196718674504,45172654080.0,0.0003
fresh_through_step16000,10780,2.610629081726074,3.0141916275024414,0.13243068754673004,37369.082995333185,96.18931014884741,45214597120.0,0.0003
fresh_through_step16000,10790,2.6131927967071533,2.898261785507202,0.0904325470328331,37362.62157778141,96.17267823692795,45256540160.0,0.0003
fresh_through_step16000,10800,2.6213340759277344,3.014941930770874,0.10277171432971954,37352.33322086867,96.14619565093234,45298483200.0,0.0003
fresh_through_step16000,10810,2.5954365730285645,3.022660255432129,0.09391932934522629,37412.80148242155,96.30184304440458,45340426240.0,0.0003
fresh_through_step16000,10820,2.6347732543945312,4.200928688049316,0.10778982192277908,37379.35479334315,96.21575011165544,45382369280.0,0.0003
fresh_through_step16000,10830,2.5878615379333496,3.05674147605896,0.11137650161981583,37360.046793698275,96.16605065377935,45424312320.0,0.0003
fresh_through_step16000,10840,2.6081302165985107,3.1110644340515137,0.12331869453191757,37362.91980870446,96.17344589362311,45466255360.0,0.0003
fresh_through_step16000,10850,2.6251883506774902,2.983703136444092,0.1266409307718277,37343.45458450533,96.12334173431472,45508198400.0,0.0003
fresh_through_step16000,10860,2.631518840789795,3.1490020751953125,0.11961869150400162,37359.5624004745,96.16480380889311,45550141440.0,0.0003
fresh_through_step16000,10870,2.6143336296081543,3.102597236633301,0.14682593941688538,37381.91934352396,96.22235135238604,45592084480.0,0.0003
fresh_through_step16000,10880,2.5994932651519775,3.033614158630371,0.12034109979867935,37381.63331482333,96.2216151046328,45634027520.0,0.0003
fresh_through_step16000,10890,2.633955240249634,2.956521511077881,0.08480473607778549,37406.330512468274,96.2851865442738,45675970560.0,0.0003
fresh_through_step16000,10900,2.6233320236206055,3.0652365684509277,0.11723585426807404,37387.28275112647,96.23615694877698,45717913600.0,0.0003
fresh_through_step16000,10910,2.62976336479187,3.0420889854431152,0.08014848828315735,37388.9576320406,96.24046815009095,45759856640.0,0.0003
fresh_through_step16000,10920,2.5930585861206055,3.1963396072387695,0.09702735394239426,37383.4155867807,96.22620273420075,45801799680.0,0.0003
fresh_through_step16000,10930,2.606943130493164,3.027806282043457,0.13651449978351593,37364.26239917183,96.17690176785169,45843742720.0,0.0003
fresh_through_step16000,10940,2.6411659717559814,3.0287375450134277,0.19576747715473175,37376.06401601714,96.20727953717328,45885685760.0,0.0003
fresh_through_step16000,10950,2.6019561290740967,2.9897053241729736,0.15865054726600647,37367.72857200394,96.18582381642375,45927628800.0,0.0003
fresh_through_step16000,10960,2.600322723388672,2.9793503284454346,0.08245799690485,37368.355816783085,96.18743836614678,45969571840.0,0.0003
fresh_through_step16000,10970,2.63988995552063,3.295213222503662,0.10348912328481674,37392.70505909661,96.25011415674827,46011514880.0,0.0003
fresh_through_step16000,10980,2.627526044845581,3.063504219055176,0.09314786642789841,37380.18569869603,96.21788889072856,46053457920.0,0.0003
fresh_through_step16000,10990,2.6050922870635986,3.265261173248291,0.1140717938542366,37352.87201938759,96.14758253692713,46095400960.0,0.0003
fresh_through_step16000,11000,2.625408172607422,2.930419445037842,0.12047058343887329,37369.75475196384,96.19103927361343,46137344000.0,0.0003
fresh_through_step16000,11010,2.6667592525482178,3.233377456665039,0.11699283123016357,34065.887785838175,87.6867716057426,46179287040.0,0.0003
fresh_through_step16000,11020,2.6419003009796143,3.17691707611084,0.10040149837732315,37399.82685783848,96.2684459126569,46221230080.0,0.0003
fresh_through_step16000,11030,2.5633153915405273,2.9572083950042725,0.10597358644008636,37366.348483718204,96.18227142151574,46263173120.0,0.0003
fresh_through_step16000,11040,2.6454885005950928,3.0164010524749756,0.1057792529463768,37405.8282002885,96.283893575376,46305116160.0,0.0003
fresh_through_step16000,11050,2.6313107013702393,3.0728020668029785,0.1416299194097519,37400.02849853521,96.26896494277382,46347059200.0,0.0003
fresh_through_step16000,11060,2.5898189544677734,3.0277814865112305,0.10292874276638031,37380.33170189015,96.21826470799238,46389002240.0,0.0003
fresh_through_step16000,11070,2.5923900604248047,2.9774200916290283,0.09050087630748749,37384.175112372635,96.22815777930417,46430945280.0,0.0003
fresh_through_step16000,11080,2.617384433746338,2.995927333831787,0.13920462131500244,37382.17133217959,96.22299997988792,46472888320.0,0.0003
fresh_through_step16000,11090,2.6290993690490723,3.662348508834839,0.08710590749979019,37363.746411272994,96.17557359718076,46514831360.0,0.0003
fresh_through_step16000,11100,2.6246771812438965,2.933041572570801,0.10449978709220886,37380.02841376366,96.21748403388092,46556774400.0,0.0003
fresh_through_step16000,11110,2.618506908416748,3.0835814476013184,0.09550166130065918,37358.351870830935,96.16168786378567,46598717440.0,0.0003
fresh_through_step16000,11120,2.620605707168579,3.023869514465332,0.09120932966470718,37377.01305181476,96.20972238809074,46640660480.0,0.0003
fresh_through_step16000,11130,2.6136913299560547,3.0025582313537598,0.18145595490932465,37390.3125963086,96.24395587490966,46682603520.0,0.0003
fresh_through_step16000,11140,2.6097865104675293,2.9831814765930176,0.1277981996536255,37397.318729872575,96.26198990465596,46724546560.0,0.0003
fresh_through_step16000,11150,2.596597671508789,3.0269253253936768,0.0957658588886261,37366.84705492901,96.1835547610302,46766489600.0,0.0003
fresh_through_step16000,11160,2.586167573928833,3.12290620803833,0.14076359570026398,37388.9715652004,96.24050401452546,46808432640.0,0.0003
fresh_through_step16000,11170,2.6493728160858154,3.1365928649902344,0.09176760911941528,37381.36820966116,96.22093271479012,46850375680.0,0.0003
fresh_through_step16000,11180,2.602987766265869,3.064537286758423,0.12666141986846924,37407.56500490601,96.28836417044099,46892318720.0,0.0003
fresh_through_step16000,11190,2.6353793144226074,3.0857903957366943,0.1192939355969429,37394.57573816643,96.25492934927675,46934261760.0,0.0003
fresh_through_step16000,11200,2.6033129692077637,3.110633373260498,0.09048787504434586,37382.48500842357,96.22380739337255,46976204800.0,0.0003
fresh_through_step16000,11210,2.6046509742736816,3.038857936859131,0.0976761132478714,37386.40003179264,96.23388479872752,47018147840.0,0.0003
fresh_through_step16000,11220,2.6246047019958496,3.0550549030303955,0.12233706563711166,37371.9228173578,96.19661994881032,47060090880.0,0.0003
fresh_through_step16000,11230,2.65382719039917,3.435682773590088,0.1352756768465042,37411.374273724534,96.29816935993067,47102033920.0,0.0003
fresh_through_step16000,11240,2.6117334365844727,3.0492608547210693,0.10496743768453598,37386.24853724873,96.2334948465397,47143976960.0,0.0003
fresh_through_step16000,11250,2.621525764465332,3.2138831615448,0.136914923787117,37337.82121316714,96.10884124194511,47185920000.0,0.0003
fresh_through_step16000,11260,2.6339879035949707,2.9830992221832275,0.09591536223888397,37374.34145611042,96.2028456084858,47227863040.0,0.0003
fresh_through_step16000,11270,2.6112518310546875,2.893474578857422,0.09296450018882751,37387.790852115446,96.23746481826957,47269806080.0,0.0003
fresh_through_step16000,11280,2.664106845855713,4.110230445861816,0.12926827371120453,37383.28678862,96.22587120328714,47311749120.0,0.0003
fresh_through_step16000,11290,2.583860397338867,2.9866535663604736,0.07565796375274658,37386.201352100965,96.23337339033985,47353692160.0,0.0003
fresh_through_step16000,11300,2.6137187480926514,3.0922513008117676,0.12632015347480774,37369.77321827733,96.19108680654207,47395635200.0,0.0003
fresh_through_step16000,11310,2.607405185699463,3.042764902114868,0.09035494178533554,37385.83884856513,96.23244029371978,47437578240.0,0.0003
fresh_through_step16000,11320,2.61533260345459,3.021486520767212,0.08454279601573944,37402.80391748188,96.27610896698995,47479521280.0,0.0003
fresh_through_step16000,11330,2.619676351547241,3.2028002738952637,0.09088428318500519,37404.67303560454,96.28092014158656,47521464320.0,0.0003
fresh_through_step16000,11340,2.6453256607055664,3.0498032569885254,0.11479392647743225,37400.409183649615,96.26994483940503,47563407360.0,0.0003
fresh_through_step16000,11350,2.622283697128296,3.050743579864502,0.10491779446601868,37395.65183570156,96.25769926149457,47605350400.0,0.0003
fresh_through_step16000,11360,2.6386377811431885,3.074138641357422,0.14233605563640594,37374.52703038603,96.20332328307992,47647293440.0,0.0003
fresh_through_step16000,11370,2.61942720413208,2.995701789855957,0.09454555064439774,37396.82083575704,96.26070830800809,47689236480.0,0.0003
fresh_through_step16000,11380,2.605412483215332,3.0521316528320312,0.1316857933998108,37374.37831035671,96.2029404725885,47731179520.0,0.0003
fresh_through_step16000,11390,2.5966477394104004,3.0195541381835938,0.10788708180189133,37377.0846637464,96.20990671967584,47773122560.0,0.0003
fresh_through_step16000,11400,2.6046624183654785,2.8930864334106445,0.0847911685705185,37404.96595298597,96.28167412104209,47815065600.0,0.0003
fresh_through_step16000,11410,2.592318534851074,2.9626410007476807,0.10821860283613205,37378.12311499476,96.21257972905143,47857008640.0,0.0003
fresh_through_step16000,11420,2.607637882232666,2.9818811416625977,0.1267770379781723,37405.68065496455,96.28351378861676,47898951680.0,0.0003
fresh_through_step16000,11430,2.6214890480041504,3.0061428546905518,0.11867635697126389,37382.217149194104,96.22311791446553,47940894720.0,0.0003
fresh_through_step16000,11440,2.621873378753662,3.008819341659546,0.08001957833766937,37398.899192819204,96.26605807086091,47982837760.0,0.0003
fresh_through_step16000,11450,2.5991504192352295,2.9231455326080322,0.07342816889286041,37390.52042348209,96.24449082923142,48024780800.0,0.0003
fresh_through_step16000,11460,2.59161639213562,2.9877872467041016,0.12008214741945267,37401.44060351876,96.27259974976765,48066723840.0,0.0003
fresh_through_step16000,11470,2.591686964035034,3.1033072471618652,0.09312416613101959,37386.911675061485,96.2352017861708,48108666880.0,0.0003
fresh_through_step16000,11480,2.6184499263763428,2.946223258972168,0.07883848249912262,37394.75876091372,96.25540045614886,48150609920.0,0.0003
fresh_through_step16000,11490,2.6424076557159424,3.063213348388672,0.1411474496126175,37402.163383530926,96.27446021047976,48192552960.0,0.0003
fresh_through_step16000,11500,2.583737850189209,3.053421974182129,0.10099844634532928,37424.129224652796,96.3310010441046,48234496000.0,0.0003
fresh_through_step16000,11510,2.6119279861450195,3.0157692432403564,0.0940975695848465,37369.70914881474,96.19092188953277,48276439040.0,0.0003
fresh_through_step16000,11520,2.667165756225586,3.283184051513672,0.10243812203407288,37408.62357821349,96.29108897469163,48318382080.0,0.0003
fresh_through_step16000,11530,2.5972962379455566,3.0884060859680176,0.11132382601499557,37427.93645574052,96.34080098840484,48360325120.0,0.0003
fresh_through_step16000,11540,2.6197190284729004,2.9699552059173584,0.13604417443275452,37385.68460862504,96.2320432747874,48402268160.0,0.0003
fresh_through_step16000,11550,2.631896734237671,3.0369536876678467,0.12162962555885315,37383.916513571414,96.22749213705927,48444211200.0,0.0003
fresh_through_step16000,11560,2.6410727500915527,3.082749843597412,0.1350305825471878,37386.42405228077,96.2339466282935,48486154240.0,0.0003
fresh_through_step16000,11570,2.5853006839752197,3.0435049533843994,0.11620871722698212,37393.63825650997,96.25251623911767,48528097280.0,0.0003
fresh_through_step16000,11580,2.599619150161743,2.9776968955993652,0.10596161335706711,37385.45347287407,96.23144832338227,48570040320.0,0.0003
fresh_through_step16000,11590,2.602154016494751,3.1161293983459473,0.1231331080198288,37410.137167991415,96.29498500705093,48611983360.0,0.0003
fresh_through_step16000,11600,2.578801155090332,3.0604090690612793,0.11277861148118973,37366.26239893767,96.18204983631777,48653926400.0,0.0003
fresh_through_step16000,11610,2.7192001342773438,4.183631420135498,0.12713611125946045,37406.513086696985,96.28565649664358,48695869440.0,0.0003
fresh_through_step16000,11620,2.618849039077759,3.1338984966278076,0.1921062171459198,37405.947394553965,96.2842003855316,48737812480.0,0.0003
fresh_through_step16000,11630,2.6638095378875732,3.6458535194396973,0.0898532047867775,37398.14946947849,96.26412825709068,48779755520.0,0.0003
fresh_through_step16000,11640,2.6463980674743652,3.2460641860961914,0.08271249383687973,37378.15288186705,96.21265635000866,48821698560.0,0.0003
fresh_through_step16000,11650,2.5821497440338135,3.207932710647583,0.08320221304893494,37398.24752766319,96.26438066224446,48863641600.0,0.0003
fresh_through_step16000,11660,2.594308853149414,3.0457425117492676,0.09157954901456833,37423.59635977273,96.32962943150115,48905584640.0,0.0003
fresh_through_step16000,11670,2.6084694862365723,3.033449411392212,0.14462214708328247,37393.32052701532,96.25169839242584,48947527680.0,0.0003
fresh_through_step16000,11680,2.60774564743042,3.020759105682373,0.07957221567630768,37354.912062456635,96.15283367823851,48989470720.0,0.0003
fresh_through_step16000,11690,2.5985312461853027,2.895207405090332,0.20202882587909698,37361.61630042783,96.17009061830319,49031413760.0,0.0003
fresh_through_step16000,11700,2.661233425140381,3.163362979888916,0.0918753370642662,37378.04404195264,96.21237619231026,49073356800.0,0.0003
fresh_through_step16000,11710,2.5573244094848633,2.9667792320251465,0.09259121865034103,37381.605769485,96.22154420198069,49115299840.0,0.0003
fresh_through_step16000,11720,2.5784950256347656,3.1387455463409424,0.12322390824556351,37386.359539746256,96.23378057080176,49157242880.0,0.0003
fresh_through_step16000,11730,2.5915377140045166,3.005413055419922,0.12897934019565582,37361.54648793279,96.16991091853004,49199185920.0,0.0003
fresh_through_step16000,11740,2.6017167568206787,3.162487506866455,0.11337863653898239,37391.23776822855,96.24633729938188,49241128960.0,0.0003
fresh_through_step16000,11750,2.6011462211608887,3.0859854221343994,0.14836806058883667,37359.86564493318,96.16558437060215,49283072000.0,0.0003
fresh_through_step16000,11760,2.576198101043701,2.911778211593628,0.09928303211927414,37384.3530699496,96.22861584825293,49325015040.0,0.0003
fresh_through_step16000,11770,2.5843000411987305,3.2751083374023438,0.10860531032085419,37375.41206785016,96.20560140007682,49366958080.0,0.0003
fresh_through_step16000,11780,2.614558696746826,3.014831066131592,0.14997099339962006,37397.39075787843,96.26217530723046,49408901120.0,0.0003
fresh_through_step16000,11790,2.613525629043579,2.9842538833618164,0.12896674871444702,37332.901209499614,96.09617698259554,49450844160.0,0.0003
fresh_through_step16000,11800,2.5932111740112305,2.9179959297180176,0.10596822202205658,37378.78736610437,96.21428953434706,49492787200.0,0.0003
fresh_through_step16000,11810,2.591670274734497,2.9352760314941406,0.11473487317562103,37395.781123621695,96.25803205306589,49534730240.0,0.0003
fresh_through_step16000,11820,2.580298900604248,2.938413619995117,0.12879638373851776,37381.625740093266,96.22159560701603,49576673280.0,0.0003
fresh_through_step16000,11830,2.6012637615203857,3.015005111694336,0.12717805802822113,37384.842402158596,96.22987540625768,49618616320.0,0.0003
fresh_through_step16000,11840,2.5803680419921875,2.9441864490509033,0.09076749533414841,37356.184992121256,96.1561102431551,49660559360.0,0.0003
fresh_through_step16000,11850,2.6111104488372803,2.9959335327148438,0.11920647323131561,37362.34718260259,96.17197193426162,49702502400.0,0.0003
fresh_through_step16000,11860,2.621610641479492,3.0397000312805176,0.11425943672657013,37380.20219996674,96.21793136556926,49744445440.0,0.0003
fresh_through_step16000,11870,2.5959463119506836,3.0043435096740723,0.09983953088521957,37361.343989085944,96.16938967950509,49786388480.0,0.0003
fresh_through_step16000,11880,2.5952582359313965,3.121809244155884,0.08984021097421646,37352.77359451928,96.14732918791705,49828331520.0,0.0003
fresh_through_step16000,11890,2.5534167289733887,3.06085205078125,0.10643742978572845,37359.00393835509,96.16336630811162,49870274560.0,0.0003
fresh_through_step16000,11900,2.6009185314178467,2.9641075134277344,0.07547584921121597,37340.21957813703,96.11501471620372,49912217600.0,0.0003
fresh_through_step16000,11910,2.5932135581970215,2.9189515113830566,0.09436105191707611,37364.51539615069,96.17755299081237,49954160640.0,0.0003
fresh_through_step16000,11920,2.615793228149414,3.079127788543701,0.11680067330598831,37375.20692908099,96.20507336580063,49996103680.0,0.0003
fresh_through_step16000,11930,2.599184513092041,3.026475429534912,0.10690955817699432,37360.68806672972,96.16770131270827,50038046720.0,0.0003
fresh_through_step16000,11940,2.597104549407959,2.9506454467773438,0.09118552505970001,37375.91557260205,96.20689743869642,50079989760.0,0.0003
fresh_through_step16000,11950,2.5794639587402344,2.9025845527648926,0.0906505361199379,37371.337417528426,96.19511310943308,50121932800.0,0.0003
fresh_through_step16000,11960,2.6148998737335205,2.9643759727478027,0.13220514357089996,37341.58532947406,96.11853020731064,50163875840.0,0.0003
fresh_through_step16000,11970,2.6058502197265625,2.9864745140075684,0.10438884794712067,37361.86440074995,96.17072923710035,50205818880.0,0.0003
fresh_through_step16000,11980,2.626283645629883,3.049840211868286,0.13167423009872437,37357.055628391165,96.15835129098075,50247761920.0,0.0003
fresh_through_step16000,11990,2.6027164459228516,3.0612168312072754,0.10403459519147873,27644.984172761728,71.15914396363011,50289704960.0,0.0003
fresh_through_step16000,12000,2.593489170074463,2.984416961669922,0.11435271799564362,37386.52131193605,96.23419697800497,50331648000.0,0.0003
fresh_through_step16000,12010,2.6008236408233643,3.013813018798828,0.0809105634689331,34024.03670465506,87.5790454774753,50373591040.0,0.0003
fresh_through_step16000,12020,2.6018338203430176,3.0004870891571045,0.1521526724100113,37357.55069230183,96.15962560258355,50415534080.0,0.0003
fresh_through_step16000,12030,2.580826759338379,2.9610743522644043,0.08079499751329422,37387.77577228344,96.23742600226122,50457477120.0,0.0003
fresh_through_step16000,12040,2.606821060180664,2.997842311859131,0.16880705952644348,37371.608874008765,96.19581184778806,50499420160.0,0.0003
fresh_through_step16000,12050,2.5844287872314453,2.972911834716797,0.09971027076244354,37383.87963728449,96.22739721622322,50541363200.0,0.0003
fresh_through_step16000,12060,2.622101068496704,2.92901611328125,0.10926320403814316,37383.05766127468,96.22528142158752,50583306240.0,0.0003
fresh_through_step16000,12070,2.6019973754882812,2.9832100868225098,0.10994744300842285,37368.070888447546,96.18670495077127,50625249280.0,0.0003
fresh_through_step16000,12080,2.5605106353759766,2.9956068992614746,0.14052297174930573,37385.26023299162,96.23095091725142,50667192320.0,0.0003
fresh_through_step16000,12090,2.609778642654419,2.939420700073242,0.07277937978506088,37360.97771741815,96.1684468835832,50709135360.0,0.0003
fresh_through_step16000,12100,2.5995638370513916,3.181187152862549,0.1540367305278778,32352.28811326461,83.27590687040173,50751078400.0,0.0003
fresh_through_step16000,12110,2.584794521331787,2.9739789962768555,0.10790415853261948,37392.70320089583,96.25010937367527,50793021440.0,0.0003
fresh_through_step16000,12120,2.6195831298828125,3.068624496459961,0.15067215263843536,37363.22306836438,96.17422649446064,50834964480.0,0.0003
fresh_through_step16000,12130,2.6257855892181396,3.6870651245117188,0.12212246656417847,37381.225100437245,96.22056434670557,50876907520.0,0.0003
fresh_through_step16000,12140,2.6290817260742188,3.3190438747406006,0.11961178481578827,37355.77717680602,96.15506051245004,50918850560.0,0.0003
fresh_through_step16000,12150,2.6072206497192383,2.9890599250793457,0.12468038499355316,37390.76129425648,96.24511083892303,50960793600.0,0.0003
fresh_through_step16000,12160,2.57570219039917,2.942899703979492,0.08590484410524368,37373.13837312157,96.19974883132474,51002736640.0,0.0003
fresh_through_step16000,12170,2.6132445335388184,3.0818161964416504,0.14317743480205536,37372.327139569556,96.1976606881464,51044679680.0,0.0003
fresh_through_step16000,12180,2.6106057167053223,3.159989833831787,0.08327590674161911,37387.38257996145,96.23641391164574,51086622720.0,0.0003
fresh_through_step16000,12190,2.593677520751953,2.941507339477539,0.14425085484981537,37389.06207735417,96.24073699593504,51128565760.0,0.0003
fresh_through_step16000,12200,2.570864677429199,2.9431447982788086,0.1315998136997223,37373.07524598634,96.19958633989863,51170508800.0,0.0003
fresh_through_step16000,12210,2.5933215618133545,3.224365234375,0.08642883598804474,37366.42336652725,96.18246417245224,51212451840.0,0.0003
fresh_through_step16000,12220,2.6033031940460205,2.959062099456787,0.12103324383497238,37318.26354747372,96.058499135038,51254394880.0,0.0003
fresh_through_step16000,12230,2.59773325920105,2.9420785903930664,0.21035005152225494,37342.99133925593,96.12214932504487,51296337920.0,0.0003
fresh_through_step16000,12240,2.601335048675537,2.9222660064697266,0.10423588007688522,37357.356926275024,96.15912684213895,51338280960.0,0.0003
fresh_through_step16000,12250,2.601717233657837,3.0458946228027344,0.10537735372781754,37396.72880516553,96.2604714180873,51380224000.0,0.0003
fresh_through_step16000,12260,2.5760695934295654,2.961813449859619,0.08583632111549377,37368.4393489716,96.18765338088475,51422167040.0,0.0003
fresh_through_step16000,12270,2.555471658706665,2.9965224266052246,0.08825726807117462,37353.65289563722,96.14959253936077,51464110080.0,0.0003
fresh_through_step16000,12280,2.54679536819458,3.01983642578125,0.14502185583114624,37395.371692129236,96.25697816226482,51506053120.0,0.0003
fresh_through_step16000,12290,2.6522161960601807,3.067155361175537,0.13762210309505463,37397.34888581733,96.26206752709916,51547996160.0,0.0003
fresh_through_step16000,12300,2.5914175510406494,3.0464859008789062,0.08239461481571198,37385.85054548567,96.2324704019972,51589939200.0,0.0003
fresh_through_step16000,12310,2.6247148513793945,3.1373794078826904,0.09144193679094315,37377.67954467841,96.21143796373869,51631882240.0,0.0003
fresh_through_step16000,12320,2.5936801433563232,2.9825587272644043,0.09454774856567383,37359.196271214,96.16386137953255,51673825280.0,0.0003
fresh_through_step16000,12330,2.559351921081543,3.0013105869293213,0.10295307636260986,37377.37637862905,96.210657603858,51715768320.0,0.0003
fresh_through_step16000,12340,2.6448376178741455,3.8567709922790527,0.13183307647705078,37379.36663003606,96.21578057971176,51757711360.0,0.0003
fresh_through_step16000,12350,2.624206066131592,3.005567789077759,0.10143834352493286,37385.3079074715,96.23107363300903,51799654400.0,0.0003
fresh_through_step16000,12360,2.61006760597229,3.480562448501587,0.12139485776424408,37392.28149903204,96.24902389851468,51841597440.0,0.0003
fresh_through_step16000,12370,2.5743279457092285,3.01167631149292,0.08477090299129486,37353.4533747753,96.14907896577185,51883540480.0,0.0003
fresh_through_step16000,12380,2.6065139770507812,3.0199027061462402,0.12820179760456085,37399.64411717867,96.2679755318877,51925483520.0,0.0003
fresh_through_step16000,12390,2.6276557445526123,2.9725255966186523,0.07648176699876785,37416.038861825225,96.3101761707906,51967426560.0,0.0003
fresh_through_step16000,12400,2.6028807163238525,2.9872474670410156,0.11886847764253616,37381.4312976706,96.22109510550513,52009369600.0,0.0003
fresh_through_step16000,12410,2.622526168823242,2.9699201583862305,0.10158426314592361,37369.465947501456,96.19029588095357,52051312640.0,0.0003
fresh_through_step16000,12420,2.5751781463623047,3.036555767059326,0.16717945039272308,37339.56257198433,96.11332355967735,52093255680.0,0.0003
fresh_through_step16000,12430,2.5869390964508057,2.9936881065368652,0.10350003093481064,37412.90024627014,96.3020972659616,52135198720.0,0.0003
fresh_through_step16000,12440,2.621577739715576,2.940279960632324,0.08545820415019989,37334.61114953442,96.10057842729688,52177141760.0,0.0003
fresh_through_step16000,12450,2.569762706756592,3.0456202030181885,0.09010013937950134,37360.37467212078,96.16689462416197,52219084800.0,0.0003
fresh_through_step16000,12460,2.5821900367736816,2.9428327083587646,0.09330078214406967,37350.75676879889,96.1421378088629,52261027840.0,0.0003
fresh_through_step16000,12470,2.6049704551696777,3.19828200340271,0.0941505879163742,37377.3969138952,96.21071046234223,52302970880.0,0.0003
fresh_through_step16000,12480,2.606873035430908,3.049028158187866,0.14549987018108368,37372.27219557246,96.19751926040043,52344913920.0,0.0003
fresh_through_step16000,12490,2.625324010848999,3.0669703483581543,0.09247653931379318,37406.21520672242,96.28488974330196,52386856960.0,0.0003
fresh_through_step16000,12500,2.624053478240967,3.1760473251342773,0.10963985323905945,37375.862595180835,96.20676107298468,52428800000.0,0.0003
fresh_through_step16000,12510,2.5946972370147705,3.165473461151123,0.12220245599746704,37374.07766385051,96.20216659809888,52470743040.0,0.0003
fresh_through_step16000,12520,2.5925140380859375,3.059687376022339,0.10519950836896896,37374.3715526787,96.20292307809191,52512686080.0,0.0003
fresh_through_step16000,12530,2.6221601963043213,3.139737367630005,0.10954732447862625,37383.54737452401,96.22654196040324,52554629120.0,0.0003
fresh_through_step16000,12540,2.599191904067993,2.9963295459747314,0.09792568534612656,37395.748301626285,96.25794756811621,52596572160.0,0.0003
fresh_through_step16000,12550,2.6013522148132324,3.0692501068115234,0.10027562826871872,37369.443507508404,96.19023811963649,52638515200.0,0.0003
fresh_through_step16000,12560,2.5838170051574707,3.0145201683044434,0.10218533128499985,37404.63597520289,96.28082474683285,52680458240.0,0.0003
fresh_through_step16000,12570,2.57755708694458,2.9603564739227295,0.13736450672149658,37393.61139019606,96.25244708429786,52722401280.0,0.0003
fresh_through_step16000,12580,2.6079771518707275,2.991868019104004,0.08565223217010498,37370.466712068046,96.19287188350877,52764344320.0,0.0003
fresh_through_step16000,12590,2.6086156368255615,3.1255879402160645,0.10617482662200928,37364.74127435649,96.17813440911468,52806287360.0,0.0003
fresh_through_step16000,12600,2.6007187366485596,3.0282950401306152,0.16144421696662903,37363.84378409973,96.17582423819948,52848230400.0,0.0003
fresh_through_step16000,12610,2.615276336669922,3.081026077270508,0.08315399289131165,37387.12972561945,96.23576305583727,52890173440.0,0.0003
fresh_through_step16000,12620,2.6011199951171875,2.9334654808044434,0.09363681823015213,37388.84834193593,96.24018683358727,52932116480.0,0.0003
fresh_through_step16000,12630,2.6277201175689697,2.975231885910034,0.16886690258979797,37386.56737511844,96.23431554622721,52974059520.0,0.0003
fresh_through_step16000,12640,2.595191478729248,3.0102503299713135,0.09350436180830002,37364.345501015065,96.17711567486604,53016002560.0,0.0003
fresh_through_step16000,12650,2.6271610260009766,3.345015048980713,0.09796328842639923,37408.15348961061,96.28987895039359,53057945600.0,0.0003
fresh_through_step16000,12660,2.596418857574463,2.98214054107666,0.12928418815135956,37371.5280596332,96.19560382879448,53099888640.0,0.0003
fresh_through_step16000,12670,2.5981600284576416,3.0438809394836426,0.12249740958213806,37368.350916071606,96.18742575154619,53141831680.0,0.0003
fresh_through_step16000,12680,2.6029303073883057,2.9371511936187744,0.11065114289522171,37366.72350099187,96.18323672892915,53183774720.0,0.0003
fresh_through_step16000,12690,2.6138839721679688,2.98728084564209,0.07858943939208984,37380.50669324614,96.2187151417859,53225717760.0,0.0003
fresh_through_step16000,12700,2.573913097381592,3.0517568588256836,0.1609843522310257,37380.96960109913,96.21990668258576,53267660800.0,0.0003
fresh_through_step16000,12710,2.58773136138916,3.016822099685669,0.118184894323349,37379.418047177256,96.21591292920886,53309603840.0,0.0003
fresh_through_step16000,12720,2.607663869857788,2.95375394821167,0.11122836917638779,37368.98799007093,96.18906560202142,53351546880.0,0.0003
fresh_through_step16000,12730,2.6042444705963135,3.000521183013916,0.10542707145214081,37334.97572815362,96.1015168652532,53393489920.0,0.0003
fresh_through_step16000,12740,2.56557035446167,2.9118785858154297,0.0774221122264862,37334.57150224374,96.10047637380148,53435432960.0,0.0003
fresh_through_step16000,12750,2.596263885498047,3.0473732948303223,0.12086058408021927,37391.32157659595,96.24655302501381,53477376000.0,0.0003
fresh_through_step16000,12760,2.539482593536377,2.9176082611083984,0.12028428912162781,37387.106333412674,96.23570284348918,53519319040.0,0.0003
fresh_through_step16000,12770,2.608211040496826,3.0316662788391113,0.12807074189186096,37381.67057900026,96.22171102391111,53561262080.0,0.0003
fresh_through_step16000,12780,2.580580472946167,3.032907485961914,0.09406332671642303,37406.57250714255,96.28580944692251,53603205120.0,0.0003
fresh_through_step16000,12790,2.5647521018981934,3.0174496173858643,0.10526281595230103,37380.70940396644,96.21923692618046,53645148160.0,0.0003
fresh_through_step16000,12800,2.590311050415039,2.953619956970215,0.10247122496366501,37380.488710882644,96.21866885456127,53687091200.0,0.0003
fresh_through_step16000,12810,2.611194610595703,3.047910690307617,0.08515782654285431,37384.27466356647,96.22841402751506,53729034240.0,0.0003
fresh_through_step16000,12820,2.638408899307251,3.6484925746917725,0.09901300817728043,37350.49760939937,96.14147072361861,53770977280.0,0.0003
fresh_through_step16000,12830,2.6041386127471924,2.9892683029174805,0.133823961019516,37373.65103884969,96.20106845061353,53812920320.0,0.0003
fresh_through_step16000,12840,2.6026148796081543,3.0840821266174316,0.0859517902135849,37371.496807322175,96.19552338426662,53854863360.0,0.0003
fresh_through_step16000,12850,2.602968215942383,3.263978958129883,0.08760356903076172,37386.909581555454,96.23519639741399,53896806400.0,0.0003
fresh_through_step16000,12860,2.6097214221954346,2.992743968963623,0.14453211426734924,37360.25390321864,96.16658376083717,53938749440.0,0.0003
fresh_through_step16000,12870,2.6215672492980957,2.9675607681274414,0.13984990119934082,37375.560747097996,96.2059841055953,53980692480.0,0.0003
fresh_through_step16000,12880,2.568920612335205,2.941025733947754,0.09369612485170364,37365.68692634775,96.1805685499977,54022635520.0,0.0003
fresh_through_step16000,12890,2.5959572792053223,2.945194721221924,0.14558255672454834,37367.66396200334,96.18565750805091,54064578560.0,0.0003
fresh_through_step16000,12900,2.5873665809631348,3.044156551361084,0.07708176970481873,37361.69333789698,96.17028891540922,54106521600.0,0.0003
fresh_through_step16000,12910,2.5894711017608643,3.011739730834961,0.1157546192407608,36603.973265188564,94.2198912808497,54148464640.0,0.0003
fresh_through_step16000,12920,2.6379754543304443,3.0488264560699463,0.09572641551494598,37404.41372741557,96.28025267335312,54190407680.0,0.0003
fresh_through_step16000,12930,2.60819149017334,3.0142786502838135,0.11360505223274231,37379.55131305093,96.21625596016996,54232350720.0,0.0003
fresh_through_step16000,12940,2.5911521911621094,3.0209765434265137,0.09743178635835648,37382.814191359015,96.22465472161652,54274293760.0,0.0003
fresh_through_step16000,12950,2.6150684356689453,2.9710609912872314,0.12608319520950317,37392.28682414853,96.2490376055484,54316236800.0,0.0003
fresh_through_step16000,12960,2.6109273433685303,2.9685983657836914,0.09205421060323715,37368.970431307884,96.18902040515896,54358179840.0,0.0003
fresh_through_step16000,12970,2.606825351715088,3.0742201805114746,0.1614917516708374,37346.45459856008,96.13106387409533,54400122880.0,0.0003
fresh_through_step16000,12980,2.5911340713500977,3.1190595626831055,0.0734775960445404,37373.62067485267,96.2009902926366,54442065920.0,0.0003
fresh_through_step16000,12990,2.6066322326660156,3.124752998352051,0.11430338770151138,37381.98450177316,96.22251907196967,54484008960.0,0.0003
fresh_through_step16000,13000,2.607661724090576,3.011772632598877,0.09847615659236908,37362.85287009525,96.17327359133134,54525952000.0,0.0003
fresh_through_step16000,13010,2.6294901371002197,3.599851369857788,0.143622025847435,34113.20491667302,87.80856753458022,54567895040.0,0.0003
fresh_through_step16000,13020,2.6167242527008057,3.064701557159424,0.1194116398692131,37386.19997845663,96.2333698545319,54609838080.0,0.0003
fresh_through_step16000,13030,2.5952041149139404,3.1674904823303223,0.08763560652732849,37377.55992483308,96.2111300581258,54651781120.0,0.0003
fresh_through_step16000,13040,2.6084625720977783,3.1918530464172363,0.07401614636182785,37384.63420649057,96.22933950341827,54693724160.0,0.0003
fresh_through_step16000,13050,2.5805771350860596,3.079287052154541,0.1971549540758133,37331.306711168036,96.09207268882501,54735667200.0,0.0003
fresh_through_step16000,13060,2.613539695739746,2.9484567642211914,0.08475340157747269,37391.816905998174,96.24782802000105,54777610240.0,0.0003
fresh_through_step16000,13070,2.607980728149414,3.064492702484131,0.09885323792695999,37362.0580848444,96.1712277866482,54819553280.0,0.0003
fresh_through_step16000,13080,2.596324920654297,3.0343735218048096,0.10550262778997421,37372.53139200644,96.19818644097268,54861496320.0,0.0003
fresh_through_step16000,13090,2.5685057640075684,2.9374003410339355,0.10162171721458435,37360.72770764552,96.16780334979451,54903439360.0,0.0003
fresh_through_step16000,13100,2.604057788848877,2.9773945808410645,0.09974446147680283,37355.67989175306,96.15481009736403,54945382400.0,0.0003
fresh_through_step16000,13110,2.6229772567749023,3.2761802673339844,0.11759091168642044,37364.83416265208,96.17837350679535,54987325440.0,0.0003
fresh_through_step16000,13120,2.579789161682129,3.062155246734619,0.1026650071144104,37371.75025258998,96.19617576113855,55029268480.0,0.0003
fresh_through_step16000,13130,2.5946273803710938,3.055929660797119,0.1295405924320221,37385.46571985856,96.2314798475433,55071211520.0,0.0003
fresh_through_step16000,13140,2.5997276306152344,2.978768825531006,0.18617726862430573,37409.50999099358,96.2933706317993,55113154560.0,0.0003
fresh_through_step16000,13150,2.623404026031494,2.9905409812927246,0.12152627855539322,37388.3325065012,96.23885905536422,55155097600.0,0.0003
fresh_through_step16000,13160,2.5734312534332275,2.9224839210510254,0.11758656799793243,37365.99642617136,96.18136521323206,55197040640.0,0.0003
fresh_through_step16000,13170,2.571516990661621,2.925736904144287,0.09622793644666672,37401.819626752644,96.27357536866101,55238983680.0,0.0003
fresh_through_step16000,13180,2.5957140922546387,2.922564744949341,0.10588438808917999,37364.68933301084,96.17800071029721,55280926720.0,0.0003
fresh_through_step16000,13190,2.5786542892456055,2.9398579597473145,0.09174858778715134,37362.58516529577,96.17258450993245,55322869760.0,0.0003
fresh_through_step16000,13200,2.585277795791626,2.979959011077881,0.08385154604911804,37360.62448748926,96.16753765754765,55364812800.0,0.0003
fresh_through_step16000,13210,2.625988483428955,3.016735076904297,0.09364693611860275,37350.98093739427,96.14271482656893,55406755840.0,0.0003
fresh_through_step16000,13220,2.636680841445923,3.378425121307373,0.10132616758346558,37369.720202824195,96.19095034293485,55448698880.0,0.0003
fresh_through_step16000,13230,2.5722689628601074,2.9316399097442627,0.12625908851623535,37367.49630827733,96.18522596157037,55490641920.0,0.0003
fresh_through_step16000,13240,2.6080470085144043,3.0346567630767822,0.08974462002515793,37357.76800447652,96.16018497162594,55532584960.0,0.0003
fresh_through_step16000,13250,2.604710578918457,3.0328891277313232,0.10004185885190964,37349.891176137535,96.13990974345985,55574528000.0,0.0003
fresh_through_step16000,13260,2.5842602252960205,2.963625431060791,0.09358897060155869,37362.756536613255,96.17302562562186,55616471040.0,0.0003
fresh_through_step16000,13270,2.5561487674713135,2.981442451477051,0.09317642450332642,37376.59541399273,96.20864737391395,55658414080.0,0.0003
fresh_through_step16000,13280,2.6035211086273193,2.9778575897216797,0.09239667654037476,37368.2220992838,96.18709417268576,55700357120.0,0.0003
fresh_through_step16000,13290,2.575488567352295,2.9437150955200195,0.10749571025371552,37363.62309755571,96.17525618341391,55742300160.0,0.0003
fresh_through_step16000,13300,2.5609846115112305,3.1875858306884766,0.07701623439788818,37361.866527530736,96.17073471150752,55784243200.0,0.0003
fresh_through_step16000,13310,2.5928494930267334,2.9454345703125,0.09648923575878143,37368.777737835626,96.18852440550681,55826186240.0,0.0003
fresh_through_step16000,13320,2.6177587509155273,3.004889965057373,0.10517270117998123,37350.51075510726,96.1415045611247,55868129280.0,0.0003
fresh_through_step16000,13330,2.580214738845825,3.0937793254852295,0.12750518321990967,37358.22538965763,96.16136229687764,55910072320.0,0.0003
fresh_through_step16000,13340,2.5980682373046875,3.087031841278076,0.12563683092594147,37371.25407060514,96.1948985715742,55952015360.0,0.0003
fresh_through_step16000,13350,2.579832077026367,3.238746166229248,0.11087683588266373,37361.47994713398,96.16973964021595,55993958400.0,0.0003
fresh_through_step16000,13360,2.711012601852417,5.952986717224121,0.08377628773450851,37356.013323258754,96.15566836157454,56035901440.0,0.0003
fresh_through_step16000,13370,2.6052262783050537,3.1085774898529053,0.09423575550317764,37391.85336815627,96.2479218748552,56077844480.0,0.0003
fresh_through_step16000,13380,2.596769332885742,2.963104724884033,0.0848051905632019,37387.704165191644,96.237241683134,56119787520.0,0.0003
fresh_through_step16000,13390,2.5803310871124268,2.923760414123535,0.12611019611358643,37354.71866660286,96.15233587063207,56161730560.0,0.0003
fresh_through_step16000,13400,2.620922803878784,3.0643715858459473,0.10773709416389465,37380.24384152752,96.21803855238475,56203673600.0,0.0003
fresh_through_step16000,13410,2.627248764038086,3.0272116661071777,0.10478167980909348,37372.62701508327,96.19843257807473,56245616640.0,0.0003
fresh_through_step16000,13420,2.557919502258301,2.893566846847534,0.11942748725414276,37382.75676229081,96.22450689721168,56287559680.0,0.0003
fresh_through_step16000,13430,2.6116585731506348,3.1396541595458984,0.09895772486925125,37368.6869903562,96.18829081836084,56329502720.0,0.0003
fresh_through_step16000,13440,2.6150565147399902,2.925117254257202,0.11701978743076324,37378.80223628914,96.2143278107162,56371445760.0,0.0003
fresh_through_step16000,13450,2.5950002670288086,3.0410518646240234,0.12041442096233368,37368.746410002765,96.18844376658313,56413388800.0,0.0003
fresh_through_step16000,13460,2.5732555389404297,2.9957337379455566,0.09939946234226227,37369.476092459496,96.19032199442591,56455331840.0,0.0003
fresh_through_step16000,13470,2.5944600105285645,3.041698932647705,0.08645788580179214,37375.11640521214,96.20484035423603,56497274880.0,0.0003
fresh_through_step16000,13480,2.5710220336914062,3.0026516914367676,0.10670442879199982,37370.77743138577,96.1936716857631,56539217920.0,0.0003
fresh_through_step16000,13490,2.6364383697509766,3.1084132194519043,0.13037486374378204,37353.855965711,96.15011524874357,56581160960.0,0.0003
fresh_through_step16000,13500,2.5847787857055664,2.97326922416687,0.09051040560007095,37387.00338756608,96.23543785732488,56623104000.0,0.0003
fresh_through_step16000,13510,2.582082748413086,2.9525132179260254,0.0845445841550827,37388.89973711522,96.24031912655366,56665047040.0,0.0003
fresh_through_step16000,13520,2.569753408432007,3.025933265686035,0.09965101629495621,37346.51055619253,96.13120791097373,56706990080.0,0.0003
fresh_through_step16000,13530,2.5945518016815186,3.0765209197998047,0.14090381562709808,37379.09323377895,96.21507684830438,56748933120.0,0.0003
fresh_through_step16000,13540,2.576425552368164,2.8903164863586426,0.10821165889501572,37362.514286248515,96.17240206481705,56790876160.0,0.0003
fresh_through_step16000,13550,2.5720200538635254,2.9924943447113037,0.09128732234239578,37364.07782789625,96.1764266750143,56832819200.0,0.0003
fresh_through_step16000,13560,2.582646369934082,2.9716384410858154,0.12403951585292816,37381.44859001155,96.2211396165879,56874762240.0,0.0003
fresh_through_step16000,13570,2.576653480529785,3.0598483085632324,0.09180674701929092,37374.162887295104,96.20238596618842,56916705280.0,0.0003
fresh_through_step16000,13580,2.582521915435791,3.3867111206054688,0.11988966912031174,37411.20373427716,96.29773038550364,56958648320.0,0.0003
fresh_through_step16000,13590,2.6065731048583984,3.08487606048584,0.08300057053565979,37386.49644254254,96.23413296332724,57000591360.0,0.0003
fresh_through_step16000,13600,2.5549368858337402,2.917877674102783,0.10276894271373749,37399.8370181697,96.26847206570034,57042534400.0,0.0003
fresh_through_step16000,13610,2.588965892791748,3.033386707305908,0.10467103868722916,37398.34828910069,96.26464002566433,57084477440.0,0.0003
fresh_through_step16000,13620,2.566498279571533,2.936051368713379,0.07437453418970108,37395.68100859893,96.25777435353987,57126420480.0,0.0003
fresh_through_step16000,13630,2.5718131065368652,3.099266529083252,0.09516404569149017,37400.30586586552,96.26967889586075,57168363520.0,0.0003
fresh_through_step16000,13640,2.6155030727386475,3.1522717475891113,0.10032015293836594,37384.99235608587,96.23026139284505,57210306560.0,0.0003
fresh_through_step16000,13650,2.5994060039520264,3.0548393726348877,0.11487748473882675,37395.460407725004,96.25720651927206,57252249600.0,0.0003
fresh_through_step16000,13660,2.5885391235351562,2.9846224784851074,0.13199658691883087,37396.806734523496,96.26067201094598,57294192640.0,0.0003
fresh_through_step16000,13670,2.6106371879577637,3.137284755706787,0.08135915547609329,37364.0953842937,96.17647186578763,57336135680.0,0.0003
fresh_through_step16000,13680,2.609485149383545,2.9832894802093506,0.07760024070739746,37404.51220889299,96.28050616807698,57378078720.0,0.0003
fresh_through_step16000,13690,2.5673842430114746,2.9493980407714844,0.08018320798873901,37375.14221133114,96.20490678007754,57420021760.0,0.0003
fresh_through_step16000,13700,2.5583412647247314,3.141911745071411,0.09218496829271317,37358.70914439874,96.16260749828743,57461964800.0,0.0003
fresh_through_step16000,13710,2.6279406547546387,3.628126621246338,0.12193146347999573,37372.98503935633,96.19935414491775,57503907840.0,0.0003
fresh_through_step16000,13720,2.611802577972412,3.082563877105713,0.09548742324113846,37398.09482853024,96.26398760940288,57545850880.0,0.0003
fresh_through_step16000,13730,2.563870906829834,3.017703056335449,0.11591999232769012,37412.98893179731,96.30232554557122,57587793920.0,0.0003
fresh_through_step16000,13740,2.5773510932922363,3.099073886871338,0.07905843108892441,37363.398986980865,96.17467931505472,57629736960.0,0.0003
fresh_through_step16000,13750,2.6163647174835205,3.0642480850219727,0.093564473092556,37377.75673588622,96.21163665657336,57671680000.0,0.0003
fresh_through_step16000,13760,2.5784072875976562,2.927919864654541,0.0830574780702591,37362.06961240629,96.17125745899061,57713623040.0,0.0003
fresh_through_step16000,13770,2.54441237449646,2.997737407684326,0.1236136183142662,37375.955454656694,96.20700009648239,57755566080.0,0.0003
fresh_through_step16000,13780,2.614266872406006,3.1442224979400635,0.08476252108812332,37365.05064877213,96.17893074954459,57797509120.0,0.0003
fresh_through_step16000,13790,2.556151866912842,2.923046588897705,0.08251737803220749,37399.5511057943,96.26773611737224,57839452160.0,0.0003
fresh_through_step16000,13800,2.612095832824707,3.0739848613739014,0.08002429455518723,37371.36538784649,96.19518510599771,57881395200.0,0.0003
fresh_through_step16000,13810,2.573276996612549,2.9285213947296143,0.09877285361289978,37372.762612016995,96.1987816092649,57923338240.0,0.0003
fresh_through_step16000,13820,2.545586585998535,2.894554615020752,0.12228203564882278,37359.883665973284,96.1656307573817,57965281280.0,0.0003
fresh_through_step16000,13830,2.607034683227539,2.9629669189453125,0.10820584744215012,37374.601398350525,96.20351470878877,58007224320.0,0.0003
fresh_through_step16000,13840,2.570613384246826,3.03977108001709,0.08014004677534103,37374.312163154704,96.20277020740618,58049167360.0,0.0003
fresh_through_step16000,13850,2.565195322036743,2.9346909523010254,0.08691666275262833,37359.24620394364,96.16398990810303,58091110400.0,0.0003
fresh_through_step16000,13860,2.579498291015625,2.944639205932617,0.08322709798812866,37341.73543978014,96.11891659642244,58133053440.0,0.0003
fresh_through_step16000,13870,2.5541210174560547,3.092418670654297,0.09407023340463638,37395.59943824913,96.2575643886425,58174996480.0,0.0003
fresh_through_step16000,13880,2.5810153484344482,2.984914779663086,0.13576540350914001,37359.14158523502,96.1637206159341,58216939520.0,0.0003
fresh_through_step16000,13890,2.5919108390808105,3.083630084991455,0.125894233584404,37392.93742816908,96.25071228276553,58258882560.0,0.0003
fresh_through_step16000,13900,2.5852277278900146,2.9267635345458984,0.11155052483081818,37386.91755098283,96.23521691099528,58300825600.0,0.0003
fresh_through_step16000,13910,2.542703866958618,2.9490432739257812,0.11002536118030548,37374.373657559474,96.20292849612773,58342768640.0,0.0003
fresh_through_step16000,13920,2.5564141273498535,2.9449782371520996,0.09217561781406403,37337.70412562436,96.10853985456646,58384711680.0,0.0003
fresh_through_step16000,13930,2.542391300201416,2.988560199737549,0.09637133032083511,37408.371602325715,96.29044038005466,58426654720.0,0.0003
fresh_through_step16000,13940,2.569300413131714,2.921534538269043,0.10121861100196838,37398.28865888025,96.26448653541763,58468597760.0,0.0003
fresh_through_step16000,13950,2.6437153816223145,3.0818068981170654,0.1173388808965683,37365.3733956631,96.1797615111878,58510540800.0,0.0003
fresh_through_step16000,13960,2.5956716537475586,2.988851547241211,0.08905579149723053,37357.076640604755,96.15840537714418,58552483840.0,0.0003
fresh_through_step16000,13970,2.5742554664611816,2.886810779571533,0.14689044654369354,37389.64753135368,96.24224397474808,58594426880.0,0.0003
fresh_through_step16000,13980,2.5520706176757812,3.162151336669922,0.09992482513189316,37364.75155947431,96.17816088336313,58636369920.0,0.0003
fresh_through_step16000,13990,2.606947660446167,3.9781932830810547,0.09151940047740936,37343.3596841199,96.12309745744531,58678312960.0,0.0003
fresh_through_step16000,14000,2.5435776710510254,3.0850813388824463,0.12182208895683289,37386.84173907624,96.23502176852959,58720256000.0,0.0003
fresh_through_step16000,14010,2.5615878105163574,3.0688421726226807,0.09059649705886841,34060.53988363842,87.67300592079384,58762199040.0,0.0003
fresh_through_step16000,14020,2.6424596309661865,3.86550235748291,0.08823517709970474,37379.8913208029,96.21713115186549,58804142080.0,0.0003
fresh_through_step16000,14030,2.606578826904297,3.119316577911377,0.10857933759689331,37383.88645388639,96.22741476239192,58846085120.0,0.0003
fresh_through_step16000,14040,2.593364715576172,2.974703311920166,0.11104661226272583,37379.94844905617,96.21727820196232,58888028160.0,0.0003
fresh_through_step16000,14050,2.5361154079437256,2.947676658630371,0.0948755219578743,37381.13620725479,96.22033553258407,58929971200.0,0.0003
fresh_through_step16000,14060,2.5594630241394043,2.9277005195617676,0.08575021475553513,37396.035885340214,96.25868781852739,58971914240.0,0.0003
fresh_through_step16000,14070,2.589493751525879,2.958423137664795,0.09037154167890549,37377.30022286078,96.21046157628047,59013857280.0,0.0003
fresh_through_step16000,14080,2.5845205783843994,2.8998279571533203,0.11020191013813019,37337.870617506924,96.10896841042188,59055800320.0,0.0003
fresh_through_step16000,14090,2.5899734497070312,3.014249324798584,0.11988093703985214,37376.4510357569,96.20827573934892,59097743360.0,0.0003
fresh_through_step16000,14100,2.5671660900115967,3.022623062133789,0.08721372485160828,37412.69793056612,96.30157649835262,59139686400.0,0.0003
fresh_through_step16000,14110,2.5972535610198975,2.950007915496826,0.11053464561700821,37380.40395972112,96.21845070214468,59181629440.0,0.0003
fresh_through_step16000,14120,2.5460548400878906,2.942944049835205,0.10810335725545883,37366.41353858867,96.18243887499894,59223572480.0,0.0003
fresh_through_step16000,14130,2.6118600368499756,3.2226295471191406,0.11990401148796082,37369.995290270956,96.19165842752278,59265515520.0,0.0003
fresh_through_step16000,14140,2.579141616821289,3.089200258255005,0.09700007736682892,37373.944924069954,96.20182492131966,59307458560.0,0.0003
fresh_through_step16000,14150,2.5825884342193604,3.0520598888397217,0.12155690044164658,37376.606480513896,96.2086758595216,59349401600.0,0.0003
fresh_through_step16000,14160,2.616929292678833,2.975067138671875,0.12123394012451172,37362.248851615506,96.17171882690506,59391344640.0,0.0003
fresh_through_step16000,14170,2.5759754180908203,2.904036045074463,0.09072182327508926,37375.9073157922,96.20687618538274,59433287680.0,0.0003
fresh_through_step16000,14180,2.564953327178955,3.232060432434082,0.0854400172829628,37405.98202251789,96.28428951910662,59475230720.0,0.0003
fresh_through_step16000,14190,2.5755720138549805,3.2431581020355225,0.1650092601776123,37374.01719988859,96.20201096177283,59517173760.0,0.0003
fresh_through_step16000,14200,2.580286979675293,2.9974052906036377,0.09963429719209671,37378.93657764604,96.21467361000825,59559116800.0,0.0003
fresh_through_step16000,14210,2.580070972442627,2.9491353034973145,0.1094372496008873,37406.407201791124,96.28538394523922,59601059840.0,0.0003
fresh_through_step16000,14220,2.5720043182373047,2.9809012413024902,0.08646377176046371,37385.46591487984,96.23148034953479,59643002880.0,0.0003
fresh_through_step16000,14230,2.5823287963867188,3.045599937438965,0.07651948928833008,37408.360094150514,96.29041075761427,59684945920.0,0.0003
fresh_through_step16000,14240,2.5969150066375732,3.0552189350128174,0.15514704585075378,37386.63542889171,96.2344907189898,59726888960.0,0.0003
fresh_through_step16000,14250,2.5975444316864014,2.9660959243774414,0.07397598028182983,37373.414756563965,96.20046025185022,59768832000.0,0.0003
fresh_through_step16000,14260,2.584552764892578,3.031878709793091,0.1227351576089859,37369.16186314918,96.18951315732944,59810775040.0,0.0003
fresh_through_step16000,14270,2.534440755844116,2.891845226287842,0.10748329013586044,37397.77512608429,96.26316468426629,59852718080.0,0.0003
fresh_through_step16000,14280,2.6132218837738037,3.501408815383911,0.10977063328027725,37410.55401385135,96.29605798268992,59894661120.0,0.0003
fresh_through_step16000,14290,2.5282654762268066,2.9650521278381348,0.8047433495521545,37393.5109688596,96.25218859630981,59936604160.0,0.0003
fresh_through_step16000,14300,2.5943856239318848,2.9174797534942627,0.08108556270599365,37364.827577810735,96.17835655718633,59978547200.0,0.0003
fresh_through_step16000,14310,2.587421417236328,3.0113253593444824,0.06298719346523285,37371.13523676224,96.19459268915872,60020490240.0,0.0003
fresh_through_step16000,14320,2.5954720973968506,2.984724998474121,0.0761658102273941,37393.58141725248,96.25236993290596,60062433280.0,0.0003
fresh_through_step16000,14330,2.5781400203704834,2.976893424987793,0.06703490763902664,37388.05862945233,96.23815408638224,60104376320.0,0.0003
fresh_through_step16000,14340,2.553961753845215,2.8785183429718018,0.09312387555837631,37386.36905627366,96.23380506667193,60146319360.0,0.0003
fresh_through_step16000,14350,2.6007041931152344,2.9978060722351074,0.09071756154298782,37387.8201983593,96.2375403565147,60188262400.0,0.0003
fresh_through_step16000,14360,2.5316731929779053,3.0404868125915527,0.07195726782083511,37360.85332926066,96.16812670417015,60230205440.0,0.0003
fresh_through_step16000,14370,2.53071665763855,3.00974702835083,0.09941031783819199,37394.79798444103,96.25550141886272,60272148480.0,0.0003
fresh_through_step16000,14380,2.575383424758911,3.1324219703674316,0.09014710038900375,37356.9624858744,96.15811153892598,60314091520.0,0.0003
fresh_through_step16000,14390,2.5685606002807617,3.112752914428711,0.10216064006090164,37357.01706420737,96.15825202543988,60356034560.0,0.0003
fresh_through_step16000,14400,2.577064275741577,2.9707629680633545,0.08464179933071136,37382.366200329525,96.2235015772355,60397977600.0,0.0003
fresh_through_step16000,14410,2.5447287559509277,2.9051694869995117,0.11557027697563171,37379.81795636133,96.2169423092593,60439920640.0,0.0003
fresh_through_step16000,14420,2.5721116065979004,3.075923442840576,0.10127038508653641,37358.55492270581,96.16221052632388,60481863680.0,0.0003
fresh_through_step16000,14430,2.609572410583496,3.024022340774536,0.09746891260147095,37360.53470506154,96.16730655447812,60523806720.0,0.0003
fresh_through_step16000,14440,2.614905595779419,2.93148136138916,0.10255294293165207,37368.31664448985,96.1873375353112,60565749760.0,0.0003
fresh_through_step16000,14450,2.5508761405944824,3.015956401824951,0.13315145671367645,37368.84684956133,96.1887023014755,60607692800.0,0.0003
fresh_through_step16000,14460,2.5989370346069336,3.0696897506713867,0.07462847232818604,37389.636865490735,96.24221652044851,60649635840.0,0.0003
fresh_through_step16000,14470,2.5836257934570312,2.935135841369629,0.11848220229148865,37379.05949471633,96.21499000279206,60691578880.0,0.0003
fresh_through_step16000,14480,2.5423920154571533,2.8907718658447266,0.09438912570476532,37317.133932973564,96.05559146830404,60733521920.0,0.0003
fresh_through_step16000,14490,2.5737557411193848,2.999401569366455,0.0751773789525032,37338.52719709649,96.11065846896,60775464960.0,0.0003
fresh_through_step16000,14500,2.5880863666534424,2.997223138809204,0.11021988093852997,37358.88222752744,96.16305302023804,60817408000.0,0.0003
fresh_through_step16000,14510,2.574324369430542,3.1138691902160645,0.1309015154838562,37379.81293536774,96.2169293850484,60859351040.0,0.0003
fresh_through_step16000,14520,2.5587239265441895,2.986377000808716,0.1049434095621109,37398.32870074554,96.26458960456169,60901294080.0,0.0003
fresh_through_step16000,14530,2.593316078186035,3.128490686416626,0.09380064159631729,37372.704023533915,96.19863080048613,60943237120.0,0.0003
fresh_through_step16000,14540,2.558506727218628,2.9756197929382324,0.08077690750360489,37361.17860505587,96.16896397530024,60985180160.0,0.0003
fresh_through_step16000,14550,2.5539674758911133,2.9768476486206055,0.07918508350849152,37377.524753736856,96.21103952650952,61027123200.0,0.0003
fresh_through_step16000,14560,2.60980224609375,3.0418200492858887,0.08488103002309799,37382.96619750414,96.22504599068351,61069066240.0,0.0003
fresh_through_step16000,14570,2.571974277496338,2.9716949462890625,0.07293961942195892,37379.17907514191,96.21529780693713,61111009280.0,0.0003
fresh_through_step16000,14580,2.589392900466919,2.961627960205078,0.1326114535331726,37376.63253498873,96.20874292463961,61152952320.0,0.0003
fresh_through_step16000,14590,2.593189001083374,2.974822521209717,0.10420770943164825,37378.66235414621,96.21396774924955,61194895360.0,0.0003
fresh_through_step16000,14600,2.5964226722717285,3.3361589908599854,0.10071773827075958,37394.05878775918,96.25359870107594,61236838400.0,0.0003
fresh_through_step16000,14610,2.5594735145568848,2.9805827140808105,0.11454471200704575,37375.08390198717,96.20475668981248,61278781440.0,0.0003
fresh_through_step16000,14620,2.5956993103027344,2.949578285217285,0.14474505186080933,37412.71517290377,96.30162088072518,61320724480.0,0.0003
fresh_through_step16000,14630,2.6026315689086914,2.9435086250305176,0.09458755701780319,37392.326852169186,96.24914063905592,61362667520.0,0.0003
fresh_through_step16000,14640,2.558581590652466,2.952561855316162,0.08933667838573456,37389.695039838334,96.24236626322826,61404610560.0,0.0003
fresh_through_step16000,14650,2.5959153175354004,4.050620079040527,0.09398341178894043,37398.41350885883,96.26480790357411,61446553600.0,0.0003
fresh_through_step16000,14660,2.5511937141418457,2.947277069091797,0.10494580119848251,37377.00173254576,96.20969325190141,61488496640.0,0.0003
fresh_through_step16000,14670,2.551867723464966,3.2427759170532227,0.11909542977809906,37389.91205949092,96.24292487930866,61530439680.0,0.0003
fresh_through_step16000,14680,2.5625603199005127,2.9396746158599854,0.11717098206281662,37391.28088091718,96.24644827293127,61572382720.0,0.0003
fresh_through_step16000,14690,2.5685784816741943,2.942084312438965,0.1529615819454193,37395.40589921116,96.25706621247501,61614325760.0,0.0003
fresh_through_step16000,14700,2.5888116359710693,3.2582991123199463,0.10064655542373657,37393.67099680846,96.25260051377666,61656268800.0,0.0003
fresh_through_step16000,14710,2.6005489826202393,3.0043349266052246,0.07615408301353455,37398.180421788646,96.26420792940594,61698211840.0,0.0003
fresh_through_step16000,14720,2.5565271377563477,2.9490292072296143,0.10148167610168457,37372.63673340226,96.19845759336341,61740154880.0,0.0003
fresh_through_step16000,14730,2.580444812774658,3.003460645675659,0.07863614708185196,37369.29914495404,96.1898665254361,61782097920.0,0.0003
fresh_through_step16000,14740,2.516625165939331,2.8991098403930664,0.08023893088102341,36230.744318785684,93.25918708357096,61824040960.0,0.0003
fresh_through_step16000,14750,2.5273821353912354,2.9748995304107666,0.11359283328056335,37323.341746275386,96.07157059412606,61865984000.0,0.0003
fresh_through_step16000,14760,2.575259208679199,3.1361098289489746,0.07594820111989975,37348.562151658865,96.1364887885547,61907927040.0,0.0003
fresh_through_step16000,14770,2.5489163398742676,2.9748809337615967,0.10225305706262589,37353.849848974394,96.1500995040523,61949870080.0,0.0003
fresh_through_step16000,14780,2.5721652507781982,3.00966215133667,0.06423793733119965,37407.08036836463,96.28711669924684,61991813120.0,0.0003
fresh_through_step16000,14790,2.5394487380981445,2.8992972373962402,0.09925902634859085,37359.840200818144,96.16551887657134,62033756160.0,0.0003
fresh_through_step16000,14800,2.5499777793884277,2.8853864669799805,0.10382871329784393,37377.88648939214,96.21197064657855,62075699200.0,0.0003
fresh_through_step16000,14810,2.5377883911132812,2.995656967163086,0.10404505580663681,37385.69345197103,96.23206603786537,62117642240.0,0.0003
fresh_through_step16000,14820,2.5309066772460938,2.978701591491699,0.08749880641698837,37360.857482420506,96.16813739454703,62159585280.0,0.0003
fresh_through_step16000,14830,2.5744097232818604,2.93489670753479,0.13277983665466309,37359.415343627574,96.16442527949062,62201528320.0,0.0003
fresh_through_step16000,14840,2.590404510498047,3.028470277786255,0.09298615157604218,37370.551142435506,96.19308921019037,62243471360.0,0.0003
fresh_through_step16000,14850,2.581700086593628,2.934783458709717,0.11004400253295898,37387.778427805955,96.23743283766787,62285414400.0,0.0003
fresh_through_step16000,14860,2.5412850379943848,2.9427757263183594,0.10181593149900436,37364.37627699292,96.17719489329589,62327357440.0,0.0003
fresh_through_step16000,14870,2.5623528957366943,2.9125490188598633,0.09136483073234558,37364.76591133002,96.17819782553536,62369300480.0,0.0003
fresh_through_step16000,14880,2.5839755535125732,2.914461135864258,0.10716620832681656,37376.7207736954,96.20897005411784,62411243520.0,0.0003
fresh_through_step16000,14890,2.610046863555908,3.112306594848633,0.0991581380367279,37383.710142947224,96.22696093194571,62453186560.0,0.0003
fresh_through_step16000,14900,2.576958417892456,3.1170589923858643,0.09645862877368927,37353.578487584986,96.14940101046467,62495129600.0,0.0003
fresh_through_step16000,14910,2.5299742221832275,2.952406883239746,0.0773465558886528,37372.721526260015,96.19867585310756,62537072640.0,0.0003
fresh_through_step16000,14920,2.5491433143615723,2.850071668624878,0.13003721833229065,37388.00635334546,96.23801952587782,62579015680.0,0.0003
fresh_through_step16000,14930,2.5701425075531006,2.9204959869384766,0.07354077696800232,37375.12866242253,96.20487190471887,62620958720.0,0.0003
fresh_through_step16000,14940,2.549009084701538,2.963118076324463,0.10947486013174057,37367.35682934389,96.18486693797885,62662901760.0,0.0003
fresh_through_step16000,14950,2.5385525226593018,2.94810152053833,0.12216857075691223,37383.65677328274,96.22682355658624,62704844800.0,0.0003
fresh_through_step16000,14960,2.5807480812072754,3.0029053688049316,0.08196036517620087,37375.02913114873,96.20461570778285,62746787840.0,0.0003
fresh_through_step16000,14970,2.5768659114837646,2.9144604206085205,0.16454559564590454,37358.41460412777,96.1618493414582,62788730880.0,0.0003
fresh_through_step16000,14980,2.5739827156066895,2.8972244262695312,0.08317910134792328,37367.91787642619,96.18631109254413,62830673920.0,0.0003
fresh_through_step16000,14990,2.552177906036377,2.9627294540405273,0.10052166134119034,37334.98876414272,96.10155042033934,62872616960.0,0.0003
fresh_through_step16000,15000,2.5535097122192383,3.0362720489501953,0.07707196474075317,37360.22119587316,96.16649957100037,62914560000.0,0.0003
fresh_through_step16000,15010,2.541010618209839,2.995840549468994,0.07974063605070114,34099.01200196295,87.77203448197271,62956503040.0,0.0003
fresh_through_step16000,15020,2.5674033164978027,2.9354782104492188,0.13545389473438263,37367.768700752895,96.18592710920937,62998446080.0,0.0003
fresh_through_step16000,15030,2.5355982780456543,2.9946751594543457,0.1056954562664032,37362.42495918678,96.17217213387526,63040389120.0,0.0003
fresh_through_step16000,15040,2.5846760272979736,2.9787168502807617,0.10733121633529663,37388.080612938946,96.23821067263596,63082332160.0,0.0003
fresh_through_step16000,15050,2.5679712295532227,2.938628673553467,0.0972285121679306,37388.30585031117,96.2387904414105,63124275200.0,0.0003
fresh_through_step16000,15060,2.5563740730285645,3.051605224609375,0.11557618528604507,37345.930002083674,96.12971354464845,63166218240.0,0.0003
fresh_through_step16000,15070,2.529494285583496,3.167823314666748,0.10858640819787979,37363.695779587564,96.17544326947392,63208161280.0,0.0003
fresh_through_step16000,15080,2.564530611038208,3.0890402793884277,0.0887671709060669,37378.0160084024,96.21230403298382,63250104320.0,0.0003
fresh_through_step16000,15090,2.5648181438446045,2.9794130325317383,0.0755142867565155,37402.04177562579,96.27414718753228,63292047360.0,0.0003
fresh_through_step16000,15100,2.521303176879883,2.9326140880584717,0.989612877368927,37368.28985498131,96.18726857819107,63333990400.0,0.0003
fresh_through_step16000,15110,2.566528081893921,2.9994454383850098,0.07541310042142868,37358.71687917472,96.16262740786792,63375933440.0,0.0003
fresh_through_step16000,15120,2.557481288909912,2.96423077583313,0.06273722648620605,37375.268471219715,96.20523177739103,63417876480.0,0.0003
fresh_through_step16000,15130,2.5878443717956543,4.414884567260742,0.08585651963949203,37373.63000587777,96.20101431101746,63459819520.0,0.0003
fresh_through_step16000,15140,2.486391067504883,2.9382972717285156,0.07633756101131439,37375.1439314343,96.20491120768247,63501762560.0,0.0003
fresh_through_step16000,15150,2.56257700920105,2.994983196258545,0.07347068935632706,37362.60737548888,96.17264167973651,63543705600.0,0.0003
fresh_through_step16000,15160,2.548086404800415,2.9034533500671387,0.09616675972938538,37371.25657567272,96.19490501970466,63585648640.0,0.0003
fresh_through_step16000,15170,2.5806944370269775,3.3227994441986084,0.10327858477830887,37360.97321052889,96.16843528269462,63627591680.0,0.0003
fresh_through_step16000,15180,2.5279250144958496,3.0164809226989746,0.097194142639637,37345.39203692711,96.12832880375713,63669534720.0,0.0003
fresh_through_step16000,15190,2.590233564376831,2.991915225982666,0.08046026527881622,37398.06389114418,96.26390797550276,63711477760.0,0.0003
fresh_through_step16000,15200,2.5913121700286865,2.9240448474884033,0.11916042864322662,37357.0209227541,96.1582619574724,63753420800.0,0.0003
fresh_through_step16000,15210,2.5579586029052734,3.0354676246643066,0.09651859104633331,37373.2235602758,96.19996810600163,63795363840.0,0.0003
fresh_through_step16000,15220,2.53165864944458,2.903621196746826,0.09040163457393646,37410.764136425205,96.29659884545148,63837306880.0,0.0003
fresh_through_step16000,15230,2.55800461769104,3.108022928237915,0.1281517744064331,37362.36208012872,96.17201028100834,63879249920.0,0.0003
fresh_through_step16000,15240,2.552429676055908,2.885986804962158,0.09371161460876465,37345.9644998156,96.12980234300177,63921192960.0,0.0003
fresh_through_step16000,15250,2.5967302322387695,3.0554590225219727,0.06486169248819351,37383.7884285451,96.22716244177819,63963136000.0,0.0003
fresh_through_step16000,15260,2.553341865539551,3.1076560020446777,0.08663511276245117,37389.4545978842,96.2417473573348,64005079040.0,0.0003
fresh_through_step16000,15270,2.547423839569092,2.8844242095947266,0.09160908311605453,37375.87804159864,96.20680083259755,64047022080.0,0.0003
fresh_through_step16000,15280,2.558612823486328,3.0469260215759277,0.12239857763051987,37374.84256505195,96.20413548020679,64088965120.0,0.0003
fresh_through_step16000,15290,2.5157623291015625,3.0450222492218018,0.12128183990716934,37428.98093026124,96.34348950189147,64130908160.0,0.0003
fresh_through_step16000,15300,2.539673328399658,2.918887138366699,0.08113028854131699,37407.35581708705,96.28782571377081,64172851200.0,0.0003
fresh_through_step16000,15310,2.605410575866699,3.1262097358703613,0.12723350524902344,37399.1382229005,96.26667334254493,64214794240.0,0.0003
fresh_through_step16000,15320,2.5695712566375732,2.9774017333984375,0.07526804506778717,37362.06728115448,96.17125145826795,64256737280.0,0.0003
fresh_through_step16000,15330,2.565433979034424,3.0231943130493164,0.09345372021198273,37400.53544261138,96.27026983433286,64298680320.0,0.0003
fresh_through_step16000,15340,2.547717571258545,3.085282802581787,0.07882808148860931,37391.8617385601,96.24794342056373,64340623360.0,0.0003
fresh_through_step16000,15350,2.5744662284851074,2.950500011444092,0.1564531922340393,37380.72288121635,96.21927161708716,64382566400.0,0.0003
fresh_through_step16000,15360,2.5702431201934814,2.8934121131896973,0.08525311201810837,37388.225527998555,96.23858368900396,64424509440.0,0.0003
fresh_through_step16000,15370,2.5368034839630127,2.881819725036621,0.09268326312303543,37403.44962323454,96.27777103589638,64466452480.0,0.0003
fresh_through_step16000,15380,2.557823419570923,2.960233211517334,0.07044389098882675,37389.13826938799,96.24093311686134,64508395520.0,0.0003
fresh_through_step16000,15390,2.5393166542053223,2.939676284790039,0.11983063071966171,37366.668772883946,96.18309585688934,64550338560.0,0.0003
fresh_through_step16000,15400,2.5717177391052246,3.0815160274505615,0.11004497855901718,37421.76907259624,96.32492593120458,64592281600.0,0.0003
fresh_through_step16000,15410,2.539320707321167,2.945675849914551,0.07904660701751709,37365.46323532592,96.17999276158248,64634224640.0,0.0003
fresh_through_step16000,15420,2.5529935359954834,2.989384651184082,0.07161888480186462,37376.63141479768,96.20874004122915,64676167680.0,0.0003
fresh_through_step16000,15430,2.550966739654541,3.184034585952759,0.11407864838838577,37372.28261384946,96.19754607740519,64718110720.0,0.0003
fresh_through_step16000,15440,2.577432632446289,3.144392728805542,0.1000509113073349,37420.370713693614,96.32132650709774,64760053760.0,0.0003
fresh_through_step16000,15450,2.531222343444824,3.0002689361572266,0.09492967277765274,37376.98893149612,96.20966030155756,64801996800.0,0.0003
fresh_through_step16000,15460,2.539726495742798,2.845222234725952,0.10442734509706497,37382.41705626951,96.2236324821813,64843939840.0,0.0003
fresh_through_step16000,15470,2.5285305976867676,2.964993476867676,0.08563800901174545,37407.813281344905,96.28900324256877,64885882880.0,0.0003
fresh_through_step16000,15480,2.5324652194976807,3.049818515777588,0.09670131653547287,37382.82565812888,96.22468423747814,64927825920.0,0.0003
fresh_through_step16000,15490,2.5613982677459717,3.1426236629486084,0.08878502994775772,37389.15658202859,96.24098025423065,64969768960.0,0.0003
fresh_through_step16000,15500,2.5465121269226074,2.8826887607574463,0.09995683282613754,37401.21967849798,96.27203108113467,65011712000.0,0.0003
fresh_through_step16000,15510,2.52341890335083,3.1238834857940674,0.09784296154975891,37409.314323047845,96.29286697574972,65053655040.0,0.0003
fresh_through_step16000,15520,2.5502896308898926,2.9116506576538086,0.09870080649852753,37367.18323622619,96.18442010329898,65095598080.0,0.0003
fresh_through_step16000,15530,2.5785112380981445,3.0563204288482666,0.09447050094604492,37422.30632902576,96.326308847808,65137541120.0,0.0003
fresh_through_step16000,15540,2.566852331161499,2.9488606452941895,0.0882035344839096,37398.22147186468,96.26431359371928,65179484160.0,0.0003
fresh_through_step16000,15550,2.5600333213806152,2.9504318237304688,0.1004205271601677,37435.275163842525,96.35969107649728,65221427200.0,0.0003
fresh_through_step16000,15560,2.5676238536834717,2.9273130893707275,0.10428868234157562,37420.39940704375,96.32140036477189,65263370240.0,0.0003
fresh_through_step16000,15570,2.573496103286743,3.016780376434326,0.14343272149562836,37433.31842762078,96.3546543698878,65305313280.0,0.0003
fresh_through_step16000,15580,2.555997610092163,3.0225415229797363,0.09902524203062057,37408.44195173306,96.29062146185863,65347256320.0,0.0003
fresh_through_step16000,15590,2.5610527992248535,2.9506375789642334,0.0952126532793045,37440.94298149198,96.37428023486166,65389199360.0,0.0003
fresh_through_step16000,15600,2.5555548667907715,2.9734983444213867,0.0798407644033432,37399.65251678701,96.26799715276965,65431142400.0,0.0003
fresh_through_step16000,15610,2.5551867485046387,2.9722249507904053,0.0795324295759201,37396.25290606852,96.25924643737673,65473085440.0,0.0003
fresh_through_step16000,15620,2.5402369499206543,2.9293346405029297,0.11486614495515823,37401.75505051429,96.27340914719342,65515028480.0,0.0003
fresh_through_step16000,15630,2.530240058898926,2.8855042457580566,0.10563182830810547,37407.103741825355,96.28717686334193,65556971520.0,0.0003
fresh_through_step16000,15640,2.532142400741577,2.9322710037231445,0.08330448716878891,37438.47681364215,96.36793223364857,65598914560.0,0.0003
fresh_through_step16000,15650,2.551046133041382,3.086979389190674,0.11662352085113525,37402.398664447755,96.27506583168497,65640857600.0,0.0003
fresh_through_step16000,15660,2.5604946613311768,3.11907958984375,0.0818069577217102,37405.028011577604,96.28183386200011,65682800640.0,0.0003
fresh_through_step16000,15670,2.574580669403076,3.015739917755127,0.0783386379480362,37416.04032395608,96.3101799343659,65724743680.0,0.0003
fresh_through_step16000,15680,2.5561540126800537,2.9351613521575928,0.08892061561346054,37371.77970886991,96.19625158262032,65766686720.0,0.0003
fresh_through_step16000,15690,2.5461597442626953,2.969533920288086,0.0997362807393074,37385.96480446121,96.23276450854611,65808629760.0,0.0003
fresh_through_step16000,15700,2.550391912460327,2.92470121383667,0.08606335520744324,37406.40242991183,96.28537166225713,65850572800.0,0.0003
fresh_through_step16000,15710,2.5744948387145996,3.001922369003296,0.10764399915933609,37404.85433296408,96.28138680725102,65892515840.0,0.0003
fresh_through_step16000,15720,2.558598041534424,3.2974281311035156,0.09390740096569061,37428.59048023023,96.3424844700277,65934458880.0,0.0003
fresh_through_step16000,15730,2.58730411529541,3.101001024246216,0.11678583174943924,37421.36235178629,96.3238790177939,65976401920.0,0.0003
fresh_through_step16000,15740,2.568195343017578,3.13038969039917,0.15802927315235138,37412.86979608643,96.30201888613716,66018344960.0,0.0003
fresh_through_step16000,15750,2.5522360801696777,2.901313304901123,0.08688386529684067,37408.44824881009,96.29063767075239,66060288000.0,0.0003
fresh_through_step16000,15760,2.582761526107788,3.103738307952881,0.06811165064573288,37397.55809936451,96.26260604999469,66102231040.0,0.0003
fresh_through_step16000,15770,2.5564792156219482,2.891042709350586,0.1015300527215004,37406.01791964044,96.28438191953974,66144174080.0,0.0003
fresh_through_step16000,15780,2.558845043182373,2.904529571533203,0.11299844086170197,37411.69825696244,96.2990033039736,66186117120.0,0.0003
fresh_through_step16000,15790,2.5329976081848145,2.919868230819702,0.09171296656131744,37401.73411809612,96.27335526642615,66228060160.0,0.0003
fresh_through_step16000,15800,2.5825841426849365,2.984163999557495,0.08840768039226532,37419.39643510235,96.31881868035771,66270003200.0,0.0003
fresh_through_step16000,15810,2.523918867111206,2.919060707092285,0.10686613619327545,37403.590474537436,96.27813359201424,66311946240.0,0.0003
fresh_through_step16000,15820,2.5221340656280518,2.982086181640625,0.09614544361829758,37407.74701785288,96.28883267805193,66353889280.0,0.0003
fresh_through_step16000,15830,2.5333168506622314,3.1081430912017822,0.08499763906002045,37388.06882709323,96.23818033546208,66395832320.0,0.0003
fresh_through_step16000,15840,2.553884983062744,2.9993338584899902,0.13323086500167847,37389.70490150831,96.24239164750735,66437775360.0,0.0003
fresh_through_step16000,15850,2.5655860900878906,2.961688280105591,0.07313786447048187,37372.91313398806,96.19916905801661,66479718400.0,0.0003
fresh_through_step16000,15860,2.5423545837402344,2.9654839038848877,0.1472509503364563,37381.44118377576,96.22112055268121,66521661440.0,0.0003
fresh_through_step16000,15870,2.5168895721435547,2.8822546005249023,0.10962315648794174,37407.08528557818,96.28712935632431,66563604480.0,0.0003
fresh_through_step16000,15880,2.5522847175598145,3.198673725128174,0.10723709315061569,37380.37428407918,96.21837431601749,66605547520.0,0.0003
fresh_through_step16000,15890,2.5668795108795166,2.947504997253418,0.10209551453590393,37375.11815409707,96.20484485592624,66647490560.0,0.0003
fresh_through_step16000,15900,2.5737292766571045,3.088735342025757,0.10667401552200317,37380.640602182415,96.21905982801235,66689433600.0,0.0003
fresh_through_step16000,15910,2.5257129669189453,2.9507460594177246,0.08262322098016739,37416.33730090394,96.31094436328563,66731376640.0,0.0003
fresh_through_step16000,15920,2.543043613433838,2.931124687194824,0.15949271619319916,37408.558697578985,96.29092196969779,66773319680.0,0.0003
fresh_through_step16000,15930,2.5640530586242676,3.103126287460327,0.10403310507535934,37418.458774780454,96.3164051103076,66815262720.0,0.0003
fresh_through_step16000,15940,2.512009620666504,2.910482883453369,0.09610684216022491,37404.955425639,96.28164702328742,66857205760.0,0.0003
fresh_through_step16000,15950,2.548204183578491,2.988159656524658,0.12706677615642548,37386.45502155949,96.23402634428643,66899148800.0,0.0003
fresh_through_step16000,15960,2.558974027633667,3.058340072631836,0.10065875202417374,37354.73181528216,96.15236971578668,66941091840.0,0.0003
fresh_through_step16000,15970,2.5865402221679688,3.0658767223358154,0.08773452043533325,37396.85476613303,96.26079564596766,66983034880.0,0.0003
fresh_through_step16000,15980,2.563413381576538,2.9741625785827637,0.1395030915737152,37389.95472124806,96.24303469214485,67024977920.0,0.0003
fresh_through_step16000,15990,2.5709798336029053,2.930734157562256,0.1546146720647812,37385.965465639485,96.23276621044181,67066920960.0,0.0003
fresh_through_step16000,16000,2.546780824661255,2.873859167098999,0.0708862766623497,37405.769478137365,96.28374242253105,67108864000.0,0.0003
resume_step16000_to35000,16010,2.5481295585632324,2.97062611579895,0.11177098751068115,11269.796523214645,29.00884544641555,67150807040.0,0.0003
resume_step16000_to35000,16020,2.5483908653259277,2.9140326976776123,0.12011191248893738,37188.938124997745,95.72561103140899,67192750080.0,0.0003
resume_step16000_to35000,16030,2.5697829723358154,3.005157709121704,0.10566376149654388,37129.405733596104,95.57237260002574,67234693120.0,0.0003
resume_step16000_to35000,16040,2.5733816623687744,2.9842872619628906,0.10778458416461945,37155.30220384658,95.63903100876952,67276636160.0,0.0003
resume_step16000_to35000,16050,2.580838680267334,3.0209999084472656,0.11226862668991089,37170.00560610697,95.67687807396095,67318579200.0,0.0003
resume_step16000_to35000,16060,2.573192596435547,3.1637234687805176,0.10280588269233704,37154.59653944258,95.63721460422393,67360522240.0,0.0003
resume_step16000_to35000,16070,2.585688352584839,3.002263069152832,0.11246755719184875,37275.03739302485,95.94723352069731,67402465280.0,0.0003
resume_step16000_to35000,16080,2.5898327827453613,3.4010467529296875,0.12502296268939972,37129.60458998088,95.57288446322754,67444408320.0,0.0003
resume_step16000_to35000,16090,2.5845694541931152,3.2823996543884277,0.07557763904333115,37127.15434919685,95.56657745883184,67486351360.0,0.0003
resume_step16000_to35000,16100,2.553072452545166,3.1114563941955566,0.0796007290482521,37132.908511293754,95.58138887078582,67528294400.0,0.0003
resume_step16000_to35000,16110,2.562959671020508,3.0155982971191406,0.11403215676546097,37137.80110656027,95.59398257996467,67570237440.0,0.0003
resume_step16000_to35000,16120,2.542546510696411,3.087315082550049,0.12966571748256683,37112.1593521054,95.52797981847523,67612180480.0,0.0003
resume_step16000_to35000,16130,2.541046380996704,2.905107021331787,0.0770377442240715,37125.19639127737,95.56153760753021,67654123520.0,0.0003
resume_step16000_to35000,16140,2.5527467727661133,2.9656081199645996,0.06393776088953018,37126.51919388833,95.56494254713301,67696066560.0,0.0003
resume_step16000_to35000,16150,2.5297799110412598,2.8710978031158447,0.12589368224143982,37200.96219147448,95.75656139376402,67738009600.0,0.0003
resume_step16000_to35000,16160,2.5185179710388184,2.9286110401153564,0.11363646388053894,37158.222440767124,95.64654779945164,67779952640.0,0.0003
resume_step16000_to35000,16170,2.5401763916015625,2.864569664001465,0.10000473260879517,37095.46500136112,95.48500798313006,67821895680.0,0.0003
resume_step16000_to35000,16180,2.574962854385376,3.714089870452881,0.11383850127458572,37107.065550758336,95.51486819789652,67863838720.0,0.0003
resume_step16000_to35000,16190,2.5033183097839355,2.905059814453125,0.08214986324310303,37222.591243752926,95.81223532127508,67905781760.0,0.0003
resume_step16000_to35000,16200,2.5422048568725586,3.0206713676452637,0.0845799595117569,37203.577723500865,95.76329386352576,67947724800.0,0.0003
resume_step16000_to35000,16210,2.5456485748291016,2.8842039108276367,0.08601575344800949,37233.846291999995,95.84120620414937,67989667840.0,0.0003
resume_step16000_to35000,16220,2.5402145385742188,2.9024600982666016,0.12611988186836243,37177.56635718737,95.69633970834789,68031610880.0,0.0003
resume_step16000_to35000,16230,2.5236194133758545,2.995151996612549,0.10014346241950989,37251.61690676576,95.88694838025398,68073553920.0,0.0003
resume_step16000_to35000,16240,2.542001247406006,2.9559216499328613,0.16998830437660217,37185.71846363363,95.71732351186867,68115496960.0,0.0003
resume_step16000_to35000,16250,2.568718433380127,3.0601067543029785,0.10691621154546738,37206.819842256096,95.77163918916635,68157440000.0,0.0003
resume_step16000_to35000,16260,2.5646932125091553,3.043839931488037,0.10496735572814941,37116.20868474274,95.53840294052502,68199383040.0,0.0003
resume_step16000_to35000,16270,2.5304455757141113,3.005695343017578,0.08006741851568222,37088.9523308776,95.4682441443943,68241326080.0,0.0003
resume_step16000_to35000,16280,2.524909019470215,2.900413990020752,0.11167299002408981,37114.482993408164,95.5339609514341,68283269120.0,0.0003
resume_step16000_to35000,16290,2.5366158485412598,2.960294723510742,0.12386070936918259,37140.246586872774,95.60027733074224,68325212160.0,0.0003
resume_step16000_to35000,16300,2.5356717109680176,2.9494001865386963,0.10963056236505508,37134.141098734224,95.58456159342425,68367155200.0,0.0003
resume_step16000_to35000,16310,2.56234073638916,2.999783515930176,0.10993531346321106,37200.17374320692,95.75453190069473,68409098240.0,0.0003
resume_step16000_to35000,16320,2.5519814491271973,3.0023953914642334,0.149156391620636,37151.05393297364,95.6280958128311,68451041280.0,0.0003
resume_step16000_to35000,16330,2.528649091720581,3.0682482719421387,0.06837958097457886,37214.51084107807,95.79143608573814,68492984320.0,0.0003
resume_step16000_to35000,16340,2.5503687858581543,2.931670665740967,0.0942407175898552,37137.62737841551,95.59353539772046,68534927360.0,0.0003
resume_step16000_to35000,16350,2.54144287109375,2.905545234680176,0.14767329394817352,37097.23145730126,95.4895549017235,68576870400.0,0.0003
resume_step16000_to35000,16360,2.5154619216918945,2.870267868041992,0.11521807312965393,37137.80115072116,95.59398269363633,68618813440.0,0.0003
resume_step16000_to35000,16370,2.5456299781799316,3.1205835342407227,0.13246336579322815,37222.78616618736,95.81273705835284,68660756480.0,0.0003
resume_step16000_to35000,16380,2.57649564743042,3.2475855350494385,0.07734565436840057,37121.28745858071,95.55147587977636,68702699520.0,0.0003
resume_step16000_to35000,16390,2.5428037643432617,2.9533960819244385,0.08131608366966248,37175.65131554326,95.69141032502114,68744642560.0,0.0003
resume_step16000_to35000,16400,2.552626132965088,2.970048189163208,0.09977298974990845,37120.52550162992,95.5495145762713,68786585600.0,0.0003
resume_step16000_to35000,16410,2.563371181488037,3.0129470825195312,0.08640699088573456,37123.4778877231,95.55711412003402,68828528640.0,0.0003
resume_step16000_to35000,16420,2.5275840759277344,3.089707374572754,0.118016816675663,37130.3024421922,95.57468075891938,68870471680.0,0.0003
resume_step16000_to35000,16430,2.560481548309326,2.9814400672912598,0.0862475261092186,37081.0298045568,95.44785128804489,68912414720.0,0.0003
resume_step16000_to35000,16440,2.5892810821533203,3.6026086807250977,0.07628607749938965,37103.65147703115,95.50608025421975,68954357760.0,0.0003
resume_step16000_to35000,16450,2.5531840324401855,2.9085211753845215,0.08523399382829666,37097.896554216444,95.4912668841519,68996300800.0,0.0003
resume_step16000_to35000,16460,2.5409843921661377,2.9824585914611816,0.10047215968370438,37109.851926739066,95.52204042589673,69038243840.0,0.0003
resume_step16000_to35000,16470,2.535085678100586,2.8851819038391113,0.0702500268816948,37105.16467471391,95.50997527731253,69080186880.0,0.0003
resume_step16000_to35000,16480,2.5187320709228516,3.0038633346557617,0.1793690025806427,37136.198051452244,95.58985626075606,69122129920.0,0.0003
resume_step16000_to35000,16490,2.545139789581299,2.9169628620147705,0.12733390927314758,37250.78502597747,95.8848070903764,69164072960.0,0.0003
resume_step16000_to35000,16500,2.55757999420166,3.5672733783721924,0.10092855989933014,37143.49074325735,95.60862790131115,69206016000.0,0.0003
resume_step16000_to35000,16510,2.5569193363189697,2.9913671016693115,0.09894178062677383,37120.49158845144,95.54942728257872,69247959040.0,0.0003
resume_step16000_to35000,16520,2.537075996398926,2.952505588531494,0.11948230862617493,37164.926760879316,95.66380495095008,69289902080.0,0.0003
resume_step16000_to35000,16530,2.552234649658203,2.9868879318237305,0.08415812253952026,37236.56927425032,95.84821525449827,69331845120.0,0.0003
resume_step16000_to35000,16540,2.535003662109375,3.011636257171631,0.0789097473025322,37131.371532476485,95.57743263423153,69373788160.0,0.0003
resume_step16000_to35000,16550,2.562241792678833,3.0470852851867676,0.10055133700370789,37181.5702717061,95.70664592259189,69415731200.0,0.0003
resume_step16000_to35000,16560,2.5343017578125,2.930765151977539,0.07056091725826263,37210.1111344385,95.78011108890665,69457674240.0,0.0003
resume_step16000_to35000,16570,2.548797369003296,2.991745948791504,0.10044757276773453,37218.23020404459,95.80100985445992,69499617280.0,0.0003
resume_step16000_to35000,16580,2.5840790271759033,2.975112199783325,0.09518039971590042,37209.46161633547,95.77843920687874,69541560320.0,0.0003
resume_step16000_to35000,16590,2.547062873840332,3.015885353088379,0.09686607122421265,37259.93061550827,95.90834815366614,69583503360.0,0.0003
resume_step16000_to35000,16600,2.5463345050811768,2.9883689880371094,0.1207319051027298,37140.88301177105,95.60191551040897,69625446400.0,0.0003
resume_step16000_to35000,16610,2.5599372386932373,2.9883270263671875,0.08668166399002075,37133.849832204105,95.58381186331701,69667389440.0,0.0003
resume_step16000_to35000,16620,2.533571243286133,3.01886248588562,0.09055477380752563,37265.038827523495,95.92149686780235,69709332480.0,0.0003
resume_step16000_to35000,16630,2.5214266777038574,2.9301838874816895,0.06951187551021576,37166.13812128916,95.66692303447861,69751275520.0,0.0003
resume_step16000_to35000,16640,2.5615570545196533,2.952877998352051,0.09201432764530182,37265.07832400325,95.92159853310523,69793218560.0,0.0003
resume_step16000_to35000,16650,2.569544792175293,3.0530500411987305,0.0872892513871193,37151.64958901651,95.62962905205606,69835161600.0,0.0003
resume_step16000_to35000,16660,2.5552072525024414,2.986182689666748,0.09887582063674927,37114.845940326384,95.53489518933576,69877104640.0,0.0003
resume_step16000_to35000,16670,2.5362210273742676,2.936485528945923,0.08746443688869476,37134.71217029163,95.58603155133461,69919047680.0,0.0003
resume_step16000_to35000,16680,2.4956893920898438,2.8755176067352295,0.10381300747394562,37241.36862241537,95.86056894241771,69960990720.0,0.0003
resume_step16000_to35000,16690,2.55247163772583,3.0114784240722656,0.10839799791574478,37156.71319173687,95.64266294032674,70002933760.0,0.0003
resume_step16000_to35000,16700,2.5260820388793945,2.9829964637756348,0.1359037309885025,37260.863462819645,95.91074933486094,70044876800.0,0.0003
resume_step16000_to35000,16710,2.554080009460449,2.9649696350097656,0.09665291011333466,37163.66643491382,95.66056082839032,70086819840.0,0.0003
resume_step16000_to35000,16720,2.554823875427246,3.1359434127807617,0.06941705197095871,37109.503301252036,95.52114305185356,70128762880.0,0.0003
resume_step16000_to35000,16730,2.5505642890930176,2.8891382217407227,0.10523712635040283,37132.05626087914,95.57919514878662,70170705920.0,0.0003
resume_step16000_to35000,16740,2.5541419982910156,2.9042086601257324,0.1491679549217224,37144.531159237195,95.61130596797341,70212648960.0,0.0003
resume_step16000_to35000,16750,2.5227527618408203,2.9149093627929688,0.11982462555170059,37150.84672820195,95.62756246059307,70254592000.0,0.0003
resume_step16000_to35000,16760,2.5416927337646484,2.9370484352111816,0.08651965111494064,37164.24460266943,95.66204905215992,70296535040.0,0.0003
resume_step16000_to35000,16770,2.5577876567840576,3.0922932624816895,0.1424856334924698,37255.08687562637,95.89588019993448,70338478080.0,0.0003
resume_step16000_to35000,16780,2.5469510555267334,2.9568400382995605,0.0957338735461235,37151.342766258516,95.62883927968105,70380421120.0,0.0003
resume_step16000_to35000,16790,2.514427661895752,2.848419666290283,0.11447899043560028,37267.29424239065,95.92730238355982,70422364160.0,0.0003
resume_step16000_to35000,16800,2.571507692337036,2.9365925788879395,0.11560951918363571,37132.36675941274,95.57999438273501,70464307200.0,0.0003
resume_step16000_to35000,16810,2.576244354248047,2.9699530601501465,0.06666940450668335,37168.31597218894,95.67252889790544,70506250240.0,0.0003
resume_step16000_to35000,16820,2.5449881553649902,2.9265713691711426,0.0945117175579071,37257.31894347571,95.9016256196618,70548193280.0,0.0003
resume_step16000_to35000,16830,2.560370683670044,3.095656156539917,0.07185592502355576,37152.66454526499,95.63224158449056,70590136320.0,0.0003
resume_step16000_to35000,16840,2.554265022277832,3.0669503211975098,0.131513774394989,37199.03766755806,95.75160760274088,70632079360.0,0.0003
resume_step16000_to35000,16850,2.562412738800049,2.91343355178833,0.06845796853303909,37169.884621862555,95.67656665633771,70674022400.0,0.0003
resume_step16000_to35000,16860,2.5293962955474854,2.88055419921875,0.10266359150409698,37223.4784184181,95.81451893950127,70715965440.0,0.0003
resume_step16000_to35000,16870,2.562382221221924,2.880636215209961,0.10281011462211609,37108.67083614644,95.51900025792305,70757908480.0,0.0003
resume_step16000_to35000,16880,2.5846352577209473,3.0304622650146484,0.11436022073030472,37113.8520738119,95.53233694260489,70799851520.0,0.0003
resume_step16000_to35000,16890,2.4935905933380127,2.8895015716552734,0.09627269208431244,37113.43207934009,95.5312558623302,70841794560.0,0.0003
resume_step16000_to35000,16900,2.5509564876556396,2.9405202865600586,0.09324823319911957,37113.64055054598,95.53179247441356,70883737600.0,0.0003
resume_step16000_to35000,16910,2.5755066871643066,2.938788652420044,0.07965084910392761,37118.45498812845,95.54418500301458,70925680640.0,0.0003
resume_step16000_to35000,16920,2.5292835235595703,2.861347198486328,0.09480267018079758,37236.026828081915,95.84681897932775,70967623680.0,0.0003
resume_step16000_to35000,16930,2.5672383308410645,2.9897031784057617,0.11141880601644516,37120.353841082826,95.54907271609487,71009566720.0,0.0003
resume_step16000_to35000,16940,2.5752334594726562,3.0422801971435547,0.09811581671237946,37118.11841317937,95.54331864747223,71051509760.0,0.0003
resume_step16000_to35000,16950,2.5157175064086914,2.9791665077209473,0.10469010472297668,37229.01352707008,95.82876650032313,71093452800.0,0.0003
resume_step16000_to35000,16960,2.5315990447998047,3.0229644775390625,0.08860999345779419,37213.43062719941,95.78865557790994,71135395840.0,0.0003
resume_step16000_to35000,16970,2.5393118858337402,2.8993401527404785,0.10382623970508575,37173.943541300345,95.68701445514293,71177338880.0,0.0003
resume_step16000_to35000,16980,2.53969669342041,2.863309621810913,0.15234719216823578,37222.19906478283,95.81122583906239,71219281920.0,0.0003
resume_step16000_to35000,16990,2.5414090156555176,2.8907699584960938,0.08460715413093567,37141.301513409475,95.60299274807898,71261224960.0,0.0003
resume_step16000_to35000,17000,2.554931879043579,2.983218193054199,0.1037021204829216,37225.94866192942,95.8208774316078,71303168000.0,0.0003
resume_step16000_to35000,17010,2.5421526432037354,2.9414055347442627,0.06162513047456741,32842.26112436358,84.53711432189442,71345111040.0,0.0003
resume_step16000_to35000,17020,2.5153143405914307,3.022306203842163,0.07512249797582626,37237.9140675912,95.85167679899932,71387054080.0,0.0003
resume_step16000_to35000,17030,2.5528106689453125,3.051189422607422,0.07440965622663498,37143.70712360193,95.60918487179066,71428997120.0,0.0003
resume_step16000_to35000,17040,2.533381223678589,2.9093596935272217,0.0861513540148735,37130.5576008875,95.57533754621284,71470940160.0,0.0003
resume_step16000_to35000,17050,2.54331374168396,3.005904197692871,0.10037039965391159,37220.49470806068,95.80683876600064,71512883200.0,0.0003
resume_step16000_to35000,17060,2.52303409576416,2.877875328063965,0.12905900180339813,37131.50211404191,95.5777687556905,71554826240.0,0.0003
resume_step16000_to35000,17070,2.524224281311035,3.086635112762451,0.06911376863718033,37238.426542573696,95.85299592730229,71596769280.0,0.0003
resume_step16000_to35000,17080,2.5358879566192627,3.0741710662841797,0.07242655754089355,37101.3146066846,95.50006506924531,71638712320.0,0.0003
resume_step16000_to35000,17090,2.534757614135742,2.9277451038360596,0.17273785173892975,37151.396234843814,95.62897690966611,71680655360.0,0.0003
resume_step16000_to35000,17100,2.5369842052459717,2.873856782913208,0.08742251992225647,37230.05761342422,95.83145401465559,71722598400.0,0.0003
resume_step16000_to35000,17110,2.5213184356689453,2.9874932765960693,0.08092386275529861,37130.47360155278,95.5751213290244,71764541440.0,0.0003
resume_step16000_to35000,17120,2.5204715728759766,2.863145351409912,0.08827806264162064,37131.173968844625,95.57692409862037,71806484480.0,0.0003
resume_step16000_to35000,17130,2.559502601623535,2.9328627586364746,0.07856092602014542,37132.63411348995,95.58068256136266,71848427520.0,0.0003
resume_step16000_to35000,17140,2.5516812801361084,2.9884111881256104,0.10927625745534897,37134.70720243634,95.58601876390354,71890370560.0,0.0003
resume_step16000_to35000,17150,2.5469632148742676,2.938838481903076,0.1182013750076294,37120.38352055829,95.54914911208968,71932313600.0,0.0003
resume_step16000_to35000,17160,2.541079044342041,2.935133457183838,0.0946110412478447,37124.695947058506,95.56024944682831,71974256640.0,0.0003
resume_step16000_to35000,17170,2.5247299671173096,2.8991830348968506,0.08907376974821091,37101.278145099925,95.49997121586718,72016199680.0,0.0003
resume_step16000_to35000,17180,2.545046091079712,3.170497417449951,0.07482416182756424,37145.71581691973,95.61435531775969,72058142720.0,0.0003
resume_step16000_to35000,17190,2.580889940261841,3.2558181285858154,0.13519282639026642,37133.794726746586,95.58367001996632,72100085760.0,0.0003
resume_step16000_to35000,17200,2.5126333236694336,2.9993319511413574,0.07910584658384323,37134.06802130809,95.58437348960571,72142028800.0,0.0003
resume_step16000_to35000,17210,2.5096890926361084,2.962949752807617,0.10204023122787476,37141.19947801499,95.60273010544984,72183971840.0,0.0003
resume_step16000_to35000,17220,2.5801239013671875,3.186899185180664,0.10122992098331451,37109.1258255922,95.52017141646924,72225914880.0,0.0003
resume_step16000_to35000,17230,2.5328845977783203,2.8375749588012695,0.0772428959608078,37127.288819524874,95.56692359010003,72267857920.0,0.0003
resume_step16000_to35000,17240,2.539783477783203,3.031190872192383,0.0799475833773613,37131.890364463594,95.5787681256839,72309800960.0,0.0003
resume_step16000_to35000,17250,2.5458388328552246,2.902163028717041,0.12464146316051483,37163.493606921125,95.6601159631686,72351744000.0,0.0003
resume_step16000_to35000,17260,2.5766637325286865,3.0697240829467773,0.10704255104064941,37169.667909053635,95.6760088300835,72393687040.0,0.0003
resume_step16000_to35000,17270,2.5415844917297363,3.054140090942383,0.1131812110543251,37244.62818444855,95.86895916765815,72435630080.0,0.0003
resume_step16000_to35000,17280,2.562544345855713,2.954073905944824,0.10305626690387726,37182.891737365135,95.71004742083427,72477573120.0,0.0003
resume_step16000_to35000,17290,2.5611767768859863,2.948690414428711,0.07597102969884872,37224.65047285433,95.81753584809633,72519516160.0,0.0003
resume_step16000_to35000,17300,2.5484275817871094,2.9442434310913086,0.07196930795907974,37162.83347997346,95.65841677360821,72561459200.0,0.0003
resume_step16000_to35000,17310,2.507415294647217,2.890824794769287,0.08132055401802063,37250.63772409133,95.8844279302345,72603402240.0,0.0003
resume_step16000_to35000,17320,2.5514702796936035,2.972163677215576,0.13500891625881195,37285.22630253814,95.9734601256524,72645345280.0,0.0003
resume_step16000_to35000,17330,2.5616531372070312,2.9077584743499756,0.07313515990972519,37166.527671715194,95.66792575072813,72687288320.0,0.0003
resume_step16000_to35000,17340,2.480980396270752,2.8849191665649414,0.16190390288829803,37259.82123216366,95.90806659715962,72729231360.0,0.0003
resume_step16000_to35000,17350,2.5428972244262695,3.1145057678222656,0.0770837664604187,37144.69225275194,95.61172062824363,72771174400.0,0.0003
resume_step16000_to35000,17360,2.5766870975494385,2.9640955924987793,0.08713655173778534,37252.50542424735,95.889235454936,72813117440.0,0.0003
resume_step16000_to35000,17370,2.542268753051758,3.0002501010894775,0.096675343811512,37189.902536252026,95.72809345928286,72855060480.0,0.0003
resume_step16000_to35000,17380,2.5580296516418457,2.9279253482818604,0.10544440895318985,37143.69280620885,95.60914801832642,72897003520.0,0.0003
resume_step16000_to35000,17390,2.5545859336853027,2.923680543899536,0.09304409474134445,37151.573436207305,95.62943303209528,72938946560.0,0.0003
resume_step16000_to35000,17400,2.5541582107543945,3.117770195007324,0.09970290958881378,37250.34050595687,95.88366288049214,72980889600.0,0.0003
resume_step16000_to35000,17410,2.543416738510132,3.0602495670318604,0.12110228836536407,37200.0571901199,95.75423188902364,73022832640.0,0.0003
resume_step16000_to35000,17420,2.5453619956970215,2.993854522705078,0.11090967804193497,37227.98405078324,95.82611659280846,73064775680.0,0.0003
resume_step16000_to35000,17430,2.5172677040100098,2.898049831390381,0.10203766822814941,37124.95266275067,95.56091024188547,73106718720.0,0.0003
resume_step16000_to35000,17440,2.551711082458496,2.9960033893585205,0.06680519878864288,37153.22053400839,95.6336727187168,73148661760.0,0.0003
resume_step16000_to35000,17450,2.535646915435791,2.9400062561035156,0.18716995418071747,37155.666990147816,95.63996998130658,73190604800.0,0.0003
resume_step16000_to35000,17460,2.503528118133545,2.9311671257019043,0.06875000894069672,37292.99275028136,95.99345123035305,73232547840.0,0.0003
resume_step16000_to35000,17470,2.557518482208252,3.0760045051574707,0.07842632383108139,37228.09698827164,95.82640729780384,73274490880.0,0.0003
resume_step16000_to35000,17480,2.556820869445801,2.88051700592041,0.09703626483678818,37198.47859113931,95.75016852073165,73316433920.0,0.0003
resume_step16000_to35000,17490,2.508668899536133,2.8570594787597656,0.061978816986083984,37139.445623705185,95.5982156238881,73358376960.0,0.0003
resume_step16000_to35000,17500,2.5533242225646973,2.9639155864715576,0.11735579371452332,37263.281529975124,95.91697352322564,73400320000.0,0.0003
resume_step16000_to35000,17510,2.5687880516052246,3.0459508895874023,0.07411162555217743,37144.449272415346,95.61109518846605,73442263040.0,0.0003
resume_step16000_to35000,17520,2.5334463119506836,2.980783462524414,0.14549124240875244,37135.87886763907,95.58903467059812,73484206080.0,0.0003
resume_step16000_to35000,17530,2.5697836875915527,2.9247097969055176,0.07959649711847305,37157.23717623513,95.64401169452077,73526149120.0,0.0003
resume_step16000_to35000,17540,2.558253526687622,3.0418753623962402,0.09447471052408218,37233.79465261494,95.8410732825889,73568092160.0,0.0003
resume_step16000_to35000,17550,2.5433261394500732,3.0681252479553223,0.07871978729963303,37151.386092040084,95.62895080173904,73610035200.0,0.0003
resume_step16000_to35000,17560,2.5286941528320312,3.0282154083251953,0.09998293220996857,37228.989269508405,95.82870406052167,73651978240.0,0.0003
resume_step16000_to35000,17570,2.5158321857452393,2.869213581085205,0.08042453229427338,37130.959045122385,95.57637087753707,73693921280.0,0.0003
resume_step16000_to35000,17580,2.487298011779785,2.8730669021606445,0.06245827674865723,37228.49408374141,95.82742943525648,73735864320.0,0.0003
resume_step16000_to35000,17590,2.5465264320373535,3.1348819732666016,0.11985086649656296,37211.254635079225,95.783054499046,73777807360.0,0.0003
resume_step16000_to35000,17600,2.476235866546631,2.8573074340820312,0.07514206320047379,37256.591555525694,95.89975329795855,73819750400.0,0.0003
resume_step16000_to35000,17610,2.51501727104187,2.965837001800537,0.1564691811800003,37178.52243182663,95.6988006774868,73861693440.0,0.0003
resume_step16000_to35000,17620,2.560096025466919,2.995875835418701,0.10246878117322922,37204.89219985623,95.76667737105912,73903636480.0,0.0003
resume_step16000_to35000,17630,2.5154242515563965,2.9457058906555176,0.0716673955321312,37248.92873706461,95.8800289386089,73945579520.0,0.0003
resume_step16000_to35000,17640,2.538977861404419,3.190460443496704,0.10688833147287369,37175.44392063214,95.69087648335767,73987522560.0,0.0003
resume_step16000_to35000,17650,2.560906171798706,2.9470579624176025,0.09666074812412262,37210.05615098589,95.77996955960083,74029465600.0,0.0003
resume_step16000_to35000,17660,2.565979480743408,2.9352126121520996,0.09183759987354279,37165.79798108289,95.66604750184116,74071408640.0,0.0003
resume_step16000_to35000,17670,2.5601258277893066,2.94503116607666,0.08515837788581848,37133.22012023753,95.58219096296833,74113351680.0,0.0003
resume_step16000_to35000,17680,2.5569400787353516,3.187866687774658,0.08287957310676575,37113.55886507363,95.53158221318681,74155294720.0,0.0003
resume_step16000_to35000,17690,2.5709328651428223,2.9197700023651123,0.09297767281532288,37162.51049792638,95.65758540666504,74197237760.0,0.0003
resume_step16000_to35000,17700,2.615799903869629,2.965637445449829,0.0884457603096962,37194.05244945411,95.7387754791798,74239180800.0,0.0003
resume_step16000_to35000,17710,2.565591812133789,3.015944719314575,0.07938534766435623,37128.76091779915,95.57071282189605,74281123840.0,0.0003
resume_step16000_to35000,17720,2.567294120788574,2.8904714584350586,0.09387538582086563,37180.08860627786,95.70283206461117,74323066880.0,0.0003
resume_step16000_to35000,17730,2.5820212364196777,3.499666213989258,0.08796070516109467,37225.58963275745,95.8199532781203,74365009920.0,0.0003
resume_step16000_to35000,17740,2.565589427947998,3.0478515625,0.08162368088960648,37265.82385075692,95.92351754471551,74406952960.0,0.0003
resume_step16000_to35000,17750,2.537875175476074,2.954113245010376,0.11046472936868668,37165.95711875697,95.66645712770995,74448896000.0,0.0003
resume_step16000_to35000,17760,2.5780138969421387,2.9116928577423096,0.07948680967092514,37245.09470340787,95.87016000357039,74490839040.0,0.0003
resume_step16000_to35000,17770,2.5195424556732178,3.1210598945617676,0.09483127295970917,37157.86224128561,95.64562063354695,74532782080.0,0.0003
resume_step16000_to35000,17780,2.5242693424224854,2.914809226989746,0.14706766605377197,37122.47295241062,95.55452738183486,74574725120.0,0.0003
resume_step16000_to35000,17790,2.5463366508483887,3.019822120666504,0.06723789870738983,37123.95313733173,95.5583374289391,74616668160.0,0.0003
resume_step16000_to35000,17800,2.5622196197509766,2.9348702430725098,0.10662304610013962,37195.01580653644,95.74125519357867,74658611200.0,0.0003
resume_step16000_to35000,17810,2.5087127685546875,2.8886802196502686,0.12842652201652527,37194.56215043703,95.74008746711203,74700554240.0,0.0003
resume_step16000_to35000,17820,2.550765037536621,2.856255531311035,0.07176049798727036,37062.417269904785,95.39994198107789,74742497280.0,0.0003
resume_step16000_to35000,17830,2.580260753631592,2.9064221382141113,0.07864375412464142,37256.08745356949,95.89845572211442,74784440320.0,0.0003
resume_step16000_to35000,17840,2.5489137172698975,2.9231832027435303,0.08625441044569016,37140.32510325922,95.60047943463249,74826383360.0,0.0003
resume_step16000_to35000,17850,2.5558230876922607,2.952855110168457,0.08554292470216751,37119.67738211631,95.54733148735396,74868326400.0,0.0003
resume_step16000_to35000,17860,2.547647714614868,2.9069294929504395,0.06947256624698639,37141.21770645642,95.60277702608758,74910269440.0,0.0003
resume_step16000_to35000,17870,2.5501766204833984,2.9189999103546143,0.07979986071586609,37231.08516333237,95.83409896360497,74952212480.0,0.0003
resume_step16000_to35000,17880,2.585883140563965,3.1890721321105957,0.09104214608669281,37169.39817578322,95.67531452733037,74994155520.0,0.0003
resume_step16000_to35000,17890,2.5598227977752686,3.043745279312134,0.08461169898509979,37132.970722419195,95.58154900437113,75036098560.0,0.0003
resume_step16000_to35000,17900,2.557891845703125,2.960252285003662,0.11015503108501434,37155.31249200253,95.63905749083823,75078041600.0,0.0003
resume_step16000_to35000,17910,2.5495481491088867,2.9390788078308105,0.09041871130466461,37144.464804057214,95.61113516744861,75119984640.0,0.0003
resume_step16000_to35000,17920,2.5426416397094727,2.958995819091797,0.1262681782245636,37124.88044275855,95.56072434513166,75161927680.0,0.0003
resume_step16000_to35000,17930,2.5595338344573975,2.9010009765625,0.088043712079525,37126.452363645185,95.56477052377922,75203870720.0,0.0003
resume_step16000_to35000,17940,2.5531346797943115,2.9300498962402344,0.11915379017591476,37115.87770511362,95.53755098752947,75245813760.0,0.0003
resume_step16000_to35000,17950,2.6116302013397217,4.959447383880615,0.08428285270929337,37205.25627510423,95.7676145133206,75287756800.0,0.0003
resume_step16000_to35000,17960,2.5508899688720703,2.945604085922241,0.06622732430696487,37200.74207214997,95.75599479902104,75329699840.0,0.0003
resume_step16000_to35000,17970,2.5515220165252686,2.9698615074157715,0.09298209846019745,37154.334874298074,95.63654106910552,75371642880.0,0.0003
resume_step16000_to35000,17980,2.5631139278411865,3.993570566177368,0.07933756709098816,37244.84873238576,95.86952686566501,75413585920.0,0.0003
resume_step16000_to35000,17990,2.519857406616211,2.9299721717834473,0.1514800637960434,37128.36063796098,95.56968248776917,75455528960.0,0.0003
resume_step16000_to35000,18000,2.5584335327148438,2.9623360633850098,0.08097591251134872,37136.45659406845,95.59052175837878,75497472000.0,0.0003
resume_step16000_to35000,18010,2.5340287685394287,2.9941012859344482,0.07233105599880219,33743.72139635789,86.8575041933974,75539415040.0,0.0003
resume_step16000_to35000,18020,2.478410243988037,3.0917739868164062,0.07766789197921753,37171.46485653184,95.68063423494891,75581358080.0,0.0003
resume_step16000_to35000,18030,2.593055009841919,3.3592774868011475,0.07953236997127533,37257.610553033825,95.90237623273495,75623301120.0,0.0003
resume_step16000_to35000,18040,2.5351898670196533,2.9159505367279053,0.10328927636146545,37294.96167512598,95.99851931089874,75665244160.0,0.0003
resume_step16000_to35000,18050,2.6085658073425293,3.1030964851379395,0.08772580325603485,37175.74252913959,95.69164511196811,75707187200.0,0.0003
resume_step16000_to35000,18060,2.5481553077697754,3.0767874717712402,0.08369896560907364,37242.456615430594,95.86336947401209,75749130240.0,0.0003
resume_step16000_to35000,18070,2.5157718658447266,3.0126490592956543,0.099092036485672,37142.15707741648,95.60519499937939,75791073280.0,0.0003
resume_step16000_to35000,18080,2.5504703521728516,2.9714927673339844,0.0854109525680542,37229.47738451933,95.82996048541654,75833016320.0,0.0003
resume_step16000_to35000,18090,2.5134172439575195,2.981808662414551,0.12299899756908417,37157.42124140908,95.6444854846351,75874959360.0,0.0003
resume_step16000_to35000,18100,2.556840419769287,3.1782517433166504,0.08035892248153687,37237.46671911103,95.85052530856245,75916902400.0,0.0003
resume_step16000_to35000,18110,2.530350685119629,2.919344425201416,0.0795712098479271,37175.9932209684,95.69229040139294,75958845440.0,0.0003
resume_step16000_to35000,18120,2.5621306896209717,2.882533073425293,0.09371937811374664,37241.40642854815,95.86066625670911,76000788480.0,0.0003
resume_step16000_to35000,18130,2.55216646194458,3.0410256385803223,0.12115554511547089,37158.416424121446,95.64704711930476,76042731520.0,0.0003
resume_step16000_to35000,18140,2.5265932083129883,2.911471128463745,0.08301767706871033,37267.54770479565,95.92795480454346,76084674560.0,0.0003
resume_step16000_to35000,18150,2.6038384437561035,3.1357221603393555,0.11233494430780411,37172.881549734535,95.68428085217728,76126617600.0,0.0003
resume_step16000_to35000,18160,2.544842004776001,2.9900219440460205,0.08043345808982849,37260.69804566332,95.91032354538797,76168560640.0,0.0003
resume_step16000_to35000,18170,2.5604913234710693,3.1858081817626953,0.06782074272632599,37222.32227456847,95.8115429853056,76210503680.0,0.0003
resume_step16000_to35000,18180,2.541870594024658,3.0793192386627197,0.07656557112932205,37154.60963497478,95.63724831257608,76252446720.0,0.0003
resume_step16000_to35000,18190,2.5955569744110107,2.975385904312134,0.07560861110687256,37285.98675001352,95.97541754371562,76294389760.0,0.0003
resume_step16000_to35000,18200,2.5938048362731934,3.2262279987335205,0.08314166218042374,37125.58667609863,95.56254221413838,76336332800.0,0.0003
resume_step16000_to35000,18210,2.5738511085510254,2.9876270294189453,0.10034406185150146,37127.10990625393,95.56646306116195,76378275840.0,0.0003
resume_step16000_to35000,18220,2.5728580951690674,3.016880989074707,0.11041849106550217,37138.062524172456,95.59465547792632,76420218880.0,0.0003
resume_step16000_to35000,18230,2.5670576095581055,3.471557140350342,0.09522340446710587,37127.84620293627,95.56835831424986,76462161920.0,0.0003
resume_step16000_to35000,18240,2.5658092498779297,2.9421677589416504,0.0691845491528511,37113.98634380769,95.53268255821101,76504104960.0,0.0003
resume_step16000_to35000,18250,2.5497655868530273,2.9327495098114014,0.12574385106563568,37133.0793381164,95.58182858492671,76546048000.0,0.0003
resume_step16000_to35000,18260,2.560408592224121,2.976583957672119,0.06351405382156372,37246.21110281715,95.87303365420405,76587991040.0,0.0003
resume_step16000_to35000,18270,2.559246063232422,2.9508490562438965,0.07448951154947281,37154.91805789376,95.63804220382072,76629934080.0,0.0003
resume_step16000_to35000,18280,2.4692842960357666,3.0074782371520996,0.11623969674110413,37231.73317117238,95.83576695816375,76671877120.0,0.0003
resume_step16000_to35000,18290,2.541271209716797,2.9557714462280273,0.10589361935853958,37135.85863688883,95.58898259594837,76713820160.0,0.0003
resume_step16000_to35000,18300,2.548682451248169,3.283780097961426,0.09094575047492981,37178.26573405062,95.69813992854645,76755763200.0,0.0003
resume_step16000_to35000,18310,2.5663719177246094,2.9991297721862793,0.07670604437589645,37186.50278917413,95.71934239289612,76797706240.0,0.0003
resume_step16000_to35000,18320,2.5583627223968506,2.9434196949005127,0.1241862028837204,37230.57769464624,95.83279272168177,76839649280.0,0.0003
resume_step16000_to35000,18330,2.500854969024658,2.850728750228882,0.07130724936723709,37168.177567141625,95.67217263853392,76881592320.0,0.0003
resume_step16000_to35000,18340,2.5409038066864014,2.934476852416992,0.0905122309923172,37241.073575243034,95.85980948080685,76923535360.0,0.0003
resume_step16000_to35000,18350,2.5460400581359863,2.906461238861084,0.06693662703037262,37138.59971948132,95.59603823720306,76965478400.0,0.0003
resume_step16000_to35000,18360,2.5267722606658936,2.856879234313965,0.0885404422879219,37287.73922474289,95.97992847418966,77007421440.0,0.0003
resume_step16000_to35000,18370,2.499533176422119,2.9159059524536133,0.09239089488983154,37135.10922038984,95.5870535719993,77049364480.0,0.0003
resume_step16000_to35000,18380,2.542374849319458,3.121427059173584,0.0652652382850647,37167.54458776485,95.67054332775855,77091307520.0,0.0003
resume_step16000_to35000,18390,2.5831072330474854,3.0604920387268066,0.10424426943063736,37192.20098507615,95.73400974593171,77133250560.0,0.0003
resume_step16000_to35000,18400,2.555100679397583,3.1147727966308594,0.12143395096063614,37237.72425204451,95.85118820722697,77175193600.0,0.0003
resume_step16000_to35000,18410,2.533445358276367,2.918459415435791,0.061144452542066574,37158.10192294381,95.64623758241241,77217136640.0,0.0003
resume_step16000_to35000,18420,2.548346519470215,2.9811015129089355,0.07112569361925125,37154.33008013767,95.63652872877107,77259079680.0,0.0003
resume_step16000_to35000,18430,2.554701805114746,3.03517484664917,0.08861199021339417,37116.514717173945,95.53919067857157,77301022720.0,0.0003
resume_step16000_to35000,18440,2.5396454334259033,2.9138400554656982,0.10240673273801804,37200.88631150108,95.75636607609202,77342965760.0,0.0003
resume_step16000_to35000,18450,2.5471549034118652,2.9916887283325195,0.08201901614665985,37196.18211720119,95.74425731750758,77384908800.0,0.0003
resume_step16000_to35000,18460,2.544320821762085,2.9479432106018066,0.0864999070763588,37152.067452923286,95.63070464818279,77426851840.0,0.0003
resume_step16000_to35000,18470,2.623037576675415,2.9564900398254395,0.07590103894472122,37165.675858677976,95.6657331545535,77468794880.0,0.0003
resume_step16000_to35000,18480,2.555262565612793,2.991854667663574,0.09067850559949875,37249.06551054225,95.8803809982637,77510737920.0,0.0003
resume_step16000_to35000,18490,2.549525737762451,2.9579756259918213,0.0817125141620636,37199.512178454475,95.75282901017519,77552680960.0,0.0003
resume_step16000_to35000,18500,2.552964925765991,2.9462647438049316,0.14521723985671997,37235.848311268564,95.8463594708852,77594624000.0,0.0003
resume_step16000_to35000,18510,2.602156162261963,2.9961233139038086,0.08637507259845734,37238.85352554295,95.85409499621076,77636567040.0,0.0003
resume_step16000_to35000,18520,2.5438458919525146,2.879626750946045,0.09279190003871918,37146.22412349153,95.61566371642957,77678510080.0,0.0003
resume_step16000_to35000,18530,2.578979253768921,3.0383901596069336,0.1325940638780594,37225.0590151418,95.81858745005304,77720453120.0,0.0003
resume_step16000_to35000,18540,2.544459819793701,2.8758578300476074,0.07832152396440506,37181.942190544374,95.70760325452561,77762396160.0,0.0003
resume_step16000_to35000,18550,2.5521717071533203,2.921231508255005,0.09245417267084122,37190.76835554398,95.73032210804091,77804339200.0,0.0003
resume_step16000_to35000,18560,2.5645158290863037,2.917647361755371,0.11176246404647827,37234.562054784656,95.84304860227553,77846282240.0,0.0003
resume_step16000_to35000,18570,2.505657196044922,2.898648262023926,0.10689912736415863,37154.88265783173,95.63795108283853,77888225280.0,0.0003
resume_step16000_to35000,18580,2.5321502685546875,3.0260000228881836,0.10574308782815933,37146.46834194867,95.61629234317218,77930168320.0,0.0003
resume_step16000_to35000,18590,2.5292582511901855,3.051577091217041,0.08178059011697769,37153.602878759986,95.63465688731146,77972111360.0,0.0003
resume_step16000_to35000,18600,2.562849521636963,3.0481791496276855,0.14230495691299438,37275.407900060185,95.9481872186015,78014054400.0,0.0003
resume_step16000_to35000,18610,2.5838775634765625,2.9502434730529785,0.07462560385465622,37193.74061557375,95.73797280800275,78055997440.0,0.0003
resume_step16000_to35000,18620,2.5381128787994385,3.0096030235290527,0.07809989154338837,37224.99797837072,95.81843033929641,78097940480.0,0.0003
resume_step16000_to35000,18630,2.542412281036377,2.959888458251953,0.12380422651767731,37160.24791206799,95.65176143252852,78139883520.0,0.0003
resume_step16000_to35000,18640,2.5391578674316406,3.093153476715088,0.11823473870754242,37134.22456866813,95.5847764479167,78181826560.0,0.0003
resume_step16000_to35000,18650,2.58388090133667,3.204005241394043,0.0797571912407875,37279.87426760772,95.95968380291218,78223769600.0,0.0003
resume_step16000_to35000,18660,2.515578508377075,2.971245765686035,0.1008806973695755,37234.045760933244,95.84171964407209,78265712640.0,0.0003
resume_step16000_to35000,18670,2.5413827896118164,2.9828310012817383,0.08877572417259216,37235.63188007452,95.84580236951741,78307655680.0,0.0003
resume_step16000_to35000,18680,2.567737579345703,2.9189586639404297,0.0920458659529686,37265.636423739335,95.92303510109956,78349598720.0,0.0003
resume_step16000_to35000,18690,2.5297107696533203,2.8993892669677734,0.08329993486404419,37203.684896099156,95.7635697294949,78391541760.0,0.0003
resume_step16000_to35000,18700,2.552391529083252,2.9161548614501953,0.11751715838909149,37258.956986237674,95.90584199829992,78433484800.0,0.0003
resume_step16000_to35000,18710,2.499631404876709,2.936635971069336,0.09540924429893494,37270.582533254266,95.93576655780191,78475427840.0,0.0003
resume_step16000_to35000,18720,2.5477919578552246,2.999640703201294,0.06837713718414307,37240.97052425145,95.85954422399568,78517370880.0,0.0003
resume_step16000_to35000,18730,2.510977268218994,3.002017021179199,0.10889583826065063,37246.290014950886,95.87323677676147,78559313920.0,0.0003
resume_step16000_to35000,18740,2.554415464401245,3.0432939529418945,0.11560452729463577,37134.10889760837,95.58447870661426,78601256960.0,0.0003
resume_step16000_to35000,18750,2.5402450561523438,2.925912380218506,0.06994279474020004,37290.83962996089,95.98790902429144,78643200000.0,0.0003
resume_step16000_to35000,18760,2.5373647212982178,2.9052810668945312,0.0886274203658104,37169.354324206906,95.67520165185854,78685143040.0,0.0003
resume_step16000_to35000,18770,2.557711601257324,2.9434432983398438,0.10191552340984344,37164.9346612232,95.66382528670806,78727086080.0,0.0003
resume_step16000_to35000,18780,2.555335521697998,2.9696168899536133,0.08526284992694855,37232.973142578165,95.8389586873839,78769029120.0,0.0003
resume_step16000_to35000,18790,2.5692591667175293,3.0336480140686035,0.08592023700475693,37151.8291148037,95.63009115763211,78810972160.0,0.0003
resume_step16000_to35000,18800,2.555070400238037,2.9281020164489746,0.10904441773891449,37145.658702373665,95.61420830294571,78852915200.0,0.0003
resume_step16000_to35000,18810,2.5593178272247314,2.950932264328003,0.1244654580950737,37155.45695011414,95.6394293310063,78894858240.0,0.0003
resume_step16000_to35000,18820,2.542916774749756,2.924450397491455,0.15931810438632965,37205.86018887449,95.76916900822104,78936801280.0,0.0003
resume_step16000_to35000,18830,2.5629167556762695,2.882016181945801,0.1686975657939911,37230.424126082464,95.8323974308952,78978744320.0,0.0003
resume_step16000_to35000,18840,2.5525991916656494,2.9782471656799316,0.06803494691848755,37259.89596414278,95.90825895985469,79020687360.0,0.0003
resume_step16000_to35000,18850,2.5348424911499023,2.915337085723877,0.07326351851224899,37166.53478446518,95.66794405919222,79062630400.0,0.0003
resume_step16000_to35000,18860,2.552837610244751,2.9244658946990967,0.06317780166864395,37245.92319723886,95.87229257530288,79104573440.0,0.0003
resume_step16000_to35000,18870,2.546260356903076,3.1599819660186768,0.12779006361961365,37155.81508908812,95.64035119309344,79146516480.0,0.0003
resume_step16000_to35000,18880,2.5399303436279297,2.9502735137939453,0.11150660365819931,37235.38624872425,95.84517010593909,79188459520.0,0.0003
resume_step16000_to35000,18890,2.5432331562042236,2.935427188873291,0.09018801897764206,37185.97751053591,95.71799030754116,79230402560.0,0.0003
resume_step16000_to35000,18900,2.5597422122955322,2.931696891784668,0.09077022969722748,37222.28091520136,95.81143652486634,79272345600.0,0.0003
resume_step16000_to35000,18910,2.5516862869262695,2.9548468589782715,0.112833671271801,37184.90129959744,95.71522010341926,79314288640.0,0.0003
resume_step16000_to35000,18920,2.5592901706695557,2.9654440879821777,0.08086039125919342,37098.86707951065,95.49376504977569,79356231680.0,0.0003
resume_step16000_to35000,18930,2.5319108963012695,2.9012813568115234,0.12357334047555923,37134.39562634295,95.58521675627907,79398174720.0,0.0003
resume_step16000_to35000,18940,2.542633533477783,2.9062838554382324,0.09110882133245468,37138.60940914373,95.59606317872874,79440117760.0,0.0003
resume_step16000_to35000,18950,2.5342299938201904,2.897308588027954,0.07538630813360214,37135.05456137299,95.58691287780232,79482060800.0,0.0003
resume_step16000_to35000,18960,2.5481019020080566,2.9500138759613037,0.1056787520647049,37117.56135967739,95.54188477252062,79524003840.0,0.0003
resume_step16000_to35000,18970,2.540804386138916,2.9610180854797363,0.07784063369035721,37128.84486628606,95.57092890820047,79565946880.0,0.0003
resume_step16000_to35000,18980,2.5363190174102783,2.9428768157958984,0.146820530295372,37120.83363112565,95.55030771223437,79607889920.0,0.0003
resume_step16000_to35000,18990,2.5447165966033936,2.9256839752197266,0.10176323354244232,37206.32633283244,95.7703688788668,79649832960.0,0.0003
resume_step16000_to35000,19000,2.5428295135498047,2.934513568878174,0.08278767764568329,37187.0842377373,95.7208390615777,79691776000.0,0.0003
resume_step16000_to35000,19010,2.5676681995391846,3.084792137145996,0.07290353626012802,33993.02748415219,87.49922667301608,79733719040.0,0.0003
resume_step16000_to35000,19020,2.5319204330444336,2.973907470703125,0.07268605381250381,37123.76729972578,95.5578590765236,79775662080.0,0.0003
resume_step16000_to35000,19030,2.544346570968628,2.9556875228881836,0.13683044910430908,37107.188126516616,95.5151837121314,79817605120.0,0.0003
resume_step16000_to35000,19040,2.546854019165039,2.9520583152770996,0.09921562671661377,37145.356740931384,95.61343104376522,79859548160.0,0.0003
resume_step16000_to35000,19050,2.5436418056488037,2.9198505878448486,0.10017010569572449,37139.2955779078,95.59782940082388,79901491200.0,0.0003
resume_step16000_to35000,19060,2.5406389236450195,2.9551515579223633,0.069766104221344,37113.34565743959,95.53103340937378,79943434240.0,0.0003
resume_step16000_to35000,19070,2.5823330879211426,3.03535795211792,0.08558551222085953,37119.53973434877,95.54697717724673,79985377280.0,0.0003
resume_step16000_to35000,19080,2.513627052307129,2.918797254562378,0.06133594736456871,37236.19565354812,95.84725354190805,80027320320.0,0.0003
resume_step16000_to35000,19090,2.5609517097473145,2.9299776554107666,0.0575096569955349,37216.45522756087,95.7964410036931,80069263360.0,0.0003
resume_step16000_to35000,19100,2.550917625427246,3.0308175086975098,0.0674510970711708,37208.26590105874,95.77536139446312,80111206400.0,0.0003
resume_step16000_to35000,19110,2.5717520713806152,3.892550468444824,0.07699524611234665,37143.33336416719,95.6082228020981,80153149440.0,0.0003
resume_step16000_to35000,19120,2.5668554306030273,2.855457067489624,0.07278694957494736,37138.26038198629,95.59516477077206,80195092480.0,0.0003
resume_step16000_to35000,19130,2.4866750240325928,2.904265880584717,0.07743363827466965,37218.503372106774,95.80171299848568,80237035520.0,0.0003
resume_step16000_to35000,19140,2.5630898475646973,3.1946990489959717,0.07493262737989426,37172.30761673735,95.6828035288221,80278978560.0,0.0003
resume_step16000_to35000,19150,2.592298984527588,2.9329299926757812,0.08047439157962799,37176.22944823777,95.69289845854227,80320921600.0,0.0003
resume_step16000_to35000,19160,2.556542158126831,3.023815155029297,0.07721143960952759,37224.61728468833,95.81745042061091,80362864640.0,0.0003
resume_step16000_to35000,19170,2.5352096557617188,2.924948215484619,0.091766357421875,37274.25068314826,95.94520850230641,80404807680.0,0.0003
resume_step16000_to35000,19180,2.5469486713409424,2.8893356323242188,0.0852457731962204,37216.305068225665,95.79605448837862,80446750720.0,0.0003
resume_step16000_to35000,19190,2.581376314163208,2.883937120437622,0.07879699766635895,37230.48017864117,95.83254171211705,80488693760.0,0.0003
resume_step16000_to35000,19200,2.595494270324707,3.068565607070923,0.10134630650281906,37165.92202853682,95.66636680427148,80530636800.0,0.0003
resume_step16000_to35000,19210,2.5309033393859863,2.9016292095184326,0.1261761486530304,37272.50908085241,95.9407255578517,80572579840.0,0.0003
resume_step16000_to35000,19220,2.5240681171417236,2.887937307357788,0.08673088997602463,37140.400272223276,95.60067292214188,80614522880.0,0.0003
resume_step16000_to35000,19230,2.5481016635894775,2.932051658630371,0.21440984308719635,37190.834267359634,95.73049176733062,80656465920.0,0.0003
resume_step16000_to35000,19240,2.4783594608306885,2.8621952533721924,0.08453816175460815,37234.11462183634,95.84189689441475,80698408960.0,0.0003
resume_step16000_to35000,19250,2.5157904624938965,2.882201671600342,0.09717433154582977,37229.691589080234,95.83051185535375,80740352000.0,0.0003
resume_step16000_to35000,19260,2.574714183807373,3.0996274948120117,0.07948215305805206,37208.20194595548,95.77519677181868,80782295040.0,0.0003
resume_step16000_to35000,19270,2.557858943939209,2.9738826751708984,0.07038328051567078,37215.69988965837,95.79449673784691,80824238080.0,0.0003
resume_step16000_to35000,19280,2.576568365097046,3.095263957977295,0.1038707047700882,37152.943553809746,95.63295976212015,80866181120.0,0.0003
resume_step16000_to35000,19290,2.5148122310638428,2.9070444107055664,0.07050865143537521,37125.890081743775,95.56332319074693,80908124160.0,0.0003
resume_step16000_to35000,19300,2.5614771842956543,2.936999559402466,0.08722440898418427,37125.137468081535,95.56138593718924,80950067200.0,0.0003
resume_step16000_to35000,19310,2.5257792472839355,2.9977903366088867,0.08719415962696075,37127.941800059656,95.56860438454686,80992010240.0,0.0003
resume_step16000_to35000,19320,2.5302557945251465,3.1298537254333496,0.07669464498758316,37127.639677573774,95.56782671083458,81033953280.0,0.0003
resume_step16000_to35000,19330,2.542513847351074,3.0478756427764893,0.13312658667564392,37162.66807967958,95.65799102753977,81075896320.0,0.0003
resume_step16000_to35000,19340,2.483375072479248,2.9794955253601074,0.10311051458120346,37147.14161809159,95.61802537921524,81117839360.0,0.0003
resume_step16000_to35000,19350,2.51491641998291,2.9317665100097656,0.06925204396247864,37190.430205138866,95.72945169722033,81159782400.0,0.0003
resume_step16000_to35000,19360,2.549323558807373,2.960470199584961,0.07717183232307434,37228.46961543603,95.82736645299342,81201725440.0,0.0003
resume_step16000_to35000,19370,2.578298568725586,3.0986971855163574,0.08269985020160675,37230.65906909308,95.83300218231815,81243668480.0,0.0003
resume_step16000_to35000,19380,2.5219998359680176,2.8704075813293457,0.08070361614227295,37168.234272428526,95.67231859990069,81285611520.0,0.0003
resume_step16000_to35000,19390,2.5504589080810547,2.9567017555236816,0.0812944769859314,37121.897313727786,95.55304566798593,81327554560.0,0.0003
resume_step16000_to35000,19400,2.5525214672088623,2.9023971557617188,0.07249884307384491,37239.88174728779,95.85674167449099,81369497600.0,0.0003
resume_step16000_to35000,19410,2.5199904441833496,2.865673303604126,0.12496288120746613,37133.98966285061,95.58417179223008,81411440640.0,0.0003
resume_step16000_to35000,19420,2.4992268085479736,2.8961362838745117,0.0913710817694664,37132.57745156451,95.58053671160978,81453383680.0,0.0003
resume_step16000_to35000,19430,2.544266939163208,3.027108669281006,0.09592854231595993,37122.12203846081,95.55362411720944,81495326720.0,0.0003
resume_step16000_to35000,19440,2.5555379390716553,2.917482852935791,0.10001406818628311,37247.26307546958,95.87574146814065,81537269760.0,0.0003
resume_step16000_to35000,19450,2.543077230453491,3.2674484252929688,0.08838538080453873,37154.40117303552,95.6367117243453,81579212800.0,0.0003
resume_step16000_to35000,19460,2.528377056121826,2.929988384246826,0.0850444883108139,37238.67128087531,95.85362589214252,81621155840.0,0.0003
resume_step16000_to35000,19470,2.5592401027679443,3.0959205627441406,0.09264921396970749,37159.50280461308,95.64984350020772,81663098880.0,0.0003
resume_step16000_to35000,19480,2.5479326248168945,2.9067294597625732,0.07203450053930283,37229.64454961212,95.83039077413834,81705041920.0,0.0003
resume_step16000_to35000,19490,2.564563035964966,3.2447564601898193,0.07316787540912628,37149.86213062877,95.6250280724372,81746984960.0,0.0003
resume_step16000_to35000,19500,2.552079677581787,2.879535436630249,0.10303878039121628,37225.23111586278,95.81903044325225,81788928000.0,0.0003
resume_step16000_to35000,19510,2.528913736343384,2.896911859512329,0.09300709515810013,37178.70501532597,95.69927065371952,81830871040.0,0.0003
resume_step16000_to35000,19520,2.51116681098938,2.8735945224761963,0.13271626830101013,37140.07519430363,95.59983616035034,81872814080.0,0.0003
resume_step16000_to35000,19530,2.554189682006836,2.9761133193969727,0.08701832592487335,37138.4324271633,95.59560762099916,81914757120.0,0.0003
resume_step16000_to35000,19540,2.5399961471557617,3.0200164318084717,0.08997244387865067,37104.298551098895,95.50774584521645,81956700160.0,0.0003
resume_step16000_to35000,19550,2.577932119369507,2.978731393814087,0.10454102605581284,28142.620707746555,72.4400775902602,81998643200.0,0.0003
resume_step16000_to35000,19560,2.58061146736145,2.975630283355713,0.06946898996829987,37223.83525872826,95.8154374587829,82040586240.0,0.0003
resume_step16000_to35000,19570,2.5377330780029297,2.997349739074707,0.16733843088150024,37268.051074234165,95.92925049486175,82082529280.0,0.0003
resume_step16000_to35000,19580,2.538825511932373,2.926525831222534,0.07910332828760147,37126.768017122755,95.56558302673137,82124472320.0,0.0003
resume_step16000_to35000,19590,2.549323558807373,2.9217145442962646,0.08354013413190842,37118.353789871224,95.54392451520565,82166415360.0,0.0003
resume_step16000_to35000,19600,2.547118663787842,2.9185214042663574,0.13579614460468292,37138.76779636094,95.59647087289565,82208358400.0,0.0003
resume_step16000_to35000,19610,2.558180809020996,2.927156925201416,0.08139828592538834,37140.9172769104,95.60200371006097,82250301440.0,0.0003
resume_step16000_to35000,19620,2.5575287342071533,3.2432851791381836,0.09858390688896179,37216.82422005806,95.79739080312379,82292244480.0,0.0003
resume_step16000_to35000,19630,2.5282528400421143,2.8891429901123047,0.07965598255395889,37168.62639968211,95.67332794899328,82334187520.0,0.0003
resume_step16000_to35000,19640,2.5519015789031982,2.8831381797790527,0.1560554951429367,37263.53207426568,95.91761843288192,82376130560.0,0.0003
resume_step16000_to35000,19650,2.565758228302002,3.1389060020446777,0.06979437172412872,37264.09312265831,95.91906259082002,82418073600.0,0.0003
resume_step16000_to35000,19660,2.5507116317749023,2.9729793071746826,0.08707500249147415,37137.74007354867,95.59382547888508,82460016640.0,0.0003
resume_step16000_to35000,19670,2.5696356296539307,3.406721591949463,0.09324532002210617,37256.78430736686,95.90024944785429,82501959680.0,0.0003
resume_step16000_to35000,19680,2.5628952980041504,2.8815579414367676,0.11337535083293915,37150.86634764948,95.62761296172856,82543902720.0,0.0003
resume_step16000_to35000,19690,2.5638198852539062,3.052621841430664,0.07453720271587372,37251.07100056386,95.88554319883775,82585845760.0,0.0003
resume_step16000_to35000,19700,2.525491237640381,2.92667818069458,0.15011727809906006,37147.94597175694,95.62009581332774,82627788800.0,0.0003
resume_step16000_to35000,19710,2.5478129386901855,3.0267369747161865,0.07071840763092041,37277.72804866978,95.95415936124753,82669731840.0,0.0003
resume_step16000_to35000,19720,2.546567440032959,2.893148899078369,0.07662104070186615,37206.249984232265,95.77017235493331,82711674880.0,0.0003
resume_step16000_to35000,19730,2.58313250541687,3.0189642906188965,0.09240453690290451,37198.12609001511,95.74926117066454,82753617920.0,0.0003
resume_step16000_to35000,19740,2.5286378860473633,2.9789481163024902,0.14980031549930573,37143.73909194981,95.60926715942209,82795560960.0,0.0003
resume_step16000_to35000,19750,2.5252585411071777,2.8997678756713867,0.08747793734073639,37240.09764379442,95.8572973995549,82837504000.0,0.0003
resume_step16000_to35000,19760,2.5414719581604004,2.999441146850586,0.07124961167573929,37175.03476694875,95.68982330764675,82879447040.0,0.0003
resume_step16000_to35000,19770,2.5405707359313965,2.980916976928711,0.08236020058393478,37146.58469741188,95.61659184615276,82921390080.0,0.0003
resume_step16000_to35000,19780,2.5688273906707764,3.0779693126678467,0.08022565394639969,37245.80135425247,95.87197894724815,82963333120.0,0.0003
resume_step16000_to35000,19790,2.5452823638916016,3.060330629348755,0.08481794595718384,37193.50288439583,95.73736087974088,83005276160.0,0.0003
resume_step16000_to35000,19800,2.5390193462371826,2.898221969604492,0.09611146152019501,37139.7511533795,95.59900206782106,83047219200.0,0.0003
resume_step16000_to35000,19810,2.563194751739502,2.938960075378418,0.08631853014230728,37202.52265332562,95.76057807645847,83089162240.0,0.0003
resume_step16000_to35000,19820,2.496230125427246,2.879063606262207,0.1022312194108963,37215.722011180216,95.7945536794081,83131105280.0,0.0003
resume_step16000_to35000,19830,2.544074058532715,2.9596383571624756,0.07182178646326065,37251.35009052357,95.88626158603225,83173048320.0,0.0003
resume_step16000_to35000,19840,2.5588276386260986,2.977290630340576,0.11380701512098312,37145.871509782104,95.6147560765642,83214991360.0,0.0003
resume_step16000_to35000,19850,2.5430946350097656,2.872237205505371,0.09024671465158463,37153.943018005986,95.63553241747717,83256934400.0,0.0003
resume_step16000_to35000,19860,2.5119662284851074,2.904696226119995,0.06668516248464584,37259.73352974791,95.90784084811273,83298877440.0,0.0003
resume_step16000_to35000,19870,2.5203359127044678,2.8782591819763184,0.08996552228927612,37263.59009852873,95.91776778933885,83340820480.0,0.0003
resume_step16000_to35000,19880,2.5943033695220947,3.846755027770996,0.0812593623995781,37225.26788283988,95.81912508272103,83382763520.0,0.0003
resume_step16000_to35000,19890,2.5633411407470703,2.9690747261047363,0.08069219440221786,37187.059242569136,95.72077472315166,83424706560.0,0.0003
resume_step16000_to35000,19900,2.53436017036438,2.9200797080993652,0.09351513534784317,37140.9968759022,95.60220860061479,83466649600.0,0.0003
resume_step16000_to35000,19910,2.5220589637756348,2.856041431427002,0.08460292965173721,37118.94896119416,95.54545650674477,83508592640.0,0.0003
resume_step16000_to35000,19920,2.5252699851989746,2.8910775184631348,0.11821465194225311,37183.59053291307,95.71184614470714,83550535680.0,0.0003
resume_step16000_to35000,19930,2.549837350845337,3.18715238571167,0.09566900134086609,37195.18096713671,95.74168032266748,83592478720.0,0.0003
resume_step16000_to35000,19940,2.5439138412475586,2.981489419937134,0.08351515233516693,37229.8092840476,95.83081480626426,83634421760.0,0.0003
resume_step16000_to35000,19950,2.5496222972869873,2.9489800930023193,0.11210516840219498,37191.81904751538,95.73302662546031,83676364800.0,0.0003
resume_step16000_to35000,19960,2.5157413482666016,2.887483835220337,0.06806787848472595,37276.20262557419,95.95023286951991,83718307840.0,0.0003
resume_step16000_to35000,19970,2.5461840629577637,2.953320264816284,0.06511251628398895,37153.3415698534,95.63398426916177,83760250880.0,0.0003
resume_step16000_to35000,19980,2.5794858932495117,3.0129261016845703,0.10519769787788391,37262.33373735889,95.91453387229998,83802193920.0,0.0003
resume_step16000_to35000,19990,2.552765130996704,2.9034762382507324,0.07421347498893738,37189.240378629416,95.72638904269506,83844136960.0,0.0003
resume_step16000_to35000,20000,2.5305099487304688,3.1264047622680664,0.08566966652870178,37266.13153958251,95.92430954637841,83886080000.0,0.0003
resume_step16000_to35000,20010,2.5273852348327637,2.9768545627593994,0.11899824440479279,33980.93218512093,87.46809295560573,83928023040.0,0.0003
resume_step16000_to35000,20020,2.5579917430877686,3.006871461868286,0.07879795879125595,37185.55000063858,95.71688988230164,83969966080.0,0.0003
resume_step16000_to35000,20030,2.5480434894561768,2.9754490852355957,0.12209280580282211,37124.89509887776,95.56076207048865,84011909120.0,0.0003
resume_step16000_to35000,20040,2.5515918731689453,2.9076714515686035,0.12973560392856598,37133.32077369307,95.5824500484389,84053852160.0,0.0003
resume_step16000_to35000,20050,2.5180399417877197,2.919301986694336,0.06783942133188248,37157.15746236789,95.64380650827363,84095795200.0,0.0003
resume_step16000_to35000,20060,2.5267438888549805,2.9407403469085693,0.07950863242149353,37154.39903400692,95.63670621841182,84137738240.0,0.0003
resume_step16000_to35000,20070,2.5554306507110596,3.1533896923065186,0.07870595157146454,37132.75530346423,95.58099450854168,84179681280.0,0.0003
resume_step16000_to35000,20080,2.5414528846740723,2.9940853118896484,0.09713791310787201,37229.232645485674,95.82933051869199,84221624320.0,0.0003
resume_step16000_to35000,20090,2.5914883613586426,2.9508092403411865,0.09568271040916443,37156.18381752555,95.6413003128252,84263567360.0,0.0003
resume_step16000_to35000,20100,2.536402940750122,2.9443435668945312,0.17273779213428497,37123.977796496605,95.55840090248108,84305510400.0,0.0003
resume_step16000_to35000,20110,2.558476686477661,2.9109582901000977,0.08013541996479034,37135.425197831886,95.58786690884723,84347453440.0,0.0003
resume_step16000_to35000,20120,2.5308403968811035,2.8618786334991455,0.08067022264003754,37188.071807473374,95.7233811001835,84389396480.0,0.0003
resume_step16000_to35000,20130,2.5187439918518066,2.82759428024292,0.0780423954129219,37208.57296551796,95.77615178898544,84431339520.0,0.0003
resume_step16000_to35000,20140,2.560600757598877,2.88373064994812,0.1164461225271225,37225.39600152109,95.81945486463097,84473282560.0,0.0003
resume_step16000_to35000,20150,2.520040512084961,2.944155693054199,0.09352575242519379,37164.35199984596,95.6623254962012,84515225600.0,0.0003
resume_step16000_to35000,20160,2.5446009635925293,2.8948092460632324,0.0721655860543251,37134.8636361967,95.58642142980507,84557168640.0,0.0003
resume_step16000_to35000,20170,2.515721321105957,2.92409610748291,0.07981479167938232,37135.25114161598,95.58741888213656,84599111680.0,0.0003
resume_step16000_to35000,20180,2.5154755115509033,2.900130033493042,0.06141854450106621,37132.06894301798,95.57922779304998,84641054720.0,0.0003
resume_step16000_to35000,20190,2.5459282398223877,2.9414281845092773,0.13313987851142883,37136.44327547497,95.59048747585923,84682997760.0,0.0003
resume_step16000_to35000,20200,2.5255753993988037,3.0568437576293945,0.10368097573518753,37247.785043202246,95.87708503111037,84724940800.0,0.0003
resume_step16000_to35000,20210,2.615744113922119,3.7872157096862793,0.08739453554153442,37205.568123592544,95.76841722209902,84766883840.0,0.0003
resume_step16000_to35000,20220,2.5266921520233154,2.8545265197753906,0.06958215683698654,37195.69603596629,95.74300612762241,84808826880.0,0.0003
resume_step16000_to35000,20230,2.521679401397705,3.125797748565674,0.09136968851089478,37205.12238831504,95.76726988410152,84850769920.0,0.0003
resume_step16000_to35000,20240,2.5301263332366943,2.9496641159057617,0.09707769751548767,37210.3778123795,95.78079752713636,84892712960.0,0.0003
resume_step16000_to35000,20250,2.5687742233276367,2.9413514137268066,0.08504468202590942,37110.1197605012,95.52272983924995,84934656000.0,0.0003
resume_step16000_to35000,20260,2.504793167114258,2.858755588531494,0.06546001136302948,37139.78650250026,95.59909305767866,84976599040.0,0.0003
resume_step16000_to35000,20270,2.5146756172180176,2.8716323375701904,0.13433201611042023,37132.09930184798,95.57930593772682,85018542080.0,0.0003
resume_step16000_to35000,20280,2.543583393096924,3.0084667205810547,0.11537835747003555,37129.566079677075,95.5727853363756,85060485120.0,0.0003
resume_step16000_to35000,20290,2.538125514984131,2.85823917388916,0.08957422524690628,37137.306335903035,95.59270902320634,85102428160.0,0.0003
resume_step16000_to35000,20300,2.555917739868164,3.1543610095977783,0.09002896398305893,37137.325881090015,95.5927593331926,85144371200.0,0.0003
resume_step16000_to35000,20310,2.5526535511016846,3.015711784362793,0.14072789251804352,37230.896774175126,95.83361404340833,85186314240.0,0.0003
resume_step16000_to35000,20320,2.5144503116607666,2.8309950828552246,0.10114452987909317,37175.7336468081,95.69162224854009,85228257280.0,0.0003
resume_step16000_to35000,20330,2.5269713401794434,2.8667778968811035,0.10399437695741653,37126.7442302708,95.565521798553,85270200320.0,0.0003
resume_step16000_to35000,20340,2.5438194274902344,2.9136743545532227,0.08053727447986603,37137.19502918827,95.59242251587861,85312143360.0,0.0003
resume_step16000_to35000,20350,2.5635101795196533,2.9713010787963867,0.0750054121017456,37257.04358602667,95.90091684007868,85354086400.0,0.0003
resume_step16000_to35000,20360,2.538081407546997,2.8580775260925293,0.11916947364807129,37166.72954910442,95.66844539009972,85396029440.0,0.0003
resume_step16000_to35000,20370,2.5354533195495605,2.9539270401000977,0.07336603105068207,37149.20117698366,95.62332675492907,85437972480.0,0.0003
resume_step16000_to35000,20380,2.542937755584717,2.950831890106201,0.10275504738092422,37243.973132376734,95.86727304100344,85479915520.0,0.0003
resume_step16000_to35000,20390,2.5524139404296875,2.8987717628479004,0.10506884753704071,37180.89065693719,95.70489657070664,85521858560.0,0.0003
resume_step16000_to35000,20400,2.5177550315856934,2.9903573989868164,0.05519363284111023,37188.5055362057,95.72449753291907,85563801600.0,0.0003
resume_step16000_to35000,20410,2.5356781482696533,2.9677515029907227,0.09357736259698868,37206.32524495768,95.77036607863961,85605744640.0,0.0003
resume_step16000_to35000,20420,2.547537326812744,2.909116744995117,0.08547890186309814,37195.96986660615,95.743710977146,85647687680.0,0.0003
resume_step16000_to35000,20430,2.530879020690918,2.941068172454834,0.09426471590995789,37187.01519203473,95.72066133555484,85689630720.0,0.0003
resume_step16000_to35000,20440,2.582508087158203,2.9471211433410645,0.09997585415840149,37156.19112851794,95.64131913157208,85731573760.0,0.0003
resume_step16000_to35000,20450,2.5485594272613525,3.2680418491363525,0.07528571039438248,37232.03922805864,95.83655475915846,85773516800.0,0.0003
resume_step16000_to35000,20460,2.5676372051239014,2.9828011989593506,0.08262249827384949,37131.54982518354,95.5778915658167,85815459840.0,0.0003
resume_step16000_to35000,20470,2.549844264984131,2.95337176322937,0.09480809420347214,37248.04247433359,95.87774766773268,85857402880.0,0.0003
resume_step16000_to35000,20480,2.463139533996582,2.9345595836639404,0.10497885197401047,37143.9117004123,95.6097114595655,85899345920.0,0.0003
resume_step16000_to35000,20490,2.5424046516418457,2.9287912845611572,0.11427340656518936,37140.1239935378,95.59996177126436,85941288960.0,0.0003
resume_step16000_to35000,20500,2.528075695037842,2.9090023040771484,0.11547785997390747,29872.801511573376,76.89362273006638,85983232000.0,0.0003
resume_step16000_to35000,20510,2.555877685546875,2.947597026824951,0.07003899663686752,37257.82141807603,95.90291900663568,86025175040.0,0.0003
resume_step16000_to35000,20520,2.5291504859924316,2.866398334503174,0.12616412341594696,37168.918322579935,95.67407936861368,86067118080.0,0.0003
resume_step16000_to35000,20530,2.544851064682007,2.8850550651550293,0.08088088035583496,37276.732183289496,95.95159596936706,86109061120.0,0.0003
resume_step16000_to35000,20540,2.5306615829467773,2.977160692214966,0.07399152219295502,37193.00645226848,95.73608304630109,86151004160.0,0.0003
resume_step16000_to35000,20550,2.543179512023926,3.062930107116699,0.06761600822210312,37250.99171137061,95.88533910571611,86192947200.0,0.0003
resume_step16000_to35000,20560,2.537475347518921,2.999847650527954,0.09979265183210373,37161.38562439878,95.65468994335818,86234890240.0,0.0003
resume_step16000_to35000,20570,2.568202018737793,2.990036964416504,0.08474870771169662,37130.22758017862,95.57448806151112,86276833280.0,0.0003
resume_step16000_to35000,20580,2.544235944747925,2.95164155960083,0.09705370664596558,37146.48910530865,95.6163457887778,86318776320.0,0.0003
resume_step16000_to35000,20590,2.532909393310547,2.924557685852051,0.0748150423169136,37136.33431611331,95.59020701069946,86360719360.0,0.0003
resume_step16000_to35000,20600,2.4911344051361084,3.0884780883789062,0.08675278723239899,37105.74244381181,95.51146247492345,86402662400.0,0.0003
resume_step16000_to35000,20610,2.5264337062835693,2.9326858520507812,0.08752812445163727,37139.42787056456,95.59816992669104,86444605440.0,0.0003
resume_step16000_to35000,20620,2.473038673400879,2.8226747512817383,0.06698203086853027,37142.34091945388,95.60566821513254,86486548480.0,0.0003
resume_step16000_to35000,20630,2.5297751426696777,2.8922619819641113,0.11017227172851562,37136.292981458995,95.59010061387178,86528491520.0,0.0003
resume_step16000_to35000,20640,2.4998421669006348,2.9162659645080566,0.1116560623049736,37153.21036495278,95.63364654321649,86570434560.0,0.0003
resume_step16000_to35000,20650,2.548306703567505,2.9698233604431152,0.058141324669122696,37127.55167403738,95.56760018669274,86612377600.0,0.0003
resume_step16000_to35000,20660,2.567896604537964,3.032090663909912,0.09452757984399796,37162.0282781077,95.65634415619859,86654320640.0,0.0003
resume_step16000_to35000,20670,2.568758487701416,3.090999126434326,0.15825624763965607,37140.31681035954,95.6004580884223,86696263680.0,0.0003
resume_step16000_to35000,20680,2.5312182903289795,2.8865180015563965,0.07237547636032104,37148.414795977646,95.62130258306239,86738206720.0,0.0003
resume_step16000_to35000,20690,2.5534868240356445,2.9105193614959717,0.09852369874715805,37144.27301897725,95.61064150602958,86780149760.0,0.0003
resume_step16000_to35000,20700,2.565795421600342,3.0577259063720703,0.07723581790924072,37141.352810239296,95.60312478789044,86822092800.0,0.0003
resume_step16000_to35000,20710,2.5334248542785645,3.0177431106567383,0.1117926836013794,37144.534872915756,95.61131552711028,86864035840.0,0.0003
resume_step16000_to35000,20720,2.52268123626709,2.999547004699707,0.09582173079252243,37262.57608231627,95.91515767658954,86905978880.0,0.0003
resume_step16000_to35000,20730,2.5043983459472656,2.8836188316345215,0.08261315524578094,37257.33697575727,95.90167203537727,86947921920.0,0.0003
resume_step16000_to35000,20740,2.54775333404541,2.9143848419189453,0.12874022126197815,37187.658966806084,95.72231843404869,86989864960.0,0.0003
resume_step16000_to35000,20750,2.563291072845459,3.4962830543518066,0.09722938388586044,37263.295136657674,95.91700854729643,87031808000.0,0.0003
resume_step16000_to35000,20760,2.545506715774536,2.9104156494140625,0.074188731610775,37118.527277778165,95.5443710790694,87073751040.0,0.0003
resume_step16000_to35000,20770,2.5348291397094727,2.9070796966552734,0.11183994263410568,37179.30851457872,95.70082408163759,87115694080.0,0.0003
resume_step16000_to35000,20780,2.54649019241333,2.892829656600952,0.08547527343034744,37243.33082457974,95.86561971855228,87157637120.0,0.0003
resume_step16000_to35000,20790,2.55161714553833,2.973398208618164,0.07798942923545837,37209.943735881825,95.77968019924077,87199580160.0,0.0003
resume_step16000_to35000,20800,2.548659324645996,3.1029129028320312,0.13565202057361603,37192.65341523148,95.73517431677593,87241523200.0,0.0003
resume_step16000_to35000,20810,2.505427837371826,2.8932409286499023,0.07559972256422043,37128.22255670444,95.56932706184628,87283466240.0,0.0003
resume_step16000_to35000,20820,2.507249116897583,2.953491449356079,0.0852215513586998,37154.980115220555,95.63820194152301,87325409280.0,0.0003
resume_step16000_to35000,20830,2.5274085998535156,2.904675245285034,0.0980076938867569,37249.26361297561,95.88089092076852,87367352320.0,0.0003
resume_step16000_to35000,20840,2.5444724559783936,3.0351572036743164,0.11661696434020996,37183.143987599215,95.7106967216481,87409295360.0,0.0003
resume_step16000_to35000,20850,2.5471181869506836,2.9450199604034424,0.06690099090337753,37215.10150176737,95.79295646675052,87451238400.0,0.0003
resume_step16000_to35000,20860,2.5251364707946777,2.9629592895507812,0.14108401536941528,37161.93407104347,95.65610166396188,87493181440.0,0.0003
resume_step16000_to35000,20870,2.558511257171631,3.306396007537842,0.06402751058340073,37227.9402120215,95.8260037503218,87535124480.0,0.0003
resume_step16000_to35000,20880,2.5042972564697266,2.901503086090088,0.07207515835762024,37129.04550565227,95.57144536085805,87577067520.0,0.0003
resume_step16000_to35000,20890,2.537834644317627,2.9698336124420166,0.09212300181388855,37137.851496107556,95.59411228439956,87619010560.0,0.0003
resume_step16000_to35000,20900,2.52573823928833,2.8942599296569824,0.07525361329317093,37088.17506602304,95.4662434378163,87660953600.0,0.0003
resume_step16000_to35000,20910,2.5204007625579834,2.8543472290039062,0.08631457388401031,37124.07591832759,95.5586534714626,87702896640.0,0.0003
resume_step16000_to35000,20920,2.5679917335510254,3.224825382232666,0.1298203468322754,37157.736347221624,95.64529657787857,87744839680.0,0.0003
resume_step16000_to35000,20930,2.5306906700134277,3.119635581970215,0.1024562418460846,37132.382865775195,95.5800358410682,87786782720.0,0.0003
resume_step16000_to35000,20940,2.5297720432281494,2.997089385986328,0.07169142365455627,37107.19623659222,95.51520458774608,87828725760.0,0.0003
resume_step16000_to35000,20950,2.544909954071045,3.0437698364257812,0.09820990264415741,37177.542721381345,95.69627886896694,87870668800.0,0.0003
resume_step16000_to35000,20960,2.5646066665649414,3.0253725051879883,0.0898035541176796,37210.46516638567,95.78102237936497,87912611840.0,0.0003
resume_step16000_to35000,20970,2.500300168991089,2.8851852416992188,0.08711760491132736,37259.57220890656,95.90742560269598,87954554880.0,0.0003
resume_step16000_to35000,20980,2.554950475692749,2.9611520767211914,0.10590334236621857,37170.36852773328,95.67781224676034,87996497920.0,0.0003
resume_step16000_to35000,20990,2.4771265983581543,2.869731903076172,0.06089197099208832,37140.708930730645,95.60146741979918,88038440960.0,0.0003
resume_step16000_to35000,21000,2.5505518913269043,2.961124897003174,0.11080080270767212,37233.381722707556,95.84001038674701,88080384000.0,0.0003
resume_step16000_to35000,21010,2.51674222946167,2.911790370941162,0.07642953097820282,33991.92035607708,87.49637688711674,88122327040.0,0.0003
resume_step16000_to35000,21020,2.530057430267334,2.893449544906616,0.11682207882404327,37164.18515922367,95.66189604267768,88164270080.0,0.0003
resume_step16000_to35000,21030,2.554298162460327,2.930480718612671,0.10029716789722443,37169.6199301977,95.6758853308514,88206213120.0,0.0003
resume_step16000_to35000,21040,2.543407440185547,2.9242634773254395,0.10441972315311432,37238.755535592216,95.85384276669353,88248156160.0,0.0003
resume_step16000_to35000,21050,2.554372787475586,2.979917526245117,0.09621681272983551,37122.17560166768,95.55376199075371,88290099200.0,0.0003
resume_step16000_to35000,21060,2.5385172367095947,2.8983874320983887,0.08229587972164154,37129.4712482805,95.57254123708589,88332042240.0,0.0003
resume_step16000_to35000,21070,2.578932046890259,2.9558115005493164,0.07455624639987946,37141.201375565775,95.60273498981108,88373985280.0,0.0003
resume_step16000_to35000,21080,2.560910224914551,3.1185007095336914,0.08015398681163788,37216.5746288455,95.79674834672318,88415928320.0,0.0003
resume_step16000_to35000,21090,2.5573041439056396,2.9212121963500977,0.08219780772924423,37143.48402672391,95.60861061272212,88457871360.0,0.0003
resume_step16000_to35000,21100,2.5266616344451904,2.9209823608398438,0.07680832594633102,37256.14383547807,95.89860085109423,88499814400.0,0.0003
resume_step16000_to35000,21110,2.51493501663208,3.0147311687469482,0.07960107177495956,37132.13843491972,95.57940666760491,88541757440.0,0.0003
resume_step16000_to35000,21120,2.536546230316162,2.884092330932617,0.0856616273522377,37202.443401768454,95.76037408021342,88583700480.0,0.0003
resume_step16000_to35000,21130,2.5291085243225098,3.0020227432250977,0.09536022692918777,37249.62997673162,95.88183395372867,88625643520.0,0.0003
resume_step16000_to35000,21140,2.540323495864868,2.93618106842041,0.09118130058050156,37161.67180099586,95.65542657180198,88667586560.0,0.0003
resume_step16000_to35000,21150,2.540184736251831,3.026309013366699,0.11143018305301666,37165.07049297337,95.66417492232388,88709529600.0,0.0003
resume_step16000_to35000,21160,2.5251002311706543,2.9337103366851807,0.09156693518161774,37143.252640459425,95.60801501648655,88751472640.0,0.0003
resume_step16000_to35000,21170,2.569413900375366,3.459369659423828,0.10999315977096558,37151.12751423062,95.62828521352763,88793415680.0,0.0003
resume_step16000_to35000,21180,2.529850959777832,2.9751110076904297,0.11865654587745667,37184.87285659384,95.71514689014573,88835358720.0,0.0003
resume_step16000_to35000,21190,2.5537075996398926,2.9053783416748047,0.12091758102178574,37149.905588774374,95.62513993520481,88877301760.0,0.0003
resume_step16000_to35000,21200,2.511134624481201,2.945094585418701,0.09971582889556885,37160.863145323514,95.65334506417493,88919244800.0,0.0003
resume_step16000_to35000,21210,2.52578067779541,2.9835362434387207,0.07129864394664764,37257.86509526632,95.90303143323186,88961187840.0,0.0003
resume_step16000_to35000,21220,2.5530900955200195,2.93056058883667,0.08616200089454651,37137.16945279807,95.59235668136698,89003130880.0,0.0003
resume_step16000_to35000,21230,2.519503116607666,2.907973527908325,0.06929932534694672,37220.400427352884,95.80659608420284,89045073920.0,0.0003
resume_step16000_to35000,21240,2.520407199859619,3.038010597229004,0.08714204281568527,37190.53203843203,95.72971381963367,89087016960.0,0.0003
resume_step16000_to35000,21250,2.549830198287964,3.0121819972991943,0.09819146245718002,37156.8494353185,95.64301363601096,89128960000.0,0.0003
resume_step16000_to35000,21260,2.541341781616211,2.983704090118408,0.07993804663419724,37273.93510536507,95.94439619419418,89170903040.0,0.0003
resume_step16000_to35000,21270,2.5690619945526123,3.028748035430908,0.1426120400428772,37180.56687368791,95.70406314144132,89212846080.0,0.0003
resume_step16000_to35000,21280,2.5358328819274902,2.88173770904541,0.10517041385173798,37236.24546103555,95.84738174810074,89254789120.0,0.0003
resume_step16000_to35000,21290,2.5814058780670166,3.094963550567627,0.10057556629180908,37204.07043874199,95.76456212957204,89296732160.0,0.0003
resume_step16000_to35000,21300,2.520444869995117,3.1078052520751953,0.08820401877164841,37277.872331214785,95.95453074950109,89338675200.0,0.0003
resume_step16000_to35000,21310,2.468884229660034,2.920699119567871,0.0780017152428627,37158.08334191148,95.64618975419351,89380618240.0,0.0003
resume_step16000_to35000,21320,2.539346218109131,2.9863224029541016,0.08623568713665009,37152.40902576115,95.63158386846348,89422561280.0,0.0003
resume_step16000_to35000,21330,2.5535948276519775,2.9870288372039795,0.10478521883487701,37265.92978242549,95.92379021648868,89464504320.0,0.0003
resume_step16000_to35000,21340,2.539398431777954,2.9942305088043213,0.1171758621931076,37188.35728421323,95.72411592717064,89506447360.0,0.0003
resume_step16000_to35000,21350,2.5116424560546875,2.980179786682129,0.09262607991695404,37145.989612237725,95.61506007636356,89548390400.0,0.0003
resume_step16000_to35000,21360,2.515688180923462,2.8588080406188965,0.0871674045920372,37251.30866668479,95.88615495964066,89590333440.0,0.0003
resume_step16000_to35000,21370,2.5485517978668213,2.8697757720947266,0.07692261040210724,37149.88908077762,95.62509744305106,89632276480.0,0.0003
resume_step16000_to35000,21380,2.54325532913208,3.801891565322876,0.07332850992679596,37235.30735741891,95.84496703699469,89674219520.0,0.0003
resume_step16000_to35000,21390,2.523803234100342,2.9143199920654297,0.07897543907165527,37175.898796523645,95.69204734961126,89716162560.0,0.0003
resume_step16000_to35000,21400,2.536652088165283,2.9518699645996094,0.08213682472705841,37227.42724220938,95.82468334831029,89758105600.0,0.0003
resume_step16000_to35000,21410,2.548205852508545,2.9380550384521484,0.07886839658021927,37195.2083735846,95.74175086781084,89800048640.0,0.0003
resume_step16000_to35000,21420,2.52276349067688,2.9506936073303223,0.08750154078006744,37141.21925984599,95.60278102456597,89841991680.0,0.0003
resume_step16000_to35000,21430,2.5287375450134277,2.8850812911987305,0.09126463532447815,37173.05331898682,95.68472299216462,89883934720.0,0.0003
resume_step16000_to35000,21440,2.5628015995025635,2.886204719543457,0.08274885267019272,37268.641922415176,95.93077135848426,89925877760.0,0.0003
resume_step16000_to35000,21450,2.5076005458831787,2.7882864475250244,0.10433830320835114,37126.30454912338,95.5643900440954,89967820800.0,0.0003
resume_step16000_to35000,21460,2.5314364433288574,2.886732339859009,0.14667479693889618,37270.576123597486,95.935750059124,90009763840.0,0.0003
resume_step16000_to35000,21470,2.536658763885498,2.9789934158325195,0.10021868348121643,37168.16799909935,95.67214801006267,90051706880.0,0.0003
resume_step16000_to35000,21480,2.5644001960754395,2.908235549926758,0.09108233451843262,37137.40325503743,95.59295849640532,90093649920.0,0.0003
resume_step16000_to35000,21490,2.5261924266815186,2.8746538162231445,0.06358806043863297,37154.72276602456,95.63753951580512,90135592960.0,0.0003
resume_step16000_to35000,21500,2.552450180053711,3.1902153491973877,0.09740226715803146,37113.778999449954,95.53214884667366,90177536000.0,0.0003
resume_step16000_to35000,21510,2.5180931091308594,2.9503841400146484,0.06895414739847183,37284.01927430243,95.97035319328968,90219479040.0,0.0003
resume_step16000_to35000,21520,2.5225720405578613,3.0616238117218018,0.07790504395961761,37147.2150196813,95.61821431744205,90261422080.0,0.0003
resume_step16000_to35000,21530,2.539672374725342,2.901489734649658,0.08395430445671082,37152.90893264037,95.63287064603456,90303365120.0,0.0003
resume_step16000_to35000,21540,2.4903647899627686,2.879728317260742,0.09932789951562881,37301.742815340265,96.01597419999293,90345308160.0,0.0003
resume_step16000_to35000,21550,2.5395119190216064,3.098511219024658,0.08032917231321335,37138.67702400888,95.59623722172668,90387251200.0,0.0003
resume_step16000_to35000,21560,2.5530543327331543,2.940556049346924,0.07895105332136154,37143.65275198774,95.60904491737804,90429194240.0,0.0003
resume_step16000_to35000,21570,2.541520118713379,2.9274635314941406,0.08680378645658493,37137.26501592801,95.59260266416365,90471137280.0,0.0003
resume_step16000_to35000,21580,2.5575785636901855,3.0181360244750977,0.11593424528837204,37221.6542043479,95.80982334948645,90513080320.0,0.0003
resume_step16000_to35000,21590,2.540569543838501,3.043618679046631,0.07989373058080673,37236.757585411644,95.84869997393072,90555023360.0,0.0003
resume_step16000_to35000,21600,2.5228006839752197,2.826523542404175,0.07320229709148407,37135.951388202106,95.58922134103183,90596966400.0,0.0003
resume_step16000_to35000,21610,2.5200748443603516,2.9119224548339844,0.06895694136619568,37223.27504460415,95.81399544828078,90638909440.0,0.0003
resume_step16000_to35000,21620,2.5212318897247314,2.9029107093811035,0.1393004059791565,37201.01485793813,95.75669695906025,90680852480.0,0.0003
resume_step16000_to35000,21630,2.5291409492492676,2.9495973587036133,0.0804736539721489,37252.68801296236,95.88970544459403,90722795520.0,0.0003
resume_step16000_to35000,21640,2.5387308597564697,2.8846311569213867,0.09653708338737488,37214.17120323527,95.7905618462016,90764738560.0,0.0003
resume_step16000_to35000,21650,2.515345335006714,2.93979549407959,0.08505384624004364,37191.62357233839,95.7325234656041,90806681600.0,0.0003
resume_step16000_to35000,21660,2.548095941543579,2.9295921325683594,0.0740947425365448,37121.34010891666,95.55161140355933,90848624640.0,0.0003
resume_step16000_to35000,21670,2.498739719390869,2.956772804260254,0.11493527144193649,37127.88791633127,95.56846568596914,90890567680.0,0.0003
resume_step16000_to35000,21680,2.555835485458374,3.058140277862549,0.09678220003843307,37124.18934617054,95.55894543864753,90932510720.0,0.0003
resume_step16000_to35000,21690,2.5264017581939697,2.8888649940490723,0.15089386701583862,37154.925022867414,95.63806013190343,90974453760.0,0.0003
resume_step16000_to35000,21700,2.524280548095703,2.887207269668579,0.0895024985074997,37143.65527295435,95.60905140643315,91016396800.0,0.0003
resume_step16000_to35000,21710,2.522123336791992,3.0569465160369873,0.0947246178984642,37133.252129443914,95.58227335577098,91058339840.0,0.0003
resume_step16000_to35000,21720,2.517925977706909,2.8905835151672363,0.06654252856969833,37116.94194659729,95.5402903818614,91100282880.0,0.0003
resume_step16000_to35000,21730,2.496652126312256,2.941683053970337,0.08990386128425598,37149.47149116586,95.6240225529692,91142225920.0,0.0003
resume_step16000_to35000,21740,2.492539644241333,2.9697763919830322,0.11503295600414276,37261.36636253129,95.91204381608605,91184168960.0,0.0003
resume_step16000_to35000,21750,2.515747547149658,2.88395094871521,0.10249803215265274,37137.16468940286,95.59234442022321,91226112000.0,0.0003
resume_step16000_to35000,21760,2.5398125648498535,2.9904139041900635,0.07072373479604721,37143.43639653881,95.60848801098079,91268055040.0,0.0003
resume_step16000_to35000,21770,2.5411391258239746,3.086787700653076,0.09097664058208466,37242.84655260135,95.86437318575588,91309998080.0,0.0003
resume_step16000_to35000,21780,2.4985241889953613,2.8638782501220703,0.07454860210418701,37192.72673190166,95.73536303641693,91351941120.0,0.0003
resume_step16000_to35000,21790,2.510153293609619,2.8854808807373047,0.10812713205814362,37271.32815410374,95.93768581161804,91393884160.0,0.0003
resume_step16000_to35000,21800,2.550576686859131,2.903886318206787,0.11788085103034973,37166.31664994049,95.66738257339254,91435827200.0,0.0003
resume_step16000_to35000,21810,2.546963691711426,2.936110019683838,0.10943093150854111,37215.98972169069,95.79524277550729,91477770240.0,0.0003
resume_step16000_to35000,21820,2.5256834030151367,2.9003591537475586,0.09061571210622787,37230.215003973884,95.83185914336582,91519713280.0,0.0003
resume_step16000_to35000,21830,2.503666877746582,2.874070644378662,0.1060548946261406,37157.2597361096,95.64406976441674,91561656320.0,0.0003
resume_step16000_to35000,21840,2.561901330947876,3.959442377090454,0.08586583286523819,37283.37609995777,95.9686976403149,91603599360.0,0.0003
resume_step16000_to35000,21850,2.5280117988586426,2.92926025390625,0.08065331727266312,37137.75913728217,95.59387454959345,91645542400.0,0.0003
resume_step16000_to35000,21860,2.5290610790252686,2.924431800842285,0.12747929990291595,37231.91016049398,95.83622253478974,91687485440.0,0.0003
resume_step16000_to35000,21870,2.505502939224243,2.870619535446167,0.07622849941253662,37192.87543038517,95.7357457914487,91729428480.0,0.0003
resume_step16000_to35000,21880,2.5167620182037354,2.9089064598083496,0.10044205188751221,37150.908238069496,95.62772078911634,91771371520.0,0.0003
resume_step16000_to35000,21890,2.520049571990967,2.89072847366333,0.08532260358333588,37305.84117545751,96.02652352046914,91813314560.0,0.0003
resume_step16000_to35000,21900,2.5397257804870605,2.974454641342163,0.1266346424818039,37141.21136125004,95.60276069330723,91855257600.0,0.0003
resume_step16000_to35000,21910,2.5497007369995117,3.018329620361328,0.0815730094909668,37272.39105967599,95.94042176726781,91897200640.0,0.0003
resume_step16000_to35000,21920,2.529971122741699,2.954578399658203,0.08950401097536087,37194.804702838206,95.74071180536907,91939143680.0,0.0003
resume_step16000_to35000,21930,2.509218692779541,2.989833354949951,0.08340945094823837,37140.12286334307,95.59995886210407,91981086720.0,0.0003
resume_step16000_to35000,21940,2.5378828048706055,2.9700753688812256,0.07317078858613968,37141.33292712386,95.60307360806465,92023029760.0,0.0003
resume_step16000_to35000,21950,2.5228753089904785,3.078808307647705,0.08734925091266632,37175.91008723825,95.69207641230057,92064972800.0,0.0003
resume_step16000_to35000,21960,2.512526035308838,3.2104039192199707,0.08780037611722946,37270.37262264406,95.93522624064212,92106915840.0,0.0003
resume_step16000_to35000,21970,2.5379221439361572,2.8803205490112305,0.0715932548046112,37153.356780360205,95.63402342153157,92148858880.0,0.0003
resume_step16000_to35000,21980,2.5698676109313965,3.1976969242095947,0.08202894777059555,37157.80985488441,95.64548578914112,92190801920.0,0.0003
resume_step16000_to35000,21990,2.5173966884613037,2.9341726303100586,0.1771881878376007,37162.09212836473,95.65650850896522,92232744960.0,0.0003
resume_step16000_to35000,22000,2.536904811859131,2.8867790699005127,0.07569033652544022,37136.531657956046,95.59071497541775,92274688000.0,0.0003
resume_step16000_to35000,22010,2.511329174041748,2.902089834213257,0.08124285936355591,18490.51697097301,47.59522924219382,92316631040.0,0.0003
resume_step16000_to35000,22020,2.5118579864501953,2.880107879638672,0.08605918288230896,37277.5039082952,95.95358241618281,92358574080.0,0.0003
resume_step16000_to35000,22030,2.481458902359009,2.93123197555542,0.08536066859960556,37195.76533872044,95.74318451530493,92400517120.0,0.0003
resume_step16000_to35000,22040,2.519758462905884,3.1094655990600586,0.06845956295728683,37159.0780049019,95.64875005108095,92442460160.0,0.0003
resume_step16000_to35000,22050,2.491071939468384,2.9684157371520996,0.07793612778186798,37158.99129554142,95.64852685819261,92484403200.0,0.0003
resume_step16000_to35000,22060,2.5075881481170654,2.966820240020752,0.08730794489383698,37140.179652497245,95.6001050393481,92526346240.0,0.0003
resume_step16000_to35000,22070,2.5274620056152344,2.9286437034606934,0.07321086525917053,37228.58504184753,95.82766356456281,92568289280.0,0.0003
resume_step16000_to35000,22080,2.571202278137207,2.934661388397217,0.1123373880982399,24068.718848310735,61.95371351431602,92610232320.0,0.0003
resume_step16000_to35000,22090,2.499889373779297,2.935321807861328,0.10670024156570435,36826.947928140566,94.79383576358434,92652175360.0,0.0003
resume_step16000_to35000,22100,2.4895198345184326,2.9279112815856934,0.09598381072282791,36724.41022669629,94.52990017898877,92694118400.0,0.0003
resume_step16000_to35000,22110,2.4903364181518555,2.889758348464966,0.08860965818166733,36709.2413143675,94.4908548748052,92736061440.0,0.0003
resume_step16000_to35000,22120,2.497408390045166,2.917407512664795,0.09153451025485992,36788.82438646462,94.69570445073683,92778004480.0,0.0003
resume_step16000_to35000,22130,2.5001447200775146,2.9402551651000977,0.08714376389980316,37033.910792836316,95.32656532464955,92819947520.0,0.0003
resume_step16000_to35000,22140,2.4772653579711914,3.0352487564086914,0.08282236754894257,36981.9740734394,95.19287841531846,92861890560.0,0.0003
resume_step16000_to35000,22150,2.4891202449798584,3.019831657409668,0.09056545794010162,37202.48208669001,95.76047365653747,92903833600.0,0.0003
resume_step16000_to35000,22160,2.5000815391540527,2.9167275428771973,0.09809070080518723,37222.2174384073,95.81127313340629,92945776640.0,0.0003
resume_step16000_to35000,22170,2.532362461090088,2.8777518272399902,0.1407761424779892,37155.29990457971,95.6390250903772,92987719680.0,0.0003
resume_step16000_to35000,22180,2.5524191856384277,2.883145809173584,0.07769804447889328,37270.89003040546,95.93655806608832,93029662720.0,0.0003
resume_step16000_to35000,22190,2.5335309505462646,2.980356216430664,0.07769131660461426,37195.76196420491,95.74317582918542,93071605760.0,0.0003
resume_step16000_to35000,22200,2.5410356521606445,3.0778186321258545,0.10648848116397858,37134.27007746667,95.58489358913576,93113548800.0,0.0003
resume_step16000_to35000,22210,2.547386407852173,3.299252510070801,0.08493224531412125,37116.19087599155,95.53835710018444,93155491840.0,0.0003
resume_step16000_to35000,22220,2.5328428745269775,3.1400504112243652,0.08682113885879517,37112.29376013703,95.52832578939034,93197434880.0,0.0003
resume_step16000_to35000,22230,2.579522132873535,3.295248508453369,0.09753338992595673,37122.54137388856,95.55470350108199,93239377920.0,0.0003
resume_step16000_to35000,22240,2.5767688751220703,3.190857172012329,0.10990197956562042,37155.771034681944,95.64023779553054,93281320960.0,0.0003
resume_step16000_to35000,22250,2.5277318954467773,3.0703954696655273,0.07477004081010818,37125.46314686994,95.56222424563772,93323264000.0,0.0003
resume_step16000_to35000,22260,2.510296583175659,2.8987770080566406,0.07184892147779465,37118.26885130259,95.5437058803967,93365207040.0,0.0003
resume_step16000_to35000,22270,2.5442261695861816,2.9012622833251953,0.09919800609350204,37120.86850695472,95.55039748382282,93407150080.0,0.0003
resume_step16000_to35000,22280,2.5076351165771484,2.909355878829956,0.09284128993749619,37115.51006637116,95.53660467271018,93449093120.0,0.0003
resume_step16000_to35000,22290,2.5054023265838623,2.889094829559326,0.106815867125988,37287.499088638164,95.97931035556316,93491036160.0,0.0003
resume_step16000_to35000,22300,2.517317771911621,3.1426219940185547,0.0836070105433464,37131.28193548402,95.57720200847874,93532979200.0,0.0003
resume_step16000_to35000,22310,2.5430421829223633,2.961409330368042,0.07003573328256607,37149.77759326919,95.6248104703542,93574922240.0,0.0003
resume_step16000_to35000,22320,2.530935287475586,2.903780460357666,0.11323801428079605,37272.3271680421,95.94025730799572,93616865280.0,0.0003
resume_step16000_to35000,22330,2.548081398010254,2.9762330055236816,0.07742804288864136,37237.18654437863,95.84980412912559,93658808320.0,0.0003
resume_step16000_to35000,22340,2.52394700050354,2.846102237701416,0.09351478517055511,20260.299439270064,52.150710433966104,93700751360.0,0.0003
resume_step16000_to35000,22350,2.5444655418395996,2.9680898189544678,0.07476657629013062,37339.02899273932,96.11195010827385,93742694400.0,0.0003
resume_step16000_to35000,22360,2.499688148498535,2.9042937755584717,0.08103826642036438,37157.22661950205,95.64398452112525,93784637440.0,0.0003
resume_step16000_to35000,22370,2.5383405685424805,3.2311782836914062,0.09578455239534378,37122.7693394894,95.55529029241119,93826580480.0,0.0003
resume_step16000_to35000,22380,2.519131898880005,2.93561053276062,0.06773321330547333,37177.472849570106,95.69609901651182,93868523520.0,0.0003
resume_step16000_to35000,22390,2.4921488761901855,2.919452667236328,0.14124330878257751,37242.03690628664,95.86228912818115,93910466560.0,0.0003
resume_step16000_to35000,22400,2.5418176651000977,2.903364896774292,0.0722666010260582,37154.65109053974,95.6373550206319,93952409600.0,0.0003
resume_step16000_to35000,22410,2.5004963874816895,2.956627368927002,0.08103151619434357,37266.047405660276,95.92409298275707,93994352640.0,0.0003
resume_step16000_to35000,22420,2.559671640396118,3.6471915245056152,0.09770603477954865,37227.85599251299,95.82578696639843,94036295680.0,0.0003
resume_step16000_to35000,22430,2.515011787414551,2.8929567337036133,0.06575244665145874,37198.33758505802,95.74980556620883,94078238720.0,0.0003
resume_step16000_to35000,22440,2.5599377155303955,3.205244541168213,0.10201556980609894,37141.84946418225,95.60440319229124,94120181760.0,0.0003
resume_step16000_to35000,22450,2.520028591156006,2.963322639465332,0.06656546145677567,37137.498459474395,95.59320355591389,94162124800.0,0.0003
resume_step16000_to35000,22460,2.571516513824463,3.0552127361297607,0.12278647720813751,37197.6017138622,95.74791140833791,94204067840.0,0.0003
resume_step16000_to35000,22470,2.5288429260253906,2.8920488357543945,0.10163551568984985,37257.27457277385,95.90151140794289,94246010880.0,0.0003
resume_step16000_to35000,22480,2.5323588848114014,3.160593271255493,0.07491909712553024,37160.85218613537,95.6533168548462,94287953920.0,0.0003
resume_step16000_to35000,22490,2.4988162517547607,3.061685800552368,0.06586147844791412,37110.05397374571,95.52256050186939,94329896960.0,0.0003
resume_step16000_to35000,22500,2.507028341293335,2.9430973529815674,0.07783066481351852,37274.30199482408,95.945340580332,94371840000.0,0.0003
resume_step16000_to35000,22510,2.526318311691284,3.209723949432373,0.07263625413179398,37227.09925814017,95.82383910598944,94413783040.0,0.0003
resume_step16000_to35000,22520,2.488621473312378,2.835266590118408,0.13279184699058533,37184.06326051535,95.71306296188078,94455726080.0,0.0003
resume_step16000_to35000,22530,2.5362675189971924,2.922682285308838,0.08094514906406403,37165.168861652295,95.66442812670054,94497669120.0,0.0003
resume_step16000_to35000,22540,2.513618230819702,2.9473042488098145,0.08002600818872452,37160.43865902902,95.65225242179353,94539612160.0,0.0003
resume_step16000_to35000,22550,2.5076682567596436,2.882187604904175,0.09162509441375732,37158.388939174416,95.64697637210193,94581555200.0,0.0003
resume_step16000_to35000,22560,2.5395357608795166,2.9358863830566406,0.08320678770542145,37157.57607590141,95.64488403396545,94623498240.0,0.0003
resume_step16000_to35000,22570,2.5120532512664795,2.8225338459014893,0.05997062101960182,37296.9261275248,96.0035758792145,94665441280.0,0.0003
resume_step16000_to35000,22580,2.4590282440185547,3.005566120147705,0.12327025085687637,37190.5002121473,95.72963189767768,94707384320.0,0.0003
resume_step16000_to35000,22590,2.5490176677703857,2.975925922393799,0.10209822654724121,37177.2728273427,95.69558415239084,94749327360.0,0.0003
resume_step16000_to35000,22600,2.5061793327331543,2.8793225288391113,0.06285447627305984,37176.8319054483,95.69444920420767,94791270400.0,0.0003
resume_step16000_to35000,22610,2.5336759090423584,3.049924373626709,0.13520406186580658,37290.94282657575,95.98817465594193,94833213440.0,0.0003
resume_step16000_to35000,22620,2.5450968742370605,3.394541025161743,0.06729629635810852,37224.12783609388,95.816190563026,94875156480.0,0.0003
resume_step16000_to35000,22630,2.513345718383789,2.8862457275390625,0.07486408203840256,37184.39446888168,95.7139155036538,94917099520.0,0.0003
resume_step16000_to35000,22640,2.515194892883301,3.2821414470672607,0.1189996525645256,37278.08660531356,95.95508229843118,94959042560.0,0.0003
resume_step16000_to35000,22650,2.521857976913452,2.870310068130493,0.07857373356819153,37158.60376334905,95.64752933694626,95000985600.0,0.0003
resume_step16000_to35000,22660,2.5142321586608887,2.8732833862304688,0.07551407068967819,37148.200841304264,95.6207518563443,95042928640.0,0.0003
resume_step16000_to35000,22670,2.51520037651062,2.907593250274658,0.09918771684169769,37237.37052641876,95.85027770525059,95084871680.0,0.0003
resume_step16000_to35000,22680,2.516916036605835,2.955793857574463,0.08035456389188766,37199.65441182189,95.75319512377486,95126814720.0,0.0003
resume_step16000_to35000,22690,2.533107042312622,3.124861240386963,0.1057848110795021,37132.45391267181,95.58021871823364,95168757760.0,0.0003
resume_step16000_to35000,22700,2.539637327194214,2.957318067550659,0.09112152457237244,37138.526793928395,95.5958505243114,95210700800.0,0.0003
resume_step16000_to35000,22710,2.5409786701202393,2.9449970722198486,0.08488578349351883,37239.1333741462,95.85481533617991,95252643840.0,0.0003
resume_step16000_to35000,22720,2.4965720176696777,3.0540144443511963,0.07827087491750717,37170.20222658789,95.677384181869,95294586880.0,0.0003
resume_step16000_to35000,22730,2.489499568939209,2.8941197395324707,0.09740503132343292,37269.73114515862,95.93357505544155,95336529920.0,0.0003
resume_step16000_to35000,22740,2.5259134769439697,2.932764768600464,0.06467871367931366,37160.167430944326,95.65155427133682,95378472960.0,0.0003
resume_step16000_to35000,22750,2.5131607055664062,2.908803939819336,0.12162776291370392,37253.2829164361,95.89123674668008,95420416000.0,0.0003
resume_step16000_to35000,22760,2.5306286811828613,2.924703598022461,0.0645948126912117,37122.90299279321,95.55563432063084,95462359040.0,0.0003
resume_step16000_to35000,22770,2.523416042327881,2.880810260772705,0.0790167897939682,37142.35176455689,95.60569613080222,95504302080.0,0.0003
resume_step16000_to35000,22780,2.607032060623169,5.635501861572266,0.10308004915714264,37129.64613590378,95.57299140386785,95546245120.0,0.0003
resume_step16000_to35000,22790,2.5481913089752197,3.0283899307250977,0.09233296662569046,37136.46007462619,95.59053071745463,95588188160.0,0.0003
resume_step16000_to35000,22800,2.539402723312378,3.00807523727417,0.0704205185174942,37163.02564008988,95.65891140038401,95630131200.0,0.0003
resume_step16000_to35000,22810,2.5571444034576416,3.270509719848633,0.09275484830141068,37242.350764320494,95.86309700959919,95672074240.0,0.0003
resume_step16000_to35000,22820,2.485551118850708,2.863419532775879,0.0844266414642334,37215.417930082716,95.79377096416188,95714017280.0,0.0003
resume_step16000_to35000,22830,2.5059332847595215,2.9055256843566895,0.07008703798055649,37197.59658230794,95.74789819954005,95755960320.0,0.0003
resume_step16000_to35000,22840,2.511876344680786,2.892648220062256,0.067782461643219,37228.18056815601,95.82662243531257,95797903360.0,0.0003
resume_step16000_to35000,22850,2.4847893714904785,2.8792080879211426,0.11790285259485245,37136.802557961964,95.59141228138836,95839846400.0,0.0003
resume_step16000_to35000,22860,2.552541732788086,2.913595199584961,0.07152000069618225,37110.72557229442,95.52428921972704,95881789440.0,0.0003
resume_step16000_to35000,22870,2.502197265625,2.8597424030303955,0.06995236128568649,37125.478431268566,95.56226358820763,95923732480.0,0.0003
resume_step16000_to35000,22880,2.4902095794677734,2.9657580852508545,0.1319313645362854,37091.44163634084,95.47465170262336,95965675520.0,0.0003
resume_step16000_to35000,22890,2.524807929992676,2.857184886932373,0.07479879260063171,37253.57680920944,95.89199323682804,96007618560.0,0.0003
resume_step16000_to35000,22900,2.499741315841675,2.9495415687561035,0.08719196915626526,37230.13847586511,95.83166215737099,96049561600.0,0.0003
resume_step16000_to35000,22910,2.528233051300049,3.0336265563964844,0.07314887642860413,37158.206933426874,95.6465078830223,96091504640.0,0.0003
resume_step16000_to35000,22920,2.549100160598755,3.06321382522583,0.06797358393669128,37203.54799209989,95.7632173338729,96133447680.0,0.0003
resume_step16000_to35000,22930,2.5379509925842285,3.1204423904418945,0.09144798666238785,37163.467270428264,95.66004817212645,96175390720.0,0.0003
resume_step16000_to35000,22940,2.5061583518981934,2.9240493774414062,0.10113470256328583,37271.70645368628,95.93865956780785,96217333760.0,0.0003
resume_step16000_to35000,22950,2.5314178466796875,2.9037704467773438,0.1065211221575737,37215.818507416225,95.79480206405202,96259276800.0,0.0003
resume_step16000_to35000,22960,2.5570919513702393,2.87185001373291,0.07368801534175873,37228.42139898094,95.82724234217291,96301219840.0,0.0003
resume_step16000_to35000,22970,2.519596576690674,3.1093239784240723,0.08252397179603577,37136.345698499645,95.59023630935498,96343162880.0,0.0003
resume_step16000_to35000,22980,2.4884681701660156,2.8232946395874023,0.10133369266986847,37232.22185844694,95.83702485608497,96385105920.0,0.0003
resume_step16000_to35000,22990,2.5321903228759766,2.9426803588867188,0.08909029513597488,37231.248630785005,95.83451973447332,96427048960.0,0.0003
resume_step16000_to35000,23000,2.551607847213745,2.9713926315307617,0.05689369514584541,37217.64016374101,95.79949107034183,96468992000.0,0.0003
resume_step16000_to35000,23010,2.527026891708374,3.032010078430176,0.12570612132549286,33936.891394460734,87.35473043952409,96510935040.0,0.0003
resume_step16000_to35000,23020,2.5367841720581055,2.868570327758789,0.07046961039304733,37168.758771681045,95.67366867908993,96552878080.0,0.0003
resume_step16000_to35000,23030,2.5340769290924072,2.841137170791626,0.07001544535160065,37176.67554275623,95.6940467212384,96594821120.0,0.0003
resume_step16000_to35000,23040,2.5002098083496094,2.8564374446868896,0.07264453917741776,37200.45967606544,95.75526790174708,96636764160.0,0.0003
resume_step16000_to35000,23050,2.503148078918457,3.0532186031341553,0.05963638052344322,37255.09825474171,95.89590949017033,96678707200.0,0.0003
resume_step16000_to35000,23060,2.5258541107177734,3.043898105621338,0.1110747680068016,37140.00283650321,95.59964990887323,96720650240.0,0.0003
resume_step16000_to35000,23070,2.510854482650757,2.9106462001800537,0.0707414522767067,37192.521165328435,95.73483390095832,96762593280.0,0.0003
resume_step16000_to35000,23080,2.504037857055664,2.901477813720703,0.09528474509716034,37132.895765511086,95.58135606270106,96804536320.0,0.0003
resume_step16000_to35000,23090,2.4966659545898438,2.8951470851898193,0.0673556849360466,37276.30883778532,95.95050626341934,96846479360.0,0.0003
resume_step16000_to35000,23100,2.5403971672058105,2.8312220573425293,0.0707465410232544,37195.3522142923,95.7421211187599,96888422400.0,0.0003
resume_step16000_to35000,23110,2.5056564807891846,2.8988711833953857,0.0857120081782341,37275.93104387443,95.94953380884583,96930365440.0,0.0003
resume_step16000_to35000,23120,2.536118268966675,2.8480255603790283,0.06800395995378494,37280.14035802476,95.96036872883491,96972308480.0,0.0003
resume_step16000_to35000,23130,2.524111747741699,3.039336681365967,0.12523283064365387,37203.70223349399,95.76361435654793,97014251520.0,0.0003
resume_step16000_to35000,23140,2.5317373275756836,3.0857653617858887,0.11006752401590347,37268.810239483704,95.93120461243139,97056194560.0,0.0003
resume_step16000_to35000,23150,2.5124192237854004,2.890012264251709,0.07591868937015533,37312.31212578057,96.04317997007105,97098137600.0,0.0003
resume_step16000_to35000,23160,2.586665153503418,4.435376167297363,0.0795016661286354,37174.322473876506,95.68798984068016,97140080640.0,0.0003
resume_step16000_to35000,23170,2.470231771469116,2.911710262298584,0.07718823105096817,37291.672917759795,95.99005393586293,97182023680.0,0.0003
resume_step16000_to35000,23180,2.538763999938965,2.925387382507324,0.094393789768219,37195.57858509314,95.74270380501883,97223966720.0,0.0003
resume_step16000_to35000,23190,2.4958205223083496,2.8886523246765137,0.07800798863172531,37296.21689341591,96.00175028612524,97265909760.0,0.0003
resume_step16000_to35000,23200,2.529398202896118,3.1134657859802246,0.08527256548404694,37212.30551396617,95.78575949759245,97307852800.0,0.0003
resume_step16000_to35000,23210,2.5013113021850586,2.8834362030029297,0.07339359819889069,37259.471270281436,95.90716578318904,97349795840.0,0.0003
resume_step16000_to35000,23220,2.525014877319336,2.9338512420654297,0.062357280403375626,37169.46747966267,95.67549291790945,97391738880.0,0.0003
resume_step16000_to35000,23230,2.5187039375305176,2.878201723098755,0.08672203868627548,37181.68728811031,95.70694712685743,97433681920.0,0.0003
resume_step16000_to35000,23240,2.523944854736328,2.8931727409362793,0.06711848825216293,37192.951380026854,95.73594128844927,97475624960.0,0.0003
resume_step16000_to35000,23250,2.528789758682251,3.2969133853912354,0.06580818444490433,37300.07541941747,96.01168226530514,97517568000.0,0.0003
resume_step16000_to35000,23260,2.5147900581359863,3.04732608795166,0.11053908616304398,37260.606228317316,95.9100872043685,97559511040.0,0.0003
resume_step16000_to35000,23270,2.5048811435699463,2.873101234436035,0.07299044728279114,37247.08119829943,95.87527331002367,97601454080.0,0.0003
resume_step16000_to35000,23280,2.5254058837890625,3.0324974060058594,0.0767630934715271,37263.62675903599,95.9178621547506,97643397120.0,0.0003
resume_step16000_to35000,23290,2.540440559387207,3.0889649391174316,0.08602673560380936,37185.03050984723,95.7155526950644,97685340160.0,0.0003
resume_step16000_to35000,23300,2.4922564029693604,2.917391061782837,0.11419443041086197,37144.22052248849,95.61050637825458,97727283200.0,0.0003
resume_step16000_to35000,23310,2.517772912979126,2.912700653076172,0.06418608129024506,37115.717806246816,95.53713940232431,97769226240.0,0.0003
resume_step16000_to35000,23320,2.508471965789795,2.856095314025879,0.08598754554986954,37158.03246443173,95.6460587938036,97811169280.0,0.0003
resume_step16000_to35000,23330,2.5387253761291504,3.018167018890381,0.08642065525054932,37254.99940623256,95.8956550506941,97853112320.0,0.0003
resume_step16000_to35000,23340,2.5626444816589355,2.9078526496887207,0.08006466180086136,37174.43553948174,95.68828087545269,97895055360.0,0.0003
resume_step16000_to35000,23350,2.520339012145996,2.9835920333862305,0.08672463148832321,37114.85027449148,95.5349063456264,97936998400.0,0.0003
resume_step16000_to35000,23360,2.556810140609741,2.926659107208252,0.0706230029463768,37141.500551943725,95.60350508013981,97978941440.0,0.0003
resume_step16000_to35000,23370,2.532533645629883,2.919644355773926,0.06957549601793289,37128.624519420686,95.57036172775945,98020884480.0,0.0003
resume_step16000_to35000,23380,2.4868640899658203,3.0247364044189453,0.09803009033203125,37125.93986794212,95.5634513421408,98062827520.0,0.0003
resume_step16000_to35000,23390,2.547058343887329,3.0063042640686035,0.09075494855642319,37124.66879688769,95.560179561351,98104770560.0,0.0003
resume_step16000_to35000,23400,2.512216091156006,3.4376273155212402,0.0951218456029892,37203.8256766918,95.76393210360213,98146713600.0,0.0003
resume_step16000_to35000,23410,2.5291430950164795,2.9735569953918457,0.1029854342341423,37204.74300190091,95.76629333036968,98188656640.0,0.0003
resume_step16000_to35000,23420,2.5600523948669434,4.059535980224609,0.07187511771917343,37143.90329433887,95.60968982204217,98230599680.0,0.0003
resume_step16000_to35000,23430,2.531543731689453,3.0052242279052734,0.0907040610909462,37115.22498802683,95.53587087120688,98272542720.0,0.0003
resume_step16000_to35000,23440,2.524648904800415,2.9006872177124023,0.07388246804475784,37129.610428462955,95.57289949168202,98314485760.0,0.0003
resume_step16000_to35000,23450,2.5024564266204834,2.8725333213806152,0.09774668514728546,37204.36252058849,95.7653139583318,98356428800.0,0.0003
resume_step16000_to35000,23460,2.5285773277282715,2.9759511947631836,0.07606997340917587,37145.109705452516,95.6127951659114,98398371840.0,0.0003
resume_step16000_to35000,23470,2.518203020095825,2.9381048679351807,0.07558369636535645,37119.97358063617,95.54809391257312,98440314880.0,0.0003
resume_step16000_to35000,23480,2.5204622745513916,2.892496347427368,0.1119251698255539,37118.680982105434,95.5447667193159,98482257920.0,0.0003
resume_step16000_to35000,23490,2.532649040222168,2.88468074798584,0.08514364063739777,37103.919225517646,95.50676944807053,98524200960.0,0.0003
resume_step16000_to35000,23500,2.4845550060272217,2.801422595977783,0.1262657791376114,37111.477139348186,95.52622377927835,98566144000.0,0.0003
resume_step16000_to35000,23510,2.479649782180786,2.870537757873535,0.08761601895093918,37242.51680691063,95.86352440896037,98608087040.0,0.0003
resume_step16000_to35000,23520,2.4994685649871826,2.895200729370117,0.09159308671951294,37148.10078949525,95.62049431953267,98650030080.0,0.0003
resume_step16000_to35000,23530,2.534489393234253,3.5020673274993896,0.08209104835987091,37241.35086685894,95.86052323900229,98691973120.0,0.0003
resume_step16000_to35000,23540,2.49685001373291,2.821549654006958,0.11856070160865784,37170.80115320596,95.67892583966749,98733916160.0,0.0003
resume_step16000_to35000,23550,2.5075864791870117,2.8689513206481934,0.07691782712936401,37135.81982631994,95.58888269620374,98775859200.0,0.0003
resume_step16000_to35000,23560,2.51688551902771,2.89131498336792,0.058892711997032166,37156.071816223535,95.64101201760592,98817802240.0,0.0003
resume_step16000_to35000,23570,2.5754027366638184,4.256462574005127,0.0876360833644867,37146.66905184664,95.61680897738097,98859745280.0,0.0003
resume_step16000_to35000,23580,2.505080461502075,3.0414273738861084,0.07681664824485779,37233.21527501793,95.83958194464574,98901688320.0,0.0003
resume_step16000_to35000,23590,2.5355710983276367,3.0103302001953125,0.1015881597995758,37209.822103832375,95.77936711414499,98943631360.0,0.0003
resume_step16000_to35000,23600,2.547682285308838,2.915060043334961,0.0878610908985138,37143.297327243345,95.60813004181158,98985574400.0,0.0003
resume_step16000_to35000,23610,2.4900293350219727,2.9843459129333496,0.07793240249156952,37127.9260761764,95.56856391072834,99027517440.0,0.0003
resume_step16000_to35000,23620,2.546861171722412,2.9255480766296387,0.07779309898614883,37253.5383197647,95.8918941636681,99069460480.0,0.0003
resume_step16000_to35000,23630,2.512653350830078,3.0067949295043945,0.06399142742156982,37200.172258812876,95.75452807981318,99111403520.0,0.0003
resume_step16000_to35000,23640,2.5829238891601562,2.958738327026367,0.41842591762542725,37220.953819909475,95.80802053575458,99153346560.0,0.0003
resume_step16000_to35000,23650,2.463663101196289,2.845716714859009,0.06596320867538452,37128.887874526445,95.57103961289648,99195289600.0,0.0003
resume_step16000_to35000,23660,2.497410297393799,2.861158847808838,0.0795392394065857,37256.44915333373,95.89938674979865,99237232640.0,0.0003
resume_step16000_to35000,23670,2.5282959938049316,2.899264097213745,0.07701434195041656,37183.931767868184,95.71272449526595,99279175680.0,0.0003
resume_step16000_to35000,23680,2.5410046577453613,3.074981212615967,0.07765607535839081,37291.22138335866,95.98889167072092,99321118720.0,0.0003
resume_step16000_to35000,23690,2.538938283920288,3.030109405517578,0.16840218007564545,37190.687153292085,95.73011309064026,99363061760.0,0.0003
resume_step16000_to35000,23700,2.565208673477173,3.143683910369873,0.08059557527303696,37140.733809966136,95.60153145981052,99405004800.0,0.0003
resume_step16000_to35000,23710,2.560138702392578,3.5478897094726562,0.088080994784832,37161.702762475696,95.65550626772033,99446947840.0,0.0003
resume_step16000_to35000,23720,2.5434021949768066,3.8347368240356445,0.07055027037858963,37202.08256516336,95.75944527433063,99488890880.0,0.0003
resume_step16000_to35000,23730,2.5115103721618652,2.8487725257873535,0.11258810013532639,37231.254657819445,95.8345352482681,99530833920.0,0.0003
resume_step16000_to35000,23740,2.516573429107666,2.975698947906494,0.0645674392580986,37159.06021195461,95.64870425142014,99572776960.0,0.0003
resume_step16000_to35000,23750,2.543168067932129,2.872985601425171,0.08792348206043243,37150.90785793188,95.62771981062899,99614720000.0,0.0003
resume_step16000_to35000,23760,2.494658946990967,2.9053940773010254,0.08000322431325912,37230.3334255231,95.83216396452312,99656663040.0,0.0003
resume_step16000_to35000,23770,2.5507800579071045,2.953779458999634,0.10656744241714478,37217.45499116922,95.79901442974723,99698606080.0,0.0003
resume_step16000_to35000,23780,2.4947140216827393,2.8706603050231934,0.10577905178070068,37141.53370264477,95.60359041118913,99740549120.0,0.0003
resume_step16000_to35000,23790,2.500068187713623,2.9668385982513428,0.0790739506483078,37228.813558899485,95.82825177534625,99782492160.0,0.0003
resume_step16000_to35000,23800,2.5279295444488525,2.9333815574645996,0.10440487414598465,37234.678348257585,95.84334794569098,99824435200.0,0.0003
resume_step16000_to35000,23810,2.5213780403137207,2.8434534072875977,0.07499606907367706,37268.96203728618,95.9315953452172,99866378240.0,0.0003
resume_step16000_to35000,23820,2.528972625732422,3.1557319164276123,0.07374033331871033,37214.88406905724,95.79239678744572,99908321280.0,0.0003
resume_step16000_to35000,23830,2.5182127952575684,2.9382853507995605,0.07064204663038254,37181.66821093079,95.70689802153852,99950264320.0,0.0003
resume_step16000_to35000,23840,2.5412559509277344,3.0445804595947266,0.07857201248407364,37137.99152318706,95.59447271893795,99992207360.0,0.0003
resume_step16000_to35000,23850,2.53837513923645,2.903003454208374,0.06604857742786407,37133.640039863225,95.58327185058654,100034150400.0,0.0003
resume_step16000_to35000,23860,2.5577802658081055,3.0511012077331543,0.17920443415641785,37171.650039746455,95.68111090293851,100076093440.0,0.0003
resume_step16000_to35000,23870,2.5407140254974365,2.8878517150878906,0.08136185258626938,37311.65959674608,96.04150033780158,100118036480.0,0.0003
resume_step16000_to35000,23880,2.5544676780700684,3.1022160053253174,0.28292781114578247,37181.00368336584,95.70518750463727,100159979520.0,0.0003
resume_step16000_to35000,23890,2.510308265686035,2.996720790863037,0.06350857764482498,37148.605919479895,95.62179454155752,100201922560.0,0.0003
resume_step16000_to35000,23900,2.5474681854248047,2.9420814514160156,0.0638963133096695,37262.18074362687,95.91414006115023,100243865600.0,0.0003
resume_step16000_to35000,23910,2.5527617931365967,3.4508605003356934,0.08244204521179199,37150.53637017063,95.62676358830242,100285808640.0,0.0003
resume_step16000_to35000,23920,2.582796573638916,3.6739330291748047,0.06477084010839462,37263.57815276474,95.9177370405298,100327751680.0,0.0003
resume_step16000_to35000,23930,2.4697208404541016,3.0486555099487305,0.07137377560138702,37178.62749134239,95.69907110430854,100369694720.0,0.0003
resume_step16000_to35000,23940,2.479698657989502,2.900850772857666,0.13702699542045593,37224.1228441628,95.81617771362298,100411637760.0,0.0003
resume_step16000_to35000,23950,2.496497631072998,2.927542209625244,0.06402308493852615,37185.70399464272,95.71728626818638,100453580800.0,0.0003
resume_step16000_to35000,23960,2.5209195613861084,3.0717613697052,0.08396445214748383,37178.1361046692,95.69780625804202,100495523840.0,0.0003
resume_step16000_to35000,23970,2.5200111865997314,2.908451557159424,0.08284010738134384,37142.27765804143,95.6055053780722,100537466880.0,0.0003
resume_step16000_to35000,23980,2.515246868133545,2.9016380310058594,0.06729654222726822,37125.56727884455,95.56249228493651,100579409920.0,0.0003
resume_step16000_to35000,23990,2.536250591278076,2.8640079498291016,0.09560351073741913,37259.11689624761,95.9062536121879,100621352960.0,0.0003
resume_step16000_to35000,24000,2.529132604598999,2.9274706840515137,0.08430895954370499,37187.36477644016,95.72156117788711,100663296000.0,0.0003
resume_step16000_to35000,24010,2.5016887187957764,2.897603750228882,0.07019861042499542,33927.20039031015,87.32978546016749,100705239040.0,0.0003
resume_step16000_to35000,24020,2.538649320602417,2.9734725952148438,0.11643598228693008,37167.55758611044,95.67057678594897,100747182080.0,0.0003
resume_step16000_to35000,24030,2.5489962100982666,2.9733221530914307,0.07445693016052246,37151.988521493964,95.63050147595786,100789125120.0,0.0003
resume_step16000_to35000,24040,2.4849026203155518,2.9225311279296875,0.06890719383955002,37191.39276990804,95.73192937217776,100831068160.0,0.0003
resume_step16000_to35000,24050,2.521249771118164,2.9395055770874023,0.11075188964605331,36863.152707709145,94.88702811650421,100873011200.0,0.0003
resume_step16000_to35000,24060,2.4801533222198486,2.876955032348633,0.08192799240350723,37077.93864751508,95.43989454306825,100914954240.0,0.0003
resume_step16000_to35000,24070,2.5199975967407227,2.980680465698242,0.1090434268116951,37112.822137683,95.52968585144087,100956897280.0,0.0003
resume_step16000_to35000,24080,2.5425543785095215,2.867814302444458,0.09102883189916611,37112.60410471397,95.52912462704896,100998840320.0,0.0003
resume_step16000_to35000,24090,2.528244733810425,2.905479907989502,0.0991055816411972,37099.53854306714,95.49549342015868,101040783360.0,0.0003
resume_step16000_to35000,24100,2.5214791297912598,2.85444974899292,0.1091540977358818,37111.41594695526,95.52606626794572,101082726400.0,0.0003
resume_step16000_to35000,24110,2.5046329498291016,2.888906478881836,0.08330929279327393,37166.506845889926,95.6678721443347,101124669440.0,0.0003
resume_step16000_to35000,24120,2.5118727684020996,3.1286888122558594,0.09180557727813721,37137.58395425876,95.59342362244135,101166612480.0,0.0003
resume_step16000_to35000,24130,2.5308570861816406,2.885589361190796,0.11193731427192688,37140.96306216298,95.60212156288227,101208555520.0,0.0003
resume_step16000_to35000,24140,2.5166890621185303,2.87477970123291,0.08604408800601959,37148.43049836545,95.62134300155088,101250498560.0,0.0003
resume_step16000_to35000,24150,2.5101447105407715,2.913039445877075,0.08818534761667252,37123.197697092124,95.55639289967367,101292441600.0,0.0003
resume_step16000_to35000,24160,2.514403820037842,2.856722831726074,0.08386385440826416,37217.28881901961,95.79858669689547,101334384640.0,0.0003
resume_step16000_to35000,24170,2.5282416343688965,3.1665093898773193,0.10955775529146194,37134.797570247916,95.58625137377135,101376327680.0,0.0003
resume_step16000_to35000,24180,2.4553918838500977,2.819157123565674,0.08813978731632233,37178.00536468298,95.69746972880245,101418270720.0,0.0003
resume_step16000_to35000,24190,2.4973409175872803,2.8402554988861084,0.10118529945611954,37162.3823333662,95.65725550666104,101460213760.0,0.0003
resume_step16000_to35000,24200,2.5171613693237305,2.976121664047241,0.07298590987920761,37190.21985739147,95.72891025485428,101502156800.0,0.0003
resume_step16000_to35000,24210,2.5261390209198,2.934119701385498,0.09606534242630005,37185.29926218806,95.71624447287091,101544099840.0,0.0003
resume_step16000_to35000,24220,2.5430781841278076,2.9049453735351562,0.07737740129232407,37221.128438408385,95.80847000980113,101586042880.0,0.0003
resume_step16000_to35000,24230,2.533219337463379,2.9076483249664307,0.09553892910480499,37185.64092206624,95.71712391719636,101627985920.0,0.0003
resume_step16000_to35000,24240,2.4898242950439453,2.916818618774414,0.07684222608804703,37239.28396008815,95.85520294959488,101669928960.0,0.0003
resume_step16000_to35000,24250,2.540318489074707,2.888754367828369,0.0625959113240242,37140.04077285902,95.59974755836319,101711872000.0,0.0003
resume_step16000_to35000,24260,2.5043907165527344,2.880329132080078,0.1061326414346695,37139.58276769277,95.59856863724832,101753815040.0,0.0003
resume_step16000_to35000,24270,2.5308642387390137,2.859318256378174,0.06365039944648743,37138.55014237112,95.59591062400929,101795758080.0,0.0003
resume_step16000_to35000,24280,2.509446144104004,2.924440383911133,0.10536015778779984,37259.34711019902,95.90684619084912,101837701120.0,0.0003
resume_step16000_to35000,24290,2.51545786857605,2.955418825149536,0.10086408257484436,37149.7814470617,95.62482039014922,101879644160.0,0.0003
resume_step16000_to35000,24300,2.53341007232666,2.9448776245117188,0.06907406449317932,37132.12120732768,95.57936232318806,101921587200.0,0.0003
resume_step16000_to35000,24310,2.5523414611816406,2.946164608001709,0.08589717745780945,37243.89394331226,95.86706920561676,101963530240.0,0.0003
resume_step16000_to35000,24320,2.5060245990753174,2.94105863571167,0.07505597919225693,37253.24059680794,95.8911278144957,102005473280.0,0.0003
resume_step16000_to35000,24330,2.561577320098877,3.031296491622925,0.11995141953229904,37205.731394590606,95.7688374872865,102047416320.0,0.0003
resume_step16000_to35000,24340,2.5411224365234375,3.079204559326172,0.07480749487876892,37247.12017190843,95.87537362943917,102089359360.0,0.0003
resume_step16000_to35000,24350,2.5122385025024414,3.1049468517303467,0.06865472346544266,37208.07824346652,95.77487835734011,102131302400.0,0.0003
resume_step16000_to35000,24360,2.4883761405944824,2.8876705169677734,0.0809202715754509,37177.21044030952,95.69542356601295,102173245440.0,0.0003
resume_step16000_to35000,24370,2.5473921298980713,3.106924057006836,0.10337763279676437,37133.5095463807,95.582935955856,102215188480.0,0.0003
resume_step16000_to35000,24380,2.4940295219421387,2.847242832183838,0.0651707649230957,37207.46719270784,95.77330549158499,102257131520.0,0.0003
resume_step16000_to35000,24390,2.4805610179901123,2.837724208831787,0.06748515367507935,37158.885747578315,95.64825517409054,102299074560.0,0.0003
resume_step16000_to35000,24400,2.5282468795776367,3.237006664276123,0.08734479546546936,37132.376900222815,95.58002048553035,102341017600.0,0.0003
resume_step16000_to35000,24410,2.5195045471191406,2.9260921478271484,0.1321990191936493,37132.34552363852,95.5799397211188,102382960640.0,0.0003
resume_step16000_to35000,24420,2.537904977798462,2.9925360679626465,0.0690658763051033,37100.17463528277,95.49713074348877,102424903680.0,0.0003
resume_step16000_to35000,24430,2.5191104412078857,2.886172294616699,0.07024536281824112,37136.845548872065,95.59152294147562,102466846720.0,0.0003
resume_step16000_to35000,24440,2.532233238220215,2.9612021446228027,0.07594180107116699,37165.303739249146,95.66477530629275,102508789760.0,0.0003
resume_step16000_to35000,24450,2.518073558807373,2.900782585144043,0.09576094895601273,37274.24450434662,95.94519259785763,102550732800.0,0.0003
resume_step16000_to35000,24460,2.551584243774414,2.968705177307129,0.10342822223901749,37194.530100873984,95.74000497042995,102592675840.0,0.0003
resume_step16000_to35000,24470,2.5326976776123047,3.126859426498413,0.08741988986730576,37132.5373823076,95.58043357195874,102634618880.0,0.0003
resume_step16000_to35000,24480,2.5070297718048096,2.9085006713867188,0.07381991297006607,37255.30082542278,95.89643091409907,102676561920.0,0.0003
resume_step16000_to35000,24490,2.544170379638672,3.0501174926757812,0.07668325304985046,37177.36164887411,95.69581278208008,102718504960.0,0.0003
resume_step16000_to35000,24500,2.5378262996673584,2.9348182678222656,0.10991007089614868,37197.42967004816,95.74746856161916,102760448000.0,0.0003
resume_step16000_to35000,24510,2.5349783897399902,2.8752121925354004,0.08679613471031189,37249.328349709234,95.88105755535653,102802391040.0,0.0003
resume_step16000_to35000,24520,2.5137939453125,2.8685755729675293,0.07899016886949539,37191.18368389,95.73139117754667,102844334080.0,0.0003
resume_step16000_to35000,24530,2.54860782623291,2.9729723930358887,0.10171230137348175,37260.5144018673,95.909850839915,102886277120.0,0.0003
resume_step16000_to35000,24540,2.5439305305480957,3.240445137023926,0.08509848266839981,37253.69415965719,95.8922953009332,102928220160.0,0.0003
resume_step16000_to35000,24550,2.505739212036133,2.9559192657470703,0.07320969551801682,37204.27953973683,95.76510036275396,102970163200.0,0.0003
resume_step16000_to35000,24560,2.508305311203003,2.8777284622192383,0.06531884521245956,37295.87719419241,96.00087588859265,103012106240.0,0.0003
resume_step16000_to35000,24570,2.5636022090911865,2.9739179611206055,0.14696793258190155,37249.71377607589,95.88204965613477,103054049280.0,0.0003
resume_step16000_to35000,24580,2.552928924560547,3.1024880409240723,0.07330627739429474,37213.242332102556,95.78817089982797,103095992320.0,0.0003
resume_step16000_to35000,24590,2.542198657989502,2.9414913654327393,0.07722557336091995,37133.65984524026,95.58332283031099,103137935360.0,0.0003
resume_step16000_to35000,24600,2.5133144855499268,2.8575286865234375,0.08537448197603226,37280.98101137948,95.96253259960142,103179878400.0,0.0003
resume_step16000_to35000,24610,2.51273775100708,2.890458345413208,0.07551269233226776,37183.9449664888,95.71275846897122,103221821440.0,0.0003
resume_step16000_to35000,24620,2.5104429721832275,2.9126765727996826,0.10229960829019547,37169.951525361386,95.67673886825416,103263764480.0,0.0003
resume_step16000_to35000,24630,2.54498028755188,3.1417648792266846,0.07928845286369324,37224.70082248833,95.81766544979305,103305707520.0,0.0003
resume_step16000_to35000,24640,2.5361673831939697,2.8825814723968506,0.06278662383556366,37167.47389877604,95.67036137186014,103347650560.0,0.0003
resume_step16000_to35000,24650,2.5487632751464844,2.8833088874816895,0.07221674919128418,37253.0332839617,95.89059418407004,103389593600.0,0.0003
resume_step16000_to35000,24660,2.536207675933838,3.061657190322876,0.06335539370775223,37178.366894392995,95.69840031876124,103431536640.0,0.0003
resume_step16000_to35000,24670,2.5356130599975586,2.877455949783325,0.08216497302055359,37216.93485380498,95.79767557820904,103473479680.0,0.0003
resume_step16000_to35000,24680,2.542438507080078,2.938844680786133,0.07182879745960236,37241.70650406491,95.86143866145217,103515422720.0,0.0003
resume_step16000_to35000,24690,2.4979288578033447,2.9160208702087402,0.07521060854196548,37115.73207993558,95.53717614329213,103557365760.0,0.0003
resume_step16000_to35000,24700,2.5304765701293945,2.866316318511963,0.1299370676279068,37135.90007260748,95.58908925291912,103599308800.0,0.0003
resume_step16000_to35000,24710,2.514749526977539,2.9399771690368652,0.059612903743982315,37112.23592026828,95.52817690757071,103641251840.0,0.0003
resume_step16000_to35000,24720,2.538799285888672,2.8899569511413574,0.08400209993124008,37180.60220146242,95.70415407635292,103683194880.0,0.0003
resume_step16000_to35000,24730,2.5129518508911133,2.8902149200439453,0.0646924301981926,37156.298097802086,95.64159447420359,103725137920.0,0.0003
resume_step16000_to35000,24740,2.5755560398101807,3.2234418392181396,0.09330257773399353,37112.60535734118,95.52912785135464,103767080960.0,0.0003
resume_step16000_to35000,24750,2.5526890754699707,2.8963584899902344,0.06210440769791603,37096.66226653795,95.48808978504205,103809024000.0,0.0003
resume_step16000_to35000,24760,2.5032408237457275,2.8763155937194824,0.07316074520349503,37095.411645371154,95.48487064296927,103850967040.0,0.0003
resume_step16000_to35000,24770,2.5404438972473145,3.200193405151367,0.07968379557132721,37218.49396206937,95.80168877672443,103892910080.0,0.0003
resume_step16000_to35000,24780,2.525160074234009,2.923901081085205,0.06378182768821716,37128.66795421702,95.5704735304252,103934853120.0,0.0003
resume_step16000_to35000,24790,2.511445999145508,2.8939177989959717,0.06415902823209763,37154.41332170746,95.63674299544643,103976796160.0,0.0003
resume_step16000_to35000,24800,2.516806125640869,2.8532190322875977,0.10844491422176361,37259.003808572874,95.9059625206077,104018739200.0,0.0003
resume_step16000_to35000,24810,2.577148914337158,5.064788818359375,0.11827053874731064,37127.585885138076,95.5676882472474,104060682240.0,0.0003
resume_step16000_to35000,24820,2.5040791034698486,3.1475653648376465,0.06970364600419998,37108.790588090305,95.51930850356213,104102625280.0,0.0003
resume_step16000_to35000,24830,2.5103492736816406,2.993999481201172,0.0640595480799675,37192.274354819005,95.7341986021836,104144568320.0,0.0003
resume_step16000_to35000,24840,2.496675491333008,2.885894298553467,0.08587896823883057,37192.54242035105,95.73488861212056,104186511360.0,0.0003
resume_step16000_to35000,24850,2.522104501724243,2.9144158363342285,0.09129487723112106,37156.933655139044,95.64323042073752,104228454400.0,0.0003
resume_step16000_to35000,24860,2.5312089920043945,2.9228601455688477,0.07357174158096313,37158.82002695366,95.64808600693306,104270397440.0,0.0003
resume_step16000_to35000,24870,2.567185640335083,2.8948538303375244,0.08146992325782776,37238.19276159266,95.85239416698363,104312340480.0,0.0003
resume_step16000_to35000,24880,2.5111334323883057,2.8441715240478516,0.07546326518058777,37256.07287681655,95.89841820104895,104354283520.0,0.0003
resume_step16000_to35000,24890,2.4986658096313477,2.9865164756774902,0.09813545644283295,37199.52251433746,95.75285561509496,104396226560.0,0.0003
resume_step16000_to35000,24900,2.534209966659546,3.083218574523926,0.06935305893421173,37206.60439155095,95.77108461161085,104438169600.0,0.0003
resume_step16000_to35000,24910,2.517930507659912,2.917882204055786,0.06829891353845596,37119.712530148085,95.54742195960156,104480112640.0,0.0003
resume_step16000_to35000,24920,2.5495755672454834,3.054965019226074,0.11273051798343658,37213.8059212063,95.78962159764423,104522055680.0,0.0003
resume_step16000_to35000,24930,2.521656036376953,2.901601791381836,0.09262881428003311,37157.94160843061,95.64582492731907,104563998720.0,0.0003
resume_step16000_to35000,24940,2.5721397399902344,3.7938995361328125,0.15904290974140167,37217.74777353739,95.79976806167396,104605941760.0,0.0003
resume_step16000_to35000,24950,2.553100109100342,2.8848671913146973,0.05966615304350853,37116.637626637996,95.53950705177665,104647884800.0,0.0003
resume_step16000_to35000,24960,2.5277414321899414,2.9414772987365723,0.09912948310375214,37118.071790817274,95.5431986399021,104689827840.0,0.0003
resume_step16000_to35000,24970,2.5189948081970215,2.9035677909851074,0.0699051171541214,37132.37861170779,95.58002489095178,104731770880.0,0.0003
resume_step16000_to35000,24980,2.503396987915039,2.9726099967956543,0.0865236446261406,37132.13956046486,95.57940956479699,104773713920.0,0.0003
resume_step16000_to35000,24990,2.505966901779175,2.8321495056152344,0.10499253123998642,37132.058788660455,95.57920165538305,104815656960.0,0.0003
resume_step16000_to35000,25000,2.5094075202941895,2.8523366451263428,0.1270112544298172,37135.182598564825,95.5872424499558,104857600000.0,0.0003
resume_step16000_to35000,25010,2.5183258056640625,2.887160539627075,0.07045245170593262,33700.26660749978,86.74565006619157,104899543040.0,0.0003
resume_step16000_to35000,25020,2.5207605361938477,3.048032283782959,0.07646656781435013,37148.90029713089,95.62255227979732,104941486080.0,0.0003
resume_step16000_to35000,25030,2.561591148376465,3.3918044567108154,0.08438962697982788,37260.80182235891,95.91059067018628,104983429120.0,0.0003
resume_step16000_to35000,25040,2.518538475036621,2.8950088024139404,0.08137078583240509,37156.03970341098,95.64092935811739,105025372160.0,0.0003
resume_step16000_to35000,25050,2.527784824371338,2.9216041564941406,0.06721694022417068,37156.22425272152,95.64140439441603,105067315200.0,0.0003
resume_step16000_to35000,25060,2.5021214485168457,2.9236865043640137,0.0845692977309227,37222.19762613029,95.81122213592107,105109258240.0,0.0003
resume_step16000_to35000,25070,2.5201714038848877,2.9577889442443848,0.0840425044298172,37190.309467737294,95.72914091497907,105151201280.0,0.0003
resume_step16000_to35000,25080,2.546729803085327,2.966920852661133,0.10945428162813187,37256.77984795671,95.90023796917853,105193144320.0,0.0003
resume_step16000_to35000,25090,2.5167644023895264,2.970961332321167,0.06711889058351517,37144.49185580675,95.61120479958612,105235087360.0,0.0003
resume_step16000_to35000,25100,2.5406312942504883,2.8551487922668457,0.07393506914377213,37129.895614267756,95.57363356979229,105277030400.0,0.0003
resume_step16000_to35000,25110,2.531766891479492,2.919537305831909,0.09255170077085495,37174.440096234845,95.68829260469255,105318973440.0,0.0003
resume_step16000_to35000,25120,2.507727861404419,2.808603048324585,0.07732424139976501,37144.47288098914,95.6111559577503,105360916480.0,0.0003
resume_step16000_to35000,25130,2.525176763534546,2.975961208343506,0.08525298535823822,37151.08471353917,95.62817504306976,105402859520.0,0.0003
resume_step16000_to35000,25140,2.5221049785614014,2.8600354194641113,0.12857766449451447,37191.335028377485,95.73178074348405,105444802560.0,0.0003
resume_step16000_to35000,25150,2.5432515144348145,2.961996555328369,0.06371252983808517,37206.586664947696,95.77103898272189,105486745600.0,0.0003
resume_step16000_to35000,25160,2.5218191146850586,2.935967206954956,0.09904248267412186,37285.51913503937,95.97421388662336,105528688640.0,0.0003
resume_step16000_to35000,25170,2.493995189666748,2.8516221046447754,0.09184252470731735,37221.32544999612,95.80897712443164,105570631680.0,0.0003
resume_step16000_to35000,25180,2.5035550594329834,3.003566026687622,0.0888533666729927,37209.06911715081,95.7774289004227,105612574720.0,0.0003
resume_step16000_to35000,25190,2.537071704864502,3.065666437149048,0.08108910918235779,37160.06572480609,95.65129247622464,105654517760.0,0.0003
resume_step16000_to35000,25200,2.512622594833374,2.849637031555176,0.09089156240224838,37205.78366157691,95.76897202431425,105696460800.0,0.0003
resume_step16000_to35000,25210,2.5858845710754395,3.4593663215637207,0.06271344423294067,37249.160770763316,95.8806262013625,105738403840.0,0.0003
resume_step16000_to35000,25220,2.5117874145507812,2.842284679412842,0.09622401744127274,37225.424397566094,95.81952795703144,105780346880.0,0.0003
resume_step16000_to35000,25230,2.508544921875,2.9448728561401367,0.10893929749727249,37207.55410103018,95.77352919660804,105822289920.0,0.0003
resume_step16000_to35000,25240,2.4811177253723145,2.9037210941314697,0.08037117123603821,37246.90869334164,95.87482927630496,105864232960.0,0.0003
resume_step16000_to35000,25250,2.53914213180542,2.8994405269622803,0.07265053689479828,37172.909748694765,95.68435343727475,105906176000.0,0.0003
resume_step16000_to35000,25260,2.5043447017669678,2.9365172386169434,0.10211873799562454,37165.09954742576,95.66424970948772,105948119040.0,0.0003
resume_step16000_to35000,25270,2.520439386367798,3.068680763244629,0.07427430897951126,37174.963387383206,95.68963957417998,105990062080.0,0.0003
resume_step16000_to35000,25280,2.5268688201904297,2.8997089862823486,0.09206656366586685,37127.93193622993,95.56857899470849,106032005120.0,0.0003
resume_step16000_to35000,25290,2.4961190223693848,2.8099989891052246,0.08030027896165848,37147.42562139318,95.61875641352142,106073948160.0,0.0003
resume_step16000_to35000,25300,2.5135364532470703,2.911858081817627,0.09451350569725037,37168.38887569605,95.67271655405044,106115891200.0,0.0003
resume_step16000_to35000,25310,2.520911693572998,3.0050230026245117,0.08615279197692871,37162.306861476005,95.6570612394093,106157834240.0,0.0003
resume_step16000_to35000,25320,2.503230571746826,2.849801778793335,0.07592373341321945,37159.088667053205,95.64877749582662,106199777280.0,0.0003
resume_step16000_to35000,25330,2.477623462677002,2.8946290016174316,0.08852654695510864,37153.88306725048,95.63537810216214,106241720320.0,0.0003
resume_step16000_to35000,25340,2.5032713413238525,2.993086814880371,0.07078361511230469,37262.57221254744,95.91514771567093,106283663360.0,0.0003
resume_step16000_to35000,25350,2.5439155101776123,2.9603238105773926,0.09144578874111176,37139.43189262117,95.59818027960364,106325606400.0,0.0003
resume_step16000_to35000,25360,2.5416224002838135,2.975370407104492,0.0837656781077385,37268.09047952162,95.9293519254325,106367549440.0,0.0003
resume_step16000_to35000,25370,2.4941720962524414,2.813683271408081,0.08619087934494019,37173.065282690935,95.68475378715218,106409492480.0,0.0003
resume_step16000_to35000,25380,2.5439634323120117,2.8778631687164307,0.1548830270767212,37230.05167664642,95.83143873318451,106451435520.0,0.0003
resume_step16000_to35000,25390,2.4847939014434814,2.854525566101074,0.06462781131267548,37178.70343762156,95.6992665926539,106493378560.0,0.0003
resume_step16000_to35000,25400,2.53147554397583,2.844132900238037,0.07769488543272018,37147.92990342944,95.62005445289783,106535321600.0,0.0003
resume_step16000_to35000,25410,2.5230751037597656,2.970104694366455,0.1023683100938797,37124.73556501205,95.56035142480891,106577264640.0,0.0003
resume_step16000_to35000,25420,2.5132083892822266,2.8417510986328125,0.09022810310125351,37116.41785870483,95.53894136152712,106619207680.0,0.0003
resume_step16000_to35000,25430,2.4927783012390137,2.843459367752075,0.09944526106119156,37251.37970561411,95.88633781629802,106661150720.0,0.0003
resume_step16000_to35000,25440,2.5416975021362305,2.896683692932129,0.05207563936710358,37133.98055961503,95.58414836018734,106703093760.0,0.0003
resume_step16000_to35000,25450,2.5181407928466797,2.8679916858673096,0.06959284842014313,37209.83384409778,95.7793973339936,106745036800.0,0.0003
resume_step16000_to35000,25460,2.546919345855713,2.9863414764404297,0.07969660311937332,37205.261778343105,95.76762867884752,106786979840.0,0.0003
resume_step16000_to35000,25470,2.4806008338928223,2.881770610809326,0.13387593626976013,37203.40347763816,95.76284534865768,106828922880.0,0.0003
resume_step16000_to35000,25480,2.526334762573242,2.890751361846924,0.07096423208713531,37158.89821945289,95.6482872771264,106870865920.0,0.0003
resume_step16000_to35000,25490,2.5129318237304688,2.88169527053833,0.14658871293067932,37110.857956715095,95.52462998179767,106912808960.0,0.0003
resume_step16000_to35000,25500,2.5426316261291504,3.063286304473877,0.095314621925354,37117.77571833809,95.542436539116,106954752000.0,0.0003
resume_step16000_to35000,25510,2.5769243240356445,3.179448127746582,0.0951799601316452,37130.715729020674,95.57574457348848,106996695040.0,0.0003
resume_step16000_to35000,25520,2.533862590789795,2.9967308044433594,0.1135956197977066,32052.497677856594,82.50423593657868,107038638080.0,0.0003
resume_step16000_to35000,25530,2.4987692832946777,2.855945587158203,0.06746134161949158,37260.826099075515,95.91065315929322,107080581120.0,0.0003
resume_step16000_to35000,25540,2.5385143756866455,2.8801770210266113,0.0749959796667099,37168.03666841784,95.67180996035304,107122524160.0,0.0003
resume_step16000_to35000,25550,2.5205068588256836,2.854084014892578,0.08840277791023254,37151.81545142625,95.63005598762669,107164467200.0,0.0003
resume_step16000_to35000,25560,2.546820640563965,2.898355722427368,0.0671856477856636,37130.14915907124,95.57428620287249,107206410240.0,0.0003
resume_step16000_to35000,25570,2.5733227729797363,3.5192666053771973,0.08245144039392471,37139.93647122201,95.59947908234753,107248353280.0,0.0003
resume_step16000_to35000,25580,2.4881763458251953,3.0429182052612305,0.0806727260351181,37259.376230678754,95.90692114796961,107290296320.0,0.0003
resume_step16000_to35000,25590,2.4858720302581787,2.994889736175537,0.09888967126607895,37159.68262123834,95.650306354411,107332239360.0,0.0003
resume_step16000_to35000,25600,2.5256600379943848,2.8932366371154785,0.0818653553724289,37161.28865909893,95.65444035132772,107374182400.0,0.0003
resume_step16000_to35000,25610,2.532413959503174,2.970700740814209,0.09413294494152069,37206.90124167709,95.77184871408708,107416125440.0,0.0003
resume_step16000_to35000,25620,2.513340473175049,2.9906492233276367,0.08314818888902664,37206.10297631495,95.76979395147731,107458068480.0,0.0003
resume_step16000_to35000,25630,2.492605209350586,2.9429197311401367,0.1152682900428772,37220.63119356347,95.80719008439827,107500011520.0,0.0003
resume_step16000_to35000,25640,2.5142464637756348,2.8866677284240723,0.10208974778652191,37172.72252132579,95.68387150756124,107541954560.0,0.0003
resume_step16000_to35000,25650,2.4930245876312256,3.006096363067627,0.08181615173816681,37224.89855477284,95.81817441952194,107583897600.0,0.0003
resume_step16000_to35000,25660,2.5288407802581787,2.901726007461548,0.07167024165391922,37172.68410598953,95.68377262515904,107625840640.0,0.0003
resume_step16000_to35000,25670,2.494223117828369,2.8976428508758545,0.08198575675487518,37159.02305522744,95.64860860872122,107667783680.0,0.0003
resume_step16000_to35000,25680,2.491485595703125,3.0903170108795166,0.0862426832318306,37219.8050282901,95.8050635064535,107709726720.0,0.0003
resume_step16000_to35000,25690,2.513338565826416,2.84639835357666,0.08380861580371857,37208.126057594636,95.77500143255712,107751669760.0,0.0003
resume_step16000_to35000,25700,2.5186431407928467,2.9364256858825684,0.07602054625749588,37186.01536143475,95.71808773706195,107793612800.0,0.0003
resume_step16000_to35000,25710,2.5241403579711914,3.222418785095215,0.05882649123668671,37148.06299141249,95.6203970259623,107835555840.0,0.0003
resume_step16000_to35000,25720,2.507383346557617,2.865730047225952,0.07507289201021194,37231.61579516843,95.83546482827606,107877498880.0,0.0003
resume_step16000_to35000,25730,2.546206474304199,2.9697844982147217,0.07917206734418869,37201.036616732905,95.75675296694943,107919441920.0,0.0003
resume_step16000_to35000,25740,2.538083553314209,3.0514986515045166,0.09185381978750229,37130.764243879494,95.57586945241053,107961384960.0,0.0003
resume_step16000_to35000,25750,2.523071050643921,3.0561113357543945,0.15343408286571503,37181.75783182631,95.70712870881859,108003328000.0,0.0003
resume_step16000_to35000,25760,2.514937400817871,2.8293328285217285,0.08355634659528732,37298.34263458474,96.007222017305,108045271040.0,0.0003
resume_step16000_to35000,25770,2.5060908794403076,2.884551763534546,0.06509116291999817,37171.47937660229,95.68067161011169,108087214080.0,0.0003
resume_step16000_to35000,25780,2.4995415210723877,2.8657174110412598,0.07825970649719238,37255.475089677515,95.89687947630887,108129157120.0,0.0003
resume_step16000_to35000,25790,2.5481271743774414,2.8613338470458984,0.09447208791971207,37183.05449816879,95.71046637276373,108171100160.0,0.0003
resume_step16000_to35000,25800,2.5449533462524414,3.013650417327881,0.06275776028633118,37316.93819647987,96.05508763580964,108213043200.0,0.0003
resume_step16000_to35000,25810,2.516212224960327,2.8466262817382812,0.06380483508110046,37182.142235514206,95.70811817718639,108254986240.0,0.0003
resume_step16000_to35000,25820,2.494894027709961,2.830702066421509,0.15807735919952393,37311.10428437049,96.04007094456945,108296929280.0,0.0003
resume_step16000_to35000,25830,2.5072953701019287,2.8807239532470703,0.06578823179006577,37139.32693983799,95.59791012751526,108338872320.0,0.0003
resume_step16000_to35000,25840,2.520786762237549,2.901322364807129,0.08930926024913788,37142.97480268221,95.60729985245304,108380815360.0,0.0003
resume_step16000_to35000,25850,2.52872371673584,2.933093547821045,0.08135788142681122,37161.469871162146,95.65490679743648,108422758400.0,0.0003
resume_step16000_to35000,25860,2.496091365814209,3.052199363708496,0.13115064799785614,37174.985607059745,95.68969676839474,108464701440.0,0.0003
resume_step16000_to35000,25870,2.5017523765563965,2.868828535079956,0.08505036681890488,37146.68554019141,95.6168514189498,108506644480.0,0.0003
resume_step16000_to35000,25880,2.5028090476989746,2.9498560428619385,0.08028798550367355,37164.38364964066,95.66240696386578,108548587520.0,0.0003
resume_step16000_to35000,25890,2.5223851203918457,2.8737902641296387,0.12217248976230621,37176.29035151527,95.69305522568182,108590530560.0,0.0003
resume_step16000_to35000,25900,2.4910411834716797,2.910761833190918,0.06143719702959061,37179.656075762796,95.70171871612821,108632473600.0,0.0003
resume_step16000_to35000,25910,2.514092445373535,3.1064882278442383,0.06570601463317871,37179.8951601921,95.70233412770588,108674416640.0,0.0003
resume_step16000_to35000,25920,2.4856185913085938,2.834338665008545,0.07842570543289185,37185.428024785375,95.71657591224313,108716359680.0,0.0003
resume_step16000_to35000,25930,2.4954142570495605,3.081380844116211,0.08803138881921768,37182.3707492747,95.70870637949747,108758302720.0,0.0003
resume_step16000_to35000,25940,2.541665554046631,2.8776488304138184,0.12417303025722504,37176.77152444277,95.69429378141422,108800245760.0,0.0003
resume_step16000_to35000,25950,2.5371670722961426,3.218810558319092,0.08317957073450089,37234.178119143464,95.8420603386761,108842188800.0,0.0003
resume_step16000_to35000,25960,2.5291495323181152,2.9706854820251465,0.07731065899133682,37238.18856471829,95.85238336408405,108884131840.0,0.0003
resume_step16000_to35000,25970,2.486499071121216,2.7993650436401367,0.060821596533060074,37269.34319243524,95.93257645173387,108926074880.0,0.0003
resume_step16000_to35000,25980,2.511147975921631,2.9614808559417725,0.08959277719259262,37285.43085660138,95.97398665487532,108968017920.0,0.0003
resume_step16000_to35000,25990,2.4991941452026367,3.1064038276672363,0.07837938517332077,37254.816013436626,95.89518299130401,109009960960.0,0.0003
resume_step16000_to35000,26000,2.5080819129943848,2.961984634399414,0.12363281100988388,37221.34698633202,95.809032559704,109051904000.0,0.0003
resume_step16000_to35000,26010,2.476470708847046,3.096339464187622,0.08172507584095001,33563.85631327992,86.39452525802197,109093847040.0,0.0003
resume_step16000_to35000,26020,2.4802613258361816,2.875153064727783,0.07163287699222565,37178.713671279416,95.69929293444262,109135790080.0,0.0003
resume_step16000_to35000,26030,2.5104143619537354,2.9161224365234375,0.06582767516374588,37295.83130213997,96.00075776086481,109177733120.0,0.0003
resume_step16000_to35000,26040,2.467925548553467,2.905766725540161,0.06475532799959183,37177.96355437275,95.69736210762002,109219676160.0,0.0003
resume_step16000_to35000,26050,2.509697437286377,2.830561637878418,0.15059860050678253,37146.35057323117,95.61598920242626,109261619200.0,0.0003
resume_step16000_to35000,26060,2.531681537628174,3.0245163440704346,0.07009271532297134,37118.651226483205,95.5446901273167,109303562240.0,0.0003
resume_step16000_to35000,26070,2.487560987472534,2.8551483154296875,0.1276092380285263,37147.43122335885,95.61877083317451,109345505280.0,0.0003
resume_step16000_to35000,26080,2.5134196281433105,3.0262460708618164,0.06605386734008789,37248.11918826394,95.87794513203868,109387448320.0,0.0003
resume_step16000_to35000,26090,2.5096523761749268,2.8560709953308105,0.08862492442131042,37150.318537153646,95.62620287859397,109429391360.0,0.0003
resume_step16000_to35000,26100,2.5124619007110596,2.8601274490356445,0.07075098156929016,37154.618878048794,95.63727210456778,109471334400.0,0.0003
resume_step16000_to35000,26110,2.5274593830108643,2.950673818588257,0.08835297077894211,37246.480263950674,95.87372648425706,109513277440.0,0.0003
resume_step16000_to35000,26120,2.47934889793396,2.855161190032959,0.09168309718370438,37202.09514730408,95.75947766119535,109555220480.0,0.0003
resume_step16000_to35000,26130,2.5317821502685547,3.794410228729248,0.08713746070861816,37126.41564127028,95.56467599911802,109597163520.0,0.0003
resume_step16000_to35000,26140,2.471604585647583,2.8520865440368652,0.1021745353937149,37152.7405065751,95.63243711152606,109639106560.0,0.0003
resume_step16000_to35000,26150,2.5141191482543945,2.9093241691589355,0.1066567599773407,37209.19862643738,95.77776226179886,109681049600.0,0.0003
resume_step16000_to35000,26160,2.5120046138763428,2.895409107208252,0.09941187500953674,37242.93116807501,95.86459098890721,109722992640.0,0.0003
resume_step16000_to35000,26170,2.502774477005005,2.87528133392334,0.07978778332471848,37316.55923430407,96.0541121740819,109764935680.0,0.0003
resume_step16000_to35000,26180,2.517789840698242,2.922194242477417,0.08916991949081421,37156.66598580013,95.64254143061535,109806878720.0,0.0003
resume_step16000_to35000,26190,2.513211250305176,2.8961780071258545,0.06505034863948822,37163.94959187295,95.66128968418175,109848821760.0,0.0003
resume_step16000_to35000,26200,2.527372360229492,3.049041748046875,0.09294945746660233,37291.721361805816,95.99017863251036,109890764800.0,0.0003
resume_step16000_to35000,26210,2.541287422180176,2.8890724182128906,0.08483538776636124,37122.1703070031,95.55374836210423,109932707840.0,0.0003
resume_step16000_to35000,26220,2.5326120853424072,2.999751091003418,0.07415920495986938,37131.043028836415,95.5765870545173,109974650880.0,0.0003
resume_step16000_to35000,26230,2.4946136474609375,2.907869338989258,0.07631493359804153,37141.420122476986,95.60329805191483,110016593920.0,0.0003
resume_step16000_to35000,26240,2.505671501159668,2.920612096786499,0.1191115528345108,37135.28790774415,95.58751351942016,110058536960.0,0.0003
resume_step16000_to35000,26250,2.491929292678833,2.8621716499328613,0.07525765895843506,37125.06100960811,95.5611891304382,110100480000.0,0.0003
resume_step16000_to35000,26260,2.5180556774139404,2.896275520324707,0.07132846862077713,37147.75498453485,95.61960420562244,110142423040.0,0.0003
resume_step16000_to35000,26270,2.521554470062256,2.9367823600769043,0.2238878607749939,37299.64380879764,96.01057128466428,110184366080.0,0.0003
resume_step16000_to35000,26280,2.5120491981506348,2.8963706493377686,0.07508344203233719,37167.86874080131,95.6713777088688,110226309120.0,0.0003
resume_step16000_to35000,26290,2.5045859813690186,2.8275394439697266,0.06649873405694962,37144.49903371221,95.61122327576264,110268252160.0,0.0003
resume_step16000_to35000,26300,2.4952847957611084,3.0217509269714355,0.12480782717466354,37211.9356582736,95.78480747626703,110310195200.0,0.0003
resume_step16000_to35000,26310,2.5149269104003906,2.9352383613586426,0.08142522722482681,37201.73771315144,95.75855761334267,110352138240.0,0.0003
resume_step16000_to35000,26320,2.491792678833008,2.8387975692749023,0.08713053911924362,37143.33788915913,95.60823444958359,110394081280.0,0.0003
resume_step16000_to35000,26330,2.514258861541748,2.90435791015625,0.08309874683618546,37144.01565283682,95.60997903669613,110436024320.0,0.0003
resume_step16000_to35000,26340,2.49924373626709,2.974013328552246,0.10272841900587082,37126.78712848053,95.5656322200263,110477967360.0,0.0003
resume_step16000_to35000,26350,2.5199027061462402,2.9687912464141846,0.0786474421620369,37125.900782640674,95.56335073522509,110519910400.0,0.0003
resume_step16000_to35000,26360,2.551459312438965,3.064147472381592,0.0921650305390358,37142.641273026864,95.60644133560191,110561853440.0,0.0003
resume_step16000_to35000,26370,2.4935288429260254,2.9575812816619873,0.08685680478811264,37151.358024654495,95.62887855531923,110603796480.0,0.0003
resume_step16000_to35000,26380,2.5069479942321777,2.8417558670043945,0.05806933715939522,37184.13831337062,95.71325615052214,110645739520.0,0.0003
resume_step16000_to35000,26390,2.495741844177246,2.8388407230377197,0.1144556775689125,37226.67255840122,95.82274076612552,110687682560.0,0.0003
resume_step16000_to35000,26400,2.503530502319336,2.8389339447021484,0.09717700630426407,37245.91585089179,95.87227366555183,110729625600.0,0.0003
resume_step16000_to35000,26410,2.5228562355041504,2.905794620513916,0.06982534378767014,37180.12427907158,95.70292388761413,110771568640.0,0.0003
resume_step16000_to35000,26420,2.469794273376465,2.8539414405822754,0.07258806377649307,37202.35597558769,95.76014904220493,110813511680.0,0.0003
resume_step16000_to35000,26430,2.5144155025482178,2.9188880920410156,0.0969696044921875,37187.54416325461,95.72202292574252,110855454720.0,0.0003
resume_step16000_to35000,26440,2.488663911819458,2.9386091232299805,0.06929168850183487,37153.4696973181,95.6343140736807,110897397760.0,0.0003
resume_step16000_to35000,26450,2.541508436203003,2.9475104808807373,0.0804591104388237,37234.60451072131,95.84315788532265,110939340800.0,0.0003
resume_step16000_to35000,26460,2.5155720710754395,2.857306957244873,0.05245063081383705,37159.58175319623,95.6500467165872,110981283840.0,0.0003
resume_step16000_to35000,26470,2.4964184761047363,2.9068827629089355,0.0767182856798172,37253.45096457306,95.89166930838805,111023226880.0,0.0003
resume_step16000_to35000,26480,2.5373358726501465,3.284484386444092,0.07468142360448837,37189.75741652496,95.72771991609376,111065169920.0,0.0003
resume_step16000_to35000,26490,2.5351901054382324,3.5537142753601074,0.09321792423725128,37141.902371783,95.60453937828271,111107112960.0,0.0003
resume_step16000_to35000,26500,2.5299673080444336,2.91288423538208,0.07273643463850021,37275.56488020343,95.94859129091142,111149056000.0,0.0003
resume_step16000_to35000,26510,2.4980645179748535,2.867635726928711,0.0817236602306366,37159.92880663719,95.65094004412951,111190999040.0,0.0003
resume_step16000_to35000,26520,2.5229949951171875,2.914414167404175,0.058177631348371506,37196.52312100341,95.74513507307084,111232942080.0,0.0003
resume_step16000_to35000,26530,2.4948511123657227,3.1907505989074707,0.11194997280836105,37270.36042029074,95.93519483136326,111274885120.0,0.0003
resume_step16000_to35000,26540,2.5392024517059326,3.2773118019104004,0.10223428159952164,37151.01899733721,95.62800588729644,111316828160.0,0.0003
resume_step16000_to35000,26550,2.5108156204223633,2.88106369972229,0.12036524713039398,37184.820694702874,95.715012623637,111358771200.0,0.0003
resume_step16000_to35000,26560,2.554469108581543,2.9583797454833984,0.06931598484516144,37250.04760432283,95.88290894157095,111400714240.0,0.0003
resume_step16000_to35000,26570,2.4830081462860107,2.8468289375305176,0.08507876098155975,37255.95951852825,95.89812641290013,111442657280.0,0.0003
resume_step16000_to35000,26580,2.5134761333465576,3.1614718437194824,0.07817477732896805,37217.04160568635,95.79795036123829,111484600320.0,0.0003
resume_step16000_to35000,26590,2.5113494396209717,2.86769962310791,0.07560165971517563,37159.47698997659,95.6497770524419,111526543360.0,0.0003
resume_step16000_to35000,26600,2.5076305866241455,3.0673866271972656,0.07678210735321045,37165.69775527032,95.66578951713836,111568486400.0,0.0003
resume_step16000_to35000,26610,2.5128581523895264,3.119447708129883,0.09226992726325989,37248.66338943022,95.87934592463434,111610429440.0,0.0003
resume_step16000_to35000,26620,2.483211040496826,2.889521598815918,0.07279026508331299,37238.14908709913,95.852281747329,111652372480.0,0.0003
resume_step16000_to35000,26630,2.50174617767334,2.941655158996582,0.09634169191122055,37150.69790853763,95.62717939363772,111694315520.0,0.0003
resume_step16000_to35000,26640,2.4839580059051514,2.815657615661621,0.07433289289474487,37217.057948347574,95.79799242781266,111736258560.0,0.0003
resume_step16000_to35000,26650,2.497563362121582,2.895134449005127,0.09575427323579788,37229.29584811397,95.82949320443991,111778201600.0,0.0003
resume_step16000_to35000,26660,2.517495632171631,2.9329464435577393,0.08391347527503967,37277.66628562637,95.95400038104086,111820144640.0,0.0003
resume_step16000_to35000,26670,2.5116848945617676,2.945277214050293,0.10092615336179733,37147.48470164392,95.61890848812713,111862087680.0,0.0003
resume_step16000_to35000,26680,2.5605762004852295,3.1972169876098633,0.07439401745796204,37139.27781541619,95.59778367955708,111904030720.0,0.0003
resume_step16000_to35000,26690,2.498945474624634,2.877434730529785,0.11062029004096985,37196.510827605525,95.74510342944014,111945973760.0,0.0003
resume_step16000_to35000,26700,2.471640110015869,2.8241870403289795,0.0780278742313385,37261.40688393479,95.91214811957803,111987916800.0,0.0003
resume_step16000_to35000,26710,2.5214622020721436,2.945986270904541,0.1092129796743393,37156.76198945468,95.6427885473376,112029859840.0,0.0003
resume_step16000_to35000,26720,2.5147719383239746,2.8364686965942383,0.09084436297416687,37138.54983090481,95.59590982228427,112071802880.0,0.0003
resume_step16000_to35000,26730,2.5106239318847656,3.0473074913024902,0.07254470139741898,37186.19033071504,95.71853811403187,112113745920.0,0.0003
resume_step16000_to35000,26740,2.5073914527893066,2.9028072357177734,0.0882551372051239,37273.99637380131,95.94455390126494,112155688960.0,0.0003
resume_step16000_to35000,26750,2.5221152305603027,2.9436373710632324,0.07527755200862885,37240.796832640546,95.8590971357909,112197632000.0,0.0003
resume_step16000_to35000,26760,2.523258686065674,3.016958236694336,0.0752728134393692,37161.00671321692,95.6537146128906,112239575040.0,0.0003
resume_step16000_to35000,26770,2.5023889541625977,2.9533748626708984,0.07119879126548767,37304.24495961346,96.02241480576218,112281518080.0,0.0003
resume_step16000_to35000,26780,2.4764914512634277,2.873079776763916,0.07683631032705307,37188.12946922639,95.72352952352706,112323461120.0,0.0003
resume_step16000_to35000,26790,2.4986813068389893,2.8623342514038086,0.07663267850875854,37241.70538024422,95.8614357686989,112365404160.0,0.0003
resume_step16000_to35000,26800,2.520965099334717,3.2382736206054688,0.11255715042352676,37163.38589233456,95.65983870210293,112407347200.0,0.0003
resume_step16000_to35000,26810,2.4909005165100098,2.896094560623169,0.061222560703754425,37132.26077249951,95.57972156876016,112449290240.0,0.0003
resume_step16000_to35000,26820,2.516342878341675,2.9614644050598145,0.11863954365253448,37151.25573914438,95.62861526888382,112491233280.0,0.0003
resume_step16000_to35000,26830,2.4463894367218018,2.855228900909424,0.08475271612405777,37245.86156492305,95.87213393159355,112533176320.0,0.0003
resume_step16000_to35000,26840,2.504159688949585,2.8735175132751465,0.0802556499838829,37141.33534044603,95.60307982003926,112575119360.0,0.0003
resume_step16000_to35000,26850,2.494586229324341,2.928488254547119,0.07777959853410721,37136.1621347536,95.58976380993339,112617062400.0,0.0003
resume_step16000_to35000,26860,2.5119271278381348,2.9715723991394043,0.10142239928245544,37158.09323556465,95.64621522079845,112659005440.0,0.0003
resume_step16000_to35000,26870,2.511000394821167,2.886904716491699,0.06641048192977905,37178.909365150124,95.699796657224,112700948480.0,0.0003
resume_step16000_to35000,26880,2.4816670417785645,2.9075608253479004,0.0974292978644371,37246.61006878776,95.87406060639046,112742891520.0,0.0003
resume_step16000_to35000,26890,2.483102321624756,2.89619517326355,0.07411261647939682,37239.59980522226,95.8560159458776,112784834560.0,0.0003
resume_step16000_to35000,26900,2.508725166320801,2.8618216514587402,0.07033032923936844,37203.0614871009,95.76196505320434,112826777600.0,0.0003
resume_step16000_to35000,26910,2.4877781867980957,2.880096912384033,0.09601806849241257,37204.68956553759,95.7661557833251,112868720640.0,0.0003
resume_step16000_to35000,26920,2.474846363067627,2.974255084991455,0.09281660616397858,37163.363534720986,95.65978115283346,112910663680.0,0.0003
resume_step16000_to35000,26930,2.498883008956909,2.825249195098877,0.08552420139312744,37149.76982262019,95.62479046843532,112952606720.0,0.0003
resume_step16000_to35000,26940,2.4883079528808594,2.8775181770324707,0.09408450871706009,37268.52011930385,95.93045783306933,112994549760.0,0.0003
resume_step16000_to35000,26950,2.5038869380950928,2.9246325492858887,0.08735871315002441,37150.77795699057,95.62738544112,113036492800.0,0.0003
resume_step16000_to35000,26960,2.497990131378174,3.1007683277130127,0.09215006232261658,37155.4833437971,95.63949726925773,113078435840.0,0.0003
resume_step16000_to35000,26970,2.518052101135254,2.9734559059143066,0.12849237024784088,37163.584385806236,95.66034963115386,113120378880.0,0.0003
resume_step16000_to35000,26980,2.491882085800171,2.915592908859253,0.05862192437052727,37157.16182959712,95.64381774967248,113162321920.0,0.0003
resume_step16000_to35000,26990,2.4710347652435303,2.866929769515991,0.0811225026845932,37156.83091341758,95.64296595999835,113204264960.0,0.0003
resume_step16000_to35000,27000,2.4961392879486084,2.8882391452789307,0.057235926389694214,37248.565958639134,95.87909513441338,113246208000.0,0.0003
resume_step16000_to35000,27010,2.4938838481903076,2.8739335536956787,0.0670810416340828,34004.84855281705,87.52965451199294,113288151040.0,0.0003
resume_step16000_to35000,27020,2.5089473724365234,2.80551815032959,0.08258584141731262,37181.994031120725,95.7077366939594,113330094080.0,0.0003
resume_step16000_to35000,27030,2.483957290649414,2.888437271118164,0.09987983107566833,37225.27731956444,95.81914937317593,113372037120.0,0.0003
resume_step16000_to35000,27040,2.5045576095581055,2.8643229007720947,0.09367933869361877,37150.616158847064,95.62696896711103,113413980160.0,0.0003
resume_step16000_to35000,27050,2.492356777191162,2.8445730209350586,0.11165445297956467,37280.762055291234,95.96196899906876,113455923200.0,0.0003
resume_step16000_to35000,27060,2.465034008026123,2.885201930999756,0.06281137466430664,37284.547284082444,95.97171230869795,113497866240.0,0.0003
resume_step16000_to35000,27070,2.521606922149658,3.090106964111328,0.11590993404388428,37212.848607889224,95.78715744010583,113539809280.0,0.0003
resume_step16000_to35000,27080,2.480107307434082,2.8901548385620117,0.07368387281894684,37183.735009539116,95.712218032532,113581752320.0,0.0003
resume_step16000_to35000,27090,2.4956157207489014,2.820072650909424,0.11114395409822464,37264.86009181158,95.92103679590736,113623695360.0,0.0003
resume_step16000_to35000,27100,2.5034849643707275,2.880636692047119,0.10598555952310562,37230.93759633831,95.83371912106614,113665638400.0,0.0003
resume_step16000_to35000,27110,2.5247464179992676,3.1313467025756836,0.06659400463104248,37241.214751035426,95.86017287217189,113707581440.0,0.0003
resume_step16000_to35000,27120,2.4722347259521484,2.8298285007476807,0.06547033786773682,37279.98613961218,95.95997176531509,113749524480.0,0.0003
resume_step16000_to35000,27130,2.523502826690674,3.082484245300293,0.06689773499965668,37199.94783275156,95.75395039938095,113791467520.0,0.0003
resume_step16000_to35000,27140,2.4947564601898193,2.90594482421875,0.0790378674864769,37154.265999626296,95.63636378332183,113833410560.0,0.0003
resume_step16000_to35000,27150,2.5144057273864746,2.8618674278259277,0.09765015542507172,37245.54155253443,95.87131020865381,113875353600.0,0.0003
resume_step16000_to35000,27160,2.4946727752685547,2.8476059436798096,0.08716835081577301,37227.54213877111,95.82497909602807,113917296640.0,0.0003
resume_step16000_to35000,27170,2.503073215484619,2.925847053527832,0.07858157902956009,37228.5325087742,95.82752834261787,113959239680.0,0.0003
resume_step16000_to35000,27180,2.517976999282837,2.8914635181427,0.12183359265327454,37175.07858767983,95.68993610372188,114001182720.0,0.0003
resume_step16000_to35000,27190,2.473074436187744,2.941324234008789,0.06510455906391144,37277.39422131044,95.95330007809608,114043125760.0,0.0003
resume_step16000_to35000,27200,2.50342059135437,2.8335509300231934,0.08280336856842041,37259.23318329372,95.90655293906048,114085068800.0,0.0003
resume_step16000_to35000,27210,2.5180187225341797,2.876598358154297,0.08203636109828949,37158.66782516034,95.64769423426085,114127011840.0,0.0003
resume_step16000_to35000,27220,2.518460273742676,3.183051586151123,0.10332372784614563,37144.548504652965,95.6113506156726,114168954880.0,0.0003
resume_step16000_to35000,27230,2.512239933013916,2.9645471572875977,0.08333569765090942,37256.57880199278,95.89972046992439,114210897920.0,0.0003
resume_step16000_to35000,27240,2.512136459350586,2.8398823738098145,0.0691937580704689,37237.087074689145,95.84954809070973,114252840960.0,0.0003
resume_step16000_to35000,27250,2.5245046615600586,3.1662139892578125,0.07337550818920135,37274.37318515319,95.94552382669764,114294784000.0,0.0003
resume_step16000_to35000,27260,2.51633358001709,2.928898811340332,0.08990737795829773,37278.54784833965,95.95626955390908,114336727040.0,0.0003
resume_step16000_to35000,27270,2.5014021396636963,2.919994592666626,0.102576345205307,37134.14955825906,95.58458336853332,114378670080.0,0.0003
resume_step16000_to35000,27280,2.5238146781921387,3.084174156188965,0.08652403950691223,37269.88568777737,95.93397285347925,114420613120.0,0.0003
resume_step16000_to35000,27290,2.5135915279388428,2.8721210956573486,0.06951098144054413,37189.00942010887,95.72579454748715,114462556160.0,0.0003
resume_step16000_to35000,27300,2.531219720840454,3.2564544677734375,0.12241329252719879,37162.88164045682,95.65854074035559,114504499200.0,0.0003
resume_step16000_to35000,27310,2.5407471656799316,4.100987911224365,0.08549786359071732,37236.97826754944,95.84926801737456,114546442240.0,0.0003
resume_step16000_to35000,27320,2.4795827865600586,2.890125036239624,0.09380447864532471,37240.90084556974,95.85936486866267,114588385280.0,0.0003
resume_step16000_to35000,27330,2.512336254119873,2.92748761177063,0.058912359178066254,37192.1773157926,95.73394882037846,114630328320.0,0.0003
resume_step16000_to35000,27340,2.512840986251831,2.9069015979766846,0.08585108071565628,37284.54003707033,95.97169365463847,114672271360.0,0.0003
resume_step16000_to35000,27350,2.468783378601074,2.7849338054656982,0.08249984681606293,37136.52640543572,95.59070145524903,114714214400.0,0.0003
resume_step16000_to35000,27360,2.477677345275879,2.900911331176758,0.07210922241210938,37224.945449081926,95.818295127093,114756157440.0,0.0003
resume_step16000_to35000,27370,2.5403950214385986,3.8328981399536133,0.06645859032869339,37150.57968450989,95.62687508090751,114798100480.0,0.0003
resume_step16000_to35000,27380,2.530460834503174,2.962007999420166,0.10043597966432571,37114.82548350899,95.53484253278131,114840043520.0,0.0003
resume_step16000_to35000,27390,2.492103099822998,2.857847213745117,0.08427152782678604,37186.76387578179,95.72001443884072,114881986560.0,0.0003
resume_step16000_to35000,27400,2.5176095962524414,2.978520393371582,0.06659358739852905,37229.29538912315,95.82949202298167,114923929600.0,0.0003
resume_step16000_to35000,27410,2.513942241668701,3.030816078186035,0.09851967543363571,37259.492292650866,95.90721989549395,114965872640.0,0.0003
resume_step16000_to35000,27420,2.5133001804351807,2.8386893272399902,0.10321945697069168,37169.93696322889,95.67670138482221,115007815680.0,0.0003
resume_step16000_to35000,27430,2.494558334350586,2.950106382369995,0.06884601712226868,37280.3290061375,95.96085431559194,115049758720.0,0.0003
resume_step16000_to35000,27440,2.5046353340148926,2.8258044719696045,0.08989465236663818,37144.481084143954,95.61117707295408,115091701760.0,0.0003
resume_step16000_to35000,27450,2.4723429679870605,2.8483076095581055,0.09869605302810669,37266.28667112612,95.92470886032906,115133644800.0,0.0003
resume_step16000_to35000,27460,2.5434231758117676,3.2954931259155273,0.09313035756349564,37127.124634652355,95.56650097256815,115175587840.0,0.0003
resume_step16000_to35000,27470,2.5417351722717285,2.8781557083129883,0.09009906649589539,37151.15079013451,95.62834512650808,115217530880.0,0.0003
resume_step16000_to35000,27480,2.5136401653289795,2.8667073249816895,0.09553538262844086,37134.69582411635,95.58598947571495,115259473920.0,0.0003
resume_step16000_to35000,27490,2.4797587394714355,2.978522777557373,0.0850350633263588,37123.66607035788,95.55759850863473,115301416960.0,0.0003
resume_step16000_to35000,27500,2.5238113403320312,3.0871167182922363,0.07836417853832245,37282.76365201479,95.96712117815915,115343360000.0,0.0003
resume_step16000_to35000,27510,2.5022544860839844,2.9414150714874268,0.08924831449985504,37220.10669943859,95.80584001840774,115385303040.0,0.0003
resume_step16000_to35000,27520,2.5090510845184326,2.8835675716400146,0.07317068427801132,37242.84351552512,95.86436536821677,115427246080.0,0.0003
resume_step16000_to35000,27530,2.5034632682800293,2.9483842849731445,0.0707610696554184,37147.51650913467,95.61899036170678,115469189120.0,0.0003
resume_step16000_to35000,27540,2.519789934158325,2.8627841472625732,0.091374970972538,37270.091962088074,95.93450381067855,115511132160.0,0.0003
resume_step16000_to35000,27550,2.531148910522461,3.1721975803375244,0.08329486846923828,37180.15137216623,95.70299362617541,115553075200.0,0.0003
resume_step16000_to35000,27560,2.5050275325775146,2.8690948486328125,0.0962868258357048,37266.43995397122,95.92510341566586,115595018240.0,0.0003
resume_step16000_to35000,27570,2.5151171684265137,2.990180730819702,0.11363399028778076,37148.2452273245,95.62086610749324,115636961280.0,0.0003
resume_step16000_to35000,27580,2.5181562900543213,2.879603862762451,0.0713375136256218,37214.405008107904,95.79116366801806,115678904320.0,0.0003
resume_step16000_to35000,27590,2.5035791397094727,2.9300780296325684,0.11478947103023529,37199.55042544748,95.75292745925601,115720847360.0,0.0003
resume_step16000_to35000,27600,2.524505138397217,2.9371070861816406,0.07960309088230133,37196.15081640637,95.74417674818075,115762790400.0,0.0003
resume_step16000_to35000,27610,2.5031332969665527,2.8862075805664062,0.0923735722899437,37225.472085022746,95.81965070619171,115804733440.0,0.0003
resume_step16000_to35000,27620,2.4958810806274414,2.8725953102111816,0.0855383649468422,37296.201759925614,96.00171133199859,115846676480.0,0.0003
resume_step16000_to35000,27630,2.502584934234619,2.8790345191955566,0.12365590780973434,37173.189720349015,95.68507409398144,115888619520.0,0.0003
resume_step16000_to35000,27640,2.509779453277588,2.9204261302948,0.08065510541200638,37157.606136157105,95.64496141010173,115930562560.0,0.0003
resume_step16000_to35000,27650,2.4591331481933594,2.813262701034546,0.11848229914903641,37131.43964694252,95.57760796321938,115972505600.0,0.0003
resume_step16000_to35000,27660,2.510268449783325,2.8832409381866455,0.16018742322921753,37264.95836861912,95.92128976380388,116014448640.0,0.0003
resume_step16000_to35000,27670,2.5064241886138916,2.9436755180358887,0.06986206769943237,37217.047623877705,95.79796585227068,116056391680.0,0.0003
resume_step16000_to35000,27680,2.451573371887207,2.7812728881835938,0.13694363832473755,37260.43906047854,95.90965690857844,116098334720.0,0.0003
resume_step16000_to35000,27690,2.513014793395996,2.9223601818084717,0.09792456775903702,37250.49518741187,95.88406103589915,116140277760.0,0.0003
resume_step16000_to35000,27700,2.4776673316955566,2.796870708465576,0.07710730284452438,37186.12994245781,95.71838267257229,116182220800.0,0.0003
resume_step16000_to35000,27710,2.505981922149658,2.9104580879211426,0.1088116243481636,37190.661683632476,95.73004753085685,116224163840.0,0.0003
resume_step16000_to35000,27720,2.518354654312134,2.958714485168457,0.11579092592000961,37266.5565738298,95.92540359920926,116266106880.0,0.0003
resume_step16000_to35000,27730,2.535590410232544,4.47292423248291,0.09452623873949051,37161.69219044873,95.65547905495782,116308049920.0,0.0003
resume_step16000_to35000,27740,2.493421792984009,2.8944854736328125,0.05715429037809372,37153.02808559505,95.63317734985478,116349992960.0,0.0003
resume_step16000_to35000,27750,2.5007519721984863,2.890282154083252,0.10021445155143738,37171.11022438372,95.67972139955263,116391936000.0,0.0003
resume_step16000_to35000,27760,2.483764171600342,2.804304361343384,0.07631926238536835,37314.47196825696,96.04873947919417,116433879040.0,0.0003
resume_step16000_to35000,27770,2.49967360496521,2.8547463417053223,0.10872796177864075,37173.16501785578,95.68501050891078,116475822080.0,0.0003
resume_step16000_to35000,27780,2.5288851261138916,3.639854907989502,0.08581844717264175,37153.75952135458,95.6350600907595,116517765120.0,0.0003
resume_step16000_to35000,27790,2.5195960998535156,2.9592530727386475,0.15628588199615479,37315.953863269446,96.05255392813265,116559708160.0,0.0003
resume_step16000_to35000,27800,2.512009620666504,2.9320271015167236,0.07575617730617523,37188.48183692503,95.72443653015218,116601651200.0,0.0003
resume_step16000_to35000,27810,2.5114541053771973,2.824258804321289,0.08251961320638657,37278.87076391416,95.95710074974954,116643594240.0,0.0003
resume_step16000_to35000,27820,2.443089723587036,3.07185697555542,0.11117080599069595,37281.00383515012,95.96259134877525,116685537280.0,0.0003
resume_step16000_to35000,27830,2.4639453887939453,2.9030773639678955,0.10018661618232727,37204.37640428569,95.76534969544787,116727480320.0,0.0003
resume_step16000_to35000,27840,2.4638969898223877,2.838827610015869,0.06924527138471603,37176.03170537938,95.69238946159585,116769423360.0,0.0003
resume_step16000_to35000,27850,2.516282081604004,2.838554620742798,0.11814281344413757,37163.34893248565,95.65974356617544,116811366400.0,0.0003
resume_step16000_to35000,27860,2.4494173526763916,2.9049935340881348,0.07700622826814651,37233.74234808683,95.84093864892725,116853309440.0,0.0003
resume_step16000_to35000,27870,2.5048742294311523,3.1079275608062744,0.1580522358417511,37177.952068382234,95.69733254228377,116895252480.0,0.0003
resume_step16000_to35000,27880,2.4892776012420654,2.8253636360168457,0.0894433781504631,37172.52905069355,95.68337350747244,116937195520.0,0.0003
resume_step16000_to35000,27890,2.5174760818481445,2.8642148971557617,0.08267731964588165,37196.85005235105,95.74597660565006,116979138560.0,0.0003
resume_step16000_to35000,27900,2.4970827102661133,3.024062156677246,0.06633643060922623,37225.34863032173,95.81933292952786,117021081600.0,0.0003
resume_step16000_to35000,27910,2.523789405822754,2.9831981658935547,0.09617888182401657,37262.53024467922,95.9150396889288,117063024640.0,0.0003
resume_step16000_to35000,27920,2.487365484237671,2.9771487712860107,0.08883243054151535,37175.670653405235,95.6914601013457,117104967680.0,0.0003
resume_step16000_to35000,27930,2.4829587936401367,2.942612886428833,0.08099732547998428,37223.510591850725,95.81460175502795,117146910720.0,0.0003
resume_step16000_to35000,27940,2.498654842376709,2.8051652908325195,0.0732726976275444,37239.81950752137,95.85658146718282,117188853760.0,0.0003
resume_step16000_to35000,27950,2.510478973388672,2.942782402038574,0.07000492513179779,37173.5741440675,95.68606361390866,117230796800.0,0.0003
resume_step16000_to35000,27960,2.5292036533355713,2.9317383766174316,0.07293044030666351,37173.84843355822,95.68676964453019,117272739840.0,0.0003
resume_step16000_to35000,27970,2.488396167755127,2.8192062377929688,0.08499474078416824,37272.443222735754,95.94055603678507,117314682880.0,0.0003
resume_step16000_to35000,27980,2.51183819770813,2.8436660766601562,0.07986576110124588,37216.18866437267,95.79575486084106,117356625920.0,0.0003
resume_step16000_to35000,27990,2.50319766998291,2.9638214111328125,0.06737712770700455,37147.71908966238,95.6195118109811,117398568960.0,0.0003
resume_step16000_to35000,28000,2.484204053878784,2.857393741607666,0.10058663040399551,37142.37792489195,95.6057634684081,117440512000.0,0.0003
resume_step16000_to35000,28010,2.520212173461914,2.8671622276306152,0.08191471546888351,33937.87434240478,87.35726058147759,117482455040.0,0.0003
resume_step16000_to35000,28020,2.4656894207000732,2.7746176719665527,0.081803098320961,37180.33575399791,95.7034682313777,117524398080.0,0.0003
resume_step16000_to35000,28030,2.54648494720459,2.944920539855957,0.07733951508998871,37177.08050617405,95.69508911106104,117566341120.0,0.0003
resume_step16000_to35000,28040,2.517580509185791,2.849642276763916,0.06973672658205032,37147.026475055965,95.61772899706516,117608284160.0,0.0003
resume_step16000_to35000,28050,2.4947566986083984,2.9393582344055176,0.14857639372348785,37144.22149197453,95.61050887374513,117650227200.0,0.0003
resume_step16000_to35000,28060,2.5050039291381836,2.8905446529388428,0.07467740774154663,37156.088639391506,95.64105532102124,117692170240.0,0.0003
resume_step16000_to35000,28070,2.5304079055786133,2.8924732208251953,0.06584154814481735,37252.04503921557,95.88805040796507,117734113280.0,0.0003
resume_step16000_to35000,28080,2.5407896041870117,2.913146495819092,0.07081998884677887,37194.13902277652,95.73899832190143,117776056320.0,0.0003
resume_step16000_to35000,28090,2.5261096954345703,2.9624428749084473,0.057982414960861206,37181.15891177223,95.70558706791604,117817999360.0,0.0003
resume_step16000_to35000,28100,2.5076870918273926,2.957101821899414,0.10802802443504333,37253.42395615891,95.89159978779732,117859942400.0,0.0003
resume_step16000_to35000,28110,2.526580810546875,2.8993191719055176,0.10036171227693558,37282.46460176139,95.96635141247936,117901885440.0,0.0003
resume_step16000_to35000,28120,2.5040793418884277,2.8840882778167725,0.09150337427854538,37148.22859020731,95.62082328297905,117943828480.0,0.0003
resume_step16000_to35000,28130,2.552830696105957,3.130542278289795,0.05725475400686264,37227.98263285577,95.82611294301418,117985771520.0,0.0003
resume_step16000_to35000,28140,2.5136821269989014,2.8916196823120117,0.1026480570435524,37185.65162470499,95.71715146615811,118027714560.0,0.0003
resume_step16000_to35000,28150,2.5622243881225586,3.1768481731414795,0.09432545304298401,37232.10567118196,95.83672578605247,118069657600.0,0.0003
resume_step16000_to35000,28160,2.475498914718628,2.8165552616119385,0.09661221504211426,37242.22637116707,95.86277681732642,118111600640.0,0.0003
resume_step16000_to35000,28170,2.498074769973755,2.9443342685699463,0.0689234659075737,37170.68859357694,95.6786361072952,118153543680.0,0.0003
resume_step16000_to35000,28180,2.5114781856536865,2.8930132389068604,0.06634026765823364,37224.158396348095,95.81626922617572,118195486720.0,0.0003
resume_step16000_to35000,28190,2.5047287940979004,2.9349918365478516,0.08374994993209839,37222.44147353939,95.81184980757321,118237429760.0,0.0003
resume_step16000_to35000,28200,2.459970474243164,2.865419626235962,0.09194748848676682,37221.41637203027,95.80921116088747,118279372800.0,0.0003
resume_step16000_to35000,28210,2.4976813793182373,2.924421787261963,0.07863597571849823,37225.35752474708,95.81935582408589,118321315840.0,0.0003
resume_step16000_to35000,28220,2.4748740196228027,2.9880504608154297,0.08650630712509155,37162.12879169888,95.65660288165346,118363258880.0,0.0003
resume_step16000_to35000,28230,2.513993978500366,2.867232084274292,0.1352424919605255,37254.780869620176,95.8950925299068,118405201920.0,0.0003
resume_step16000_to35000,28240,2.502263307571411,2.9328737258911133,0.10229472815990448,37216.38229283663,95.79625326719415,118447144960.0,0.0003
resume_step16000_to35000,28250,2.481847047805786,2.928628444671631,0.08347482979297638,37177.14608050764,95.69525790166027,118489088000.0,0.0003
resume_step16000_to35000,28260,2.476311206817627,3.3886325359344482,0.06647183001041412,37304.658435063786,96.02347910585044,118531031040.0,0.0003
resume_step16000_to35000,28270,2.5304923057556152,2.918926477432251,0.09444120526313782,37186.61264875883,95.7196251752611,118572974080.0,0.0003
resume_step16000_to35000,28280,2.536410093307495,2.911078929901123,0.06878252327442169,37175.5724072341,95.69120721230833,118614917120.0,0.0003
resume_step16000_to35000,28290,2.5133204460144043,2.9249091148376465,0.10150009393692017,37210.71848282813,95.781674424636,118656860160.0,0.0003
resume_step16000_to35000,28300,2.507812976837158,2.844869613647461,0.08298777788877487,37264.11933396035,95.91913005961666,118698803200.0,0.0003
resume_step16000_to35000,28310,2.5334575176239014,2.965373992919922,0.09914249181747437,37159.994529037685,95.65110921585806,118740746240.0,0.0003
resume_step16000_to35000,28320,2.4684770107269287,2.927518367767334,0.061602797359228134,37242.65201367344,95.86387243583714,118782689280.0,0.0003
resume_step16000_to35000,28330,2.4888851642608643,2.8873414993286133,0.07370001822710037,37251.40590328624,95.88640525001081,118824632320.0,0.0003
resume_step16000_to35000,28340,2.487415075302124,2.845369815826416,0.06872616708278656,37232.5416176121,95.83784792721879,118866575360.0,0.0003
resume_step16000_to35000,28350,2.503845691680908,2.941985607147217,0.06454160064458847,37159.65251966475,95.65022887192104,118908518400.0,0.0003
resume_step16000_to35000,28360,2.5133259296417236,2.836838483810425,0.06620468944311142,37158.83751528384,95.6481310224989,118950461440.0,0.0003
resume_step16000_to35000,28370,2.516071319580078,2.8918509483337402,0.07787846773862839,37162.522613999434,95.65761659385551,118992404480.0,0.0003
resume_step16000_to35000,28380,2.4919228553771973,2.8657870292663574,0.07868137955665588,37285.46385102751,95.97407158366762,119034347520.0,0.0003
resume_step16000_to35000,28390,2.5210866928100586,2.9206604957580566,0.06818106025457382,37276.91518136997,95.95206701274594,119076290560.0,0.0003
resume_step16000_to35000,28400,2.4785192012786865,2.859473705291748,0.09500756114721298,37239.207689865994,95.85500662740911,119118233600.0,0.0003
resume_step16000_to35000,28410,2.5111448764801025,3.028656482696533,0.08714298903942108,37280.449500568204,95.96116447241779,119160176640.0,0.0003
resume_step16000_to35000,28420,2.5108416080474854,2.924527645111084,0.08117520809173584,37221.21716205432,95.80869838752979,119202119680.0,0.0003
resume_step16000_to35000,28430,2.4598844051361084,2.810988426208496,0.07423226535320282,37163.374263548336,95.65980876920558,119244062720.0,0.0003
resume_step16000_to35000,28440,2.5134682655334473,3.0197043418884277,0.07770391553640366,37167.09169949962,95.66937757772362,119286005760.0,0.0003
resume_step16000_to35000,28450,2.4989407062530518,3.0255088806152344,0.08169659227132797,37154.460676775634,95.63686488902727,119327948800.0,0.0003
resume_step16000_to35000,28460,2.5098092555999756,2.9646849632263184,0.07388037443161011,37272.59889329713,95.94095673818605,119369891840.0,0.0003
resume_step16000_to35000,28470,2.501800298690796,2.925230026245117,0.07781040668487549,37178.99049480082,95.70000548774665,119411834880.0,0.0003
resume_step16000_to35000,28480,2.4957149028778076,2.8770365715026855,0.11469032615423203,37279.397392542036,95.95845631002452,119453777920.0,0.0003
resume_step16000_to35000,28490,2.500969886779785,2.9688191413879395,0.05872263386845589,37133.716845062765,95.58346954982258,119495720960.0,0.0003
resume_step16000_to35000,28500,2.5250980854034424,2.9418652057647705,0.12944090366363525,37142.83938916174,95.60695129337492,119537664000.0,0.0003
resume_step16000_to35000,28510,2.5020387172698975,3.122983694076538,0.0718710646033287,37163.977674116475,95.66136196884639,119579607040.0,0.0003
resume_step16000_to35000,28520,2.508934259414673,2.958761215209961,0.06504164636135101,37221.07064677604,95.80832125214367,119621550080.0,0.0003
resume_step16000_to35000,28530,2.4785218238830566,2.842190742492676,0.05557344853878021,37147.01880869192,95.61770926357934,119663493120.0,0.0003
resume_step16000_to35000,28540,2.5298502445220947,2.926021099090576,0.08764153718948364,37221.017509205434,95.80818447420185,119705436160.0,0.0003
resume_step16000_to35000,28550,2.54311466217041,3.3933005332946777,0.09847758710384369,37231.53202853982,95.83524921008119,119747379200.0,0.0003
resume_step16000_to35000,28560,2.476853370666504,2.9296164512634277,0.07712902128696442,37168.23361794747,95.67231691524384,119789322240.0,0.0003
resume_step16000_to35000,28570,2.474607467651367,2.853592872619629,0.07938222587108612,37226.25539557658,95.82166697460846,119831265280.0,0.0003
resume_step16000_to35000,28580,2.48797607421875,3.024914264678955,0.06916970014572144,37275.48752739652,95.94839218211511,119873208320.0,0.0003
resume_step16000_to35000,28590,2.5050694942474365,2.9484751224517822,0.09406761080026627,37153.5425994843,95.63450172637414,119915151360.0,0.0003
resume_step16000_to35000,28600,2.5274293422698975,3.114064931869507,0.10508697479963303,37165.28153004078,95.66471813902345,119957094400.0,0.0003
resume_step16000_to35000,28610,2.511474370956421,2.833125114440918,0.06948326528072357,37161.67498289072,95.65543476210924,119999037440.0,0.0003
resume_step16000_to35000,28620,2.5017054080963135,3.201590061187744,0.09339950233697891,37268.93117766297,95.93151591148134,120040980480.0,0.0003
resume_step16000_to35000,28630,2.493468761444092,2.8608593940734863,0.1286788284778595,37146.8919006281,95.61738259784039,120082923520.0,0.0003
resume_step16000_to35000,28640,2.506960868835449,3.0038652420043945,0.0776936486363411,37131.16480692521,95.5769005155234,120124866560.0,0.0003
resume_step16000_to35000,28650,2.48823881149292,2.8659629821777344,0.09869036823511124,37274.69625627268,95.94635542291627,120166809600.0,0.0003
resume_step16000_to35000,28660,2.5483336448669434,3.0119614601135254,0.07356123626232147,37196.99991119849,95.74636234749863,120208752640.0,0.0003
resume_step16000_to35000,28670,2.5141212940216064,2.9431393146514893,0.06196538358926773,37224.26118411164,95.81653380542879,120250695680.0,0.0003
resume_step16000_to35000,28680,2.511439085006714,2.8655755519866943,0.0733584389090538,37226.017333249154,95.82105419395631,120292638720.0,0.0003
resume_step16000_to35000,28690,2.499332904815674,2.8582651615142822,0.07704136520624161,37202.97269688009,95.76173650410965,120334581760.0,0.0003
resume_step16000_to35000,28700,2.544020175933838,3.912257194519043,0.09595956653356552,37236.51339380834,95.84807141631082,120376524800.0,0.0003
resume_step16000_to35000,28710,2.492367744445801,2.8789143562316895,0.07878847420215607,37245.136374813854,95.87026726720848,120418467840.0,0.0003
resume_step16000_to35000,28720,2.508129358291626,2.8660781383514404,0.07368453592061996,37154.991827219026,95.63823208861153,120460410880.0,0.0003
resume_step16000_to35000,28730,2.5034563541412354,2.834195137023926,0.07607333362102509,37121.261795781815,95.55140982284576,120502353920.0,0.0003
resume_step16000_to35000,28740,2.4571194648742676,3.2868943214416504,0.09439390897750854,37214.44185616572,95.7912585161914,120544296960.0,0.0003
resume_step16000_to35000,28750,2.4976491928100586,2.9103360176086426,0.07862508296966553,37178.107344047305,95.69773222720802,120586240000.0,0.0003
resume_step16000_to35000,28760,2.5267162322998047,2.9354074001312256,0.07296912372112274,37120.04333634827,95.54827346618505,120628183040.0,0.0003
resume_step16000_to35000,28770,2.523829221725464,2.910336971282959,0.07859903573989868,37215.66387387685,95.79440403198151,120670126080.0,0.0003
resume_step16000_to35000,28780,2.5221848487854004,2.830397129058838,0.08103949576616287,37209.81994888717,95.77936156724161,120712069120.0,0.0003
resume_step16000_to35000,28790,2.4781222343444824,2.7931087017059326,0.06069803610444069,37218.809018176384,95.80249974202417,120754012160.0,0.0003
resume_step16000_to35000,28800,2.5126826763153076,3.4480836391448975,0.06992022693157196,37254.24122387122,95.89370346311264,120795955200.0,0.0003
resume_step16000_to35000,28810,2.499424934387207,2.870847225189209,0.09967931360006332,37169.75039935553,95.67622116296933,120837898240.0,0.0003
resume_step16000_to35000,28820,2.527432680130005,2.9375221729278564,0.0899953544139862,37237.533058880465,95.85069606942,120879841280.0,0.0003
resume_step16000_to35000,28830,2.528190851211548,3.2338216304779053,0.0822809636592865,37161.33442706952,95.6545581596646,120921784320.0,0.0003
resume_step16000_to35000,28840,2.4809608459472656,2.8258256912231445,0.08820191770792007,37145.15617468588,95.61291477932285,120963727360.0,0.0003
resume_step16000_to35000,28850,2.4948086738586426,2.8415441513061523,0.06410717219114304,37153.27052735368,95.63380140331407,121005670400.0,0.0003
resume_step16000_to35000,28860,2.5152459144592285,3.6756269931793213,0.08839372545480728,37140.8404756761,95.6018060210316,121047613440.0,0.0003
resume_step16000_to35000,28870,2.4431939125061035,2.7953670024871826,0.07810742408037186,37209.35035946431,95.77815282785019,121089556480.0,0.0003
resume_step16000_to35000,28880,2.527783155441284,3.053694725036621,0.0828852429986,37235.68727760286,95.84594496466849,121131499520.0,0.0003
resume_step16000_to35000,28890,2.4728848934173584,3.0576913356781006,0.07692887634038925,37169.11283617467,95.67458005332392,121173442560.0,0.0003
resume_step16000_to35000,28900,2.501250743865967,2.9873147010803223,0.06547810137271881,37195.44137241581,95.74235061484883,121215385600.0,0.0003
resume_step16000_to35000,28910,2.5204782485961914,2.9236202239990234,0.08028040081262589,37169.1839603171,95.67476312932278,121257328640.0,0.0003
resume_step16000_to35000,28920,2.52475643157959,2.964005947113037,0.07898728549480438,37180.159369594796,95.70301421183274,121299271680.0,0.0003
resume_step16000_to35000,28930,2.5224270820617676,2.9237029552459717,0.12483886629343033,37169.37868848515,95.67526436635215,121341214720.0,0.0003
resume_step16000_to35000,28940,2.5120973587036133,2.811495780944824,0.07087716460227966,37182.255571253416,95.7084099072931,121383157760.0,0.0003
resume_step16000_to35000,28950,2.5289838314056396,3.059699296951294,0.07067514955997467,37155.88954238479,95.64054283845027,121425100800.0,0.0003
resume_step16000_to35000,28960,2.503525972366333,2.843780994415283,0.17594504356384277,37282.09228325027,95.96539305177394,121467043840.0,0.0003
resume_step16000_to35000,28970,2.5028233528137207,2.930093765258789,0.061770156025886536,37160.965661772316,95.65360894505449,121508986880.0,0.0003
resume_step16000_to35000,28980,2.4781041145324707,3.1837778091430664,0.07953689247369766,37261.911304658635,95.91344651594109,121550929920.0,0.0003
resume_step16000_to35000,28990,2.5371904373168945,3.0536606311798096,0.09582264721393585,37246.763980380965,95.8744567801466,121592872960.0,0.0003
resume_step16000_to35000,29000,2.5712013244628906,4.089670181274414,0.07703454792499542,37159.91512675396,95.65090483163763,121634816000.0,0.0003
resume_step16000_to35000,29010,2.5169296264648438,2.9642274379730225,0.06549106538295746,33913.95742269656,87.29569760419217,121676759040.0,0.0003
resume_step16000_to35000,29020,2.489118814468384,2.907142162322998,0.15302914381027222,37174.73408747974,95.68904934830972,121718702080.0,0.0003
resume_step16000_to35000,29030,2.5161988735198975,3.12320613861084,0.05392564460635185,37176.71946850644,95.69415978763638,121760645120.0,0.0003
resume_step16000_to35000,29040,2.4768238067626953,3.0526766777038574,0.11353166401386261,37204.48491531568,95.76562900658642,121802588160.0,0.0003
resume_step16000_to35000,29050,2.533949375152588,2.9120171070098877,0.06270654499530792,37206.95110386431,95.77197706107894,121844531200.0,0.0003
resume_step16000_to35000,29060,2.525132656097412,3.011164665222168,0.0596570260822773,37155.911944713414,95.64060050281779,121886474240.0,0.0003
resume_step16000_to35000,29070,2.481703281402588,2.925839424133301,0.07805944979190826,37264.56415317376,95.92027503963354,121928417280.0,0.0003
resume_step16000_to35000,29080,2.511094093322754,2.9335103034973145,0.089602530002594,37181.742072825735,95.70708814460687,121970360320.0,0.0003
resume_step16000_to35000,29090,2.4907522201538086,2.8969671726226807,0.07257378101348877,37160.92996784133,95.65351706764346,122012303360.0,0.0003
resume_step16000_to35000,29100,2.4952526092529297,2.850566864013672,0.05921348184347153,37227.23589886473,95.82419082393324,122054246400.0,0.0003
resume_step16000_to35000,29110,2.5135092735290527,2.968690872192383,0.12360993027687073,37211.99100647004,95.7849499444361,122096189440.0,0.0003
resume_step16000_to35000,29120,2.5014686584472656,2.957932949066162,0.07880812883377075,37218.85200575364,95.80261039353258,122138132480.0,0.0003
resume_step16000_to35000,29130,2.4963881969451904,2.8359694480895996,0.10156257450580597,37222.1950109972,95.81121540447818,122180075520.0,0.0003
resume_step16000_to35000,29140,2.493777275085449,2.9597508907318115,0.06031106412410736,37225.13886738678,95.81879299248926,122222018560.0,0.0003
resume_step16000_to35000,29150,2.5163769721984863,2.872892379760742,0.09641489386558533,37253.801755736145,95.89257225695619,122263961600.0,0.0003
resume_step16000_to35000,29160,2.4863529205322266,2.8428921699523926,0.08420375734567642,37215.99523862314,95.79525697628193,122305904640.0,0.0003
resume_step16000_to35000,29170,2.542573928833008,3.23457670211792,0.0985763892531395,37265.51924164499,95.92273347034191,122347847680.0,0.0003
resume_step16000_to35000,29180,2.518023729324341,2.8819971084594727,0.0713459774851799,37260.19313039959,95.90902387606218,122389790720.0,0.0003
resume_step16000_to35000,29190,2.499208450317383,2.949097156524658,0.08428347110748291,37187.958408883234,95.72308920829632,122431733760.0,0.0003
resume_step16000_to35000,29200,2.510004997253418,2.8811230659484863,0.07815662026405334,37175.308772232995,95.690528606711,122473676800.0,0.0003
resume_step16000_to35000,29210,2.512946605682373,2.952357769012451,0.08463065326213837,37159.335498749824,95.64941284913789,122515619840.0,0.0003
resume_step16000_to35000,29220,2.5156612396240234,3.0452420711517334,0.08419456332921982,37166.832668066614,95.66871082186955,122557562880.0,0.0003
resume_step16000_to35000,29230,2.5230185985565186,3.242332696914673,0.0796658918261528,37160.70025947891,95.65292579038575,122599505920.0,0.0003
resume_step16000_to35000,29240,2.517335891723633,2.9619767665863037,0.12451283633708954,37243.87244327773,95.86701386378539,122641448960.0,0.0003
resume_step16000_to35000,29250,2.5046980381011963,3.1330928802490234,0.10357341170310974,37179.33192801655,95.70088434863514,122683392000.0,0.0003
resume_step16000_to35000,29260,2.5152599811553955,3.1017632484436035,0.0777580738067627,37298.23190583373,96.00693699767595,122725335040.0,0.0003
resume_step16000_to35000,29270,2.515712261199951,3.1609749794006348,0.0624254085123539,37188.22009729434,95.72376280330376,122767278080.0,0.0003
resume_step16000_to35000,29280,2.4828953742980957,2.8249897956848145,0.08764520287513733,37158.73293739563,95.6478618354031,122809221120.0,0.0003
resume_step16000_to35000,29290,2.523130416870117,2.959996223449707,0.12013866752386093,37185.14174481878,95.71583901772262,122851164160.0,0.0003
resume_step16000_to35000,29300,2.506747245788574,2.860290050506592,0.06626337766647339,37280.29423732514,95.96076481946822,122893107200.0,0.0003
resume_step16000_to35000,29310,2.507275342941284,2.855473518371582,0.07294055074453354,37178.482780202554,95.69869861283709,122935050240.0,0.0003
resume_step16000_to35000,29320,2.504199981689453,2.868619918823242,0.12034903466701508,37140.64397947637,95.60130023302763,122976993280.0,0.0003
resume_step16000_to35000,29330,2.4947493076324463,2.92669939994812,0.07124484330415726,37140.75898089031,95.6015962506386,123018936320.0,0.0003
resume_step16000_to35000,29340,2.530763864517212,2.9914844036102295,0.07723432034254074,37157.54521192058,95.64480458901294,123060879360.0,0.0003
resume_step16000_to35000,29350,2.5048398971557617,2.9245378971099854,0.07219518721103668,37315.91326883919,96.05244943666726,123102822400.0,0.0003
resume_step16000_to35000,29360,2.5313942432403564,3.738046169281006,0.09693342447280884,37141.48999257215,95.60347789995271,123144765440.0,0.0003
resume_step16000_to35000,29370,2.4910888671875,2.913519859313965,0.10021180659532547,37138.612673394804,95.59607158102374,123186708480.0,0.0003
resume_step16000_to35000,29380,2.534783124923706,2.983981132507324,0.06660062819719315,37174.30988731693,95.68795744244115,123228651520.0,0.0003
resume_step16000_to35000,29390,2.5341014862060547,2.8623762130737305,0.08088766038417816,37252.22188497158,95.8885056150483,123270594560.0,0.0003
resume_step16000_to35000,29400,2.520606517791748,2.97503662109375,0.07220970839262009,37179.58679815676,95.70154039317781,123312537600.0,0.0003
resume_step16000_to35000,29410,2.49699330329895,2.8745198249816895,0.08309423178434372,37110.06256314651,95.5225826112837,123354480640.0,0.0003
resume_step16000_to35000,29420,2.514446496963501,2.9287400245666504,0.10329008102416992,37125.2930862976,95.56178650385158,123396423680.0,0.0003
resume_step16000_to35000,29430,2.5139455795288086,2.813682794570923,0.09412342309951782,37144.25144858497,95.61058598309492,123438366720.0,0.0003
resume_step16000_to35000,29440,2.5135061740875244,2.8490543365478516,0.08556252717971802,37133.832215887385,95.5837665183094,123480309760.0,0.0003
resume_step16000_to35000,29450,2.529425621032715,3.1231207847595215,0.14915288984775543,37164.343217783804,95.66230289086992,123522252800.0,0.0003
resume_step16000_to35000,29460,2.535719871520996,2.940309524536133,0.07310203462839127,37175.68564596993,95.69149869272496,123564195840.0,0.0003
resume_step16000_to35000,29470,2.5275766849517822,2.966414451599121,0.08034845441579819,37237.65663252968,95.8510141522606,123606138880.0,0.0003
resume_step16000_to35000,29480,2.4953227043151855,2.8562893867492676,0.07916995882987976,37246.306809944144,95.87328000765413,123648081920.0,0.0003
resume_step16000_to35000,29490,2.505269765853882,3.0323374271392822,0.07344764471054077,37212.68546149312,95.7867374956481,123690024960.0,0.0003
resume_step16000_to35000,29500,2.520380973815918,2.93143367767334,0.06825876981019974,37277.782824131325,95.95430035517718,123731968000.0,0.0003
resume_step16000_to35000,29510,2.512404441833496,2.901165008544922,0.12455277144908905,37142.401932851615,95.60582526572537,123773911040.0,0.0003
resume_step16000_to35000,29520,2.5121026039123535,3.0024971961975098,0.08431617170572281,37146.02823351982,95.61515948887744,123815854080.0,0.0003
resume_step16000_to35000,29530,2.5056819915771484,2.9820289611816406,0.05688441917300224,37147.487732686066,95.61891629013428,123857797120.0,0.0003
resume_step16000_to35000,29540,2.5222394466400146,3.042560577392578,0.164383664727211,37150.542413209114,95.62677914329217,123899740160.0,0.0003
resume_step16000_to35000,29550,2.5009877681732178,2.8564720153808594,0.09204048663377762,37258.762341479545,95.90534097597056,123941683200.0,0.0003
resume_step16000_to35000,29560,2.5245068073272705,2.9715468883514404,0.0621318444609642,37210.475084693775,95.78104790943254,123983626240.0,0.0003
resume_step16000_to35000,29570,2.4859697818756104,3.0216100215911865,0.05842386558651924,37268.94416744887,95.93154934763884,124025569280.0,0.0003
resume_step16000_to35000,29580,2.5265309810638428,3.8689870834350586,0.11505395919084549,37195.43979329064,95.74234655012611,124067512320.0,0.0003
resume_step16000_to35000,29590,2.5174193382263184,2.8755502700805664,0.07659400254487991,37141.91116744157,95.60456201861162,124109455360.0,0.0003
resume_step16000_to35000,29600,2.5321764945983887,3.0024845600128174,0.10249371826648712,37145.06500689349,95.61268011027683,124151398400.0,0.0003
resume_step16000_to35000,29610,2.4878454208374023,2.9940361976623535,0.08054529875516891,37141.05655045235,95.60236220496768,124193341440.0,0.0003
resume_step16000_to35000,29620,2.520386219024658,2.936990737915039,0.08322412520647049,37273.3347648273,95.94285089691756,124235284480.0,0.0003
resume_step16000_to35000,29630,2.541516065597534,2.9401187896728516,0.07588035613298416,37212.98173464706,95.78750011297795,124277227520.0,0.0003
resume_step16000_to35000,29640,2.508774757385254,2.883017063140869,0.07452380657196045,37195.829548759575,95.74334979416311,124319170560.0,0.0003
resume_step16000_to35000,29650,2.5354740619659424,3.1128129959106445,0.05466676130890846,37142.96361185589,95.60727104687963,124361113600.0,0.0003
resume_step16000_to35000,29660,2.5215566158294678,2.8717308044433594,0.08227956295013428,37143.37405341509,95.60832753762736,124403056640.0,0.0003
resume_step16000_to35000,29670,2.529623508453369,2.924085855484009,0.08994687348604202,37264.37567512053,95.91978989061555,124444999680.0,0.0003
resume_step16000_to35000,29680,2.5200212001800537,3.01277756690979,0.08810405433177948,37208.98816027836,95.77722051463721,124486942720.0,0.0003
resume_step16000_to35000,29690,2.496391773223877,2.932471990585327,0.10126268863677979,37249.458206131865,95.8813918102729,124528885760.0,0.0003
resume_step16000_to35000,29700,2.520390510559082,2.868500232696533,0.0850294977426529,37172.327766027396,95.68285539379052,124570828800.0,0.0003
resume_step16000_to35000,29710,2.534135103225708,2.928208351135254,0.06934366375207901,37165.44470582937,95.66513815913846,124612771840.0,0.0003
resume_step16000_to35000,29720,2.5108802318573,2.89363431930542,0.08368239551782608,37248.22125417677,95.8782078532231,124654714880.0,0.0003
resume_step16000_to35000,29730,2.5094432830810547,3.010700225830078,0.10867474228143692,37237.87833991695,95.85158483473197,124696657920.0,0.0003
resume_step16000_to35000,29740,2.5174760818481445,2.887429714202881,0.061645202338695526,37152.346281909086,95.63142236362143,124738600960.0,0.0003
resume_step16000_to35000,29750,2.54736065864563,2.9529614448547363,0.06617791205644608,37284.484273384885,95.97155011698638,124780544000.0,0.0003
resume_step16000_to35000,29760,2.5542850494384766,3.6695189476013184,0.08817009627819061,37152.442322272596,95.6316695748338,124822487040.0,0.0003
resume_step16000_to35000,29770,2.5290720462799072,3.0947017669677734,0.10269763320684433,37177.02175133258,95.69493787407002,124864430080.0,0.0003
resume_step16000_to35000,29780,2.5155491828918457,3.0088448524475098,0.0764729455113411,37147.26937745786,95.61835423623612,124906373120.0,0.0003
resume_step16000_to35000,29790,2.5167598724365234,2.9589760303497314,0.07143624871969223,37174.96323027051,95.68963916976645,124948316160.0,0.0003
resume_step16000_to35000,29800,2.491987466812134,2.9111199378967285,0.07467958331108093,37178.732045213175,95.69934022958265,124990259200.0,0.0003
resume_step16000_to35000,29810,2.5576953887939453,2.938605785369873,0.0821910873055458,37274.74880414197,95.94649068294653,125032202240.0,0.0003
resume_step16000_to35000,29820,2.500483512878418,2.962960720062256,0.11558965593576431,37169.10232846222,95.6745530061092,125074145280.0,0.0003
resume_step16000_to35000,29830,2.548353672027588,3.026073455810547,0.0653734803199768,37134.80397535999,95.58626786075102,125116088320.0,0.0003
resume_step16000_to35000,29840,2.5577776432037354,3.00770902633667,0.08170978724956512,37277.208269210576,95.95282143096928,125158031360.0,0.0003
resume_step16000_to35000,29850,2.478630542755127,2.878352642059326,0.06482890993356705,37158.033180728264,95.64606063757563,125199974400.0,0.0003
resume_step16000_to35000,29860,2.508880615234375,2.880432367324829,0.0992528572678566,37162.98123143817,95.6587970909809,125241917440.0,0.0003
resume_step16000_to35000,29870,2.5438425540924072,2.9137015342712402,0.07348340004682541,37141.45627889409,95.60339111978111,125283860480.0,0.0003
resume_step16000_to35000,29880,2.4998292922973633,3.046525478363037,0.06879504024982452,37144.29525148823,95.61069873328063,125325803520.0,0.0003
resume_step16000_to35000,29890,2.509782552719116,2.903899669647217,0.053842149674892426,37265.04824742098,95.9215211149438,125367746560.0,0.0003
resume_step16000_to35000,29900,2.499089002609253,3.0039141178131104,0.053722262382507324,37166.123344990374,95.66688499977528,125409689600.0,0.0003
resume_step16000_to35000,29910,2.514700412750244,2.906991958618164,0.08815521746873856,37189.71103193186,95.72760052054926,125451632640.0,0.0003
resume_step16000_to35000,29920,2.5051651000976562,2.8564705848693848,0.11864110827445984,37284.29257647823,95.97105668252851,125493575680.0,0.0003
resume_step16000_to35000,29930,2.5052778720855713,2.8648667335510254,0.08071061223745346,37166.8627317683,95.66878820687592,125535518720.0,0.0003
resume_step16000_to35000,29940,2.5002388954162598,2.9045777320861816,0.07592402398586273,37160.07274230128,95.6513105394996,125577461760.0,0.0003
resume_step16000_to35000,29950,2.513789176940918,2.9330172538757324,0.06059224531054497,37161.74195484205,95.65560715022481,125619404800.0,0.0003
resume_step16000_to35000,29960,2.4856693744659424,2.895211696624756,0.06332811713218689,37255.69498568462,95.89744549622512,125661347840.0,0.0003
resume_step16000_to35000,29970,2.5054731369018555,2.9888551235198975,0.08281005173921585,37138.49571118768,95.59577051626339,125703290880.0,0.0003
resume_step16000_to35000,29980,2.547006607055664,3.1921801567077637,0.058348312973976135,37171.06469059138,95.67960419399866,125745233920.0,0.0003
resume_step16000_to35000,29990,2.505194664001465,2.9162139892578125,0.06924929469823837,37200.11026786046,95.75436851296085,125787176960.0,0.0003
resume_step16000_to35000,30000,2.5152244567871094,2.872624397277832,0.05990615859627724,37267.61524109202,95.92812864530264,125829120000.0,0.0003
resume_step16000_to35000,30010,2.5586624145507812,2.9162731170654297,0.07614410668611526,33720.35833451421,86.79736686538244,125871063040.0,0.0003
resume_step16000_to35000,30020,2.4957292079925537,2.8196182250976562,0.059317320585250854,37170.11377972791,95.67715651659695,125913006080.0,0.0003
resume_step16000_to35000,30030,2.5185599327087402,2.91129207611084,0.06918761879205704,37140.145887475366,95.60001812701572,125954949120.0,0.0003
resume_step16000_to35000,30040,2.4901413917541504,2.8582377433776855,0.08325820416212082,37154.60494716885,95.63723624600172,125996892160.0,0.0003
resume_step16000_to35000,30050,2.5381486415863037,2.9332096576690674,0.07356538623571396,37155.88387367704,95.64052824700074,126038835200.0,0.0003
resume_step16000_to35000,30060,2.581026554107666,4.212926864624023,0.06947968900203705,37152.82666664327,95.632658890517,126080778240.0,0.0003
resume_step16000_to35000,30070,2.5002245903015137,2.879056930541992,0.05722815915942192,37152.221974319174,95.63110239159211,126122721280.0,0.0003
resume_step16000_to35000,30080,2.5277116298675537,2.8756906986236572,0.07587653398513794,37311.500653400326,96.0410912121406,126164664320.0,0.0003
resume_step16000_to35000,30090,2.5425918102264404,2.921968936920166,0.12236382812261581,37182.560439727604,95.7091946492741,126206607360.0,0.0003
resume_step16000_to35000,30100,2.5424563884735107,2.8719358444213867,0.09294916689395905,37297.30392161239,96.00454833424283,126248550400.0,0.0003
resume_step16000_to35000,30110,2.513061285018921,2.865438938140869,0.06208515912294388,37286.26061879141,95.97612249140782,126290493440.0,0.0003
resume_step16000_to35000,30120,2.5556771755218506,3.2308332920074463,0.07715702056884766,37157.3804896796,95.64438058827606,126332436480.0,0.0003
resume_step16000_to35000,30130,2.5353188514709473,2.8665449619293213,0.062100574374198914,37256.6728372273,95.8999625198655,126374379520.0,0.0003
resume_step16000_to35000,30140,2.5240442752838135,2.9146275520324707,0.06842237710952759,37207.751143119815,95.77403638975149,126416322560.0,0.0003
resume_step16000_to35000,30150,2.5070672035217285,2.9555320739746094,0.08406885713338852,37249.2237975595,95.88078843451247,126458265600.0,0.0003
resume_step16000_to35000,30160,2.5077686309814453,2.9145572185516357,0.060472216457128525,37155.88432975594,95.6405294209636,126500208640.0,0.0003
resume_step16000_to35000,30170,2.489650249481201,3.042551040649414,0.09568122029304504,37155.68179602206,95.6400080921382,126542151680.0,0.0003
resume_step16000_to35000,30180,2.5073869228363037,3.1181764602661133,0.08868151158094406,37238.69872072065,95.85369652325205,126584094720.0,0.0003
resume_step16000_to35000,30190,2.4890990257263184,2.825331926345825,0.061358194798231125,37183.40259455995,95.71136238489588,126626037760.0,0.0003
resume_step16000_to35000,30200,2.50138521194458,2.9058139324188232,0.07376295328140259,37260.83615239346,95.91067903688078,126667980800.0,0.0003
resume_step16000_to35000,30210,2.4847359657287598,3.1661760807037354,0.0586123988032341,37158.40082182247,95.64700695844839,126709923840.0,0.0003
resume_step16000_to35000,30220,2.5188546180725098,3.012627601623535,0.12246113270521164,37285.444271656044,95.97402118568931,126751866880.0,0.0003
resume_step16000_to35000,30230,2.4845337867736816,2.8105595111846924,0.07160681486129761,37191.50243043275,95.73221164215543,126793809920.0,0.0003
resume_step16000_to35000,30240,2.49204683303833,2.9698686599731445,0.07260788232088089,37292.130472614524,95.99123169786039,126835752960.0,0.0003
resume_step16000_to35000,30250,2.5142035484313965,2.8706154823303223,0.08850197494029999,37209.27160482301,95.77795011068373,126877696000.0,0.0003
resume_step16000_to35000,30260,2.5302348136901855,2.936429023742676,0.06447039544582367,37210.7863171624,95.781849032555,126919639040.0,0.0003
resume_step16000_to35000,30270,2.5096521377563477,2.9988574981689453,0.06495673209428787,37179.189601092316,95.70051799421698,126961582080.0,0.0003
resume_step16000_to35000,30280,2.494168519973755,2.8113226890563965,0.06916224211454391,37257.045244482375,95.90092110900092,127003525120.0,0.0003
resume_step16000_to35000,30290,2.524106502532959,2.893723487854004,0.06032923609018326,37172.79117246758,95.68404821797101,127045468160.0,0.0003
resume_step16000_to35000,30300,2.5157787799835205,3.0568785667419434,0.053949758410453796,37233.41393548702,95.8400933035538,127087411200.0,0.0003
resume_step16000_to35000,30310,2.4383397102355957,2.893392562866211,0.07774816453456879,37213.2049539663,95.78807468721442,127129354240.0,0.0003
resume_step16000_to35000,30320,2.536250591278076,3.094681978225708,0.07251012325286865,37194.334014660846,95.7395002377456,127171297280.0,0.0003
resume_step16000_to35000,30330,2.5056986808776855,2.8538994789123535,0.11273063719272614,37174.496847021466,95.68843868317717,127213240320.0,0.0003
resume_step16000_to35000,30340,2.504779815673828,3.0386219024658203,0.05616898834705353,37151.224081181295,95.62853378019356,127255183360.0,0.0003
resume_step16000_to35000,30350,2.5127787590026855,2.862555980682373,0.06818683445453644,37154.52679591018,95.63703508196298,127297126400.0,0.0003
resume_step16000_to35000,30360,2.5089025497436523,2.8999252319335938,0.08564266562461853,37146.993977780665,95.61764534795626,127339069440.0,0.0003
resume_step16000_to35000,30370,2.4964962005615234,2.7741212844848633,0.084017813205719,37144.403900726335,95.61097840017165,127381012480.0,0.0003
resume_step16000_to35000,30380,2.5144386291503906,2.915353775024414,0.06240632012486458,37168.16827001968,95.67214870742097,127422955520.0,0.0003
resume_step16000_to35000,30390,2.5540058612823486,3.068922996520996,0.052843157202005386,37173.19379402798,95.6850845797718,127464898560.0,0.0003
resume_step16000_to35000,30400,2.4785709381103516,2.8811633586883545,0.12112941592931747,37145.2666785202,95.61319922000858,127506841600.0,0.0003
resume_step16000_to35000,30410,2.5087482929229736,2.894780397415161,0.08584250509738922,37174.080695629695,95.68736749512321,127548784640.0,0.0003
resume_step16000_to35000,30420,2.5292625427246094,2.92995548248291,0.07505489140748978,37270.6760732,95.93600733285258,127590727680.0,0.0003
resume_step16000_to35000,30430,2.508622646331787,2.879490375518799,0.09327246993780136,37229.70725241262,95.83055217331223,127632670720.0,0.0003
resume_step16000_to35000,30440,2.476628541946411,2.9505207538604736,0.08047478646039963,37170.48877307175,95.67812176241418,127674613760.0,0.0003
resume_step16000_to35000,30450,2.526411771774292,2.890921115875244,0.06590822339057922,37218.4980647538,95.80169933717585,127716556800.0,0.0003
resume_step16000_to35000,30460,2.4978127479553223,2.86276912689209,0.0818617045879364,37225.459138199876,95.81961738062255,127758499840.0,0.0003
resume_step16000_to35000,30470,2.522538661956787,2.9258763790130615,0.06441976130008698,37170.425448381335,95.67795876247415,127800442880.0,0.0003
resume_step16000_to35000,30480,2.5428194999694824,2.8805768489837646,0.07277456670999527,37294.507356219605,95.99734987834411,127842385920.0,0.0003
resume_step16000_to35000,30490,2.5319607257843018,2.94869327545166,0.06043488159775734,37168.03563652299,95.67180730422007,127884328960.0,0.0003
resume_step16000_to35000,30500,2.563934326171875,2.9996132850646973,0.0864965096116066,37314.913625337314,96.04987631977134,127926272000.0,0.0003
resume_step16000_to35000,30510,2.5046067237854004,2.8743481636047363,0.10040363669395447,37168.50632762273,95.67301887936583,127968215040.0,0.0003
resume_step16000_to35000,30520,2.469564199447632,2.815305709838867,0.11098776012659073,37320.73769117201,96.06486766636047,128010158080.0,0.0003
resume_step16000_to35000,30530,2.51544451713562,2.843106746673584,0.09812097251415253,37184.656700055275,95.71459049575061,128052101120.0,0.0003
resume_step16000_to35000,30540,2.512002944946289,2.8786325454711914,0.0979219451546669,37172.715208121925,95.68385268312193,128094044160.0,0.0003
resume_step16000_to35000,30550,2.5095157623291016,3.023939371109009,0.09000907093286514,37193.88574101605,95.73834636590304,128135987200.0,0.0003
resume_step16000_to35000,30560,2.494271755218506,3.133740186691284,0.05773499608039856,37292.97596516271,95.99340802487798,128177930240.0,0.0003
resume_step16000_to35000,30570,2.496309757232666,2.8726577758789062,0.08507198840379715,37186.7434324008,95.71996181687204,128219873280.0,0.0003
resume_step16000_to35000,30580,2.488921642303467,2.897552967071533,0.0818314477801323,37178.865631332206,95.69968408486636,128261816320.0,0.0003
resume_step16000_to35000,30590,2.543182611465454,3.0604300498962402,0.0989994928240776,37273.206382708515,95.94252043691023,128303759360.0,0.0003
resume_step16000_to35000,30600,2.5182442665100098,2.8903632164001465,0.053159311413764954,37177.06230254235,95.69504225428439,128345702400.0,0.0003
resume_step16000_to35000,30610,2.507230043411255,3.1475276947021484,0.07859039306640625,37215.04093506627,95.79280056597024,128387645440.0,0.0003
resume_step16000_to35000,30620,2.5533676147460938,3.5776824951171875,0.10556371510028839,37243.848817273865,95.86695304963553,128429588480.0,0.0003
resume_step16000_to35000,30630,2.5009093284606934,2.886598587036133,0.10964182019233704,37166.26148390601,95.66724057411466,128471531520.0,0.0003
resume_step16000_to35000,30640,2.4975907802581787,2.8733556270599365,0.06857018172740936,37163.19371579661,95.65934403305754,128513474560.0,0.0003
resume_step16000_to35000,30650,2.4953103065490723,2.927490234375,0.05709989368915558,37144.97206158519,95.61244086584344,128555417600.0,0.0003
resume_step16000_to35000,30660,2.50185227394104,2.8824563026428223,0.0629366934299469,37260.743137321326,95.91043961287289,128597360640.0,0.0003
resume_step16000_to35000,30670,2.5147860050201416,2.882086992263794,0.06734207272529602,37224.380205233516,95.81684016990683,128639303680.0,0.0003
resume_step16000_to35000,30680,2.49464750289917,2.8504552841186523,0.10337094217538834,37239.01957088276,95.85452240264968,128681246720.0,0.0003
resume_step16000_to35000,30690,2.5155487060546875,2.8902034759521484,0.05802435800433159,37255.20740387239,95.8961904438021,128723189760.0,0.0003
resume_step16000_to35000,30700,2.5274829864501953,3.054692268371582,0.06687414646148682,37223.14563390388,95.81366234066915,128765132800.0,0.0003
resume_step16000_to35000,30710,2.508605718612671,2.975965738296509,0.08102593570947647,37187.88977878363,95.72291255204985,128807075840.0,0.0003
resume_step16000_to35000,30720,2.4972057342529297,2.874149799346924,0.0760083720088005,37180.94131861977,95.70502697562716,128849018880.0,0.0003
resume_step16000_to35000,30730,2.5078043937683105,2.8156654834747314,0.06367534399032593,37246.13348871521,95.8728338728253,128890961920.0,0.0003
resume_step16000_to35000,30740,2.502229690551758,2.9366586208343506,0.08403736352920532,37173.04524760087,95.68470221613843,128932904960.0,0.0003
resume_step16000_to35000,30750,2.511890411376953,2.969188690185547,0.07546351850032806,37275.58474612415,95.94864242647742,128974848000.0,0.0003
resume_step16000_to35000,30760,2.5978035926818848,4.2315778732299805,0.11491725593805313,37158.497598216425,95.64725606422854,129016791040.0,0.0003
resume_step16000_to35000,30770,2.51509690284729,2.916250467300415,0.054059579968452454,37172.30011917713,95.68278422984316,129058734080.0,0.0003
resume_step16000_to35000,30780,2.533909320831299,3.076256275177002,0.09823830425739288,37159.05849058949,95.64869982056688,129100677120.0,0.0003
resume_step16000_to35000,30790,2.4943509101867676,2.859701633453369,0.053280074149370193,37250.82168668201,95.88490145629595,129142620160.0,0.0003
resume_step16000_to35000,30800,2.497946262359619,2.8704309463500977,0.1069151759147644,37172.85770682495,95.68421947970462,129184563200.0,0.0003
resume_step16000_to35000,30810,2.5084214210510254,2.8442277908325195,0.07381001859903336,37163.090711846606,95.65907889733305,129226506240.0,0.0003
resume_step16000_to35000,30820,2.4620766639709473,3.0348548889160156,0.07546576857566833,36274.45027052254,93.37168771270044,129268449280.0,0.0003
resume_step16000_to35000,30830,2.522279977798462,2.924525260925293,0.064649298787117,37181.86222820584,95.70739742870477,129310392320.0,0.0003
resume_step16000_to35000,30840,2.5116379261016846,3.0857160091400146,0.07819624245166779,37252.10043801614,95.8881930063909,129352335360.0,0.0003
resume_step16000_to35000,30850,2.5235793590545654,3.155271291732788,0.09105316549539566,37185.66511672341,95.71718619507946,129394278400.0,0.0003
resume_step16000_to35000,30860,2.5077733993530273,2.8916525840759277,0.0695560947060585,37270.962079868594,95.93674352389462,129436221440.0,0.0003
resume_step16000_to35000,30870,2.5053653717041016,2.985024929046631,0.07675526291131973,37190.82722030534,95.7304736279695,129478164480.0,0.0003
resume_step16000_to35000,30880,2.506254196166992,2.823986053466797,0.08095429837703705,37315.10292624749,96.05036358685155,129520107520.0,0.0003
resume_step16000_to35000,30890,2.488457202911377,2.8863911628723145,0.11158566921949387,37245.45746720074,95.87109377010106,129562050560.0,0.0003
resume_step16000_to35000,30900,2.5155515670776367,3.0347490310668945,0.08145654946565628,37205.235165006285,95.76756017519946,129603993600.0,0.0003
resume_step16000_to35000,30910,2.4684128761291504,2.9297919273376465,0.07645932585000992,37145.72125200638,95.61436930786043,129645936640.0,0.0003
resume_step16000_to35000,30920,2.5257444381713867,2.8758435249328613,0.09646960347890854,37167.81373346902,95.67123611809585,129687879680.0,0.0003
resume_step16000_to35000,30930,2.5298078060150146,3.2260231971740723,0.09909515082836151,37258.3240089966,95.90421269302189,129729822720.0,0.0003
resume_step16000_to35000,30940,2.5442733764648438,2.912437915802002,0.0832439661026001,37201.73879756199,95.7585604046529,129771765760.0,0.0003
resume_step16000_to35000,30950,2.503711223602295,2.890742063522339,0.06853671371936798,37186.869227649004,95.72028561818519,129813708800.0,0.0003
resume_step16000_to35000,30960,2.477172374725342,2.8250651359558105,0.1287710964679718,37266.400971745155,95.92500307406975,129855651840.0,0.0003
resume_step16000_to35000,30970,2.47996187210083,2.948066234588623,0.09418752044439316,37188.65714479507,95.72488777866381,129897594880.0,0.0003
resume_step16000_to35000,30980,2.51011323928833,2.998271942138672,0.08283127099275589,37244.410800212376,95.868399613127,129939537920.0,0.0003
resume_step16000_to35000,30990,2.50085186958313,3.0023765563964844,0.16635851562023163,37147.178216205444,95.6181195840242,129981480960.0,0.0003
resume_step16000_to35000,31000,2.4748501777648926,2.9389266967773438,0.1418745368719101,37194.67798419048,95.74038562719367,130023424000.0,0.0003
resume_step16000_to35000,31010,2.479822874069214,2.9401943683624268,0.0767083615064621,33895.622557323426,87.24850302753815,130065367040.0,0.0003
resume_step16000_to35000,31020,2.5305490493774414,3.1238889694213867,0.06889114528894424,37237.63152905838,95.85094953505855,130107310080.0,0.0003
resume_step16000_to35000,31030,2.5187225341796875,2.9134676456451416,0.09882736951112747,37189.461634423446,95.72695856274981,130149253120.0,0.0003
resume_step16000_to35000,31040,2.5002872943878174,2.884746789932251,0.16100366413593292,37142.50971109775,95.60610269065299,130191196160.0,0.0003
resume_step16000_to35000,31050,2.4877917766571045,2.9123568534851074,0.06378017365932465,37152.26389832241,95.63121030542426,130233139200.0,0.0003
resume_step16000_to35000,31060,2.508904218673706,2.9377081394195557,0.08368126302957535,37166.63098880456,95.66819169248416,130275082240.0,0.0003
resume_step16000_to35000,31070,2.484112024307251,2.8804521560668945,0.0899011567234993,37277.22615758794,95.95286747627037,130317025280.0,0.0003
resume_step16000_to35000,31080,2.5108866691589355,3.0446603298187256,0.07196187973022461,37142.021569998964,95.60484619860705,130358968320.0,0.0003
resume_step16000_to35000,31090,2.511258602142334,2.9027838706970215,0.16549666225910187,37225.834463469364,95.82058348082784,130400911360.0,0.0003
resume_step16000_to35000,31100,2.528027057647705,2.841769218444824,0.11371075361967087,37149.49111332847,95.62407306109338,130442854400.0,0.0003
resume_step16000_to35000,31110,2.508751630783081,3.0761055946350098,0.09899330139160156,37270.776068926694,95.93626472530639,130484797440.0,0.0003
resume_step16000_to35000,31120,2.4624626636505127,2.8473124504089355,0.08380091935396194,37174.64408606265,95.68881768155399,130526740480.0,0.0003
resume_step16000_to35000,31130,2.4820494651794434,2.8486175537109375,0.07727597653865814,37151.25051721177,95.62860182744895,130568683520.0,0.0003
resume_step16000_to35000,31140,2.5018792152404785,2.8648509979248047,0.09433663636445999,37239.14657072264,95.8548493046234,130610626560.0,0.0003
resume_step16000_to35000,31150,2.513983726501465,2.910372018814087,0.1146392673254013,37238.84581168433,95.85407514047226,130652569600.0,0.0003
resume_step16000_to35000,31160,2.5160317420959473,3.038215160369873,0.07280822098255157,37229.50668256297,95.83003589959266,130694512640.0,0.0003
resume_step16000_to35000,31170,2.4689202308654785,2.941553831100464,0.10262848436832428,37202.84240208421,95.7614011208054,130736455680.0,0.0003
resume_step16000_to35000,31180,2.527533531188965,3.0509538650512695,0.07828918099403381,37192.302018673,95.73426980989913,130778398720.0,0.0003
resume_step16000_to35000,31190,2.4749741554260254,2.8440003395080566,0.06633637845516205,37156.68025623758,95.64257816321418,130820341760.0,0.0003
resume_step16000_to35000,31200,2.530357837677002,2.8840136528015137,0.09244678914546967,37249.9946019959,95.88277251175104,130862284800.0,0.0003
resume_step16000_to35000,31210,2.501833915710449,2.8787245750427246,0.07297500967979431,37166.95334473285,95.66902144777595,130904227840.0,0.0003
resume_step16000_to35000,31220,2.5023977756500244,2.812835454940796,0.08952827751636505,37137.735017480474,95.59381246439092,130946170880.0,0.0003
resume_step16000_to35000,31230,2.5271334648132324,2.961597442626953,0.07085813581943512,37156.50500214155,95.6421270531187,130988113920.0,0.0003
resume_step16000_to35000,31240,2.503004550933838,3.058804512023926,0.12444958835840225,37142.59509110968,95.60632246175223,131030056960.0,0.0003
resume_step16000_to35000,31250,2.51515531539917,2.9193801879882812,0.09372107684612274,37168.27033560959,95.67241142777415,131072000000.0,0.0003
resume_step16000_to35000,31260,2.495710611343384,2.89184832572937,0.06816495954990387,37265.74060926452,95.92330327823936,131113943040.0,0.0003
resume_step16000_to35000,31270,2.5149331092834473,2.8760061264038086,0.10400668531656265,37147.67596302055,95.61940080151568,131155886080.0,0.0003
resume_step16000_to35000,31280,2.4926998615264893,2.8915066719055176,0.05808088183403015,37307.90268549219,96.03182991849141,131197829120.0,0.0003
resume_step16000_to35000,31290,2.4922707080841064,2.8785343170166016,0.08248566836118698,37212.894489298385,95.78727554043749,131239772160.0,0.0003
resume_step16000_to35000,31300,2.4917149543762207,2.9266366958618164,0.06409947574138641,37279.73386622848,95.95932240491334,131281715200.0,0.0003
resume_step16000_to35000,31310,2.484917402267456,2.856289863586426,0.055816832929849625,37319.255744426264,96.06105308425879,131323658240.0,0.0003
resume_step16000_to35000,31320,2.4725847244262695,2.871102809906006,0.0961080864071846,37271.58463375084,95.93834599908705,131365601280.0,0.0003
resume_step16000_to35000,31330,2.5604729652404785,4.816694259643555,0.07541272789239883,37233.957615061416,95.84149275355395,131407544320.0,0.0003
resume_step16000_to35000,31340,2.5030603408813477,2.9820313453674316,0.08236577361822128,37137.43427598744,95.59303834540194,131449487360.0,0.0003
resume_step16000_to35000,31350,2.492987632751465,2.8951663970947266,0.059748150408267975,37244.90792931252,95.86967924059881,131491430400.0,0.0003
resume_step16000_to35000,31360,2.5100977420806885,2.8879122734069824,0.07854750007390976,37228.63000614438,95.82777930421572,131533373440.0,0.0003
resume_step16000_to35000,31370,2.4978015422821045,2.9511356353759766,0.09272462874650955,37184.57199898556,95.71437247227207,131575316480.0,0.0003
resume_step16000_to35000,31380,2.522922992706299,3.1758875846862793,0.05708082765340805,37277.09339873525,95.95252575039879,131617259520.0,0.0003
resume_step16000_to35000,31390,2.47471022605896,2.9730396270751953,0.05900058150291443,37282.36585081261,95.96609722412688,131659202560.0,0.0003
resume_step16000_to35000,31400,2.5250730514526367,2.973519802093506,0.11417289823293686,37210.13025452809,95.78016030467758,131701145600.0,0.0003
resume_step16000_to35000,31410,2.509765863418579,2.8672657012939453,0.10294321179389954,37148.523356736616,95.62158202220506,131743088640.0,0.0003
resume_step16000_to35000,31420,2.6065735816955566,4.499617576599121,0.14784123003482819,37317.25307279862,96.05589813832817,131785031680.0,0.0003
resume_step16000_to35000,31430,2.5334954261779785,3.38925838470459,0.07457900792360306,37182.07404252871,95.7079426460867,131826974720.0,0.0003
resume_step16000_to35000,31440,2.539824962615967,3.0391476154327393,0.07790834456682205,37200.05384217307,95.75422327129289,131868917760.0,0.0003
resume_step16000_to35000,31450,2.468061685562134,2.8042283058166504,0.07549437135457993,37299.943818306274,96.01134351950014,131910860800.0,0.0003
resume_step16000_to35000,31460,2.5185394287109375,2.8828063011169434,0.06139311194419861,37169.91195834254,95.67663702138124,131952803840.0,0.0003
resume_step16000_to35000,31470,2.5417678356170654,2.940016269683838,0.0657334104180336,37192.04664915658,95.73361247994485,131994746880.0,0.0003
resume_step16000_to35000,31480,2.523719072341919,3.277474880218506,0.06873518973588943,37288.34090563567,95.98147722158639,132036689920.0,0.0003
resume_step16000_to35000,31490,2.5036046504974365,2.8694772720336914,0.061231400817632675,37165.3366816342,95.66486010112953,132078632960.0,0.0003
resume_step16000_to35000,31500,2.511712074279785,2.8953022956848145,0.07760494947433472,37165.98130786556,95.66651939131081,132120576000.0,0.0003
resume_step16000_to35000,31510,2.5244195461273193,2.9608025550842285,0.06149012967944145,37151.89846798952,95.63026967512748,132162519040.0,0.0003
resume_step16000_to35000,31520,2.4905803203582764,2.846024990081787,0.07792102545499802,37203.34737565833,95.76270094022415,132204462080.0,0.0003
resume_step16000_to35000,31530,2.5480129718780518,3.023087978363037,0.09110348671674728,37302.55801324314,96.0180725475473,132246405120.0,0.0003
resume_step16000_to35000,31540,2.4898500442504883,3.0520708560943604,0.0757199078798294,37297.878048594146,96.00602615692101,132288348160.0,0.0003
resume_step16000_to35000,31550,2.4831595420837402,2.899594306945801,0.09541826695203781,37208.23983793074,95.77529430707159,132330291200.0,0.0003
resume_step16000_to35000,31560,2.505221366882324,2.9861438274383545,0.07619281858205795,37298.262122002525,96.00701477513792,132372234240.0,0.0003
resume_step16000_to35000,31570,2.515096664428711,2.876523971557617,0.05360972508788109,37167.843068340946,95.67131162706926,132414177280.0,0.0003
resume_step16000_to35000,31580,2.55202579498291,3.065094470977783,0.059172749519348145,37168.36183655151,95.67264695435858,132456120320.0,0.0003
resume_step16000_to35000,31590,2.515852212905884,2.897451877593994,0.07650832086801529,37194.43234404856,95.73975334098535,132498063360.0,0.0003
resume_step16000_to35000,31600,2.510324478149414,2.9079558849334717,0.06687042862176895,37285.728930943216,95.97475390852503,132540006400.0,0.0003
resume_step16000_to35000,31610,2.5013697147369385,2.934910297393799,0.07915962487459183,37186.0334251033,95.7181342335686,132581949440.0,0.0003
resume_step16000_to35000,31620,2.4825868606567383,2.805745840072632,0.05798589438199997,37223.778645854545,95.81529173529087,132623892480.0,0.0003
resume_step16000_to35000,31630,2.5091171264648438,2.8792927265167236,0.07844150066375732,37279.19299058418,95.9579301723261,132665835520.0,0.0003
resume_step16000_to35000,31640,2.536271810531616,3.055572032928467,0.0985887199640274,37188.451784608056,95.72435917445044,132707778560.0,0.0003
resume_step16000_to35000,31650,2.528994560241699,2.884328842163086,0.10143332183361053,37176.6478841598,95.69397552705601,132749721600.0,0.0003
resume_step16000_to35000,31660,2.520895481109619,2.895474672317505,0.07233040034770966,37276.33971178729,95.95058573416662,132791664640.0,0.0003
resume_step16000_to35000,31670,2.5121896266937256,3.3173599243164062,0.09646910429000854,37207.390281747044,95.77310752011584,132833607680.0,0.0003
resume_step16000_to35000,31680,2.5056591033935547,2.878081798553467,0.053179722279310226,37174.94121406915,95.68958249930385,132875550720.0,0.0003
resume_step16000_to35000,31690,2.5372538566589355,3.1545839309692383,0.06010395660996437,37183.967384731666,95.71281617430256,132917493760.0,0.0003
resume_step16000_to35000,31700,2.519441604614258,3.042931318283081,0.08428963273763657,37188.27456887881,95.72390301504335,132959436800.0,0.0003
resume_step16000_to35000,31710,2.51837158203125,3.064314842224121,0.06026940420269966,37177.31656373557,95.6956967313765,133001379840.0,0.0003
resume_step16000_to35000,31720,2.5082828998565674,2.882373809814453,0.11824791133403778,37165.76668288265,95.66596693919287,133043322880.0,0.0003
resume_step16000_to35000,31730,2.496631145477295,2.949500322341919,0.07074572145938873,37177.83065490573,95.69702001980232,133085265920.0,0.0003
resume_step16000_to35000,31740,2.5203702449798584,3.221698760986328,0.057885266840457916,37313.412772343574,96.0460130723344,133127208960.0,0.0003
resume_step16000_to35000,31750,2.4929163455963135,2.9568819999694824,0.10035163164138794,37211.37452703455,95.78336310507942,133169152000.0,0.0003
resume_step16000_to35000,31760,2.4951295852661133,2.830307960510254,0.06368102133274078,37172.100193780716,95.68226961496849,133211095040.0,0.0003
resume_step16000_to35000,31770,2.480682611465454,2.8629746437072754,0.06472547352313995,37157.735715245035,95.645294951149,133253038080.0,0.0003
resume_step16000_to35000,31780,2.4698052406311035,2.8511369228363037,0.08824644237756729,37222.56265113656,95.81216172289312,133294981120.0,0.0003
resume_step16000_to35000,31790,2.5071675777435303,2.9249203205108643,0.07383311539888382,37206.1222243341,95.76984349654333,133336924160.0,0.0003
resume_step16000_to35000,31800,2.5405941009521484,2.985363006591797,0.07255246490240097,37162.43257154827,95.65738482147665,133378867200.0,0.0003
resume_step16000_to35000,31810,2.496741771697998,2.9096121788024902,0.062434323132038116,37242.787805658816,95.86422196909699,133420810240.0,0.0003
resume_step16000_to35000,31820,2.5058507919311523,2.9310054779052734,0.11729328334331512,37123.56140226466,95.55732908934813,133462753280.0,0.0003
resume_step16000_to35000,31830,2.514880657196045,2.888521909713745,0.10073155164718628,37156.99728978873,95.6433942185234,133504696320.0,0.0003
resume_step16000_to35000,31840,2.486844539642334,2.9796204566955566,0.06257197260856628,37157.5456953866,95.64480583347118,133546639360.0,0.0003
resume_step16000_to35000,31850,2.4881973266601562,2.8760900497436523,0.07491610199213028,37147.49817020887,95.61894315667844,133588582400.0,0.0003
resume_step16000_to35000,31860,2.491365909576416,3.1577179431915283,0.059473924338817596,37160.96334708623,95.65360298697257,133630525440.0,0.0003
resume_step16000_to35000,31870,2.506258964538574,2.8925607204437256,0.0882573127746582,37145.85528007098,95.61471430072729,133672468480.0,0.0003
resume_step16000_to35000,31880,2.5080130100250244,2.8854918479919434,0.06181515008211136,37154.28394706622,95.636409980652,133714411520.0,0.0003
resume_step16000_to35000,31890,2.471144437789917,3.156766414642334,0.11493648588657379,37163.858914553966,95.6610562776312,133756354560.0,0.0003
resume_step16000_to35000,31900,2.461740016937256,2.796217918395996,0.06846296787261963,37162.05043393516,95.65640118606362,133798297600.0,0.0003
resume_step16000_to35000,31910,2.491734027862549,2.8761072158813477,0.06776829063892365,37195.24448593411,95.74184382224557,133840240640.0,0.0003
resume_step16000_to35000,31920,2.5190470218658447,2.8441600799560547,0.06423644721508026,37175.17936164375,95.69019549938515,133882183680.0,0.0003
resume_step16000_to35000,31930,2.488713026046753,2.889677047729492,0.06260175257921219,37249.256129875066,95.88087165900932,133924126720.0,0.0003
resume_step16000_to35000,31940,2.4879660606384277,2.8139572143554688,0.07807894051074982,37243.97416843079,95.86727570784238,133966069760.0,0.0003
resume_step16000_to35000,31950,2.4887776374816895,2.8495357036590576,0.058554355055093765,37243.781711060954,95.86678031592602,134008012800.0,0.0003
resume_step16000_to35000,31960,2.498669147491455,2.8458666801452637,0.0454280786216259,37219.44728235481,95.80414265606152,134049955840.0,0.0003
resume_step16000_to35000,31970,2.495285749435425,2.813058376312256,0.08575738966464996,37205.56403752822,95.76840670442833,134091898880.0,0.0003
resume_step16000_to35000,31980,2.502676486968994,2.8619837760925293,0.05922513082623482,37255.92151228499,95.89802858351744,134133841920.0,0.0003
resume_step16000_to35000,31990,2.4805047512054443,2.9541616439819336,0.06044349819421768,37172.26700950431,95.6826990044019,134175784960.0,0.0003
resume_step16000_to35000,32000,2.4766643047332764,2.818729877471924,0.07360298931598663,37161.7603783621,95.65565457300166,134217728000.0,0.0003
resume_step16000_to35000,32010,2.5128509998321533,2.9075729846954346,0.0713978186249733,33949.60467005192,87.38745484994116,134259671040.0,0.0003
resume_step16000_to35000,32020,2.488245964050293,2.8515079021453857,0.11840849369764328,37168.54458475097,95.6731173545351,134301614080.0,0.0003
resume_step16000_to35000,32030,2.454439878463745,2.8627071380615234,0.09033181518316269,37213.34961118811,95.78844703989901,134343557120.0,0.0003
resume_step16000_to35000,32040,2.490464210510254,2.8560352325439453,0.11538821458816528,37205.278105373895,95.7676707051886,134385500160.0,0.0003
resume_step16000_to35000,32050,2.4759771823883057,2.902520179748535,0.07598695904016495,37245.9809644824,95.87244127018272,134427443200.0,0.0003
resume_step16000_to35000,32060,2.5006906986236572,2.996074914932251,0.06358987092971802,37224.219244345964,95.81642585102358,134469386240.0,0.0003
resume_step16000_to35000,32070,2.500537872314453,2.9335527420043945,0.06815605610609055,37165.6514253988,95.6656702624491,134511329280.0,0.0003
resume_step16000_to35000,32080,2.5332467555999756,3.692446708679199,0.07930369675159454,37162.79925969649,95.65832868943352,134553272320.0,0.0003
resume_step16000_to35000,32090,2.484618902206421,2.9015908241271973,0.08638732880353928,37263.04684355131,95.91636943226598,134595215360.0,0.0003
resume_step16000_to35000,32100,2.4917922019958496,2.920482635498047,0.06025071442127228,37252.204434658786,95.88846069734055,134637158400.0,0.0003
resume_step16000_to35000,32110,2.505186080932617,2.871358871459961,0.07194549590349197,37193.60455095274,95.73762257296936,134679101440.0,0.0003
resume_step16000_to35000,32120,2.4822921752929688,2.9360456466674805,0.06134989485144615,37333.40847914393,96.09748271217826,134721044480.0,0.0003
resume_step16000_to35000,32130,2.5068047046661377,3.1550936698913574,0.08826205879449844,37330.73534929369,96.0906019836288,134762987520.0,0.0003
resume_step16000_to35000,32140,2.5108747482299805,2.8326358795166016,0.06140865013003349,37244.623194471445,95.86894632328475,134804930560.0,0.0003
resume_step16000_to35000,32150,2.4902608394622803,2.8083038330078125,0.06208153814077377,37176.393406552874,95.69332049290756,134846873600.0,0.0003
resume_step16000_to35000,32160,2.4611380100250244,2.809288740158081,0.06193571165204048,37310.84017225691,96.03939111086814,134888816640.0,0.0003
resume_step16000_to35000,32170,2.488476037979126,2.8533473014831543,0.08847855776548386,37209.1725230211,95.7776950707039,134930759680.0,0.0003
resume_step16000_to35000,32180,2.5079703330993652,2.9560961723327637,0.09137402474880219,37168.104701395845,95.67198507958791,134972702720.0,0.0003
resume_step16000_to35000,32190,2.5095102787017822,2.8585145473480225,0.07758988440036774,37286.11458062626,95.97574658412736,135014645760.0,0.0003
resume_step16000_to35000,32200,2.4722883701324463,2.815816640853882,0.1168789491057396,37196.51914985842,95.7451248512065,135056588800.0,0.0003
resume_step16000_to35000,32210,2.488494396209717,2.8410072326660156,0.08082190155982971,37265.83302836981,95.92354116820803,135098531840.0,0.0003
resume_step16000_to35000,32220,2.4797110557556152,2.861072301864624,0.1290944665670395,37217.19143917128,95.79833603780291,135140474880.0,0.0003
resume_step16000_to35000,32230,2.4888689517974854,2.928335189819336,0.10656800121068954,37222.509030423804,95.81202370132674,135182417920.0,0.0003
resume_step16000_to35000,32240,2.5309104919433594,3.0013489723205566,0.08397222310304642,37234.12115219058,95.84191370377208,135224360960.0,0.0003
resume_step16000_to35000,32250,2.4963746070861816,2.8813371658325195,0.08186314254999161,37178.44447947143,95.69860002543248,135266304000.0,0.0003
resume_step16000_to35000,32260,2.4885106086730957,2.9134464263916016,0.11730669438838959,37275.00067297882,95.94713900203074,135308247040.0,0.0003
resume_step16000_to35000,32270,2.4813241958618164,2.7854392528533936,0.05183291435241699,37214.155090234664,95.79052037078156,135350190080.0,0.0003
resume_step16000_to35000,32280,2.5172581672668457,2.920414924621582,0.06855196505784988,37257.11151101643,95.90109168134806,135392133120.0,0.0003
resume_step16000_to35000,32290,2.565809965133667,3.096363067626953,0.06275685131549835,37192.35749104828,95.73441259770881,135434076160.0,0.0003
resume_step16000_to35000,32300,2.478355884552002,2.871224880218506,0.11699818819761276,37171.75915698478,95.68139177447826,135476019200.0,0.0003
resume_step16000_to35000,32310,2.492396354675293,2.860671043395996,0.052364833652973175,37172.351112685355,95.68291548889437,135517962240.0,0.0003
resume_step16000_to35000,32320,2.4794206619262695,2.860887289047241,0.1010056734085083,37299.42528191964,96.01000878893362,135559905280.0,0.0003
resume_step16000_to35000,32330,2.512981414794922,3.198300361633301,0.06798920780420303,37230.93716279165,95.83371800510206,135601848320.0,0.0003
resume_step16000_to35000,32340,2.482815742492676,2.9459571838378906,0.07128290832042694,37212.94132686246,95.78739610194494,135643791360.0,0.0003
resume_step16000_to35000,32350,2.5115253925323486,2.920663833618164,0.0793633833527565,37292.78820334879,95.99292471948472,135685734400.0,0.0003
resume_step16000_to35000,32360,2.4675698280334473,2.8583309650421143,0.06986384838819504,37223.10275479384,95.81355196835912,135727677440.0,0.0003
resume_step16000_to35000,32370,2.481537342071533,2.9623374938964844,0.0741117000579834,37327.301311332005,96.08176265132298,135769620480.0,0.0003
resume_step16000_to35000,32380,2.4774959087371826,2.911548614501953,0.06296563893556595,37187.12351221553,95.72094015544099,135811563520.0,0.0003
resume_step16000_to35000,32390,2.473266124725342,2.886258125305176,0.06684808433055878,37199.58046288881,95.75300477666732,135853506560.0,0.0003
resume_step16000_to35000,32400,2.5008835792541504,2.8193840980529785,0.07503663748502731,37277.37114116966,95.95324066901664,135895449600.0,0.0003
resume_step16000_to35000,32410,2.492831230163574,2.918031692504883,0.09854718297719955,37279.347173797854,95.95832704524271,135937392640.0,0.0003
resume_step16000_to35000,32420,2.543109655380249,3.0617823600769043,0.06952174007892609,37264.59188760881,95.92034642902716,135979335680.0,0.0003
resume_step16000_to35000,32430,2.4912490844726562,2.814174175262451,0.08308499306440353,37270.442674567836,95.93540655671312,136021278720.0,0.0003
resume_step16000_to35000,32440,2.489645004272461,2.8970937728881836,0.1187250018119812,37267.83682747162,95.92869901629608,136063221760.0,0.0003
resume_step16000_to35000,32450,2.4450900554656982,2.893381118774414,0.0578143335878849,37220.4292439111,95.80667025901886,136105164800.0,0.0003
resume_step16000_to35000,32460,2.500030279159546,2.8858094215393066,0.052649226039648056,37178.47672592246,95.69868302891106,136147107840.0,0.0003
resume_step16000_to35000,32470,2.477552890777588,2.8894102573394775,0.10640958696603775,37275.79922186573,95.94919449444303,136189050880.0,0.0003
resume_step16000_to35000,32480,2.48930025100708,2.9267935752868652,0.061653632670640945,37237.22673604635,95.8499075838663,136230993920.0,0.0003
resume_step16000_to35000,32490,2.459803581237793,2.833402633666992,0.06077823042869568,37252.17865197142,95.88839433181288,136272936960.0,0.0003
resume_step16000_to35000,32500,2.517890453338623,3.0693883895874023,0.16005055606365204,37184.89488456046,95.71520359089253,136314880000.0,0.0003
resume_step16000_to35000,32510,2.4911866188049316,2.8019766807556152,0.06547924876213074,37255.413532687926,95.89672102649182,136356823040.0,0.0003
resume_step16000_to35000,32520,2.4975597858428955,2.8222250938415527,0.05076483264565468,37261.72988718511,95.91297954109909,136398766080.0,0.0003
resume_step16000_to35000,32530,2.477965831756592,2.8893160820007324,0.07391850650310516,37190.3177555827,95.72916224817936,136440709120.0,0.0003
resume_step16000_to35000,32540,2.511530876159668,2.950972557067871,0.10418783128261566,37253.889159105864,95.89279723624826,136482652160.0,0.0003
resume_step16000_to35000,32550,2.4855380058288574,2.9075992107391357,0.09747835248708725,37239.39363020725,95.85548524426885,136524595200.0,0.0003
resume_step16000_to35000,32560,2.4898297786712646,2.882925510406494,0.06696394085884094,37166.15679147354,95.66697109217799,136566538240.0,0.0003
resume_step16000_to35000,32570,2.517845630645752,2.9670372009277344,0.07540059834718704,37242.189864857384,95.86268284882458,136608481280.0,0.0003
resume_step16000_to35000,32580,2.518563985824585,2.932882308959961,0.057172417640686035,37221.692151229436,95.80992102607,136650424320.0,0.0003
resume_step16000_to35000,32590,2.467493772506714,2.8071227073669434,0.053843941539525986,37142.41135922196,95.60584952952816,136692367360.0,0.0003
resume_step16000_to35000,32600,2.4897375106811523,2.9318113327026367,0.11554650217294693,37201.39825353191,95.75768383255898,136734310400.0,0.0003
resume_step16000_to35000,32610,2.476579189300537,2.828148365020752,0.07786998897790909,37230.38983839959,95.83230917321539,136776253440.0,0.0003
resume_step16000_to35000,32620,2.506601333618164,3.2362401485443115,0.08510702848434448,37147.907804514936,95.61999756952873,136818196480.0,0.0003
resume_step16000_to35000,32630,2.4893839359283447,2.811335325241089,0.06565561890602112,37169.448015483715,95.67544281644064,136860139520.0,0.0003
resume_step16000_to35000,32640,2.4916751384735107,2.9018940925598145,0.06707646697759628,37153.196837504205,95.63361172309669,136902082560.0,0.0003
resume_step16000_to35000,32650,2.521929979324341,3.008974552154541,0.13241046667099,37125.04875819845,95.56115759488664,136944025600.0,0.0003
resume_step16000_to35000,32660,2.5205440521240234,3.295240879058838,0.07072365283966064,37261.12481185141,95.91142205629424,136985968640.0,0.0003
resume_step16000_to35000,32670,2.5040676593780518,2.852564811706543,0.09551885724067688,37197.969684318006,95.74885857699881,137027911680.0,0.0003
resume_step16000_to35000,32680,2.527275562286377,3.106065511703491,0.09025579690933228,37136.44042304927,95.59048013361696,137069854720.0,0.0003
resume_step16000_to35000,32690,2.4761199951171875,2.8066420555114746,0.0510752908885479,37162.341754132154,95.65715105431124,137111797760.0,0.0003
resume_step16000_to35000,32700,2.4902074337005615,2.8750967979431152,0.0756627544760704,37146.323278811054,95.6159189456463,137153740800.0,0.0003
resume_step16000_to35000,32710,2.4835727214813232,2.9305078983306885,0.06985640525817871,37156.722778100746,95.64268761595842,137195683840.0,0.0003
resume_step16000_to35000,32720,2.4730942249298096,3.0420150756835938,0.0988650843501091,37287.57879530263,95.97951552327011,137237626880.0,0.0003
resume_step16000_to35000,32730,2.508599281311035,2.8485267162323,0.07853057235479355,37237.59219024958,95.85084827560615,137279569920.0,0.0003
resume_step16000_to35000,32740,2.4510445594787598,2.9216561317443848,0.0637134462594986,37184.92348160159,95.71527720066398,137321512960.0,0.0003
resume_step16000_to35000,32750,2.4897077083587646,3.019073009490967,0.06308058649301529,37176.45318004749,95.69347435194693,137363456000.0,0.0003
resume_step16000_to35000,32760,2.5034966468811035,2.987104892730713,0.08090708404779434,37163.28900295355,95.65958930549017,137405399040.0,0.0003
resume_step16000_to35000,32770,2.499154567718506,2.852663516998291,0.10176536440849304,37161.57803086085,95.65518520423619,137447342080.0,0.0003
resume_step16000_to35000,32780,2.491318702697754,2.8367996215820312,0.053574349731206894,37287.7246572329,95.9798909769159,137489285120.0,0.0003
resume_step16000_to35000,32790,2.49318265914917,2.8484416007995605,0.06487495452165604,37232.86389627543,95.83867748362789,137531228160.0,0.0003
resume_step16000_to35000,32800,2.5192832946777344,2.8833250999450684,0.07073280215263367,37214.53343457395,95.79149424217678,137573171200.0,0.0003
resume_step16000_to35000,32810,2.494187831878662,2.9849119186401367,0.08164309710264206,37163.954573934294,95.66130250817972,137615114240.0,0.0003
resume_step16000_to35000,32820,2.481506824493408,2.8223602771759033,0.09373506158590317,37137.95658681696,95.5943827915148,137657057280.0,0.0003
resume_step16000_to35000,32830,2.5305676460266113,2.9073853492736816,0.10459521412849426,37157.94523851962,95.64583427129355,137699000320.0,0.0003
resume_step16000_to35000,32840,2.5148417949676514,2.983048439025879,0.06235212832689285,37167.388267359514,95.67014095363676,137740943360.0,0.0003
resume_step16000_to35000,32850,2.4841372966766357,2.830763816833496,0.07766610383987427,37195.31863917962,95.74203469526034,137782886400.0,0.0003
resume_step16000_to35000,32860,2.5525569915771484,3.0439250469207764,0.09598977118730545,37261.39815767943,95.9121256578954,137824829440.0,0.0003
resume_step16000_to35000,32870,2.491431713104248,2.9088869094848633,0.0716727003455162,37190.39963267438,95.72937300264093,137866772480.0,0.0003
resume_step16000_to35000,32880,2.479801893234253,2.9413156509399414,0.05122016742825508,37288.3344930185,95.98146071528834,137908715520.0,0.0003
resume_step16000_to35000,32890,2.5107250213623047,2.8895304203033447,0.06862802058458328,37207.900530032995,95.774420916825,137950658560.0,0.0003
resume_step16000_to35000,32900,2.499978542327881,2.8299906253814697,0.07127439230680466,37280.23508907252,95.96061256982333,137992601600.0,0.0003
resume_step16000_to35000,32910,2.475677728652954,2.933835506439209,0.06816166639328003,37201.89780071202,95.75896968425215,138034544640.0,0.0003
resume_step16000_to35000,32920,2.502511501312256,2.905953884124756,0.0927247554063797,32280.039609241736,83.08993672598811,138076487680.0,0.0003
resume_step16000_to35000,32930,2.4733235836029053,2.8220014572143555,0.11361691355705261,37249.12266199513,95.88052810807712,138118430720.0,0.0003
resume_step16000_to35000,32940,2.5216705799102783,3.7428197860717773,0.06475522369146347,37179.93325083254,95.70243217432981,138160373760.0,0.0003
resume_step16000_to35000,32950,2.5037224292755127,2.9329376220703125,0.06591366231441498,37204.03271679662,95.76446503198196,138202316800.0,0.0003
resume_step16000_to35000,32960,2.4835596084594727,2.8945860862731934,0.13187837600708008,37200.200622780234,95.75460108964471,138244259840.0,0.0003
resume_step16000_to35000,32970,2.519266128540039,2.909438133239746,0.05922316759824753,37321.20005829662,96.06605781530679,138286202880.0,0.0003
resume_step16000_to35000,32980,2.480679512023926,2.919174909591675,0.12927615642547607,37203.021075533754,95.76186103243492,138328145920.0,0.0003
resume_step16000_to35000,32990,2.516310453414917,2.8629651069641113,0.06846103072166443,37215.203914034064,95.79322007946173,138370088960.0,0.0003
resume_step16000_to35000,33000,2.4743475914001465,2.868692636489868,0.05143994092941284,37321.17100470726,96.06598303036445,138412032000.0,0.0003
resume_step16000_to35000,33010,2.5098073482513428,2.8587350845336914,0.08702542632818222,33990.53214326986,87.49280357940988,138453975040.0,0.0003
resume_step16000_to35000,33020,2.529904842376709,2.9671430587768555,0.1112356036901474,37226.6530808521,95.82269063024145,138495918080.0,0.0003
resume_step16000_to35000,33030,2.5188374519348145,3.1279609203338623,0.09812983870506287,37180.468964575695,95.70381112000524,138537861120.0,0.0003
resume_step16000_to35000,33040,2.4893925189971924,2.911355972290039,0.05701503902673721,37218.253750067066,95.80107046273493,138579804160.0,0.0003
resume_step16000_to35000,33050,2.4743292331695557,2.921298027038574,0.08290410041809082,37330.82498106615,96.0908326989065,138621747200.0,0.0003
resume_step16000_to35000,33060,2.492312431335449,2.8431506156921387,0.08535437285900116,37276.71263530239,95.95154565217318,138663690240.0,0.0003
resume_step16000_to35000,33070,2.494176149368286,2.926180839538574,0.06296011060476303,37218.53924125505,95.80180532691207,138705633280.0,0.0003
resume_step16000_to35000,33080,2.5161304473876953,3.2255520820617676,0.08125332742929459,37268.21265490327,95.92966640908412,138747576320.0,0.0003
resume_step16000_to35000,33090,2.491070508956909,2.841977834701538,0.08518965542316437,37266.77238464601,95.92595910370306,138789519360.0,0.0003
resume_step16000_to35000,33100,2.48480486869812,2.8267245292663574,0.061739880591630936,37171.97084246926,95.68193666022573,138831462400.0,0.0003
resume_step16000_to35000,33110,2.496612787246704,2.8617796897888184,0.04796458035707474,37203.18579510551,95.76228502630111,138873405440.0,0.0003
resume_step16000_to35000,33120,2.508784532546997,2.897892475128174,0.1093541607260704,37306.65306005841,96.02861333946979,138915348480.0,0.0003
resume_step16000_to35000,33130,2.471909523010254,2.888676404953003,0.07396567612886429,37325.88326393415,96.07811254834948,138957291520.0,0.0003
resume_step16000_to35000,33140,2.510504961013794,2.856839418411255,0.07374782115221024,37194.99194904794,95.74119378357935,138999234560.0,0.0003
resume_step16000_to35000,33150,2.4861364364624023,2.8556933403015137,0.06210940703749657,37331.19337522381,96.0917809581906,139041177600.0,0.0003
resume_step16000_to35000,33160,2.47567081451416,2.789302349090576,0.07406612485647202,37176.49802795589,95.69358979201195,139083120640.0,0.0003
resume_step16000_to35000,33170,2.510819911956787,3.034982442855835,0.09643207490444183,37270.442314187676,95.93540562908213,139125063680.0,0.0003
resume_step16000_to35000,33180,2.503373146057129,2.8840460777282715,0.07459252327680588,37235.00853595381,95.8441978602239,139167006720.0,0.0003
resume_step16000_to35000,33190,2.5149335861206055,2.941865921020508,0.15810327231884003,37178.65547343348,95.69914313117737,139208949760.0,0.0003
resume_step16000_to35000,33200,2.479840040206909,2.8919668197631836,0.06999530643224716,37178.927203445586,95.69984257361256,139250892800.0,0.0003
resume_step16000_to35000,33210,2.471391439437866,2.9033517837524414,0.0708661749958992,37131.61581651081,95.57806142977209,139292835840.0,0.0003
resume_step16000_to35000,33220,2.4889705181121826,2.808365821838379,0.05198878422379494,37191.87150761835,95.73316165957704,139334778880.0,0.0003
resume_step16000_to35000,33230,2.4719200134277344,2.8407857418060303,0.07216644287109375,37238.23727510989,95.85250874631421,139376721920.0,0.0003
resume_step16000_to35000,33240,2.530397415161133,2.9291019439697266,0.07284621149301529,37255.315196133,95.89646790480346,139418664960.0,0.0003
resume_step16000_to35000,33250,2.5220022201538086,2.933572769165039,0.07238145172595978,37273.18565655352,95.9424670870715,139460608000.0,0.0003
resume_step16000_to35000,33260,2.5214004516601562,3.0521416664123535,0.06205784156918526,37205.54352490748,95.76835390423416,139502551040.0,0.0003
resume_step16000_to35000,33270,2.5091938972473145,2.9956769943237305,0.08029920607805252,37194.7950303386,95.74068690802106,139544494080.0,0.0003
resume_step16000_to35000,33280,2.490297555923462,2.962064743041992,0.07910951226949692,37251.609009705724,95.88692805294872,139586437120.0,0.0003
resume_step16000_to35000,33290,2.520287275314331,2.8878955841064453,0.08376508951187134,37146.32098911164,95.61591305188094,139628380160.0,0.0003
resume_step16000_to35000,33300,2.500394821166992,2.9050965309143066,0.05902788043022156,37144.458632487556,95.61111928161516,139670323200.0,0.0003
resume_step16000_to35000,33310,2.515061140060425,2.8854856491088867,0.08450140058994293,37141.98119823996,95.60474228030515,139712266240.0,0.0003
resume_step16000_to35000,33320,2.4713289737701416,3.346662998199463,0.06349863857030869,37146.49645452324,95.61636470590999,139754209280.0,0.0003
resume_step16000_to35000,33330,2.508739948272705,2.8570098876953125,0.0606703907251358,37218.046158513556,95.80053611490715,139796152320.0,0.0003
resume_step16000_to35000,33340,2.487433433532715,2.944462776184082,0.07637212425470352,37149.89289028103,95.6251072488444,139838095360.0,0.0003
resume_step16000_to35000,33350,2.52359938621521,2.9364066123962402,0.05730227753520012,37220.997072504295,95.80813186942736,139880038400.0,0.0003
resume_step16000_to35000,33360,2.501051902770996,2.901625633239746,0.06234035640954971,37196.070686341336,95.74397049062611,139921981440.0,0.0003
resume_step16000_to35000,33370,2.5040483474731445,2.892611503601074,0.0632144883275032,37285.26437915191,95.97355813617118,139963924480.0,0.0003
resume_step16000_to35000,33380,2.5063235759735107,2.9433939456939697,0.07949261367321014,37176.18046121588,95.6927723642562,140005867520.0,0.0003
resume_step16000_to35000,33390,2.4930307865142822,2.844127655029297,0.06714902818202972,37146.10029897899,95.6153449878581,140047810560.0,0.0003
resume_step16000_to35000,33400,2.4553122520446777,2.992985725402832,0.059745121747255325,37167.49903215668,95.67042606604987,140089753600.0,0.0003
resume_step16000_to35000,33410,2.4811534881591797,2.9406514167785645,0.05333332717418671,37295.07700697181,95.99881617905284,140131696640.0,0.0003
resume_step16000_to35000,33420,2.527935266494751,2.9249372482299805,0.051084063947200775,37209.43503818556,95.77837079380302,140173639680.0,0.0003
resume_step16000_to35000,33430,2.5089073181152344,2.922551155090332,0.0994744524359703,37323.28484411851,96.07142412600918,140215582720.0,0.0003
resume_step16000_to35000,33440,2.496588945388794,2.8524587154388428,0.05601800978183746,37170.122788037996,95.67717970429821,140257525760.0,0.0003
resume_step16000_to35000,33450,2.5053577423095703,2.875629186630249,0.06279213726520538,37132.3848434959,95.58004093178958,140299468800.0,0.0003
resume_step16000_to35000,33460,2.5258216857910156,3.1142349243164062,0.061234619468450546,37141.64641094981,95.60388052625864,140341411840.0,0.0003
resume_step16000_to35000,33470,2.4782378673553467,2.8231096267700195,0.07806281000375748,37265.35420170895,95.92230865184699,140383354880.0,0.0003
resume_step16000_to35000,33480,2.5132126808166504,2.8906874656677246,0.17045466601848602,37228.869151936895,95.82839487374441,140425297920.0,0.0003
resume_step16000_to35000,33490,2.501683235168457,3.0803375244140625,0.0595068484544754,37205.4550153882,95.7681260776749,140467240960.0,0.0003
resume_step16000_to35000,33500,2.5198113918304443,2.985936164855957,0.054031047970056534,37285.29619392174,95.97364002848744,140509184000.0,0.0003
resume_step16000_to35000,33510,2.5190322399139404,2.891106128692627,0.0710102841258049,37158.54711381039,95.6473835190774,140551127040.0,0.0003
resume_step16000_to35000,33520,2.491401195526123,2.934767961502075,0.11461137980222702,37299.587656032396,96.01042674550735,140593070080.0,0.0003
resume_step16000_to35000,33530,2.4907822608947754,2.958564281463623,0.07218138128519058,37275.36824809181,95.94808515306555,140635013120.0,0.0003
resume_step16000_to35000,33540,2.4909868240356445,3.0430078506469727,0.06737954169511795,37192.37089505169,95.7344471000765,140676956160.0,0.0003
resume_step16000_to35000,33550,2.499664783477783,2.953885555267334,0.06424134224653244,37289.75328938752,95.98511274613946,140718899200.0,0.0003
resume_step16000_to35000,33560,2.4799747467041016,2.870060443878174,0.07003894448280334,37271.35664259944,95.9377591419898,140760842240.0,0.0003
resume_step16000_to35000,33570,2.536907911300659,3.5644474029541016,0.09961967915296555,37226.061422200444,95.82116768043953,140802785280.0,0.0003
resume_step16000_to35000,33580,2.5028040409088135,2.8662891387939453,0.07775356620550156,37171.722855148306,95.68129833229752,140844728320.0,0.0003
resume_step16000_to35000,33590,2.5270028114318848,3.1574063301086426,0.07011671364307404,37184.938793875226,95.71531661498511,140886671360.0,0.0003
resume_step16000_to35000,33600,2.5389809608459473,2.9339370727539062,0.0733349472284317,37218.64592944357,95.80207994599373,140928614400.0,0.0003
resume_step16000_to35000,33610,2.4987564086914062,2.8544230461120605,0.0509510338306427,37329.085401411445,96.08635496079994,140970557440.0,0.0003
resume_step16000_to35000,33620,2.5079431533813477,2.8602795600891113,0.09579192847013474,37197.667757495044,95.74808140692964,141012500480.0,0.0003
resume_step16000_to35000,33630,2.492380380630493,2.8742332458496094,0.06006557494401932,37241.597632910525,95.86115842334098,141054443520.0,0.0003
resume_step16000_to35000,33640,2.5181808471679688,2.896094560623169,0.05823572725057602,37301.811012785576,96.01614974257231,141096386560.0,0.0003
resume_step16000_to35000,33650,2.547518491744995,2.954730987548828,0.19835920631885529,37268.46794187332,95.93032352656122,141138329600.0,0.0003
resume_step16000_to35000,33660,2.5167973041534424,2.9646191596984863,0.08010569214820862,37245.419011349724,95.8709947834125,141180272640.0,0.0003
resume_step16000_to35000,33670,2.5351169109344482,2.9888293743133545,0.0660734623670578,37176.13591144049,95.69265769159584,141222215680.0,0.0003
resume_step16000_to35000,33680,2.5143210887908936,2.924426555633545,0.05965212360024452,37197.81945769621,95.74847188848634,141264158720.0,0.0003
resume_step16000_to35000,33690,2.5080418586730957,2.886631965637207,0.05979381874203682,37268.91567098298,95.93147599675153,141306101760.0,0.0003
resume_step16000_to35000,33700,2.4935736656188965,3.2584691047668457,0.06636995822191238,37219.25793819474,95.80365527765461,141348044800.0,0.0003
resume_step16000_to35000,33710,2.531564235687256,3.0473437309265137,0.06649081408977509,37152.02357272001,95.63059169902418,141389987840.0,0.0003
resume_step16000_to35000,33720,2.511819362640381,2.9635696411132812,0.058024387806653976,37255.700491157324,95.89745966750199,141431930880.0,0.0003
resume_step16000_to35000,33730,2.510444402694702,3.081467866897583,0.08864245563745499,37230.90295024824,95.8336299408338,141473873920.0,0.0003
resume_step16000_to35000,33740,2.500713348388672,2.9470622539520264,0.08707178384065628,37171.226462386694,95.6800206001865,141515816960.0,0.0003
resume_step16000_to35000,33750,2.5308945178985596,3.023164987564087,0.09649476408958435,37172.566124716715,95.68346893728841,141557760000.0,0.0003
resume_step16000_to35000,33760,2.491044521331787,2.9217209815979004,0.05863184854388237,37152.881332628676,95.6327996026513,141599703040.0,0.0003
resume_step16000_to35000,33770,2.4647560119628906,2.977950096130371,0.09224193543195724,37254.68208634159,95.89483825833629,141641646080.0,0.0003
resume_step16000_to35000,33780,2.4928317070007324,2.9662625789642334,0.0853293314576149,37242.349070154254,95.86309264875678,141683589120.0,0.0003
resume_step16000_to35000,33790,2.5253028869628906,2.9962871074676514,0.079361192882061,37235.36092511645,95.84510492209807,141725532160.0,0.0003
resume_step16000_to35000,33800,2.47503399848938,2.942096710205078,0.06089071184396744,37212.309741044715,95.78577037823862,141767475200.0,0.0003
resume_step16000_to35000,33810,2.522214889526367,2.874290943145752,0.10289589315652847,37231.951970523914,95.83633015525069,141809418240.0,0.0003
resume_step16000_to35000,33820,2.4585962295532227,2.8698642253875732,0.07180877029895782,37136.03135940048,95.58942718965821,141851361280.0,0.0003
resume_step16000_to35000,33830,2.493959426879883,2.849574565887451,0.10511212795972824,37113.691321214574,95.53192315986787,141893304320.0,0.0003
resume_step16000_to35000,33840,2.5367918014526367,3.143772602081299,0.09238109737634659,37248.39073965807,95.87864411470503,141935247360.0,0.0003
resume_step16000_to35000,33850,2.516556978225708,2.8910698890686035,0.10081639885902405,37162.828606709154,95.6584042296576,141977190400.0,0.0003
resume_step16000_to35000,33860,2.4915764331817627,3.0564541816711426,0.0565059632062912,37146.445605704546,95.61623381929464,142019133440.0,0.0003
resume_step16000_to35000,33870,2.510265827178955,2.943009853363037,0.07181873917579651,37227.22816446196,95.8241709153134,142061076480.0,0.0003
resume_step16000_to35000,33880,2.47412371635437,2.850116729736328,0.0635417252779007,37173.02130862802,95.68464059639561,142103019520.0,0.0003
resume_step16000_to35000,33890,2.4856154918670654,2.9495513439178467,0.05088527873158455,37216.114542971845,95.7955640697956,142144962560.0,0.0003
resume_step16000_to35000,33900,2.534533739089966,2.884289264678955,0.08243351429700851,37146.367583502324,95.61603298745166,142186905600.0,0.0003
resume_step16000_to35000,33910,2.5059261322021484,2.9930672645568848,0.06578126549720764,37153.284152814245,95.63383647572012,142228848640.0,0.0003
resume_step16000_to35000,33920,2.5093326568603516,2.9096264839172363,0.06826033443212509,37252.890209040546,95.890225904282,142270791680.0,0.0003
resume_step16000_to35000,33930,2.493712902069092,3.0736806392669678,0.08025190979242325,37194.573901103344,95.74011771373293,142312734720.0,0.0003
resume_step16000_to35000,33940,2.4930145740509033,2.863825798034668,0.08583296835422516,37225.00815186993,95.81845652623473,142354677760.0,0.0003
resume_step16000_to35000,33950,2.4991166591644287,3.117204189300537,0.0737476646900177,37149.98082814918,95.62533360395389,142396620800.0,0.0003
resume_step16000_to35000,33960,2.5052390098571777,2.9207963943481445,0.07843758910894394,37229.897802622436,95.83104265613282,142438563840.0,0.0003
resume_step16000_to35000,33970,2.4910457134246826,2.7874114513397217,0.04933770373463631,37203.227461541435,95.76239227714609,142480506880.0,0.0003
resume_step16000_to35000,33980,2.511181116104126,2.935058832168579,0.08290579169988632,37152.312165226926,95.63133454610333,142522449920.0,0.0003
resume_step16000_to35000,33990,2.521624803543091,2.8837623596191406,0.07579783350229263,37137.01915186307,95.59196980156973,142564392960.0,0.0003
resume_step16000_to35000,34000,2.4633617401123047,2.8154869079589844,0.11769582331180573,37208.079677830785,95.77488204944328,142606336000.0,0.0003
resume_step16000_to35000,34010,2.474236011505127,2.8337974548339844,0.08552432805299759,33957.4064104534,87.40753679916298,142648279040.0,0.0003
resume_step16000_to35000,34020,2.507383346557617,3.02331280708313,0.08154857158660889,37169.099939997985,95.67454685811978,142690222080.0,0.0003
resume_step16000_to35000,34030,2.509636878967285,2.9541051387786865,0.061152953654527664,37168.7104494564,95.67354429601492,142732165120.0,0.0003
resume_step16000_to35000,34040,2.5245823860168457,2.8551909923553467,0.11299268156290054,37273.61069069413,95.94356113962772,142774108160.0,0.0003
resume_step16000_to35000,34050,2.5134451389312744,2.9604344367980957,0.09192436933517456,37202.72401589455,95.76109639066483,142816051200.0,0.0003
resume_step16000_to35000,34060,2.5050301551818848,2.9427456855773926,0.054241735488176346,37143.08315789529,95.6075787625135,142857994240.0,0.0003
resume_step16000_to35000,34070,2.5094263553619385,3.0579841136932373,0.11787763237953186,37289.24390088296,95.98380156253731,142899937280.0,0.0003
resume_step16000_to35000,34080,2.514040946960449,3.052351951599121,0.08752723038196564,37158.294570411264,95.64673346364661,142941880320.0,0.0003
resume_step16000_to35000,34090,2.5315990447998047,2.950803518295288,0.0819561704993248,37253.912839205645,95.89285818964288,142983823360.0,0.0003
resume_step16000_to35000,34100,2.5125961303710938,2.8548903465270996,0.05442372336983681,37201.88571500293,95.75893857521957,143025766400.0,0.0003
resume_step16000_to35000,34110,2.492689847946167,3.145376205444336,0.07553813606500626,37286.93241139493,95.97785170876922,143067709440.0,0.0003
resume_step16000_to35000,34120,2.486771583557129,2.9191055297851562,0.07186870276927948,37180.7274531078,95.70447647841364,143109652480.0,0.0003
resume_step16000_to35000,34130,2.5141000747680664,2.842355966567993,0.07862334698438644,37185.88288018706,95.71774672575523,143151595520.0,0.0003
resume_step16000_to35000,34140,2.5051791667938232,2.8359861373901367,0.08336413651704788,37171.56037694073,95.68088010778013,143193538560.0,0.0003
resume_step16000_to35000,34150,2.4981136322021484,3.080859661102295,0.09821999073028564,37145.56222127747,95.61395995727217,143235481600.0,0.0003
resume_step16000_to35000,34160,2.454026222229004,2.8597559928894043,0.11694969981908798,37162.95307170425,95.65872460685331,143277424640.0,0.0003
resume_step16000_to35000,34170,2.4852945804595947,2.8405556678771973,0.055910032242536545,37269.12654224786,95.93201878666966,143319367680.0,0.0003
resume_step16000_to35000,34180,2.4983699321746826,2.900033950805664,0.0937274917960167,37260.85056442964,95.91071613395962,143361310720.0,0.0003
resume_step16000_to35000,34190,2.6013150215148926,5.914230823516846,0.07555611431598663,37253.38901299035,95.8915098428747,143403253760.0,0.0003
resume_step16000_to35000,34200,2.4880683422088623,2.843078851699829,0.06327340006828308,37268.07663618651,95.92931629220986,143445196800.0,0.0003
resume_step16000_to35000,34210,2.5022237300872803,2.9739513397216797,0.11732794344425201,37271.25006853829,95.93748481667592,143487139840.0,0.0003
resume_step16000_to35000,34220,2.4693307876586914,2.9992318153381348,0.07363428175449371,37218.89175737513,95.80271271557909,143529082880.0,0.0003
resume_step16000_to35000,34230,2.486886501312256,2.8448565006256104,0.09122274070978165,37248.61102833207,95.87921114535943,143571025920.0,0.0003
resume_step16000_to35000,34240,2.4968295097351074,2.936386823654175,0.07903719693422318,37215.59543627887,95.79422787124085,143612968960.0,0.0003
resume_step16000_to35000,34250,2.4911837577819824,2.8635430335998535,0.06851603090763092,37300.516038307986,96.01281643354582,143654912000.0,0.0003
resume_step16000_to35000,34260,2.4663703441619873,2.8541626930236816,0.10059093683958054,37160.51662555287,95.65245311031843,143696855040.0,0.0003
resume_step16000_to35000,34270,2.5031938552856445,2.8769025802612305,0.07933859527111053,37178.41306089471,95.69851915293098,143738798080.0,0.0003
resume_step16000_to35000,34280,2.503582000732422,3.243901252746582,0.06182912737131119,37272.4182376195,95.94049172423298,143780741120.0,0.0003
resume_step16000_to35000,34290,2.5025429725646973,2.9276175498962402,0.05537503585219383,37189.65953172526,95.72746795723894,143822684160.0,0.0003
resume_step16000_to35000,34300,2.5025105476379395,2.8254847526550293,0.06217021122574806,37289.47647102446,95.98440020611321,143864627200.0,0.0003
resume_step16000_to35000,34310,2.5015769004821777,2.9237632751464844,0.06803079694509506,37243.13885419571,95.86512558015421,143906570240.0,0.0003
resume_step16000_to35000,34320,2.494316816329956,2.9274702072143555,0.08545886725187302,37318.66003782965,96.05951971490673,143948513280.0,0.0003
resume_step16000_to35000,34330,2.4934513568878174,2.9489586353302,0.046696409583091736,37230.613760474786,95.83288555636994,143990456320.0,0.0003
resume_step16000_to35000,34340,2.499460458755493,2.970517873764038,0.07499729096889496,37311.36628877028,96.04074535294266,144032399360.0,0.0003
resume_step16000_to35000,34350,2.489006519317627,2.857682228088379,0.07018014043569565,37275.79223266578,95.949176504001,144074342400.0,0.0003
resume_step16000_to35000,34360,2.498053789138794,3.1075315475463867,0.07236707955598831,37298.09089810522,96.00657403891316,144116285440.0,0.0003
resume_step16000_to35000,34370,2.4856624603271484,2.9753098487854004,0.07237397879362106,37191.444169322844,95.73206167604653,144158228480.0,0.0003
resume_step16000_to35000,34380,2.5114314556121826,2.9234776496887207,0.06831271201372147,37244.79025640131,95.8693763464616,144200171520.0,0.0003
resume_step16000_to35000,34390,2.4992308616638184,2.8139071464538574,0.06298601627349854,37277.83131275389,95.95442516656621,144242114560.0,0.0003
resume_step16000_to35000,34400,2.499147415161133,2.8548412322998047,0.0532476045191288,37188.8782891771,95.72545701194024,144284057600.0,0.0003
resume_step16000_to35000,34410,2.4880082607269287,2.9210939407348633,0.07169827073812485,37211.64340781937,95.78405521350517,144326000640.0,0.0003
resume_step16000_to35000,34420,2.4802331924438477,2.866851329803467,0.06802954524755478,37203.161008413495,95.76222122449987,144367943680.0,0.0003
resume_step16000_to35000,34430,2.5292305946350098,2.907956123352051,0.05847921594977379,37271.555979511715,95.93827224208597,144409886720.0,0.0003
resume_step16000_to35000,34440,2.4928715229034424,2.9338645935058594,0.11274378001689911,37253.496624255386,95.89178683798718,144451829760.0,0.0003
resume_step16000_to35000,34450,2.4851105213165283,2.8520429134368896,0.0888584703207016,37357.93664090359,96.16061904761295,144493772800.0,0.0003
resume_step16000_to35000,34460,2.502413749694824,2.9023444652557373,0.05973856896162033,37179.947636203084,95.70246920277039,144535715840.0,0.0003
resume_step16000_to35000,34470,2.484973430633545,2.9300153255462646,0.08344312012195587,37261.36744080231,95.91204659159288,144577658880.0,0.0003
resume_step16000_to35000,34480,2.5209689140319824,2.944546699523926,0.06201804056763649,37259.60735331698,95.90751606562208,144619601920.0,0.0003
resume_step16000_to35000,34490,2.5017242431640625,2.9603986740112305,0.08146844804286957,37271.156650757344,95.93724435608165,144661544960.0,0.0003
resume_step16000_to35000,34500,2.515096426010132,2.872304916381836,0.08742161095142365,37226.17921360691,95.82147087958762,144703488000.0,0.0003
resume_step16000_to35000,34510,2.4945108890533447,2.9391369819641113,0.096170574426651,37162.89688410625,95.65857997803566,144745431040.0,0.0003
resume_step16000_to35000,34520,2.531217575073242,2.977595329284668,0.055319562554359436,37294.892078582365,95.998340166992,144787374080.0,0.0003
resume_step16000_to35000,34530,2.485095977783203,2.862441062927246,0.10742064565420151,37188.744986643054,95.72511388661408,144829317120.0,0.0003
resume_step16000_to35000,34540,2.5189902782440186,2.920403480529785,0.08174644410610199,37195.01795767836,95.74126073069226,144871260160.0,0.0003
resume_step16000_to35000,34550,2.5201101303100586,2.9409914016723633,0.07254691421985626,37193.4913033479,95.73733106972357,144913203200.0,0.0003
resume_step16000_to35000,34560,2.481581211090088,2.931633949279785,0.05413379520177841,37170.70056950319,95.67866693374296,144955146240.0,0.0003
resume_step16000_to35000,34570,2.5166752338409424,2.949309825897217,0.06742700189352036,37228.00794427451,95.82617809548015,144997089280.0,0.0003
resume_step16000_to35000,34580,2.481199264526367,2.84279727935791,0.08866570889949799,37195.200487827824,95.74173056960053,145039032320.0,0.0003
resume_step16000_to35000,34590,2.512402057647705,2.8919429779052734,0.07945839315652847,37316.19469537611,96.05317383829218,145080975360.0,0.0003
resume_step16000_to35000,34600,2.4502744674682617,2.8640835285186768,0.059394482523202896,37182.89025324481,95.71004360065731,145122918400.0,0.0003
resume_step16000_to35000,34610,2.5213303565979004,2.91609525680542,0.07114933431148529,37263.603563483404,95.91780244859719,145164861440.0,0.0003
resume_step16000_to35000,34620,2.499574899673462,2.875002384185791,0.07807058095932007,37264.8243187642,95.920944714848,145206804480.0,0.0003
resume_step16000_to35000,34630,2.512251853942871,2.9556233882904053,0.06022652983665466,37179.94049413131,95.702450818831,145248747520.0,0.0003
resume_step16000_to35000,34640,2.4872355461120605,2.8332114219665527,0.074214406311512,37189.10216060592,95.7260332647293,145290690560.0,0.0003
resume_step16000_to35000,34650,2.495384693145752,2.9684295654296875,0.06272242963314056,37198.89502822855,95.75124044418075,145332633600.0,0.0003
resume_step16000_to35000,34660,2.516526222229004,2.963080406188965,0.07004014402627945,37293.39765198807,95.99449346132916,145374576640.0,0.0003
resume_step16000_to35000,34670,2.5101850032806396,2.957706928253174,0.0948636531829834,37241.728964417314,95.86149647517492,145416519680.0,0.0003
resume_step16000_to35000,34680,2.484099864959717,3.1230087280273438,0.08900894969701767,37308.24999281733,96.03272389954036,145458462720.0,0.0003
resume_step16000_to35000,34690,2.4730567932128906,2.817427158355713,0.05886621028184891,37254.62300768346,95.89468618783003,145500405760.0,0.0003
resume_step16000_to35000,34700,2.4846673011779785,2.823867082595825,0.08306299149990082,37203.23917748509,95.76242243438968,145542348800.0,0.0003
resume_step16000_to35000,34710,2.466036796569824,2.968716621398926,0.052600979804992676,37170.06892507196,95.6770410591635,145584291840.0,0.0003
resume_step16000_to35000,34720,2.509122848510742,2.8644018173217773,0.08094972372055054,37192.204387510115,95.73401850391424,145626234880.0,0.0003
resume_step16000_to35000,34730,2.505556106567383,2.9375343322753906,0.06081182509660721,37200.875042546395,95.75633706941349,145668177920.0,0.0003
resume_step16000_to35000,34740,2.533201217651367,3.1059317588806152,0.055985283106565475,37227.69859655095,95.82538182375656,145710120960.0,0.0003
resume_step16000_to35000,34750,2.4611775875091553,2.7041592597961426,0.07256344705820084,37234.767599763865,95.84357768215038,145752064000.0,0.0003
resume_step16000_to35000,34760,2.5364718437194824,2.844552993774414,0.13884007930755615,37182.923217296986,95.71012845126599,145794007040.0,0.0003
resume_step16000_to35000,34770,2.4743411540985107,2.8550801277160645,0.06995946913957596,37310.51575099556,96.03855603933773,145835950080.0,0.0003
resume_step16000_to35000,34780,2.497462272644043,2.8812520503997803,0.06878682225942612,37225.59390082435,95.81996426427189,145877893120.0,0.0003
resume_step16000_to35000,34790,2.5115444660186768,3.164092540740967,0.056910041719675064,37276.84519527006,95.95188686610786,145919836160.0,0.0003
resume_step16000_to35000,34800,2.5086333751678467,2.911050796508789,0.06370554864406586,37229.42128315324,95.8298160785628,145961779200.0,0.0003
resume_step16000_to35000,34810,2.4872145652770996,2.8473474979400635,0.08309243619441986,37257.39086632054,95.90181075154818,146003722240.0,0.0003
resume_step16000_to35000,34820,2.481471061706543,2.8345422744750977,0.054582543671131134,37155.523275049636,95.63960005368075,146045665280.0,0.0003
resume_step16000_to35000,34830,2.505737543106079,2.8539977073669434,0.08164940029382706,37159.46330306749,95.64974182186522,146087608320.0,0.0003
resume_step16000_to35000,34840,2.4636244773864746,2.829380512237549,0.1024593636393547,37169.99326494833,95.67684630739241,146129551360.0,0.0003
resume_step16000_to35000,34850,2.4988527297973633,3.149122714996338,0.05749432370066643,37166.55276694816,95.66799034672444,146171494400.0,0.0003
resume_step16000_to35000,34860,2.4816219806671143,2.8274552822113037,0.09944193065166473,37150.70571861795,95.62719949705418,146213437440.0,0.0003
resume_step16000_to35000,34870,2.5322909355163574,3.1905407905578613,0.06404212862253189,37172.332621717476,95.68286789250448,146255380480.0,0.0003
resume_step16000_to35000,34880,2.492274522781372,2.8478708267211914,0.07368453592061996,37278.52274166877,95.95620492847118,146297323520.0,0.0003
resume_step16000_to35000,34890,2.4655416011810303,2.8448667526245117,0.07627762854099274,37217.223009932095,95.79841730203152,146339266560.0,0.0003
resume_step16000_to35000,34900,2.5052449703216553,2.990131378173828,0.07380856573581696,37214.69464560955,95.79190920494975,146381209600.0,0.0003
resume_step16000_to35000,34910,2.485856533050537,2.8508358001708984,0.05912790447473526,37150.07723211378,95.62558175108803,146423152640.0,0.0003
resume_step16000_to35000,34920,2.515721559524536,2.9431796073913574,0.057745419442653656,37195.80077660801,95.74327573365136,146465095680.0,0.0003
resume_step16000_to35000,34930,2.505493640899658,2.921715021133423,0.081269271671772,37234.23335479369,95.84220251714733,146507038720.0,0.0003
resume_step16000_to35000,34940,2.4997289180755615,2.881711483001709,0.07331080734729767,37211.12555305134,95.78272223744845,146548981760.0,0.0003
resume_step16000_to35000,34950,2.5034542083740234,2.9273486137390137,0.07968232780694962,37296.264153275304,96.0018719346354,146590924800.0,0.0003
resume_step16000_to35000,34960,2.49703311920166,2.8347854614257812,0.05984953045845032,37180.9631214087,95.70508309675881,146632867840.0,0.0003
resume_step16000_to35000,34970,2.4938735961914062,2.854343891143799,0.0844401940703392,37287.76349736534,95.97999095275811,146674810880.0,0.0003
resume_step16000_to35000,34980,2.51251220703125,2.9053945541381836,0.05466689541935921,37189.73996762435,95.72767500202102,146716753920.0,0.0003
resume_step16000_to35000,34990,2.477964401245117,2.8302724361419678,0.048547811806201935,37244.63734318498,95.86898274256201,146758696960.0,0.0003
resume_step16000_to35000,35000,2.441189765930176,2.761760711669922,0.056434109807014465,37196.31178803359,95.74459109470828,146800640000.0,0.0003
resume_step35000_to38140,35010,2.5013749599456787,2.8388543128967285,0.0613006092607975,11306.263362383726,29.102712349797173,146842583040.0,0.0003
resume_step35000_to38140,35020,2.4774413108825684,2.8590950965881348,0.06642783433198929,33879.77189820367,87.20770288357089,146884526080.0,0.0003
resume_step35000_to38140,35030,2.480576515197754,2.852173089981079,0.0768575593829155,33841.192588167,87.10839840722318,146926469120.0,0.0003
resume_step35000_to38140,35040,2.4677791595458984,2.8652610778808594,0.06637994199991226,33807.1324327422,87.0207263909127,146968412160.0,0.0003
resume_step35000_to38140,35050,2.490797519683838,3.002387523651123,0.0826033502817154,32131.479584207344,82.70753809111825,147010355200.0,0.0003
resume_step35000_to38140,35060,2.491342782974243,2.8978915214538574,0.10638854652643204,32263.80427968002,83.04814642701888,147052298240.0,0.0003
resume_step35000_to38140,35070,2.476374626159668,2.824660301208496,0.11567267775535583,26847.008308665783,69.10512653182946,147094241280.0,0.0003
resume_step35000_to38140,35080,2.4893758296966553,2.893195629119873,0.06883294880390167,32133.799872283085,82.71351059275497,147136184320.0,0.0003
resume_step35000_to38140,35090,2.490184783935547,2.8279290199279785,0.04792353883385658,33796.07571499376,86.99226601759112,147178127360.0,0.0003
resume_step35000_to38140,35100,2.486063003540039,3.0421502590179443,0.05212121456861496,33758.28394596415,86.89498869899282,147220070400.0,0.0003
resume_step35000_to38140,35110,2.4516549110412598,2.8484835624694824,0.059875212609767914,28337.311273930445,72.94121783113943,147262013440.0,0.0003
resume_step35000_to38140,35120,2.4807205200195312,3.053395986557007,0.10663377493619919,33724.13314854922,86.8070833670695,147303956480.0,0.0003
resume_step35000_to38140,35130,2.4808578491210938,2.895807981491089,0.06481339037418365,33790.031182556195,86.97670718235251,147345899520.0,0.0003
resume_step35000_to38140,35140,2.4986300468444824,3.1902332305908203,0.06990622729063034,32692.316507574815,84.15115170003277,147387842560.0,0.0003
resume_step35000_to38140,35150,2.5051774978637695,2.931368589401245,0.09670555591583252,33762.840687295866,86.90671790854499,147429785600.0,0.0003
resume_step35000_to38140,35160,2.4852426052093506,2.8618083000183105,0.06541822105646133,32113.574914570927,82.66145085314709,147471728640.0,0.0003
resume_step35000_to38140,35170,2.495617628097534,2.943526268005371,0.05379928648471832,30360.01297479312,78.14772186194956,147513671680.0,0.0003
resume_step35000_to38140,35180,2.5128369331359863,2.962383270263672,0.05740439146757126,33766.406134912126,86.91589549383984,147555614720.0,0.0003
resume_step35000_to38140,35190,2.5050060749053955,3.000659227371216,0.07492997497320175,33739.7650975997,86.84732054376542,147597557760.0,0.0003
resume_step35000_to38140,35200,2.51320743560791,2.9029183387756348,0.08991624414920807,31222.957959088344,80.36897205281274,147639500800.0,0.0003
resume_step35000_to38140,35210,2.477681875228882,2.931347370147705,0.055365316569805145,33776.38449495092,86.94158013717637,147681443840.0,0.0003
resume_step35000_to38140,35220,2.487733840942383,2.8121776580810547,0.10348394513130188,33770.765709613646,86.92711718967685,147723386880.0,0.0003
resume_step35000_to38140,35230,2.511826992034912,2.9197018146514893,0.06317138671875,30361.351375456816,78.15116695147879,147765329920.0,0.0003
resume_step35000_to38140,35240,2.480010747909546,2.8171629905700684,0.06883133202791214,33790.96274006268,86.97910504354499,147807272960.0,0.0003
resume_step35000_to38140,35250,2.4722959995269775,2.9246177673339844,0.0710841715335846,30546.556538837845,78.62789143797075,147849216000.0,0.0003
resume_step35000_to38140,35260,2.475414514541626,2.797494649887085,0.074277862906456,27212.975317488985,70.04713825099145,147891159040.0,0.0003
resume_step35000_to38140,35270,2.4457743167877197,2.778414011001587,0.07623011618852615,31864.618735339776,82.02062905025385,147933102080.0,0.0003
resume_step35000_to38140,35280,2.4850971698760986,2.8555350303649902,0.07659110426902771,33746.6622067708,86.86507394095936,147975045120.0,0.0003
resume_step35000_to38140,35290,2.468804121017456,2.851962089538574,0.07177261263132095,33773.518527390646,86.93420303770176,148016988160.0,0.0003
resume_step35000_to38140,35300,2.4732770919799805,2.8550429344177246,0.061867669224739075,33754.601608467005,86.88551023510786,148058931200.0,0.0003
resume_step35000_to38140,35310,2.470879554748535,2.855133295059204,0.08242381364107132,33758.27041798332,86.894953877503,148100874240.0,0.0003
resume_step35000_to38140,35320,2.515134811401367,4.157900333404541,0.055998168885707855,32019.740491298275,82.41991780712777,148142817280.0,0.0003
resume_step35000_to38140,35330,2.464928388595581,2.9176011085510254,0.06257164478302002,33791.49553383922,86.9804764731255,148184760320.0,0.0003
resume_step35000_to38140,35340,2.4939868450164795,2.959101438522339,0.07597024738788605,31629.15334991533,81.4145330165155,148226703360.0,0.0003
resume_step35000_to38140,35350,2.4782638549804688,2.828000783920288,0.08619468659162521,27240.88471937042,70.11897801526872,148268646400.0,0.0003
resume_step35000_to38140,35360,2.4658823013305664,2.8052749633789062,0.07793006300926208,33816.62248469346,87.0451541123685,148310589440.0,0.0003
resume_step35000_to38140,35370,2.4679114818573,2.867431402206421,0.06996885687112808,33781.71240687689,86.95529436647006,148352532480.0,0.0003
resume_step35000_to38140,35380,2.4937937259674072,2.857048988342285,0.06092967092990875,33804.295618786484,87.01342433382304,148394475520.0,0.0003
resume_step35000_to38140,35390,2.4844634532928467,2.8223037719726562,0.10488660633563995,33802.72937946994,87.00939277973312,148436418560.0,0.0003
resume_step35000_to38140,35400,2.471883773803711,2.9876818656921387,0.06870409846305847,31897.777451920723,82.10598073184957,148478361600.0,0.0003
resume_step35000_to38140,35410,2.4737610816955566,2.940355062484741,0.05354243516921997,33788.71477755076,86.97331871040728,148520304640.0,0.0003
resume_step35000_to38140,35420,2.5530927181243896,3.8801870346069336,0.07508059591054916,31887.87326833206,82.08048702125731,148562247680.0,0.0003
resume_step35000_to38140,35430,2.471477746963501,2.8984122276306152,0.09101749956607819,28612.48769148079,73.64953143296648,148604190720.0,0.0003
resume_step35000_to38140,35440,2.4895005226135254,2.830972909927368,0.09317225217819214,32218.599571117782,82.93178794606219,148646133760.0,0.0003
resume_step35000_to38140,35450,2.465444803237915,2.979759931564331,0.07912547886371613,32184.636837974456,82.84436669806867,148688076800.0,0.0003
resume_step35000_to38140,35460,2.4855940341949463,3.123807430267334,0.08303532004356384,33780.466143270496,86.95208644090823,148730019840.0,0.0003
resume_step35000_to38140,35470,2.5054166316986084,2.8667540550231934,0.06623992323875427,31578.309578022177,81.28365939180338,148771962880.0,0.0003
resume_step35000_to38140,35480,2.4940764904022217,2.905068874359131,0.07640326768159866,24660.82273053659,63.47780935511769,148813905920.0,0.0003
resume_step35000_to38140,35490,2.4431183338165283,2.7904229164123535,0.058217067271471024,33777.54561308443,86.94456889535054,148855848960.0,0.0003
resume_step35000_to38140,35500,2.507993459701538,3.022007465362549,0.11740478873252869,32155.151053947437,82.76846927170925,148897792000.0,0.0003
resume_step35000_to38140,35510,2.4363532066345215,2.7817468643188477,0.06958681344985962,27371.004003803344,70.45390954699047,148939735040.0,0.0003
resume_step35000_to38140,35520,2.463176965713501,2.7959578037261963,0.06149911880493164,33817.90622132195,87.04845849478332,148981678080.0,0.0003
resume_step35000_to38140,35530,2.5082836151123047,3.2950479984283447,0.06199325993657112,33758.35304138518,86.8951665529927,149023621120.0,0.0003
resume_step35000_to38140,35540,2.46292781829834,2.792191505432129,0.08907799422740936,32185.700990361336,82.84710586306235,149065564160.0,0.0003
resume_step35000_to38140,35550,2.4738035202026367,2.8528876304626465,0.09301717579364777,28538.682929852035,73.45955542773092,149107507200.0,0.0003
resume_step35000_to38140,35560,2.5029404163360596,3.0079996585845947,0.11991656571626663,33768.555113902854,86.92142703997567,149149450240.0,0.0003
resume_step35000_to38140,35570,2.4848272800445557,2.908930778503418,0.06320532411336899,33766.15347731221,86.91524514445229,149191393280.0,0.0003
resume_step35000_to38140,35580,2.4926772117614746,2.84171462059021,0.06546465307474136,33774.74673641061,86.93736449013461,149233336320.0,0.0003
resume_step35000_to38140,35590,2.5014894008636475,2.914482593536377,0.06933590769767761,32010.79591133235,82.39689414939978,149275279360.0,0.0003
resume_step35000_to38140,35600,2.5166285037994385,2.909041404724121,0.08309569954872131,33764.71284547056,86.91153690834051,149317222400.0,0.0003
resume_step35000_to38140,35610,2.4518837928771973,2.7783150672912598,0.05785799026489258,30588.095024737027,78.73481293518194,149359165440.0,0.0003
resume_step35000_to38140,35620,2.505157232284546,2.916185140609741,0.06491632014513016,30299.290995034957,77.99142138905492,149401108480.0,0.0003
resume_step35000_to38140,35630,2.4674665927886963,2.9072506427764893,0.06530489772558212,31805.72999781694,81.86904740618284,149443051520.0,0.0003
resume_step35000_to38140,35640,2.5168614387512207,2.899984836578369,0.06428662687540054,31992.70845245616,82.35033640561294,149484994560.0,0.0003
resume_step35000_to38140,35650,2.487330436706543,2.9341368675231934,0.08231859654188156,33734.56371646017,86.8339320090857,149526937600.0,0.0003
resume_step35000_to38140,35660,2.520209312438965,2.9683163166046143,0.057137418538331985,33752.418710293176,86.87989137982335,149568880640.0,0.0003
resume_step35000_to38140,35670,2.5078399181365967,2.8176465034484863,0.06565183401107788,30532.913378688034,78.59277347258679,149610823680.0,0.0003
resume_step35000_to38140,35680,2.5056393146514893,2.990462303161621,0.08181058615446091,31856.894615509922,82.00074689906396,149652766720.0,0.0003
resume_step35000_to38140,35690,2.4900705814361572,2.806957483291626,0.08552609384059906,33653.39571132175,86.62500276077103,149694709760.0,0.0003
resume_step35000_to38140,35700,2.4963696002960205,3.0236010551452637,0.08070747554302216,33744.907643121376,86.86055763353293,149736652800.0,0.0003
resume_step35000_to38140,35710,2.4556355476379395,2.829793930053711,0.05710542947053909,32019.255995956548,82.41867069938642,149778595840.0,0.0003
resume_step35000_to38140,35720,2.480260133743286,2.91054105758667,0.0684543177485466,33765.481779645685,86.91351617146196,149820538880.0,0.0003
resume_step35000_to38140,35730,2.5229408740997314,2.887042760848999,0.11680933088064194,31569.65449126263,81.26138089958607,149862481920.0,0.0003
resume_step35000_to38140,35740,2.4853076934814453,2.857065200805664,0.06247914209961891,32350.60486454057,83.27157413005607,149904424960.0,0.0003
resume_step35000_to38140,35750,2.4963316917419434,2.882601737976074,0.06248789280653,33793.04693333293,86.98446982899898,149946368000.0,0.0003
resume_step35000_to38140,35760,2.512216091156006,2.9038033485412598,0.053981930017471313,31738.17378205222,81.69515537379108,149988311040.0,0.0003
resume_step35000_to38140,35770,2.4770121574401855,2.7911388874053955,0.0738106518983841,32173.24319509851,82.81503906783335,150030254080.0,0.0003
resume_step35000_to38140,35780,2.506110906600952,3.2607297897338867,0.059947989881038666,33771.065316549866,86.92788838827742,150072197120.0,0.0003
resume_step35000_to38140,35790,2.472954750061035,2.843472480773926,0.10613507032394409,28546.620392676905,73.47998673115765,150114140160.0,0.0003
resume_step35000_to38140,35800,2.5142557621002197,2.900636911392212,0.055370017886161804,32015.15200469282,82.40810688414471,150156083200.0,0.0003
resume_step35000_to38140,35810,2.4595818519592285,2.8935256004333496,0.09575267136096954,31908.288272381567,82.13303594670067,150198026240.0,0.0003
resume_step35000_to38140,35820,2.448564052581787,2.942534923553467,0.09429170936346054,33748.75833976041,86.8704694596633,150239969280.0,0.0003
resume_step35000_to38140,35830,2.474534034729004,2.9192862510681152,0.09536679834127426,32289.231252478592,83.11359633310765,150281912320.0,0.0003
resume_step35000_to38140,35840,2.479600429534912,2.8405251502990723,0.04757342487573624,33780.25726454505,86.95154877985543,150323855360.0,0.0003
resume_step35000_to38140,35850,2.467278003692627,2.8156158924102783,0.14215761423110962,33748.588858944866,86.87003321019118,150365798400.0,0.0003
resume_step35000_to38140,35860,2.501805543899536,2.841512680053711,0.06911730021238327,33752.89160880048,86.8811086369124,150407741440.0,0.0003
resume_step35000_to38140,35870,2.5370559692382812,3.110151767730713,0.06572498381137848,33726.78302928973,86.81390425160761,150449684480.0,0.0003
resume_step35000_to38140,35880,2.4931702613830566,3.3658335208892822,0.06799812614917755,32297.98782300198,83.13613604803777,150491627520.0,0.0003
resume_step35000_to38140,35890,2.4432525634765625,2.9840497970581055,0.10307175666093826,33725.06808922445,86.80948993665514,150533570560.0,0.0003
resume_step35000_to38140,35900,2.477553367614746,2.7879180908203125,0.07984720915555954,30051.57319309234,77.35378721206897,150575513600.0,0.0003
resume_step35000_to38140,35910,2.463132619857788,2.9061594009399414,0.05294123291969299,33732.13555241445,86.82768183097683,150617456640.0,0.0003
resume_step35000_to38140,35920,2.5132851600646973,3.01369047164917,0.07075531780719757,29846.132960495215,76.8249769586088,150659399680.0,0.0003
resume_step35000_to38140,35930,2.4766690731048584,2.8946690559387207,0.07346857339143753,28380.170343411493,73.05153855609589,150701342720.0,0.0003
resume_step35000_to38140,35940,2.5656211376190186,3.4947659969329834,0.06820307672023773,32111.611459234013,82.65639685130313,150743285760.0,0.0003
resume_step35000_to38140,35950,2.5049667358398438,2.8965015411376953,0.11066477000713348,33780.25097625116,86.95153259356981,150785228800.0,0.0003
resume_step35000_to38140,35960,2.5357258319854736,2.8460917472839355,0.05075874552130699,33749.53836425259,86.87247726964387,150827171840.0,0.0003
resume_step35000_to38140,35970,2.4848506450653076,2.879443883895874,0.09042520821094513,33742.18203778688,86.8535418312748,150869114880.0,0.0003
resume_step35000_to38140,35980,2.5420076847076416,3.552732229232788,0.08209255337715149,31701.49437618971,81.6007413163997,150911057920.0,0.0003
resume_step35000_to38140,35990,2.4879605770111084,2.8707141876220703,0.06803730130195618,32273.28004529973,83.0725373749639,150953000960.0,0.0003
resume_step35000_to38140,36000,2.500955104827881,2.930988073348999,0.06951217353343964,33706.08888944245,86.760636820981,150994944000.0,0.0003
resume_step35000_to38140,36010,2.4712798595428467,2.9295873641967773,0.1164151057600975,29420.723220274696,75.72995759601105,151036887040.0,0.0003
resume_step35000_to38140,36020,2.50113582611084,2.882413387298584,0.09269113093614578,33755.16694509633,86.8869654311153,151078830080.0,0.0003
resume_step35000_to38140,36030,2.49130916595459,2.8710410594940186,0.055900249630212784,32308.140332659357,83.1622689585067,151120773120.0,0.0003
resume_step35000_to38140,36040,2.4909229278564453,2.8085408210754395,0.0770365372300148,32113.310974187698,82.66077146148564,151162716160.0,0.0003
resume_step35000_to38140,36050,2.480013608932495,2.892092704772949,0.052355434745550156,33759.698204034925,86.89862904810755,151204659200.0,0.0003
resume_step35000_to38140,36060,2.4932610988616943,2.7914180755615234,0.08116060495376587,33761.37800882159,86.90295292363949,151246602240.0,0.0003
resume_step35000_to38140,36070,2.503995418548584,2.914410352706909,0.06632940471172333,32131.11936344568,82.70661087043771,151288545280.0,0.0003
resume_step35000_to38140,36080,2.509809732437134,2.895195484161377,0.07168178260326385,32057.465579632953,82.51702348731453,151330488320.0,0.0003
resume_step35000_to38140,36090,2.48335337638855,2.9454808235168457,0.06620418280363083,33777.931087113815,86.9455611188143,151372431360.0,0.0003
resume_step35000_to38140,36100,2.48435378074646,2.811716318130493,0.0728464424610138,32032.48995785099,82.45273537432965,151414374400.0,0.0003
resume_step35000_to38140,36110,2.492785692214966,2.969248056411743,0.11833573132753372,33772.30809329017,86.93108733852553,151456317440.0,0.0003
resume_step35000_to38140,36120,2.48634672164917,2.8428518772125244,0.06279347836971283,33773.943559772415,86.93529708573067,151498260480.0,0.0003
resume_step35000_to38140,36130,2.5334529876708984,3.542774200439453,0.06185386702418327,33752.9652054035,86.8812980771102,151540203520.0,0.0003
resume_step35000_to38140,36140,2.484376907348633,2.8551785945892334,0.06535749137401581,33799.940702413594,87.00221462868478,151582146560.0,0.0003
resume_step35000_to38140,36150,2.4848453998565674,2.866042375564575,0.056022580713033676,31399.883742297992,80.82438512882014,151624089600.0,0.0003
resume_step35000_to38140,36160,2.487687349319458,3.0288913249969482,0.08209338784217834,29964.261352389847,77.12904351883871,151666032640.0,0.0003
resume_step35000_to38140,36170,2.490666627883911,2.8618004322052,0.05316336825489998,33792.95653485933,86.98423714020608,151707975680.0,0.0003
resume_step35000_to38140,36180,2.5065364837646484,2.9861559867858887,0.06544805318117142,31626.232976394233,81.40701587421886,151749918720.0,0.0003
resume_step35000_to38140,36190,2.488301992416382,2.8832285404205322,0.07328902184963226,33791.2683479915,86.97989168890776,151791861760.0,0.0003
resume_step35000_to38140,36200,2.5032713413238525,2.959010362625122,0.08641017228364944,32026.327509167637,82.43687301860223,151833804800.0,0.0003
resume_step35000_to38140,36210,2.5077412128448486,2.919498920440674,0.07937899231910706,33774.90980032598,86.93778422228408,151875747840.0,0.0003
resume_step35000_to38140,36220,2.4756412506103516,2.8885486125946045,0.09637106955051422,33739.55580480107,86.84678181687394,151917690880.0,0.0003
resume_step35000_to38140,36230,2.461998462677002,2.878190279006958,0.06003068760037422,32091.459720018902,82.6045255786352,151959633920.0,0.0003
resume_step35000_to38140,36240,2.496856212615967,2.8478994369506836,0.06054326146841049,33779.7767545238,86.95031193046661,152001576960.0,0.0003
resume_step35000_to38140,36250,2.5047569274902344,2.874803066253662,0.0672733336687088,25605.013586683526,65.90818922590461,152043520000.0,0.0003
resume_step35000_to38140,36260,2.5074803829193115,2.842409133911133,0.06650522351264954,28627.135062890105,73.68723427281225,152085463040.0,0.0003
resume_step35000_to38140,36270,2.51639986038208,2.99008846282959,0.057523518800735474,31876.948099079156,82.05236525830618,152127406080.0,0.0003
resume_step35000_to38140,36280,2.5133426189422607,2.832024097442627,0.06433796882629395,33754.982532410875,86.88649074649436,152169349120.0,0.0003
resume_step35000_to38140,36290,2.4957358837127686,2.885798931121826,0.10665470361709595,33750.058119589274,86.87381513782992,152211292160.0,0.0003
resume_step35000_to38140,36300,2.4919843673706055,2.9296791553497314,0.05315155163407326,33747.6476782998,86.86761057870767,152253235200.0,0.0003
resume_step35000_to38140,36310,2.4996142387390137,2.86576247215271,0.07050201296806335,28512.38698015522,73.39186874509646,152295178240.0,0.0003
resume_step35000_to38140,36320,2.5035152435302734,2.907029867172241,0.09260344505310059,31893.92008672664,82.09605174062821,152337121280.0,0.0003
resume_step35000_to38140,36330,2.496446371078491,2.8762097358703613,0.0540812611579895,31977.06427343708,82.3100677485555,152379064320.0,0.0003
resume_step35000_to38140,36340,2.48341965675354,2.9518375396728516,0.06025015562772751,31780.378007653926,81.80379050798747,152421007360.0,0.0003
resume_step35000_to38140,36350,2.4839255809783936,2.919172763824463,0.05481056496500969,32704.180821165464,84.18169085294205,152462950400.0,0.0003
resume_step35000_to38140,36360,2.47855544090271,2.896115779876709,0.08387172222137451,31934.55966058136,82.20065940719356,152504893440.0,0.0003
resume_step35000_to38140,36370,2.4636948108673096,2.9238858222961426,0.08522165566682816,33720.29053179801,86.79719233884943,152546836480.0,0.0003
resume_step35000_to38140,36380,2.473050117492676,2.829411268234253,0.07003998756408691,33770.82950675171,86.92728140571342,152588779520.0,0.0003
resume_step35000_to38140,36390,2.452378988265991,2.865661144256592,0.0838552862405777,32232.214788873687,82.96683398675928,152630722560.0,0.0003
resume_step35000_to38140,36400,2.5057177543640137,3.173814535140991,0.06586770713329315,25116.249185522076,64.65009277812969,152672665600.0,0.0003
resume_step35000_to38140,36410,2.472501754760742,2.83491849899292,0.0766226202249527,33767.1390523556,86.9177820486502,152714608640.0,0.0003
resume_step35000_to38140,36420,2.4878151416778564,2.8995838165283203,0.0868762955069542,33765.928925052634,86.91466713918136,152756551680.0,0.0003
resume_step35000_to38140,36430,2.495673418045044,3.01647686958313,0.0732337012887001,33739.0102336193,86.8453774978111,152798494720.0,0.0003
resume_step35000_to38140,36440,2.4779951572418213,2.9783945083618164,0.07893623411655426,32256.55963625519,83.02949846465397,152840437760.0,0.0003
resume_step35000_to38140,36450,2.471066951751709,2.9045705795288086,0.05009974166750908,33744.290777411356,86.85896979989225,152882380800.0,0.0003
resume_step35000_to38140,36460,2.4784371852874756,2.9028146266937256,0.05995484068989754,31851.05208528889,81.98570802450674,152924323840.0,0.0003
resume_step35000_to38140,36470,2.5272536277770996,3.0197434425354004,0.08493610471487045,33755.12549767907,86.88685874403191,152966266880.0,0.0003
resume_step35000_to38140,36480,2.467684268951416,2.855060338973999,0.06905273348093033,31842.87645086114,81.96466365914907,153008209920.0,0.0003
resume_step35000_to38140,36490,2.479442596435547,2.841296672821045,0.05774268880486488,32473.59856481409,83.58816416207374,153050152960.0,0.0003
resume_step35000_to38140,36500,2.530595064163208,3.8002140522003174,0.07244059443473816,33772.899605775514,86.93260991209033,153092096000.0,0.0003
resume_step35000_to38140,36510,2.488877534866333,2.8816487789154053,0.07483094930648804,33776.56570868072,86.94204658757498,153134039040.0,0.0003
resume_step35000_to38140,36520,2.507652521133423,2.988973379135132,0.0839017927646637,32110.263641271038,82.65292752132035,153175982080.0,0.0003
resume_step35000_to38140,36530,2.5025243759155273,2.8690643310546875,0.07581882178783417,33788.44637424519,86.97262783102958,153217925120.0,0.0003
resume_step35000_to38140,36540,2.484086036682129,2.96933650970459,0.13075807690620422,32477.82777337344,83.59905029095869,153259868160.0,0.0003
resume_step35000_to38140,36550,2.4908902645111084,2.8397836685180664,0.09908239543437958,33811.31776893899,87.03149959082131,153301811200.0,0.0003
resume_step35000_to38140,36560,2.4090218544006348,2.941361427307129,0.049681149423122406,33759.20037201574,86.89734761129783,153343754240.0,0.0003
resume_step35000_to38140,36570,2.50484299659729,2.8103415966033936,0.05385025590658188,33752.46914600414,86.88002120308514,153385697280.0,0.0003
resume_step35000_to38140,36580,2.4884793758392334,2.8728575706481934,0.055945467203855515,31855.81402247389,81.99796541527157,153427640320.0,0.0003
resume_step35000_to38140,36590,2.447812795639038,2.843573808670044,0.06305589526891708,32103.689233020115,82.63600476743923,153469583360.0,0.0003
resume_step35000_to38140,36600,2.4838030338287354,2.8644449710845947,0.0913630872964859,33787.26040979162,86.96957511756952,153511526400.0,0.0003
resume_step35000_to38140,36610,2.4919309616088867,2.88323974609375,0.054373521357774734,33794.732592434826,86.98880877374049,153553469440.0,0.0003
resume_step35000_to38140,36620,2.468013286590576,2.916076421737671,0.08711308240890503,33763.040735352,86.90723283915001,153595412480.0,0.0003
resume_step35000_to38140,36630,2.5236215591430664,2.931027412414551,0.059783872216939926,33760.28719312152,86.90014512635683,153637355520.0,0.0003
resume_step35000_to38140,36640,2.4968068599700928,3.000241756439209,0.056293074041604996,33768.392999587304,86.92100975212892,153679298560.0,0.0003
resume_step35000_to38140,36650,2.4875714778900146,3.878718137741089,0.10747113078832626,33751.75222527704,86.87817582437515,153721241600.0,0.0003
resume_step35000_to38140,36660,2.4791061878204346,2.8855836391448975,0.05437639728188515,33786.92509781878,86.96871201297164,153763184640.0,0.0003
resume_step35000_to38140,36670,2.4642014503479004,2.8253793716430664,0.07204136997461319,33756.47315291406,86.89032765514725,153805127680.0,0.0003
resume_step35000_to38140,36680,2.477490186691284,2.8393795490264893,0.09259815514087677,32019.129507637583,82.4183451140852,153847070720.0,0.0003
resume_step35000_to38140,36690,2.5034422874450684,2.893054723739624,0.06816492974758148,31614.154681200947,81.37592592527467,153889013760.0,0.0003
resume_step35000_to38140,36700,2.503479480743408,2.8632829189300537,0.07163320481777191,31918.610083133775,82.15960464403439,153930956800.0,0.0003
resume_step35000_to38140,36710,2.4732024669647217,2.8122081756591797,0.09231150895357132,32297.897755657206,83.13590421158189,153972899840.0,0.0003
resume_step35000_to38140,36720,2.5019686222076416,2.863492250442505,0.06408492475748062,28386.494435576824,73.06781698772818,154014842880.0,0.0003
resume_step35000_to38140,36730,2.4769904613494873,3.362748384475708,0.05828180909156799,33771.89948375678,86.93003556347549,154056785920.0,0.0003
resume_step35000_to38140,36740,2.4917941093444824,2.8019537925720215,0.05728956684470177,33792.150326998446,86.98216193333025,154098728960.0,0.0003
resume_step35000_to38140,36750,2.4892234802246094,2.911048173904419,0.07549018412828445,33771.791406267264,86.92975736828508,154140672000.0,0.0003
resume_step35000_to38140,36760,2.5312278270721436,2.9733762741088867,0.06247809901833534,33781.17546475225,86.95391225889824,154182615040.0,0.0003
resume_step35000_to38140,36770,2.526578903198242,2.8446335792541504,0.07129351049661636,32488.588880437008,83.62674975216869,154224558080.0,0.0003
resume_step35000_to38140,36780,2.4480175971984863,3.064847469329834,0.07296697050333023,32050.227629244935,82.4983927530575,154266501120.0,0.0003
resume_step35000_to38140,36790,2.4797279834747314,2.8867363929748535,0.11258727312088013,33768.43702252186,86.92112306868277,154308444160.0,0.0003
resume_step35000_to38140,36800,2.4611637592315674,2.859597682952881,0.0743967741727829,33730.87085902353,86.82442646651316,154350387200.0,0.0003
resume_step35000_to38140,36810,2.5002596378326416,3.0596070289611816,0.06236911192536354,32031.09424338951,82.44914275710563,154392330240.0,0.0003
resume_step35000_to38140,36820,2.4504213333129883,2.8196723461151123,0.07990342378616333,31926.53934095067,82.18001482748723,154434273280.0,0.0003
resume_step35000_to38140,36830,2.4895567893981934,2.9512085914611816,0.1070181354880333,28468.68191165255,73.27937038944228,154476216320.0,0.0003
resume_step35000_to38140,36840,2.500915288925171,2.8781094551086426,0.0904066264629364,33752.64159661526,86.88046509691364,154518159360.0,0.0003
resume_step35000_to38140,36850,2.501784563064575,2.886052370071411,0.06506770104169846,33748.662024073376,86.87022153975867,154560102400.0,0.0003
resume_step35000_to38140,36860,2.4924709796905518,2.8699147701263428,0.06485965102910995,31496.773681563962,81.07378317852667,154602045440.0,0.0003
resume_step35000_to38140,36870,2.4749503135681152,2.865779399871826,0.07338379323482513,33758.77568104356,86.89625444206901,154643988480.0,0.0003
resume_step35000_to38140,36880,2.5059032440185547,3.0905284881591797,0.10870164632797241,33767.48301820826,86.9186674286336,154685931520.0,0.0003
resume_step35000_to38140,36890,2.497666835784912,2.83160400390625,0.05357052758336067,33720.05077555417,86.79657519799794,154727874560.0,0.0003
resume_step35000_to38140,36900,2.4993269443511963,2.8513848781585693,0.0958714410662651,32576.63119594841,83.85337371278358,154769817600.0,0.0003
resume_step35000_to38140,36910,2.481248378753662,2.8840320110321045,0.06948027014732361,27438.109642582673,70.62664177866145,154811760640.0,0.0003
resume_step35000_to38140,36920,2.516092300415039,2.909512758255005,0.06002737954258919,31242.100745190066,80.4182462453232,154853703680.0,0.0003
resume_step35000_to38140,36930,2.5126564502716064,3.0254359245300293,0.0700419694185257,33774.6267384037,86.93705561112075,154895646720.0,0.0003
resume_step35000_to38140,36940,2.4678432941436768,2.9177651405334473,0.07045373320579529,33767.95269464716,86.91987639200732,154937589760.0,0.0003
resume_step35000_to38140,36950,2.502122163772583,2.900275230407715,0.07408842444419861,33775.1189645296,86.93832261816756,154979532800.0,0.0003
resume_step35000_to38140,36960,2.475900650024414,2.8694348335266113,0.06445807963609695,27466.642116409646,70.70008535164393,155021475840.0,0.0003
resume_step35000_to38140,36970,2.477116107940674,2.8101277351379395,0.11692892760038376,33809.56994290932,87.02700062626083,155063418880.0,0.0003
resume_step35000_to38140,36980,2.4660305976867676,2.91451358795166,0.05648800730705261,26939.171624779934,69.3423580903121,155105361920.0,0.0003
resume_step35000_to38140,36990,2.510195016860962,2.8543508052825928,0.07169128209352493,33786.465712806516,86.9675295400855,155147304960.0,0.0003
resume_step35000_to38140,37000,2.493134021759033,2.8223299980163574,0.07415203005075455,33782.7570241732,86.957983247466,155189248000.0,0.0003
resume_step35000_to38140,37010,2.5025157928466797,2.909884452819824,0.0808725580573082,26815.909448091865,69.0250769907317,155231191040.0,0.0003
resume_step35000_to38140,37020,2.4795217514038086,2.855536937713623,0.061171915382146835,33796.07394426274,86.99226145966831,155273134080.0,0.0003
resume_step35000_to38140,37030,2.4837934970855713,2.917790174484253,0.0660528913140297,33774.7053932265,86.93725807135094,155315077120.0,0.0003
resume_step35000_to38140,37040,2.494940757751465,2.8626632690429688,0.05533734709024429,31367.023987177865,80.73980298434901,155357020160.0,0.0003
resume_step35000_to38140,37050,2.525463581085205,2.914271831512451,0.05730309709906578,33814.036793711515,87.03849845448569,155398963200.0,0.0003
resume_step35000_to38140,37060,2.4837875366210938,3.140719413757324,0.057501934468746185,33761.65988775332,86.90367848974427,155440906240.0,0.0003
resume_step35000_to38140,37070,2.497108221054077,2.909069061279297,0.0810345709323883,33788.3288379036,86.9723252884273,155482849280.0,0.0003
resume_step35000_to38140,37080,2.5076024532318115,2.911999225616455,0.06470980495214462,32017.07521352252,82.41305729008921,155524792320.0,0.0003
resume_step35000_to38140,37090,2.5616421699523926,3.2440733909606934,0.09838227927684784,33766.77544075224,86.91684609982603,155566735360.0,0.0003
resume_step35000_to38140,37100,2.499993324279785,2.9286017417907715,0.09848987311124802,33779.32416872706,86.94914695899601,155608678400.0,0.0003
resume_step35000_to38140,37110,2.4647789001464844,2.940329074859619,0.10162026435136795,33781.63377163989,86.95509195665441,155650621440.0,0.0003
resume_step35000_to38140,37120,2.495636463165283,2.953007459640503,0.0695546492934227,28648.772589262302,73.74293001293327,155692564480.0,0.0003
resume_step35000_to38140,37130,2.461792230606079,2.8262312412261963,0.07719478011131287,33738.474335430314,86.84399807736571,155734507520.0,0.0003
resume_step35000_to38140,37140,2.514876365661621,2.9055631160736084,0.07953232526779175,33779.22996454799,86.94890447418581,155776450560.0,0.0003
resume_step35000_to38140,37150,2.476100206375122,2.892256021499634,0.09087613970041275,27090.36516811765,69.73153549224169,155818393600.0,0.0003
resume_step35000_to38140,37160,2.5187430381774902,2.90937876701355,0.0724821537733078,33772.23848560542,86.9309081659411,155860336640.0,0.0003
resume_step35000_to38140,37170,2.4841747283935547,2.9834368228912354,0.09528956562280655,33791.79679286321,86.98125192425708,155902279680.0,0.0003
resume_step35000_to38140,37180,2.4919867515563965,2.8599681854248047,0.06420882046222687,33728.82825066427,86.81916872205618,155944222720.0,0.0003
resume_step35000_to38140,37190,2.5050647258758545,2.9752330780029297,0.09747124463319778,33770.55926964431,86.9265858060665,155986165760.0,0.0003
resume_step35000_to38140,37200,2.4891347885131836,2.8339757919311523,0.05911725014448166,33756.51023764913,86.89042311253601,156028108800.0,0.0003
resume_step35000_to38140,37210,2.5051491260528564,2.85335111618042,0.0638221800327301,33738.4725620861,86.84399351271647,156070051840.0,0.0003
resume_step35000_to38140,37220,2.4629642963409424,2.8536341190338135,0.05951647460460663,33770.28618390687,86.92588287394747,156111994880.0,0.0003
resume_step35000_to38140,37230,2.502318859100342,2.8355908393859863,0.11863759160041809,32159.364831855295,82.77931568156437,156153937920.0,0.0003
resume_step35000_to38140,37240,2.463245153427124,2.87325382232666,0.058643732219934464,31744.161080283553,81.71056688620628,156195880960.0,0.0003
resume_step35000_to38140,37250,2.475314140319824,2.941913604736328,0.07441915571689606,33756.22314072572,86.88968411514044,156237824000.0,0.0003
resume_step35000_to38140,37260,2.4943740367889404,2.8686342239379883,0.10045410692691803,32195.435368100214,82.87216248753313,156279767040.0,0.0003
resume_step35000_to38140,37270,2.5223050117492676,3.3678603172302246,0.07366786152124405,31443.217213789387,80.93592698093443,156321710080.0,0.0003
resume_step35000_to38140,37280,2.4732131958007812,2.9118714332580566,0.08391794562339783,33756.44695970127,86.89026023291295,156363653120.0,0.0003
resume_step35000_to38140,37290,2.501176595687866,2.945453643798828,0.05115627869963646,33743.67130643697,86.85737526021113,156405596160.0,0.0003
resume_step35000_to38140,37300,2.4859416484832764,2.871483087539673,0.07515248656272888,33738.00449300638,86.84278868674079,156447539200.0,0.0003
resume_step35000_to38140,37310,2.4486358165740967,2.831406593322754,0.05271990969777107,33756.333906645574,86.88996923044338,156489482240.0,0.0003
resume_step35000_to38140,37320,2.514779806137085,2.929887533187866,0.08340420573949814,33749.4273909215,86.87219162045722,156531425280.0,0.0003
resume_step35000_to38140,37330,2.492814064025879,3.0617449283599854,0.05262673273682594,33750.247906574834,86.87430365608492,156573368320.0,0.0003
resume_step35000_to38140,37340,2.4860293865203857,2.8691394329071045,0.08902644366025925,33742.77238599154,86.85506140794092,156615311360.0,0.0003
resume_step35000_to38140,37350,2.4672155380249023,2.811199188232422,0.07350002229213715,33776.459376079,86.94177288378603,156657254400.0,0.0003
resume_step35000_to38140,37360,2.504887580871582,2.936732292175293,0.05712611973285675,33724.40147083468,86.80777403789862,156699197440.0,0.0003
resume_step35000_to38140,37370,2.491527557373047,2.887722969055176,0.0849653109908104,33749.74176554578,86.87300083159687,156741140480.0,0.0003
resume_step35000_to38140,37380,2.506335735321045,2.968153953552246,0.05647168681025505,33770.806420170775,86.92722198005681,156783083520.0,0.0003
resume_step35000_to38140,37390,2.5228002071380615,2.966080665588379,0.060414932668209076,33782.87273241117,86.95828108446644,156825026560.0,0.0003
resume_step35000_to38140,37400,2.500411033630371,2.9589970111846924,0.08013688772916794,31525.762861317322,81.14840232833575,156866969600.0,0.0003
resume_step35000_to38140,37410,2.469475746154785,2.9916703701019287,0.09135505557060242,28301.927309043207,72.85013828355567,156908912640.0,0.0003
resume_step35000_to38140,37420,2.4238715171813965,2.846407890319824,0.06845729053020477,31672.448050322837,81.52597507052093,156950855680.0,0.0003
resume_step35000_to38140,37430,2.471992015838623,2.854921579360962,0.10781314224004745,32064.445141534063,82.53498912068298,156992798720.0,0.0003
resume_step35000_to38140,37440,2.4790356159210205,2.848421096801758,0.07133513689041138,33816.986244939966,87.04609044380526,157034741760.0,0.0003
resume_step35000_to38140,37450,2.4652440547943115,2.8745076656341553,0.07212711870670319,33789.949931055424,86.97649803818356,157076684800.0,0.0003
resume_step35000_to38140,37460,2.493046998977661,3.210613250732422,0.0647256076335907,32240.442307014357,82.98801190258575,157118627840.0,0.0003
resume_step35000_to38140,37470,2.4995388984680176,2.87528133392334,0.06960909813642502,33764.76598644784,86.91167369505122,157160570880.0,0.0003
resume_step35000_to38140,37480,2.502854347229004,2.929248332977295,0.07860448211431503,28549.67570837838,73.48785121928674,157202513920.0,0.0003
resume_step35000_to38140,37490,2.471400022506714,2.808082103729248,0.056185152381658554,31767.018672490245,81.76940311791954,157244456960.0,0.0003
resume_step35000_to38140,37500,2.4683632850646973,2.91666579246521,0.08941996842622757,30568.776361968434,78.68508603005715,157286400000.0,0.0003
resume_step35000_to38140,37510,2.475823402404785,2.854811191558838,0.08258596807718277,33743.24188604528,86.85626991729315,157328343040.0,0.0003
resume_step35000_to38140,37520,2.4754490852355957,2.9464447498321533,0.07417970150709152,28550.869938577693,73.49092520906179,157370286080.0,0.0003
resume_step35000_to38140,37530,2.469538688659668,3.080495595932007,0.09737379103899002,33807.89792243595,87.02269678782015,157412229120.0,0.0003
resume_step35000_to38140,37540,2.5197107791900635,3.9506723880767822,0.07103749364614487,31946.85216068182,82.23230072696627,157454172160.0,0.0003
resume_step35000_to38140,37550,2.4848248958587646,2.8486106395721436,0.0709368884563446,33768.03023527876,86.9200759842709,157496115200.0,0.0003
resume_step35000_to38140,37560,2.4577927589416504,2.9345812797546387,0.07062205672264099,33743.411862168614,86.85670744170461,157538058240.0,0.0003
resume_step35000_to38140,37570,2.5041892528533936,2.764338493347168,0.0881996676325798,33754.91418095915,86.88631480749714,157580001280.0,0.0003
resume_step35000_to38140,37580,2.4705047607421875,2.949794292449951,0.07635107636451721,33743.002046527225,86.85565256209095,157621944320.0,0.0003
resume_step35000_to38140,37590,2.486388921737671,2.9703516960144043,0.049885790795087814,33761.055799620124,86.90212354602761,157663887360.0,0.0003
resume_step35000_to38140,37600,2.5042343139648438,2.9053831100463867,0.058061178773641586,33774.62390123045,86.93704830813884,157705830400.0,0.0003
resume_step35000_to38140,37610,2.514810085296631,2.88142466545105,0.0673585906624794,31937.237846996228,82.207553151515,157747773440.0,0.0003
resume_step35000_to38140,37620,2.51953125,2.974374294281006,0.07009579241275787,33768.491683812805,86.92126376873337,157789716480.0,0.0003
resume_step35000_to38140,37630,2.4952406883239746,3.0924201011657715,0.06344838440418243,33747.42043609809,86.86702564943279,157831659520.0,0.0003
resume_step35000_to38140,37640,2.48286509513855,2.8863840103149414,0.07243683934211731,31811.00950255288,81.88263703369768,157873602560.0,0.0003
resume_step35000_to38140,37650,2.5181963443756104,3.037717819213867,0.06482619792222977,33764.1787441216,86.91016211302342,157915545600.0,0.0003
resume_step35000_to38140,37660,2.4748263359069824,2.8448598384857178,0.08414579927921295,33787.346941204116,86.96979785241359,157957488640.0,0.0003
resume_step35000_to38140,37670,2.442586660385132,2.8231308460235596,0.0784970372915268,31708.196449915988,81.61799268562324,157999431680.0,0.0003
resume_step35000_to38140,37680,2.4631261825561523,2.8370840549468994,0.06224939972162247,33768.50935849257,86.92130926396946,158041374720.0,0.0003
resume_step35000_to38140,37690,2.4885950088500977,3.016568183898926,0.07174846529960632,33791.37978744397,86.98017853790691,158083317760.0,0.0003
resume_step35000_to38140,37700,2.4405436515808105,2.897179126739502,0.07252856343984604,30642.9290348086,78.87595757076579,158125260800.0,0.0003
resume_step35000_to38140,37710,2.4767565727233887,3.0922138690948486,0.06161382049322128,33790.01361078296,86.97666195200138,158167203840.0,0.0003
resume_step35000_to38140,37720,2.484884023666382,2.9410500526428223,0.09844061732292175,33794.370575932575,86.98787693076167,158209146880.0,0.0003
resume_step35000_to38140,37730,2.492908239364624,2.8452117443084717,0.06915213912725449,33772.65733432896,86.93198629702017,158251089920.0,0.0003
resume_step35000_to38140,37740,2.465123414993286,2.9455089569091797,0.15259963274002075,32304.463679520213,83.15280512635553,158293032960.0,0.0003
resume_step35000_to38140,37750,2.470339059829712,2.876251697540283,0.07030598819255829,33734.56496323947,86.83393521833867,158334976000.0,0.0003
resume_step35000_to38140,37760,2.490025043487549,2.9454784393310547,0.05675622448325157,33758.696914327775,86.8960516938224,158376919040.0,0.0003
resume_step35000_to38140,37770,2.488164186477661,2.961630344390869,0.06764189898967743,32049.06097171545,82.4953897362868,158418862080.0,0.0003
resume_step35000_to38140,37780,2.4853830337524414,2.8258016109466553,0.06280342489480972,33792.78661945191,86.98379977207945,158460805120.0,0.0003
resume_step35000_to38140,37790,2.495589256286621,2.954547882080078,0.08972348272800446,33775.0392581638,86.93811745122939,158502748160.0,0.0003
resume_step35000_to38140,37800,2.4632251262664795,2.9019460678100586,0.05507863685488701,31853.29957127939,81.99149313106186,158544691200.0,0.0003
resume_step35000_to38140,37810,2.4806857109069824,2.886384963989258,0.08535409718751907,33772.807402355014,86.93237257730176,158586634240.0,0.0003
resume_step35000_to38140,37820,2.4713897705078125,2.838808298110962,0.06413905322551727,33779.04946304884,86.94843985709349,158628577280.0,0.0003
resume_step35000_to38140,37830,2.449075222015381,2.8184616565704346,0.06126277148723602,33762.65704738773,86.90624521307956,158670520320.0,0.0003
resume_step35000_to38140,37840,2.476414203643799,2.875072956085205,0.07610797882080078,33793.422441855364,86.98543640090368,158712463360.0,0.0003
resume_step35000_to38140,37850,2.4896740913391113,2.8636484146118164,0.10211358964443207,33760.1970872331,86.89991319068828,158754406400.0,0.0003
resume_step35000_to38140,37860,2.4916152954101562,2.9000961780548096,0.07229453325271606,31632.234125503113,81.4224630392712,158796349440.0,0.0003
resume_step35000_to38140,37870,2.4665980339050293,2.885227918624878,0.059521373361349106,33759.65053443089,86.89850634490053,158838292480.0,0.0003
resume_step35000_to38140,37880,2.4821488857269287,2.961178779602051,0.09840142726898193,30203.06036482686,77.7437204236322,158880235520.0,0.0003
resume_step35000_to38140,37890,2.48240327835083,2.948364019393921,0.06546952575445175,31749.719378252063,81.7248741371297,158922178560.0,0.0003
resume_step35000_to38140,37900,2.495083808898926,2.8640358448028564,0.06675999611616135,27966.523520758918,71.98679734954332,158964121600.0,0.0003
resume_step35000_to38140,37910,2.481508493423462,2.8455982208251953,0.06446456909179688,33789.802176682424,86.97611771332485,159006064640.0,0.0003
resume_step35000_to38140,37920,2.501723051071167,2.849729299545288,0.05972732603549957,33770.37597736441,86.92611400540815,159048007680.0,0.0003
resume_step35000_to38140,37930,2.4834721088409424,2.8446528911590576,0.09879713505506516,33764.77786875499,86.91170428052017,159089950720.0,0.0003
resume_step35000_to38140,37940,2.4830236434936523,2.82991886138916,0.09017851948738098,29820.837799587676,76.75986634087958,159131893760.0,0.0003
resume_step35000_to38140,37950,2.4792978763580322,2.901479482650757,0.06908886134624481,32243.21953720685,82.99516058901122,159173836800.0,0.0003
resume_step35000_to38140,37960,2.487649917602539,3.001962661743164,0.06078682839870453,31746.675898354155,81.71704011476774,159215779840.0,0.0003
resume_step35000_to38140,37970,2.4751803874969482,2.8469619750976562,0.055601201951503754,33747.310879079116,86.86674364588247,159257722880.0,0.0003
resume_step35000_to38140,37980,2.4884417057037354,2.965442180633545,0.06218338385224342,33724.2217014403,86.80731130526927,159299665920.0,0.0003
resume_step35000_to38140,37990,2.4966344833374023,2.8405041694641113,0.07880428433418274,33763.19428811579,86.90762808926686,159341608960.0,0.0003
resume_step35000_to38140,38000,2.490596055984497,2.8474340438842773,0.0846261978149414,28393.758432006754,73.08651476539659,159383552000.0,0.0003
resume_step35000_to38140,38010,2.5255188941955566,2.997130870819092,0.12957291305065155,28113.52998917784,72.36519707603382,159425495040.0,0.0003
resume_step35000_to38140,38020,2.5031356811523438,3.12076473236084,0.05169138312339783,27308.07108207495,70.2919180331109,159467438080.0,0.0003
resume_step35000_to38140,38030,2.466482400894165,2.802495241165161,0.057578351348638535,27872.22111917163,71.7440597111808,159509381120.0,0.0003
resume_step35000_to38140,38040,2.480288505554199,2.9115519523620605,0.059941019862890244,33782.69071871272,86.95781257492091,159551324160.0,0.0003
resume_step35000_to38140,38050,2.4932713508605957,2.9353625774383545,0.06770064681768417,33769.345252622836,86.92346088432787,159593267200.0,0.0003
resume_step35000_to38140,38060,2.4753456115722656,3.0260984897613525,0.06978247314691544,33750.85083709758,86.87585562007233,159635210240.0,0.0003
resume_step35000_to38140,38070,2.4836649894714355,2.8635377883911133,0.052153073251247406,33705.75149424874,86.75976835410067,159677153280.0,0.0003
resume_step35000_to38140,38080,2.4722962379455566,2.830199718475342,0.08908523619174957,33757.81115024611,86.89377170648687,159719096320.0,0.0003
resume_step35000_to38140,38090,2.457517147064209,2.8143396377563477,0.05852774158120155,31920.847157287295,82.16536295016157,159761039360.0,0.0003
resume_step35000_to38140,38100,2.4823009967803955,2.806382179260254,0.09429765492677689,33763.13037197501,86.90746356691318,159802982400.0,0.0003
resume_step35000_to38140,38110,2.4597034454345703,2.9362826347351074,0.08348099142313004,26920.347245923076,69.29390348904593,159844925440.0,0.0003
resume_step35000_to38140,38120,2.500282049179077,3.1556739807128906,0.11003279685974121,33795.615601875346,86.99108167053458,159886868480.0,0.0003
resume_step35000_to38140,38130,2.481757164001465,2.797658681869507,0.05019509792327881,31755.10112257491,81.73872693287203,159928811520.0,0.0003
resume_step35000_to38140,38140,2.4768424034118652,2.9709818363189697,0.0720905289053917,30601.649175428487,78.76970178714622,159970754560.0,0.0003
