lineage,display_name,step,loss,global_max_loss,grad_norm,tps_per_gpu,mfu,n_tokens_seen,lr,max_active_gib,max_reserved_gib,num_alloc_retries,num_ooms,value_precision,is_interpolated
operand_hybrid_plain_h16,Operand hybrid + plain H16,1,12.255767822265625,12.27364730834961,2.9352877140045166,978.3101082824328,2.518146300993455,4194304.0,1.5e-07,134.64021682739258,144.19921875,0,0,exported_float_payload,False
operand_hybrid_plain_h16,Operand hybrid + plain H16,10,11.56953239440918,12.00191593170166,6.0131707191467285,35219.652562799805,90.65452464658085,41943040.0,1.4999999999999998e-06,129.81909656524658,148.837890625,0,0,exported_float_payload,False
operand_hybrid_plain_h16,Operand hybrid + plain H16,20,10.223761558532715,11.576026916503906,7.316956043243408,35525.00428896889,91.44049252450108,83886080.0,2.9999999999999997e-06,129.81909656524658,148.837890625,0,0,exported_float_payload,False
operand_hybrid_plain_h16,Operand hybrid + plain H16,30,9.399374008178711,10.746511459350586,3.427042245864868,35690.726372444784,91.86705711579452,125829120.0,4.499999999999999e-06,129.81909656524658,148.837890625,0,0,exported_float_payload,False
operand_hybrid_plain_h16,Operand hybrid + plain H16,40,8.930073738098145,10.42300796508789,1.4602396488189697,35625.28575145434,91.69861455725743,167772160.0,5.999999999999999e-06,129.81909656524658,148.857421875,0,0,exported_float_payload,False
operand_hybrid_plain_h16,Operand hybrid + plain H16,50,8.40823745727539,9.699666976928711,1.536160945892334,35550.51755416367,91.50616304536412,209715200.0,7.499999999999999e-06,129.81909656524658,148.857421875,0,0,exported_float_payload,False
operand_hybrid_plain_h16,Operand hybrid + plain H16,60,8.023120880126953,10.212234497070312,2.128608226776123,35532.26832917327,91.45918998639587,251658240.0,8.999999999999999e-06,129.81909656524658,148.876953125,0,0,exported_float_payload,False
operand_hybrid_plain_h16,Operand hybrid + plain H16,70,7.680431842803955,9.032417297363281,1.9314570426940918,35443.55214825409,91.23083670564313,293601280.0,1.05e-05,129.81909656524658,148.876953125,0,0,exported_float_payload,False
operand_hybrid_plain_h16,Operand hybrid + plain H16,80,7.429410457611084,8.388527870178223,1.9662375450134277,35437.815695105266,91.21607121548284,335544320.0,1.1999999999999999e-05,129.81909656524658,148.876953125,0,0,exported_float_payload,False
operand_hybrid_plain_h16,Operand hybrid + plain H16,90,7.2181172370910645,8.46440601348877,1.1345762014389038,35388.75356092891,91.08978648158396,377487360.0,1.3499999999999998e-05,129.81909656524658,148.876953125,0,0,exported_float_payload,False
operand_hybrid_plain_h16,Operand hybrid + plain H16,100,7.018146514892578,7.97239351272583,1.7050987482070923,35439.2775919151,91.2198341021309,419430400.0,1.4999999999999999e-05,129.81909656524658,148.876953125,0,0,exported_float_payload,False
operand_hybrid_plain_h16,Operand hybrid + plain H16,110,6.94067907333374,9.971820831298828,1.912956953048706,35378.84595916892,91.06428455687478,461373440.0,1.6499999999999998e-05,129.81909656524658,148.876953125,0,0,exported_float_payload,False
operand_hybrid_plain_h16,Operand hybrid + plain H16,120,6.786038398742676,8.247271537780762,1.6747807264328003,35370.35776887418,91.0424361625754,503316480.0,1.7999999999999997e-05,129.81909656524658,148.876953125,0,0,exported_float_payload,False
operand_hybrid_plain_h16,Operand hybrid + plain H16,130,6.709120273590088,7.678417205810547,1.3218917846679688,35316.8612300177,90.90473737944221,545259520.0,1.95e-05,129.81909656524658,148.876953125,0,0,exported_float_payload,False
operand_hybrid_plain_h16,Operand hybrid + plain H16,140,6.564265727996826,7.678529262542725,1.4015754461288452,35318.63481145162,90.90930253469261,587202560.0,2.1e-05,129.81909656524658,148.876953125,0,0,exported_float_payload,False
operand_hybrid_plain_h16,Operand hybrid + plain H16,150,6.495773792266846,7.546332359313965,2.342811107635498,35308.02764511331,90.88199994786179,629145600.0,2.2499999999999998e-05,129.81909656524658,148.876953125,0,0,exported_float_payload,False
operand_hybrid_plain_h16,Operand hybrid + plain H16,160,6.426595211029053,7.420925140380859,2.262430429458618,35279.52289329836,90.80862941357428,671088640.0,2.3999999999999997e-05,129.81909656524658,148.876953125,0,0,exported_float_payload,False
operand_hybrid_plain_h16,Operand hybrid + plain H16,170,6.377503395080566,6.9600934982299805,1.821842908859253,35288.06086005368,90.83060593126626,713031680.0,2.55e-05,129.81909656524658,148.876953125,0,0,exported_float_payload,False
operand_hybrid_plain_h16,Operand hybrid + plain H16,180,6.31636905670166,7.2709550857543945,2.4362916946411133,35298.71875516855,90.85803909272772,754974720.0,2.6999999999999996e-05,129.81909656524658,148.876953125,0,0,exported_float_payload,False
operand_hybrid_plain_h16,Operand hybrid + plain H16,190,6.2326788902282715,6.852561950683594,1.6785659790039062,35244.33006485298,90.71804393355013,796917760.0,2.8499999999999998e-05,129.81909656524658,148.876953125,0,0,exported_float_payload,False
operand_hybrid_plain_h16,Operand hybrid + plain H16,200,6.158470153808594,6.7785539627075195,1.7076009511947632,35223.96076064537,90.66561384250852,838860800.0,2.9999999999999997e-05,129.81909656524658,148.876953125,0,0,exported_float_payload,False
operand_hybrid_plain_h16,Operand hybrid + plain H16,210,6.1105170249938965,6.832595348358154,1.728108286857605,35283.75301423932,90.81951764145832,880803840.0,3.149999999999999e-05,129.81909656524658,148.876953125,0,0,exported_float_payload,False
operand_hybrid_plain_h16,Operand hybrid + plain H16,220,5.964164733886719,6.491120338439941,1.5119320154190063,35140.1363088512,90.44985175293051,922746880.0,3.2999999999999996e-05,129.81909656524658,148.876953125,0,0,exported_float_payload,False
operand_hybrid_plain_h16,Operand hybrid + plain H16,230,5.918219089508057,6.452532768249512,1.3722237348556519,35227.69218320236,90.67521843294438,964689920.0,3.45e-05,129.81909656524658,148.876953125,0,0,exported_float_payload,False
operand_hybrid_plain_h16,Operand hybrid + plain H16,240,5.879026412963867,6.512557029724121,2.917362689971924,35238.44192030764,90.7028879934438,1006632960.0,3.5999999999999994e-05,129.81909656524658,148.876953125,0,0,exported_float_payload,False
operand_hybrid_plain_h16,Operand hybrid + plain H16,250,5.850082874298096,6.532803535461426,1.756742238998413,35204.83368758666,90.61638122407408,1048576000.0,3.75e-05,129.81909656524658,148.876953125,0,0,exported_float_payload,False
operand_hybrid_plain_h16,Operand hybrid + plain H16,260,5.823090076446533,6.743995666503906,1.2552423477172852,35205.49595794599,90.6180858917878,1090519040.0,3.9e-05,129.81909656524658,148.876953125,0,0,exported_float_payload,False
operand_hybrid_plain_h16,Operand hybrid + plain H16,270,5.730096817016602,6.175732612609863,1.314168930053711,35153.697221568575,90.48475721072784,1132462080.0,4.05e-05,129.81909656524658,148.876953125,0,0,exported_float_payload,False
operand_hybrid_plain_h16,Operand hybrid + plain H16,280,5.684228897094727,6.787044525146484,1.2732453346252441,35246.614747349246,90.72392465043961,1174405120.0,4.2e-05,129.81909656524658,148.876953125,0,0,exported_float_payload,False
operand_hybrid_plain_h16,Operand hybrid + plain H16,290,5.650467872619629,6.722024440765381,1.5284548997879028,35240.60508086083,90.70845591582275,1216348160.0,4.3499999999999993e-05,129.81909656524658,148.876953125,0,0,exported_float_payload,False
operand_hybrid_plain_h16,Operand hybrid + plain H16,300,5.59555721282959,6.679303169250488,1.3064922094345093,35165.23098129362,90.51444482628276,1258291200.0,4.4999999999999996e-05,129.81909656524658,148.876953125,0,0,exported_float_payload,False
operand_hybrid_plain_h16,Operand hybrid + plain H16,310,5.562587738037109,6.496578693389893,1.3371284008026123,35209.349882653376,90.62800579976386,1300234240.0,4.65e-05,129.81909656524658,148.876953125,0,0,exported_float_payload,False
operand_hybrid_plain_h16,Operand hybrid + plain H16,320,5.499433994293213,6.997365951538086,1.158600091934204,35207.5040401788,90.62325464636146,1342177280.0,4.7999999999999994e-05,129.81909656524658,148.876953125,0,0,exported_float_payload,False
operand_hybrid_plain_h16,Operand hybrid + plain H16,330,5.4698286056518555,6.004898548126221,1.4437028169631958,35172.249051353785,90.53250916703983,1384120320.0,4.95e-05,129.81909656524658,149.052734375,0,0,exported_float_payload,False
operand_hybrid_plain_h16,Operand hybrid + plain H16,340,5.407856464385986,5.9055047035217285,1.1693198680877686,35199.95326036282,90.60381912371658,1426063360.0,5.1e-05,129.81909656524658,149.052734375,0,0,exported_float_payload,False
operand_hybrid_plain_h16,Operand hybrid + plain H16,350,5.344252109527588,6.0271687507629395,1.3116176128387451,35229.95488240572,90.68104256537536,1468006400.0,5.2499999999999995e-05,129.81909656524658,149.052734375,0,0,exported_float_payload,False
operand_hybrid_plain_h16,Operand hybrid + plain H16,360,5.35293436050415,5.982799530029297,1.6790423393249512,35197.067900334565,90.59639227754515,1509949440.0,5.399999999999999e-05,129.81909656524658,149.052734375,0,0,exported_float_payload,False
operand_hybrid_plain_h16,Operand hybrid + plain H16,370,5.277103900909424,5.805307388305664,1.307982087135315,35155.13423185863,90.48845604008241,1551892480.0,5.5499999999999994e-05,129.81909656524658,149.052734375,0,0,exported_float_payload,False
operand_hybrid_plain_h16,Operand hybrid + plain H16,380,5.287124156951904,6.057226657867432,1.1860332489013672,35205.15207407483,90.61720074311071,1593835520.0,5.6999999999999996e-05,129.81909656524658,149.052734375,0,0,exported_float_payload,False
operand_hybrid_plain_h16,Operand hybrid + plain H16,390,5.178488254547119,5.7757062911987305,0.9621919989585876,25237.172312042327,64.95986453280827,1635778560.0,5.85e-05,129.81909656524658,149.052734375,0,0,exported_float_payload,False
operand_hybrid_plain_h16,Operand hybrid + plain H16,400,5.125315189361572,5.758389949798584,1.2091865539550781,34641.62236891954,89.16668905921522,1677721600.0,5.9999999999999995e-05,129.81909656524658,149.052734375,0,0,exported_float_payload,False
operand_hybrid_plain_h16,Operand hybrid + plain H16,410,5.08513069152832,6.187186241149902,1.2680304050445557,34698.54956616072,89.3132182731579,1719664640.0,6.149999999999999e-05,129.81909656524658,149.052734375,0,0,exported_float_payload,False
operand_hybrid_plain_h16,Operand hybrid + plain H16,420,5.017446517944336,5.7314558029174805,0.9109384417533875,34658.87788861852,89.21110434505744,1761607680.0,6.299999999999999e-05,129.81909656524658,149.052734375,0,0,exported_float_payload,False
operand_hybrid_plain_h16,Operand hybrid + plain H16,430,5.0177531242370605,5.713708877563477,1.0787200927734375,34782.11672929503,89.5283181080156,1803550720.0,6.45e-05,129.81909656524658,149.052734375,0,0,exported_float_payload,False
operand_hybrid_plain_h16,Operand hybrid + plain H16,440,4.984446048736572,5.718219757080078,1.2165369987487793,34856.540015290266,89.71988182666685,1845493760.0,6.599999999999999e-05,129.81909656524658,149.052734375,0,0,exported_float_payload,False
operand_hybrid_plain_h16,Operand hybrid + plain H16,450,4.948073387145996,5.601050853729248,1.2130719423294067,34877.19937134712,89.77305850407724,1887436800.0,6.75e-05,129.81909656524658,149.052734375,0,0,exported_float_payload,False
operand_hybrid_plain_h16,Operand hybrid + plain H16,460,4.940677642822266,6.268802642822266,1.604866862297058,34927.55934600117,89.90268384763613,1929379840.0,6.9e-05,129.81909656524658,149.052734375,0,0,exported_float_payload,False
operand_hybrid_plain_h16,Operand hybrid + plain H16,470,5.026427268981934,5.50031852722168,1.6606730222702026,34958.88010961248,89.98330272744161,1971322880.0,7.049999999999999e-05,129.81909656524658,149.052734375,0,0,exported_float_payload,False
operand_hybrid_plain_h16,Operand hybrid + plain H16,480,5.07619047164917,5.787044048309326,2.3738691806793213,34965.77477154747,90.00104941870157,2013265920.0,7.199999999999999e-05,129.81909656524658,149.052734375,0,0,exported_float_payload,False
operand_hybrid_plain_h16,Operand hybrid + plain H16,490,5.0590291023254395,5.681182861328125,2.30945086479187,35020.925910630605,90.14300710236652,2055208960.0,7.35e-05,129.81909656524658,149.052734375,0,0,exported_float_payload,False
operand_hybrid_plain_h16,Operand hybrid + plain H16,500,4.984822750091553,5.582151889801025,1.5980160236358643,28296.518188537182,72.83454602401804,2097152000.0,7.5e-05,129.81909656524658,149.052734375,0,0,exported_float_payload,False
operand_hybrid_plain_h16,Operand hybrid + plain H16,510,4.867544651031494,5.713189601898193,0.9719022512435913,35041.13795304577,90.19503240539915,2139095040.0,7.649999999999999e-05,129.81909656524658,149.052734375,0,0,exported_float_payload,False
operand_hybrid_plain_h16,Operand hybrid + plain H16,520,4.801935195922852,5.16223669052124,1.048945426940918,34728.123856807106,89.38934177424944,2181038080.0,7.8e-05,129.81909656524658,149.052734375,0,0,exported_float_payload,False
operand_hybrid_plain_h16,Operand hybrid + plain H16,530,4.782804012298584,5.3382649421691895,0.8407533168792725,34896.57462857393,89.82292994249278,2222981120.0,7.95e-05,129.81909656524658,149.052734375,0,0,exported_float_payload,False
operand_hybrid_plain_h16,Operand hybrid + plain H16,540,4.720333576202393,5.17539644241333,0.8758941292762756,34898.72140713176,89.82845569801619,2264924160.0,8.1e-05,129.81909656524658,149.052734375,0,0,exported_float_payload,False
operand_hybrid_plain_h16,Operand hybrid + plain H16,550,4.77580451965332,5.348113059997559,0.6827205419540405,34966.2040748864,90.00215443500038,2306867200.0,8.25e-05,129.81909656524658,149.052734375,0,0,exported_float_payload,False
operand_hybrid_plain_h16,Operand hybrid + plain H16,560,4.709643840789795,5.149266242980957,0.6801679730415344,34939.602339306766,89.93368221797763,2348810240.0,8.4e-05,129.81909656524658,149.052734375,0,0,exported_float_payload,False
operand_hybrid_plain_h16,Operand hybrid + plain H16,570,4.688961505889893,5.651805877685547,1.0166796445846558,34934.71843049236,89.92111115609113,2390753280.0,8.549999999999999e-05,129.81909656524658,149.052734375,0,0,exported_float_payload,False
operand_hybrid_plain_h16,Operand hybrid + plain H16,580,4.642810821533203,5.023683071136475,0.8208181262016296,34968.75679431657,90.00872507240474,2432696320.0,8.699999999999999e-05,129.81909656524658,149.052734375,0,0,exported_float_payload,False
operand_hybrid_plain_h16,Operand hybrid + plain H16,590,4.582033157348633,5.150035858154297,0.8804098963737488,33794.3923363708,86.9859396685146,2474639360.0,8.849999999999998e-05,129.81909656524658,149.052734375,0,0,exported_float_payload,False
operand_hybrid_plain_h16,Operand hybrid + plain H16,600,8.123119354248047,9.216896057128906,40.66765594482422,34930.0352068814,89.909056653012,2516582400.0,8.999999999999999e-05,129.81909656524658,149.052734375,0,0,exported_float_payload,False
operand_hybrid_plain_h16,Operand hybrid + plain H16,610,7.3206787109375,8.304610252380371,40.49598693847656,35058.716852585894,90.24028006304648,2558525440.0,9.149999999999999e-05,129.81909656524658,149.052734375,0,0,exported_float_payload,False
operand_hybrid_plain_h16,Operand hybrid + plain H16,620,5.49717903137207,5.835718154907227,5.155961036682129,34911.55580440332,89.86149112281784,2600468480.0,9.3e-05,129.81909656524658,149.052734375,0,0,exported_float_payload,False
operand_hybrid_plain_h16,Operand hybrid + plain H16,630,4.993712902069092,5.220939636230469,2.106339454650879,34910.862296356805,89.85970605006099,2642411520.0,9.449999999999999e-05,129.81909656524658,149.052734375,0,0,exported_float_payload,False
operand_hybrid_plain_h16,Operand hybrid + plain H16,640,4.799320697784424,5.182751655578613,1.3517553806304932,34920.86537734617,89.88545373597229,2684354560.0,9.599999999999999e-05,129.81909656524658,149.052734375,0,0,exported_float_payload,False
operand_hybrid_plain_h16,Operand hybrid + plain H16,650,4.650539398193359,5.140139102935791,1.0689448118209839,34905.17828586142,89.84507554600854,2726297600.0,9.75e-05,129.81909656524658,149.052734375,0,0,exported_float_payload,False
operand_hybrid_plain_h16,Operand hybrid + plain H16,660,4.556453704833984,4.952946662902832,0.6534331440925598,34980.07220948418,90.0378506744069,2768240640.0,9.9e-05,129.81909656524658,149.052734375,0,0,exported_float_payload,False
operand_hybrid_plain_h16,Operand hybrid + plain H16,670,4.461016654968262,4.7516021728515625,0.4983467757701874,34981.469904564416,90.04144830737258,2810183680.0,0.0001005,129.81909656524658,149.052734375,0,0,exported_float_payload,False
operand_hybrid_plain_h16,Operand hybrid + plain H16,680,4.464724540710449,4.834036827087402,0.4580971300601959,34932.250571296645,89.9147589468556,2852126720.0,0.000102,129.81909656524658,149.052734375,0,0,exported_float_payload,False
operand_hybrid_plain_h16,Operand hybrid + plain H16,690,4.429479122161865,4.8402509689331055,0.8273744583129883,34967.30793286629,90.00499573845349,2894069760.0,0.00010349999999999998,129.81909656524658,149.052734375,0,0,exported_float_payload,False
operand_hybrid_plain_h16,Operand hybrid + plain H16,700,4.441296577453613,4.815561294555664,1.139521598815918,34914.59290958264,89.86930855729828,2936012800.0,0.00010499999999999999,129.81909656524658,149.052734375,0,0,exported_float_payload,False
operand_hybrid_plain_h16,Operand hybrid + plain H16,710,4.477443695068359,5.260537147521973,1.1662698984146118,34944.94892085195,89.94744418816171,2977955840.0,0.00010649999999999999,129.81909656524658,149.052734375,0,0,exported_float_payload,False
operand_hybrid_plain_h16,Operand hybrid + plain H16,720,4.361446857452393,4.660049915313721,0.5847030282020569,34967.600473269915,90.00574873030038,3019898880.0,0.00010799999999999998,129.81909656524658,149.052734375,0,0,exported_float_payload,False
operand_hybrid_plain_h16,Operand hybrid + plain H16,730,4.29309606552124,4.567220211029053,0.44415387511253357,34937.73070124897,89.92886466737467,3061841920.0,0.00010949999999999999,129.81909656524658,149.052734375,0,0,exported_float_payload,False
operand_hybrid_plain_h16,Operand hybrid + plain H16,740,4.325901985168457,4.660345077514648,0.7919235229492188,34941.00877867031,89.93730235851474,3103784960.0,0.00011099999999999999,129.81909656524658,149.052734375,0,0,exported_float_payload,False
operand_hybrid_plain_h16,Operand hybrid + plain H16,750,4.272611141204834,4.9972734451293945,0.7801912426948547,34896.749243686485,89.8233793975235,3145728000.0,0.0001125,129.81909656524658,149.052734375,0,0,exported_float_payload,False
operand_hybrid_plain_h16,Operand hybrid + plain H16,760,4.232993125915527,4.769495964050293,0.5236243605613708,34974.59067169758,90.02374133015682,3187671040.0,0.00011399999999999999,129.81909656524658,149.052734375,0,0,exported_float_payload,False
operand_hybrid_plain_h16,Operand hybrid + plain H16,770,4.17281436920166,4.580466270446777,0.7082130312919617,34956.48253036061,89.9771314170633,3229614080.0,0.00011549999999999999,129.81909656524658,149.052734375,0,0,exported_float_payload,False
operand_hybrid_plain_h16,Operand hybrid + plain H16,780,4.16586971282959,5.094935417175293,0.7863095998764038,34959.26335321565,89.98428918710661,3271557120.0,0.000117,129.81909656524658,149.052734375,0,0,exported_float_payload,False
operand_hybrid_plain_h16,Operand hybrid + plain H16,790,4.3480000495910645,4.736593246459961,3.7795536518096924,34914.98589713443,89.87032009764881,3313500160.0,0.0001185,129.81909656524658,149.052734375,0,0,exported_float_payload,False
operand_hybrid_plain_h16,Operand hybrid + plain H16,800,4.41840934753418,4.731309413909912,2.152782678604126,34934.90062892762,89.92158013040911,3355443200.0,0.00011999999999999999,129.81909656524658,149.052734375,0,0,exported_float_payload,False
operand_hybrid_plain_h16,Operand hybrid + plain H16,810,4.286312580108643,4.680916786193848,0.8392575979232788,34939.56173866092,89.93357771290783,3397386240.0,0.0001215,129.81909656524658,149.052734375,0,0,exported_float_payload,False
operand_hybrid_plain_h16,Operand hybrid + plain H16,820,4.217350006103516,4.6004838943481445,0.6099783182144165,34985.577668488535,90.05202159128666,3439329280.0,0.00012299999999999998,129.81909656524658,149.052734375,0,0,exported_float_payload,False
operand_hybrid_plain_h16,Operand hybrid + plain H16,830,4.075164318084717,4.837984561920166,0.4331101179122925,34890.47180337138,89.80722141962327,3481272320.0,0.0001245,129.81909656524658,149.052734375,0,0,exported_float_payload,False
operand_hybrid_plain_h16,Operand hybrid + plain H16,840,4.1245832443237305,4.921592712402344,0.47996383905410767,34935.59969792021,89.9233795169052,3523215360.0,0.00012599999999999997,129.81909656524658,149.052734375,0,0,exported_float_payload,False
operand_hybrid_plain_h16,Operand hybrid + plain H16,850,4.123569488525391,4.902331352233887,0.5844078660011292,34946.990269070244,89.9526985685687,3565158400.0,0.00012749999999999998,129.81909656524658,149.052734375,0,0,exported_float_payload,False
operand_hybrid_plain_h16,Operand hybrid + plain H16,860,4.036806583404541,4.56935977935791,0.5348616242408752,34952.01935033176,89.96564330078486,3607101440.0,0.000129,129.81909656524658,149.052734375,0,0,exported_float_payload,False
operand_hybrid_plain_h16,Operand hybrid + plain H16,870,4.066665172576904,4.993373870849609,0.45887574553489685,34982.276568972666,90.04352464183808,3649044480.0,0.0001305,129.81909656524658,149.052734375,0,0,exported_float_payload,False
operand_hybrid_plain_h16,Operand hybrid + plain H16,880,4.030337333679199,4.4745941162109375,0.5062186121940613,34918.10490503711,89.87834834773679,3690987520.0,0.00013199999999999998,129.81909656524658,149.052734375,0,0,exported_float_payload,False
operand_hybrid_plain_h16,Operand hybrid + plain H16,890,4.046020984649658,4.558494567871094,1.0572311878204346,34977.415867709075,90.03101331562003,3732930560.0,0.0001335,129.81909656524658,149.052734375,0,0,exported_float_payload,False
operand_hybrid_plain_h16,Operand hybrid + plain H16,900,4.0812668800354,4.921419620513916,1.6800899505615234,34917.69583268496,89.87729540550338,3774873600.0,0.000135,129.81909656524658,149.052734375,0,0,exported_float_payload,False
operand_hybrid_plain_h16,Operand hybrid + plain H16,910,4.1310715675354,4.56197452545166,1.3540018796920776,34959.317344570896,89.98442815953504,3816816640.0,0.00013649999999999998,129.81909656524658,149.052734375,0,0,exported_float_payload,False
operand_hybrid_plain_h16,Operand hybrid + plain H16,920,4.107250690460205,4.572010040283203,0.7676644921302795,34907.28411012579,89.85049588618185,3858759680.0,0.000138,129.81909656524658,149.052734375,0,0,exported_float_payload,False
operand_hybrid_plain_h16,Operand hybrid + plain H16,930,3.9989168643951416,5.567413806915283,0.5280256271362305,34929.96423207749,89.9088739656019,3900702720.0,0.0001395,129.81909656524658,149.052734375,0,0,exported_float_payload,False
operand_hybrid_plain_h16,Operand hybrid + plain H16,940,3.966370105743408,4.418883323669434,0.4205688238143921,34957.67731172598,89.98020675508776,3942645760.0,0.00014099999999999998,129.81909656524658,149.052734375,0,0,exported_float_payload,False
operand_hybrid_plain_h16,Operand hybrid + plain H16,950,3.949204683303833,4.507944107055664,0.3518633544445038,34895.51181702526,89.82019429155012,3984588800.0,0.0001425,129.81909656524658,149.052734375,0,0,exported_float_payload,False
operand_hybrid_plain_h16,Operand hybrid + plain H16,960,3.9809179306030273,4.5981526374816895,1.3079683780670166,34894.11073963703,89.81658795260635,4026531840.0,0.00014399999999999998,129.81909656524658,149.052734375,0,0,exported_float_payload,False
operand_hybrid_plain_h16,Operand hybrid + plain H16,970,3.9493260383605957,4.461190223693848,0.7272073030471802,34942.848089010506,89.94203669836297,4068474880.0,0.00014549999999999999,129.81909656524658,149.052734375,0,0,exported_float_payload,False
operand_hybrid_plain_h16,Operand hybrid + plain H16,980,3.9459495544433594,4.587610721588135,0.4940774440765381,34916.703030610675,89.87473995723619,4110417920.0,0.000147,129.81909656524658,149.052734375,0,0,exported_float_payload,False
operand_hybrid_plain_h16,Operand hybrid + plain H16,990,3.8795557022094727,4.294534683227539,0.3128110468387604,34941.5174170766,89.93861158133734,4152360960.0,0.00014849999999999998,129.81909656524658,149.052734375,0,0,exported_float_payload,False
operand_hybrid_plain_h16,Operand hybrid + plain H16,1000,3.8967902660369873,5.001631736755371,0.44939783215522766,34978.54409702083,90.03391735028552,4194304000.0,0.00015,129.81909656524658,149.052734375,0,0,exported_float_payload,False
operand_hybrid_plain_h16,Operand hybrid + plain H16,1010,3.87748646736145,4.372758865356445,0.9215952157974243,23414.217457312745,60.267623304334606,4236247040.0,0.0001515,129.81909656524658,149.052734375,0,0,exported_float_payload,False
operand_hybrid_plain_h16,Operand hybrid + plain H16,1020,3.84245228767395,4.304531097412109,0.49398767948150635,35086.6474229441,90.31217266830193,4278190080.0,0.00015299999999999998,129.81909656524658,149.052734375,0,0,exported_float_payload,False
operand_hybrid_plain_h16,Operand hybrid + plain H16,1030,3.8895316123962402,6.877823829650879,0.41727977991104126,34919.84329803279,89.88282292880746,4320133120.0,0.0001545,129.81909656524658,149.052734375,0,0,exported_float_payload,False
operand_hybrid_plain_h16,Operand hybrid + plain H16,1040,3.847075939178467,4.637394905090332,0.40205880999565125,34946.62279153691,89.951752690382,4362076160.0,0.000156,129.81909656524658,149.052734375,0,0,exported_float_payload,False
operand_hybrid_plain_h16,Operand hybrid + plain H16,1050,3.8462512493133545,4.712133884429932,0.9249513149261475,34928.39397938406,89.90483217355857,4404019200.0,0.00015749999999999998,129.81909656524658,149.052734375,0,0,exported_float_payload,False
operand_hybrid_plain_h16,Operand hybrid + plain H16,1060,3.879403829574585,4.323088645935059,0.5906780362129211,34981.18164866864,90.04070634374413,4445962240.0,0.000159,129.81909656524658,149.052734375,0,0,exported_float_payload,False
operand_hybrid_plain_h16,Operand hybrid + plain H16,1070,3.885854959487915,4.675755500793457,0.5911893844604492,34988.82372816601,90.06037686953681,4487905280.0,0.0001605,129.81909656524658,149.052734375,0,0,exported_float_payload,False
operand_hybrid_plain_h16,Operand hybrid + plain H16,1080,3.854891538619995,4.353391647338867,0.5675854682922363,34965.18611715821,89.99953423669506,4529848320.0,0.000162,129.81909656524658,149.052734375,0,0,exported_float_payload,False
operand_hybrid_plain_h16,Operand hybrid + plain H16,1090,3.8285882472991943,4.946080684661865,0.30290812253952026,19813.40134960186,50.99921067583899,4571791360.0,0.0001635,129.81909656524658,149.052734375,0,0,exported_float_payload,False
operand_hybrid_plain_h16,Operand hybrid + plain H16,1100,3.764103651046753,4.4014434814453125,0.35170552134513855,35085.33437595504,90.30879291745346,4613734400.0,0.000165,129.81909656524658,149.052734375,0,0,exported_float_payload,False
operand_hybrid_plain_h16,Operand hybrid + plain H16,1110,3.767179012298584,4.1708221435546875,0.39850685000419617,34967.99318289371,90.00675955527109,4655677440.0,0.0001665,129.81909656524658,149.052734375,0,0,exported_float_payload,False
operand_hybrid_plain_h16,Operand hybrid + plain H16,1120,3.7497823238372803,4.225033760070801,0.4736019968986511,34974.01811698098,90.02226758831412,4697620480.0,0.000168,129.81909656524658,149.052734375,0,0,exported_float_payload,False
operand_hybrid_plain_h16,Operand hybrid + plain H16,1130,3.7437856197357178,4.252100944519043,0.5499436259269714,34896.55157984709,89.82287061563338,4739563520.0,0.00016949999999999997,129.81909656524658,149.052734375,0,0,exported_float_payload,False
operand_hybrid_plain_h16,Operand hybrid + plain H16,1140,3.7432756423950195,4.955169200897217,0.4678298830986023,34957.7189856061,89.98031402263635,4781506560.0,0.00017099999999999998,129.81909656524658,149.052734375,0,0,exported_float_payload,False
operand_hybrid_plain_h16,Operand hybrid + plain H16,1150,3.747837543487549,4.21771240234375,0.4020082950592041,34980.64087710178,90.03931441095182,4823449600.0,0.00017249999999999996,129.81909656524658,149.052734375,0,0,exported_float_payload,False
operand_hybrid_plain_h16,Operand hybrid + plain H16,1160,3.6615819931030273,4.644770622253418,1.008624792098999,34898.59496957799,89.82813025084393,4865392640.0,0.00017399999999999997,129.81909656524658,149.052734375,0,0,exported_float_payload,False
operand_hybrid_plain_h16,Operand hybrid + plain H16,1170,3.6826767921447754,4.070778846740723,0.3660582900047302,35008.68516007513,90.1114997096986,4907335680.0,0.00017549999999999998,129.81909656524658,149.052734375,0,0,exported_float_payload,False
operand_hybrid_plain_h16,Operand hybrid + plain H16,1180,3.6952531337738037,4.216853141784668,0.4336937367916107,34897.8748318318,89.82627663389117,4949278720.0,0.00017699999999999997,129.81909656524658,149.052734375,0,0,exported_float_payload,False
operand_hybrid_plain_h16,Operand hybrid + plain H16,1190,3.6699185371398926,4.3026862144470215,0.3059450089931488,34917.053551037534,89.8756421882454,4991221760.0,0.00017849999999999997,129.81909656524658,149.052734375,0,0,exported_float_payload,False
operand_hybrid_plain_h16,Operand hybrid + plain H16,1200,3.680267572402954,4.205470085144043,0.3327018916606903,34945.0245906397,89.9476389603454,5033164800.0,0.00017999999999999998,129.81909656524658,149.052734375,0,0,exported_float_payload,False
operand_hybrid_plain_h16,Operand hybrid + plain H16,1210,3.633511543273926,4.035216331481934,0.3582463264465332,34930.2364692043,89.90957469731066,5075107840.0,0.00018149999999999997,129.81909656524658,149.052734375,0,0,exported_float_payload,False
operand_hybrid_plain_h16,Operand hybrid + plain H16,1220,3.6477298736572266,4.238131523132324,0.6458501815795898,34923.07388401482,89.89113837814384,5117050880.0,0.00018299999999999998,129.81909656524658,149.052734375,0,0,exported_float_payload,False
operand_hybrid_plain_h16,Operand hybrid + plain H16,1230,3.6545920372009277,4.587409496307373,0.4771641194820404,34922.28715161195,89.88911334817287,5158993920.0,0.00018449999999999999,129.81909656524658,149.052734375,0,0,exported_float_payload,False
operand_hybrid_plain_h16,Operand hybrid + plain H16,1240,3.70178484916687,4.132175922393799,0.6415417194366455,34909.686331190314,89.85667914447245,5200936960.0,0.000186,129.81909656524658,149.052734375,0,0,exported_float_payload,False
operand_hybrid_plain_h16,Operand hybrid + plain H16,1250,3.6385679244995117,4.112814426422119,0.4490879774093628,34924.12041383425,89.89383212031349,5242880000.0,0.00018749999999999998,129.81909656524658,149.052734375,0,0,exported_float_payload,False
operand_hybrid_plain_h16,Operand hybrid + plain H16,1260,3.6082077026367188,4.031918525695801,0.36942341923713684,34957.39760762972,89.97948680358218,5284823040.0,0.00018899999999999999,129.81909656524658,149.052734375,0,0,exported_float_payload,False
operand_hybrid_plain_h16,Operand hybrid + plain H16,1270,3.5816729068756104,4.048159599304199,0.21335802972316742,34869.711987320305,89.7537861606438,5326766080.0,0.0001905,129.81909656524658,149.052734375,0,0,exported_float_payload,False
operand_hybrid_plain_h16,Operand hybrid + plain H16,1280,3.600876569747925,4.28707218170166,0.41947945952415466,34876.82136047579,89.77208551333607,5368709120.0,0.00019199999999999998,129.81909656524658,149.052734375,0,0,exported_float_payload,False
operand_hybrid_plain_h16,Operand hybrid + plain H16,1290,3.622955560684204,4.12322998046875,0.6738502979278564,34870.72979996121,89.756405985498,5410652160.0,0.0001935,129.81909656524658,149.052734375,0,0,exported_float_payload,False
operand_hybrid_plain_h16,Operand hybrid + plain H16,1300,3.6932830810546875,4.436347961425781,0.7994612455368042,34941.33140895986,89.93813280099238,5452595200.0,0.000195,129.81909656524658,149.052734375,0,0,exported_float_payload,False
operand_hybrid_plain_h16,Operand hybrid + plain H16,1310,3.7053420543670654,4.282706260681152,0.6669379472732544,34931.14934628268,89.9119244205924,5494538240.0,0.00019649999999999998,129.81909656524658,149.052734375,0,0,exported_float_payload,False
operand_hybrid_plain_h16,Operand hybrid + plain H16,1320,3.6163971424102783,3.9938406944274902,0.2925446033477783,34959.78112065138,89.9856219078278,5536481280.0,0.000198,129.81909656524658,149.052734375,0,0,exported_float_payload,False
operand_hybrid_plain_h16,Operand hybrid + plain H16,1330,3.5641493797302246,4.475993633270264,0.24675314128398895,34905.02577257293,89.84468298053264,5578424320.0,0.0001995,129.81909656524658,149.052734375,0,0,exported_float_payload,False
operand_hybrid_plain_h16,Operand hybrid + plain H16,1340,3.5682613849639893,4.4037065505981445,0.2735975980758667,34913.18283582518,89.86567906192005,5620367360.0,0.000201,129.81909656524658,149.052734375,0,0,exported_float_payload,False
operand_hybrid_plain_h16,Operand hybrid + plain H16,1350,3.5875561237335205,4.089634895324707,0.48255816102027893,34871.5033935647,89.75839719652058,5662310400.0,0.0002025,129.81909656524658,149.052734375,0,0,exported_float_payload,False
operand_hybrid_plain_h16,Operand hybrid + plain H16,1360,3.589768171310425,4.025022506713867,0.3384406268596649,34842.58439914322,89.68396041189126,5704253440.0,0.000204,129.81909656524658,149.052734375,0,0,exported_float_payload,False
operand_hybrid_plain_h16,Operand hybrid + plain H16,1370,3.568115472793579,4.228665828704834,0.28441494703292847,34851.01279396083,89.70565489409438,5746196480.0,0.0002055,129.81909656524658,149.052734375,0,0,exported_float_payload,False
operand_hybrid_plain_h16,Operand hybrid + plain H16,1380,3.5281600952148438,3.915261745452881,0.550944983959198,34894.44297777451,89.81744312544967,5788139520.0,0.00020699999999999996,129.81909656524658,149.052734375,0,0,exported_float_payload,False
operand_hybrid_plain_h16,Operand hybrid + plain H16,1390,3.516324043273926,3.9771485328674316,0.294352650642395,34889.708207891155,89.80525594352557,5830082560.0,0.00020849999999999997,129.81909656524658,149.052734375,0,0,exported_float_payload,False
operand_hybrid_plain_h16,Operand hybrid + plain H16,1400,3.5278842449188232,4.186760425567627,0.4761870503425598,34959.80227787331,89.9856763659998,5872025600.0,0.00020999999999999998,129.81909656524658,149.052734375,0,0,exported_float_payload,False
operand_hybrid_plain_h16,Operand hybrid + plain H16,1410,3.5128509998321533,3.963840961456299,0.34658172726631165,34936.38471707423,89.92540013701552,5913968640.0,0.00021149999999999996,129.81909656524658,149.052734375,0,0,exported_float_payload,False
operand_hybrid_plain_h16,Operand hybrid + plain H16,1420,3.5406947135925293,5.914769172668457,0.28400275111198425,34867.498146019774,89.74808778726023,5955911680.0,0.00021299999999999997,129.81909656524658,149.052734375,0,0,exported_float_payload,False
operand_hybrid_plain_h16,Operand hybrid + plain H16,1430,3.533689498901367,4.237389087677002,0.31722742319107056,34910.66929101166,89.85920925902118,5997854720.0,0.00021449999999999998,129.81909656524658,149.052734375,0,0,exported_float_payload,False
operand_hybrid_plain_h16,Operand hybrid + plain H16,1440,3.4907784461975098,3.9861574172973633,0.263540118932724,34858.132783926085,89.72398157419545,6039797760.0,0.00021599999999999996,129.81909656524658,149.052734375,0,0,exported_float_payload,False
operand_hybrid_plain_h16,Operand hybrid + plain H16,1450,3.5221076011657715,4.090123176574707,0.3199167251586914,34939.26361159194,89.93281034112087,6081740800.0,0.00021749999999999997,129.81909656524658,149.052734375,0,0,exported_float_payload,False
operand_hybrid_plain_h16,Operand hybrid + plain H16,1460,3.4850447177886963,3.975179433822632,0.35728585720062256,34972.50555674185,90.01837429523768,6123683840.0,0.00021899999999999998,129.81909656524658,149.052734375,0,0,exported_float_payload,False
operand_hybrid_plain_h16,Operand hybrid + plain H16,1470,3.473925828933716,3.8618764877319336,0.35061776638031006,34876.10085360128,89.77023094625604,6165626880.0,0.00022049999999999997,129.81909656524658,149.052734375,0,0,exported_float_payload,False
operand_hybrid_plain_h16,Operand hybrid + plain H16,1480,3.5001113414764404,4.088601589202881,0.40459150075912476,34936.86101340746,89.92662611213275,6207569920.0,0.00022199999999999998,129.81909656524658,149.052734375,0,0,exported_float_payload,False
operand_hybrid_plain_h16,Operand hybrid + plain H16,1490,3.4998738765716553,4.11659049987793,0.44800031185150146,34946.23717689393,89.95076012771847,6249512960.0,0.00022349999999999998,129.81909656524658,149.052734375,0,0,exported_float_payload,False
operand_hybrid_plain_h16,Operand hybrid + plain H16,1500,3.458475112915039,4.076615333557129,0.3102017939090729,34918.50602950692,89.8793808323154,6291456000.0,0.000225,129.81909656524658,149.052734375,0,0,exported_float_payload,False
operand_hybrid_plain_h16,Operand hybrid + plain H16,1510,3.4554696083068848,3.869936943054199,0.30784541368484497,34929.493794457114,89.90766307066833,6333399040.0,0.00022649999999999998,129.81909656524658,149.052734375,0,0,exported_float_payload,False
operand_hybrid_plain_h16,Operand hybrid + plain H16,1520,3.429046154022217,4.0434160232543945,0.24293780326843262,34898.94857751492,89.8290404290286,6375342080.0,0.00022799999999999999,129.81909656524658,149.052734375,0,0,exported_float_payload,False
operand_hybrid_plain_h16,Operand hybrid + plain H16,1530,3.448840618133545,3.9477367401123047,0.267426997423172,34967.196456985395,90.00470880226143,6417285120.0,0.0002295,129.81909656524658,149.052734375,0,0,exported_float_payload,False
operand_hybrid_plain_h16,Operand hybrid + plain H16,1540,3.449920177459717,3.9190659523010254,0.2761669456958771,34954.9696761052,89.97323736719613,6459228160.0,0.00023099999999999998,129.81909656524658,149.052734375,0,0,exported_float_payload,False
operand_hybrid_plain_h16,Operand hybrid + plain H16,1550,3.456845760345459,4.054625511169434,0.36231866478919983,34875.206320313926,89.76792843944392,6501171200.0,0.00023249999999999999,129.81909656524658,149.052734375,0,0,exported_float_payload,False
operand_hybrid_plain_h16,Operand hybrid + plain H16,1560,3.437453508377075,3.929999351501465,0.29194700717926025,34941.56197735689,89.93872627840942,6543114240.0,0.000234,129.81909656524658,149.052734375,0,0,exported_float_payload,False
operand_hybrid_plain_h16,Operand hybrid + plain H16,1570,3.514333486557007,4.821325778961182,0.44205620884895325,34968.60187035984,90.0083263019277,6585057280.0,0.00023549999999999998,129.81909656524658,149.052734375,0,0,exported_float_payload,False
operand_hybrid_plain_h16,Operand hybrid + plain H16,1580,3.502084493637085,4.052924156188965,0.626225471496582,34915.86479272435,89.87258235341004,6627000320.0,0.000237,129.81909656524658,149.052734375,0,0,exported_float_payload,False
operand_hybrid_plain_h16,Operand hybrid + plain H16,1590,3.4943132400512695,4.164713382720947,0.3731894791126251,34905.02980120461,89.84469335013209,6668943360.0,0.0002385,129.81909656524658,149.052734375,0,0,exported_float_payload,False
operand_hybrid_plain_h16,Operand hybrid + plain H16,1600,3.4320240020751953,4.398639678955078,0.19803151488304138,34901.103201632664,89.8345863788314,6710886400.0,0.00023999999999999998,129.81909656524658,149.052734375,0,0,exported_float_payload,False
operand_hybrid_plain_h16,Operand hybrid + plain H16,1610,3.410022020339966,3.9553732872009277,0.35282057523727417,34938.39393297646,89.93057180962654,6752829440.0,0.0002415,129.81909656524658,149.052734375,0,0,exported_float_payload,False
operand_hybrid_plain_h16,Operand hybrid + plain H16,1620,3.3442752361297607,3.8960037231445312,0.2362266331911087,34936.68345435624,89.92616907947588,6794772480.0,0.000243,129.81909656524658,149.052734375,0,0,exported_float_payload,False
operand_hybrid_plain_h16,Operand hybrid + plain H16,1630,3.3613288402557373,3.7731595039367676,0.26061591506004333,34936.87719821829,89.92666777144012,6836715520.0,0.0002445,129.81909656524658,149.052734375,0,0,exported_float_payload,False
operand_hybrid_plain_h16,Operand hybrid + plain H16,1640,3.3975346088409424,3.918618679046631,0.29783567786216736,34870.308619213494,89.75532187655041,6878658560.0,0.00024599999999999996,129.81909656524658,149.052734375,0,0,exported_float_payload,False
operand_hybrid_plain_h16,Operand hybrid + plain H16,1650,3.420506715774536,4.122694492340088,0.26633337140083313,34909.04426049519,89.85502647020053,6920601600.0,0.00024749999999999994,129.81909656524658,149.052734375,0,0,exported_float_payload,False
operand_hybrid_plain_h16,Operand hybrid + plain H16,1660,3.337082624435425,3.9715569019317627,0.34055161476135254,34876.118424190325,89.77027617252267,6962544640.0,0.000249,129.81909656524658,149.052734375,0,0,exported_float_payload,False
operand_hybrid_plain_h16,Operand hybrid + plain H16,1670,3.3208305835723877,4.258053302764893,0.2572319209575653,34843.47592412338,89.68625517539418,7004487680.0,0.00025049999999999996,129.81909656524658,149.052734375,0,0,exported_float_payload,False
operand_hybrid_plain_h16,Operand hybrid + plain H16,1680,3.3227767944335938,3.8843271732330322,0.26069536805152893,34890.72549609057,89.8078744184802,7046430720.0,0.00025199999999999995,129.81909656524658,149.052734375,0,0,exported_float_payload,False
operand_hybrid_plain_h16,Operand hybrid + plain H16,1690,3.369814872741699,3.8973183631896973,0.25168755650520325,18416.007885260504,47.402354062099754,7088373760.0,0.0002535,129.81909656524658,149.052734375,0,0,exported_float_payload,False
operand_hybrid_plain_h16,Operand hybrid + plain H16,1700,3.372667074203491,4.246120452880859,0.2695317268371582,35111.83357803837,90.37700121576346,7130316800.0,0.00025499999999999996,129.81909656524658,149.052734375,0,0,exported_float_payload,False
operand_hybrid_plain_h16,Operand hybrid + plain H16,1710,3.313046932220459,3.824951410293579,0.2317304164171219,34996.12698780546,90.07917528129866,7172259840.0,0.00025649999999999995,129.81909656524658,149.052734375,0,0,exported_float_payload,False
operand_hybrid_plain_h16,Operand hybrid + plain H16,1720,3.336826801300049,3.8628506660461426,0.23676876723766327,35000.79359798828,90.09118702181996,7214202880.0,0.000258,129.81909656524658,149.052734375,0,0,exported_float_payload,False
operand_hybrid_plain_h16,Operand hybrid + plain H16,1730,3.352154493331909,3.8344686031341553,0.25448721647262573,34898.422857898004,89.82768723958743,7256145920.0,0.00025949999999999997,129.81909656524658,149.052734375,0,0,exported_float_payload,False
operand_hybrid_plain_h16,Operand hybrid + plain H16,1740,3.327772855758667,4.06768798828125,0.2960341274738312,34907.77642000594,89.85176307977737,7298088960.0,0.000261,129.81909656524658,149.052734375,0,0,exported_float_payload,False
operand_hybrid_plain_h16,Operand hybrid + plain H16,1750,3.320082426071167,3.993150234222412,0.2661587595939636,34941.47134430442,89.93849299114815,7340032000.0,0.0002625,129.81909656524658,149.052734375,0,0,exported_float_payload,False
operand_hybrid_plain_h16,Operand hybrid + plain H16,1760,3.3290858268737793,3.7236123085021973,0.33677706122398376,34939.2304644973,89.93272502130965,7381975040.0,0.00026399999999999997,129.81909656524658,149.052734375,0,0,exported_float_payload,False
operand_hybrid_plain_h16,Operand hybrid + plain H16,1770,3.3268959522247314,4.264683246612549,0.2791499197483063,34972.9057186489,90.01940430220327,7423918080.0,0.0002655,129.81909656524658,149.052734375,0,0,exported_float_payload,False
operand_hybrid_plain_h16,Operand hybrid + plain H16,1780,3.32228684425354,4.183403491973877,0.3110146224498749,34921.092906838094,89.88603939132187,7465861120.0,0.000267,129.81909656524658,149.052734375,0,0,exported_float_payload,False
operand_hybrid_plain_h16,Operand hybrid + plain H16,1790,3.3262650966644287,4.056802749633789,0.249515101313591,34922.832734322576,89.89051766473162,7507804160.0,0.00026849999999999997,129.81909656524658,149.052734375,0,0,exported_float_payload,False
operand_hybrid_plain_h16,Operand hybrid + plain H16,1800,3.2443835735321045,3.7114675045013428,0.28617289662361145,34349.729728394115,88.41536453869406,7549747200.0,0.00027,129.81909656524658,149.052734375,0,0,exported_float_payload,False
operand_hybrid_plain_h16,Operand hybrid + plain H16,1810,3.2803797721862793,3.7281994819641113,0.23136021196842194,34881.281633246545,89.78356614640325,7591690240.0,0.0002715,129.81909656524658,149.052734375,0,0,exported_float_payload,False
operand_hybrid_plain_h16,Operand hybrid + plain H16,1820,3.3072502613067627,3.931696653366089,0.23236152529716492,34857.57206749759,89.72253830381689,7633633280.0,0.00027299999999999997,129.81909656524658,149.052734375,0,0,exported_float_payload,False
operand_hybrid_plain_h16,Operand hybrid + plain H16,1830,3.2865748405456543,3.793100118637085,0.30185359716415405,34950.52206213867,89.96178931758155,7675576320.0,0.0002745,129.81909656524658,149.052734375,0,0,exported_float_payload,False
operand_hybrid_plain_h16,Operand hybrid + plain H16,1840,3.301069498062134,3.743211269378662,0.22211574018001556,34930.30603761814,89.90975376470709,7717519360.0,0.000276,129.81909656524658,149.052734375,0,0,exported_float_payload,False
operand_hybrid_plain_h16,Operand hybrid + plain H16,1850,3.282041311264038,3.998115301132202,0.20713156461715698,34858.836634453415,89.72579326824506,7759462400.0,0.00027749999999999997,129.81909656524658,149.052734375,0,0,exported_float_payload,False
operand_hybrid_plain_h16,Operand hybrid + plain H16,1860,3.3206193447113037,4.462550163269043,0.2064334601163864,34883.40097578975,89.78902128229576,7801405440.0,0.000279,129.81909656524658,149.052734375,0,0,exported_float_payload,False
operand_hybrid_plain_h16,Operand hybrid + plain H16,1870,3.2757437229156494,3.7181687355041504,0.2583635747432709,34855.3941846187,89.71693248653152,7843348480.0,0.0002805,129.81909656524658,149.052734375,0,0,exported_float_payload,False
operand_hybrid_plain_h16,Operand hybrid + plain H16,1880,3.2905092239379883,3.7675795555114746,0.2288946658372879,34927.12100646582,89.90155557238866,7885291520.0,0.00028199999999999997,129.81909656524658,149.052734375,0,0,exported_float_payload,False
operand_hybrid_plain_h16,Operand hybrid + plain H16,1890,3.2703371047973633,3.8224823474884033,0.24589823186397552,34935.13403045311,89.92218090022953,7927234560.0,0.00028349999999999995,129.81909656524658,149.052734375,0,0,exported_float_payload,False
operand_hybrid_plain_h16,Operand hybrid + plain H16,1900,3.2833831310272217,3.9347662925720215,0.17808642983436584,34925.57305594334,89.89757118558809,7969177600.0,0.000285,129.81909656524658,149.052734375,0,0,exported_float_payload,False
operand_hybrid_plain_h16,Operand hybrid + plain H16,1910,3.239027976989746,3.661775827407837,0.21529130637645721,34856.974638336,89.72100053576091,8011120640.0,0.00028649999999999997,129.81909656524658,149.052734375,0,0,exported_float_payload,False
operand_hybrid_plain_h16,Operand hybrid + plain H16,1920,3.260756254196167,4.138404369354248,0.26289552450180054,34894.01942005428,89.81635289823295,8053063680.0,0.00028799999999999995,129.81909656524658,149.052734375,0,0,exported_float_payload,False
operand_hybrid_plain_h16,Operand hybrid + plain H16,1930,3.2594122886657715,3.9108550548553467,0.2512524724006653,34906.09056939563,89.8474237415221,8095006720.0,0.0002895,129.81909656524658,149.052734375,0,0,exported_float_payload,False
operand_hybrid_plain_h16,Operand hybrid + plain H16,1940,3.2257747650146484,3.75753116607666,0.23311710357666016,34879.49147030029,89.77895831074547,8136949760.0,0.00029099999999999997,129.81909656524658,149.052734375,0,0,exported_float_payload,False
operand_hybrid_plain_h16,Operand hybrid + plain H16,1950,3.268146276473999,4.210201740264893,0.3544268310070038,34876.36730724508,89.7709167914209,8178892800.0,0.00029249999999999995,129.81909656524658,149.052734375,0,0,exported_float_payload,False
operand_hybrid_plain_h16,Operand hybrid + plain H16,1960,3.319244146347046,3.9091548919677734,0.33458027243614197,34923.120983944376,89.89125961221102,8220835840.0,0.000294,129.81909656524658,149.052734375,0,0,exported_float_payload,False
operand_hybrid_plain_h16,Operand hybrid + plain H16,1970,3.3827266693115234,4.061609745025635,0.7541182041168213,34855.32619531782,89.71675748373325,8262778880.0,0.00029549999999999997,129.81909656524658,149.052734375,0,0,exported_float_payload,False
operand_hybrid_plain_h16,Operand hybrid + plain H16,1980,4.15215539932251,4.554795742034912,4.782102584838867,34941.6149620622,89.93886265974552,8304721920.0,0.00029699999999999996,129.81909656524658,149.052734375,0,0,exported_float_payload,False
operand_hybrid_plain_h16,Operand hybrid + plain H16,1990,3.966423511505127,4.648820877075195,3.7701587677001953,34901.574049553405,89.8357983298681,8346664960.0,0.0002985,129.81909656524658,149.052734375,0,0,exported_float_payload,False
operand_hybrid_plain_h16,Operand hybrid + plain H16,2000,3.5018279552459717,3.7965056896209717,0.4005526006221771,34970.2051282655,90.01245304858043,8388608000.0,0.0003,129.81909656524658,149.052734375,0,0,exported_float_payload,False
operand_hybrid_plain_h16,Operand hybrid + plain H16,2010,3.387765645980835,3.9003844261169434,0.34939342737197876,28370.148551673294,73.02406877861527,8430551040.0,0.0003,129.81909656524658,149.052734375,0,0,exported_float_payload,False
operand_hybrid_plain_h16,Operand hybrid + plain H16,2020,3.279716730117798,4.052510738372803,0.15646280348300934,34872.419119001235,89.76075425140657,8472494080.0,0.0003,129.81909656524658,149.052734375,0,0,exported_float_payload,False
operand_hybrid_plain_h16,Operand hybrid + plain H16,2030,3.267941951751709,3.704784393310547,0.1268252581357956,34892.647540098886,89.81282171276747,8514437120.0,0.0003,129.81909656524658,149.052734375,0,0,exported_float_payload,False
operand_hybrid_plain_h16,Operand hybrid + plain H16,2040,3.2349424362182617,3.670806407928467,0.1375759094953537,34916.27882620855,89.87364806547606,8556380160.0,0.0003,129.81909656524658,149.052734375,0,0,exported_float_payload,False
operand_hybrid_plain_h16,Operand hybrid + plain H16,2050,3.2098228931427,3.9554648399353027,0.22328180074691772,34892.73225944997,89.81303977830595,8598323200.0,0.0003,129.81909656524658,149.052734375,0,0,exported_float_payload,False
operand_hybrid_plain_h16,Operand hybrid + plain H16,2060,3.281651258468628,4.192641258239746,0.42415425181388855,34879.777323007234,89.77969408862462,8640266240.0,0.0003,129.81909656524658,149.052734375,0,0,exported_float_payload,False
operand_hybrid_plain_h16,Operand hybrid + plain H16,2070,3.22282075881958,3.6490671634674072,0.1729661524295807,34860.6892924784,89.73056196470758,8682209280.0,0.0003,129.81909656524658,149.052734375,0,0,exported_float_payload,False
operand_hybrid_plain_h16,Operand hybrid + plain H16,2080,3.2230427265167236,3.911961793899536,0.2077692449092865,34898.04464135597,89.82671371945487,8724152320.0,0.0003,129.81909656524658,149.052734375,0,0,exported_float_payload,False
operand_hybrid_plain_h16,Operand hybrid + plain H16,2090,3.210209369659424,3.7147159576416016,0.1978703886270523,34820.10377275575,89.62609582917626,8766095360.0,0.0003,129.81909656524658,149.052734375,0,0,exported_float_payload,False
operand_hybrid_plain_h16,Operand hybrid + plain H16,2100,3.2305147647857666,3.6939659118652344,0.16501951217651367,34852.16107231814,89.70861053451299,8808038400.0,0.0003,129.81909656524658,149.052734375,0,0,exported_float_payload,False
operand_hybrid_plain_h16,Operand hybrid + plain H16,2110,3.218630790710449,3.6721787452697754,0.2772722840309143,34924.212520116234,89.8940691996315,8849981440.0,0.0003,129.81909656524658,149.052734375,0,0,exported_float_payload,False
operand_hybrid_plain_h16,Operand hybrid + plain H16,2120,3.17126727104187,3.7324142456054688,0.16292524337768555,34871.422827848124,89.75818982233577,8891924480.0,0.0003,129.81909656524658,149.052734375,0,0,exported_float_payload,False
operand_hybrid_plain_h16,Operand hybrid + plain H16,2130,3.1867852210998535,3.662714958190918,0.20787562429904938,34927.239261373325,89.90185995762947,8933867520.0,0.0003,129.81909656524658,149.052734375,0,0,exported_float_payload,False
operand_hybrid_plain_h16,Operand hybrid + plain H16,2140,3.1862709522247314,3.6295557022094727,0.18020978569984436,34905.22927704244,89.84520679606187,8975810560.0,0.0003,129.81909656524658,149.052734375,0,0,exported_float_payload,False
operand_hybrid_plain_h16,Operand hybrid + plain H16,2150,3.224968910217285,3.7637600898742676,0.1653764247894287,34866.63476506707,89.74586546579592,9017753600.0,0.0003,129.81909656524658,149.052734375,0,0,exported_float_payload,False
operand_hybrid_plain_h16,Operand hybrid + plain H16,2160,3.1960384845733643,4.395538330078125,0.1650971621274948,34824.97627842095,89.63863753963547,9059696640.0,0.0003,129.81909656524658,149.052734375,0,0,exported_float_payload,False
operand_hybrid_plain_h16,Operand hybrid + plain H16,2170,3.1490628719329834,3.5885355472564697,0.21765068173408508,34878.37547828164,89.77608577457325,9101639680.0,0.0003,129.81909656524658,149.052734375,0,0,exported_float_payload,False
operand_hybrid_plain_h16,Operand hybrid + plain H16,2180,3.1683366298675537,3.713289260864258,0.22424252331256866,34882.95773741142,89.78788039754625,9143582720.0,0.0003,129.81909656524658,149.052734375,0,0,exported_float_payload,False
operand_hybrid_plain_h16,Operand hybrid + plain H16,2190,3.1934404373168945,3.7804620265960693,0.251059889793396,34901.24236888281,89.83494459193092,9185525760.0,0.0003,129.81909656524658,149.052734375,0,0,exported_float_payload,False
operand_hybrid_plain_h16,Operand hybrid + plain H16,2200,3.182216167449951,3.641629219055176,0.1662665158510208,34886.6966665309,89.79750430969044,9227468800.0,0.0003,129.81909656524658,149.052734375,0,0,exported_float_payload,False
operand_hybrid_plain_h16,Operand hybrid + plain H16,2210,3.200676918029785,3.6978402137756348,0.19242292642593384,34854.532376237454,89.71471421282767,9269411840.0,0.0003,129.81909656524658,149.052734375,0,0,exported_float_payload,False
operand_hybrid_plain_h16,Operand hybrid + plain H16,2220,3.194077730178833,4.000668525695801,0.18894965946674347,34878.84769004355,89.77730123610377,9311354880.0,0.0003,129.81909656524658,149.052734375,0,0,exported_float_payload,False
operand_hybrid_plain_h16,Operand hybrid + plain H16,2230,3.1788322925567627,4.151329040527344,0.19820135831832886,34914.89890638284,89.87009618558098,9353297920.0,0.0003,129.81909656524658,149.052734375,0,0,exported_float_payload,False
operand_hybrid_plain_h16,Operand hybrid + plain H16,2240,3.1601805686950684,3.6358208656311035,0.16611243784427643,34863.84943624419,89.73869609750155,9395240960.0,0.0003,129.81909656524658,149.052734375,0,0,exported_float_payload,False
operand_hybrid_plain_h16,Operand hybrid + plain H16,2250,3.1191632747650146,3.6535966396331787,0.2340332269668579,34887.41319126715,89.79934862684395,9437184000.0,0.0003,129.81909656524658,149.052734375,0,0,exported_float_payload,False
operand_hybrid_plain_h16,Operand hybrid + plain H16,2260,3.1220531463623047,3.687849283218384,0.18965038657188416,34858.67471925624,89.72537650248603,9479127040.0,0.0003,129.81909656524658,149.052734375,0,0,exported_float_payload,False
operand_hybrid_plain_h16,Operand hybrid + plain H16,2270,3.1160383224487305,3.5507211685180664,0.16747157275676727,34890.22591944566,89.80658852040985,9521070080.0,0.0003,129.81909656524658,149.052734375,0,0,exported_float_payload,False
operand_hybrid_plain_h16,Operand hybrid + plain H16,2280,3.143901824951172,3.821275234222412,0.2014898955821991,34886.91114274636,89.79805636622551,9563013120.0,0.0003,129.81909656524658,149.052734375,0,0,exported_float_payload,False
operand_hybrid_plain_h16,Operand hybrid + plain H16,2290,3.1362404823303223,3.897162914276123,0.1225060522556305,34849.48376858546,89.7017192201598,9604956160.0,0.0003,129.81909656524658,149.052734375,0,0,exported_float_payload,False
operand_hybrid_plain_h16,Operand hybrid + plain H16,2300,3.146894693374634,3.673086404800415,0.194427952170372,34911.34902559663,89.86095887922475,9646899200.0,0.0003,129.81909656524658,149.052734375,0,0,exported_float_payload,False
operand_hybrid_plain_h16,Operand hybrid + plain H16,2310,3.10237979888916,3.541957378387451,0.2019149661064148,34937.90258072406,89.92930708094144,9688842240.0,0.0003,129.81909656524658,149.052734375,0,0,exported_float_payload,False
operand_hybrid_plain_h16,Operand hybrid + plain H16,2320,3.1227874755859375,3.7089076042175293,0.23356471955776215,34928.45862406083,89.90499856737614,9730785280.0,0.0003,129.81909656524658,149.052734375,0,0,exported_float_payload,False
operand_hybrid_plain_h16,Operand hybrid + plain H16,2330,3.115377187728882,3.6986825466156006,0.18940453231334686,34917.41665648387,89.87657681278706,9772728320.0,0.0003,129.81909656524658,149.052734375,0,0,exported_float_payload,False
operand_hybrid_plain_h16,Operand hybrid + plain H16,2340,3.1145052909851074,3.5997583866119385,0.15832124650478363,34900.95170163821,89.83419642154955,9814671360.0,0.0003,129.81909656524658,149.052734375,0,0,exported_float_payload,False
operand_hybrid_plain_h16,Operand hybrid + plain H16,2350,3.1448159217834473,3.5014095306396484,0.17380890250205994,34899.961209907604,89.83164692005052,9856614400.0,0.0003,129.81909656524658,149.052734375,0,0,exported_float_payload,False
operand_hybrid_plain_h16,Operand hybrid + plain H16,2360,3.1255125999450684,3.624027967453003,0.17451055347919464,34903.36921806716,89.84041904973421,9898557440.0,0.0003,129.81909656524658,149.052734375,0,0,exported_float_payload,False
operand_hybrid_plain_h16,Operand hybrid + plain H16,2370,3.119812488555908,3.7598466873168945,0.184010848402977,34871.66561534943,89.75881475142847,9940500480.0,0.0003,129.81909656524658,149.052734375,0,0,exported_float_payload,False
operand_hybrid_plain_h16,Operand hybrid + plain H16,2380,3.135878324508667,3.555624008178711,0.13100118935108185,34928.823917769674,89.905938824452,9982443520.0,0.0003,129.81909656524658,149.052734375,0,0,exported_float_payload,False
operand_hybrid_plain_h16,Operand hybrid + plain H16,2390,3.086198568344116,3.477022647857666,0.24251365661621094,34911.35660969061,89.86097840049722,10024386560.0,0.0003,129.81909656524658,149.052734375,0,0,exported_float_payload,False
operand_hybrid_plain_h16,Operand hybrid + plain H16,2400,3.1115729808807373,4.216109275817871,0.1359718143939972,34861.717236066135,89.73320786637125,10066329600.0,0.0003,129.81909656524658,149.052734375,0,0,exported_float_payload,False
operand_hybrid_plain_h16,Operand hybrid + plain H16,2410,3.0782904624938965,3.515702486038208,0.19849295914173126,34909.99788599832,89.85748107893136,10108272640.0,0.0003,129.81909656524658,149.052734375,0,0,exported_float_payload,False
operand_hybrid_plain_h16,Operand hybrid + plain H16,2420,3.063345432281494,3.4229469299316406,0.1406199336051941,34893.76852747012,89.81570710685514,10150215680.0,0.0003,129.81909656524658,149.052734375,0,0,exported_float_payload,False
operand_hybrid_plain_h16,Operand hybrid + plain H16,2430,3.0857391357421875,3.7595739364624023,0.2066640555858612,34937.94236168082,89.92940947615156,10192158720.0,0.0003,129.81909656524658,149.052734375,0,0,exported_float_payload,False
operand_hybrid_plain_h16,Operand hybrid + plain H16,2440,3.1003613471984863,3.4996755123138428,0.23840537667274475,34472.80369684925,88.7321539245852,10234101760.0,0.0003,129.81909656524658,149.052734375,0,0,exported_float_payload,False
operand_hybrid_plain_h16,Operand hybrid + plain H16,2450,3.0857646465301514,3.496229410171509,0.1575145721435547,34856.611127773045,89.72006486845896,10276044800.0,0.0003,129.81909656524658,149.052734375,0,0,exported_float_payload,False
operand_hybrid_plain_h16,Operand hybrid + plain H16,2460,3.0748300552368164,3.5554466247558594,0.15908314287662506,34961.92905062573,89.9911506270692,10317987840.0,0.0003,129.81909656524658,149.052734375,0,0,exported_float_payload,False
operand_hybrid_plain_h16,Operand hybrid + plain H16,2470,3.089766502380371,3.6953041553497314,0.2450326383113861,34927.59812802104,89.90278367160712,10359930880.0,0.0003,129.81909656524658,149.052734375,0,0,exported_float_payload,False
operand_hybrid_plain_h16,Operand hybrid + plain H16,2480,3.098794460296631,4.093890190124512,0.16125868260860443,34884.28170408199,89.79128825538793,10401873920.0,0.0003,129.81909656524658,149.052734375,0,0,exported_float_payload,False
operand_hybrid_plain_h16,Operand hybrid + plain H16,2490,3.075195550918579,4.7058281898498535,0.19870126247406006,34913.9709901763,89.86770775195102,10443816960.0,0.0003,129.81909656524658,149.052734375,0,0,exported_float_payload,False
operand_hybrid_plain_h16,Operand hybrid + plain H16,2500,3.0887670516967773,3.6144332885742188,0.19922588765621185,34868.21552974732,89.74993431543633,10485760000.0,0.0003,129.81909656524658,149.052734375,0,0,exported_float_payload,False
operand_hybrid_plain_h16,Operand hybrid + plain H16,2510,3.090252637863159,4.027148246765137,0.16473858058452606,34897.37969600274,89.82500216637224,10527703040.0,0.0003,129.81909656524658,149.052734375,0,0,exported_float_payload,False
operand_hybrid_plain_h16,Operand hybrid + plain H16,2520,3.0539283752441406,3.620258331298828,0.17519903182983398,27402.749962140497,70.53400846011857,10569646080.0,0.0003,129.81909656524658,149.052734375,0,0,exported_float_payload,False
operand_hybrid_plain_h16,Operand hybrid + plain H16,2530,3.0291013717651367,3.493326425552368,0.15173599123954773,34932.681442545254,89.91586799891557,10611589120.0,0.0003,129.81909656524658,149.052734375,0,0,exported_float_payload,False
operand_hybrid_plain_h16,Operand hybrid + plain H16,2540,3.079119920730591,3.527776002883911,0.13618896901607513,34944.2501053936,89.94564545425655,10653532160.0,0.0003,129.81909656524658,149.052734375,0,0,exported_float_payload,False
operand_hybrid_plain_h16,Operand hybrid + plain H16,2550,3.0774102210998535,3.5659635066986084,0.14542773365974426,34944.89936756477,89.94731663921199,10695475200.0,0.0003,129.81909656524658,149.052734375,0,0,exported_float_payload,False
operand_hybrid_plain_h16,Operand hybrid + plain H16,2560,3.057788610458374,3.6024439334869385,0.1852472722530365,34895.76506833453,89.82084615422868,10737418240.0,0.0003,129.81909656524658,149.052734375,0,0,exported_float_payload,False
operand_hybrid_plain_h16,Operand hybrid + plain H16,2570,3.10988712310791,4.166681289672852,0.35730063915252686,34908.19527833978,89.85284121088843,10779361280.0,0.0003,129.81909656524658,149.052734375,0,0,exported_float_payload,False
operand_hybrid_plain_h16,Operand hybrid + plain H16,2580,3.056212902069092,4.21632194519043,0.11255382746458054,34990.92317023474,90.06578078209455,10821304320.0,0.0003,129.81909656524658,149.052734375,0,0,exported_float_payload,False
operand_hybrid_plain_h16,Operand hybrid + plain H16,2590,3.0233967304229736,3.4915497303009033,0.1364278793334961,34872.158262627745,89.76008281347862,10863247360.0,0.0003,129.81909656524658,149.052734375,0,0,exported_float_payload,False
operand_hybrid_plain_h16,Operand hybrid + plain H16,2600,3.0410351753234863,3.4848532676696777,0.2911885380744934,34870.8428195702,89.75669689520845,10905190400.0,0.0003,129.81909656524658,149.052734375,0,0,exported_float_payload,False
operand_hybrid_plain_h16,Operand hybrid + plain H16,2610,3.0369529724121094,3.483248233795166,0.1582881361246109,34946.89321234922,89.95244874694164,10947133440.0,0.0003,129.81909656524658,149.052734375,0,0,exported_float_payload,False
operand_hybrid_plain_h16,Operand hybrid + plain H16,2620,3.037612199783325,3.7292909622192383,0.1823863983154297,34904.69943052454,89.84384298407849,10989076480.0,0.0003,129.81909656524658,149.052734375,0,0,exported_float_payload,False
operand_hybrid_plain_h16,Operand hybrid + plain H16,2630,3.041802406311035,3.5652894973754883,0.1759030967950821,34903.59997357884,89.8410130087798,11031019520.0,0.0003,129.81909656524658,149.052734375,0,0,exported_float_payload,False
operand_hybrid_plain_h16,Operand hybrid + plain H16,2640,3.029386520385742,3.460909366607666,0.20917949080467224,34869.71192058043,89.75378598885699,11072962560.0,0.0003,129.81909656524658,149.052734375,0,0,exported_float_payload,False
operand_hybrid_plain_h16,Operand hybrid + plain H16,2650,3.0676205158233643,3.499340534210205,0.15626810491085052,34903.325701478,89.84030703909762,11114905600.0,0.0003,129.81909656524658,149.052734375,0,0,exported_float_payload,False
operand_hybrid_plain_h16,Operand hybrid + plain H16,2660,3.0851216316223145,3.750208616256714,0.1645362824201584,34852.924734012704,89.7105761810448,11156848640.0,0.0003,129.81909656524658,149.052734375,0,0,exported_float_payload,False
operand_hybrid_plain_h16,Operand hybrid + plain H16,2670,3.050706386566162,3.7060298919677734,0.18682880699634552,34875.90408616555,89.76972447168703,11198791680.0,0.0003,129.81909656524658,149.052734375,0,0,exported_float_payload,False
operand_hybrid_plain_h16,Operand hybrid + plain H16,2680,3.023139238357544,3.415778875350952,0.18687283992767334,34960.73047230613,89.9880655157774,11240734720.0,0.0003,129.81909656524658,149.052734375,0,0,exported_float_payload,False
operand_hybrid_plain_h16,Operand hybrid + plain H16,2690,3.0026607513427734,3.8721401691436768,0.15263691544532776,34836.81617089803,89.6691131334098,11282677760.0,0.0003,129.81909656524658,149.052734375,0,0,exported_float_payload,False
operand_hybrid_plain_h16,Operand hybrid + plain H16,2700,3.0012199878692627,3.665407419204712,0.20190322399139404,34967.323526451495,90.00503587596057,11324620800.0,0.0003,129.81909656524658,149.052734375,0,0,exported_float_payload,False
operand_hybrid_plain_h16,Operand hybrid + plain H16,2710,3.02664852142334,3.5620086193084717,0.19301193952560425,34883.71363611048,89.7898260623174,11366563840.0,0.0003,129.81909656524658,149.052734375,0,0,exported_float_payload,False
operand_hybrid_plain_h16,Operand hybrid + plain H16,2720,3.0295681953430176,3.6756787300109863,0.12754753232002258,34936.030778409244,89.92448910754491,11408506880.0,0.0003,129.81909656524658,149.052734375,0,0,exported_float_payload,False
operand_hybrid_plain_h16,Operand hybrid + plain H16,2730,3.038388967514038,3.512685537338257,0.16828562319278717,34899.12319961861,89.82948990205432,11450449920.0,0.0003,129.81909656524658,149.052734375,0,0,exported_float_payload,False
operand_hybrid_plain_h16,Operand hybrid + plain H16,2740,3.0045783519744873,3.585759401321411,0.17032529413700104,34941.19815703053,89.93778981378404,11492392960.0,0.0003,129.81909656524658,149.052734375,0,0,exported_float_payload,False
operand_hybrid_plain_h16,Operand hybrid + plain H16,2750,2.9799962043762207,3.540114164352417,0.1326642483472824,34937.338004317935,89.92785387507483,11534336000.0,0.0003,129.81909656524658,149.052734375,0,0,exported_float_payload,False
operand_hybrid_plain_h16,Operand hybrid + plain H16,2760,3.0290942192077637,3.5339231491088867,0.13585029542446136,34925.786618253485,89.89812088975323,11576279040.0,0.0003,129.81909656524658,149.052734375,0,0,exported_float_payload,False
operand_hybrid_plain_h16,Operand hybrid + plain H16,2770,2.9918313026428223,3.458955764770508,0.16655859351158142,34956.140767899524,89.97625172884388,11618222080.0,0.0003,129.81909656524658,149.052734375,0,0,exported_float_payload,False
operand_hybrid_plain_h16,Operand hybrid + plain H16,2780,2.9861018657684326,3.5343079566955566,0.16270218789577484,34931.89139867589,89.91383444531084,11660165120.0,0.0003,129.81909656524658,149.052734375,0,0,exported_float_payload,False
operand_hybrid_plain_h16,Operand hybrid + plain H16,2790,3.0342507362365723,3.4989755153656006,0.3058740496635437,34832.41592052789,89.65778699653437,11702108160.0,0.0003,129.81909656524658,149.052734375,0,0,exported_float_payload,False
operand_hybrid_plain_h16,Operand hybrid + plain H16,2800,3.007021427154541,3.484800100326538,0.227867990732193,34901.21935856329,89.83488536393104,11744051200.0,0.0003,129.81909656524658,149.052734375,0,0,exported_float_payload,False
operand_hybrid_plain_h16,Operand hybrid + plain H16,2810,2.9937326908111572,3.7044689655303955,0.15221773087978363,34897.53898461336,89.82541217136169,11785994240.0,0.0003,129.81909656524658,149.052734375,0,0,exported_float_payload,False
operand_hybrid_plain_h16,Operand hybrid + plain H16,2820,3.005833387374878,3.8539083003997803,0.1667081117630005,34969.79280982252,90.01139175098855,11827937280.0,0.0003,129.81909656524658,149.052734375,0,0,exported_float_payload,False
operand_hybrid_plain_h16,Operand hybrid + plain H16,2830,3.019127607345581,3.5372743606567383,0.19771640002727509,34926.89195218832,89.90096599227829,11869880320.0,0.0003,129.81909656524658,149.052734375,0,0,exported_float_payload,False
operand_hybrid_plain_h16,Operand hybrid + plain H16,2840,2.984269857406616,3.7738864421844482,0.12080259621143341,34884.50494115418,89.79186286215406,11911823360.0,0.0003,129.81909656524658,149.052734375,0,0,exported_float_payload,False
operand_hybrid_plain_h16,Operand hybrid + plain H16,2850,3.014023780822754,3.552483081817627,0.2024080604314804,34902.47513495291,89.83811770165669,11953766400.0,0.0003,129.81909656524658,149.052734375,0,0,exported_float_payload,False
operand_hybrid_plain_h16,Operand hybrid + plain H16,2860,2.9764671325683594,3.488723039627075,0.1672292947769165,34926.82318473337,89.90078898653049,11995709440.0,0.0003,129.81909656524658,149.052734375,0,0,exported_float_payload,False
operand_hybrid_plain_h16,Operand hybrid + plain H16,2870,3.016813278198242,3.4377799034118652,0.20287112891674042,34812.4116128014,89.6062963975117,12037652480.0,0.0003,129.81909656524658,149.052734375,0,0,exported_float_payload,False
operand_hybrid_plain_h16,Operand hybrid + plain H16,2880,2.995070457458496,3.525674819946289,0.1741023063659668,34897.07692735867,89.82422284728449,12079595520.0,0.0003,129.81909656524658,149.052734375,0,0,exported_float_payload,False
operand_hybrid_plain_h16,Operand hybrid + plain H16,2890,2.9689371585845947,3.6039605140686035,0.14618435502052307,34903.89172954923,89.8417639815147,12121538560.0,0.0003,129.81909656524658,149.052734375,0,0,exported_float_payload,False
operand_hybrid_plain_h16,Operand hybrid + plain H16,2900,2.996307134628296,3.723383665084839,0.21151138842105865,34898.891105903174,89.82889249850501,12163481600.0,0.0003,129.81909656524658,149.052734375,0,0,exported_float_payload,False
operand_hybrid_plain_h16,Operand hybrid + plain H16,2910,2.9689042568206787,3.3381032943725586,0.14467927813529968,34956.623834341786,89.97749513005625,12205424640.0,0.0003,129.81909656524658,149.052734375,0,0,exported_float_payload,False
operand_hybrid_plain_h16,Operand hybrid + plain H16,2920,2.998356342315674,3.675833225250244,0.13255536556243896,34916.87598308054,89.8751851326653,12247367680.0,0.0003,129.81909656524658,149.052734375,0,0,exported_float_payload,False
operand_hybrid_plain_h16,Operand hybrid + plain H16,2930,2.999138355255127,3.541531562805176,0.1556040346622467,34909.68721443753,89.85668141792918,12289310720.0,0.0003,129.81909656524658,149.052734375,0,0,exported_float_payload,False
operand_hybrid_plain_h16,Operand hybrid + plain H16,2940,2.990096092224121,3.640639543533325,0.14297111332416534,34919.62332594021,89.88225672601901,12331253760.0,0.0003,129.81909656524658,149.052734375,0,0,exported_float_payload,False
operand_hybrid_plain_h16,Operand hybrid + plain H16,2950,2.985774517059326,3.5658154487609863,0.1796918660402298,34919.22825057737,89.88123981169389,12373196800.0,0.0003,129.81909656524658,149.052734375,0,0,exported_float_payload,False
operand_hybrid_plain_h16,Operand hybrid + plain H16,2960,2.9788923263549805,3.55595326423645,0.1639270931482315,34876.82827983867,89.77210332360696,12415139840.0,0.0003,129.81909656524658,149.052734375,0,0,exported_float_payload,False
operand_hybrid_plain_h16,Operand hybrid + plain H16,2970,3.0015628337860107,3.8630788326263428,0.20806288719177246,34948.240809565046,89.95591742922912,12457082880.0,0.0003,129.81909656524658,149.052734375,0,0,exported_float_payload,False
operand_hybrid_plain_h16,Operand hybrid + plain H16,2980,2.9593923091888428,3.5646629333496094,0.14027580618858337,34929.15759725858,89.90679770729865,12499025920.0,0.0003,129.81909656524658,149.052734375,0,0,exported_float_payload,False
operand_hybrid_plain_h16,Operand hybrid + plain H16,2990,2.9496726989746094,3.8157784938812256,0.17305758595466614,34896.30141466104,89.82222669656052,12540968960.0,0.0003,129.81909656524658,149.052734375,0,0,exported_float_payload,False
operand_hybrid_plain_h16,Operand hybrid + plain H16,3000,2.9882116317749023,3.449939489364624,0.3001871109008789,34859.18708614827,89.72669532233975,12582912000.0,0.0003,129.81909656524658,149.052734375,0,0,exported_float_payload,False
operand_hybrid_plain_h16,Operand hybrid + plain H16,3010,2.9544150829315186,3.5379714965820312,0.1370876431465149,26794.193340965132,68.96759859520544,12624855040.0,0.0003,129.81909656524658,149.052734375,0,0,exported_float_payload,False
operand_hybrid_plain_h16,Operand hybrid + plain H16,3020,2.909925937652588,3.5865283012390137,0.11490754783153534,34951.67777962296,89.96476410613114,12666798080.0,0.0003,129.81909656524658,149.052734375,0,0,exported_float_payload,False
operand_hybrid_plain_h16,Operand hybrid + plain H16,3030,2.944833755493164,3.6541824340820312,0.18280072510242462,34900.111792576594,89.83203451615904,12708741120.0,0.0003,129.81909656524658,149.052734375,0,0,exported_float_payload,False
operand_hybrid_plain_h16,Operand hybrid + plain H16,3040,2.919931411743164,3.47265625,0.13638703525066376,34980.896753005705,90.03997302927287,12750684160.0,0.0003,129.81909656524658,149.052734375,0,0,exported_float_payload,False
operand_hybrid_plain_h16,Operand hybrid + plain H16,3050,2.9480597972869873,3.4881539344787598,0.23225325345993042,34929.560388670165,89.90783448254463,12792627200.0,0.0003,129.81909656524658,149.052734375,0,0,exported_float_payload,False
operand_hybrid_plain_h16,Operand hybrid + plain H16,3060,2.9554390907287598,3.432318687438965,0.11508110910654068,34908.95204435594,89.8547891081126,12834570240.0,0.0003,129.81909656524658,149.052734375,0,0,exported_float_payload,False
operand_hybrid_plain_h16,Operand hybrid + plain H16,3070,2.93503475189209,3.56730318069458,0.151500403881073,34939.735714924376,89.93402552355658,12876513280.0,0.0003,129.81909656524658,149.052734375,0,0,exported_float_payload,False
operand_hybrid_plain_h16,Operand hybrid + plain H16,3080,2.949756145477295,3.360560178756714,0.17266927659511566,34919.70918658911,89.88247772923017,12918456320.0,0.0003,129.81909656524658,149.052734375,0,0,exported_float_payload,False
operand_hybrid_plain_h16,Operand hybrid + plain H16,3090,3.0368220806121826,5.854951858520508,0.20186969637870789,34919.51862699342,89.88198723348967,12960399360.0,0.0003,129.81909656524658,149.052734375,0,0,exported_float_payload,False
operand_hybrid_plain_h16,Operand hybrid + plain H16,3100,2.9299845695495605,3.6994309425354004,0.13349856436252594,34866.0040913062,89.74424212695412,13002342400.0,0.0003,129.81909656524658,149.052734375,0,0,exported_float_payload,False
operand_hybrid_plain_h16,Operand hybrid + plain H16,3110,2.9383444786071777,3.518825054168701,0.1588459312915802,34899.42420304905,89.83026467752534,13044285440.0,0.0003,129.81909656524658,149.052734375,0,0,exported_float_payload,False
operand_hybrid_plain_h16,Operand hybrid + plain H16,3120,2.943208694458008,4.358062744140625,0.138319194316864,34938.47485690955,89.9307801058519,13086228480.0,0.0003,129.81909656524658,149.052734375,0,0,exported_float_payload,False
operand_hybrid_plain_h16,Operand hybrid + plain H16,3130,3.0081639289855957,4.5090436935424805,0.18613944947719574,34909.364424434134,89.85585056435201,13128171520.0,0.0003,129.81909656524658,149.052734375,0,0,exported_float_payload,False
operand_hybrid_plain_h16,Operand hybrid + plain H16,3140,2.939718246459961,3.395472526550293,0.16481266915798187,34902.533447481146,89.83826779667874,13170114560.0,0.0003,129.81909656524658,149.052734375,0,0,exported_float_payload,False
operand_hybrid_plain_h16,Operand hybrid + plain H16,3150,2.9265432357788086,3.5561938285827637,0.1696043163537979,34905.58386730579,89.84611950273072,13212057600.0,0.0003,129.81909656524658,149.052734375,0,0,exported_float_payload,False
operand_hybrid_plain_h16,Operand hybrid + plain H16,3160,2.9393107891082764,3.533092498779297,0.13246971368789673,34919.354895408746,89.88156579239363,13254000640.0,0.0003,129.81909656524658,149.052734375,0,0,exported_float_payload,False
operand_hybrid_plain_h16,Operand hybrid + plain H16,3170,2.92822265625,3.4995598793029785,0.11385001987218857,34861.73758521451,89.73326024458167,13295943680.0,0.0003,129.81909656524658,149.091796875,0,0,exported_float_payload,False
operand_hybrid_plain_h16,Operand hybrid + plain H16,3180,2.901975154876709,3.5013771057128906,0.16526253521442413,34843.87386851471,89.68727947452852,13337886720.0,0.0003,129.81909656524658,149.091796875,0,0,exported_float_payload,False
operand_hybrid_plain_h16,Operand hybrid + plain H16,3190,2.952277183532715,3.7542355060577393,0.2510221600532532,34944.2489762632,89.94564254790251,13379829760.0,0.0003,129.81909656524658,149.091796875,0,0,exported_float_payload,False
operand_hybrid_plain_h16,Operand hybrid + plain H16,3200,2.924193859100342,3.453115463256836,0.12521201372146606,34934.1415474198,89.919626273166,13421772800.0,0.0003,129.81909656524658,149.091796875,0,0,exported_float_payload,False
operand_hybrid_plain_h16,Operand hybrid + plain H16,3210,2.96052885055542,3.9484705924987793,0.11781376600265503,34896.96600471148,89.82393733510247,13463715840.0,0.0003,129.81909656524658,149.091796875,0,0,exported_float_payload,False
operand_hybrid_plain_h16,Operand hybrid + plain H16,3220,2.9598708152770996,3.8780579566955566,0.21888533234596252,34934.001169899406,89.91926494486047,13505658880.0,0.0003,129.81909656524658,149.091796875,0,0,exported_float_payload,False
operand_hybrid_plain_h16,Operand hybrid + plain H16,3230,2.9351820945739746,3.3880743980407715,0.1842668205499649,34870.60654494873,89.75608873010921,13547601920.0,0.0003,129.81909656524658,149.091796875,0,0,exported_float_payload,False
operand_hybrid_plain_h16,Operand hybrid + plain H16,3240,2.9160451889038086,3.409738063812256,0.15917502343654633,34945.331767742304,89.94842962669763,13589544960.0,0.0003,129.81909656524658,149.091796875,0,0,exported_float_payload,False
operand_hybrid_plain_h16,Operand hybrid + plain H16,3250,2.9335415363311768,3.4893486499786377,0.21296539902687073,34957.59300207122,89.97998974409761,13631488000.0,0.0003,129.81909656524658,149.091796875,0,0,exported_float_payload,False
operand_hybrid_plain_h16,Operand hybrid + plain H16,3260,2.9173903465270996,3.3904335498809814,0.13398008048534393,34963.42431687368,89.99499940583515,13673431040.0,0.0003,129.81909656524658,149.091796875,0,0,exported_float_payload,False
operand_hybrid_plain_h16,Operand hybrid + plain H16,3270,2.894141912460327,3.5243682861328125,0.11028244346380234,34924.83618549734,89.89567449907508,13715374080.0,0.0003,129.81909656524658,149.091796875,0,0,exported_float_payload,False
operand_hybrid_plain_h16,Operand hybrid + plain H16,3280,2.946384906768799,3.8980181217193604,0.24134980142116547,34910.83097720852,89.859625435339,13757317120.0,0.0003,129.81909656524658,149.091796875,0,0,exported_float_payload,False
operand_hybrid_plain_h16,Operand hybrid + plain H16,3290,2.9041125774383545,3.555055618286133,0.1844412088394165,34853.5121298078,89.71208812346073,13799260160.0,0.0003,129.81909656524658,149.091796875,0,0,exported_float_payload,False
operand_hybrid_plain_h16,Operand hybrid + plain H16,3300,2.9688515663146973,4.041863918304443,0.1894209384918213,34925.47702072021,89.89732399327161,13841203200.0,0.0003,129.81909656524658,149.091796875,0,0,exported_float_payload,False
operand_hybrid_plain_h16,Operand hybrid + plain H16,3310,2.9099161624908447,3.8271284103393555,0.21499061584472656,34926.117715862936,89.89897312690529,13883146240.0,0.0003,129.81909656524658,149.091796875,0,0,exported_float_payload,False
operand_hybrid_plain_h16,Operand hybrid + plain H16,3320,2.9201316833496094,3.5370774269104004,0.14375825226306915,34931.15433041357,89.91193724962346,13925089280.0,0.0003,129.81909656524658,149.091796875,0,0,exported_float_payload,False
operand_hybrid_plain_h16,Operand hybrid + plain H16,3330,2.942031145095825,3.3960299491882324,0.5069028735160828,34987.03490500595,90.05577248245596,13967032320.0,0.0003,129.81909656524658,149.091796875,0,0,exported_float_payload,False
operand_hybrid_plain_h16,Operand hybrid + plain H16,3340,2.8998963832855225,3.8050708770751953,0.1552286297082901,34938.49543161507,89.93083306464088,14008975360.0,0.0003,129.81909656524658,149.091796875,0,0,exported_float_payload,False
operand_hybrid_plain_h16,Operand hybrid + plain H16,3350,2.898529052734375,3.3307955265045166,0.13311530649662018,34937.80649633127,89.92905976206347,14050918400.0,0.0003,129.81909656524658,149.091796875,0,0,exported_float_payload,False
operand_hybrid_plain_h16,Operand hybrid + plain H16,3360,2.919898748397827,3.4041097164154053,0.16651999950408936,34906.40475959111,89.84823245940396,14092861440.0,0.0003,129.81909656524658,149.091796875,0,0,exported_float_payload,False
operand_hybrid_plain_h16,Operand hybrid + plain H16,3370,2.9678804874420166,3.663928985595703,0.1678801029920578,34902.75482339062,89.83883761285753,14134804480.0,0.0003,129.81909656524658,149.091796875,0,0,exported_float_payload,False
operand_hybrid_plain_h16,Operand hybrid + plain H16,3380,2.929133176803589,3.6166415214538574,0.16380302608013153,34882.26696917253,89.78610237698723,14176747520.0,0.0003,129.81909656524658,149.091796875,0,0,exported_float_payload,False
operand_hybrid_plain_h16,Operand hybrid + plain H16,3390,2.902343273162842,3.4389760494232178,0.2547277808189392,34905.8377983417,89.84677311500904,14218690560.0,0.0003,129.81909656524658,149.091796875,0,0,exported_float_payload,False
operand_hybrid_plain_h16,Operand hybrid + plain H16,3400,2.9116663932800293,3.3369431495666504,0.14843785762786865,34959.340692514335,89.98448825657066,14260633600.0,0.0003,129.81909656524658,149.091796875,0,0,exported_float_payload,False
operand_hybrid_plain_h16,Operand hybrid + plain H16,3410,2.909965991973877,3.395655393600464,0.2388436645269394,34945.88496535636,89.94985354383164,14302576640.0,0.0003,129.81909656524658,149.091796875,0,0,exported_float_payload,False
operand_hybrid_plain_h16,Operand hybrid + plain H16,3420,2.9059128761291504,3.398909568786621,0.16321329772472382,34856.21083627928,89.71903452794034,14344519680.0,0.0003,129.81909656524658,149.091796875,0,0,exported_float_payload,False
operand_hybrid_plain_h16,Operand hybrid + plain H16,3430,2.9089910984039307,3.672011613845825,0.14736182987689972,34926.65330164525,89.90035171161496,14386462720.0,0.0003,129.81909656524658,149.091796875,0,0,exported_float_payload,False
operand_hybrid_plain_h16,Operand hybrid + plain H16,3440,2.9182827472686768,3.4363174438476562,0.19624175131320953,34879.650458313496,89.77936754200454,14428405760.0,0.0003,129.81909656524658,149.091796875,0,0,exported_float_payload,False
operand_hybrid_plain_h16,Operand hybrid + plain H16,3450,2.913487672805786,4.014826774597168,0.19922615587711334,34887.52120044586,89.79962663982933,14470348800.0,0.0003,129.81909656524658,149.091796875,0,0,exported_float_payload,False
operand_hybrid_plain_h16,Operand hybrid + plain H16,3460,2.888209104537964,3.430440902709961,0.1994040161371231,34945.2469381151,89.94821127731113,14512291840.0,0.0003,129.81909656524658,149.091796875,0,0,exported_float_payload,False
operand_hybrid_plain_h16,Operand hybrid + plain H16,3470,2.898773193359375,3.313478946685791,0.17860952019691467,34927.08639520816,89.90146648385762,14554234880.0,0.0003,129.81909656524658,149.091796875,0,0,exported_float_payload,False
operand_hybrid_plain_h16,Operand hybrid + plain H16,3480,2.8918864727020264,3.3098607063293457,0.15586891770362854,34903.53593950142,89.84084818663,14596177920.0,0.0003,129.81909656524658,149.091796875,0,0,exported_float_payload,False
operand_hybrid_plain_h16,Operand hybrid + plain H16,3490,2.947218894958496,3.5358974933624268,0.12997804582118988,28724.091908028226,73.93511032466569,14638120960.0,0.0003,129.81909656524658,149.091796875,0,0,exported_float_payload,False
operand_hybrid_plain_h16,Operand hybrid + plain H16,3500,2.908452272415161,3.478492259979248,0.18172655999660492,34995.24505982019,90.07690522022595,14680064000.0,0.0003,129.81909656524658,149.091796875,0,0,exported_float_payload,False
operand_hybrid_plain_h16,Operand hybrid + plain H16,3510,2.897984743118286,3.273054599761963,0.16911044716835022,34940.62171194581,89.9363060582289,14722007040.0,0.0003,129.81909656524658,149.091796875,0,0,exported_float_payload,False
operand_hybrid_plain_h16,Operand hybrid + plain H16,3520,2.8709263801574707,3.343116521835327,0.1378180980682373,34904.14056117941,89.84240446804736,14763950080.0,0.0003,129.81909656524658,149.091796875,0,0,exported_float_payload,False
operand_hybrid_plain_h16,Operand hybrid + plain H16,3530,2.904144525527954,3.5008625984191895,0.27437928318977356,34932.263534325204,89.91479231337419,14805893120.0,0.0003,129.81909656524658,149.091796875,0,0,exported_float_payload,False
operand_hybrid_plain_h16,Operand hybrid + plain H16,3540,2.872051239013672,3.399587869644165,0.13415750861167908,34907.03154115696,89.8498457798309,14847836160.0,0.0003,129.81909656524658,149.091796875,0,0,exported_float_payload,False
operand_hybrid_plain_h16,Operand hybrid + plain H16,3550,2.8811302185058594,3.358583450317383,0.131872296333313,34928.230723134744,89.90441195596412,14889779200.0,0.0003,129.81909656524658,149.091796875,0,0,exported_float_payload,False
operand_hybrid_plain_h16,Operand hybrid + plain H16,3560,2.8876969814300537,3.315582275390625,0.12150945514440536,34899.49302978927,89.83044183587198,14931722240.0,0.0003,129.81909656524658,149.091796875,0,0,exported_float_payload,False
operand_hybrid_plain_h16,Operand hybrid + plain H16,3570,2.877851963043213,3.358397960662842,0.2258351892232895,34960.28833265114,89.98692745911487,14973665280.0,0.0003,129.81909656524658,149.091796875,0,0,exported_float_payload,False
operand_hybrid_plain_h16,Operand hybrid + plain H16,3580,2.8697171211242676,3.365013599395752,0.1806236058473587,34925.53885164282,89.89748314455478,15015608320.0,0.0003,129.81909656524658,149.091796875,0,0,exported_float_payload,False
operand_hybrid_plain_h16,Operand hybrid + plain H16,3590,2.9233529567718506,3.968064069747925,0.3432430624961853,34887.217571982226,89.79884510758704,15057551360.0,0.0003,129.81909656524658,149.091796875,0,0,exported_float_payload,False
operand_hybrid_plain_h16,Operand hybrid + plain H16,3600,2.910299062728882,3.5669960975646973,0.3160923719406128,34952.29838308976,89.96636152428216,15099494400.0,0.0003,129.81909656524658,149.091796875,0,0,exported_float_payload,False
operand_hybrid_plain_h16,Operand hybrid + plain H16,3610,2.8522424697875977,3.305561065673828,0.1177717074751854,34977.93174791723,90.03234117866359,15141437440.0,0.0003,129.81909656524658,149.091796875,0,0,exported_float_payload,False
operand_hybrid_plain_h16,Operand hybrid + plain H16,3620,2.8500113487243652,3.553614377975464,0.1980402022600174,34901.38524901148,89.83531236188898,15183380480.0,0.0003,129.81909656524658,149.091796875,0,0,exported_float_payload,False
operand_hybrid_plain_h16,Operand hybrid + plain H16,3630,2.8572609424591064,3.2999706268310547,0.13837213814258575,34944.69261093467,89.94678445270088,15225323520.0,0.0003,129.81909656524658,149.091796875,0,0,exported_float_payload,False
operand_hybrid_plain_h16,Operand hybrid + plain H16,3640,2.87741756439209,3.410358428955078,0.1337798833847046,34890.07712354975,89.80620552341153,15267266560.0,0.0003,129.81909656524658,149.091796875,0,0,exported_float_payload,False
operand_hybrid_plain_h16,Operand hybrid + plain H16,3650,2.90635085105896,3.3443427085876465,0.2955198585987091,34885.031760596874,89.79321888251987,15309209600.0,0.0003,129.81909656524658,149.091796875,0,0,exported_float_payload,False
operand_hybrid_plain_h16,Operand hybrid + plain H16,3660,2.8660318851470947,3.461623430252075,0.32419902086257935,34925.9415670735,89.89851972422777,15351152640.0,0.0003,129.81909656524658,149.091796875,0,0,exported_float_payload,False
operand_hybrid_plain_h16,Operand hybrid + plain H16,3670,2.9091362953186035,3.3872339725494385,0.14537976682186127,34895.748451552216,89.82080338303726,15393095680.0,0.0003,129.81909656524658,149.091796875,0,0,exported_float_payload,False
operand_hybrid_plain_h16,Operand hybrid + plain H16,3680,2.892035961151123,3.347399950027466,0.16004353761672974,34906.03817957179,89.84728889139637,15435038720.0,0.0003,129.81909656524658,149.091796875,0,0,exported_float_payload,False
operand_hybrid_plain_h16,Operand hybrid + plain H16,3690,2.885906457901001,4.362146377563477,0.15696674585342407,34939.0398389146,89.9322343557202,15476981760.0,0.0003,129.81909656524658,149.091796875,0,0,exported_float_payload,False
operand_hybrid_plain_h16,Operand hybrid + plain H16,3700,2.8481311798095703,3.231093168258667,0.18171857297420502,34986.820807727774,90.05522140129618,15518924800.0,0.0003,129.81909656524658,149.091796875,0,0,exported_float_payload,False
operand_hybrid_plain_h16,Operand hybrid + plain H16,3710,2.891998052597046,3.355879306793213,0.14551730453968048,34934.29055734881,89.92000982108028,15560867840.0,0.0003,129.81909656524658,149.091796875,0,0,exported_float_payload,False
operand_hybrid_plain_h16,Operand hybrid + plain H16,3720,2.8479859828948975,3.368889570236206,0.19015084207057953,34979.7328160699,90.03697708405605,15602810880.0,0.0003,129.81909656524658,149.091796875,0,0,exported_float_payload,False
operand_hybrid_plain_h16,Operand hybrid + plain H16,3730,2.8645434379577637,3.3220019340515137,0.20795738697052002,34887.32561356955,89.79912320399141,15644753920.0,0.0003,129.81909656524658,149.091796875,0,0,exported_float_payload,False
operand_hybrid_plain_h16,Operand hybrid + plain H16,3740,2.867048740386963,3.37526798248291,0.20280300080776215,34935.436627528965,89.92295977770489,15686696960.0,0.0003,129.81909656524658,149.091796875,0,0,exported_float_payload,False
operand_hybrid_plain_h16,Operand hybrid + plain H16,3750,2.8754427433013916,3.406832456588745,0.13837477564811707,34913.61719662655,89.86679709600351,15728640000.0,0.0003,129.81909656524658,149.091796875,0,0,exported_float_payload,False
operand_hybrid_plain_h16,Operand hybrid + plain H16,3760,2.864182949066162,3.363156795501709,0.14401304721832275,34909.31510222713,89.855723610197,15770583040.0,0.0003,129.81909656524658,149.091796875,0,0,exported_float_payload,False
operand_hybrid_plain_h16,Operand hybrid + plain H16,3770,2.872504711151123,3.401393413543701,0.1844681203365326,34962.59316959599,89.99286005306226,15812526080.0,0.0003,129.81909656524658,149.091796875,0,0,exported_float_payload,False
operand_hybrid_plain_h16,Operand hybrid + plain H16,3780,2.849834680557251,3.2597336769104004,0.13273294270038605,34925.57080204609,89.89756538411166,15854469120.0,0.0003,129.81909656524658,149.091796875,0,0,exported_float_payload,False
operand_hybrid_plain_h16,Operand hybrid + plain H16,3790,2.8689215183258057,3.675628185272217,0.22799170017242432,34878.57753793144,89.77660587117187,15896412160.0,0.0003,129.81909656524658,149.091796875,0,0,exported_float_payload,False
operand_hybrid_plain_h16,Operand hybrid + plain H16,3800,2.8470370769500732,3.5957260131835938,0.16038736701011658,34905.23111201786,89.84521151924373,15938355200.0,0.0003,129.81909656524658,149.091796875,0,0,exported_float_payload,False
operand_hybrid_plain_h16,Operand hybrid + plain H16,3810,2.8483617305755615,3.3014979362487793,0.12949863076210022,34937.01781860189,89.92702972486963,15980298240.0,0.0003,129.81909656524658,149.091796875,0,0,exported_float_payload,False
operand_hybrid_plain_h16,Operand hybrid + plain H16,3820,2.888671875,4.111239433288574,0.27838465571403503,34942.09426432355,89.94009637204825,16022241280.0,0.0003,129.81909656524658,149.091796875,0,0,exported_float_payload,False
operand_hybrid_plain_h16,Operand hybrid + plain H16,3830,2.8582847118377686,3.208981990814209,0.2057766169309616,34932.698368297504,89.91591156538807,16064184320.0,0.0003,129.81909656524658,149.091796875,0,0,exported_float_payload,False
operand_hybrid_plain_h16,Operand hybrid + plain H16,3840,2.848414659500122,3.2772459983825684,0.1646527349948883,34959.948937017296,89.98605386305091,16106127360.0,0.0003,129.81909656524658,149.091796875,0,0,exported_float_payload,False
operand_hybrid_plain_h16,Operand hybrid + plain H16,3850,2.8437509536743164,3.410862922668457,0.1742362082004547,34919.886539570485,89.88293423146831,16148070400.0,0.0003,129.81909656524658,149.091796875,0,0,exported_float_payload,False
operand_hybrid_plain_h16,Operand hybrid + plain H16,3860,2.8616719245910645,4.049808502197266,0.22164852917194366,34949.810778490515,89.95995849086067,16190013440.0,0.0003,129.81909656524658,149.091796875,0,0,exported_float_payload,False
operand_hybrid_plain_h16,Operand hybrid + plain H16,3870,2.864596366882324,3.3179054260253906,0.17382444441318512,34903.57611995269,89.84095161012924,16231956480.0,0.0003,129.81909656524658,149.091796875,0,0,exported_float_payload,False
operand_hybrid_plain_h16,Operand hybrid + plain H16,3880,2.865225315093994,3.2531075477600098,0.19815769791603088,34938.49633681203,89.93083539459573,16273899520.0,0.0003,129.81909656524658,149.091796875,0,0,exported_float_payload,False
operand_hybrid_plain_h16,Operand hybrid + plain H16,3890,2.83644962310791,3.510122299194336,0.18099327385425568,34950.08663710236,89.96066854418336,16315842560.0,0.0003,129.81909656524658,149.091796875,0,0,exported_float_payload,False
operand_hybrid_plain_h16,Operand hybrid + plain H16,3900,2.8595058917999268,3.493471145629883,2.9764742851257324,34928.90303067079,89.9061424591253,16357785600.0,0.0003,129.81909656524658,149.091796875,0,0,exported_float_payload,False
operand_hybrid_plain_h16,Operand hybrid + plain H16,3910,2.8464834690093994,3.3050239086151123,0.2762119770050049,34981.5296164766,90.0416020043747,16399728640.0,0.0003,129.81909656524658,149.091796875,0,0,exported_float_payload,False
operand_hybrid_plain_h16,Operand hybrid + plain H16,3920,2.888801336288452,3.3385393619537354,0.1559997946023941,34970.35608819885,90.0128416157582,16441671680.0,0.0003,129.81909656524658,149.091796875,0,0,exported_float_payload,False
operand_hybrid_plain_h16,Operand hybrid + plain H16,3930,2.8268589973449707,3.2562763690948486,0.2531047761440277,34972.79351084623,90.01911548206245,16483614720.0,0.0003,129.81909656524658,149.091796875,0,0,exported_float_payload,False
operand_hybrid_plain_h16,Operand hybrid + plain H16,3940,2.8589470386505127,3.4059345722198486,0.137466698884964,34945.69507955314,89.94936478241647,16525557760.0,0.0003,129.81909656524658,149.091796875,0,0,exported_float_payload,False
operand_hybrid_plain_h16,Operand hybrid + plain H16,3950,2.8210010528564453,3.441035270690918,0.520427405834198,34968.214123096484,90.00732824995147,16567500800.0,0.0003,129.81909656524658,149.091796875,0,0,exported_float_payload,False
operand_hybrid_plain_h16,Operand hybrid + plain H16,3960,2.8242738246917725,3.3648102283477783,0.25117865204811096,34938.72411107648,89.9314216799838,16609443840.0,0.0003,129.81909656524658,149.091796875,0,0,exported_float_payload,False
operand_hybrid_plain_h16,Operand hybrid + plain H16,3970,2.807208299636841,3.260159492492676,0.14146041870117188,34943.50330216433,89.94372320100226,16651386880.0,0.0003,129.81909656524658,149.091796875,0,0,exported_float_payload,False
operand_hybrid_plain_h16,Operand hybrid + plain H16,3980,2.8662238121032715,3.307807683944702,0.275842547416687,34902.778296659366,89.83889803247742,16693329920.0,0.0003,129.81909656524658,149.091796875,0,0,exported_float_payload,False
operand_hybrid_plain_h16,Operand hybrid + plain H16,3990,2.907255172729492,3.7574853897094727,1.167850375175476,34869.60311796325,89.75350593358037,16735272960.0,0.0003,129.81909656524658,149.091796875,0,0,exported_float_payload,False
operand_hybrid_plain_h16,Operand hybrid + plain H16,4000,2.8874223232269287,3.432114601135254,0.3227710425853729,34945.25551136455,89.94823334464562,16777216000.0,0.0003,129.81909656524658,149.091796875,0,0,exported_float_payload,False
operand_hybrid_plain_h16,Operand hybrid + plain H16,4010,2.8233869075775146,3.258261203765869,0.18819689750671387,28159.40241761082,72.48161338185996,16819159040.0,0.0003,129.81909656524658,149.091796875,0,0,exported_float_payload,False
operand_hybrid_plain_h16,Operand hybrid + plain H16,4020,2.8503499031066895,3.5624923706054688,0.8582037687301636,34887.14696987331,89.79866337948478,16861102080.0,0.0003,129.81909656524658,149.091796875,0,0,exported_float_payload,False
operand_hybrid_plain_h16,Operand hybrid + plain H16,4030,2.8541460037231445,4.266683578491211,0.12409771233797073,34919.93781741914,89.8830662193971,16903045120.0,0.0003,129.81909656524658,149.091796875,0,0,exported_float_payload,False
operand_hybrid_plain_h16,Operand hybrid + plain H16,4040,2.8241233825683594,3.2444183826446533,0.15653164684772491,34952.38953835199,89.96659615569858,16944988160.0,0.0003,129.81909656524658,149.091796875,0,0,exported_float_payload,False
operand_hybrid_plain_h16,Operand hybrid + plain H16,4050,2.8401942253112793,3.3173978328704834,0.12417665123939514,34977.44225867118,90.03108124531127,16986931200.0,0.0003,129.81909656524658,149.091796875,0,0,exported_float_payload,False
operand_hybrid_plain_h16,Operand hybrid + plain H16,4060,2.8298304080963135,3.4011807441711426,0.33905482292175293,34916.52602626099,89.87428435236748,17028874240.0,0.0003,129.81909656524658,149.091796875,0,0,exported_float_payload,False
operand_hybrid_plain_h16,Operand hybrid + plain H16,4070,2.82771635055542,3.654481887817383,0.1803264319896698,34913.50595682354,89.86651076747015,17070817280.0,0.0003,129.81909656524658,149.091796875,0,0,exported_float_payload,False
operand_hybrid_plain_h16,Operand hybrid + plain H16,4080,2.858527660369873,3.4620859622955322,0.12763001024723053,34924.115342229365,89.8938190661265,17112760320.0,0.0003,129.81909656524658,149.091796875,0,0,exported_float_payload,False
operand_hybrid_plain_h16,Operand hybrid + plain H16,4090,2.8288230895996094,3.238065719604492,0.19633209705352783,34895.51601239644,89.82020509033296,17154703360.0,0.0003,129.81909656524658,149.091796875,0,0,exported_float_payload,False
operand_hybrid_plain_h16,Operand hybrid + plain H16,4100,2.8394267559051514,3.2120561599731445,0.1371619552373886,34995.08643267922,90.07649691784322,17196646400.0,0.0003,129.81909656524658,149.091796875,0,0,exported_float_payload,False
operand_hybrid_plain_h16,Operand hybrid + plain H16,4110,2.8343048095703125,3.2968273162841797,0.3351738452911377,34923.45633915872,89.89212280833397,17238589440.0,0.0003,129.81909656524658,149.091796875,0,0,exported_float_payload,False
operand_hybrid_plain_h16,Operand hybrid + plain H16,4120,2.8266894817352295,3.440180778503418,0.14212091267108917,34942.849784468155,89.9420410624295,17280532480.0,0.0003,129.81909656524658,149.091796875,0,0,exported_float_payload,False
operand_hybrid_plain_h16,Operand hybrid + plain H16,4130,2.8249387741088867,3.6573545932769775,0.4779316186904907,34901.01371513997,89.83435604278698,17322475520.0,0.0003,129.81909656524658,149.091796875,0,0,exported_float_payload,False
operand_hybrid_plain_h16,Operand hybrid + plain H16,4140,2.8279311656951904,3.1440558433532715,0.23279058933258057,34972.40177589634,90.01810716587856,17364418560.0,0.0003,129.81909656524658,149.091796875,0,0,exported_float_payload,False
operand_hybrid_plain_h16,Operand hybrid + plain H16,4150,2.812211036682129,3.2677252292633057,0.18160396814346313,34973.93374347987,90.02205041298502,17406361600.0,0.0003,129.81909656524658,149.091796875,0,0,exported_float_payload,False
operand_hybrid_plain_h16,Operand hybrid + plain H16,4160,2.8295648097991943,3.306104898452759,0.2327045500278473,34841.54894810495,89.68129518623346,17448304640.0,0.0003,129.81909656524658,149.091796875,0,0,exported_float_payload,False
operand_hybrid_plain_h16,Operand hybrid + plain H16,4170,2.8313519954681396,3.5786850452423096,0.1583426594734192,34900.08691220676,89.83197047469537,17490247680.0,0.0003,129.81909656524658,149.091796875,0,0,exported_float_payload,False
operand_hybrid_plain_h16,Operand hybrid + plain H16,4180,2.8075220584869385,3.282996654510498,0.2381489872932434,34933.528923453065,89.91804939405306,17532190720.0,0.0003,129.81909656524658,149.091796875,0,0,exported_float_payload,False
operand_hybrid_plain_h16,Operand hybrid + plain H16,4190,2.83148193359375,3.269848585128784,0.1333761364221573,34979.23970303366,90.03570782315639,17574133760.0,0.0003,129.81909656524658,149.091796875,0,0,exported_float_payload,False
operand_hybrid_plain_h16,Operand hybrid + plain H16,4200,2.8286759853363037,3.629711627960205,0.15539497137069702,34910.95990061347,89.85995728103141,17616076800.0,0.0003,129.81909656524658,149.091796875,0,0,exported_float_payload,False
operand_hybrid_plain_h16,Operand hybrid + plain H16,4210,2.840944290161133,3.359177589416504,0.17873705923557281,34960.29849102315,89.98695360651608,17658019840.0,0.0003,129.81909656524658,149.091796875,0,0,exported_float_payload,False
operand_hybrid_plain_h16,Operand hybrid + plain H16,4220,2.8513286113739014,3.8696656227111816,0.1394881010055542,34883.398766240425,89.78901559496981,17699962880.0,0.0003,129.81909656524658,149.091796875,0,0,exported_float_payload,False
operand_hybrid_plain_h16,Operand hybrid + plain H16,4230,2.8640711307525635,4.448719501495361,0.11336497962474823,34947.139170599236,89.953081837464,17741905920.0,0.0003,129.81909656524658,149.091796875,0,0,exported_float_payload,False
operand_hybrid_plain_h16,Operand hybrid + plain H16,4240,2.8075101375579834,3.3304026126861572,0.16216567158699036,34982.88785825946,90.0450980855175,17783848960.0,0.0003,129.81909656524658,149.091796875,0,0,exported_float_payload,False
operand_hybrid_plain_h16,Operand hybrid + plain H16,4250,2.8149003982543945,3.3984365463256836,0.155472993850708,35026.3738406221,90.15702994097364,17825792000.0,0.0003,129.81909656524658,149.091796875,0,0,exported_float_payload,False
operand_hybrid_plain_h16,Operand hybrid + plain H16,4260,2.834625720977783,3.838695526123047,0.15463732182979584,34929.60166058448,89.90794071544305,17867735040.0,0.0003,129.81909656524658,149.091796875,0,0,exported_float_payload,False
operand_hybrid_plain_h16,Operand hybrid + plain H16,4270,2.7820842266082764,3.3900370597839355,0.14067165553569794,34987.529995597266,90.05704683353402,17909678080.0,0.0003,129.81909656524658,149.091796875,0,0,exported_float_payload,False
operand_hybrid_plain_h16,Operand hybrid + plain H16,4280,2.831413984298706,3.2440922260284424,0.14781126379966736,34958.94912829665,89.98348037984728,17951621120.0,0.0003,129.81909656524658,149.091796875,0,0,exported_float_payload,False
operand_hybrid_plain_h16,Operand hybrid + plain H16,4290,2.8589425086975098,4.052245140075684,0.14194634556770325,34930.51364987419,89.91028815357845,17993564160.0,0.0003,129.81909656524658,149.091796875,0,0,exported_float_payload,False
operand_hybrid_plain_h16,Operand hybrid + plain H16,4300,2.7916159629821777,3.313854694366455,0.23284363746643066,34928.12211348767,89.90413239738783,18035507200.0,0.0003,129.81909656524658,149.091796875,0,0,exported_float_payload,False
operand_hybrid_plain_h16,Operand hybrid + plain H16,4310,2.8164806365966797,3.664492130279541,0.516150951385498,34977.96578238508,90.03242878255175,18077450240.0,0.0003,129.81909656524658,149.091796875,0,0,exported_float_payload,False
operand_hybrid_plain_h16,Operand hybrid + plain H16,4320,2.816301107406616,3.388547420501709,0.29430997371673584,34938.562663623336,89.93100611818647,18119393280.0,0.0003,129.81909656524658,149.091796875,0,0,exported_float_payload,False
operand_hybrid_plain_h16,Operand hybrid + plain H16,4330,2.8097145557403564,3.2212018966674805,0.3968513607978821,35018.30408271638,90.13625858141374,18161336320.0,0.0003,129.81909656524658,149.091796875,0,0,exported_float_payload,False
operand_hybrid_plain_h16,Operand hybrid + plain H16,4340,2.824173927307129,3.248046398162842,0.3308362662792206,34928.5963117959,89.90535297224002,18203279360.0,0.0003,129.81909656524658,149.091796875,0,0,exported_float_payload,False
operand_hybrid_plain_h16,Operand hybrid + plain H16,4350,2.859158754348755,3.835448741912842,0.20484358072280884,34940.52025516906,89.93604491096596,18245222400.0,0.0003,129.81909656524658,149.091796875,0,0,exported_float_payload,False
operand_hybrid_plain_h16,Operand hybrid + plain H16,4360,2.8163909912109375,3.2486677169799805,0.1274021714925766,34994.99145937669,90.0762524588844,18287165440.0,0.0003,129.81909656524658,149.091796875,0,0,exported_float_payload,False
operand_hybrid_plain_h16,Operand hybrid + plain H16,4370,2.8111155033111572,3.287322759628296,0.18127155303955078,34951.024582381724,89.96308279240156,18329108480.0,0.0003,129.81909656524658,149.091796875,0,0,exported_float_payload,False
operand_hybrid_plain_h16,Operand hybrid + plain H16,4380,2.806574821472168,3.29251766204834,0.33316171169281006,34954.735765073136,89.97263528591826,18371051520.0,0.0003,129.81909656524658,149.091796875,0,0,exported_float_payload,False
operand_hybrid_plain_h16,Operand hybrid + plain H16,4390,2.831489086151123,3.6898467540740967,0.25657913088798523,34910.41857925946,89.85856393310041,18412994560.0,0.0003,129.81909656524658,149.091796875,0,0,exported_float_payload,False
operand_hybrid_plain_h16,Operand hybrid + plain H16,4400,2.8305962085723877,3.3351902961730957,0.4418182671070099,34928.46601447873,89.90501759013111,18454937600.0,0.0003,129.81909656524658,149.091796875,0,0,exported_float_payload,False
operand_hybrid_plain_h16,Operand hybrid + plain H16,4410,2.814175605773926,3.2774078845977783,0.26124486327171326,34923.781405486494,89.89295952111443,18496880640.0,0.0003,129.81909656524658,149.091796875,0,0,exported_float_payload,False
operand_hybrid_plain_h16,Operand hybrid + plain H16,4420,2.822847843170166,3.391526937484741,1.2707439661026,34851.90841995976,89.70796021351936,18538823680.0,0.0003,129.81909656524658,149.091796875,0,0,exported_float_payload,False
operand_hybrid_plain_h16,Operand hybrid + plain H16,4430,2.821190595626831,3.8876376152038574,0.24534976482391357,34943.434711451686,89.94354665018481,18580766720.0,0.0003,129.81909656524658,149.091796875,0,0,exported_float_payload,False
operand_hybrid_plain_h16,Operand hybrid + plain H16,4440,2.766669273376465,3.2550275325775146,0.1492747813463211,34904.00737526611,89.84206165076267,18622709760.0,0.0003,129.81909656524658,149.091796875,0,0,exported_float_payload,False
operand_hybrid_plain_h16,Operand hybrid + plain H16,4450,2.7851033210754395,3.174738645553589,0.21111074090003967,34961.04208831496,89.98886760776574,18664652800.0,0.0003,129.81909656524658,149.091796875,0,0,exported_float_payload,False
operand_hybrid_plain_h16,Operand hybrid + plain H16,4460,2.8165066242218018,3.4135656356811523,0.4638567864894867,34949.33638803105,89.9587374214159,18706595840.0,0.0003,129.81909656524658,149.091796875,0,0,exported_float_payload,False
operand_hybrid_plain_h16,Operand hybrid + plain H16,4470,2.8216896057128906,3.341475248336792,0.23384587466716766,34926.178253484,89.89912894926188,18748538880.0,0.0003,129.81909656524658,149.091796875,0,0,exported_float_payload,False
operand_hybrid_plain_h16,Operand hybrid + plain H16,4480,2.826165199279785,3.2910075187683105,0.23686377704143524,34877.857288785315,89.7747519674784,18790481920.0,0.0003,129.81909656524658,149.091796875,0,0,exported_float_payload,False
operand_hybrid_plain_h16,Operand hybrid + plain H16,4490,2.812274932861328,3.866929054260254,0.38421010971069336,34956.36216427867,89.97682159771111,18832424960.0,0.0003,129.81909656524658,149.091796875,0,0,exported_float_payload,False
operand_hybrid_plain_h16,Operand hybrid + plain H16,4500,2.8146610260009766,3.4719457626342773,0.4960310161113739,34914.2153989614,89.86833685418857,18874368000.0,0.0003,129.81909656524658,149.091796875,0,0,exported_float_payload,False
operand_hybrid_plain_h16,Operand hybrid + plain H16,4510,2.8199338912963867,3.516469955444336,0.4917077422142029,34905.99110904362,89.84716773300764,18916311040.0,0.0003,129.81909656524658,149.091796875,0,0,exported_float_payload,False
operand_hybrid_plain_h16,Operand hybrid + plain H16,4520,2.8259267807006836,3.4273903369903564,0.14876848459243774,34944.31473621905,89.94581181242117,18958254080.0,0.0003,129.81909656524658,149.091796875,0,0,exported_float_payload,False
operand_hybrid_plain_h16,Operand hybrid + plain H16,4530,2.824434995651245,4.752272605895996,0.16708847880363464,34945.409257782376,89.9486290841663,19000197120.0,0.0003,129.81909656524658,149.091796875,0,0,exported_float_payload,False
operand_hybrid_plain_h16,Operand hybrid + plain H16,4540,2.803999423980713,3.2802600860595703,0.5133359432220459,34862.36099810486,89.73486489412022,19042140160.0,0.0003,129.81909656524658,149.091796875,0,0,exported_float_payload,False
operand_hybrid_plain_h16,Operand hybrid + plain H16,4550,2.812692165374756,3.437239646911621,0.23716527223587036,34917.751364487776,89.87743834300618,19084083200.0,0.0003,129.81909656524658,149.091796875,0,0,exported_float_payload,False
operand_hybrid_plain_h16,Operand hybrid + plain H16,4560,2.8312482833862305,3.535385847091675,0.16401296854019165,34880.0214038159,89.78032234665886,19126026240.0,0.0003,129.81909656524658,149.091796875,0,0,exported_float_payload,False
operand_hybrid_plain_h16,Operand hybrid + plain H16,4570,2.8104848861694336,3.3828985691070557,0.1708081066608429,34915.56452874641,89.87180948127165,19167969280.0,0.0003,129.81909656524658,149.091796875,0,0,exported_float_payload,False
operand_hybrid_plain_h16,Operand hybrid + plain H16,4580,2.807177782058716,3.499229907989502,0.19354523718357086,34930.618016284185,89.91055679016623,19209912320.0,0.0003,129.81909656524658,149.091796875,0,0,exported_float_payload,False
operand_hybrid_plain_h16,Operand hybrid + plain H16,4590,2.771629571914673,3.422557830810547,0.16442225873470306,34907.65112715023,89.85144057902994,19251855360.0,0.0003,129.81909656524658,149.091796875,0,0,exported_float_payload,False
operand_hybrid_plain_h16,Operand hybrid + plain H16,4600,2.8343162536621094,3.2695541381835938,0.1877508908510208,34957.58855482097,89.97997829698419,19293798400.0,0.0003,129.81909656524658,149.091796875,0,0,exported_float_payload,False
operand_hybrid_plain_h16,Operand hybrid + plain H16,4610,2.8250210285186768,3.9407176971435547,0.15226399898529053,34922.22899446286,89.88896365309293,19335741440.0,0.0003,129.81909656524658,149.091796875,0,0,exported_float_payload,False
operand_hybrid_plain_h16,Operand hybrid + plain H16,4620,2.8085434436798096,3.4270179271698,0.19901767373085022,34896.86079121111,89.82366651812477,19377684480.0,0.0003,129.81909656524658,149.091796875,0,0,exported_float_payload,False
operand_hybrid_plain_h16,Operand hybrid + plain H16,4630,2.795671224594116,3.39849591255188,0.19565509259700775,34902.450353566914,89.83805391497499,19419627520.0,0.0003,129.81909656524658,149.091796875,0,0,exported_float_payload,False
operand_hybrid_plain_h16,Operand hybrid + plain H16,4640,2.816678524017334,3.6166908740997314,0.14132598042488098,34862.729973538044,89.73581462786453,19461570560.0,0.0003,129.81909656524658,149.091796875,0,0,exported_float_payload,False
operand_hybrid_plain_h16,Operand hybrid + plain H16,4650,2.807819128036499,3.2535324096679688,0.39061301946640015,34912.31143468969,89.8634360967013,19503513600.0,0.0003,129.81909656524658,149.091796875,0,0,exported_float_payload,False
operand_hybrid_plain_h16,Operand hybrid + plain H16,4660,2.784231424331665,3.1858291625976562,2.1975302696228027,34896.197102550366,89.82195819973788,19545456640.0,0.0003,129.81909656524658,149.091796875,0,0,exported_float_payload,False
operand_hybrid_plain_h16,Operand hybrid + plain H16,4670,2.820591926574707,3.8158249855041504,0.36507648229599,34869.0300365949,89.75203083614893,19587399680.0,0.0003,129.81909656524658,149.091796875,0,0,exported_float_payload,False
operand_hybrid_plain_h16,Operand hybrid + plain H16,4680,2.782956838607788,3.367826223373413,0.16495497524738312,34900.41013843808,89.83280245111254,19629342720.0,0.0003,129.81909656524658,149.091796875,0,0,exported_float_payload,False
operand_hybrid_plain_h16,Operand hybrid + plain H16,4690,2.7912304401397705,3.225736379623413,0.20096731185913086,34940.612628732626,89.93628267826024,19671285760.0,0.0003,129.81909656524658,149.091796875,0,0,exported_float_payload,False
operand_hybrid_plain_h16,Operand hybrid + plain H16,4700,2.785836696624756,3.461333990097046,0.15666194260120392,34922.90282602091,89.89069807904953,19713228800.0,0.0003,129.81909656524658,149.091796875,0,0,exported_float_payload,False
operand_hybrid_plain_h16,Operand hybrid + plain H16,4710,2.754774570465088,3.3276710510253906,0.15160706639289856,34834.742971788364,89.66377676958707,19755171840.0,0.0003,129.81909656524658,149.091796875,0,0,exported_float_payload,False
operand_hybrid_plain_h16,Operand hybrid + plain H16,4720,2.7695295810699463,3.266458511352539,0.13666565716266632,34915.64186657897,89.87200854696191,19797114880.0,0.0003,129.81909656524658,149.091796875,0,0,exported_float_payload,False
operand_hybrid_plain_h16,Operand hybrid + plain H16,4730,2.791266679763794,3.2967588901519775,0.13659170269966125,34892.58315237391,89.81265598033754,19839057920.0,0.0003,129.81909656524658,149.091796875,0,0,exported_float_payload,False
operand_hybrid_plain_h16,Operand hybrid + plain H16,4740,2.796480894088745,3.2715542316436768,0.15156309306621552,34929.02352782377,89.90645261585117,19881000960.0,0.0003,129.81909656524658,149.091796875,0,0,exported_float_payload,False
operand_hybrid_plain_h16,Operand hybrid + plain H16,4750,2.788464307785034,3.7985446453094482,0.11002879589796066,34950.30420293783,89.96122855332482,19922944000.0,0.0003,129.81909656524658,149.091796875,0,0,exported_float_payload,False
operand_hybrid_plain_h16,Operand hybrid + plain H16,4760,2.806734800338745,3.7440834045410156,0.20477956533432007,34937.694076079126,89.92877039508289,19964887040.0,0.0003,129.81909656524658,149.091796875,0,0,exported_float_payload,False
operand_hybrid_plain_h16,Operand hybrid + plain H16,4770,2.7786288261413574,3.250370502471924,0.17745418846607208,34956.294792879846,89.97664818537763,20006830080.0,0.0003,129.81909656524658,149.091796875,0,0,exported_float_payload,False
operand_hybrid_plain_h16,Operand hybrid + plain H16,4780,2.780733346939087,3.477234363555908,0.16357386112213135,34912.752534650215,89.86457147721569,20048773120.0,0.0003,129.81909656524658,149.091796875,0,0,exported_float_payload,False
operand_hybrid_plain_h16,Operand hybrid + plain H16,4790,2.805760383605957,3.465076446533203,0.13786719739437103,34891.749205975066,89.81050942269522,20090716160.0,0.0003,129.81909656524658,149.091796875,0,0,exported_float_payload,False
operand_hybrid_plain_h16,Operand hybrid + plain H16,4800,2.82271671295166,3.315695285797119,0.2051064819097519,34910.559587500255,89.85892688486486,20132659200.0,0.0003,129.81909656524658,149.091796875,0,0,exported_float_payload,False
operand_hybrid_plain_h16,Operand hybrid + plain H16,4810,2.7823288440704346,4.289695739746094,0.1264497935771942,34918.25909348753,89.87874522503859,20174602240.0,0.0003,129.81909656524658,149.091796875,0,0,exported_float_payload,False
operand_hybrid_plain_h16,Operand hybrid + plain H16,4820,2.767587184906006,3.2793805599212646,0.19686146080493927,34943.29512184323,89.94318734994533,20216545280.0,0.0003,129.81909656524658,149.091796875,0,0,exported_float_payload,False
operand_hybrid_plain_h16,Operand hybrid + plain H16,4830,2.798393726348877,3.193469285964966,0.1327620893716812,34911.655134847584,89.86174679695294,20258488320.0,0.0003,129.81909656524658,149.091796875,0,0,exported_float_payload,False
operand_hybrid_plain_h16,Operand hybrid + plain H16,4840,2.751652956008911,3.321216106414795,0.18893352150917053,35003.06094618354,90.09702312064242,20300431360.0,0.0003,129.81909656524658,149.091796875,0,0,exported_float_payload,False
operand_hybrid_plain_h16,Operand hybrid + plain H16,4850,2.771923780441284,3.2210958003997803,0.09691788256168365,34973.83436436726,90.02179461357879,20342374400.0,0.0003,129.81909656524658,149.091796875,0,0,exported_float_payload,False
operand_hybrid_plain_h16,Operand hybrid + plain H16,4860,2.762770891189575,3.200917959213257,0.17667363584041595,34938.18498098926,89.93003397231995,20384317440.0,0.0003,129.81909656524658,149.091796875,0,0,exported_float_payload,False
operand_hybrid_plain_h16,Operand hybrid + plain H16,4870,2.8430371284484863,5.893877029418945,0.12361755967140198,34944.934425956984,89.94740687865642,20426260480.0,0.0003,129.81909656524658,149.091796875,0,0,exported_float_payload,False
operand_hybrid_plain_h16,Operand hybrid + plain H16,4880,2.780595064163208,3.20713472366333,0.3075844645500183,34950.38973368616,89.96144870737997,20468203520.0,0.0003,129.81909656524658,149.091796875,0,0,exported_float_payload,False
operand_hybrid_plain_h16,Operand hybrid + plain H16,4890,2.77510666847229,3.1885385513305664,0.6050980687141418,34890.89941917014,89.80832209223495,20510146560.0,0.0003,129.81909656524658,149.091796875,0,0,exported_float_payload,False
operand_hybrid_plain_h16,Operand hybrid + plain H16,4900,2.7475295066833496,3.1624937057495117,0.12204622477293015,34904.53611695072,89.84342261893218,20552089600.0,0.0003,129.81909656524658,149.091796875,0,0,exported_float_payload,False
operand_hybrid_plain_h16,Operand hybrid + plain H16,4910,2.7746498584747314,3.2297263145446777,0.11302608251571655,34933.31753641108,89.917505288975,20594032640.0,0.0003,129.81909656524658,149.091796875,0,0,exported_float_payload,False
operand_hybrid_plain_h16,Operand hybrid + plain H16,4920,2.765275716781616,3.4330177307128906,0.1513414978981018,35015.28926047394,90.12849850266808,20635975680.0,0.0003,129.81909656524658,149.091796875,0,0,exported_float_payload,False
operand_hybrid_plain_h16,Operand hybrid + plain H16,4930,2.76318097114563,3.4924347400665283,18.162153244018555,34941.01110547733,89.93730834765914,20677918720.0,0.0003,129.81909656524658,149.091796875,0,0,exported_float_payload,False
operand_hybrid_plain_h16,Operand hybrid + plain H16,4940,2.8927764892578125,3.445952892303467,4.238950252532959,34975.46895874186,90.02600201953645,20719861760.0,0.0003,129.81909656524658,149.091796875,0,0,exported_float_payload,False
operand_hybrid_plain_h16,Operand hybrid + plain H16,4950,2.796586513519287,3.3594067096710205,0.14298808574676514,34941.02955739977,89.9373558424564,20761804800.0,0.0003,129.81909656524658,149.091796875,0,0,exported_float_payload,False
operand_hybrid_plain_h16,Operand hybrid + plain H16,4960,2.777090549468994,3.9380552768707275,0.10996553301811218,34908.79824287996,89.85439322687357,20803747840.0,0.0003,129.81909656524658,149.091796875,0,0,exported_float_payload,False
operand_hybrid_plain_h16,Operand hybrid + plain H16,4970,2.7896761894226074,3.5422720909118652,0.25168153643608093,34964.76957613105,89.99846207027473,20845690880.0,0.0003,129.81909656524658,149.091796875,0,0,exported_float_payload,False
operand_hybrid_plain_h16,Operand hybrid + plain H16,4980,2.808627128601074,3.4180006980895996,0.20864138007164001,34945.986388210775,89.95011460377931,20887633920.0,0.0003,129.81909656524658,149.091796875,0,0,exported_float_payload,False
operand_hybrid_plain_h16,Operand hybrid + plain H16,4990,2.766876697540283,3.2485740184783936,0.276699960231781,34930.48950250192,89.91022599883259,20929576960.0,0.0003,129.81909656524658,149.091796875,0,0,exported_float_payload,False
operand_hybrid_plain_h16,Operand hybrid + plain H16,5000,2.8026955127716064,3.6894264221191406,0.2037653625011444,34945.42509833551,89.9486698573628,20971520000.0,0.0003,129.81909656524658,149.091796875,0,0,exported_float_payload,False
operand_hybrid_plain_h16,Operand hybrid + plain H16,5010,2.7754411697387695,3.2381949424743652,0.23788897693157196,28301.124849557957,72.84640345686185,21013463040.0,0.0003,129.81909656524658,149.091796875,0,0,exported_float_payload,False
operand_hybrid_plain_h16,Operand hybrid + plain H16,5020,2.77726674079895,3.228687047958374,0.11978232115507126,34904.26888677892,89.8427347750032,21055406080.0,0.0003,129.81909656524658,149.091796875,0,0,exported_float_payload,False
operand_hybrid_plain_h16,Operand hybrid + plain H16,5030,2.727219820022583,3.325190544128418,0.10684893280267715,34985.72461496198,90.05239982791676,21097349120.0,0.0003,129.81909656524658,149.091796875,0,0,exported_float_payload,False
operand_hybrid_plain_h16,Operand hybrid + plain H16,5040,2.7815868854522705,3.4046146869659424,0.12383599579334259,34936.301160096955,89.9251850633988,21139292160.0,0.0003,129.81909656524658,149.091796875,0,0,exported_float_payload,False
operand_hybrid_plain_h16,Operand hybrid + plain H16,5050,2.7435944080352783,3.213696002960205,0.11609453707933426,34946.53543805959,89.951527844667,21181235200.0,0.0003,129.81909656524658,149.091796875,0,0,exported_float_payload,False
operand_hybrid_plain_h16,Operand hybrid + plain H16,5060,2.7421653270721436,3.305577516555786,0.09681544452905655,35010.95365626633,90.11733876343453,21223178240.0,0.0003,129.81909656524658,149.091796875,0,0,exported_float_payload,False
operand_hybrid_plain_h16,Operand hybrid + plain H16,5070,2.724196434020996,3.1352624893188477,0.22428077459335327,35005.695304741355,90.10380389516544,21265121280.0,0.0003,129.81909656524658,149.091796875,0,0,exported_float_payload,False
operand_hybrid_plain_h16,Operand hybrid + plain H16,5080,2.7867634296417236,3.2318077087402344,0.10865742713212967,34968.61346467557,90.00835614541292,21307064320.0,0.0003,129.81909656524658,149.091796875,0,0,exported_float_payload,False
operand_hybrid_plain_h16,Operand hybrid + plain H16,5090,2.7326412200927734,3.3461344242095947,0.2426053136587143,35000.19322710578,90.08964168184626,21349007360.0,0.0003,129.81909656524658,149.091796875,0,0,exported_float_payload,False
operand_hybrid_plain_h16,Operand hybrid + plain H16,5100,2.7411580085754395,3.2249271869659424,0.11915505677461624,34959.475214925216,89.98483451396744,21390950400.0,0.0003,129.81909656524658,149.091796875,0,0,exported_float_payload,False
operand_hybrid_plain_h16,Operand hybrid + plain H16,5110,2.762441873550415,3.244229316711426,0.11874766647815704,34924.81341012713,89.89561587582898,21432893440.0,0.0003,129.81909656524658,149.091796875,0,0,exported_float_payload,False
operand_hybrid_plain_h16,Operand hybrid + plain H16,5120,2.739406108856201,3.0791711807250977,0.20135043561458588,35012.78947014087,90.12206410346565,21474836480.0,0.0003,129.81909656524658,149.091796875,0,0,exported_float_payload,False
operand_hybrid_plain_h16,Operand hybrid + plain H16,5130,2.791677951812744,3.3237245082855225,0.12777088582515717,34952.89667011805,89.96790150046606,21516779520.0,0.0003,129.81909656524658,149.091796875,0,0,exported_float_payload,False
operand_hybrid_plain_h16,Operand hybrid + plain H16,5140,2.7571043968200684,3.189974308013916,0.1583319902420044,34954.232519123805,89.97133994314805,21558722560.0,0.0003,129.81909656524658,149.091796875,0,0,exported_float_payload,False
operand_hybrid_plain_h16,Operand hybrid + plain H16,5150,2.7674965858459473,3.173445463180542,0.17210225760936737,34972.11705863884,90.01737431061852,21600665600.0,0.0003,129.81909656524658,149.091796875,0,0,exported_float_payload,False
operand_hybrid_plain_h16,Operand hybrid + plain H16,5160,2.755190134048462,3.2780449390411377,0.11591027677059174,34979.856106363746,90.03729443025819,21642608640.0,0.0003,129.81909656524658,149.091796875,0,0,exported_float_payload,False
operand_hybrid_plain_h16,Operand hybrid + plain H16,5170,2.7597544193267822,4.226448059082031,0.2154875099658966,34928.86253128064,89.9060382146852,21684551680.0,0.0003,129.81909656524658,149.091796875,0,0,exported_float_payload,False
operand_hybrid_plain_h16,Operand hybrid + plain H16,5180,2.7550113201141357,3.2342371940612793,0.15582557022571564,35028.891230924084,90.16350964206578,21726494720.0,0.0003,129.81909656524658,149.091796875,0,0,exported_float_payload,False
operand_hybrid_plain_h16,Operand hybrid + plain H16,5190,2.7486932277679443,3.5409438610076904,0.15457487106323242,34904.30945186491,89.8428391885428,21768437760.0,0.0003,129.81909656524658,149.091796875,0,0,exported_float_payload,False
operand_hybrid_plain_h16,Operand hybrid + plain H16,5200,2.758526086807251,3.2430994510650635,0.0977705642580986,34943.31958689574,89.94325032239237,21810380800.0,0.0003,129.81909656524658,149.091796875,0,0,exported_float_payload,False
operand_hybrid_plain_h16,Operand hybrid + plain H16,5210,2.741112232208252,3.207894802093506,0.12110476940870285,35014.054079587324,90.12531917726363,21852323840.0,0.0003,129.81909656524658,149.091796875,0,0,exported_float_payload,False
operand_hybrid_plain_h16,Operand hybrid + plain H16,5220,2.722792387008667,3.2381434440612793,0.1805170327425003,34921.068102581434,89.88597554577163,21894266880.0,0.0003,129.81909656524658,149.091796875,0,0,exported_float_payload,False
operand_hybrid_plain_h16,Operand hybrid + plain H16,5230,2.776592254638672,3.4815990924835205,0.1005670428276062,34917.9371440511,89.87791653506024,21936209920.0,0.0003,129.81909656524658,149.091796875,0,0,exported_float_payload,False
operand_hybrid_plain_h16,Operand hybrid + plain H16,5240,2.734534740447998,3.422560453414917,0.13259586691856384,34891.72399951371,89.81044454187996,21978152960.0,0.0003,129.81909656524658,149.091796875,0,0,exported_float_payload,False
operand_hybrid_plain_h16,Operand hybrid + plain H16,5250,2.7679147720336914,3.261895179748535,0.2969025671482086,34974.76539646707,90.02419106744182,22020096000.0,0.0003,129.81909656524658,149.091796875,0,0,exported_float_payload,False
operand_hybrid_plain_h16,Operand hybrid + plain H16,5260,2.746258497238159,3.1349682807922363,0.11522384732961655,34910.68200919325,89.85924199530967,22062039040.0,0.0003,129.81909656524658,149.091796875,0,0,exported_float_payload,False
operand_hybrid_plain_h16,Operand hybrid + plain H16,5270,2.754049777984619,3.1711316108703613,0.16530947387218475,34934.67169773922,89.92099086712709,22103982080.0,0.0003,129.81909656524658,149.091796875,0,0,exported_float_payload,False
operand_hybrid_plain_h16,Operand hybrid + plain H16,5280,2.757852792739868,3.107970714569092,0.11092472076416016,34946.42205580117,89.95123600150579,22145925120.0,0.0003,129.81909656524658,149.091796875,0,0,exported_float_payload,False
operand_hybrid_plain_h16,Operand hybrid + plain H16,5290,2.772270679473877,3.2158284187316895,0.432180792093277,34928.2136620407,89.90436804112515,22187868160.0,0.0003,129.81909656524658,149.091796875,0,0,exported_float_payload,False
operand_hybrid_plain_h16,Operand hybrid + plain H16,5300,2.758909225463867,3.3009395599365234,0.3721924126148224,34971.71834983853,90.01634804391415,22229811200.0,0.0003,129.81909656524658,149.091796875,0,0,exported_float_payload,False
operand_hybrid_plain_h16,Operand hybrid + plain H16,5310,2.7830862998962402,4.814454078674316,0.1176835298538208,34913.277901290494,89.86592375810359,22271754240.0,0.0003,129.81909656524658,149.091796875,0,0,exported_float_payload,False
operand_hybrid_plain_h16,Operand hybrid + plain H16,5320,2.7559802532196045,3.696385383605957,0.09549026191234589,34869.19892524905,89.75246555141574,22313697280.0,0.0003,129.81909656524658,149.091796875,0,0,exported_float_payload,False
operand_hybrid_plain_h16,Operand hybrid + plain H16,5330,2.7379276752471924,3.117794990539551,0.14032986760139465,34904.64203660158,89.84369525352395,22355640320.0,0.0003,129.81909656524658,149.091796875,0,0,exported_float_payload,False
operand_hybrid_plain_h16,Operand hybrid + plain H16,5340,2.7453439235687256,3.313013792037964,0.10179376602172852,34995.665108008485,90.07798641399327,22397583360.0,0.0003,129.81909656524658,149.091796875,0,0,exported_float_payload,False
operand_hybrid_plain_h16,Operand hybrid + plain H16,5350,2.7840089797973633,3.2373499870300293,0.19927838444709778,34925.86403290385,89.89832015317064,22439526400.0,0.0003,129.81909656524658,149.091796875,0,0,exported_float_payload,False
operand_hybrid_plain_h16,Operand hybrid + plain H16,5360,2.763061761856079,3.6183385848999023,0.14880742132663727,34946.41327697301,89.95121340501674,22481469440.0,0.0003,129.81909656524658,149.091796875,0,0,exported_float_payload,False
operand_hybrid_plain_h16,Operand hybrid + plain H16,5370,2.74888014793396,3.3607325553894043,0.11587736010551453,34966.84114193534,90.00379423000933,22523412480.0,0.0003,129.81909656524658,149.091796875,0,0,exported_float_payload,False
operand_hybrid_plain_h16,Operand hybrid + plain H16,5380,2.7311837673187256,3.304987907409668,0.14921565353870392,34909.625125513965,89.85652160255788,22565355520.0,0.0003,129.81909656524658,149.091796875,0,0,exported_float_payload,False
operand_hybrid_plain_h16,Operand hybrid + plain H16,5390,2.7643320560455322,3.9678399562835693,0.25629138946533203,34939.12521012718,89.93245409913423,22607298560.0,0.0003,129.81909656524658,149.091796875,0,0,exported_float_payload,False
operand_hybrid_plain_h16,Operand hybrid + plain H16,5400,2.7544379234313965,3.2222225666046143,0.08884022384881973,34854.396513818305,89.71436450628235,22649241600.0,0.0003,129.81909656524658,149.091796875,0,0,exported_float_payload,False
operand_hybrid_plain_h16,Operand hybrid + plain H16,5410,2.7589521408081055,3.168208599090576,0.19289343059062958,34883.29937193552,89.78875975645899,22691184640.0,0.0003,129.81909656524658,149.091796875,0,0,exported_float_payload,False
operand_hybrid_plain_h16,Operand hybrid + plain H16,5420,2.6893019676208496,3.0998728275299072,0.1498870849609375,34925.84310828736,89.89826629371936,22733127680.0,0.0003,129.81909656524658,149.091796875,0,0,exported_float_payload,False
operand_hybrid_plain_h16,Operand hybrid + plain H16,5430,2.7684173583984375,5.404780387878418,0.14795555174350739,34968.177506643486,90.00723400009666,22775070720.0,0.0003,129.81909656524658,149.091796875,0,0,exported_float_payload,False
operand_hybrid_plain_h16,Operand hybrid + plain H16,5440,2.7471988201141357,3.8961353302001953,0.11502274870872498,34993.66282599512,90.07283258904266,22817013760.0,0.0003,129.81909656524658,149.091796875,0,0,exported_float_payload,False
operand_hybrid_plain_h16,Operand hybrid + plain H16,5450,2.7023162841796875,3.3324928283691406,0.29064425826072693,34915.61262785851,89.87193328721027,22858956800.0,0.0003,129.81909656524658,149.091796875,0,0,exported_float_payload,False
operand_hybrid_plain_h16,Operand hybrid + plain H16,5460,2.7427895069122314,3.9670212268829346,0.11446940898895264,34914.79481989593,89.86982826950836,22900899840.0,0.0003,129.81909656524658,149.09375,0,0,exported_float_payload,False
operand_hybrid_plain_h16,Operand hybrid + plain H16,5470,2.719442129135132,3.261582374572754,0.08843463659286499,34938.68107983051,89.93131091860869,22942842880.0,0.0003,129.81909656524658,149.09375,0,0,exported_float_payload,False
operand_hybrid_plain_h16,Operand hybrid + plain H16,5480,2.6742124557495117,3.3725030422210693,0.12727800011634827,34963.27104433796,89.99460488607542,22984785920.0,0.0003,129.81909656524658,149.09375,0,0,exported_float_payload,False
operand_hybrid_plain_h16,Operand hybrid + plain H16,5490,2.6623640060424805,3.3051459789276123,0.14304254949092865,34946.50640291233,89.9514531089078,23026728960.0,0.0003,129.81909656524658,149.09375,0,0,exported_float_payload,False
operand_hybrid_plain_h16,Operand hybrid + plain H16,5500,2.735079288482666,3.2244672775268555,0.12733736634254456,34886.3827642124,89.7966963327969,23068672000.0,0.0003,129.81909656524658,149.09375,0,0,exported_float_payload,False
operand_hybrid_plain_h16,Operand hybrid + plain H16,5510,2.717189311981201,3.296252965927124,0.20056656002998352,34918.16447911851,89.87850168996586,23110615040.0,0.0003,129.81909656524658,149.09375,0,0,exported_float_payload,False
operand_hybrid_plain_h16,Operand hybrid + plain H16,5520,2.7525277137756348,3.4033119678497314,0.10627733916044235,34914.87618316641,89.87003769657741,23152558080.0,0.0003,129.81909656524658,149.09375,0,0,exported_float_payload,False
operand_hybrid_plain_h16,Operand hybrid + plain H16,5530,2.7154290676116943,3.1470377445220947,0.1257505565881729,34907.031544836595,89.8498457893022,23194501120.0,0.0003,129.81909656524658,149.09375,0,0,exported_float_payload,False
operand_hybrid_plain_h16,Operand hybrid + plain H16,5540,2.7115941047668457,3.1977365016937256,0.12829101085662842,34900.28729232445,89.83248624821941,23236444160.0,0.0003,129.81909656524658,149.09375,0,0,exported_float_payload,False
operand_hybrid_plain_h16,Operand hybrid + plain H16,5550,2.666581869125366,3.152371406555176,0.16940392553806305,34901.71921480928,89.83617198168773,23278387200.0,0.0003,129.81909656524658,149.09375,0,0,exported_float_payload,False
operand_hybrid_plain_h16,Operand hybrid + plain H16,5560,2.690153121948242,3.068620204925537,0.12075114995241165,34900.739770050335,89.83365091482366,23320330240.0,0.0003,129.81909656524658,149.09375,0,0,exported_float_payload,False
operand_hybrid_plain_h16,Operand hybrid + plain H16,5570,2.695157527923584,3.548313856124878,0.09823501110076904,34976.898798784096,90.02968239284843,23362273280.0,0.0003,129.81909656524658,149.09375,0,0,exported_float_payload,False
operand_hybrid_plain_h16,Operand hybrid + plain H16,5580,2.673687219619751,3.385730028152466,1.4912775754928589,34956.076471870285,89.97608623243653,23404216320.0,0.0003,129.81909656524658,149.09375,0,0,exported_float_payload,False
operand_hybrid_plain_h16,Operand hybrid + plain H16,5590,2.726590871810913,3.4705891609191895,0.1813601851463318,34914.44230055984,89.86892089335565,23446159360.0,0.0003,129.81909656524658,149.09375,0,0,exported_float_payload,False
operand_hybrid_plain_h16,Operand hybrid + plain H16,5600,2.71992826461792,3.172030448913574,0.15870048105716705,34917.905920174766,89.87783616556591,23488102400.0,0.0003,129.81909656524658,152.66796875,0,0,exported_float_payload,False
operand_hybrid_plain_h16,Operand hybrid + plain H16,5610,2.738967180252075,3.9751482009887695,0.1176515445113182,34909.99484913268,89.85747326211344,23530045440.0,0.0003,129.81909656524658,152.66796875,0,0,exported_float_payload,False
operand_hybrid_plain_h16,Operand hybrid + plain H16,5620,2.708033800125122,3.40867280960083,0.09166384488344193,34958.84733743655,89.98321837266198,23571988480.0,0.0003,129.81909656524658,152.66796875,0,0,exported_float_payload,False
operand_hybrid_plain_h16,Operand hybrid + plain H16,5630,2.6990807056427,3.323920726776123,0.16539789736270905,34897.990259310995,89.82657374140065,23613931520.0,0.0003,129.81909656524658,152.66796875,0,0,exported_float_payload,False
operand_hybrid_plain_h16,Operand hybrid + plain H16,5640,2.718750476837158,3.1287643909454346,0.10917887091636658,34908.34142287935,89.85321738336035,23655874560.0,0.0003,129.81909656524658,152.66796875,0,0,exported_float_payload,False
operand_hybrid_plain_h16,Operand hybrid + plain H16,5650,2.6952786445617676,3.6031198501586914,0.12270347028970718,34933.746985235906,89.91861067975093,23697817600.0,0.0003,129.81909656524658,152.66796875,0,0,exported_float_payload,False
operand_hybrid_plain_h16,Operand hybrid + plain H16,5660,2.722623586654663,3.11285400390625,0.13921673595905304,34939.12535736658,89.93245447812484,23739760640.0,0.0003,129.81909656524658,152.66796875,0,0,exported_float_payload,False
operand_hybrid_plain_h16,Operand hybrid + plain H16,5670,2.7318596839904785,3.3246960639953613,0.158713236451149,34913.802751828596,89.86727471055713,23781703680.0,0.0003,129.81909656524658,152.66796875,0,0,exported_float_payload,False
operand_hybrid_plain_h16,Operand hybrid + plain H16,5680,2.701885461807251,3.099343776702881,0.13583114743232727,34937.469675301865,89.92819279296837,23823646720.0,0.0003,129.81909656524658,152.66796875,0,0,exported_float_payload,False
operand_hybrid_plain_h16,Operand hybrid + plain H16,5690,2.6810271739959717,3.2247517108917236,0.16143916547298431,34899.95201952011,89.8316232642178,23865589760.0,0.0003,129.81909656524658,152.66796875,0,0,exported_float_payload,False
operand_hybrid_plain_h16,Operand hybrid + plain H16,5700,2.707392930984497,3.257124423980713,0.09815535694360733,34950.34450231403,89.96133228293391,23907532800.0,0.0003,129.81909656524658,152.66796875,0,0,exported_float_payload,False
operand_hybrid_plain_h16,Operand hybrid + plain H16,5710,2.7189290523529053,3.429126262664795,0.13704045116901398,34948.15584854728,89.9556987416465,23949475840.0,0.0003,129.81909656524658,152.66796875,0,0,exported_float_payload,False
operand_hybrid_plain_h16,Operand hybrid + plain H16,5720,2.728837728500366,3.3303780555725098,0.11167033016681671,35003.12330643092,90.0971836343946,23991418880.0,0.0003,129.81909656524658,152.66796875,0,0,exported_float_payload,False
operand_hybrid_plain_h16,Operand hybrid + plain H16,5730,2.6781327724456787,3.226097583770752,0.19759505987167358,34947.7979123736,89.95477742268628,24033361920.0,0.0003,129.81909656524658,152.66796875,0,0,exported_float_payload,False
operand_hybrid_plain_h16,Operand hybrid + plain H16,5740,2.736603260040283,3.2527360916137695,0.153055801987648,34926.3201223389,89.89949411622597,24075304960.0,0.0003,129.81909656524658,152.66796875,0,0,exported_float_payload,False
operand_hybrid_plain_h16,Operand hybrid + plain H16,5750,2.6953723430633545,3.2825238704681396,0.17913833260536194,34969.23402956365,90.00995346426328,24117248000.0,0.0003,129.81909656524658,152.66796875,0,0,exported_float_payload,False
operand_hybrid_plain_h16,Operand hybrid + plain H16,5760,2.7186057567596436,3.214994430541992,0.11840584129095078,34959.61082539996,89.98518357201405,24159191040.0,0.0003,129.81909656524658,152.66796875,0,0,exported_float_payload,False
operand_hybrid_plain_h16,Operand hybrid + plain H16,5770,2.7339398860931396,3.2112412452697754,0.2007085382938385,34940.02554024345,89.93477152684223,24201134080.0,0.0003,129.81909656524658,152.66796875,0,0,exported_float_payload,False
operand_hybrid_plain_h16,Operand hybrid + plain H16,5780,2.727306365966797,4.209596157073975,0.15984690189361572,34936.770408534794,89.9263928974056,24243077120.0,0.0003,129.81909656524658,152.66796875,0,0,exported_float_payload,False
operand_hybrid_plain_h16,Operand hybrid + plain H16,5790,2.698728561401367,3.2949066162109375,0.10449573397636414,34890.13376010175,89.80635130451175,24285020160.0,0.0003,129.81909656524658,152.66796875,0,0,exported_float_payload,False
operand_hybrid_plain_h16,Operand hybrid + plain H16,5800,2.6704044342041016,3.1426868438720703,0.21584352850914001,34945.33530621465,89.94843873463893,24326963200.0,0.0003,129.81909656524658,152.66796875,0,0,exported_float_payload,False
operand_hybrid_plain_h16,Operand hybrid + plain H16,5810,2.731168270111084,3.494014263153076,0.12004388868808746,34969.47431101397,90.01057194284199,24368906240.0,0.0003,129.81909656524658,152.66796875,0,0,exported_float_payload,False
operand_hybrid_plain_h16,Operand hybrid + plain H16,5820,2.6576242446899414,3.061861038208008,0.11207269877195358,34940.57615377184,89.93618879260292,24410849280.0,0.0003,129.81909656524658,152.66796875,0,0,exported_float_payload,False
operand_hybrid_plain_h16,Operand hybrid + plain H16,5830,2.7114710807800293,3.7377758026123047,0.17307071387767792,34901.7161070036,89.83616398227188,24452792320.0,0.0003,129.81909656524658,152.66796875,0,0,exported_float_payload,False
operand_hybrid_plain_h16,Operand hybrid + plain H16,5840,2.691849708557129,3.2558274269104004,0.12906095385551453,34934.857331445135,89.92146868374775,24494735360.0,0.0003,129.81909656524658,152.66796875,0,0,exported_float_payload,False
operand_hybrid_plain_h16,Operand hybrid + plain H16,5850,2.7263882160186768,3.4660630226135254,0.2052103728055954,34938.622005797064,89.93115886349085,24536678400.0,0.0003,129.81909656524658,152.66796875,0,0,exported_float_payload,False
operand_hybrid_plain_h16,Operand hybrid + plain H16,5860,2.6740121841430664,3.1575775146484375,0.15212610363960266,34915.74874661683,89.87228365356637,24578621440.0,0.0003,129.81909656524658,152.66796875,0,0,exported_float_payload,False
operand_hybrid_plain_h16,Operand hybrid + plain H16,5870,2.667910575866699,3.1822500228881836,0.09588126838207245,34939.57446499988,89.93361047019319,24620564480.0,0.0003,129.81909656524658,152.66796875,0,0,exported_float_payload,False
operand_hybrid_plain_h16,Operand hybrid + plain H16,5880,2.691506862640381,3.157712936401367,0.14839160442352295,34861.02613494849,89.73142898899047,24662507520.0,0.0003,129.81909656524658,152.66796875,0,0,exported_float_payload,False
operand_hybrid_plain_h16,Operand hybrid + plain H16,5890,2.6700541973114014,3.1291613578796387,0.10734648257493973,34913.2057539843,89.86573805270132,24704450560.0,0.0003,129.81909656524658,152.66796875,0,0,exported_float_payload,False
operand_hybrid_plain_h16,Operand hybrid + plain H16,5900,2.6965267658233643,3.4338135719299316,0.13426533341407776,34853.73996130753,89.71267455617101,24746393600.0,0.0003,129.81909656524658,152.66796875,0,0,exported_float_payload,False
operand_hybrid_plain_h16,Operand hybrid + plain H16,5910,2.727321147918701,3.3412768840789795,0.0998208224773407,34917.90852860571,89.87784287960338,24788336640.0,0.0003,129.81909656524658,152.66796875,0,0,exported_float_payload,False
operand_hybrid_plain_h16,Operand hybrid + plain H16,5920,2.670081615447998,3.1352334022521973,0.15887703001499176,34948.60883012781,89.95686470516029,24830279680.0,0.0003,129.81909656524658,152.66796875,0,0,exported_float_payload,False
operand_hybrid_plain_h16,Operand hybrid + plain H16,5930,2.674166202545166,3.6025750637054443,0.10110266506671906,34994.67762701368,90.0754446620546,24872222720.0,0.0003,129.81909656524658,152.66796875,0,0,exported_float_payload,False
operand_hybrid_plain_h16,Operand hybrid + plain H16,5940,2.7042150497436523,3.220701217651367,0.15849235653877258,34857.0335665234,89.7211522154746,24914165760.0,0.0003,129.81909656524658,152.66796875,0,0,exported_float_payload,False
operand_hybrid_plain_h16,Operand hybrid + plain H16,5950,2.65451717376709,3.4299557209014893,0.1051345244050026,34949.99424511805,89.96043072947455,24956108800.0,0.0003,129.81909656524658,152.66796875,0,0,exported_float_payload,False
operand_hybrid_plain_h16,Operand hybrid + plain H16,5960,2.692631721496582,3.2593021392822266,0.21676090359687805,34933.56013061976,89.91812972053718,24998051840.0,0.0003,129.81909656524658,152.66796875,0,0,exported_float_payload,False
operand_hybrid_plain_h16,Operand hybrid + plain H16,5970,2.7117748260498047,3.1407699584960938,0.1152670755982399,34966.253727707095,90.00228224014693,25039994880.0,0.0003,129.81909656524658,152.66796875,0,0,exported_float_payload,False
operand_hybrid_plain_h16,Operand hybrid + plain H16,5980,2.6900322437286377,3.132202386856079,0.18450430035591125,34877.187672270644,89.77302839094042,25081937920.0,0.0003,129.81909656524658,152.66796875,0,0,exported_float_payload,False
operand_hybrid_plain_h16,Operand hybrid + plain H16,5990,2.6758813858032227,3.1735291481018066,0.15536828339099884,34928.711618598645,89.90564976913126,25123880960.0,0.0003,129.81909656524658,152.66796875,0,0,exported_float_payload,False
operand_hybrid_plain_h16,Operand hybrid + plain H16,6000,2.6960530281066895,3.1308555603027344,0.14611715078353882,34923.49575227849,89.89222425674068,25165824000.0,0.0003,129.81909656524658,152.66796875,0,0,exported_float_payload,False
operand_hybrid_plain_h16,Operand hybrid + plain H16,6010,2.6741349697113037,3.205990791320801,0.13012170791625977,28294.828000959045,72.83019552251362,25207767040.0,0.0003,129.81909656524658,152.66796875,0,0,exported_float_payload,False
operand_hybrid_plain_h16,Operand hybrid + plain H16,6020,2.6990468502044678,3.3761825561523438,0.17835672199726105,34896.54997638046,89.82286648834948,25249710080.0,0.0003,129.81909656524658,152.66796875,0,0,exported_float_payload,False
operand_hybrid_plain_h16,Operand hybrid + plain H16,6030,2.7137763500213623,3.2649173736572266,0.1323549598455429,34912.798979915926,89.86469102619414,25291653120.0,0.0003,129.81909656524658,152.66796875,0,0,exported_float_payload,False
operand_hybrid_plain_h16,Operand hybrid + plain H16,6040,2.7213428020477295,3.173603057861328,0.3623945116996765,34887.8257219574,89.8004104707551,25333596160.0,0.0003,129.81909656524658,152.66796875,0,0,exported_float_payload,False
operand_hybrid_plain_h16,Operand hybrid + plain H16,6050,2.6726365089416504,3.1461544036865234,0.11292089521884918,34956.999890800515,89.97846309018719,25375539200.0,0.0003,129.81909656524658,152.66796875,0,0,exported_float_payload,False
operand_hybrid_plain_h16,Operand hybrid + plain H16,6060,2.7004740238189697,3.2561683654785156,0.1232442855834961,34897.94670399637,89.82646163108564,25417482240.0,0.0003,129.81909656524658,152.66796875,0,0,exported_float_payload,False
operand_hybrid_plain_h16,Operand hybrid + plain H16,6070,2.6995208263397217,3.187746047973633,0.11811582744121552,34873.06863903401,89.76242610009146,25459425280.0,0.0003,129.81909656524658,152.66796875,0,0,exported_float_payload,False
operand_hybrid_plain_h16,Operand hybrid + plain H16,6080,2.720174551010132,3.1449813842773438,0.13635939359664917,34933.70479120573,89.91850207334882,25501368320.0,0.0003,129.81909656524658,152.66796875,0,0,exported_float_payload,False
operand_hybrid_plain_h16,Operand hybrid + plain H16,6090,2.7151834964752197,3.7031424045562744,0.10296669602394104,34952.095589575234,89.96583953873368,25543311360.0,0.0003,129.81909656524658,152.66796875,0,0,exported_float_payload,False
operand_hybrid_plain_h16,Operand hybrid + plain H16,6100,2.675211191177368,3.2045469284057617,0.18426381051540375,34964.368257249596,89.9974290852853,25585254400.0,0.0003,129.81909656524658,152.66796875,0,0,exported_float_payload,False
operand_hybrid_plain_h16,Operand hybrid + plain H16,6110,2.691883087158203,3.2909505367279053,0.11209537833929062,34982.07264889308,90.04299975653866,25627197440.0,0.0003,129.81909656524658,152.66796875,0,0,exported_float_payload,False
operand_hybrid_plain_h16,Operand hybrid + plain H16,6120,2.668192148208618,3.213819742202759,0.11986365914344788,34951.72362216534,89.96488210371446,25669140480.0,0.0003,129.81909656524658,152.66796875,0,0,exported_float_payload,False
operand_hybrid_plain_h16,Operand hybrid + plain H16,6130,2.701558828353882,3.2181832790374756,0.2986987233161926,34969.66071218516,90.01105173489951,25711083520.0,0.0003,129.81909656524658,152.66796875,0,0,exported_float_payload,False
operand_hybrid_plain_h16,Operand hybrid + plain H16,6140,2.7235844135284424,3.1243505477905273,0.08909093588590622,34979.19858085118,90.03560197566404,25753026560.0,0.0003,129.81909656524658,152.66796875,0,0,exported_float_payload,False
operand_hybrid_plain_h16,Operand hybrid + plain H16,6150,2.703176736831665,3.166379451751709,0.10342923551797867,34919.24877099738,89.8812926307533,25794969600.0,0.0003,129.81909656524658,152.66796875,0,0,exported_float_payload,False
operand_hybrid_plain_h16,Operand hybrid + plain H16,6160,2.704887866973877,3.388603925704956,0.14676029980182648,35005.07467165723,90.10220640078015,25836912640.0,0.0003,129.81909656524658,152.66796875,0,0,exported_float_payload,False
operand_hybrid_plain_h16,Operand hybrid + plain H16,6170,2.679276704788208,3.534811496734619,0.08117078244686127,34994.52944498674,90.07506324514002,25878855680.0,0.0003,129.81909656524658,152.66796875,0,0,exported_float_payload,False
operand_hybrid_plain_h16,Operand hybrid + plain H16,6180,2.624437093734741,3.108797550201416,0.12212596088647842,23234.477248059873,59.80497640000635,25920798720.0,0.0003,129.81909656524658,152.66796875,0,0,exported_float_payload,False
operand_hybrid_plain_h16,Operand hybrid + plain H16,6190,2.641348123550415,3.296144485473633,0.14532454311847687,34488.149453631486,88.7716535273696,25962741760.0,0.0003,129.81909656524658,152.66796875,0,0,exported_float_payload,False
operand_hybrid_plain_h16,Operand hybrid + plain H16,6200,2.6264915466308594,3.2388319969177246,0.11639843136072159,34531.0554001027,88.88209238462193,26004684800.0,0.0003,129.81909656524658,152.66796875,0,0,exported_float_payload,False
operand_hybrid_plain_h16,Operand hybrid + plain H16,6210,2.625842571258545,3.3931498527526855,0.18987122178077698,34679.522904530226,89.26424411128484,26046627840.0,0.0003,129.81909656524658,152.66796875,0,0,exported_float_payload,False
operand_hybrid_plain_h16,Operand hybrid + plain H16,6220,2.635660409927368,3.0740749835968018,0.11760368943214417,34679.974781269266,89.26540723096365,26088570880.0,0.0003,129.81909656524658,152.66796875,0,0,exported_float_payload,False
operand_hybrid_plain_h16,Operand hybrid + plain H16,6230,2.6693766117095947,3.2496328353881836,0.10637766867876053,34709.38906839735,89.34111888691083,26130513920.0,0.0003,129.81909656524658,152.66796875,0,0,exported_float_payload,False
operand_hybrid_plain_h16,Operand hybrid + plain H16,6240,2.653214693069458,3.204357385635376,0.08684077858924866,34832.24853393597,89.65735614753903,26172456960.0,0.0003,129.81909656524658,152.66796875,0,0,exported_float_payload,False
operand_hybrid_plain_h16,Operand hybrid + plain H16,6250,2.6409947872161865,3.2168989181518555,0.16147281229496002,34845.28258277039,89.69090547058241,26214400000.0,0.0003,129.81909656524658,152.66796875,0,0,exported_float_payload,False
operand_hybrid_plain_h16,Operand hybrid + plain H16,6260,2.665208339691162,3.296637773513794,0.1529269516468048,34889.92010596558,89.80580136398866,26256343040.0,0.0003,129.81909656524658,152.66796875,0,0,exported_float_payload,False
operand_hybrid_plain_h16,Operand hybrid + plain H16,6270,2.7023563385009766,3.198903799057007,0.1206035241484642,34929.270193501696,89.90708752727568,26298286080.0,0.0003,129.81909656524658,152.66796875,0,0,exported_float_payload,False
operand_hybrid_plain_h16,Operand hybrid + plain H16,6280,2.710585594177246,3.145902633666992,0.2848181128501892,34962.32898540508,89.99218004941365,26340229120.0,0.0003,129.81909656524658,152.66796875,0,0,exported_float_payload,False
operand_hybrid_plain_h16,Operand hybrid + plain H16,6290,2.676187038421631,3.1040916442871094,0.13450852036476135,34911.499180120714,89.86134537329876,26382172160.0,0.0003,129.81909656524658,152.66796875,0,0,exported_float_payload,False
operand_hybrid_plain_h16,Operand hybrid + plain H16,6300,2.7054059505462646,3.4159762859344482,0.08987916260957718,34959.353271093256,89.98452063352526,26424115200.0,0.0003,129.81909656524658,152.66796875,0,0,exported_float_payload,False
operand_hybrid_plain_h16,Operand hybrid + plain H16,6310,2.6923670768737793,3.1826677322387695,0.12176032364368439,34914.6830498511,89.86954057614552,26466058240.0,0.0003,129.81909656524658,152.66796875,0,0,exported_float_payload,False
operand_hybrid_plain_h16,Operand hybrid + plain H16,6320,2.650470018386841,3.167036533355713,0.10233014822006226,34922.06065799865,89.88853035914956,26508001280.0,0.0003,129.81909656524658,152.66796875,0,0,exported_float_payload,False
operand_hybrid_plain_h16,Operand hybrid + plain H16,6330,2.688959836959839,3.290454626083374,0.48041439056396484,34959.79087220136,89.98564700807906,26549944320.0,0.0003,129.81909656524658,152.66796875,0,0,exported_float_payload,False
operand_hybrid_plain_h16,Operand hybrid + plain H16,6340,2.684370279312134,3.1399998664855957,0.13014942407608032,34947.69717965625,89.95451813913454,26591887360.0,0.0003,129.81909656524658,152.66796875,0,0,exported_float_payload,False
operand_hybrid_plain_h16,Operand hybrid + plain H16,6350,2.677565097808838,3.301309823989868,0.13143329322338104,34915.59538765411,89.87188891134564,26633830400.0,0.0003,129.81909656524658,152.66796875,0,0,exported_float_payload,False
operand_hybrid_plain_h16,Operand hybrid + plain H16,6360,2.6903836727142334,3.2287392616271973,0.18778550624847412,34929.47876893593,89.90762439534414,26675773440.0,0.0003,129.81909656524658,152.66796875,0,0,exported_float_payload,False
operand_hybrid_plain_h16,Operand hybrid + plain H16,6370,2.690336227416992,3.2086474895477295,0.11262980103492737,34973.907100444514,90.02198183446339,26717716480.0,0.0003,129.81909656524658,152.66796875,0,0,exported_float_payload,False
operand_hybrid_plain_h16,Operand hybrid + plain H16,6380,2.662754774093628,3.2929282188415527,0.09244587272405624,34876.85104463325,89.77216191963164,26759659520.0,0.0003,129.81909656524658,152.66796875,0,0,exported_float_payload,False
operand_hybrid_plain_h16,Operand hybrid + plain H16,6390,2.6573691368103027,3.090519428253174,0.1709006428718567,34932.48171437981,89.91535390350067,26801602560.0,0.0003,129.81909656524658,152.66796875,0,0,exported_float_payload,False
operand_hybrid_plain_h16,Operand hybrid + plain H16,6400,2.6698505878448486,3.2316038608551025,0.09065582603216171,34956.29851818278,89.9766577742163,26843545600.0,0.0003,129.81909656524658,152.66796875,0,0,exported_float_payload,False
operand_hybrid_plain_h16,Operand hybrid + plain H16,6410,2.697254180908203,3.1853127479553223,0.1728723794221878,34849.95169577656,89.70292365330981,26885488640.0,0.0003,129.81909656524658,152.66796875,0,0,exported_float_payload,False
operand_hybrid_plain_h16,Operand hybrid + plain H16,6420,2.6506941318511963,3.146555185317993,0.07995796203613281,34983.765426697326,90.04735692522176,26927431680.0,0.0003,129.81909656524658,152.66796875,0,0,exported_float_payload,False
operand_hybrid_plain_h16,Operand hybrid + plain H16,6430,2.6986582279205322,3.3337554931640625,0.188044011592865,34929.76437861054,89.908359547664,26969374720.0,0.0003,129.81909656524658,152.66796875,0,0,exported_float_payload,False
operand_hybrid_plain_h16,Operand hybrid + plain H16,6440,2.683164119720459,3.405658721923828,0.08930442482233047,34941.78644556281,89.93930405408364,27011317760.0,0.0003,129.81909656524658,152.66796875,0,0,exported_float_payload,False
operand_hybrid_plain_h16,Operand hybrid + plain H16,6450,2.6622722148895264,3.180703639984131,0.1658402979373932,34910.414395025546,89.85855316298462,27053260800.0,0.0003,129.81909656524658,152.66796875,0,0,exported_float_payload,False
operand_hybrid_plain_h16,Operand hybrid + plain H16,6460,2.6586852073669434,3.05765438079834,0.11752423644065857,34933.37862218282,89.91766252225801,27095203840.0,0.0003,129.81909656524658,152.66796875,0,0,exported_float_payload,False
operand_hybrid_plain_h16,Operand hybrid + plain H16,6470,2.682102918624878,3.122648239135742,0.09204498678445816,34965.93093542149,90.00145138069541,27137146880.0,0.0003,129.81909656524658,152.66796875,0,0,exported_float_payload,False
operand_hybrid_plain_h16,Operand hybrid + plain H16,6480,2.66117787361145,3.143460750579834,0.1444510519504547,34956.77262033624,89.97787810156845,27179089920.0,0.0003,129.81909656524658,152.66796875,0,0,exported_float_payload,False
operand_hybrid_plain_h16,Operand hybrid + plain H16,6490,2.6919054985046387,3.081174612045288,0.11636385321617126,34908.88992449423,89.85462921310727,27221032960.0,0.0003,129.81909656524658,152.66796875,0,0,exported_float_payload,False
operand_hybrid_plain_h16,Operand hybrid + plain H16,6500,2.7113595008850098,3.152763843536377,0.27062559127807617,34934.48171969549,89.9205018682871,27262976000.0,0.0003,129.81909656524658,152.66796875,0,0,exported_float_payload,False
operand_hybrid_plain_h16,Operand hybrid + plain H16,6510,2.6850173473358154,3.6036906242370605,0.08940465748310089,34948.445326925576,89.95644385191508,27304919040.0,0.0003,129.81909656524658,152.66796875,0,0,exported_float_payload,False
operand_hybrid_plain_h16,Operand hybrid + plain H16,6520,2.6738228797912598,3.274714469909668,0.12970514595508575,34904.6936341403,89.84382806432716,27346862080.0,0.0003,129.81909656524658,152.66796875,0,0,exported_float_payload,False
operand_hybrid_plain_h16,Operand hybrid + plain H16,6530,2.672541856765747,3.3077731132507324,0.10234419256448746,34962.4729126649,89.99255051466169,27388805120.0,0.0003,129.81909656524658,152.66796875,0,0,exported_float_payload,False
operand_hybrid_plain_h16,Operand hybrid + plain H16,6540,2.6996710300445557,3.1066267490386963,0.1766982525587082,34915.250811813414,89.87100198155588,27430748160.0,0.0003,129.81909656524658,152.66796875,0,0,exported_float_payload,False
operand_hybrid_plain_h16,Operand hybrid + plain H16,6550,2.700439453125,4.922832489013672,0.352122038602829,34917.26787233462,89.87619384602436,27472691200.0,0.0003,129.81909656524658,152.66796875,0,0,exported_float_payload,False
operand_hybrid_plain_h16,Operand hybrid + plain H16,6560,2.656726598739624,3.0895774364471436,0.14144249260425568,34909.83689929279,89.85706670308713,27514634240.0,0.0003,129.81909656524658,152.66796875,0,0,exported_float_payload,False
operand_hybrid_plain_h16,Operand hybrid + plain H16,6570,2.710751533508301,3.593118667602539,0.22691665589809418,34972.840558459764,90.01923658146946,27556577280.0,0.0003,129.81909656524658,152.66796875,0,0,exported_float_payload,False
operand_hybrid_plain_h16,Operand hybrid + plain H16,6580,2.7070417404174805,3.184988498687744,0.14155445992946625,34924.35059687197,89.89442460582505,27598520320.0,0.0003,129.81909656524658,152.66796875,0,0,exported_float_payload,False
operand_hybrid_plain_h16,Operand hybrid + plain H16,6590,2.669424533843994,3.0967042446136475,0.15703077614307404,34859.89247746452,89.72851098234239,27640463360.0,0.0003,129.81909656524658,152.66796875,0,0,exported_float_payload,False
operand_hybrid_plain_h16,Operand hybrid + plain H16,6600,2.6833925247192383,3.1999518871307373,0.15570607781410217,33585.69134583691,86.44874842120218,27682406400.0,0.0003,129.81909656524658,152.66796875,0,0,exported_float_payload,False
operand_hybrid_plain_h16,Operand hybrid + plain H16,6610,2.6739604473114014,3.145225763320923,0.13074111938476562,34904.86217329774,89.84426187999797,27724349440.0,0.0003,129.81909656524658,152.66796875,0,0,exported_float_payload,False
operand_hybrid_plain_h16,Operand hybrid + plain H16,6620,2.6912455558776855,3.2445247173309326,0.13342702388763428,34887.031862960364,89.798367097105,27766292480.0,0.0003,129.81909656524658,152.66796875,0,0,exported_float_payload,False
operand_hybrid_plain_h16,Operand hybrid + plain H16,6630,2.671511650085449,3.6135010719299316,0.20202690362930298,34874.83104732829,89.76696249595358,27808235520.0,0.0003,129.81909656524658,152.66796875,0,0,exported_float_payload,False
operand_hybrid_plain_h16,Operand hybrid + plain H16,6640,2.671732187271118,3.3926243782043457,0.12137424200773239,34872.18782371083,89.76015890298376,27850178560.0,0.0003,129.81909656524658,152.66796875,0,0,exported_float_payload,False
operand_hybrid_plain_h16,Operand hybrid + plain H16,6650,2.6453540325164795,3.1539833545684814,0.08859261125326157,34853.795412115185,89.71281728519425,27892121600.0,0.0003,129.81909656524658,152.66796875,0,0,exported_float_payload,False
operand_hybrid_plain_h16,Operand hybrid + plain H16,6660,2.648719310760498,3.1582424640655518,0.20978617668151855,34913.10657472789,89.86548276772005,27934064640.0,0.0003,129.81909656524658,152.66796875,0,0,exported_float_payload,False
operand_hybrid_plain_h16,Operand hybrid + plain H16,6670,2.658282995223999,3.122300624847412,0.11141159385442734,34936.64056982638,89.92605869574444,27976007680.0,0.0003,129.81909656524658,152.66796875,0,0,exported_float_payload,False
operand_hybrid_plain_h16,Operand hybrid + plain H16,6680,2.713717460632324,3.406482696533203,0.19661372900009155,34883.86102585735,89.79020543992247,28017950720.0,0.0003,129.81909656524658,152.66796875,0,0,exported_float_payload,False
operand_hybrid_plain_h16,Operand hybrid + plain H16,6690,2.698457956314087,4.289564609527588,0.17732101678848267,34894.73677327975,89.81819934789745,28059893760.0,0.0003,129.81909656524658,152.66796875,0,0,exported_float_payload,False
operand_hybrid_plain_h16,Operand hybrid + plain H16,6700,2.7124083042144775,3.8656649589538574,0.10609027743339539,34916.24161720878,89.87355229042035,28101836800.0,0.0003,129.81909656524658,152.66796875,0,0,exported_float_payload,False
operand_hybrid_plain_h16,Operand hybrid + plain H16,6710,2.662374973297119,3.2747256755828857,0.16129226982593536,34924.315186957734,89.8943334615715,28143779840.0,0.0003,129.81909656524658,152.66796875,0,0,exported_float_payload,False
operand_hybrid_plain_h16,Operand hybrid + plain H16,6720,2.6847262382507324,3.081624746322632,0.10074785351753235,34939.15171280571,89.93252231638081,28185722880.0,0.0003,129.81909656524658,152.66796875,0,0,exported_float_payload,False
operand_hybrid_plain_h16,Operand hybrid + plain H16,6730,2.656238317489624,3.054527759552002,0.1260310858488083,34878.19257349702,89.7756149821293,28227665920.0,0.0003,129.81909656524658,152.66796875,0,0,exported_float_payload,False
operand_hybrid_plain_h16,Operand hybrid + plain H16,6740,2.6535680294036865,3.2677154541015625,0.1754963994026184,34864.43394521873,89.74020060931191,28269608960.0,0.0003,129.81909656524658,152.66796875,0,0,exported_float_payload,False
operand_hybrid_plain_h16,Operand hybrid + plain H16,6750,2.7096869945526123,3.4699623584747314,0.0933094173669815,34905.60223551347,89.84616678204821,28311552000.0,0.0003,129.81909656524658,152.66796875,0,0,exported_float_payload,False
operand_hybrid_plain_h16,Operand hybrid + plain H16,6760,2.6536784172058105,3.1573829650878906,0.15593048930168152,34929.1782131141,89.90685077200673,28353495040.0,0.0003,129.81909656524658,152.66796875,0,0,exported_float_payload,False
operand_hybrid_plain_h16,Operand hybrid + plain H16,6770,2.682124614715576,3.3118109703063965,0.10257073491811752,34916.746805687515,89.87485263321375,28395438080.0,0.0003,129.81909656524658,152.66796875,0,0,exported_float_payload,False
operand_hybrid_plain_h16,Operand hybrid + plain H16,6780,2.6830344200134277,3.480083465576172,0.2233482003211975,34894.48005500086,89.81753856132381,28437381120.0,0.0003,129.81909656524658,152.66796875,0,0,exported_float_payload,False
operand_hybrid_plain_h16,Operand hybrid + plain H16,6790,2.6695289611816406,3.1569643020629883,0.13347522914409637,34953.26827478477,89.96885800179322,28479324160.0,0.0003,129.81909656524658,152.66796875,0,0,exported_float_payload,False
operand_hybrid_plain_h16,Operand hybrid + plain H16,6800,2.6593880653381348,3.1220319271087646,0.12776687741279602,35005.37667891964,90.1029837600901,28521267200.0,0.0003,129.81909656524658,152.66796875,0,0,exported_float_payload,False
operand_hybrid_plain_h16,Operand hybrid + plain H16,6810,2.6561248302459717,3.389971971511841,0.11545725166797638,34898.61098135875,89.82817146477616,28563210240.0,0.0003,129.81909656524658,152.66796875,0,0,exported_float_payload,False
operand_hybrid_plain_h16,Operand hybrid + plain H16,6820,2.6230175495147705,3.0903983116149902,0.13071225583553314,35000.06391667263,90.08930883995272,28605153280.0,0.0003,129.81909656524658,152.66796875,0,0,exported_float_payload,False
operand_hybrid_plain_h16,Operand hybrid + plain H16,6830,2.676077365875244,3.247502088546753,0.11185965687036514,34942.622878627946,89.94145701234419,28647096320.0,0.0003,129.81909656524658,152.66796875,0,0,exported_float_payload,False
operand_hybrid_plain_h16,Operand hybrid + plain H16,6840,2.6366546154022217,3.0927350521087646,0.18695122003555298,34952.70411140299,89.96740585904118,28689039360.0,0.0003,129.81909656524658,152.66796875,0,0,exported_float_payload,False
operand_hybrid_plain_h16,Operand hybrid + plain H16,6850,2.676429510116577,3.1523513793945312,0.14144054055213928,34933.80368713022,89.91875662904064,28730982400.0,0.0003,129.81909656524658,152.66796875,0,0,exported_float_payload,False
operand_hybrid_plain_h16,Operand hybrid + plain H16,6860,2.667090892791748,3.3991029262542725,0.12390482425689697,34903.5443027252,89.84086971336355,28772925440.0,0.0003,129.81909656524658,152.66796875,0,0,exported_float_payload,False
operand_hybrid_plain_h16,Operand hybrid + plain H16,6870,2.6265504360198975,3.1934049129486084,0.12566396594047546,34956.400618708,89.97692057847206,28814868480.0,0.0003,129.81909656524658,152.66796875,0,0,exported_float_payload,False
operand_hybrid_plain_h16,Operand hybrid + plain H16,6880,2.676436424255371,3.1898279190063477,0.1055510938167572,34853.09855480287,89.71102359150912,28856811520.0,0.0003,129.81909656524658,152.66796875,0,0,exported_float_payload,False
operand_hybrid_plain_h16,Operand hybrid + plain H16,6890,2.6491360664367676,3.0784502029418945,0.16874659061431885,34900.73997636029,89.83365144586044,28898754560.0,0.0003,129.81909656524658,152.66796875,0,0,exported_float_payload,False
operand_hybrid_plain_h16,Operand hybrid + plain H16,6900,2.689513921737671,3.3291268348693848,0.10774090886116028,34911.47851075964,89.86129217086868,28940697600.0,0.0003,129.81909656524658,152.66796875,0,0,exported_float_payload,False
operand_hybrid_plain_h16,Operand hybrid + plain H16,6910,2.7346725463867188,5.44499397277832,0.14888331294059753,34883.93237793822,89.79038909843419,28982640640.0,0.0003,129.81909656524658,152.66796875,0,0,exported_float_payload,False
operand_hybrid_plain_h16,Operand hybrid + plain H16,6920,2.662252187728882,3.6059694290161133,0.1276816427707672,28697.748339920934,73.86730262440506,29024583680.0,0.0003,129.81909656524658,152.66796875,0,0,exported_float_payload,False
operand_hybrid_plain_h16,Operand hybrid + plain H16,6930,2.599639654159546,3.0868265628814697,0.10694089531898499,34722.23574189938,89.37418591042959,29066526720.0,0.0003,129.81909656524658,152.66796875,0,0,exported_float_payload,False
operand_hybrid_plain_h16,Operand hybrid + plain H16,6940,2.6659998893737793,3.2239627838134766,0.1478494107723236,34793.30760448553,89.55712314716145,29108469760.0,0.0003,129.81909656524658,152.66796875,0,0,exported_float_payload,False
operand_hybrid_plain_h16,Operand hybrid + plain H16,6950,2.6365647315979004,3.1012215614318848,0.10973881930112839,34908.2858522753,89.85307434598411,29150412800.0,0.0003,129.81909656524658,152.66796875,0,0,exported_float_payload,False
operand_hybrid_plain_h16,Operand hybrid + plain H16,6960,2.640481472015381,3.1950531005859375,0.09568554908037186,34855.132863603816,89.71625985262797,29192355840.0,0.0003,129.81909656524658,152.66796875,0,0,exported_float_payload,False
operand_hybrid_plain_h16,Operand hybrid + plain H16,6970,2.681340217590332,3.1658084392547607,0.17640605568885803,34899.89976701133,89.83148876753766,29234298880.0,0.0003,129.81909656524658,152.66796875,0,0,exported_float_payload,False
operand_hybrid_plain_h16,Operand hybrid + plain H16,6980,2.6588618755340576,3.2101423740386963,0.10008921474218369,34944.41781379121,89.94607713157187,29276241920.0,0.0003,129.81909656524658,152.66796875,0,0,exported_float_payload,False
operand_hybrid_plain_h16,Operand hybrid + plain H16,6990,2.650099277496338,3.2247135639190674,0.1617431491613388,34924.83096678228,89.89566106623012,29318184960.0,0.0003,129.81909656524658,152.66796875,0,0,exported_float_payload,False
operand_hybrid_plain_h16,Operand hybrid + plain H16,7000,2.647454023361206,3.069777488708496,0.09704161435365677,34923.79509918952,89.89299476837124,29360128000.0,0.0003,129.81909656524658,152.66796875,0,0,exported_float_payload,False
operand_hybrid_plain_h16,Operand hybrid + plain H16,7010,2.659231424331665,3.0960090160369873,0.0844903290271759,27486.639995676138,70.74993935549577,29402071040.0,0.0003,129.81909656524658,152.66796875,0,0,exported_float_payload,False
operand_hybrid_plain_h16,Operand hybrid + plain H16,7020,2.647582530975342,3.0530929565429688,0.15112966299057007,34940.39751959068,89.93572899258785,29444014080.0,0.0003,129.81909656524658,152.66796875,0,0,exported_float_payload,False
operand_hybrid_plain_h16,Operand hybrid + plain H16,7030,2.6781656742095947,3.1338601112365723,0.09197788685560226,34951.62817936555,89.9646364362812,29485957120.0,0.0003,129.81909656524658,152.66796875,0,0,exported_float_payload,False
operand_hybrid_plain_h16,Operand hybrid + plain H16,7040,2.6230130195617676,3.1150121688842773,0.15683947503566742,34959.790672682764,89.98564649452307,29527900160.0,0.0003,129.81909656524658,152.66796875,0,0,exported_float_payload,False
operand_hybrid_plain_h16,Operand hybrid + plain H16,7050,2.6460371017456055,3.0283541679382324,0.1390969306230545,34960.76138493972,89.98814508414048,29569843200.0,0.0003,129.81909656524658,152.66796875,0,0,exported_float_payload,False
operand_hybrid_plain_h16,Operand hybrid + plain H16,7060,2.6440365314483643,3.1140003204345703,0.1280958205461502,34922.455670937954,89.88954711279806,29611786240.0,0.0003,129.81909656524658,152.66796875,0,0,exported_float_payload,False
operand_hybrid_plain_h16,Operand hybrid + plain H16,7070,2.65930438041687,3.2639312744140625,0.09343772381544113,34987.825853666014,90.05780836496986,29653729280.0,0.0003,129.81909656524658,152.66796875,0,0,exported_float_payload,False
operand_hybrid_plain_h16,Operand hybrid + plain H16,7080,2.6660189628601074,3.2832510471343994,0.18098565936088562,34894.473442582224,89.81752154111992,29695672320.0,0.0003,129.81909656524658,152.66796875,0,0,exported_float_payload,False
operand_hybrid_plain_h16,Operand hybrid + plain H16,7090,2.668396234512329,3.056102991104126,0.12356505542993546,34939.10244040357,89.93239549042232,29737615360.0,0.0003,129.81909656524658,152.66796875,0,0,exported_float_payload,False
operand_hybrid_plain_h16,Operand hybrid + plain H16,7100,2.653529405593872,3.172964572906494,0.19590966403484344,34907.46026590123,89.85094930684119,29779558400.0,0.0003,129.81909656524658,152.66796875,0,0,exported_float_payload,False
operand_hybrid_plain_h16,Operand hybrid + plain H16,7110,2.6720943450927734,3.2177515029907227,0.0977289229631424,34906.452192043784,89.8483545493775,29821501440.0,0.0003,129.81909656524658,152.66796875,0,0,exported_float_payload,False
operand_hybrid_plain_h16,Operand hybrid + plain H16,7120,2.63193416595459,3.1931936740875244,0.2492358535528183,34932.594814251745,89.91564501980596,29863444480.0,0.0003,129.81909656524658,152.66796875,0,0,exported_float_payload,False
operand_hybrid_plain_h16,Operand hybrid + plain H16,7130,2.643871307373047,3.2601146697998047,0.1884644329547882,34943.714002032764,89.94426553731242,29905387520.0,0.0003,129.81909656524658,152.66796875,0,0,exported_float_payload,False
operand_hybrid_plain_h16,Operand hybrid + plain H16,7140,2.6706137657165527,3.1812541484832764,0.09294924139976501,34886.355439030645,89.7966259984471,29947330560.0,0.0003,129.81909656524658,152.66796875,0,0,exported_float_payload,False
operand_hybrid_plain_h16,Operand hybrid + plain H16,7150,2.66388201713562,3.594839572906494,0.1422901153564453,34980.180057621124,90.03812827287473,29989273600.0,0.0003,129.81909656524658,152.66796875,0,0,exported_float_payload,False
operand_hybrid_plain_h16,Operand hybrid + plain H16,7160,2.627290964126587,3.1358652114868164,0.08672250062227249,34994.166671648396,90.0741294754362,30031216640.0,0.0003,129.81909656524658,152.66796875,0,0,exported_float_payload,False
operand_hybrid_plain_h16,Operand hybrid + plain H16,7170,2.6618833541870117,3.4938669204711914,0.16740889847278595,34960.717659662616,89.98803253634622,30073159680.0,0.0003,129.81909656524658,152.66796875,0,0,exported_float_payload,False
operand_hybrid_plain_h16,Operand hybrid + plain H16,7180,2.6630349159240723,3.315598964691162,0.10440205037593842,34911.154848906895,89.8604590731726,30115102720.0,0.0003,129.81909656524658,152.66796875,0,0,exported_float_payload,False
operand_hybrid_plain_h16,Operand hybrid + plain H16,7190,2.641920566558838,3.168804168701172,0.16813981533050537,34970.01201493408,90.01195597958657,30157045760.0,0.0003,129.81909656524658,152.66796875,0,0,exported_float_payload,False
operand_hybrid_plain_h16,Operand hybrid + plain H16,7200,2.6766626834869385,3.4937238693237305,0.12811075150966644,34945.77105822665,89.94956034966457,30198988800.0,0.0003,129.81909656524658,152.66796875,0,0,exported_float_payload,False
operand_hybrid_plain_h16,Operand hybrid + plain H16,7210,2.686007499694824,3.5730388164520264,0.14884978532791138,34951.53049654704,89.96438500309452,30240931840.0,0.0003,129.81909656524658,152.66796875,0,0,exported_float_payload,False
operand_hybrid_plain_h16,Operand hybrid + plain H16,7220,2.711838960647583,5.7500319480896,0.15033592283725739,34889.047508687196,89.80355531992736,30282874880.0,0.0003,129.81909656524658,152.66796875,0,0,exported_float_payload,False
operand_hybrid_plain_h16,Operand hybrid + plain H16,7230,2.6778969764709473,3.3606910705566406,0.1271965056657791,34933.92854952868,89.91907802180164,30324817920.0,0.0003,129.81909656524658,152.66796875,0,0,exported_float_payload,False
operand_hybrid_plain_h16,Operand hybrid + plain H16,7240,2.632422685623169,3.2368087768554688,0.22920174896717072,34904.2432234447,89.84266871820833,30366760960.0,0.0003,129.81909656524658,152.66796875,0,0,exported_float_payload,False
operand_hybrid_plain_h16,Operand hybrid + plain H16,7250,2.676474094390869,3.2204947471618652,0.09003522247076035,34930.03306586874,89.90905114209774,30408704000.0,0.0003,129.81909656524658,152.66796875,0,0,exported_float_payload,False
operand_hybrid_plain_h16,Operand hybrid + plain H16,7260,2.6803643703460693,3.295527696609497,0.11131458729505539,34931.61730558788,89.91312893640333,30450647040.0,0.0003,129.81909656524658,152.66796875,0,0,exported_float_payload,False
operand_hybrid_plain_h16,Operand hybrid + plain H16,7270,2.6521925926208496,3.14274263381958,0.11724235862493515,34972.09043510008,90.01730578228064,30492590080.0,0.0003,129.81909656524658,152.66796875,0,0,exported_float_payload,False
operand_hybrid_plain_h16,Operand hybrid + plain H16,7280,2.6331870555877686,3.1610107421875,0.11849101632833481,34970.08382621509,90.01214082006825,30534533120.0,0.0003,129.81909656524658,152.66796875,0,0,exported_float_payload,False
operand_hybrid_plain_h16,Operand hybrid + plain H16,7290,2.6652565002441406,3.2313547134399414,0.18069833517074585,34899.44482644303,89.83031776163725,30576476160.0,0.0003,129.81909656524658,152.66796875,0,0,exported_float_payload,False
operand_hybrid_plain_h16,Operand hybrid + plain H16,7300,2.688361406326294,3.198483943939209,0.12305702269077301,34910.87835284504,89.85974737906916,30618419200.0,0.0003,129.81909656524658,152.66796875,0,0,exported_float_payload,False
operand_hybrid_plain_h16,Operand hybrid + plain H16,7310,2.6267263889312744,3.183346748352051,0.11671503633260727,34942.46767754463,89.94105752855009,30660362240.0,0.0003,129.81909656524658,152.66796875,0,0,exported_float_payload,False
operand_hybrid_plain_h16,Operand hybrid + plain H16,7320,2.65262770652771,3.0756454467773438,0.09506519138813019,34888.24153667461,89.80148076767136,30702305280.0,0.0003,129.81909656524658,152.66796875,0,0,exported_float_payload,False
operand_hybrid_plain_h16,Operand hybrid + plain H16,7330,2.639996290206909,3.1296796798706055,0.1044786125421524,34968.75836901963,90.00872912565193,30744248320.0,0.0003,129.81909656524658,152.66796875,0,0,exported_float_payload,False
operand_hybrid_plain_h16,Operand hybrid + plain H16,7340,2.646296262741089,3.3345417976379395,0.1767665445804596,34836.2162774053,89.66756902222569,30786191360.0,0.0003,129.81909656524658,152.66796875,0,0,exported_float_payload,False
operand_hybrid_plain_h16,Operand hybrid + plain H16,7350,2.6682801246643066,3.4176578521728516,0.12568873167037964,34937.65724044491,89.92867558106099,30828134400.0,0.0003,129.81909656524658,152.66796875,0,0,exported_float_payload,False
operand_hybrid_plain_h16,Operand hybrid + plain H16,7360,2.6614112854003906,3.0976057052612305,0.12620113790035248,34862.73088226191,89.73581696689754,30870077440.0,0.0003,129.81909656524658,152.66796875,0,0,exported_float_payload,False
operand_hybrid_plain_h16,Operand hybrid + plain H16,7370,2.6367833614349365,3.180757522583008,0.1210850402712822,34942.32827448561,89.9406987084843,30912020480.0,0.0003,129.81909656524658,152.66796875,0,0,exported_float_payload,False
operand_hybrid_plain_h16,Operand hybrid + plain H16,7380,2.657482624053955,3.1413326263427734,0.12634925544261932,34865.783917692344,89.74367540545488,30953963520.0,0.0003,129.81909656524658,152.66796875,0,0,exported_float_payload,False
operand_hybrid_plain_h16,Operand hybrid + plain H16,7390,2.6443002223968506,3.162543773651123,0.08070734143257141,34903.791963714306,89.8415071866947,30995906560.0,0.0003,129.81909656524658,152.66796875,0,0,exported_float_payload,False
operand_hybrid_plain_h16,Operand hybrid + plain H16,7400,2.6956539154052734,3.221062660217285,0.10321313142776489,34883.321703140915,89.78881723643572,31037849600.0,0.0003,129.81909656524658,152.66796875,0,0,exported_float_payload,False
operand_hybrid_plain_h16,Operand hybrid + plain H16,7410,2.675686836242676,3.2612648010253906,0.25368577241897583,34910.58032266965,89.85898025668396,31079792640.0,0.0003,129.81909656524658,152.66796875,0,0,exported_float_payload,False
operand_hybrid_plain_h16,Operand hybrid + plain H16,7420,2.5991125106811523,3.0661611557006836,0.10051751136779785,34905.14704389455,89.84499512994964,31121735680.0,0.0003,129.81909656524658,152.66796875,0,0,exported_float_payload,False
operand_hybrid_plain_h16,Operand hybrid + plain H16,7430,2.65743350982666,3.1250243186950684,0.09102560579776764,34945.85313060279,89.94977160195424,31163678720.0,0.0003,129.81909656524658,152.66796875,0,0,exported_float_payload,False
operand_hybrid_plain_h16,Operand hybrid + plain H16,7440,2.6929330825805664,3.2368478775024414,0.1349366307258606,34899.70200441127,89.83097973144001,31205621760.0,0.0003,129.81909656524658,152.66796875,0,0,exported_float_payload,False
operand_hybrid_plain_h16,Operand hybrid + plain H16,7450,2.6588683128356934,3.3036673069000244,0.13556945323944092,34885.49606717957,89.79441399631236,31247564800.0,0.0003,129.81909656524658,152.66796875,0,0,exported_float_payload,False
operand_hybrid_plain_h16,Operand hybrid + plain H16,7460,2.6600165367126465,3.2958312034606934,0.08353409916162491,34883.98952554841,89.79053619498569,31289507840.0,0.0003,129.81909656524658,152.66796875,0,0,exported_float_payload,False
operand_hybrid_plain_h16,Operand hybrid + plain H16,7470,2.6375222206115723,3.0739922523498535,0.12623542547225952,34957.670130903374,89.98018827182592,31331450880.0,0.0003,129.81909656524658,152.66796875,0,0,exported_float_payload,False
operand_hybrid_plain_h16,Operand hybrid + plain H16,7480,2.624643087387085,3.138418674468994,0.12567031383514404,34962.127302823385,89.99166092337909,31373393920.0,0.0003,129.81909656524658,152.66796875,0,0,exported_float_payload,False
operand_hybrid_plain_h16,Operand hybrid + plain H16,7490,2.63533353805542,3.3217086791992188,0.14506272971630096,34824.619887564775,89.63772019828471,31415336960.0,0.0003,129.81909656524658,152.66796875,0,0,exported_float_payload,False
operand_hybrid_plain_h16,Operand hybrid + plain H16,7500,2.656299114227295,3.208812952041626,0.1405567079782486,34867.61423702209,89.748386602662,31457280000.0,0.0003,129.81909656524658,152.66796875,0,0,exported_float_payload,False
operand_hybrid_plain_h16,Operand hybrid + plain H16,7510,2.6585018634796143,3.0639564990997314,0.11038738489151001,34933.65731826092,89.9183798791495,31499223040.0,0.0003,129.81909656524658,152.66796875,0,0,exported_float_payload,False
operand_hybrid_plain_h16,Operand hybrid + plain H16,7520,2.7052817344665527,3.2894983291625977,0.3622577488422394,34870.79636890369,89.75657733232848,31541166080.0,0.0003,129.81909656524658,152.66796875,0,0,exported_float_payload,False
operand_hybrid_plain_h16,Operand hybrid + plain H16,7530,2.6555662155151367,3.1383368968963623,0.13111959397792816,34929.55226427115,89.90781357054018,31583109120.0,0.0003,129.81909656524658,152.66796875,0,0,exported_float_payload,False
operand_hybrid_plain_h16,Operand hybrid + plain H16,7540,2.6250226497650146,3.15347957611084,0.09968986362218857,34847.18303400447,89.69579718559669,31625052160.0,0.0003,129.81909656524658,152.66796875,0,0,exported_float_payload,False
operand_hybrid_plain_h16,Operand hybrid + plain H16,7550,2.695944309234619,5.856295585632324,0.14974601566791534,34957.46949768311,89.97967184682204,31666995200.0,0.0003,129.81909656524658,152.66796875,0,0,exported_float_payload,False
operand_hybrid_plain_h16,Operand hybrid + plain H16,7560,2.6306276321411133,3.087905168533325,0.16224636137485504,34916.12705118013,89.8732574002635,31708938240.0,0.0003,129.81909656524658,152.66796875,0,0,exported_float_payload,False
operand_hybrid_plain_h16,Operand hybrid + plain H16,7570,2.670048475265503,3.0942070484161377,0.1191239133477211,34881.892899511484,89.78513953082495,31750881280.0,0.0003,129.81909656524658,152.66796875,0,0,exported_float_payload,False
operand_hybrid_plain_h16,Operand hybrid + plain H16,7580,2.6343190670013428,3.422733783721924,0.11622145771980286,34882.57153632651,89.78688632539553,31792824320.0,0.0003,129.81909656524658,152.66796875,0,0,exported_float_payload,False
operand_hybrid_plain_h16,Operand hybrid + plain H16,7590,2.6414380073547363,3.1084704399108887,0.1255076825618744,34951.46796975657,89.96422406066449,31834767360.0,0.0003,129.81909656524658,152.66796875,0,0,exported_float_payload,False
operand_hybrid_plain_h16,Operand hybrid + plain H16,7600,2.6133437156677246,3.0786585807800293,0.11244986206293106,34953.16516159481,89.96859259096315,31876710400.0,0.0003,129.81909656524658,152.66796875,0,0,exported_float_payload,False
operand_hybrid_plain_h16,Operand hybrid + plain H16,7610,2.673614263534546,3.599743366241455,0.10480860620737076,34876.3707724539,89.77092571078369,31918653440.0,0.0003,129.81909656524658,152.66796875,0,0,exported_float_payload,False
operand_hybrid_plain_h16,Operand hybrid + plain H16,7620,2.626427173614502,3.1155405044555664,0.13670437037944794,34910.95353676557,89.8599409006425,31960596480.0,0.0003,129.81909656524658,152.66796875,0,0,exported_float_payload,False
operand_hybrid_plain_h16,Operand hybrid + plain H16,7630,2.661003828048706,3.3302433490753174,0.161717027425766,34909.90596432761,89.85724447479826,32002539520.0,0.0003,129.81909656524658,152.66796875,0,0,exported_float_payload,False
operand_hybrid_plain_h16,Operand hybrid + plain H16,7640,2.6294643878936768,3.1334269046783447,0.13861167430877686,34884.59078526645,89.79208382280032,32044482560.0,0.0003,129.81909656524658,152.66796875,0,0,exported_float_payload,False
operand_hybrid_plain_h16,Operand hybrid + plain H16,7650,2.634592294692993,3.0987675189971924,0.13806940615177155,34894.01191043212,89.81633356864909,32086425600.0,0.0003,129.81909656524658,152.66796875,0,0,exported_float_payload,False
operand_hybrid_plain_h16,Operand hybrid + plain H16,7660,2.6645514965057373,3.1269659996032715,0.2153366506099701,34952.438305488395,89.96672168111543,32128368640.0,0.0003,129.81909656524658,152.66796875,0,0,exported_float_payload,False
operand_hybrid_plain_h16,Operand hybrid + plain H16,7670,2.652971029281616,3.0761961936950684,0.11494903266429901,34910.4131175111,89.8585498746937,32170311680.0,0.0003,129.81909656524658,152.66796875,0,0,exported_float_payload,False
operand_hybrid_plain_h16,Operand hybrid + plain H16,7680,2.650855302810669,3.1148219108581543,0.1516021192073822,34889.467164148795,89.80463550282578,32212254720.0,0.0003,129.81909656524658,152.66796875,0,0,exported_float_payload,False
operand_hybrid_plain_h16,Operand hybrid + plain H16,7690,2.6426172256469727,3.229736328125,0.08358030021190643,34900.01378606187,89.83178224978622,32254197760.0,0.0003,129.81909656524658,152.66796875,0,0,exported_float_payload,False
operand_hybrid_plain_h16,Operand hybrid + plain H16,7700,2.6611149311065674,3.2431864738464355,0.16820795834064484,34909.489474900736,89.85617244119582,32296140800.0,0.0003,129.81909656524658,152.66796875,0,0,exported_float_payload,False
operand_hybrid_plain_h16,Operand hybrid + plain H16,7710,2.596003293991089,3.144688844680786,0.10151387751102448,34909.87669624575,89.8571691394711,32338083840.0,0.0003,129.81909656524658,152.66796875,0,0,exported_float_payload,False
operand_hybrid_plain_h16,Operand hybrid + plain H16,7720,2.6481728553771973,3.1794378757476807,0.17889441549777985,34893.87848786517,89.81599014222367,32380026880.0,0.0003,129.81909656524658,152.66796875,0,0,exported_float_payload,False
operand_hybrid_plain_h16,Operand hybrid + plain H16,7730,2.644571304321289,3.272209882736206,0.16362828016281128,34926.07638154182,89.89886673337327,32421969920.0,0.0003,129.81909656524658,152.66796875,0,0,exported_float_payload,False
operand_hybrid_plain_h16,Operand hybrid + plain H16,7740,2.6695170402526855,3.6040756702423096,0.09978678822517395,34900.68958000709,89.8335217268794,32463912960.0,0.0003,129.81909656524658,152.66796875,0,0,exported_float_payload,False
operand_hybrid_plain_h16,Operand hybrid + plain H16,7750,2.643393039703369,3.253477096557617,0.2501858174800873,34893.23958444981,89.81434562045246,32505856000.0,0.0003,129.81909656524658,152.66796875,0,0,exported_float_payload,False
operand_hybrid_plain_h16,Operand hybrid + plain H16,7760,2.6059110164642334,3.1746859550476074,0.12647582590579987,34947.665490756335,89.95443657268089,32547799040.0,0.0003,129.81909656524658,152.66796875,0,0,exported_float_payload,False
operand_hybrid_plain_h16,Operand hybrid + plain H16,7770,2.639930009841919,3.1420607566833496,0.13743068277835846,34917.101254131514,89.87576497484305,32589742080.0,0.0003,129.81909656524658,152.66796875,0,0,exported_float_payload,False
operand_hybrid_plain_h16,Operand hybrid + plain H16,7780,2.635392427444458,3.173900604248047,0.11236655712127686,34872.544205298655,89.761076220478,32631685120.0,0.0003,129.81909656524658,152.66796875,0,0,exported_float_payload,False
operand_hybrid_plain_h16,Operand hybrid + plain H16,7790,2.6650264263153076,3.249232292175293,0.101897694170475,34886.96342879607,89.79819094923918,32673628160.0,0.0003,129.81909656524658,152.66796875,0,0,exported_float_payload,False
operand_hybrid_plain_h16,Operand hybrid + plain H16,7800,2.6388392448425293,3.3094089031219482,0.10140912979841232,34914.76953714219,89.86976319231835,32715571200.0,0.0003,129.81909656524658,152.66796875,0,0,exported_float_payload,False
operand_hybrid_plain_h16,Operand hybrid + plain H16,7810,2.626453399658203,3.1323394775390625,0.09119509160518646,34868.63747793256,89.75102039974936,32757514240.0,0.0003,129.81909656524658,152.66796875,0,0,exported_float_payload,False
operand_hybrid_plain_h16,Operand hybrid + plain H16,7820,2.631500720977783,3.134831666946411,0.3548385500907898,34887.46973917435,89.79949417977458,32799457280.0,0.0003,129.81909656524658,152.66796875,0,0,exported_float_payload,False
operand_hybrid_plain_h16,Operand hybrid + plain H16,7830,2.597715139389038,2.968874931335449,0.08937446027994156,34933.78550709498,89.91870983407439,32841400320.0,0.0003,129.81909656524658,152.66796875,0,0,exported_float_payload,False
operand_hybrid_plain_h16,Operand hybrid + plain H16,7840,2.6320016384124756,3.0950984954833984,0.08333693444728851,34905.29120348424,89.84536619320909,32883343360.0,0.0003,129.81909656524658,152.66796875,0,0,exported_float_payload,False
operand_hybrid_plain_h16,Operand hybrid + plain H16,7850,2.6138505935668945,3.2029218673706055,0.2189013659954071,34940.07950190267,89.93491042283381,32925286400.0,0.0003,129.81909656524658,152.66796875,0,0,exported_float_payload,False
operand_hybrid_plain_h16,Operand hybrid + plain H16,7860,2.5989177227020264,3.0736777782440186,0.11837830394506454,34905.45246999011,89.84578128925256,32967229440.0,0.0003,129.81909656524658,152.66796875,0,0,exported_float_payload,False
operand_hybrid_plain_h16,Operand hybrid + plain H16,7870,2.6126084327697754,3.2781529426574707,0.13703113794326782,34912.92749585464,89.86502182307841,33009172480.0,0.0003,129.81909656524658,152.66796875,0,0,exported_float_payload,False
operand_hybrid_plain_h16,Operand hybrid + plain H16,7880,2.6461637020111084,3.6565446853637695,0.17006269097328186,34946.07694218633,89.95034768749852,33051115520.0,0.0003,129.81909656524658,152.66796875,0,0,exported_float_payload,False
operand_hybrid_plain_h16,Operand hybrid + plain H16,7890,2.6160171031951904,3.341707229614258,0.09309978038072586,34887.02894910789,89.79835959691995,33093058560.0,0.0003,129.81909656524658,152.66796875,0,0,exported_float_payload,False
operand_hybrid_plain_h16,Operand hybrid + plain H16,7900,2.682079315185547,3.5706264972686768,0.1251150220632553,34939.90898520708,89.93447151702817,33135001600.0,0.0003,129.81909656524658,152.66796875,0,0,exported_float_payload,False
operand_hybrid_plain_h16,Operand hybrid + plain H16,7910,2.6746184825897217,4.716741561889648,0.08699269592761993,34932.525635135804,89.91546695445284,33176944640.0,0.0003,129.81909656524658,152.66796875,0,0,exported_float_payload,False
operand_hybrid_plain_h16,Operand hybrid + plain H16,7920,2.6889350414276123,4.915189743041992,0.12517209351062775,34897.39018225641,89.82502915773283,33218887680.0,0.0003,129.81909656524658,152.66796875,0,0,exported_float_payload,False
operand_hybrid_plain_h16,Operand hybrid + plain H16,7930,2.648461103439331,3.587399959564209,0.168254554271698,34944.44014327639,89.94613460712081,33260830720.0,0.0003,129.81909656524658,152.66796875,0,0,exported_float_payload,False
operand_hybrid_plain_h16,Operand hybrid + plain H16,7940,2.654296636581421,3.2222373485565186,0.09898456931114197,34952.664725537325,89.96730448078587,33302773760.0,0.0003,129.81909656524658,152.66796875,0,0,exported_float_payload,False
operand_hybrid_plain_h16,Operand hybrid + plain H16,7950,2.6523892879486084,3.4016547203063965,0.10927201807498932,34893.84176489545,89.81589561819742,33344716800.0,0.0003,129.81909656524658,152.66796875,0,0,exported_float_payload,False
operand_hybrid_plain_h16,Operand hybrid + plain H16,7960,2.6314914226531982,3.090862512588501,0.1707237809896469,34941.226693332086,89.93786326552659,33386659840.0,0.0003,129.81909656524658,152.66796875,0,0,exported_float_payload,False
operand_hybrid_plain_h16,Operand hybrid + plain H16,7970,2.628053665161133,3.445587158203125,0.10584471374750137,34935.05927133139,89.92198847207793,33428602880.0,0.0003,129.81909656524658,152.66796875,0,0,exported_float_payload,False
operand_hybrid_plain_h16,Operand hybrid + plain H16,7980,2.6314749717712402,3.149169445037842,0.12853874266147614,34871.712895763616,89.75893645005867,33470545920.0,0.0003,129.81909656524658,152.66796875,0,0,exported_float_payload,False
operand_hybrid_plain_h16,Operand hybrid + plain H16,7990,2.6036534309387207,3.1318116188049316,0.13635195791721344,34925.725328156404,89.89796313054177,33512488960.0,0.0003,129.81909656524658,152.66796875,0,0,exported_float_payload,False
operand_hybrid_plain_h16,Operand hybrid + plain H16,8000,2.6387977600097656,3.2099575996398926,0.24378283321857452,34959.22514616548,89.98419084309357,33554432000.0,0.0003,129.81909656524658,152.66796875,0,0,exported_float_payload,False
operand_hybrid_plain_h16,Operand hybrid + plain H16,8010,2.6388425827026367,3.0984344482421875,0.10645636916160583,27543.03081207645,70.8950879382675,33596375040.0,0.0003,129.81909656524658,152.66796875,0,0,exported_float_payload,False
operand_hybrid_plain_h16,Operand hybrid + plain H16,8020,2.664562463760376,3.106492519378662,0.17711544036865234,34872.90565091195,89.76200657265,33638318080.0,0.0003,129.81909656524658,152.66796875,0,0,exported_float_payload,False
operand_hybrid_plain_h16,Operand hybrid + plain H16,8030,2.593123197555542,3.0830912590026855,0.13824325799942017,34946.00009195689,89.9501498768868,33680261120.0,0.0003,129.81909656524658,152.66796875,0,0,exported_float_payload,False
operand_hybrid_plain_h16,Operand hybrid + plain H16,8040,2.6466610431671143,3.1938042640686035,0.14099064469337463,34987.192947189506,90.05617927917261,33722204160.0,0.0003,129.81909656524658,152.66796875,0,0,exported_float_payload,False
operand_hybrid_plain_h16,Operand hybrid + plain H16,8050,2.660249710083008,3.6007516384124756,0.13809937238693237,34953.534126636594,89.96954229796026,33764147200.0,0.0003,129.81909656524658,152.66796875,0,0,exported_float_payload,False
operand_hybrid_plain_h16,Operand hybrid + plain H16,8060,2.6365225315093994,3.3371288776397705,0.10069533437490463,34930.61912036714,89.91055963204877,33806090240.0,0.0003,129.81909656524658,152.66796875,0,0,exported_float_payload,False
operand_hybrid_plain_h16,Operand hybrid + plain H16,8070,2.6309735774993896,3.262665271759033,0.17976923286914825,27348.249002444176,70.39372432229969,33848033280.0,0.0003,129.81909656524658,152.66796875,0,0,exported_float_payload,False
operand_hybrid_plain_h16,Operand hybrid + plain H16,8080,2.6250016689300537,3.335383653640747,0.09263622760772705,34984.079980277624,90.04816657844725,33889976320.0,0.0003,129.81909656524658,152.66796875,0,0,exported_float_payload,False
operand_hybrid_plain_h16,Operand hybrid + plain H16,8090,2.6360692977905273,3.079582929611206,0.16320468485355377,34941.25981450279,89.93794851861023,33931919360.0,0.0003,129.81909656524658,152.66796875,0,0,exported_float_payload,False
operand_hybrid_plain_h16,Operand hybrid + plain H16,8100,2.667954921722412,3.2026920318603516,0.32399293780326843,34929.077649255225,89.90659192309258,33973862400.0,0.0003,129.81909656524658,152.66796875,0,0,exported_float_payload,False
operand_hybrid_plain_h16,Operand hybrid + plain H16,8110,2.6491761207580566,3.289745807647705,0.1289173662662506,34964.67783780282,89.99822593806067,34015805440.0,0.0003,129.81909656524658,152.66796875,0,0,exported_float_payload,False
operand_hybrid_plain_h16,Operand hybrid + plain H16,8120,2.6026642322540283,3.0550804138183594,0.07787101715803146,34918.25057820473,89.87872330690884,34057748480.0,0.0003,129.81909656524658,152.66796875,0,0,exported_float_payload,False
operand_hybrid_plain_h16,Operand hybrid + plain H16,8130,2.6336991786956787,3.3634214401245117,0.2187134027481079,34907.40684175351,89.85081179439106,34099691520.0,0.0003,129.81909656524658,152.66796875,0,0,exported_float_payload,False
operand_hybrid_plain_h16,Operand hybrid + plain H16,8140,2.6390511989593506,3.106320381164551,0.09089556336402893,34977.64187213899,90.03159504549727,34141634560.0,0.0003,129.81909656524658,152.66796875,0,0,exported_float_payload,False
operand_hybrid_plain_h16,Operand hybrid + plain H16,8150,2.6491751670837402,3.339646577835083,0.14745517075061798,34890.38399850723,89.80699541204962,34183577600.0,0.0003,129.81909656524658,152.66796875,0,0,exported_float_payload,False
operand_hybrid_plain_h16,Operand hybrid + plain H16,8160,2.652785301208496,3.196234703063965,0.09935417026281357,34839.497140500745,89.67601388362283,34225520640.0,0.0003,129.81909656524658,152.66796875,0,0,exported_float_payload,False
operand_hybrid_plain_h16,Operand hybrid + plain H16,8170,2.631373882293701,3.1313958168029785,0.12153184413909912,34942.298070802375,89.94062096494208,34267463680.0,0.0003,129.81909656524658,152.66796875,0,0,exported_float_payload,False
operand_hybrid_plain_h16,Operand hybrid + plain H16,8180,2.619218111038208,3.1134634017944336,0.12375733256340027,34887.90776010747,89.8006216349477,34309406720.0,0.0003,129.81909656524658,152.66796875,0,0,exported_float_payload,False
operand_hybrid_plain_h16,Operand hybrid + plain H16,8190,2.6069397926330566,3.094886302947998,0.15199606120586395,34927.28475313634,89.90197705231529,34351349760.0,0.0003,129.81909656524658,152.66796875,0,0,exported_float_payload,False
operand_hybrid_plain_h16,Operand hybrid + plain H16,8200,2.645794630050659,3.1448311805725098,0.12221797555685043,34935.640654240015,89.92348493747107,34393292800.0,0.0003,129.81909656524658,152.66796875,0,0,exported_float_payload,False
operand_hybrid_plain_h16,Operand hybrid + plain H16,8210,2.6259803771972656,3.060300827026367,0.09277556836605072,34895.909668828725,89.82121835236555,34435235840.0,0.0003,129.81909656524658,152.66796875,0,0,exported_float_payload,False
operand_hybrid_plain_h16,Operand hybrid + plain H16,8220,2.662282705307007,4.509784698486328,0.11616548895835876,34930.643379649206,89.91062207484771,34477178880.0,0.0003,129.81909656524658,152.66796875,0,0,exported_float_payload,False
operand_hybrid_plain_h16,Operand hybrid + plain H16,8230,2.651992082595825,3.4373416900634766,0.09800878167152405,34871.20194393291,89.75762127253819,34519121920.0,0.0003,129.81909656524658,152.66796875,0,0,exported_float_payload,False
operand_hybrid_plain_h16,Operand hybrid + plain H16,8240,2.644606113433838,4.056736946105957,0.12302439659833908,34964.62995402463,89.99810268638629,34561064960.0,0.0003,129.81909656524658,152.66796875,0,0,exported_float_payload,False
operand_hybrid_plain_h16,Operand hybrid + plain H16,8250,2.6464505195617676,3.157893180847168,0.14635123312473297,34921.158590717925,89.88620846002271,34603008000.0,0.0003,129.81909656524658,152.66796875,0,0,exported_float_payload,False
operand_hybrid_plain_h16,Operand hybrid + plain H16,8260,2.646392583847046,4.039236068725586,0.15267597138881683,34901.55732672921,89.83575528572747,34644951040.0,0.0003,129.81909656524658,152.66796875,0,0,exported_float_payload,False
operand_hybrid_plain_h16,Operand hybrid + plain H16,8270,2.631829023361206,3.2214670181274414,0.13375940918922424,34895.41656384448,89.81994911219155,34686894080.0,0.0003,129.81909656524658,152.66796875,0,0,exported_float_payload,False
operand_hybrid_plain_h16,Operand hybrid + plain H16,8280,2.6522367000579834,3.3104841709136963,0.17329485714435577,34985.42332012061,90.05162430236112,34728837120.0,0.0003,129.81909656524658,152.66796875,0,0,exported_float_payload,False
operand_hybrid_plain_h16,Operand hybrid + plain H16,8290,2.6025898456573486,3.0587713718414307,0.09902368485927582,34927.98834618451,89.90378808361984,34770780160.0,0.0003,129.81909656524658,152.66796875,0,0,exported_float_payload,False
operand_hybrid_plain_h16,Operand hybrid + plain H16,8300,2.6458404064178467,3.5097763538360596,0.16708703339099884,34867.09682732505,89.74705480275144,34812723200.0,0.0003,129.81909656524658,152.66796875,0,0,exported_float_payload,False
operand_hybrid_plain_h16,Operand hybrid + plain H16,8310,2.632585287094116,3.1083226203918457,0.19171197712421417,34874.64286818143,89.76647812743016,34854666240.0,0.0003,129.81909656524658,152.66796875,0,0,exported_float_payload,False
operand_hybrid_plain_h16,Operand hybrid + plain H16,8320,2.632587432861328,3.2260894775390625,0.09571723639965057,34897.4880588402,89.82528108966662,34896609280.0,0.0003,129.81909656524658,152.66796875,0,0,exported_float_payload,False
operand_hybrid_plain_h16,Operand hybrid + plain H16,8330,2.6014208793640137,3.261996269226074,0.131453737616539,34900.462173186395,89.83293638728257,34938552320.0,0.0003,129.81909656524658,152.66796875,0,0,exported_float_payload,False
operand_hybrid_plain_h16,Operand hybrid + plain H16,8340,2.6337413787841797,3.2132420539855957,0.16047149896621704,34905.16350243985,89.84503749384285,34980495360.0,0.0003,129.81909656524658,152.66796875,0,0,exported_float_payload,False
operand_hybrid_plain_h16,Operand hybrid + plain H16,8350,2.6414077281951904,3.3291096687316895,0.12741166353225708,33727.94014588888,86.8148933548373,35022438400.0,0.0003,129.81909656524658,152.66796875,0,0,exported_float_payload,False
operand_hybrid_plain_h16,Operand hybrid + plain H16,8360,2.645343780517578,3.3010473251342773,0.12682241201400757,34855.9224387169,89.71829219966553,35064381440.0,0.0003,129.81909656524658,152.66796875,0,0,exported_float_payload,False
operand_hybrid_plain_h16,Operand hybrid + plain H16,8370,2.624385356903076,3.1206674575805664,0.13162808120250702,34897.85245419052,89.82621903438961,35106324480.0,0.0003,129.81909656524658,152.66796875,0,0,exported_float_payload,False
operand_hybrid_plain_h16,Operand hybrid + plain H16,8380,2.6310994625091553,3.198575019836426,0.2939218282699585,34906.58001961375,89.84868357441748,35148267520.0,0.0003,129.81909656524658,152.66796875,0,0,exported_float_payload,False
operand_hybrid_plain_h16,Operand hybrid + plain H16,8390,2.635044574737549,3.049591541290283,0.11258142441511154,34897.746218682725,89.82594558678977,35190210560.0,0.0003,129.81909656524658,152.66796875,0,0,exported_float_payload,False
operand_hybrid_plain_h16,Operand hybrid + plain H16,8400,2.652259111404419,3.0773732662200928,0.10369909554719925,34953.51178737251,89.96948479724067,35232153600.0,0.0003,129.81909656524658,152.66796875,0,0,exported_float_payload,False
operand_hybrid_plain_h16,Operand hybrid + plain H16,8410,2.623790979385376,3.0688295364379883,0.2476363331079483,34944.824846033385,89.9471248226121,35274096640.0,0.0003,129.81909656524658,152.66796875,0,0,exported_float_payload,False
operand_hybrid_plain_h16,Operand hybrid + plain H16,8420,2.6451473236083984,3.05202579498291,0.15033815801143646,34962.44356191061,89.9924749665377,35316039680.0,0.0003,129.81909656524658,152.66796875,0,0,exported_float_payload,False
operand_hybrid_plain_h16,Operand hybrid + plain H16,8430,2.6124680042266846,3.2137393951416016,0.1414729356765747,34931.627933376585,89.9131562920716,35357982720.0,0.0003,129.81909656524658,152.66796875,0,0,exported_float_payload,False
operand_hybrid_plain_h16,Operand hybrid + plain H16,8440,2.6285746097564697,3.120215654373169,0.11914842575788498,34907.18893952746,89.8502509193885,35399925760.0,0.0003,129.81909656524658,152.66796875,0,0,exported_float_payload,False
operand_hybrid_plain_h16,Operand hybrid + plain H16,8450,2.646092414855957,3.1415610313415527,0.16575144231319427,34919.6252963998,89.88226179793384,35441868800.0,0.0003,129.81909656524658,152.66796875,0,0,exported_float_payload,False
operand_hybrid_plain_h16,Operand hybrid + plain H16,8460,2.640481948852539,3.053521156311035,0.1260616034269333,34956.188014910724,89.9763733414956,35483811840.0,0.0003,129.81909656524658,152.66796875,0,0,exported_float_payload,False
operand_hybrid_plain_h16,Operand hybrid + plain H16,8470,2.6299843788146973,3.288348436355591,0.10695929825305939,34900.137107873015,89.83209967711313,35525754880.0,0.0003,129.81909656524658,152.66796875,0,0,exported_float_payload,False
operand_hybrid_plain_h16,Operand hybrid + plain H16,8480,2.608819007873535,3.262242317199707,0.3290240466594696,34869.54156852113,89.7533475068211,35567697920.0,0.0003,129.81909656524658,152.66796875,0,0,exported_float_payload,False
operand_hybrid_plain_h16,Operand hybrid + plain H16,8490,2.6747899055480957,3.184675455093384,0.14075955748558044,34941.816244095695,89.93938075477878,35609640960.0,0.0003,129.81909656524658,152.66796875,0,0,exported_float_payload,False
operand_hybrid_plain_h16,Operand hybrid + plain H16,8500,2.6212971210479736,3.0229930877685547,0.1308668553829193,34954.63515274942,89.9723763122568,35651584000.0,0.0003,129.81909656524658,152.66796875,0,0,exported_float_payload,False
operand_hybrid_plain_h16,Operand hybrid + plain H16,8510,2.5944983959198,3.218212604522705,0.12963347136974335,34951.295380870055,89.96377982109004,35693527040.0,0.0003,129.81909656524658,152.66796875,0,0,exported_float_payload,False
operand_hybrid_plain_h16,Operand hybrid + plain H16,8520,2.6241495609283447,3.1063084602355957,0.09815169870853424,34883.58811117281,89.78950296419667,35735470080.0,0.0003,129.81909656524658,152.66796875,0,0,exported_float_payload,False
operand_hybrid_plain_h16,Operand hybrid + plain H16,8530,2.591113567352295,3.1933400630950928,0.12716209888458252,34948.694194084645,89.95708442989822,35777413120.0,0.0003,129.81909656524658,152.66796875,0,0,exported_float_payload,False
operand_hybrid_plain_h16,Operand hybrid + plain H16,8540,2.6111788749694824,3.195833206176758,0.11737608164548874,34932.68625218199,89.91588037880295,35819356160.0,0.0003,129.81909656524658,152.66796875,0,0,exported_float_payload,False
operand_hybrid_plain_h16,Operand hybrid + plain H16,8550,2.587284803390503,3.2841601371765137,0.12383024394512177,34965.67008657659,90.00077996214587,35861299200.0,0.0003,129.81909656524658,152.66796875,0,0,exported_float_payload,False
operand_hybrid_plain_h16,Operand hybrid + plain H16,8560,2.6262917518615723,3.3391122817993164,0.21034738421440125,34942.26480614493,89.94053534252706,35903242240.0,0.0003,129.81909656524658,152.66796875,0,0,exported_float_payload,False
operand_hybrid_plain_h16,Operand hybrid + plain H16,8570,2.57480788230896,3.5306365489959717,0.1508478820323944,34946.69729448701,89.9519444591541,35945185280.0,0.0003,129.81909656524658,152.66796875,0,0,exported_float_payload,False
operand_hybrid_plain_h16,Operand hybrid + plain H16,8580,2.6193745136260986,3.0105650424957275,0.0903087928891182,34892.54400234145,89.81255520911112,35987128320.0,0.0003,129.81909656524658,152.66796875,0,0,exported_float_payload,False
operand_hybrid_plain_h16,Operand hybrid + plain H16,8590,2.570655345916748,3.081965446472168,0.12720252573490143,34928.175565629426,89.90426998189392,36029071360.0,0.0003,129.81909656524658,152.66796875,0,0,exported_float_payload,False
operand_hybrid_plain_h16,Operand hybrid + plain H16,8600,2.6163973808288574,3.30671763420105,0.12317836284637451,34892.50126503322,89.81244520432458,36071014400.0,0.0003,129.81909656524658,152.66796875,0,0,exported_float_payload,False
operand_hybrid_plain_h16,Operand hybrid + plain H16,8610,2.6485838890075684,3.160050868988037,0.15428274869918823,34934.07819639698,89.91946320918208,36112957440.0,0.0003,129.81909656524658,152.66796875,0,0,exported_float_payload,False
operand_hybrid_plain_h16,Operand hybrid + plain H16,8620,2.6249380111694336,3.3764278888702393,0.5647116899490356,34931.58104686804,89.91303560734491,36154900480.0,0.0003,129.81909656524658,152.66796875,0,0,exported_float_payload,False
operand_hybrid_plain_h16,Operand hybrid + plain H16,8630,2.6460695266723633,3.1425716876983643,0.1438475400209427,34899.57030379766,89.83064073728039,36196843520.0,0.0003,129.81909656524658,152.66796875,0,0,exported_float_payload,False
operand_hybrid_plain_h16,Operand hybrid + plain H16,8640,2.6292285919189453,3.3266611099243164,0.25801020860671997,34944.09972866424,89.94525838823158,36238786560.0,0.0003,129.81909656524658,152.66796875,0,0,exported_float_payload,False
operand_hybrid_plain_h16,Operand hybrid + plain H16,8650,2.61224627494812,3.05326509475708,0.12080790847539902,34974.72442854108,90.0240856170019,36280729600.0,0.0003,129.81909656524658,152.66796875,0,0,exported_float_payload,False
operand_hybrid_plain_h16,Operand hybrid + plain H16,8660,2.595675230026245,2.9875926971435547,0.17071445286273956,34864.68220712239,89.74083962938244,36322672640.0,0.0003,129.81909656524658,152.66796875,0,0,exported_float_payload,False
operand_hybrid_plain_h16,Operand hybrid + plain H16,8670,2.6255743503570557,3.220947504043579,0.10428866744041443,34919.144440782926,89.88102408733197,36364615680.0,0.0003,129.81909656524658,152.66796875,0,0,exported_float_payload,False
operand_hybrid_plain_h16,Operand hybrid + plain H16,8680,2.630237579345703,3.7731666564941406,0.0980861485004425,34932.39549849476,89.91513198592037,36406558720.0,0.0003,129.81909656524658,152.66796875,0,0,exported_float_payload,False
operand_hybrid_plain_h16,Operand hybrid + plain H16,8690,2.60591721534729,3.271376132965088,0.12825056910514832,34856.11606644424,89.7187905927019,36448501760.0,0.0003,129.81909656524658,152.66796875,0,0,exported_float_payload,False
operand_hybrid_plain_h16,Operand hybrid + plain H16,8700,2.5906171798706055,3.1906230449676514,0.09864787012338638,34956.99288912129,89.97844506803605,36490444800.0,0.0003,129.81909656524658,152.66796875,0,0,exported_float_payload,False
operand_hybrid_plain_h16,Operand hybrid + plain H16,8710,2.628904342651367,3.3328728675842285,0.12246471643447876,34869.364925155045,89.75289283111539,36532387840.0,0.0003,129.81909656524658,152.66796875,0,0,exported_float_payload,False
operand_hybrid_plain_h16,Operand hybrid + plain H16,8720,2.6218650341033936,3.0242819786071777,0.08984614163637161,34896.297893466566,89.82221763309204,36574330880.0,0.0003,129.81909656524658,152.66796875,0,0,exported_float_payload,False
operand_hybrid_plain_h16,Operand hybrid + plain H16,8730,2.623469829559326,3.122236967086792,0.16909824311733246,34846.395816872624,89.69377090794521,36616273920.0,0.0003,129.81909656524658,152.66796875,0,0,exported_float_payload,False
operand_hybrid_plain_h16,Operand hybrid + plain H16,8740,2.584111452102661,3.1000454425811768,0.17981384694576263,34903.5439773588,89.8408688758784,36658216960.0,0.0003,129.81909656524658,152.66796875,0,0,exported_float_payload,False
operand_hybrid_plain_h16,Operand hybrid + plain H16,8750,2.6253809928894043,3.0747945308685303,0.16687364876270294,34862.05591027377,89.73407960550178,36700160000.0,0.0003,129.81909656524658,152.66796875,0,0,exported_float_payload,False
operand_hybrid_plain_h16,Operand hybrid + plain H16,8760,2.5971765518188477,3.121260404586792,0.1556224226951599,34941.490972510444,89.93854351367058,36742103040.0,0.0003,129.81909656524658,152.66796875,0,0,exported_float_payload,False
operand_hybrid_plain_h16,Operand hybrid + plain H16,8770,2.6818063259124756,5.859509468078613,0.15110290050506592,22908.96370565159,58.967112500002514,36784046080.0,0.0003,129.81909656524658,152.66796875,0,0,exported_float_payload,False
operand_hybrid_plain_h16,Operand hybrid + plain H16,8780,2.605280876159668,3.1857917308807373,0.13931111991405487,35009.8721677848,90.11455503852332,36825989120.0,0.0003,129.81909656524658,152.66796875,0,0,exported_float_payload,False
operand_hybrid_plain_h16,Operand hybrid + plain H16,8790,2.6280109882354736,3.2198991775512695,0.14137250185012817,34956.16484449979,89.97631370142435,36867932160.0,0.0003,129.81909656524658,152.66796875,0,0,exported_float_payload,False
operand_hybrid_plain_h16,Operand hybrid + plain H16,8800,2.6117448806762695,3.303860902786255,0.11696921288967133,34863.128148315234,89.73683952000644,36909875200.0,0.0003,129.81909656524658,152.66796875,0,0,exported_float_payload,False
operand_hybrid_plain_h16,Operand hybrid + plain H16,8810,2.589306592941284,3.421250343322754,0.18523071706295013,34866.5380558038,89.7456165385166,36951818240.0,0.0003,129.81909656524658,152.66796875,0,0,exported_float_payload,False
operand_hybrid_plain_h16,Operand hybrid + plain H16,8820,2.605584144592285,3.1372275352478027,0.1214815303683281,34879.10512510627,89.77796386766144,36993761280.0,0.0003,129.81909656524658,152.66796875,0,0,exported_float_payload,False
operand_hybrid_plain_h16,Operand hybrid + plain H16,8830,2.6164791584014893,3.13315486907959,0.16569437086582184,34854.41413850545,89.71440987179618,37035704320.0,0.0003,129.81909656524658,152.66796875,0,0,exported_float_payload,False
operand_hybrid_plain_h16,Operand hybrid + plain H16,8840,2.6313323974609375,3.179826021194458,0.16248385608196259,34929.358856836916,89.9073157445329,37077647360.0,0.0003,129.81909656524658,152.66796875,0,0,exported_float_payload,False
operand_hybrid_plain_h16,Operand hybrid + plain H16,8850,2.6110057830810547,3.040043354034424,0.14776009321212769,34845.7964216639,89.69222807933197,37119590400.0,0.0003,129.81909656524658,152.66796875,0,0,exported_float_payload,False
operand_hybrid_plain_h16,Operand hybrid + plain H16,8860,2.6593384742736816,3.3030588626861572,0.26464512944221497,34875.84874496807,89.7695820247977,37161533440.0,0.0003,129.81909656524658,152.66796875,0,0,exported_float_payload,False
operand_hybrid_plain_h16,Operand hybrid + plain H16,8870,2.5809378623962402,3.0936031341552734,0.11424020677804947,34907.86554506028,89.85199248548831,37203476480.0,0.0003,129.81909656524658,152.66796875,0,0,exported_float_payload,False
operand_hybrid_plain_h16,Operand hybrid + plain H16,8880,2.6211295127868652,3.3348259925842285,0.16401244699954987,34910.096452470054,89.85773478661984,37245419520.0,0.0003,129.81909656524658,152.66796875,0,0,exported_float_payload,False
operand_hybrid_plain_h16,Operand hybrid + plain H16,8890,2.650810480117798,4.618350028991699,0.13778305053710938,34881.56921961794,89.7843063866923,37287362560.0,0.0003,129.81909656524658,152.66796875,0,0,exported_float_payload,False
operand_hybrid_plain_h16,Operand hybrid + plain H16,8900,2.6064822673797607,3.2105259895324707,0.10404430329799652,34899.09190163765,89.8294093418165,37329305600.0,0.0003,129.81909656524658,152.66796875,0,0,exported_float_payload,False
operand_hybrid_plain_h16,Operand hybrid + plain H16,8910,2.626786231994629,3.024069309234619,0.17369452118873596,34909.70942898578,89.85673859763327,37371248640.0,0.0003,129.81909656524658,152.66796875,0,0,exported_float_payload,False
operand_hybrid_plain_h16,Operand hybrid + plain H16,8920,2.570441722869873,2.9395580291748047,0.10158596187829971,34868.22578866817,89.74996072164778,37413191680.0,0.0003,129.81909656524658,152.66796875,0,0,exported_float_payload,False
operand_hybrid_plain_h16,Operand hybrid + plain H16,8930,2.59462833404541,3.170132637023926,0.10601335018873215,34892.634329629356,89.81278770934186,37455134720.0,0.0003,129.81909656524658,152.66796875,0,0,exported_float_payload,False
operand_hybrid_plain_h16,Operand hybrid + plain H16,8940,2.6073338985443115,3.0999221801757812,0.18516378104686737,34896.64797079682,89.82311872358142,37497077760.0,0.0003,129.81909656524658,152.66796875,0,0,exported_float_payload,False
operand_hybrid_plain_h16,Operand hybrid + plain H16,8950,2.6202526092529297,3.7747578620910645,0.10219616442918777,34924.64680007189,89.89518702562006,37539020800.0,0.0003,129.81909656524658,152.66796875,0,0,exported_float_payload,False
operand_hybrid_plain_h16,Operand hybrid + plain H16,8960,2.613811731338501,3.097947597503662,0.1722874492406845,34927.14992370509,89.90163000465556,37580963840.0,0.0003,129.81909656524658,152.66796875,0,0,exported_float_payload,False
operand_hybrid_plain_h16,Operand hybrid + plain H16,8970,2.6187314987182617,3.109063148498535,0.16659721732139587,34926.71668912446,89.90051486943676,37622906880.0,0.0003,129.81909656524658,152.66796875,0,0,exported_float_payload,False
operand_hybrid_plain_h16,Operand hybrid + plain H16,8980,2.6164958477020264,3.4390392303466797,0.13924942910671234,34907.095662411695,89.85001082637295,37664849920.0,0.0003,129.81909656524658,152.66796875,0,0,exported_float_payload,False
operand_hybrid_plain_h16,Operand hybrid + plain H16,8990,2.6395182609558105,3.689830780029297,0.1401611715555191,34882.46146151431,89.78660299552001,37706792960.0,0.0003,129.81909656524658,152.66796875,0,0,exported_float_payload,False
operand_hybrid_plain_h16,Operand hybrid + plain H16,9000,2.626152753829956,3.071471691131592,0.14334805309772491,34976.30474473081,90.0281533122387,37748736000.0,0.0003,129.81909656524658,152.66796875,0,0,exported_float_payload,False
operand_hybrid_plain_h16,Operand hybrid + plain H16,9010,2.600369691848755,3.0717034339904785,0.11088810861110687,27864.113192904235,71.72154613669616,37790679040.0,0.0003,129.81909656524658,152.66796875,0,0,exported_float_payload,False
operand_hybrid_plain_h16,Operand hybrid + plain H16,9020,2.635042905807495,3.179241180419922,0.21528775990009308,34888.08211941663,89.80107043154673,37832622080.0,0.0003,129.81909656524658,152.66796875,0,0,exported_float_payload,False
operand_hybrid_plain_h16,Operand hybrid + plain H16,9030,2.6249945163726807,3.0120511054992676,0.1478326916694641,34891.10029952178,89.80883915334894,37874565120.0,0.0003,129.81909656524658,152.66796875,0,0,exported_float_payload,False
operand_hybrid_plain_h16,Operand hybrid + plain H16,9040,2.6041314601898193,3.1783320903778076,0.13621316850185394,34943.7216989951,89.94428534910529,37916508160.0,0.0003,129.81909656524658,152.66796875,0,0,exported_float_payload,False
operand_hybrid_plain_h16,Operand hybrid + plain H16,9050,2.6484174728393555,3.168668746948242,0.10866450518369675,34954.53565777777,89.97212021463223,37958451200.0,0.0003,129.81909656524658,152.66796875,0,0,exported_float_payload,False
operand_hybrid_plain_h16,Operand hybrid + plain H16,9060,2.5823161602020264,3.003859519958496,0.16521216928958893,34948.83869299028,89.95745636654861,38000394240.0,0.0003,129.81909656524658,152.66796875,0,0,exported_float_payload,False
operand_hybrid_plain_h16,Operand hybrid + plain H16,9070,2.577052593231201,2.992837905883789,0.10785438865423203,34922.86026746216,89.89058853435978,38042337280.0,0.0003,129.81909656524658,152.66796875,0,0,exported_float_payload,False
operand_hybrid_plain_h16,Operand hybrid + plain H16,9080,2.6166911125183105,3.455232620239258,0.09259233623743057,34871.76231601337,89.75906365657333,38084280320.0,0.0003,129.81909656524658,152.66796875,0,0,exported_float_payload,False
operand_hybrid_plain_h16,Operand hybrid + plain H16,9090,2.595134735107422,3.0532772541046143,0.14012199640274048,34924.15579713747,89.89392319607093,38126223360.0,0.0003,129.81909656524658,152.66796875,0,0,exported_float_payload,False
operand_hybrid_plain_h16,Operand hybrid + plain H16,9100,2.65301513671875,4.570104598999023,0.12019909918308258,34875.94781658384,89.76983703271458,38168166400.0,0.0003,129.81909656524658,152.66796875,0,0,exported_float_payload,False
operand_hybrid_plain_h16,Operand hybrid + plain H16,9110,2.6067826747894287,3.3345515727996826,0.20109809935092926,34967.959287293306,90.00667230882432,38210109440.0,0.0003,129.81909656524658,152.66796875,0,0,exported_float_payload,False
operand_hybrid_plain_h16,Operand hybrid + plain H16,9120,2.610983371734619,3.2044506072998047,0.13332553207874298,34887.59541085533,89.799817655609,38252052480.0,0.0003,129.81909656524658,152.66796875,0,0,exported_float_payload,False
operand_hybrid_plain_h16,Operand hybrid + plain H16,9130,2.6357228755950928,3.167743682861328,0.10576308518648148,34927.81546607983,89.90334309445697,38293995520.0,0.0003,129.81909656524658,152.66796875,0,0,exported_float_payload,False
operand_hybrid_plain_h16,Operand hybrid + plain H16,9140,2.5918712615966797,3.153322219848633,0.525204598903656,34938.41594923817,89.93062847894593,38335938560.0,0.0003,129.81909656524658,152.66796875,0,0,exported_float_payload,False
operand_hybrid_plain_h16,Operand hybrid + plain H16,9150,2.604107618331909,3.358292579650879,0.11791668087244034,34941.25256581879,89.93792986067483,38377881600.0,0.0003,129.81909656524658,152.66796875,0,0,exported_float_payload,False
operand_hybrid_plain_h16,Operand hybrid + plain H16,9160,2.595926523208618,3.1059021949768066,0.07574993371963501,34935.64395996195,89.92349344631852,38419824640.0,0.0003,129.81909656524658,152.66796875,0,0,exported_float_payload,False
operand_hybrid_plain_h16,Operand hybrid + plain H16,9170,2.5989768505096436,3.013883113861084,0.14896619319915771,34901.20198748909,89.83484065121073,38461767680.0,0.0003,129.81909656524658,152.66796875,0,0,exported_float_payload,False
operand_hybrid_plain_h16,Operand hybrid + plain H16,9180,2.6120030879974365,3.166940689086914,0.17783688008785248,34911.24337385947,89.86068693423627,38503710720.0,0.0003,129.81909656524658,152.66796875,0,0,exported_float_payload,False
operand_hybrid_plain_h16,Operand hybrid + plain H16,9190,2.574141263961792,3.23626708984375,0.11562296748161316,34970.755017719006,90.01386845059005,38545653760.0,0.0003,129.81909656524658,152.66796875,0,0,exported_float_payload,False
operand_hybrid_plain_h16,Operand hybrid + plain H16,9200,2.6008012294769287,3.044112205505371,0.14090368151664734,34999.04064833671,90.08667497227293,38587596800.0,0.0003,129.81909656524658,152.66796875,0,0,exported_float_payload,False
operand_hybrid_plain_h16,Operand hybrid + plain H16,9210,2.6025516986846924,3.2032625675201416,0.20027965307235718,34921.249603990545,89.88644272596134,38629539840.0,0.0003,129.81909656524658,152.66796875,0,0,exported_float_payload,False
operand_hybrid_plain_h16,Operand hybrid + plain H16,9220,2.620802879333496,3.1885786056518555,0.10614433884620667,34940.91712204347,89.9370664365981,38671482880.0,0.0003,129.81909656524658,152.66796875,0,0,exported_float_payload,False
operand_hybrid_plain_h16,Operand hybrid + plain H16,9230,2.6082003116607666,3.1441383361816406,0.23021019995212555,34927.563253280954,89.90269390487876,38713425920.0,0.0003,129.81909656524658,152.66796875,0,0,exported_float_payload,False
operand_hybrid_plain_h16,Operand hybrid + plain H16,9240,2.584333658218384,3.2181897163391113,0.10745948553085327,34940.42730458617,89.93580565843806,38755368960.0,0.0003,129.81909656524658,152.66796875,0,0,exported_float_payload,False
operand_hybrid_plain_h16,Operand hybrid + plain H16,9250,2.6136655807495117,3.3361825942993164,0.1248292475938797,34968.44992172793,90.00793518986401,38797312000.0,0.0003,129.81909656524658,152.66796875,0,0,exported_float_payload,False
operand_hybrid_plain_h16,Operand hybrid + plain H16,9260,2.6445322036743164,3.879239559173584,0.1934240162372589,34916.160764508946,89.87334417754766,38839255040.0,0.0003,129.81909656524658,152.66796875,0,0,exported_float_payload,False
operand_hybrid_plain_h16,Operand hybrid + plain H16,9270,2.604104518890381,3.270625591278076,0.11702577769756317,34877.406336151835,89.77359122642471,38881198080.0,0.0003,129.81909656524658,152.66796875,0,0,exported_float_payload,False
operand_hybrid_plain_h16,Operand hybrid + plain H16,9280,2.594132900238037,3.082771062850952,0.11691302061080933,34924.452773128294,89.89468760501083,38923141120.0,0.0003,129.81909656524658,152.66796875,0,0,exported_float_payload,False
operand_hybrid_plain_h16,Operand hybrid + plain H16,9290,2.5783004760742188,3.1244187355041504,0.2014641910791397,34922.5434473044,89.88977304701932,38965084160.0,0.0003,129.81909656524658,152.66796875,0,0,exported_float_payload,False
operand_hybrid_plain_h16,Operand hybrid + plain H16,9300,2.6037044525146484,3.106727123260498,0.20059111714363098,34883.193891631694,89.78848825273572,39007027200.0,0.0003,129.81909656524658,152.66796875,0,0,exported_float_payload,False
operand_hybrid_plain_h16,Operand hybrid + plain H16,9310,2.609935998916626,3.2988152503967285,0.11328686028718948,34932.28456352841,89.91484644202912,39048970240.0,0.0003,129.81909656524658,152.66796875,0,0,exported_float_payload,False
operand_hybrid_plain_h16,Operand hybrid + plain H16,9320,2.6556763648986816,3.2785582542419434,0.33432191610336304,34878.0286203908,89.77519297084221,39090913280.0,0.0003,129.81909656524658,152.66796875,0,0,exported_float_payload,False
operand_hybrid_plain_h16,Operand hybrid + plain H16,9330,2.6118834018707275,3.059102773666382,0.1434767246246338,34905.013889472946,89.84465239372379,39132856320.0,0.0003,129.81909656524658,152.66796875,0,0,exported_float_payload,False
operand_hybrid_plain_h16,Operand hybrid + plain H16,9340,2.6251683235168457,3.1121039390563965,0.08375614136457443,34941.02120613089,89.93733434649447,39174799360.0,0.0003,129.81909656524658,152.66796875,0,0,exported_float_payload,False
operand_hybrid_plain_h16,Operand hybrid + plain H16,9350,2.6319828033447266,3.174015998840332,0.14805087447166443,34952.9112740519,89.96793909063476,39216742400.0,0.0003,129.81909656524658,152.66796875,0,0,exported_float_payload,False
operand_hybrid_plain_h16,Operand hybrid + plain H16,9360,2.6156833171844482,2.9970061779022217,0.1655309945344925,34945.81999909644,89.94968632226691,39258685440.0,0.0003,129.81909656524658,152.66796875,0,0,exported_float_payload,False
operand_hybrid_plain_h16,Operand hybrid + plain H16,9370,2.6179282665252686,3.356175422668457,0.09591667354106903,34952.73452687425,89.96748414772061,39300628480.0,0.0003,129.81909656524658,152.66796875,0,0,exported_float_payload,False
operand_hybrid_plain_h16,Operand hybrid + plain H16,9380,2.620218276977539,3.2331953048706055,0.21437984704971313,34997.40621990104,90.08246799343802,39342571520.0,0.0003,129.81909656524658,152.66796875,0,0,exported_float_payload,False
operand_hybrid_plain_h16,Operand hybrid + plain H16,9390,2.6247169971466064,3.4119532108306885,0.09448228031396866,34912.39422037001,89.86364918501852,39384514560.0,0.0003,129.81909656524658,152.66796875,0,0,exported_float_payload,False
operand_hybrid_plain_h16,Operand hybrid + plain H16,9400,2.6081719398498535,3.1544241905212402,0.09882980585098267,34878.55417316083,89.77654573082356,39426457600.0,0.0003,129.81909656524658,152.66796875,0,0,exported_float_payload,False
operand_hybrid_plain_h16,Operand hybrid + plain H16,9410,2.6361100673675537,3.548943281173706,0.25571486353874207,34860.70916938717,89.7306131273848,39468400640.0,0.0003,129.81909656524658,152.66796875,0,0,exported_float_payload,False
operand_hybrid_plain_h16,Operand hybrid + plain H16,9420,2.609506607055664,3.244163990020752,0.1767236739397049,34893.86109803516,89.81594538122637,39510343680.0,0.0003,129.81909656524658,152.66796875,0,0,exported_float_payload,False
operand_hybrid_plain_h16,Operand hybrid + plain H16,9430,2.627532720565796,3.8855319023132324,0.134926900267601,34941.04327959635,89.93739116305491,39552286720.0,0.0003,129.81909656524658,152.66796875,0,0,exported_float_payload,False
operand_hybrid_plain_h16,Operand hybrid + plain H16,9440,2.6230366230010986,3.0954699516296387,0.13803325593471527,34913.37897321669,89.86618391477063,39594229760.0,0.0003,129.81909656524658,152.66796875,0,0,exported_float_payload,False
operand_hybrid_plain_h16,Operand hybrid + plain H16,9450,2.609182357788086,3.169576644897461,0.1338525414466858,34891.72298147244,89.8104419214666,39636172800.0,0.0003,129.81909656524658,152.66796875,0,0,exported_float_payload,False
operand_hybrid_plain_h16,Operand hybrid + plain H16,9460,2.6472599506378174,3.9288957118988037,0.15331704914569855,34926.04596401896,89.89878843941308,39678115840.0,0.0003,129.81909656524658,152.66796875,0,0,exported_float_payload,False
operand_hybrid_plain_h16,Operand hybrid + plain H16,9470,2.6290555000305176,3.179046154022217,0.12597790360450745,34893.07242272889,89.81391535026957,39720058880.0,0.0003,129.81909656524658,152.66796875,0,0,exported_float_payload,False
operand_hybrid_plain_h16,Operand hybrid + plain H16,9480,2.623532772064209,3.355783700942993,0.16357706487178802,34883.7121581155,89.78982225799446,39762001920.0,0.0003,129.81909656524658,152.66796875,0,0,exported_float_payload,False
operand_hybrid_plain_h16,Operand hybrid + plain H16,9490,2.596329689025879,3.0515847206115723,0.19742967188358307,34872.64146936274,89.76132657580105,39803944960.0,0.0003,129.81909656524658,152.66796875,0,0,exported_float_payload,False
operand_hybrid_plain_h16,Operand hybrid + plain H16,9500,2.598680019378662,3.4341650009155273,0.22031505405902863,34855.74881420515,89.71784529441705,39845888000.0,0.0003,129.81909656524658,152.66796875,0,0,exported_float_payload,False
operand_hybrid_plain_h16,Operand hybrid + plain H16,9510,2.6726434230804443,4.390538215637207,0.3321402966976166,34977.93772186857,90.03235655546827,39887831040.0,0.0003,129.81909656524658,152.66796875,0,0,exported_float_payload,False
operand_hybrid_plain_h16,Operand hybrid + plain H16,9520,2.5850751399993896,3.6387038230895996,0.20770800113677979,34867.98389499852,89.74933809325591,39929774080.0,0.0003,129.81909656524658,152.66796875,0,0,exported_float_payload,False
operand_hybrid_plain_h16,Operand hybrid + plain H16,9530,2.5911240577697754,3.081876516342163,0.12137836962938309,34940.025458270895,89.93477131584689,39971717120.0,0.0003,129.81909656524658,152.66796875,0,0,exported_float_payload,False
operand_hybrid_plain_h16,Operand hybrid + plain H16,9540,2.6332435607910156,3.128049373626709,0.26325327157974243,34900.68361759196,89.83350637976862,40013660160.0,0.0003,129.81909656524658,152.66796875,0,0,exported_float_payload,False
operand_hybrid_plain_h16,Operand hybrid + plain H16,9550,2.627871036529541,3.1981687545776367,0.1703149825334549,34914.85138221844,89.86997385954366,40055603200.0,0.0003,129.81909656524658,152.66796875,0,0,exported_float_payload,False
operand_hybrid_plain_h16,Operand hybrid + plain H16,9560,2.617971658706665,3.1443943977355957,0.19554361701011658,34999.31397458278,90.08737850734802,40097546240.0,0.0003,129.81909656524658,152.66796875,0,0,exported_float_payload,False
operand_hybrid_plain_h16,Operand hybrid + plain H16,9570,2.6260507106781006,3.3034162521362305,0.21441328525543213,34875.28369087358,89.76812758937291,40139489280.0,0.0003,129.81909656524658,152.66796875,0,0,exported_float_payload,False
operand_hybrid_plain_h16,Operand hybrid + plain H16,9580,2.6076438426971436,3.229133129119873,0.15724097192287445,34903.50109602488,89.84075850037324,40181432320.0,0.0003,129.81909656524658,152.66796875,0,0,exported_float_payload,False
operand_hybrid_plain_h16,Operand hybrid + plain H16,9590,2.6141231060028076,3.0805246829986572,0.12412421405315399,34906.051586112204,89.84732339950364,40223375360.0,0.0003,129.81909656524658,152.66796875,0,0,exported_float_payload,False
operand_hybrid_plain_h16,Operand hybrid + plain H16,9600,2.5818867683410645,3.0377907752990723,0.22478589415550232,34897.099841143034,89.82428182680525,40265318400.0,0.0003,129.81909656524658,152.66796875,0,0,exported_float_payload,False
operand_hybrid_plain_h16,Operand hybrid + plain H16,9610,2.5684423446655273,3.105020761489868,0.15671560168266296,34897.68127703871,89.82577842858578,40307261440.0,0.0003,129.81909656524658,152.66796875,0,0,exported_float_payload,False
operand_hybrid_plain_h16,Operand hybrid + plain H16,9620,2.6397664546966553,3.503019332885742,0.21620561182498932,34905.81694987499,89.84671945156543,40349204480.0,0.0003,129.81909656524658,152.66796875,0,0,exported_float_payload,False
operand_hybrid_plain_h16,Operand hybrid + plain H16,9630,2.610966920852661,3.206448554992676,0.1456613689661026,34861.19176031929,89.7318553046457,40391147520.0,0.0003,129.81909656524658,152.66796875,0,0,exported_float_payload,False
operand_hybrid_plain_h16,Operand hybrid + plain H16,9640,2.605720043182373,3.0773489475250244,0.11021093279123306,34872.74737202159,89.76159916665583,40433090560.0,0.0003,129.81909656524658,152.66796875,0,0,exported_float_payload,False
operand_hybrid_plain_h16,Operand hybrid + plain H16,9650,2.6067123413085938,3.039644241333008,0.15072554349899292,34904.56413794725,89.84349474429219,40475033600.0,0.0003,129.81909656524658,152.66796875,0,0,exported_float_payload,False
operand_hybrid_plain_h16,Operand hybrid + plain H16,9660,2.6220293045043945,3.256059169769287,0.16334334015846252,34894.92153129531,89.81867491051253,40516976640.0,0.0003,129.81909656524658,152.66796875,0,0,exported_float_payload,False
operand_hybrid_plain_h16,Operand hybrid + plain H16,9670,2.583397626876831,3.1586809158325195,0.24236050248146057,34880.75147211296,89.78220152460678,40558919680.0,0.0003,129.81909656524658,152.66796875,0,0,exported_float_payload,False
operand_hybrid_plain_h16,Operand hybrid + plain H16,9680,2.6181366443634033,3.215728521347046,0.1591833233833313,34844.51791087436,89.68893722381672,40600862720.0,0.0003,129.81909656524658,152.66796875,0,0,exported_float_payload,False
operand_hybrid_plain_h16,Operand hybrid + plain H16,9690,2.6147775650024414,3.0512380599975586,0.22012895345687866,34837.999158147264,89.67215811366763,40642805760.0,0.0003,129.81909656524658,152.66796875,0,0,exported_float_payload,False
operand_hybrid_plain_h16,Operand hybrid + plain H16,9700,2.589268207550049,3.047309398651123,0.096476711332798,34905.21219371952,89.84516282400632,40684748800.0,0.0003,129.81909656524658,152.66796875,0,0,exported_float_payload,False
operand_hybrid_plain_h16,Operand hybrid + plain H16,9710,2.6023881435394287,3.400148391723633,0.18706022202968597,34947.21563077663,89.9532786440913,40726691840.0,0.0003,129.81909656524658,152.66796875,0,0,exported_float_payload,False
operand_hybrid_plain_h16,Operand hybrid + plain H16,9720,2.588460683822632,3.1710259914398193,0.10175243020057678,34893.050660495246,89.81385933481222,40768634880.0,0.0003,129.81909656524658,152.66796875,0,0,exported_float_payload,False
operand_hybrid_plain_h16,Operand hybrid + plain H16,9730,2.606348991394043,3.618858575820923,0.2440159171819687,34937.193090095185,89.92748086940834,40810577920.0,0.0003,129.81909656524658,152.66796875,0,0,exported_float_payload,False
operand_hybrid_plain_h16,Operand hybrid + plain H16,9740,2.6135127544403076,3.0358166694641113,0.12551406025886536,34899.197868191615,89.82968209713573,40852520960.0,0.0003,129.81909656524658,152.66796875,0,0,exported_float_payload,False
operand_hybrid_plain_h16,Operand hybrid + plain H16,9750,2.5962419509887695,3.003142833709717,0.3064638674259186,34937.298597242334,89.92775244222567,40894464000.0,0.0003,129.81909656524658,152.66796875,0,0,exported_float_payload,False
operand_hybrid_plain_h16,Operand hybrid + plain H16,9760,2.581610918045044,3.19382381439209,0.13054721057415009,34915.11981237844,89.87066479221293,40936407040.0,0.0003,129.81909656524658,152.66796875,0,0,exported_float_payload,False
operand_hybrid_plain_h16,Operand hybrid + plain H16,9770,2.6022112369537354,3.197622776031494,0.33997103571891785,34850.17848916773,89.70350741395403,40978350080.0,0.0003,129.81909656524658,152.66796875,0,0,exported_float_payload,False
operand_hybrid_plain_h16,Operand hybrid + plain H16,9780,2.6212334632873535,3.7395081520080566,0.09095627069473267,34906.52071383452,89.84853092279165,41020293120.0,0.0003,129.81909656524658,152.66796875,0,0,exported_float_payload,False
operand_hybrid_plain_h16,Operand hybrid + plain H16,9790,2.598849058151245,3.145678758621216,0.09848876297473907,34987.199523908144,90.0561962074856,41062236160.0,0.0003,129.81909656524658,152.66796875,0,0,exported_float_payload,False
operand_hybrid_plain_h16,Operand hybrid + plain H16,9800,2.564588785171509,3.001498222351074,0.11229817569255829,34908.560568600406,89.85378145908867,41104179200.0,0.0003,129.81909656524658,152.66796875,0,0,exported_float_payload,False
operand_hybrid_plain_h16,Operand hybrid + plain H16,9810,2.5952017307281494,4.183273792266846,0.10198358446359634,34881.37320755739,89.78380185644055,41146122240.0,0.0003,129.81909656524658,152.66796875,0,0,exported_float_payload,False
operand_hybrid_plain_h16,Operand hybrid + plain H16,9820,2.561917543411255,3.0868184566497803,0.12536366283893585,34981.40367798253,90.04127784176993,41188065280.0,0.0003,129.81909656524658,152.66796875,0,0,exported_float_payload,False
operand_hybrid_plain_h16,Operand hybrid + plain H16,9830,2.5839426517486572,3.381363868713379,0.20520050823688507,34904.59107516254,89.84356408002577,41230008320.0,0.0003,129.81909656524658,152.66796875,0,0,exported_float_payload,False
operand_hybrid_plain_h16,Operand hybrid + plain H16,9840,2.624735116958618,3.186638116836548,0.15187042951583862,34915.87243627683,89.87260202772724,41271951360.0,0.0003,129.81909656524658,152.66796875,0,0,exported_float_payload,False
operand_hybrid_plain_h16,Operand hybrid + plain H16,9850,2.5886385440826416,3.127051830291748,0.14521591365337372,34924.75545137427,89.8954666914161,41313894400.0,0.0003,129.81909656524658,152.66796875,0,0,exported_float_payload,False
operand_hybrid_plain_h16,Operand hybrid + plain H16,9860,2.589789628982544,3.3381378650665283,0.2810133993625641,34916.49405331388,89.87420205478331,41355837440.0,0.0003,129.81909656524658,152.66796875,0,0,exported_float_payload,False
operand_hybrid_plain_h16,Operand hybrid + plain H16,9870,2.617429256439209,3.1423416137695312,0.16828425228595734,34922.66760203968,89.8900926182726,41397780480.0,0.0003,129.81909656524658,152.66796875,0,0,exported_float_payload,False
operand_hybrid_plain_h16,Operand hybrid + plain H16,9880,2.5718507766723633,3.1350624561309814,0.1574886441230774,34855.38978372756,89.71692115874531,41439723520.0,0.0003,129.81909656524658,152.66796875,0,0,exported_float_payload,False
operand_hybrid_plain_h16,Operand hybrid + plain H16,9890,2.6148180961608887,3.3197736740112305,0.12286988645792007,34929.26633427805,89.90707759372836,41481666560.0,0.0003,129.81909656524658,152.66796875,0,0,exported_float_payload,False
operand_hybrid_plain_h16,Operand hybrid + plain H16,9900,2.597604274749756,3.2486555576324463,0.22524389624595642,34838.84997775501,89.67434810253714,41523609600.0,0.0003,129.81909656524658,152.66796875,0,0,exported_float_payload,False
operand_hybrid_plain_h16,Operand hybrid + plain H16,9910,2.593839645385742,3.1012089252471924,0.10066649317741394,34919.59752836242,89.8821903236845,41565552640.0,0.0003,129.81909656524658,152.66796875,0,0,exported_float_payload,False
operand_hybrid_plain_h16,Operand hybrid + plain H16,9920,2.6047439575195312,3.3159713745117188,0.21783514320850372,34884.861210719544,89.79277989130523,41607495680.0,0.0003,129.81909656524658,152.66796875,0,0,exported_float_payload,False
operand_hybrid_plain_h16,Operand hybrid + plain H16,9930,2.630716562271118,3.591214895248413,0.09579963237047195,34842.64820977215,89.68412465889008,41649438720.0,0.0003,129.81909656524658,152.66796875,0,0,exported_float_payload,False
operand_hybrid_plain_h16,Operand hybrid + plain H16,9940,2.5660400390625,3.1052968502044678,0.12938833236694336,34898.936527528655,89.82900941265854,41691381760.0,0.0003,129.81909656524658,152.66796875,0,0,exported_float_payload,False
operand_hybrid_plain_h16,Operand hybrid + plain H16,9950,2.6106626987457275,3.2853617668151855,0.22862736880779266,34882.44455652644,89.78655948249454,41733324800.0,0.0003,129.81909656524658,152.66796875,0,0,exported_float_payload,False
operand_hybrid_plain_h16,Operand hybrid + plain H16,9960,2.573050022125244,3.25168514251709,0.13304352760314941,34954.733883868306,89.97263044374303,41775267840.0,0.0003,129.81909656524658,152.66796875,0,0,exported_float_payload,False
operand_hybrid_plain_h16,Operand hybrid + plain H16,9970,2.6106929779052734,3.445254325866699,0.12081154435873032,34836.972905324365,89.66951656399132,41817210880.0,0.0003,129.81909656524658,152.66796875,0,0,exported_float_payload,False
operand_hybrid_plain_h16,Operand hybrid + plain H16,9980,2.5670673847198486,3.0331621170043945,0.26676949858665466,34932.008019552915,89.91413462459715,41859153920.0,0.0003,129.81909656524658,152.66796875,0,0,exported_float_payload,False
operand_hybrid_plain_h16,Operand hybrid + plain H16,9990,2.56244158744812,3.032280445098877,0.15681755542755127,34816.41657880352,89.61660508208773,41901096960.0,0.0003,129.81909656524658,152.66796875,0,0,exported_float_payload,False
operand_hybrid_plain_h16,Operand hybrid + plain H16,10000,2.601529836654663,3.363884449005127,0.14473240077495575,34898.189678819195,89.82708704233934,41943040000.0,0.0003,129.81909656524658,152.66796875,0,0,exported_float_payload,False
operand_hybrid_plain_h16,Operand hybrid + plain H16,10010,2.6140871047973633,3.235300302505493,0.123769111931324,28099.460209991415,72.32732360491468,41984983040.0,0.0003,129.81909656524658,152.66796875,0,0,exported_float_payload,False
operand_hybrid_plain_h16,Operand hybrid + plain H16,10020,2.6111230850219727,3.2556216716766357,0.14248281717300415,34976.71399115373,90.02920670252605,42026926080.0,0.0003,129.81909656524658,152.66796875,0,0,exported_float_payload,False
operand_hybrid_plain_h16,Operand hybrid + plain H16,10030,2.61995267868042,3.1859755516052246,0.3165939748287201,34892.99261928182,89.81370993814784,42068869120.0,0.0003,129.81909656524658,152.66796875,0,0,exported_float_payload,False
operand_hybrid_plain_h16,Operand hybrid + plain H16,10040,2.6372573375701904,3.0821523666381836,0.15596269071102142,34928.57035196592,89.90528615227231,42110812160.0,0.0003,129.81909656524658,152.66796875,0,0,exported_float_payload,False
operand_hybrid_plain_h16,Operand hybrid + plain H16,10050,2.5947391986846924,3.003126382827759,0.11414071917533875,34913.67638350278,89.86694944157594,42152755200.0,0.0003,129.81909656524658,152.66796875,0,0,exported_float_payload,False
operand_hybrid_plain_h16,Operand hybrid + plain H16,10060,2.6026127338409424,3.1602416038513184,0.14347273111343384,34955.37615242217,89.97428362729849,42194698240.0,0.0003,129.81909656524658,152.66796875,0,0,exported_float_payload,False
operand_hybrid_plain_h16,Operand hybrid + plain H16,10070,2.5674326419830322,3.0019431114196777,0.09540695697069168,34869.473869051006,89.75317325004013,42236641280.0,0.0003,129.81909656524658,152.66796875,0,0,exported_float_payload,False
operand_hybrid_plain_h16,Operand hybrid + plain H16,10080,2.585789918899536,3.0682952404022217,0.11806586384773254,34926.35856649734,89.89959307054993,42278584320.0,0.0003,129.81909656524658,152.66796875,0,0,exported_float_payload,False
operand_hybrid_plain_h16,Operand hybrid + plain H16,10090,2.6086254119873047,3.0625388622283936,0.31657981872558594,34895.52744506108,89.82023451773225,42320527360.0,0.0003,129.81909656524658,152.66796875,0,0,exported_float_payload,False
operand_hybrid_plain_h16,Operand hybrid + plain H16,10100,2.6076548099517822,3.3199706077575684,0.1411142349243164,34932.82708096182,89.91624286863924,42362470400.0,0.0003,129.81909656524658,152.66796875,0,0,exported_float_payload,False
operand_hybrid_plain_h16,Operand hybrid + plain H16,10110,2.574885845184326,3.1362946033477783,0.09785859286785126,34956.94408496287,89.97831944732546,42404413440.0,0.0003,129.81909656524658,152.66796875,0,0,exported_float_payload,False
operand_hybrid_plain_h16,Operand hybrid + plain H16,10120,2.5994482040405273,3.3165817260742188,0.2787773311138153,34883.52416357926,89.78933836465427,42446356480.0,0.0003,129.81909656524658,152.66796875,0,0,exported_float_payload,False
operand_hybrid_plain_h16,Operand hybrid + plain H16,10130,2.5797812938690186,3.2221193313598633,0.14394284784793854,34916.278608453526,89.87364750497996,42488299520.0,0.0003,129.81909656524658,152.66796875,0,0,exported_float_payload,False
operand_hybrid_plain_h16,Operand hybrid + plain H16,10140,2.57574462890625,3.2649588584899902,0.12770423293113708,34929.12111651889,89.90670380676656,42530242560.0,0.0003,129.81909656524658,152.66796875,0,0,exported_float_payload,False
operand_hybrid_plain_h16,Operand hybrid + plain H16,10150,2.579481363296509,3.0998315811157227,0.2790514826774597,34910.332548451246,89.85834249190336,42572185600.0,0.0003,129.81909656524658,152.66796875,0,0,exported_float_payload,False
operand_hybrid_plain_h16,Operand hybrid + plain H16,10160,2.5996384620666504,3.4139740467071533,0.13528002798557281,34865.07527193958,89.74185136861225,42614128640.0,0.0003,129.81909656524658,152.66796875,0,0,exported_float_payload,False
operand_hybrid_plain_h16,Operand hybrid + plain H16,10170,2.5790064334869385,3.062894344329834,0.1831594705581665,34948.423094944905,89.95638662734036,42656071680.0,0.0003,129.81909656524658,152.66796875,0,0,exported_float_payload,False
operand_hybrid_plain_h16,Operand hybrid + plain H16,10180,2.5579793453216553,3.2198708057403564,0.16764232516288757,34932.06315177203,89.91427653358127,42698014720.0,0.0003,129.81909656524658,152.66796875,0,0,exported_float_payload,False
operand_hybrid_plain_h16,Operand hybrid + plain H16,10190,2.591073513031006,3.0177130699157715,0.165963277220726,34932.20139108051,89.91463235818163,42739957760.0,0.0003,129.81909656524658,152.66796875,0,0,exported_float_payload,False
operand_hybrid_plain_h16,Operand hybrid + plain H16,10200,2.559870481491089,3.109999895095825,0.13251514732837677,34870.34989021811,89.7554281071073,42781900800.0,0.0003,129.81909656524658,152.66796875,0,0,exported_float_payload,False
operand_hybrid_plain_h16,Operand hybrid + plain H16,10210,2.602902889251709,3.1244454383850098,0.21316656470298767,34912.20939257687,89.86317344279765,42823843840.0,0.0003,129.81909656524658,152.66796875,0,0,exported_float_payload,False
operand_hybrid_plain_h16,Operand hybrid + plain H16,10220,2.6144046783447266,3.3292481899261475,0.14985539019107819,34945.31708814409,89.94839184177071,42865786880.0,0.0003,129.81909656524658,152.66796875,0,0,exported_float_payload,False
operand_hybrid_plain_h16,Operand hybrid + plain H16,10230,2.592637062072754,3.2732343673706055,0.2970172166824341,34964.32894965519,89.99732790849829,42907729920.0,0.0003,129.81909656524658,152.66796875,0,0,exported_float_payload,False
operand_hybrid_plain_h16,Operand hybrid + plain H16,10240,2.583630084991455,3.3891448974609375,0.11766152828931808,34858.549092770605,89.72505314298333,42949672960.0,0.0003,129.81909656524658,152.66796875,0,0,exported_float_payload,False
operand_hybrid_plain_h16,Operand hybrid + plain H16,10250,2.5533766746520996,3.0532314777374268,0.10779474675655365,34900.83199657577,89.83388830364538,42991616000.0,0.0003,129.81909656524658,152.66796875,0,0,exported_float_payload,False
operand_hybrid_plain_h16,Operand hybrid + plain H16,10260,2.578650712966919,3.0417733192443848,0.19265411794185638,34903.99694097769,89.84203479315936,43033559040.0,0.0003,129.81909656524658,152.66796875,0,0,exported_float_payload,False
operand_hybrid_plain_h16,Operand hybrid + plain H16,10270,2.6036782264709473,3.035914182662964,0.1618008017539978,34991.62371536555,90.06758396813434,43075502080.0,0.0003,129.81909656524658,152.66796875,0,0,exported_float_payload,False
operand_hybrid_plain_h16,Operand hybrid + plain H16,10280,2.5716426372528076,2.996797561645508,0.12694594264030457,34919.12021988824,89.88096174334119,43117445120.0,0.0003,129.81909656524658,152.66796875,0,0,exported_float_payload,False
operand_hybrid_plain_h16,Operand hybrid + plain H16,10290,2.5809662342071533,3.176990032196045,0.14261846244335175,34869.29305004459,89.75270782633828,43159388160.0,0.0003,129.81909656524658,152.66796875,0,0,exported_float_payload,False
operand_hybrid_plain_h16,Operand hybrid + plain H16,10300,2.5951225757598877,3.0021681785583496,0.11901181936264038,34900.498765125645,89.8330305740396,43201331200.0,0.0003,129.81909656524658,152.66796875,0,0,exported_float_payload,False
operand_hybrid_plain_h16,Operand hybrid + plain H16,10310,2.5946905612945557,3.1086506843566895,0.10819682478904724,34916.29629415538,89.87369302754415,43243274240.0,0.0003,129.81909656524658,152.66796875,0,0,exported_float_payload,False
operand_hybrid_plain_h16,Operand hybrid + plain H16,10320,2.574586868286133,3.050873279571533,0.24241052567958832,34894.54559976416,89.81770727194213,43285217280.0,0.0003,129.81909656524658,152.66796875,0,0,exported_float_payload,False
operand_hybrid_plain_h16,Operand hybrid + plain H16,10330,2.5820977687835693,3.0722551345825195,0.15769891440868378,34867.98593565433,89.7493433458541,43327160320.0,0.0003,129.81909656524658,152.66796875,0,0,exported_float_payload,False
operand_hybrid_plain_h16,Operand hybrid + plain H16,10340,2.583547830581665,3.2705321311950684,0.15815594792366028,34926.17400967463,89.8991180258003,43369103360.0,0.0003,129.81909656524658,152.66796875,0,0,exported_float_payload,False
operand_hybrid_plain_h16,Operand hybrid + plain H16,10350,2.5868685245513916,3.65631103515625,0.20548953115940094,34867.97732609259,89.74932118505264,43411046400.0,0.0003,129.81909656524658,152.66796875,0,0,exported_float_payload,False
operand_hybrid_plain_h16,Operand hybrid + plain H16,10360,2.56645131111145,3.1431264877319336,0.15680654346942902,34824.11989455278,89.63643322849568,43452989440.0,0.0003,129.81909656524658,152.66796875,0,0,exported_float_payload,False
operand_hybrid_plain_h16,Operand hybrid + plain H16,10370,2.596222400665283,3.6205949783325195,0.22622014582157135,34904.219623659024,89.84260797293697,43494932480.0,0.0003,129.81909656524658,152.66796875,0,0,exported_float_payload,False
operand_hybrid_plain_h16,Operand hybrid + plain H16,10380,2.575144052505493,3.109654188156128,0.12172213941812515,34895.65346659951,89.82055889409119,43536875520.0,0.0003,129.81909656524658,152.66796875,0,0,exported_float_payload,False
operand_hybrid_plain_h16,Operand hybrid + plain H16,10390,2.6072044372558594,3.2720961570739746,0.15413832664489746,34908.055417938485,89.8524812136348,43578818560.0,0.0003,129.81909656524658,152.66796875,0,0,exported_float_payload,False
operand_hybrid_plain_h16,Operand hybrid + plain H16,10400,2.655240058898926,4.2044172286987305,0.24062447249889374,34887.30972154235,89.79908229830194,43620761600.0,0.0003,129.81909656524658,152.66796875,0,0,exported_float_payload,False
operand_hybrid_plain_h16,Operand hybrid + plain H16,10410,2.5581018924713135,3.21907377243042,0.21734891831874847,34896.159490298625,89.82186138672144,43662704640.0,0.0003,129.81909656524658,152.66796875,0,0,exported_float_payload,False
operand_hybrid_plain_h16,Operand hybrid + plain H16,10420,2.5623292922973633,3.053987503051758,0.1645933985710144,34887.42493428401,89.79937885308226,43704647680.0,0.0003,129.81909656524658,152.66796875,0,0,exported_float_payload,False
operand_hybrid_plain_h16,Operand hybrid + plain H16,10430,2.554755210876465,3.1662986278533936,0.12013892084360123,34868.53425139928,89.75075469717636,43746590720.0,0.0003,129.81909656524658,152.66796875,0,0,exported_float_payload,False
operand_hybrid_plain_h16,Operand hybrid + plain H16,10440,2.595290422439575,3.1255898475646973,0.25242069363594055,34859.506694222626,89.72751798570938,43788533760.0,0.0003,129.81909656524658,152.66796875,0,0,exported_float_payload,False
operand_hybrid_plain_h16,Operand hybrid + plain H16,10450,2.5739400386810303,3.073279619216919,0.1445825845003128,34916.955363693785,89.87538945642306,43830476800.0,0.0003,129.81909656524658,152.66796875,0,0,exported_float_payload,False
operand_hybrid_plain_h16,Operand hybrid + plain H16,10460,2.5865907669067383,3.0357584953308105,0.0893726572394371,34868.26358563674,89.75005801012084,43872419840.0,0.0003,129.81909656524658,152.66796875,0,0,exported_float_payload,False
operand_hybrid_plain_h16,Operand hybrid + plain H16,10470,2.617621898651123,3.087063789367676,0.287077397108078,34851.283837086885,89.7063525524744,43914362880.0,0.0003,129.81909656524658,152.66796875,0,0,exported_float_payload,False
operand_hybrid_plain_h16,Operand hybrid + plain H16,10480,2.5968470573425293,3.2421820163726807,0.23566482961177826,34907.45267235263,89.85092976123273,43956305920.0,0.0003,129.81909656524658,152.66796875,0,0,exported_float_payload,False
operand_hybrid_plain_h16,Operand hybrid + plain H16,10490,2.6123886108398438,3.3012819290161133,0.11085609346628189,34882.89614081499,89.78772184941293,43998248960.0,0.0003,129.81909656524658,152.66796875,0,0,exported_float_payload,False
operand_hybrid_plain_h16,Operand hybrid + plain H16,10500,2.6036479473114014,3.198269844055176,0.17733754217624664,34902.1403870501,89.83725606873877,44040192000.0,0.0003,129.81909656524658,152.66796875,0,0,exported_float_payload,False
operand_hybrid_plain_h16,Operand hybrid + plain H16,10510,2.606326103210449,3.066366672515869,0.2441989779472351,34965.145037350674,89.99942849827475,44082135040.0,0.0003,129.81909656524658,152.66796875,0,0,exported_float_payload,False
operand_hybrid_plain_h16,Operand hybrid + plain H16,10520,2.5746002197265625,3.0212807655334473,0.17330650985240936,34872.679006847895,89.76142319637012,44124078080.0,0.0003,129.81909656524658,152.66796875,0,0,exported_float_payload,False
operand_hybrid_plain_h16,Operand hybrid + plain H16,10530,2.5693230628967285,3.034147262573242,0.11946950852870941,34898.33641977031,89.82746474995999,44166021120.0,0.0003,129.81909656524658,152.66796875,0,0,exported_float_payload,False
operand_hybrid_plain_h16,Operand hybrid + plain H16,10540,2.597137212753296,2.993037700653076,0.2923465371131897,34941.55283010971,89.9387027336188,44207964160.0,0.0003,129.81909656524658,152.66796875,0,0,exported_float_payload,False
operand_hybrid_plain_h16,Operand hybrid + plain H16,10550,2.5439844131469727,3.050807476043701,0.16697585582733154,34865.442092048404,89.74279555460433,44249907200.0,0.0003,129.81909656524658,152.66796875,0,0,exported_float_payload,False
operand_hybrid_plain_h16,Operand hybrid + plain H16,10560,2.5753228664398193,3.341409206390381,0.1258084923028946,34843.945946305685,89.68746500100033,44291850240.0,0.0003,129.81909656524658,152.66796875,0,0,exported_float_payload,False
operand_hybrid_plain_h16,Operand hybrid + plain H16,10570,2.583071231842041,3.086820602416992,0.18341673910617828,34885.793561668004,89.79517973985244,44333793280.0,0.0003,129.81909656524658,152.66796875,0,0,exported_float_payload,False
operand_hybrid_plain_h16,Operand hybrid + plain H16,10580,2.600750207901001,3.1191887855529785,0.3772642910480499,34887.16365835185,89.79870633522054,44375736320.0,0.0003,129.81909656524658,152.66796875,0,0,exported_float_payload,False
operand_hybrid_plain_h16,Operand hybrid + plain H16,10590,2.5983123779296875,3.0710906982421875,0.098037488758564,34916.97147798123,89.87543093420499,44417679360.0,0.0003,129.81909656524658,152.66796875,0,0,exported_float_payload,False
operand_hybrid_plain_h16,Operand hybrid + plain H16,10600,2.5735280513763428,3.2668442726135254,0.11192569881677628,34937.34050192805,89.9278603038622,44459622400.0,0.0003,129.81909656524658,152.66796875,0,0,exported_float_payload,False
operand_hybrid_plain_h16,Operand hybrid + plain H16,10610,2.6120004653930664,3.2090072631835938,0.30883699655532837,34831.33175691501,89.65499638590045,44501565440.0,0.0003,129.81909656524658,152.66796875,0,0,exported_float_payload,False
operand_hybrid_plain_h16,Operand hybrid + plain H16,10620,2.6152474880218506,3.51582932472229,0.1023573949933052,34891.24485389815,89.80921123277965,44543508480.0,0.0003,129.81909656524658,152.66796875,0,0,exported_float_payload,False
operand_hybrid_plain_h16,Operand hybrid + plain H16,10630,2.574716567993164,3.652775526046753,0.13658055663108826,34865.16667210525,89.74208663040413,44585451520.0,0.0003,129.81909656524658,152.66796875,0,0,exported_float_payload,False
operand_hybrid_plain_h16,Operand hybrid + plain H16,10640,2.6039879322052,3.029998779296875,0.1695118099451065,34876.25741818721,89.77063393967252,44627394560.0,0.0003,129.81909656524658,152.66796875,0,0,exported_float_payload,False
operand_hybrid_plain_h16,Operand hybrid + plain H16,10650,2.617671012878418,3.1822588443756104,0.09038601815700531,34933.418012937145,89.91776391309664,44669337600.0,0.0003,129.81909656524658,152.66796875,0,0,exported_float_payload,False
operand_hybrid_plain_h16,Operand hybrid + plain H16,10660,2.5895586013793945,3.244863510131836,0.20010004937648773,34887.53907420794,89.79967264645595,44711280640.0,0.0003,129.81909656524658,152.66796875,0,0,exported_float_payload,False
operand_hybrid_plain_h16,Operand hybrid + plain H16,10670,2.5692245960235596,3.001262664794922,0.15853965282440186,34881.95371468299,89.7852960675896,44753223680.0,0.0003,129.81909656524658,152.66796875,0,0,exported_float_payload,False
operand_hybrid_plain_h16,Operand hybrid + plain H16,10680,2.5916385650634766,3.089877128601074,0.08954426646232605,34930.74326739816,89.91087918347147,44795166720.0,0.0003,129.81909656524658,152.66796875,0,0,exported_float_payload,False
operand_hybrid_plain_h16,Operand hybrid + plain H16,10690,2.5520293712615967,3.1028385162353516,0.10691630840301514,34837.70942661573,89.67141235178883,44837109760.0,0.0003,129.81909656524658,152.66796875,0,0,exported_float_payload,False
operand_hybrid_plain_h16,Operand hybrid + plain H16,10700,2.58742356300354,2.9960434436798096,0.22398366034030914,34834.867765850526,89.6640979864521,44879052800.0,0.0003,129.81909656524658,152.66796875,0,0,exported_float_payload,False
operand_hybrid_plain_h16,Operand hybrid + plain H16,10710,2.576641082763672,3.11039137840271,0.20653118193149567,34897.30094897873,89.82479947345765,44920995840.0,0.0003,129.81909656524658,152.66796875,0,0,exported_float_payload,False
operand_hybrid_plain_h16,Operand hybrid + plain H16,10720,2.5730042457580566,3.0443530082702637,0.2202209085226059,34941.68152605221,89.93903399382845,44962938880.0,0.0003,129.81909656524658,152.66796875,0,0,exported_float_payload,False
operand_hybrid_plain_h16,Operand hybrid + plain H16,10730,2.5927956104278564,2.9976344108581543,0.1396406888961792,34930.07434616069,89.90915739656,45004881920.0,0.0003,129.81909656524658,152.66796875,0,0,exported_float_payload,False
operand_hybrid_plain_h16,Operand hybrid + plain H16,10740,2.5866315364837646,3.1989407539367676,0.11604513972997665,34867.22964629134,89.74739667552352,45046824960.0,0.0003,129.81909656524658,152.66796875,0,0,exported_float_payload,False
operand_hybrid_plain_h16,Operand hybrid + plain H16,10750,2.5812957286834717,3.2397618293762207,0.14953790605068207,34862.564175837295,89.73538786863624,45088768000.0,0.0003,129.81909656524658,152.66796875,0,0,exported_float_payload,False
operand_hybrid_plain_h16,Operand hybrid + plain H16,10760,2.5817244052886963,3.037532329559326,0.18073885142803192,34858.5942741075,89.72516943863988,45130711040.0,0.0003,129.81909656524658,152.66796875,0,0,exported_float_payload,False
operand_hybrid_plain_h16,Operand hybrid + plain H16,10770,2.5769314765930176,3.0811681747436523,0.20942045748233795,34927.26473890868,89.9019255361826,45172654080.0,0.0003,129.81909656524658,152.66796875,0,0,exported_float_payload,False
operand_hybrid_plain_h16,Operand hybrid + plain H16,10780,2.606977939605713,3.229088306427002,0.10648798942565918,34860.24239225928,89.72941165446937,45214597120.0,0.0003,129.81909656524658,152.66796875,0,0,exported_float_payload,False
operand_hybrid_plain_h16,Operand hybrid + plain H16,10790,2.5981173515319824,2.99259614944458,0.2785584628582001,34904.37983172614,89.84302034458496,45256540160.0,0.0003,129.81909656524658,152.66796875,0,0,exported_float_payload,False
operand_hybrid_plain_h16,Operand hybrid + plain H16,10800,2.5485875606536865,3.124037265777588,0.15863102674484253,34927.02263789338,89.9013023740881,45298483200.0,0.0003,129.81909656524658,152.66796875,0,0,exported_float_payload,False
operand_hybrid_plain_h16,Operand hybrid + plain H16,10810,2.5991599559783936,3.115081787109375,0.11476467549800873,34948.036221917224,89.95539082562539,45340426240.0,0.0003,129.81909656524658,152.66796875,0,0,exported_float_payload,False
operand_hybrid_plain_h16,Operand hybrid + plain H16,10820,2.572770833969116,3.236931562423706,0.29442697763442993,34888.544003589865,89.80225931011651,45382369280.0,0.0003,129.81909656524658,152.66796875,0,0,exported_float_payload,False
operand_hybrid_plain_h16,Operand hybrid + plain H16,10830,2.577336549758911,3.2012064456939697,0.09616108238697052,34912.15462417833,89.86303247027877,45424312320.0,0.0003,129.81909656524658,152.66796875,0,0,exported_float_payload,False
operand_hybrid_plain_h16,Operand hybrid + plain H16,10840,2.5669033527374268,3.112725257873535,0.2173982858657837,34910.419382550215,89.8585660007512,45466255360.0,0.0003,129.81909656524658,152.66796875,0,0,exported_float_payload,False
operand_hybrid_plain_h16,Operand hybrid + plain H16,10850,2.5654118061065674,3.368013381958008,0.18319624662399292,34886.86634112848,89.7979410479564,45508198400.0,0.0003,129.81909656524658,152.66796875,0,0,exported_float_payload,False
operand_hybrid_plain_h16,Operand hybrid + plain H16,10860,2.5674049854278564,3.5964975357055664,0.1276870220899582,34904.47605026696,89.84326800875668,45550141440.0,0.0003,129.81909656524658,152.66796875,0,0,exported_float_payload,False
operand_hybrid_plain_h16,Operand hybrid + plain H16,10870,2.560181140899658,3.2127938270568848,0.16405397653579712,34870.68869329636,89.75630017794767,45592084480.0,0.0003,129.81909656524658,152.66796875,0,0,exported_float_payload,False
operand_hybrid_plain_h16,Operand hybrid + plain H16,10880,2.5865395069122314,2.9987831115722656,0.12328916788101196,34893.111421580266,89.81401573235956,45634027520.0,0.0003,129.81909656524658,152.66796875,0,0,exported_float_payload,False
operand_hybrid_plain_h16,Operand hybrid + plain H16,10890,2.565655469894409,2.9860782623291016,0.4403468668460846,34939.141931673716,89.93249713998621,45675970560.0,0.0003,129.81909656524658,152.66796875,0,0,exported_float_payload,False
operand_hybrid_plain_h16,Operand hybrid + plain H16,10900,2.5834121704101562,4.08123254776001,0.1635865867137909,34873.82599283616,89.7643755102624,45717913600.0,0.0003,129.81909656524658,152.66796875,0,0,exported_float_payload,False
operand_hybrid_plain_h16,Operand hybrid + plain H16,10910,2.5579419136047363,3.010922908782959,0.10329745709896088,34867.61305344965,89.74838355617545,45759856640.0,0.0003,129.81909656524658,152.66796875,0,0,exported_float_payload,False
operand_hybrid_plain_h16,Operand hybrid + plain H16,10920,2.573659658432007,3.0602779388427734,0.19528207182884216,34926.64556951187,89.90033180929267,45801799680.0,0.0003,129.81909656524658,152.66796875,0,0,exported_float_payload,False
operand_hybrid_plain_h16,Operand hybrid + plain H16,10930,2.575533866882324,3.829824924468994,0.12698693573474884,34960.43132917727,89.98729552867717,45843742720.0,0.0003,129.81909656524658,152.66796875,0,0,exported_float_payload,False
operand_hybrid_plain_h16,Operand hybrid + plain H16,10940,2.523284673690796,3.0048232078552246,0.12364931404590607,34844.46871069998,89.68881058377069,45885685760.0,0.0003,129.81909656524658,152.66796875,0,0,exported_float_payload,False
operand_hybrid_plain_h16,Operand hybrid + plain H16,10950,2.5812456607818604,3.1245133876800537,0.28589802980422974,34911.17235827486,89.86050414185767,45927628800.0,0.0003,129.81909656524658,152.66796875,0,0,exported_float_payload,False
operand_hybrid_plain_h16,Operand hybrid + plain H16,10960,2.561100482940674,3.0411717891693115,0.19669140875339508,34864.37640725832,89.74005250800852,45969571840.0,0.0003,129.81909656524658,152.66796875,0,0,exported_float_payload,False
operand_hybrid_plain_h16,Operand hybrid + plain H16,10970,2.56679105758667,2.992535352706909,0.16613923013210297,34915.500709327,89.87164521164637,46011514880.0,0.0003,129.81909656524658,152.66796875,0,0,exported_float_payload,False
operand_hybrid_plain_h16,Operand hybrid + plain H16,10980,2.5777766704559326,3.1297097206115723,0.1396557241678238,34857.04290309977,89.72117624759392,46053457920.0,0.0003,129.81909656524658,152.66796875,0,0,exported_float_payload,False
operand_hybrid_plain_h16,Operand hybrid + plain H16,10990,2.5555479526519775,3.259216547012329,0.4517501890659332,34893.13017612702,89.8140640061044,46095400960.0,0.0003,129.81909656524658,152.66796875,0,0,exported_float_payload,False
operand_hybrid_plain_h16,Operand hybrid + plain H16,11000,2.5587828159332275,3.3957273960113525,0.14516015350818634,34865.07991085571,89.74186330906895,46137344000.0,0.0003,129.81909656524658,152.66796875,0,0,exported_float_payload,False
operand_hybrid_plain_h16,Operand hybrid + plain H16,11010,2.5699806213378906,3.16151762008667,0.15868891775608063,28057.99968222157,72.2206052200621,46179287040.0,0.0003,129.81909656524658,152.66796875,0,0,exported_float_payload,False
operand_hybrid_plain_h16,Operand hybrid + plain H16,11020,2.6035566329956055,3.321206569671631,0.28813695907592773,34830.31488973707,89.65237899464479,46221230080.0,0.0003,129.81909656524658,152.66796875,0,0,exported_float_payload,False
operand_hybrid_plain_h16,Operand hybrid + plain H16,11030,2.5938005447387695,3.3923096656799316,0.17308400571346283,34909.17057667477,89.85535160495859,46263173120.0,0.0003,129.81909656524658,152.66796875,0,0,exported_float_payload,False
operand_hybrid_plain_h16,Operand hybrid + plain H16,11040,2.5704126358032227,4.002693176269531,0.1504717469215393,34985.367759629145,90.05148129101443,46305116160.0,0.0003,129.81909656524658,152.66796875,0,0,exported_float_payload,False
operand_hybrid_plain_h16,Operand hybrid + plain H16,11050,2.5826504230499268,3.096620559692383,0.2322762906551361,34901.208420376795,89.8348572093064,46347059200.0,0.0003,129.81909656524658,152.66796875,0,0,exported_float_payload,False
operand_hybrid_plain_h16,Operand hybrid + plain H16,11060,2.564708709716797,3.094357967376709,0.19248001277446747,34920.335113754554,89.88408885045136,46389002240.0,0.0003,129.81909656524658,152.66796875,0,0,exported_float_payload,False
operand_hybrid_plain_h16,Operand hybrid + plain H16,11070,2.5783729553222656,3.049973487854004,0.12312540411949158,34990.934086321984,90.06580887983624,46430945280.0,0.0003,129.81909656524658,152.66796875,0,0,exported_float_payload,False
operand_hybrid_plain_h16,Operand hybrid + plain H16,11080,2.5901970863342285,3.0399680137634277,0.12241598218679428,34963.00011442392,89.99390751910038,46472888320.0,0.0003,129.81909656524658,152.66796875,0,0,exported_float_payload,False
operand_hybrid_plain_h16,Operand hybrid + plain H16,11090,2.5879931449890137,3.139439582824707,0.16510765254497528,34903.982427988994,89.84199743708128,46514831360.0,0.0003,129.81909656524658,152.66796875,0,0,exported_float_payload,False
operand_hybrid_plain_h16,Operand hybrid + plain H16,11100,2.580571174621582,3.1587369441986084,0.17402461171150208,34912.905331124624,89.86496477160524,46556774400.0,0.0003,129.81909656524658,152.66796875,0,0,exported_float_payload,False
operand_hybrid_plain_h16,Operand hybrid + plain H16,11110,2.5473170280456543,2.989694833755493,0.13374902307987213,34861.479636830125,89.73259629174657,46598717440.0,0.0003,129.81909656524658,152.66796875,0,0,exported_float_payload,False
operand_hybrid_plain_h16,Operand hybrid + plain H16,11120,2.544102668762207,3.0043156147003174,0.1624327450990677,34886.70154891122,89.79751687681801,46640660480.0,0.0003,129.81909656524658,152.66796875,0,0,exported_float_payload,False
operand_hybrid_plain_h16,Operand hybrid + plain H16,11130,2.56760573387146,3.1221108436584473,0.12379514425992966,34949.38579724698,89.95886459952976,46682603520.0,0.0003,129.81909656524658,152.66796875,0,0,exported_float_payload,False
operand_hybrid_plain_h16,Operand hybrid + plain H16,11140,2.550771474838257,2.922044515609741,0.17587098479270935,34945.85195668102,89.94976858030832,46724546560.0,0.0003,129.81909656524658,152.66796875,0,0,exported_float_payload,False
operand_hybrid_plain_h16,Operand hybrid + plain H16,11150,2.608035087585449,3.325042247772217,0.12360481917858124,34899.892780830785,89.83147078527973,46766489600.0,0.0003,129.81909656524658,152.66796875,0,0,exported_float_payload,False
operand_hybrid_plain_h16,Operand hybrid + plain H16,11160,2.573946475982666,3.192253589630127,0.16443009674549103,34903.940856162124,89.84189043221525,46808432640.0,0.0003,129.81909656524658,152.66796875,0,0,exported_float_payload,False
operand_hybrid_plain_h16,Operand hybrid + plain H16,11170,2.5656349658966064,3.29868221282959,0.23978561162948608,34889.091771772575,89.80366925202696,46850375680.0,0.0003,129.81909656524658,152.66796875,0,0,exported_float_payload,False
operand_hybrid_plain_h16,Operand hybrid + plain H16,11180,2.579451322555542,3.0877723693847656,0.1863669753074646,34955.769756571,89.97529675475474,46892318720.0,0.0003,129.81909656524658,152.66796875,0,0,exported_float_payload,False
operand_hybrid_plain_h16,Operand hybrid + plain H16,11190,2.5682148933410645,3.0947422981262207,0.21274715662002563,34896.215104176634,89.82200453548379,46934261760.0,0.0003,129.81909656524658,152.66796875,0,0,exported_float_payload,False
operand_hybrid_plain_h16,Operand hybrid + plain H16,11200,2.630750894546509,4.01217794418335,0.17396973073482513,34903.55681499926,89.84090191965109,46976204800.0,0.0003,129.81909656524658,152.66796875,0,0,exported_float_payload,False
operand_hybrid_plain_h16,Operand hybrid + plain H16,11210,2.585726261138916,3.1640524864196777,0.1887526512145996,34978.66348064307,90.03422464081048,47018147840.0,0.0003,129.81909656524658,152.66796875,0,0,exported_float_payload,False
operand_hybrid_plain_h16,Operand hybrid + plain H16,11220,2.5549352169036865,3.4027576446533203,0.14580616354942322,34855.06375184032,89.71608196063836,47060090880.0,0.0003,129.81909656524658,152.66796875,0,0,exported_float_payload,False
operand_hybrid_plain_h16,Operand hybrid + plain H16,11230,2.575362205505371,3.16287899017334,0.10038504749536514,34881.350665201295,89.78374383296706,47102033920.0,0.0003,129.81909656524658,152.66796875,0,0,exported_float_payload,False
operand_hybrid_plain_h16,Operand hybrid + plain H16,11240,2.595942974090576,3.063779830932617,0.24038280546665192,34929.0154985987,89.90643194882216,47143976960.0,0.0003,129.81909656524658,152.66796875,0,0,exported_float_payload,False
operand_hybrid_plain_h16,Operand hybrid + plain H16,11250,2.5857303142547607,3.0928165912628174,0.13253724575042725,34901.7400306842,89.83622556124088,47185920000.0,0.0003,129.81909656524658,152.66796875,0,0,exported_float_payload,False
operand_hybrid_plain_h16,Operand hybrid + plain H16,11260,2.5782551765441895,3.3888847827911377,0.11773517727851868,34826.070624726664,89.6414543602718,47227863040.0,0.0003,129.81909656524658,152.66796875,0,0,exported_float_payload,False
operand_hybrid_plain_h16,Operand hybrid + plain H16,11270,2.557671070098877,3.109610080718994,0.2017018049955368,34897.64198165506,89.82567728322896,47269806080.0,0.0003,129.81909656524658,152.66796875,0,0,exported_float_payload,False
operand_hybrid_plain_h16,Operand hybrid + plain H16,11280,2.5800058841705322,3.765742063522339,0.12488385289907455,34910.00717465823,89.85750498771489,47311749120.0,0.0003,129.81909656524658,152.66796875,0,0,exported_float_payload,False
operand_hybrid_plain_h16,Operand hybrid + plain H16,11290,2.5638084411621094,3.0414834022521973,0.12946516275405884,34865.868753354094,89.74389377037416,47353692160.0,0.0003,129.81909656524658,152.66796875,0,0,exported_float_payload,False
operand_hybrid_plain_h16,Operand hybrid + plain H16,11300,2.6086320877075195,3.3693699836730957,0.19853705167770386,34915.58614615276,89.8718651239471,47395635200.0,0.0003,129.81909656524658,152.66796875,0,0,exported_float_payload,False
operand_hybrid_plain_h16,Operand hybrid + plain H16,11310,2.589682102203369,3.468106746673584,0.17407532036304474,34913.05388842316,89.86534715445974,47437578240.0,0.0003,129.81909656524658,152.66796875,0,0,exported_float_payload,False
operand_hybrid_plain_h16,Operand hybrid + plain H16,11320,2.5447566509246826,3.0974185466766357,0.1606190800666809,34881.63132776515,89.78446625154479,47479521280.0,0.0003,129.81909656524658,152.66796875,0,0,exported_float_payload,False
operand_hybrid_plain_h16,Operand hybrid + plain H16,11330,2.564906120300293,3.07151460647583,0.13084927201271057,34857.39318318517,89.72207785997009,47521464320.0,0.0003,129.81909656524658,152.66796875,0,0,exported_float_payload,False
operand_hybrid_plain_h16,Operand hybrid + plain H16,11340,2.534154176712036,3.0603578090667725,0.23381172120571136,34962.67358823095,89.99306704866258,47563407360.0,0.0003,129.81909656524658,152.66796875,0,0,exported_float_payload,False
operand_hybrid_plain_h16,Operand hybrid + plain H16,11350,2.561988115310669,3.2659897804260254,0.14177289605140686,34845.39496502608,89.69119473976102,47605350400.0,0.0003,129.81909656524658,152.66796875,0,0,exported_float_payload,False
operand_hybrid_plain_h16,Operand hybrid + plain H16,11360,2.5563788414001465,3.1080260276794434,0.30161619186401367,34896.796583058436,89.82350124790955,47647293440.0,0.0003,129.81909656524658,152.66796875,0,0,exported_float_payload,False
operand_hybrid_plain_h16,Operand hybrid + plain H16,11370,2.5915746688842773,3.0765156745910645,0.16907404363155365,34955.507469087104,89.9746216331836,47689236480.0,0.0003,129.81909656524658,152.66796875,0,0,exported_float_payload,False
operand_hybrid_plain_h16,Operand hybrid + plain H16,11380,2.575862407684326,3.439988374710083,0.13861888647079468,34898.23371966674,89.82720040240423,47731179520.0,0.0003,129.81909656524658,152.66796875,0,0,exported_float_payload,False
operand_hybrid_plain_h16,Operand hybrid + plain H16,11390,2.567927360534668,3.066580295562744,0.16514912247657776,34868.81971309517,89.75148946860261,47773122560.0,0.0003,129.81909656524658,152.66796875,0,0,exported_float_payload,False
operand_hybrid_plain_h16,Operand hybrid + plain H16,11400,2.575018882751465,2.9963769912719727,0.11922372132539749,34932.64303291354,89.91576913346259,47815065600.0,0.0003,129.81909656524658,152.66796875,0,0,exported_float_payload,False
operand_hybrid_plain_h16,Operand hybrid + plain H16,11410,2.5465357303619385,3.3534345626831055,0.22821402549743652,34901.52328835334,89.83566767178014,47857008640.0,0.0003,129.81909656524658,152.66796875,0,0,exported_float_payload,False
operand_hybrid_plain_h16,Operand hybrid + plain H16,11420,2.5810329914093018,3.6995794773101807,0.1871788203716278,34900.96520834763,89.8342311874894,47898951680.0,0.0003,129.81909656524658,152.66796875,0,0,exported_float_payload,False
operand_hybrid_plain_h16,Operand hybrid + plain H16,11430,2.5659589767456055,3.192431688308716,0.16092078387737274,34903.352417456765,89.84037580537381,47940894720.0,0.0003,129.81909656524658,152.66796875,0,0,exported_float_payload,False
operand_hybrid_plain_h16,Operand hybrid + plain H16,11440,2.5675570964813232,3.1452274322509766,0.2383306920528412,34996.81249322875,90.08093975549896,47982837760.0,0.0003,129.81909656524658,152.66796875,0,0,exported_float_payload,False
operand_hybrid_plain_h16,Operand hybrid + plain H16,11450,2.5236399173736572,2.9288156032562256,0.11560025066137314,34962.65414901605,89.99301701259868,48024780800.0,0.0003,129.81909656524658,152.66796875,0,0,exported_float_payload,False
operand_hybrid_plain_h16,Operand hybrid + plain H16,11460,2.5805277824401855,2.989779472351074,0.23226790130138397,34969.30577432921,90.01013813353582,48066723840.0,0.0003,129.81909656524658,152.66796875,0,0,exported_float_payload,False
operand_hybrid_plain_h16,Operand hybrid + plain H16,11470,2.5664994716644287,3.0517373085021973,0.17664039134979248,34867.00883579358,89.74682831470066,48108666880.0,0.0003,129.81909656524658,152.66796875,0,0,exported_float_payload,False
operand_hybrid_plain_h16,Operand hybrid + plain H16,11480,2.592597246170044,3.0722761154174805,0.2046436369419098,34913.34758827543,89.8661031306991,48150609920.0,0.0003,129.81909656524658,152.66796875,0,0,exported_float_payload,False
operand_hybrid_plain_h16,Operand hybrid + plain H16,11490,2.597813367843628,3.0022687911987305,0.10673517733812332,34895.76600106127,89.8208485550445,48192552960.0,0.0003,129.81909656524658,152.66796875,0,0,exported_float_payload,False
operand_hybrid_plain_h16,Operand hybrid + plain H16,11500,2.5714492797851562,3.002197265625,0.17631492018699646,34864.77238470841,89.74107174428418,48234496000.0,0.0003,129.81909656524658,152.66796875,0,0,exported_float_payload,False
operand_hybrid_plain_h16,Operand hybrid + plain H16,11510,2.5863962173461914,3.140054941177368,0.2101130485534668,34910.24683435763,89.85812186592193,48276439040.0,0.0003,129.81909656524658,152.66796875,0,0,exported_float_payload,False
operand_hybrid_plain_h16,Operand hybrid + plain H16,11520,2.5718023777008057,3.0932488441467285,0.08274538815021515,34890.80037212028,89.80806714755009,48318382080.0,0.0003,129.81909656524658,152.66796875,0,0,exported_float_payload,False
operand_hybrid_plain_h16,Operand hybrid + plain H16,11530,2.5804646015167236,3.552978515625,0.2782922685146332,34873.740262942076,89.76415484361095,48360325120.0,0.0003,129.81909656524658,152.66796875,0,0,exported_float_payload,False
operand_hybrid_plain_h16,Operand hybrid + plain H16,11540,2.578739881515503,3.0093741416931152,0.16984884440898895,34942.49201651032,89.94112017645274,48402268160.0,0.0003,129.81909656524658,152.66796875,0,0,exported_float_payload,False
operand_hybrid_plain_h16,Operand hybrid + plain H16,11550,2.5686473846435547,3.237489700317383,0.12402921169996262,34974.53749545993,90.02360445582117,48444211200.0,0.0003,129.81909656524658,152.66796875,0,0,exported_float_payload,False
operand_hybrid_plain_h16,Operand hybrid + plain H16,11560,2.551971673965454,3.1059398651123047,0.3807908296585083,34843.92124235618,89.68740141363827,48486154240.0,0.0003,129.81909656524658,152.66796875,0,0,exported_float_payload,False
operand_hybrid_plain_h16,Operand hybrid + plain H16,11570,2.5479679107666016,3.1103622913360596,0.16232508420944214,34845.566468860714,89.69163618643844,48528097280.0,0.0003,129.81909656524658,152.66796875,0,0,exported_float_payload,False
operand_hybrid_plain_h16,Operand hybrid + plain H16,11580,2.552215576171875,3.1626174449920654,0.1945449262857437,34964.480010004874,89.99771673414527,48570040320.0,0.0003,129.81909656524658,152.66796875,0,0,exported_float_payload,False
operand_hybrid_plain_h16,Operand hybrid + plain H16,11590,2.5796806812286377,3.0251951217651367,0.15764030814170837,34943.51456132202,89.9437521817989,48611983360.0,0.0003,129.81909656524658,152.66796875,0,0,exported_float_payload,False
operand_hybrid_plain_h16,Operand hybrid + plain H16,11600,2.565953016281128,4.515913963317871,0.1743614822626114,34905.238460903165,89.84523043509485,48653926400.0,0.0003,129.81909656524658,152.66796875,0,0,exported_float_payload,False
operand_hybrid_plain_h16,Operand hybrid + plain H16,11610,2.5765082836151123,2.9770753383636475,0.13277487456798553,34900.97473573051,89.83425571074,48695869440.0,0.0003,129.81909656524658,152.66796875,0,0,exported_float_payload,False
operand_hybrid_plain_h16,Operand hybrid + plain H16,11620,2.5572357177734375,3.090592622756958,0.1933835744857788,34942.43327802054,89.94096898501608,48737812480.0,0.0003,129.81909656524658,152.66796875,0,0,exported_float_payload,False
operand_hybrid_plain_h16,Operand hybrid + plain H16,11630,2.5535359382629395,3.1129989624023438,0.2398044466972351,35001.907464502576,90.09405408699594,48779755520.0,0.0003,129.81909656524658,152.66796875,0,0,exported_float_payload,False
operand_hybrid_plain_h16,Operand hybrid + plain H16,11640,2.543694496154785,3.182405471801758,0.08635425567626953,34892.22953219634,89.81174577064577,48821698560.0,0.0003,129.81909656524658,152.66796875,0,0,exported_float_payload,False
operand_hybrid_plain_h16,Operand hybrid + plain H16,11650,2.5683867931365967,3.1571009159088135,0.19750073552131653,34888.01842831501,89.8009064922083,48863641600.0,0.0003,129.81909656524658,152.66796875,0,0,exported_float_payload,False
operand_hybrid_plain_h16,Operand hybrid + plain H16,11660,2.5459954738616943,3.2595276832580566,0.181633859872818,34897.59843283442,89.82556518962932,48905584640.0,0.0003,129.81909656524658,152.66796875,0,0,exported_float_payload,False
operand_hybrid_plain_h16,Operand hybrid + plain H16,11670,2.5228500366210938,3.03629207611084,0.1552472859621048,34980.77666128837,90.03966391612846,48947527680.0,0.0003,129.81909656524658,152.66796875,0,0,exported_float_payload,False
operand_hybrid_plain_h16,Operand hybrid + plain H16,11680,2.5594944953918457,3.088369846343994,0.14183345437049866,34939.09323871441,89.93237180549939,48989470720.0,0.0003,129.81909656524658,152.66796875,0,0,exported_float_payload,False
operand_hybrid_plain_h16,Operand hybrid + plain H16,11690,2.5845797061920166,3.140580177307129,0.13834963738918304,34971.666658559,90.0162149918244,49031413760.0,0.0003,129.81909656524658,152.66796875,0,0,exported_float_payload,False
operand_hybrid_plain_h16,Operand hybrid + plain H16,11700,2.5446226596832275,3.093980312347412,0.1526310294866562,34884.968331287855,89.79305561702918,49073356800.0,0.0003,129.81909656524658,152.66796875,0,0,exported_float_payload,False
operand_hybrid_plain_h16,Operand hybrid + plain H16,11710,2.5261030197143555,3.1014251708984375,0.1377684772014618,34921.44930620107,89.88695675456893,49115299840.0,0.0003,129.81909656524658,152.66796875,0,0,exported_float_payload,False
operand_hybrid_plain_h16,Operand hybrid + plain H16,11720,2.5557234287261963,3.02876615524292,0.12892669439315796,34918.98600050143,89.88061626592093,49157242880.0,0.0003,129.81909656524658,152.66796875,0,0,exported_float_payload,False
operand_hybrid_plain_h16,Operand hybrid + plain H16,11730,2.5768473148345947,4.403802871704102,0.10659302771091461,34925.55137784936,89.89751538670417,49199185920.0,0.0003,129.81909656524658,152.66796875,0,0,exported_float_payload,False
operand_hybrid_plain_h16,Operand hybrid + plain H16,11740,2.550999879837036,3.0645434856414795,0.20066200196743011,34940.02523100309,89.93477073086511,49241128960.0,0.0003,129.81909656524658,152.66796875,0,0,exported_float_payload,False
operand_hybrid_plain_h16,Operand hybrid + plain H16,11750,2.6047654151916504,3.221414566040039,0.2662276327610016,34898.67514415726,89.82833661825086,49283072000.0,0.0003,129.81909656524658,152.66796875,0,0,exported_float_payload,False
operand_hybrid_plain_h16,Operand hybrid + plain H16,11760,2.563925266265869,3.1301441192626953,0.173635795712471,34989.2480851365,90.06146915400419,49325015040.0,0.0003,129.81909656524658,152.66796875,0,0,exported_float_payload,False
operand_hybrid_plain_h16,Operand hybrid + plain H16,11770,2.548661231994629,3.016622543334961,0.20081408321857452,34959.657900945684,89.98530474331783,49366958080.0,0.0003,129.81909656524658,152.66796875,0,0,exported_float_payload,False
operand_hybrid_plain_h16,Operand hybrid + plain H16,11780,2.554184913635254,3.0610389709472656,0.16317810118198395,34960.112314700724,89.9864743932138,49408901120.0,0.0003,129.81909656524658,152.66796875,0,0,exported_float_payload,False
operand_hybrid_plain_h16,Operand hybrid + plain H16,11790,2.5265603065490723,3.010624408721924,0.11638764292001724,34934.8899581732,89.92155266414811,49450844160.0,0.0003,129.81909656524658,152.66796875,0,0,exported_float_payload,False
operand_hybrid_plain_h16,Operand hybrid + plain H16,11800,2.6060373783111572,4.541609764099121,0.1072109267115593,34905.38861318808,89.8456169234053,49492787200.0,0.0003,129.81909656524658,152.66796875,0,0,exported_float_payload,False
operand_hybrid_plain_h16,Operand hybrid + plain H16,11810,2.5154354572296143,2.9752373695373535,0.08847400546073914,34891.55137786752,89.81000021798292,49534730240.0,0.0003,129.81909656524658,152.66796875,0,0,exported_float_payload,False
operand_hybrid_plain_h16,Operand hybrid + plain H16,11820,2.565310478210449,3.673443555831909,0.16902978718280792,34900.229632393275,89.83233783296625,49576673280.0,0.0003,129.81909656524658,152.66796875,0,0,exported_float_payload,False
operand_hybrid_plain_h16,Operand hybrid + plain H16,11830,2.544210195541382,2.9608168601989746,0.13684295117855072,34972.34768632706,90.01796794064963,49618616320.0,0.0003,129.81909656524658,152.66796875,0,0,exported_float_payload,False
operand_hybrid_plain_h16,Operand hybrid + plain H16,11840,2.5664875507354736,3.028817892074585,0.16878071427345276,34913.20169932248,89.86572761610093,49660559360.0,0.0003,129.81909656524658,152.66796875,0,0,exported_float_payload,False
operand_hybrid_plain_h16,Operand hybrid + plain H16,11850,2.540970802307129,2.9406323432922363,0.136234849691391,34901.53566545494,89.83569953013706,49702502400.0,0.0003,129.81909656524658,152.66796875,0,0,exported_float_payload,False
operand_hybrid_plain_h16,Operand hybrid + plain H16,11860,2.5878005027770996,3.0344414710998535,0.09723465889692307,34985.08548882845,90.05075473287441,49744445440.0,0.0003,129.81909656524658,152.66796875,0,0,exported_float_payload,False
operand_hybrid_plain_h16,Operand hybrid + plain H16,11870,2.5435702800750732,2.967003583908081,0.18726402521133423,34940.339393405615,89.93557937720855,49786388480.0,0.0003,129.81909656524658,152.66796875,0,0,exported_float_payload,False
operand_hybrid_plain_h16,Operand hybrid + plain H16,11880,2.5540449619293213,3.4966862201690674,0.09917249530553818,34990.86335339034,90.06562681499948,49828331520.0,0.0003,129.81909656524658,152.66796875,0,0,exported_float_payload,False
operand_hybrid_plain_h16,Operand hybrid + plain H16,11890,2.562401056289673,3.0331249237060547,0.17883095145225525,34981.72990231822,90.04211753523444,49870274560.0,0.0003,129.81909656524658,152.66796875,0,0,exported_float_payload,False
operand_hybrid_plain_h16,Operand hybrid + plain H16,11900,2.5411314964294434,3.019993782043457,0.20114830136299133,34881.38103658579,89.78382200816824,49912217600.0,0.0003,129.81909656524658,152.66796875,0,0,exported_float_payload,False
operand_hybrid_plain_h16,Operand hybrid + plain H16,11910,2.5739312171936035,3.0196053981781006,0.13531120121479034,34960.731350756236,89.98806777688648,49954160640.0,0.0003,129.81909656524658,152.66796875,0,0,exported_float_payload,False
operand_hybrid_plain_h16,Operand hybrid + plain H16,11920,2.570363998413086,3.493882179260254,0.1634005755186081,34956.24176548987,89.97651169417223,49996103680.0,0.0003,129.81909656524658,152.66796875,0,0,exported_float_payload,False
operand_hybrid_plain_h16,Operand hybrid + plain H16,11930,2.5439281463623047,2.990504026412964,0.22097276151180267,35005.36408417823,90.10295134153364,50038046720.0,0.0003,129.81909656524658,152.66796875,0,0,exported_float_payload,False
operand_hybrid_plain_h16,Operand hybrid + plain H16,11940,2.5566940307617188,2.983229637145996,0.14032329618930817,34955.839294433295,89.97547574351223,50079989760.0,0.0003,129.81909656524658,152.66796875,0,0,exported_float_payload,False
operand_hybrid_plain_h16,Operand hybrid + plain H16,11950,2.5396032333374023,2.9563803672790527,0.12482013553380966,34881.26953040226,89.78353499397794,50121932800.0,0.0003,129.81909656524658,152.66796875,0,0,exported_float_payload,False
operand_hybrid_plain_h16,Operand hybrid + plain H16,11960,2.5843870639801025,3.265592098236084,0.14940431714057922,34930.2337101412,89.9095675955497,50163875840.0,0.0003,129.81909656524658,152.66796875,0,0,exported_float_payload,False
operand_hybrid_plain_h16,Operand hybrid + plain H16,11970,2.5607919692993164,2.9667303562164307,0.11516308784484863,34940.39440294124,89.93572097040838,50205818880.0,0.0003,129.81909656524658,152.66796875,0,0,exported_float_payload,False
operand_hybrid_plain_h16,Operand hybrid + plain H16,11980,2.6003429889678955,3.027402400970459,0.20196828246116638,34960.1188829792,89.98649129980201,50247761920.0,0.0003,129.81909656524658,152.66796875,0,0,exported_float_payload,False
operand_hybrid_plain_h16,Operand hybrid + plain H16,11990,2.565467119216919,3.088810443878174,0.1616767942905426,34915.90254600064,89.8726795294202,50289704960.0,0.0003,129.81909656524658,152.66796875,0,0,exported_float_payload,False
operand_hybrid_plain_h16,Operand hybrid + plain H16,12000,2.554360866546631,3.033409357070923,0.21020622551441193,34992.355748321155,90.06946820306531,50331648000.0,0.0003,129.81909656524658,152.66796875,0,0,exported_float_payload,False
operand_hybrid_plain_h16,Operand hybrid + plain H16,12010,2.560678243637085,3.0126914978027344,0.28575921058654785,28150.311194383994,72.45821279553633,50373591040.0,0.0003,129.81909656524658,152.66796875,0,0,exported_float_payload,False
operand_hybrid_plain_h16,Operand hybrid + plain H16,12020,2.589358329772949,3.012148857116699,0.11280445754528046,19285.095107002096,49.639363323418216,50415534080.0,0.0003,129.81909656524658,152.66796875,0,0,exported_float_payload,False
operand_hybrid_plain_h16,Operand hybrid + plain H16,12030,2.5658717155456543,2.960221767425537,0.15298697352409363,34988.40654906373,90.05930306072673,50457477120.0,0.0003,129.81909656524658,152.66796875,0,0,exported_float_payload,False
operand_hybrid_plain_h16,Operand hybrid + plain H16,12040,2.6080706119537354,5.190403938293457,0.1350795477628708,34982.84682652023,90.04499247082387,50499420160.0,0.0003,129.81909656524658,152.66796875,0,0,exported_float_payload,False
operand_hybrid_plain_h16,Operand hybrid + plain H16,12050,2.5490269660949707,2.9894871711730957,0.19872717559337616,34970.217100653215,90.0124838652137,50541363200.0,0.0003,129.81909656524658,152.66796875,0,0,exported_float_payload,False
operand_hybrid_plain_h16,Operand hybrid + plain H16,12060,2.5576632022857666,3.1360182762145996,0.10778632014989853,35013.12303482082,90.12292269079683,50583306240.0,0.0003,129.81909656524658,152.66796875,0,0,exported_float_payload,False
operand_hybrid_plain_h16,Operand hybrid + plain H16,12070,2.576284885406494,3.056370735168457,0.13299106061458588,34979.88427646162,90.03736693940141,50625249280.0,0.0003,129.81909656524658,152.66796875,0,0,exported_float_payload,False
operand_hybrid_plain_h16,Operand hybrid + plain H16,12080,2.5824737548828125,3.2641804218292236,0.19720976054668427,34971.46437746765,90.01569432524063,50667192320.0,0.0003,129.81909656524658,152.66796875,0,0,exported_float_payload,False
operand_hybrid_plain_h16,Operand hybrid + plain H16,12090,2.553288459777832,3.1617908477783203,0.13828431069850922,34914.02743820531,89.86785304779767,50709135360.0,0.0003,129.81909656524658,152.66796875,0,0,exported_float_payload,False
operand_hybrid_plain_h16,Operand hybrid + plain H16,12100,2.575030565261841,3.0585713386535645,0.13175749778747559,34975.64169876802,90.02644664814063,50751078400.0,0.0003,129.81909656524658,152.66796875,0,0,exported_float_payload,False
operand_hybrid_plain_h16,Operand hybrid + plain H16,12110,2.5750162601470947,3.1528096199035645,0.11129949986934662,34877.945585419126,89.77497924085516,50793021440.0,0.0003,129.81909656524658,152.66796875,0,0,exported_float_payload,False
operand_hybrid_plain_h16,Operand hybrid + plain H16,12120,2.5659420490264893,3.025822639465332,0.21626022458076477,34934.02813403424,89.91933434988432,50834964480.0,0.0003,129.81909656524658,152.66796875,0,0,exported_float_payload,False
operand_hybrid_plain_h16,Operand hybrid + plain H16,12130,2.54856538772583,2.9854445457458496,0.17829710245132446,34970.41719538997,90.0129989041742,50876907520.0,0.0003,129.81909656524658,152.66796875,0,0,exported_float_payload,False
operand_hybrid_plain_h16,Operand hybrid + plain H16,12140,2.578819990158081,3.051774263381958,0.23076996207237244,34946.32889310673,89.95099620300795,50918850560.0,0.0003,129.81909656524658,152.66796875,0,0,exported_float_payload,False
operand_hybrid_plain_h16,Operand hybrid + plain H16,12150,2.5600244998931885,3.163390874862671,0.11650718748569489,34932.45828307807,89.91529359190285,50960793600.0,0.0003,129.81909656524658,152.66796875,0,0,exported_float_payload,False
operand_hybrid_plain_h16,Operand hybrid + plain H16,12160,2.4955267906188965,3.063807964324951,0.16970469057559967,34890.99668725753,89.80857245791387,51002736640.0,0.0003,129.81909656524658,152.66796875,0,0,exported_float_payload,False
operand_hybrid_plain_h16,Operand hybrid + plain H16,12170,2.5625083446502686,3.186626672744751,0.15822619199752808,34954.68926578593,89.97251559788981,51044679680.0,0.0003,129.81909656524658,152.66796875,0,0,exported_float_payload,False
operand_hybrid_plain_h16,Operand hybrid + plain H16,12180,2.543137550354004,3.021760940551758,0.19289468228816986,34969.18340555628,90.00982315930597,51086622720.0,0.0003,129.81909656524658,152.66796875,0,0,exported_float_payload,False
operand_hybrid_plain_h16,Operand hybrid + plain H16,12190,2.5606935024261475,2.9770760536193848,0.17571288347244263,34960.93060201007,89.98858064474256,51128565760.0,0.0003,129.81909656524658,152.66796875,0,0,exported_float_payload,False
operand_hybrid_plain_h16,Operand hybrid + plain H16,12200,2.549193859100342,3.0281243324279785,0.1183772087097168,34967.26711489923,90.0048906740042,51170508800.0,0.0003,129.81909656524658,152.66796875,0,0,exported_float_payload,False
operand_hybrid_plain_h16,Operand hybrid + plain H16,12210,2.5649750232696533,3.282135009765625,0.17700372636318207,34871.50600792007,89.75840392580737,51212451840.0,0.0003,129.81909656524658,152.66796875,0,0,exported_float_payload,False
operand_hybrid_plain_h16,Operand hybrid + plain H16,12220,2.546428918838501,3.1470656394958496,0.1553080976009369,34976.67109782648,90.02909629615037,51254394880.0,0.0003,129.81909656524658,152.66796875,0,0,exported_float_payload,False
operand_hybrid_plain_h16,Operand hybrid + plain H16,12230,2.5605251789093018,3.119368076324463,0.30727460980415344,34876.75853275186,89.77192379631069,51296337920.0,0.0003,129.81909656524658,152.66796875,0,0,exported_float_payload,False
operand_hybrid_plain_h16,Operand hybrid + plain H16,12240,2.5747504234313965,3.5056228637695312,0.11506713926792145,34949.78368941613,89.95988876424548,51338280960.0,0.0003,129.81909656524658,152.66796875,0,0,exported_float_payload,False
operand_hybrid_plain_h16,Operand hybrid + plain H16,12250,2.5989558696746826,3.205392837524414,0.11787168681621552,34909.273891552344,89.85561753492763,51380224000.0,0.0003,129.81909656524658,152.66796875,0,0,exported_float_payload,False
operand_hybrid_plain_h16,Operand hybrid + plain H16,12260,2.5517945289611816,3.0342624187469482,0.19266857206821442,34871.08267840959,89.75731428599697,51422167040.0,0.0003,129.81909656524658,152.66796875,0,0,exported_float_payload,False
operand_hybrid_plain_h16,Operand hybrid + plain H16,12270,2.5385775566101074,3.121304988861084,0.12878338992595673,18058.350347520536,46.48175230396856,51464110080.0,0.0003,129.81909656524658,152.66796875,0,0,exported_float_payload,False
operand_hybrid_plain_h16,Operand hybrid + plain H16,12280,2.56506085395813,3.1433539390563965,0.28624117374420166,35035.84009266948,90.18139584231267,51506053120.0,0.0003,129.81909656524658,152.66796875,0,0,exported_float_payload,False
operand_hybrid_plain_h16,Operand hybrid + plain H16,12290,2.5474250316619873,2.9495558738708496,0.11643422394990921,34967.39827831021,90.00522828541737,51547996160.0,0.0003,129.81909656524658,152.66796875,0,0,exported_float_payload,False
operand_hybrid_plain_h16,Operand hybrid + plain H16,12300,2.559520959854126,3.0003867149353027,0.24035707116127014,34992.41166543084,90.06961213233858,51589939200.0,0.0003,129.81909656524658,152.66796875,0,0,exported_float_payload,False
operand_hybrid_plain_h16,Operand hybrid + plain H16,12310,2.57285475730896,4.062058925628662,0.1405176818370819,34932.21071215211,89.91465635039205,51631882240.0,0.0003,129.81909656524658,152.66796875,0,0,exported_float_payload,False
operand_hybrid_plain_h16,Operand hybrid + plain H16,12320,2.5730323791503906,3.1492514610290527,0.12113957852125168,34923.57480193897,89.89242772863416,51673825280.0,0.0003,129.81909656524658,152.66796875,0,0,exported_float_payload,False
operand_hybrid_plain_h16,Operand hybrid + plain H16,12330,2.5353546142578125,3.108774185180664,0.13806366920471191,34912.946420351924,89.86507053427177,51715768320.0,0.0003,129.81909656524658,152.66796875,0,0,exported_float_payload,False
operand_hybrid_plain_h16,Operand hybrid + plain H16,12340,2.5448358058929443,2.9636032581329346,0.1568482518196106,35014.152697702535,90.12557301788118,51757711360.0,0.0003,129.81909656524658,152.66796875,0,0,exported_float_payload,False
operand_hybrid_plain_h16,Operand hybrid + plain H16,12350,2.5445828437805176,3.964975357055664,0.09803152084350586,34926.64859616523,89.90033959982442,51799654400.0,0.0003,129.81909656524658,152.66796875,0,0,exported_float_payload,False
operand_hybrid_plain_h16,Operand hybrid + plain H16,12360,2.551755666732788,3.0814342498779297,0.1230645477771759,34905.562745681826,89.84606513618701,51841597440.0,0.0003,129.81909656524658,152.66796875,0,0,exported_float_payload,False
operand_hybrid_plain_h16,Operand hybrid + plain H16,12370,2.5412757396698,3.10837984085083,0.19443506002426147,34847.63636475443,89.69696404786404,51883540480.0,0.0003,129.81909656524658,152.66796875,0,0,exported_float_payload,False
operand_hybrid_plain_h16,Operand hybrid + plain H16,12380,2.567129135131836,3.1899266242980957,0.13298211991786957,34877.47960700819,89.77377982381765,51925483520.0,0.0003,129.81909656524658,152.66796875,0,0,exported_float_payload,False
operand_hybrid_plain_h16,Operand hybrid + plain H16,12390,2.576300621032715,3.1844847202301025,0.14663319289684296,34906.35168086704,89.84809583606587,51967426560.0,0.0003,129.81909656524658,152.66796875,0,0,exported_float_payload,False
operand_hybrid_plain_h16,Operand hybrid + plain H16,12400,2.5791172981262207,3.3419687747955322,0.24934549629688263,34889.603853565546,89.80498733804271,52009369600.0,0.0003,129.81909656524658,152.66796875,0,0,exported_float_payload,False
operand_hybrid_plain_h16,Operand hybrid + plain H16,12410,2.5800342559814453,3.191905975341797,0.1356564164161682,34950.35535772851,89.9613602245054,52051312640.0,0.0003,129.81909656524658,152.66796875,0,0,exported_float_payload,False
operand_hybrid_plain_h16,Operand hybrid + plain H16,12420,2.5998663902282715,3.386930465698242,0.13108061254024506,34864.783609921666,89.74110063770867,52093255680.0,0.0003,129.81909656524658,152.66796875,0,0,exported_float_payload,False
operand_hybrid_plain_h16,Operand hybrid + plain H16,12430,2.5645501613616943,2.9988090991973877,0.13270939886569977,34959.73981472954,89.98551558739484,52135198720.0,0.0003,129.81909656524658,152.66796875,0,0,exported_float_payload,False
operand_hybrid_plain_h16,Operand hybrid + plain H16,12440,2.5561342239379883,3.1652815341949463,0.3436233401298523,34946.113339147385,89.95044137238646,52177141760.0,0.0003,129.81909656524658,152.66796875,0,0,exported_float_payload,False
operand_hybrid_plain_h16,Operand hybrid + plain H16,12450,2.5379867553710938,3.031925678253174,0.15181191265583038,34917.12916893479,89.87583682686423,52219084800.0,0.0003,129.81909656524658,152.66796875,0,0,exported_float_payload,False
operand_hybrid_plain_h16,Operand hybrid + plain H16,12460,2.5902934074401855,3.1340980529785156,0.16357165575027466,34959.80099120554,89.98567305414844,52261027840.0,0.0003,129.81909656524658,152.66796875,0,0,exported_float_payload,False
operand_hybrid_plain_h16,Operand hybrid + plain H16,12470,2.563891649246216,3.049952983856201,0.14522604644298553,34913.740093941684,89.86711343068806,52302970880.0,0.0003,129.81909656524658,152.66796875,0,0,exported_float_payload,False
operand_hybrid_plain_h16,Operand hybrid + plain H16,12480,2.5637803077697754,3.063330888748169,0.12649965286254883,34947.71496792756,89.95456392571,52344913920.0,0.0003,129.81909656524658,152.66796875,0,0,exported_float_payload,False
operand_hybrid_plain_h16,Operand hybrid + plain H16,12490,2.5981295108795166,3.2941818237304688,0.14366194605827332,34882.007151835875,89.7854336135147,52386856960.0,0.0003,129.81909656524658,152.66796875,0,0,exported_float_payload,False
operand_hybrid_plain_h16,Operand hybrid + plain H16,12500,2.568085193634033,3.7585668563842773,0.15195395052433014,34934.431669075166,89.92037303921404,52428800000.0,0.0003,129.81909656524658,152.66796875,0,0,exported_float_payload,False
operand_hybrid_plain_h16,Operand hybrid + plain H16,12510,2.5441274642944336,2.953413963317871,0.16208943724632263,34913.341561881214,89.86608761890773,52470743040.0,0.0003,129.81909656524658,152.66796875,0,0,exported_float_payload,False
operand_hybrid_plain_h16,Operand hybrid + plain H16,12520,2.5366835594177246,3.0197465419769287,0.1256469041109085,34899.19067232245,89.82966357514444,52512686080.0,0.0003,129.81909656524658,152.66796875,0,0,exported_float_payload,False
operand_hybrid_plain_h16,Operand hybrid + plain H16,12530,2.549666166305542,3.1208996772766113,0.09141094982624054,34882.3181050394,89.78623399945837,52554629120.0,0.0003,129.81909656524658,152.66796875,0,0,exported_float_payload,False
operand_hybrid_plain_h16,Operand hybrid + plain H16,12540,2.5338361263275146,3.0289530754089355,0.1674777716398239,34938.79307621747,89.93159919457065,52596572160.0,0.0003,129.81909656524658,152.66796875,0,0,exported_float_payload,False
operand_hybrid_plain_h16,Operand hybrid + plain H16,12550,2.56009578704834,3.0942800045013428,0.12708188593387604,34862.62660569793,89.73554856157122,52638515200.0,0.0003,129.81909656524658,152.66796875,0,0,exported_float_payload,False
operand_hybrid_plain_h16,Operand hybrid + plain H16,12560,2.589221239089966,3.2422757148742676,0.22842897474765778,34920.84554528758,89.88540268873834,52680458240.0,0.0003,129.81909656524658,152.66796875,0,0,exported_float_payload,False
operand_hybrid_plain_h16,Operand hybrid + plain H16,12570,2.5701496601104736,3.3279740810394287,0.1345703899860382,34869.604865716494,89.75351043225449,52722401280.0,0.0003,129.81909656524658,152.66796875,0,0,exported_float_payload,False
operand_hybrid_plain_h16,Operand hybrid + plain H16,12580,2.5986413955688477,3.9284238815307617,0.14645834267139435,34897.572836960615,89.8254993064759,52764344320.0,0.0003,129.81909656524658,152.66796875,0,0,exported_float_payload,False
operand_hybrid_plain_h16,Operand hybrid + plain H16,12590,2.5050315856933594,2.9437503814697266,0.20592662692070007,34871.36500156067,89.7580409788856,52806287360.0,0.0003,129.81909656524658,152.66796875,0,0,exported_float_payload,False
operand_hybrid_plain_h16,Operand hybrid + plain H16,12600,2.5649349689483643,3.3938326835632324,0.11171480268239975,34973.51091890299,90.02096207286135,52848230400.0,0.0003,129.81909656524658,152.66796875,0,0,exported_float_payload,False
operand_hybrid_plain_h16,Operand hybrid + plain H16,12610,2.5646121501922607,3.1564927101135254,0.35650840401649475,34902.41045820718,89.8379512252944,52890173440.0,0.0003,129.81909656524658,152.66796875,0,0,exported_float_payload,False
operand_hybrid_plain_h16,Operand hybrid + plain H16,12620,2.5631892681121826,3.146817207336426,0.10032379627227783,34885.90001767373,89.79545375500855,52932116480.0,0.0003,129.81909656524658,152.66796875,0,0,exported_float_payload,False
operand_hybrid_plain_h16,Operand hybrid + plain H16,12630,2.540955066680908,2.9670395851135254,0.0986357033252716,34957.20446228357,89.97898965218322,52974059520.0,0.0003,129.81909656524658,152.66796875,0,0,exported_float_payload,False
operand_hybrid_plain_h16,Operand hybrid + plain H16,12640,2.5266711711883545,3.182656764984131,0.1625637263059616,34929.44304888819,89.90753245281455,53016002560.0,0.0003,129.81909656524658,152.66796875,0,0,exported_float_payload,False
operand_hybrid_plain_h16,Operand hybrid + plain H16,12650,2.55887770652771,3.2748711109161377,0.09288334101438522,34872.07324978919,89.75986399251056,53057945600.0,0.0003,129.81909656524658,152.66796875,0,0,exported_float_payload,False
operand_hybrid_plain_h16,Operand hybrid + plain H16,12660,2.5396502017974854,3.228806495666504,0.24118509888648987,34942.75393367559,89.9417943448328,53099888640.0,0.0003,129.81909656524658,152.66796875,0,0,exported_float_payload,False
operand_hybrid_plain_h16,Operand hybrid + plain H16,12670,2.519094467163086,3.277506113052368,0.14788827300071716,34952.09532113578,89.96583884777708,53141831680.0,0.0003,129.81909656524658,152.66796875,0,0,exported_float_payload,False
operand_hybrid_plain_h16,Operand hybrid + plain H16,12680,2.5694334506988525,3.222381591796875,0.11899003386497498,34887.661942048246,89.79998890527303,53183774720.0,0.0003,129.81909656524658,152.66796875,0,0,exported_float_payload,False
operand_hybrid_plain_h16,Operand hybrid + plain H16,12690,2.564417839050293,3.3594412803649902,0.25849252939224243,34903.87132207029,89.84171145316286,53225717760.0,0.0003,129.81909656524658,152.66796875,0,0,exported_float_payload,False
operand_hybrid_plain_h16,Operand hybrid + plain H16,12700,2.5364909172058105,3.070322275161743,0.1503002792596817,34927.38982436138,89.90224750307976,53267660800.0,0.0003,129.81909656524658,152.66796875,0,0,exported_float_payload,False
operand_hybrid_plain_h16,Operand hybrid + plain H16,12710,2.5154013633728027,3.0596823692321777,0.13055436313152313,34879.644491955165,89.77935218474406,53309603840.0,0.0003,129.81909656524658,152.66796875,0,0,exported_float_payload,False
operand_hybrid_plain_h16,Operand hybrid + plain H16,12720,2.532386302947998,3.058717966079712,0.1356261521577835,34895.01232609697,89.81890861411226,53351546880.0,0.0003,129.81909656524658,152.66796875,0,0,exported_float_payload,False
operand_hybrid_plain_h16,Operand hybrid + plain H16,12730,2.5414018630981445,3.0502986907958984,0.3393510580062866,34949.09805695858,89.95812396306209,53393489920.0,0.0003,129.81909656524658,152.66796875,0,0,exported_float_payload,False
operand_hybrid_plain_h16,Operand hybrid + plain H16,12740,2.5470693111419678,3.046689987182617,0.10466108471155167,34926.089928181595,89.89890160209286,53435432960.0,0.0003,129.81909656524658,152.66796875,0,0,exported_float_payload,False
operand_hybrid_plain_h16,Operand hybrid + plain H16,12750,2.520254373550415,3.3939075469970703,0.18600186705589294,34943.0493685502,89.94255478697725,53477376000.0,0.0003,129.81909656524658,152.66796875,0,0,exported_float_payload,False
operand_hybrid_plain_h16,Operand hybrid + plain H16,12760,2.557558536529541,3.2295618057250977,0.2019404172897339,34880.72081600203,89.78212261652672,53519319040.0,0.0003,129.81909656524658,152.66796875,0,0,exported_float_payload,False
operand_hybrid_plain_h16,Operand hybrid + plain H16,12770,2.5381414890289307,3.0066311359405518,0.18975554406642914,34966.10961631221,90.00191130093974,53561262080.0,0.0003,129.81909656524658,152.66796875,0,0,exported_float_payload,False
operand_hybrid_plain_h16,Operand hybrid + plain H16,12780,2.5224199295043945,3.067648410797119,0.2227240353822708,34865.591736951974,89.7431807369276,53603205120.0,0.0003,129.81909656524658,152.66796875,0,0,exported_float_payload,False
operand_hybrid_plain_h16,Operand hybrid + plain H16,12790,2.565748929977417,3.0232229232788086,0.15234240889549255,34990.86241546423,90.0656244008006,53645148160.0,0.0003,129.81909656524658,152.66796875,0,0,exported_float_payload,False
operand_hybrid_plain_h16,Operand hybrid + plain H16,12800,2.5250885486602783,3.3375697135925293,0.24687182903289795,34882.67235056983,89.78714581879312,53687091200.0,0.0003,129.81909656524658,152.66796875,0,0,exported_float_payload,False
operand_hybrid_plain_h16,Operand hybrid + plain H16,12810,2.549555540084839,3.2533626556396484,0.17569801211357117,34969.604085858125,90.01090598011812,53729034240.0,0.0003,129.81909656524658,152.66796875,0,0,exported_float_payload,False
operand_hybrid_plain_h16,Operand hybrid + plain H16,12820,2.5374867916107178,3.0070595741271973,0.12409822642803192,34999.05059576553,90.08670057671152,53770977280.0,0.0003,129.81909656524658,152.66796875,0,0,exported_float_payload,False
operand_hybrid_plain_h16,Operand hybrid + plain H16,12830,2.534773826599121,3.0717713832855225,0.20454451441764832,34920.26562967424,89.88391000012739,53812920320.0,0.0003,129.81909656524658,152.66796875,0,0,exported_float_payload,False
operand_hybrid_plain_h16,Operand hybrid + plain H16,12840,2.5448179244995117,3.0725998878479004,0.19120141863822937,34894.36721477669,89.81724811334554,53854863360.0,0.0003,129.81909656524658,152.66796875,0,0,exported_float_payload,False
operand_hybrid_plain_h16,Operand hybrid + plain H16,12850,2.545776128768921,3.1055850982666016,0.1839572638273239,34877.98476223164,89.77508008101276,53896806400.0,0.0003,129.81909656524658,152.66796875,0,0,exported_float_payload,False
operand_hybrid_plain_h16,Operand hybrid + plain H16,12860,2.547631025314331,3.1015825271606445,0.24639073014259338,28990.52639749426,74.62090618676086,53938749440.0,0.0003,129.81909656524658,152.66796875,0,0,exported_float_payload,False
operand_hybrid_plain_h16,Operand hybrid + plain H16,12870,2.5246942043304443,2.9766926765441895,0.12610766291618347,34971.072134721944,90.01468470200273,53980692480.0,0.0003,129.81909656524658,152.66796875,0,0,exported_float_payload,False
operand_hybrid_plain_h16,Operand hybrid + plain H16,12880,2.5759670734405518,3.15804123878479,0.11857189238071442,34972.64264382327,90.01872715403374,54022635520.0,0.0003,129.81909656524658,152.66796875,0,0,exported_float_payload,False
operand_hybrid_plain_h16,Operand hybrid + plain H16,12890,2.5441970825195312,3.183605670928955,0.1208682507276535,34975.945126736005,90.02722766431202,54064578560.0,0.0003,129.81909656524658,152.66796875,0,0,exported_float_payload,False
operand_hybrid_plain_h16,Operand hybrid + plain H16,12900,2.5482289791107178,3.3479127883911133,0.11579316109418869,34920.71735273167,89.88507272423347,54106521600.0,0.0003,129.81909656524658,152.66796875,0,0,exported_float_payload,False
operand_hybrid_plain_h16,Operand hybrid + plain H16,12910,2.5854272842407227,3.1385083198547363,0.2287917584180832,34883.772903434074,89.78997861495937,54148464640.0,0.0003,129.81909656524658,152.66796875,0,0,exported_float_payload,False
operand_hybrid_plain_h16,Operand hybrid + plain H16,12920,2.5498478412628174,3.1789608001708984,0.14068782329559326,34936.87572872405,89.92666398899789,54190407680.0,0.0003,129.81909656524658,152.66796875,0,0,exported_float_payload,False
operand_hybrid_plain_h16,Operand hybrid + plain H16,12930,2.5416650772094727,3.115368604660034,0.20016200840473175,34935.2101290611,89.92237677618604,54232350720.0,0.0003,129.81909656524658,152.66796875,0,0,exported_float_payload,False
operand_hybrid_plain_h16,Operand hybrid + plain H16,12940,2.561832904815674,3.048506259918213,0.11851570755243301,34944.77419755597,89.94699445466948,54274293760.0,0.0003,129.81909656524658,152.66796875,0,0,exported_float_payload,False
operand_hybrid_plain_h16,Operand hybrid + plain H16,12950,2.5700314044952393,3.075045108795166,0.11999841034412384,34960.01707586284,89.98622925077348,54316236800.0,0.0003,129.81909656524658,152.66796875,0,0,exported_float_payload,False
operand_hybrid_plain_h16,Operand hybrid + plain H16,12960,2.5402519702911377,3.178640365600586,0.44087648391723633,34961.64204012269,89.99041186905121,54358179840.0,0.0003,129.81909656524658,152.66796875,0,0,exported_float_payload,False
operand_hybrid_plain_h16,Operand hybrid + plain H16,12970,2.5534918308258057,2.9655261039733887,0.16580528020858765,34965.470055607366,90.00026508732144,54400122880.0,0.0003,129.81909656524658,152.66796875,0,0,exported_float_payload,False
operand_hybrid_plain_h16,Operand hybrid + plain H16,12980,2.526949644088745,2.9822821617126465,0.10345260798931122,34985.43184971595,90.05164625733099,54442065920.0,0.0003,129.81909656524658,152.66796875,0,0,exported_float_payload,False
operand_hybrid_plain_h16,Operand hybrid + plain H16,12990,2.5352871417999268,3.2721829414367676,0.28025180101394653,34898.23906435072,89.82721415949011,54484008960.0,0.0003,129.81909656524658,152.66796875,0,0,exported_float_payload,False
operand_hybrid_plain_h16,Operand hybrid + plain H16,13000,2.538403034210205,3.0067615509033203,0.12507998943328857,34900.32672564898,89.83258774863268,54525952000.0,0.0003,129.81909656524658,152.66796875,0,0,exported_float_payload,False
operand_hybrid_plain_h16,Operand hybrid + plain H16,13010,2.617680311203003,4.014434337615967,0.29637596011161804,27709.34390226121,71.32317376638063,54567895040.0,0.0003,129.81909656524658,152.66796875,0,0,exported_float_payload,False
operand_hybrid_plain_h16,Operand hybrid + plain H16,13020,2.577996015548706,3.0591530799865723,0.10889284312725067,34852.91504371548,89.71055123845666,54609838080.0,0.0003,129.81909656524658,152.66796875,0,0,exported_float_payload,False
operand_hybrid_plain_h16,Operand hybrid + plain H16,13030,2.5816657543182373,2.9807612895965576,0.1576550304889679,34995.50300684544,90.07756916956266,54651781120.0,0.0003,129.81909656524658,152.66796875,0,0,exported_float_payload,False
operand_hybrid_plain_h16,Operand hybrid + plain H16,13040,2.5461928844451904,3.071608543395996,0.23669201135635376,34901.86182565603,89.8365390585207,54693724160.0,0.0003,129.81909656524658,152.66796875,0,0,exported_float_payload,False
operand_hybrid_plain_h16,Operand hybrid + plain H16,13050,2.5239293575286865,3.0281076431274414,0.20817933976650238,34927.628215064025,89.9028611149202,54735667200.0,0.0003,129.81909656524658,152.66796875,0,0,exported_float_payload,False
operand_hybrid_plain_h16,Operand hybrid + plain H16,13060,2.5409252643585205,3.0198075771331787,0.17598088085651398,34944.50819749438,89.94630977701414,54777610240.0,0.0003,129.81909656524658,152.66796875,0,0,exported_float_payload,False
operand_hybrid_plain_h16,Operand hybrid + plain H16,13070,2.528977155685425,2.9298501014709473,0.13190393149852753,35004.649708255805,90.10111255537439,54819553280.0,0.0003,129.81909656524658,152.66796875,0,0,exported_float_payload,False
operand_hybrid_plain_h16,Operand hybrid + plain H16,13080,2.5510001182556152,2.9259448051452637,0.21635763347148895,34864.97413271124,89.74159103871114,54861496320.0,0.0003,129.81909656524658,152.66796875,0,0,exported_float_payload,False
operand_hybrid_plain_h16,Operand hybrid + plain H16,13090,2.5219123363494873,3.012535810470581,0.11071880906820297,34915.52401383085,89.87170519686951,54903439360.0,0.0003,129.81909656524658,152.66796875,0,0,exported_float_payload,False
operand_hybrid_plain_h16,Operand hybrid + plain H16,13100,2.5416958332061768,2.9806013107299805,0.2502233386039734,34946.531794887895,89.95151846723212,54945382400.0,0.0003,129.81909656524658,152.66796875,0,0,exported_float_payload,False
operand_hybrid_plain_h16,Operand hybrid + plain H16,13110,2.5949065685272217,3.0638363361358643,0.1304771453142166,34926.65906447859,89.90036654500709,54987325440.0,0.0003,129.81909656524658,152.66796875,0,0,exported_float_payload,False
operand_hybrid_plain_h16,Operand hybrid + plain H16,13120,2.5683276653289795,3.3053455352783203,0.2385524958372116,34959.70815989051,89.98543410861309,55029268480.0,0.0003,129.81909656524658,152.66796875,0,0,exported_float_payload,False
operand_hybrid_plain_h16,Operand hybrid + plain H16,13130,2.566800594329834,3.6547694206237793,0.14022287726402283,34872.31819497991,89.76049447544305,55071211520.0,0.0003,129.81909656524658,152.66796875,0,0,exported_float_payload,False
operand_hybrid_plain_h16,Operand hybrid + plain H16,13140,2.5543549060821533,2.9436120986938477,0.24063916504383087,34950.54120469419,89.96183859005149,55113154560.0,0.0003,129.81909656524658,152.66796875,0,0,exported_float_payload,False
operand_hybrid_plain_h16,Operand hybrid + plain H16,13150,2.557703971862793,3.294861316680908,0.23964659869670868,34902.11662835768,89.83719491444533,55155097600.0,0.0003,129.81909656524658,152.66796875,0,0,exported_float_payload,False
operand_hybrid_plain_h16,Operand hybrid + plain H16,13160,2.5960159301757812,3.44998836517334,0.18167948722839355,34900.491327036805,89.83301142858078,55197040640.0,0.0003,129.81909656524658,152.66796875,0,0,exported_float_payload,False
operand_hybrid_plain_h16,Operand hybrid + plain H16,13170,2.550069570541382,3.0998945236206055,0.1250121146440506,34899.34092121518,89.83005031212103,55238983680.0,0.0003,129.81909656524658,152.66796875,0,0,exported_float_payload,False
operand_hybrid_plain_h16,Operand hybrid + plain H16,13180,2.5215580463409424,2.949860095977783,0.3069695234298706,34924.394396651376,89.89453734538644,55280926720.0,0.0003,129.81909656524658,152.66796875,0,0,exported_float_payload,False
operand_hybrid_plain_h16,Operand hybrid + plain H16,13190,2.5584754943847656,3.1541874408721924,0.15484894812107086,34920.74921795565,89.88515474454096,55322869760.0,0.0003,129.81909656524658,152.66796875,0,0,exported_float_payload,False
operand_hybrid_plain_h16,Operand hybrid + plain H16,13200,2.5329761505126953,3.4283013343811035,0.1535513699054718,34965.458664805294,90.00023576767539,55364812800.0,0.0003,129.81909656524658,152.66796875,0,0,exported_float_payload,False
operand_hybrid_plain_h16,Operand hybrid + plain H16,13210,2.5547592639923096,2.9716036319732666,0.23457011580467224,34959.08449414843,89.98382880824036,55406755840.0,0.0003,129.81909656524658,152.66796875,0,0,exported_float_payload,False
operand_hybrid_plain_h16,Operand hybrid + plain H16,13220,2.528094530105591,3.319605827331543,0.11417776346206665,34989.39231251309,90.06184039174543,55448698880.0,0.0003,129.81909656524658,152.66796875,0,0,exported_float_payload,False
operand_hybrid_plain_h16,Operand hybrid + plain H16,13230,2.565967321395874,3.031463623046875,0.19908644258975983,34989.420255056095,90.06191231516799,55490641920.0,0.0003,129.81909656524658,152.66796875,0,0,exported_float_payload,False
operand_hybrid_plain_h16,Operand hybrid + plain H16,13240,2.569281578063965,3.1392946243286133,0.26313140988349915,34894.74610400113,89.81822336494616,55532584960.0,0.0003,129.81909656524658,152.66796875,0,0,exported_float_payload,False
operand_hybrid_plain_h16,Operand hybrid + plain H16,13250,2.578063488006592,3.367954730987549,0.1251586526632309,34873.514790166184,89.76357448219817,55574528000.0,0.0003,129.81909656524658,152.66796875,0,0,exported_float_payload,False
operand_hybrid_plain_h16,Operand hybrid + plain H16,13260,2.55672025680542,3.6940102577209473,0.26872241497039795,34938.23763323454,89.93016949791203,55616471040.0,0.0003,129.81909656524658,152.66796875,0,0,exported_float_payload,False
operand_hybrid_plain_h16,Operand hybrid + plain H16,13270,2.564847707748413,2.965144634246826,0.1661839634180069,34930.78304700846,89.91098157521584,55658414080.0,0.0003,129.81909656524658,152.66796875,0,0,exported_float_payload,False
operand_hybrid_plain_h16,Operand hybrid + plain H16,13280,2.5538272857666016,2.9329428672790527,0.208336740732193,34979.6786796954,90.0368377383516,55700357120.0,0.0003,129.81909656524658,152.66796875,0,0,exported_float_payload,False
operand_hybrid_plain_h16,Operand hybrid + plain H16,13290,2.5351932048797607,3.0366568565368652,0.14201731979846954,34943.915436984425,89.94478402595331,55742300160.0,0.0003,129.81909656524658,152.66796875,0,0,exported_float_payload,False
operand_hybrid_plain_h16,Operand hybrid + plain H16,13300,2.5562071800231934,3.099886894226074,0.24480082094669342,34898.20706366128,89.82713179049783,55784243200.0,0.0003,129.81909656524658,152.66796875,0,0,exported_float_payload,False
operand_hybrid_plain_h16,Operand hybrid + plain H16,13310,2.546816825866699,2.927733898162842,0.0944964587688446,34947.95412051976,89.95517949863552,55826186240.0,0.0003,129.81909656524658,152.66796875,0,0,exported_float_payload,False
operand_hybrid_plain_h16,Operand hybrid + plain H16,13320,2.543972969055176,3.1143531799316406,0.13992613554000854,34929.8317110695,89.90853285976722,55868129280.0,0.0003,129.81909656524658,152.66796875,0,0,exported_float_payload,False
operand_hybrid_plain_h16,Operand hybrid + plain H16,13330,2.5403201580047607,3.1518096923828125,0.5156735777854919,34916.719877536045,89.87478332081021,55910072320.0,0.0003,129.81909656524658,152.66796875,0,0,exported_float_payload,False
operand_hybrid_plain_h16,Operand hybrid + plain H16,13340,2.5480427742004395,3.008861541748047,0.1331912726163864,34889.759742691414,89.80538859284151,55952015360.0,0.0003,129.81909656524658,152.66796875,0,0,exported_float_payload,False
operand_hybrid_plain_h16,Operand hybrid + plain H16,13350,2.5713582038879395,3.0467371940612793,0.12010130286216736,34905.54673855935,89.84602393424511,55993958400.0,0.0003,129.81909656524658,152.66796875,0,0,exported_float_payload,False
operand_hybrid_plain_h16,Operand hybrid + plain H16,13360,2.55076003074646,3.0839014053344727,0.16546370089054108,34898.04650326731,89.82671851196913,56035901440.0,0.0003,129.81909656524658,152.66796875,0,0,exported_float_payload,False
operand_hybrid_plain_h16,Operand hybrid + plain H16,13370,2.561560869216919,2.936171531677246,0.15515494346618652,34903.23468293001,89.84007275958032,56077844480.0,0.0003,129.81909656524658,152.66796875,0,0,exported_float_payload,False
operand_hybrid_plain_h16,Operand hybrid + plain H16,13380,2.554513692855835,2.965909719467163,0.19164153933525085,34830.548869323786,89.65298125238067,56119787520.0,0.0003,129.81909656524658,152.66796875,0,0,exported_float_payload,False
operand_hybrid_plain_h16,Operand hybrid + plain H16,13390,2.529388904571533,3.12444806098938,0.3024531602859497,34956.42608464737,89.97698612717741,56161730560.0,0.0003,129.81909656524658,152.66796875,0,0,exported_float_payload,False
operand_hybrid_plain_h16,Operand hybrid + plain H16,13400,2.5576367378234863,3.2951889038085938,0.17410908639431,34829.01174911051,89.64902474253121,56203673600.0,0.0003,129.81909656524658,152.66796875,0,0,exported_float_payload,False
operand_hybrid_plain_h16,Operand hybrid + plain H16,13410,2.5677454471588135,3.076908588409424,0.21208849549293518,34886.88600262148,89.7979916561587,56245616640.0,0.0003,129.81909656524658,152.66796875,0,0,exported_float_payload,False
operand_hybrid_plain_h16,Operand hybrid + plain H16,13420,2.5479273796081543,3.4154837131500244,0.16099253296852112,34912.83710980518,89.86478917159687,56287559680.0,0.0003,129.81909656524658,152.66796875,0,0,exported_float_payload,False
operand_hybrid_plain_h16,Operand hybrid + plain H16,13430,2.556558847427368,3.438734531402588,0.15257833898067474,34892.24836192071,89.81179423789597,56329502720.0,0.0003,129.81909656524658,152.66796875,0,0,exported_float_payload,False
operand_hybrid_plain_h16,Operand hybrid + plain H16,13440,2.5361320972442627,3.1165921688079834,0.15377670526504517,34900.96871555426,89.83424021495351,56371445760.0,0.0003,129.81909656524658,152.66796875,0,0,exported_float_payload,False
operand_hybrid_plain_h16,Operand hybrid + plain H16,13450,2.520538091659546,2.9993510246276855,0.31011080741882324,34894.7663837941,89.81827556463747,56413388800.0,0.0003,129.81909656524658,152.66796875,0,0,exported_float_payload,False
operand_hybrid_plain_h16,Operand hybrid + plain H16,13460,2.605156421661377,3.0615477561950684,0.14509204030036926,34907.99310233999,89.85232081480777,56455331840.0,0.0003,129.81909656524658,152.66796875,0,0,exported_float_payload,False
operand_hybrid_plain_h16,Operand hybrid + plain H16,13470,2.574922561645508,3.1831138134002686,0.27988767623901367,34889.20809018342,89.80396865277274,56497274880.0,0.0003,129.81909656524658,152.66796875,0,0,exported_float_payload,False
operand_hybrid_plain_h16,Operand hybrid + plain H16,13480,2.5398831367492676,3.1763622760772705,0.13767188787460327,34685.786342967374,89.28036604869351,56539217920.0,0.0003,129.81909656524658,152.66796875,0,0,exported_float_payload,False
operand_hybrid_plain_h16,Operand hybrid + plain H16,13490,2.566276788711548,3.006117820739746,0.2222575694322586,34942.480107886564,89.94108952394635,56581160960.0,0.0003,129.81909656524658,152.66796875,0,0,exported_float_payload,False
operand_hybrid_plain_h16,Operand hybrid + plain H16,13500,2.567981243133545,2.99818754196167,0.19526506960391998,34879.29300513056,89.77844746625067,56623104000.0,0.0003,129.81909656524658,152.66796875,0,0,exported_float_payload,False
operand_hybrid_plain_h16,Operand hybrid + plain H16,13510,2.557152032852173,3.2180261611938477,0.2679387629032135,34930.78320338917,89.91098197773596,56665047040.0,0.0003,129.81909656524658,152.66796875,0,0,exported_float_payload,False
operand_hybrid_plain_h16,Operand hybrid + plain H16,13520,2.553374767303467,3.1103413105010986,0.26696982979774475,34902.52202331714,89.83823839115989,56706990080.0,0.0003,129.81909656524658,152.66796875,0,0,exported_float_payload,False
operand_hybrid_plain_h16,Operand hybrid + plain H16,13530,2.5514540672302246,3.147005081176758,0.2817215621471405,34899.63810168488,89.83081524738458,56748933120.0,0.0003,129.81909656524658,152.66796875,0,0,exported_float_payload,False
operand_hybrid_plain_h16,Operand hybrid + plain H16,13540,2.5605685710906982,2.991252899169922,0.10971256345510483,22137.285307343154,56.980831168750086,56790876160.0,0.0003,129.81909656524658,152.66796875,0,0,exported_float_payload,False
operand_hybrid_plain_h16,Operand hybrid + plain H16,13550,2.5118608474731445,3.1527538299560547,0.16874009370803833,34980.899413677354,90.03997987777664,56832819200.0,0.0003,129.81909656524658,152.66796875,0,0,exported_float_payload,False
operand_hybrid_plain_h16,Operand hybrid + plain H16,13560,2.5469627380371094,2.9644460678100586,0.40919169783592224,34965.99281432128,90.00161065547064,56874762240.0,0.0003,129.81909656524658,152.66796875,0,0,exported_float_payload,False
operand_hybrid_plain_h16,Operand hybrid + plain H16,13570,2.5175528526306152,3.002228021621704,0.12545062601566315,34926.16868069963,89.89910430914894,56916705280.0,0.0003,129.81909656524658,152.66796875,0,0,exported_float_payload,False
operand_hybrid_plain_h16,Operand hybrid + plain H16,13580,2.531233549118042,3.2958004474639893,0.1593802273273468,33798.1524609474,86.99561813724725,56958648320.0,0.0003,129.81909656524658,152.66796875,0,0,exported_float_payload,False
operand_hybrid_plain_h16,Operand hybrid + plain H16,13590,2.5608575344085693,3.156208038330078,0.26335036754608154,34846.116810620486,89.69305275267335,57000591360.0,0.0003,129.81909656524658,152.66796875,0,0,exported_float_payload,False
operand_hybrid_plain_h16,Operand hybrid + plain H16,13600,2.5468497276306152,3.0074450969696045,0.11048224568367004,34938.9706976967,89.9320563879157,57042534400.0,0.0003,129.81909656524658,152.66796875,0,0,exported_float_payload,False
operand_hybrid_plain_h16,Operand hybrid + plain H16,13610,2.541398763656616,3.063678503036499,0.12086202204227448,34903.77212702206,89.8414561275338,57084477440.0,0.0003,129.81909656524658,152.66796875,0,0,exported_float_payload,False
operand_hybrid_plain_h16,Operand hybrid + plain H16,13620,2.567434072494507,3.2292447090148926,0.16597430408000946,34936.94373862964,89.92683904483216,57126420480.0,0.0003,129.81909656524658,152.66796875,0,0,exported_float_payload,False
operand_hybrid_plain_h16,Operand hybrid + plain H16,13630,2.5831096172332764,3.064505100250244,0.12581536173820496,34898.1209630093,89.82691016952464,57168363520.0,0.0003,129.81909656524658,152.66796875,0,0,exported_float_payload,False
operand_hybrid_plain_h16,Operand hybrid + plain H16,13640,2.544651508331299,3.1591877937316895,0.16706308722496033,34888.667710529175,89.8025777287539,57210306560.0,0.0003,129.81909656524658,152.66796875,0,0,exported_float_payload,False
operand_hybrid_plain_h16,Operand hybrid + plain H16,13650,2.5569026470184326,3.094400644302368,0.23530906438827515,34920.14923426761,89.88361040119635,57252249600.0,0.0003,129.81909656524658,152.66796875,0,0,exported_float_payload,False
operand_hybrid_plain_h16,Operand hybrid + plain H16,13660,2.545440673828125,3.0062642097473145,0.19311891496181488,34846.67661575712,89.69449367740893,57294192640.0,0.0003,129.81909656524658,152.66796875,0,0,exported_float_payload,False
operand_hybrid_plain_h16,Operand hybrid + plain H16,13670,2.5658528804779053,3.1677463054656982,0.3004845380783081,34939.01449696581,89.93216912616357,57336135680.0,0.0003,129.81909656524658,152.66796875,0,0,exported_float_payload,False
operand_hybrid_plain_h16,Operand hybrid + plain H16,13680,2.5422472953796387,3.107034921646118,0.12344253063201904,34922.90066735926,89.89069252270721,57378078720.0,0.0003,129.81909656524658,152.66796875,0,0,exported_float_payload,False
operand_hybrid_plain_h16,Operand hybrid + plain H16,13690,2.5302720069885254,2.8992538452148438,0.1354089081287384,34872.681556572505,89.76142975929893,57420021760.0,0.0003,129.81909656524658,152.66796875,0,0,exported_float_payload,False
operand_hybrid_plain_h16,Operand hybrid + plain H16,13700,2.5734667778015137,3.452606201171875,0.1782757043838501,34948.948879675016,89.95773998438128,57461964800.0,0.0003,129.81909656524658,152.66796875,0,0,exported_float_payload,False
operand_hybrid_plain_h16,Operand hybrid + plain H16,13710,2.5207786560058594,3.447068214416504,0.3502158522605896,34922.46467777139,89.88957029616712,57503907840.0,0.0003,129.81909656524658,152.66796875,0,0,exported_float_payload,False
operand_hybrid_plain_h16,Operand hybrid + plain H16,13720,2.516249895095825,2.968123435974121,0.13810895383358002,34912.517841769884,89.86396738347948,57545850880.0,0.0003,129.81909656524658,152.66796875,0,0,exported_float_payload,False
operand_hybrid_plain_h16,Operand hybrid + plain H16,13730,2.557082414627075,3.1208913326263428,0.2358826994895935,34886.78345551466,89.79772770241281,57587793920.0,0.0003,129.81909656524658,152.66796875,0,0,exported_float_payload,False
operand_hybrid_plain_h16,Operand hybrid + plain H16,13740,2.5738167762756348,3.042567253112793,0.1571073830127716,34972.53060586971,90.01843877108038,57629736960.0,0.0003,129.81909656524658,152.66796875,0,0,exported_float_payload,False
operand_hybrid_plain_h16,Operand hybrid + plain H16,13750,2.52321195602417,2.9382827281951904,0.12085472047328949,34867.57082239356,89.74827485446954,57671680000.0,0.0003,129.81909656524658,152.66796875,0,0,exported_float_payload,False
operand_hybrid_plain_h16,Operand hybrid + plain H16,13760,2.553797483444214,3.237513780593872,0.17658858001232147,34869.71287416157,89.75378844335152,57713623040.0,0.0003,129.81909656524658,152.66796875,0,0,exported_float_payload,False
operand_hybrid_plain_h16,Operand hybrid + plain H16,13770,2.5204527378082275,2.9922311305999756,0.1483941227197647,34965.02933134114,89.999130673835,57755566080.0,0.0003,129.81909656524658,152.66796875,0,0,exported_float_payload,False
operand_hybrid_plain_h16,Operand hybrid + plain H16,13780,2.5523102283477783,2.990769863128662,0.22632084786891937,34843.38243499841,89.68601453667215,57797509120.0,0.0003,129.81909656524658,152.66796875,0,0,exported_float_payload,False
operand_hybrid_plain_h16,Operand hybrid + plain H16,13790,2.5581910610198975,3.0995590686798096,0.2602159380912781,34905.679826489395,89.84636649932331,57839452160.0,0.0003,129.81909656524658,152.66796875,0,0,exported_float_payload,False
operand_hybrid_plain_h16,Operand hybrid + plain H16,13800,2.57817006111145,3.2809107303619385,0.1223430261015892,34894.06672033395,89.8164746479964,57881395200.0,0.0003,129.81909656524658,152.66796875,0,0,exported_float_payload,False
operand_hybrid_plain_h16,Operand hybrid + plain H16,13810,2.5503973960876465,3.27681040763855,0.19299842417240143,34930.26511612926,89.90964843379516,57923338240.0,0.0003,129.81909656524658,152.66796875,0,0,exported_float_payload,False
operand_hybrid_plain_h16,Operand hybrid + plain H16,13820,2.5558981895446777,2.9459495544433594,0.1296922117471695,34967.048834151436,90.00432882469589,57965281280.0,0.0003,129.81909656524658,152.66796875,0,0,exported_float_payload,False
operand_hybrid_plain_h16,Operand hybrid + plain H16,13830,2.5540966987609863,3.0460891723632812,0.23998653888702393,34925.46445177312,89.89729164110909,58007224320.0,0.0003,129.81909656524658,152.66796875,0,0,exported_float_payload,False
operand_hybrid_plain_h16,Operand hybrid + plain H16,13840,2.514726161956787,2.9574975967407227,0.17242945730686188,34864.422976205155,89.74017237533916,58049167360.0,0.0003,129.81909656524658,152.66796875,0,0,exported_float_payload,False
operand_hybrid_plain_h16,Operand hybrid + plain H16,13850,2.532160997390747,3.185457229614258,0.29737401008605957,34942.08493244613,89.9400723520239,58091110400.0,0.0003,129.81909656524658,152.66796875,0,0,exported_float_payload,False
operand_hybrid_plain_h16,Operand hybrid + plain H16,13860,2.5355114936828613,3.039419174194336,0.21420444548130035,31088.059575529143,80.01990530653151,58133053440.0,0.0003,129.81909656524658,152.66796875,0,0,exported_float_payload,False
operand_hybrid_plain_h16,Operand hybrid + plain H16,13870,2.5198519229888916,3.1253881454467773,0.22068551182746887,34872.812443620736,89.76176665936116,58174996480.0,0.0003,129.81909656524658,152.66796875,0,0,exported_float_payload,False
operand_hybrid_plain_h16,Operand hybrid + plain H16,13880,2.50366473197937,3.0006723403930664,0.13240613043308258,34872.07814471051,89.75987659191838,58216939520.0,0.0003,129.81909656524658,152.66796875,0,0,exported_float_payload,False
operand_hybrid_plain_h16,Operand hybrid + plain H16,13890,2.557839870452881,2.990288734436035,0.18007221817970276,34927.72886744454,89.90312019168688,58258882560.0,0.0003,129.81909656524658,152.66796875,0,0,exported_float_payload,False
operand_hybrid_plain_h16,Operand hybrid + plain H16,13900,2.5657196044921875,3.240729570388794,0.11200959980487823,34929.9773554178,89.90890774475903,58300825600.0,0.0003,129.81909656524658,152.66796875,0,0,exported_float_payload,False
operand_hybrid_plain_h16,Operand hybrid + plain H16,13910,2.559710741043091,2.976686477661133,0.1102435365319252,34908.92155805002,89.85471063710649,58342768640.0,0.0003,129.81909656524658,152.66796875,0,0,exported_float_payload,False
operand_hybrid_plain_h16,Operand hybrid + plain H16,13920,2.536060333251953,3.592827796936035,0.10559342056512833,34944.328177708994,89.94584641048766,58384711680.0,0.0003,129.81909656524658,152.66796875,0,0,exported_float_payload,False
operand_hybrid_plain_h16,Operand hybrid + plain H16,13930,2.508793354034424,2.9937355518341064,0.2058628350496292,34861.26906514678,89.73205428538171,58426654720.0,0.0003,129.81909656524658,152.66796875,0,0,exported_float_payload,False
operand_hybrid_plain_h16,Operand hybrid + plain H16,13940,2.559800148010254,3.130460262298584,0.15803618729114532,34949.09468349018,89.9581152798369,58468597760.0,0.0003,129.81909656524658,152.66796875,0,0,exported_float_payload,False
operand_hybrid_plain_h16,Operand hybrid + plain H16,13950,2.546708583831787,3.3072993755340576,0.21221981942653656,34857.21067462588,89.72160808740044,58510540800.0,0.0003,129.81909656524658,152.66796875,0,0,exported_float_payload,False
operand_hybrid_plain_h16,Operand hybrid + plain H16,13960,2.554863214492798,3.0500361919403076,0.13104332983493805,34942.51320518993,89.94117471559603,58552483840.0,0.0003,129.81909656524658,152.66796875,0,0,exported_float_payload,False
operand_hybrid_plain_h16,Operand hybrid + plain H16,13970,2.523895502090454,3.0437393188476562,0.18789343535900116,34934.59415840634,89.92079128277993,58594426880.0,0.0003,129.81909656524658,152.66796875,0,0,exported_float_payload,False
operand_hybrid_plain_h16,Operand hybrid + plain H16,13980,2.584444761276245,3.3845534324645996,0.2168317437171936,34909.38640228535,89.85590713480374,58636369920.0,0.0003,129.81909656524658,152.66796875,0,0,exported_float_payload,False
operand_hybrid_plain_h16,Operand hybrid + plain H16,13990,2.568873643875122,3.0549845695495605,0.26222267746925354,34909.7883994701,89.85694186572924,58678312960.0,0.0003,129.81909656524658,152.66796875,0,0,exported_float_payload,False
operand_hybrid_plain_h16,Operand hybrid + plain H16,14000,2.5723302364349365,3.0500214099884033,0.11389637738466263,34887.39814603833,89.79930990079279,58720256000.0,0.0003,129.81909656524658,152.66796875,0,0,exported_float_payload,False
operand_hybrid_plain_h16,Operand hybrid + plain H16,14010,2.5368096828460693,2.988029956817627,0.20640423893928528,27574.558117515775,70.97623845168874,58762199040.0,0.0003,129.81909656524658,152.66796875,0,0,exported_float_payload,False
operand_hybrid_plain_h16,Operand hybrid + plain H16,14020,2.5626072883605957,2.9440579414367676,0.119765505194664,34849.230860458956,89.70106824082528,58804142080.0,0.0003,129.81909656524658,152.66796875,0,0,exported_float_payload,False
operand_hybrid_plain_h16,Operand hybrid + plain H16,14030,2.516791582107544,3.140963077545166,0.10684243589639664,34937.50764476438,89.92829052543661,58846085120.0,0.0003,129.81909656524658,152.66796875,0,0,exported_float_payload,False
operand_hybrid_plain_h16,Operand hybrid + plain H16,14040,2.533250570297241,3.021667242050171,0.16531819105148315,34900.36065761866,89.83267508869307,58888028160.0,0.0003,129.81909656524658,152.66796875,0,0,exported_float_payload,False
operand_hybrid_plain_h16,Operand hybrid + plain H16,14050,2.5486114025115967,3.1064693927764893,0.14424771070480347,34928.24786226193,89.90445607165847,58929971200.0,0.0003,129.81909656524658,152.66796875,0,0,exported_float_payload,False
operand_hybrid_plain_h16,Operand hybrid + plain H16,14060,2.566545248031616,4.2599639892578125,0.21448086202144623,34843.614884072405,89.68661285490569,58971914240.0,0.0003,129.81909656524658,152.66796875,0,0,exported_float_payload,False
operand_hybrid_plain_h16,Operand hybrid + plain H16,14070,2.549102783203125,3.017913818359375,0.12911950051784515,34900.970191441724,89.83424401385176,59013857280.0,0.0003,129.81909656524658,152.66796875,0,0,exported_float_payload,False
operand_hybrid_plain_h16,Operand hybrid + plain H16,14080,2.57464861869812,3.2885854244232178,0.24871140718460083,34856.288873526006,89.71923539390556,59055800320.0,0.0003,129.81909656524658,152.66796875,0,0,exported_float_payload,False
operand_hybrid_plain_h16,Operand hybrid + plain H16,14090,2.551145076751709,3.014828681945801,0.13617488741874695,34880.22511432749,89.78084669253536,59097743360.0,0.0003,129.81909656524658,152.66796875,0,0,exported_float_payload,False
operand_hybrid_plain_h16,Operand hybrid + plain H16,14100,2.5517332553863525,3.065225839614868,0.1774471551179886,34946.2862737449,89.95088650181256,59139686400.0,0.0003,129.81909656524658,152.66796875,0,0,exported_float_payload,False
operand_hybrid_plain_h16,Operand hybrid + plain H16,14110,2.537722587585449,2.9190421104431152,0.14393708109855652,34884.296079962805,89.7913252585537,59181629440.0,0.0003,129.81909656524658,152.66796875,0,0,exported_float_payload,False
operand_hybrid_plain_h16,Operand hybrid + plain H16,14120,2.5461416244506836,3.0057222843170166,0.112397700548172,25431.18292708031,65.45924311274452,59223572480.0,0.0003,129.81909656524658,152.66796875,0,0,exported_float_payload,False
operand_hybrid_plain_h16,Operand hybrid + plain H16,14130,2.552680492401123,3.37497615814209,0.15479648113250732,34878.05552595653,89.77526222511061,59265515520.0,0.0003,129.81909656524658,152.66796875,0,0,exported_float_payload,False
operand_hybrid_plain_h16,Operand hybrid + plain H16,14140,2.5548250675201416,3.088125467300415,0.08245830237865448,34955.942402672605,89.97574114159941,59307458560.0,0.0003,129.81909656524658,152.66796875,0,0,exported_float_payload,False
operand_hybrid_plain_h16,Operand hybrid + plain H16,14150,2.527327060699463,3.045252799987793,0.1508239358663559,34900.38956410032,89.83274949327016,59349401600.0,0.0003,129.81909656524658,152.66796875,0,0,exported_float_payload,False
operand_hybrid_plain_h16,Operand hybrid + plain H16,14160,2.561884641647339,3.052062749862671,0.10059846937656403,34908.68932457395,89.85411287381673,59391344640.0,0.0003,129.81909656524658,152.66796875,0,0,exported_float_payload,False
operand_hybrid_plain_h16,Operand hybrid + plain H16,14170,2.521406650543213,2.911153793334961,0.16322478652000427,34938.66131708678,89.93126004978949,59433287680.0,0.0003,129.81909656524658,152.66796875,0,0,exported_float_payload,False
operand_hybrid_plain_h16,Operand hybrid + plain H16,14180,2.5679595470428467,3.3690671920776367,0.22220735251903534,34868.25964885138,89.75004787693156,59475230720.0,0.0003,129.81909656524658,152.66796875,0,0,exported_float_payload,False
operand_hybrid_plain_h16,Operand hybrid + plain H16,14190,2.5538878440856934,3.2849624156951904,0.16757041215896606,34860.71793111399,89.73063567985542,59517173760.0,0.0003,129.81909656524658,152.66796875,0,0,exported_float_payload,False
operand_hybrid_plain_h16,Operand hybrid + plain H16,14200,2.520780086517334,3.2450976371765137,0.22169923782348633,34943.10930161032,89.94270905320876,59559116800.0,0.0003,129.81909656524658,152.66796875,0,0,exported_float_payload,False
operand_hybrid_plain_h16,Operand hybrid + plain H16,14210,2.5231730937957764,3.0120773315429688,0.18828493356704712,34935.16514921557,89.92226099916333,59601059840.0,0.0003,129.81909656524658,152.66796875,0,0,exported_float_payload,False
operand_hybrid_plain_h16,Operand hybrid + plain H16,14220,2.537318706512451,3.00329852104187,0.1619175523519516,34909.865334167785,89.85713989376019,59643002880.0,0.0003,129.81909656524658,152.66796875,0,0,exported_float_payload,False
operand_hybrid_plain_h16,Operand hybrid + plain H16,14230,2.5225393772125244,3.0355517864227295,0.13338932394981384,34861.443143396486,89.73250235854059,59684945920.0,0.0003,129.81909656524658,152.66796875,0,0,exported_float_payload,False
operand_hybrid_plain_h16,Operand hybrid + plain H16,14240,2.5408995151519775,3.079164981842041,0.20936723053455353,34873.7464314353,89.7641707211617,59726888960.0,0.0003,129.81909656524658,152.66796875,0,0,exported_float_payload,False
operand_hybrid_plain_h16,Operand hybrid + plain H16,14250,2.534191608428955,2.923182249069214,0.1330118030309677,34892.65422806105,89.81283892741858,59768832000.0,0.0003,129.81909656524658,152.66796875,0,0,exported_float_payload,False
operand_hybrid_plain_h16,Operand hybrid + plain H16,14260,2.5384585857391357,3.168100118637085,0.24635984003543854,34985.01982014644,90.05058570329237,59810775040.0,0.0003,129.81909656524658,152.66796875,0,0,exported_float_payload,False
operand_hybrid_plain_h16,Operand hybrid + plain H16,14270,2.5352842807769775,3.0477075576782227,0.1713799685239792,34940.466962692146,89.93590773743327,59852718080.0,0.0003,129.81909656524658,152.66796875,0,0,exported_float_payload,False
operand_hybrid_plain_h16,Operand hybrid + plain H16,14280,2.5303356647491455,3.0916218757629395,0.12702420353889465,34952.112644169385,89.96588343684206,59894661120.0,0.0003,129.81909656524658,152.66796875,0,0,exported_float_payload,False
operand_hybrid_plain_h16,Operand hybrid + plain H16,14290,2.5514135360717773,3.2336959838867188,0.20523589849472046,34954.914803308006,89.9730961259577,59936604160.0,0.0003,129.81909656524658,152.66796875,0,0,exported_float_payload,False
operand_hybrid_plain_h16,Operand hybrid + plain H16,14300,2.563048839569092,3.119199514389038,0.12196295708417892,23957.539688298377,61.666121443749724,59978547200.0,0.0003,129.81909656524658,152.66796875,0,0,exported_float_payload,False
operand_hybrid_plain_h16,Operand hybrid + plain H16,14310,2.5822832584381104,3.175393581390381,0.17621445655822754,34980.848485051465,90.03984878873871,60020490240.0,0.0003,129.81909656524658,152.66796875,0,0,exported_float_payload,False
operand_hybrid_plain_h16,Operand hybrid + plain H16,14320,2.5325047969818115,3.271688938140869,0.1074431985616684,34940.9440632408,89.93713578258136,60062433280.0,0.0003,129.81909656524658,152.66796875,0,0,exported_float_payload,False
operand_hybrid_plain_h16,Operand hybrid + plain H16,14330,2.5601649284362793,3.0588672161102295,0.33595171570777893,34933.70351372038,89.91849878513275,60104376320.0,0.0003,129.81909656524658,152.66796875,0,0,exported_float_payload,False
operand_hybrid_plain_h16,Operand hybrid + plain H16,14340,2.567018985748291,2.994234085083008,0.14403557777404785,34879.33667532622,89.77855987226667,60146319360.0,0.0003,129.81909656524658,152.66796875,0,0,exported_float_payload,False
operand_hybrid_plain_h16,Operand hybrid + plain H16,14350,2.545306444168091,3.081231117248535,0.17371918261051178,35051.910305284524,90.22276017669923,60188262400.0,0.0003,129.81909656524658,152.66796875,0,0,exported_float_payload,False
operand_hybrid_plain_h16,Operand hybrid + plain H16,14360,2.565324544906616,2.9697117805480957,0.2857641279697418,34847.26651910829,89.69601207421289,60230205440.0,0.0003,129.81909656524658,152.66796875,0,0,exported_float_payload,False
operand_hybrid_plain_h16,Operand hybrid + plain H16,14370,2.5531527996063232,3.030090808868408,0.20038871467113495,34945.52719316325,89.94893264695338,60272148480.0,0.0003,129.81909656524658,152.66796875,0,0,exported_float_payload,False
operand_hybrid_plain_h16,Operand hybrid + plain H16,14380,2.550632953643799,2.9777135848999023,0.08331675827503204,34849.61212257114,89.70204960018094,60314091520.0,0.0003,129.81909656524658,152.66796875,0,0,exported_float_payload,False
operand_hybrid_plain_h16,Operand hybrid + plain H16,14390,2.543668746948242,3.036827564239502,0.10856977105140686,34872.33266123492,89.76053171122979,60356034560.0,0.0003,129.81909656524658,152.66796875,0,0,exported_float_payload,False
operand_hybrid_plain_h16,Operand hybrid + plain H16,14400,2.596824884414673,3.1742749214172363,0.14657434821128845,34907.71578987741,89.85160701930882,60397977600.0,0.0003,129.81909656524658,152.66796875,0,0,exported_float_payload,False
operand_hybrid_plain_h16,Operand hybrid + plain H16,14410,2.552393674850464,3.012754440307617,0.21359948813915253,34897.369000024,89.82497463518447,60439920640.0,0.0003,129.81909656524658,152.66796875,0,0,exported_float_payload,False
operand_hybrid_plain_h16,Operand hybrid + plain H16,14420,2.5562472343444824,3.234919548034668,0.12850622832775116,34868.093730089895,89.74962080609588,60481863680.0,0.0003,129.81909656524658,152.66796875,0,0,exported_float_payload,False
operand_hybrid_plain_h16,Operand hybrid + plain H16,14430,2.5385420322418213,3.002450466156006,0.19394242763519287,34881.64872766941,89.78451103847296,60523806720.0,0.0003,129.81909656524658,152.66796875,0,0,exported_float_payload,False
operand_hybrid_plain_h16,Operand hybrid + plain H16,14440,2.5343592166900635,2.992514133453369,0.17911876738071442,34939.91527027064,89.9344876946281,60565749760.0,0.0003,129.81909656524658,152.66796875,0,0,exported_float_payload,False
operand_hybrid_plain_h16,Operand hybrid + plain H16,14450,2.572988748550415,3.2052571773529053,0.15414005517959595,34883.78914123129,89.79002041065242,60607692800.0,0.0003,129.81909656524658,152.66796875,0,0,exported_float_payload,False
operand_hybrid_plain_h16,Operand hybrid + plain H16,14460,2.5469844341278076,3.046743392944336,0.1506059318780899,34886.614851353545,89.79729371942415,60649635840.0,0.0003,129.81909656524658,152.66796875,0,0,exported_float_payload,False
operand_hybrid_plain_h16,Operand hybrid + plain H16,14470,2.558579206466675,3.0921382904052734,0.11532492935657501,34892.313374502315,89.81196157869158,60691578880.0,0.0003,129.81909656524658,152.66796875,0,0,exported_float_payload,False
operand_hybrid_plain_h16,Operand hybrid + plain H16,14480,2.5457773208618164,3.0877304077148438,0.2371979057788849,34860.92917680229,89.73117942109258,60733521920.0,0.0003,129.81909656524658,152.66796875,0,0,exported_float_payload,False
operand_hybrid_plain_h16,Operand hybrid + plain H16,14490,2.537618637084961,3.009127616882324,0.14289063215255737,34877.91644891105,89.7749042441957,60775464960.0,0.0003,129.81909656524658,152.66796875,0,0,exported_float_payload,False
operand_hybrid_plain_h16,Operand hybrid + plain H16,14500,2.5495963096618652,3.164923906326294,0.15592925250530243,34912.32997734454,89.86348382504157,60817408000.0,0.0003,129.81909656524658,152.66796875,0,0,exported_float_payload,False
operand_hybrid_plain_h16,Operand hybrid + plain H16,14510,2.523144245147705,2.969545364379883,0.11116332560777664,34882.34812158037,89.786311261301,60859351040.0,0.0003,129.81909656524658,152.66796875,0,0,exported_float_payload,False
operand_hybrid_plain_h16,Operand hybrid + plain H16,14520,2.5292131900787354,2.946718692779541,0.15221230685710907,34914.063902364476,89.86794690565188,60901294080.0,0.0003,129.81909656524658,152.66796875,0,0,exported_float_payload,False
operand_hybrid_plain_h16,Operand hybrid + plain H16,14530,2.535111904144287,3.207200765609741,0.15223261713981628,34895.04362617019,89.8189891797355,60943237120.0,0.0003,129.81909656524658,152.66796875,0,0,exported_float_payload,False
operand_hybrid_plain_h16,Operand hybrid + plain H16,14540,2.5026938915252686,2.979628562927246,0.085629902780056,34885.8514488977,89.79532874016645,60985180160.0,0.0003,129.81909656524658,152.66796875,0,0,exported_float_payload,False
operand_hybrid_plain_h16,Operand hybrid + plain H16,14550,2.5382611751556396,2.9989373683929443,0.17574404180049896,34886.32217875849,89.79654038731974,61027123200.0,0.0003,129.81909656524658,152.66796875,0,0,exported_float_payload,False
operand_hybrid_plain_h16,Operand hybrid + plain H16,14560,2.570748805999756,4.236271858215332,0.11172012239694595,34904.19121648381,89.84253485356246,61069066240.0,0.0003,129.81909656524658,152.66796875,0,0,exported_float_payload,False
operand_hybrid_plain_h16,Operand hybrid + plain H16,14570,2.5489487648010254,4.760607719421387,0.3148200213909149,34919.42325581094,89.88174175039761,61111009280.0,0.0003,129.81909656524658,152.66796875,0,0,exported_float_payload,False
operand_hybrid_plain_h16,Operand hybrid + plain H16,14580,2.5410923957824707,3.232086658477783,0.13949166238307953,34881.611059454364,89.78441408140836,61152952320.0,0.0003,129.81909656524658,152.66796875,0,0,exported_float_payload,False
operand_hybrid_plain_h16,Operand hybrid + plain H16,14590,2.5575110912323,3.4951846599578857,0.1124931275844574,34896.72130024055,89.82330747177683,61194895360.0,0.0003,129.81909656524658,152.66796875,0,0,exported_float_payload,False
operand_hybrid_plain_h16,Operand hybrid + plain H16,14600,2.5293397903442383,3.289261817932129,0.17002038657665253,34873.99813668248,89.76481860431426,61236838400.0,0.0003,129.81909656524658,152.66796875,0,0,exported_float_payload,False
operand_hybrid_plain_h16,Operand hybrid + plain H16,14610,2.5399296283721924,3.1308984756469727,0.14099721610546112,34892.82157155365,89.81326966547732,61278781440.0,0.0003,129.81909656524658,152.66796875,0,0,exported_float_payload,False
operand_hybrid_plain_h16,Operand hybrid + plain H16,14620,2.555290937423706,3.0920119285583496,0.12759646773338318,34945.35440762177,89.94848790119389,61320724480.0,0.0003,129.81909656524658,152.66796875,0,0,exported_float_payload,False
operand_hybrid_plain_h16,Operand hybrid + plain H16,14630,2.52305269241333,2.9464151859283447,0.10365502536296844,34961.42009375698,89.989840584532,61362667520.0,0.0003,129.81909656524658,152.66796875,0,0,exported_float_payload,False
operand_hybrid_plain_h16,Operand hybrid + plain H16,14640,2.574496030807495,3.205014944076538,0.141356959939003,34918.199171351655,89.87859098692583,61404610560.0,0.0003,129.81909656524658,152.66796875,0,0,exported_float_payload,False
operand_hybrid_plain_h16,Operand hybrid + plain H16,14650,2.516418933868408,2.976325511932373,0.1297253519296646,34898.19662159082,89.82710491286376,61446553600.0,0.0003,129.81909656524658,152.66796875,0,0,exported_float_payload,False
operand_hybrid_plain_h16,Operand hybrid + plain H16,14660,2.5302231311798096,3.038501262664795,0.1989366114139557,34899.89928193043,89.83148751895129,61488496640.0,0.0003,129.81909656524658,152.66796875,0,0,exported_float_payload,False
operand_hybrid_plain_h16,Operand hybrid + plain H16,14670,2.544487953186035,3.0468735694885254,0.09943918883800507,34889.45513368305,89.80460453670105,61530439680.0,0.0003,129.81909656524658,152.66796875,0,0,exported_float_payload,False
operand_hybrid_plain_h16,Operand hybrid + plain H16,14680,2.524153232574463,3.0586557388305664,0.12109639495611191,34834.17511264633,89.6623151140385,61572382720.0,0.0003,129.81909656524658,152.66796875,0,0,exported_float_payload,False
operand_hybrid_plain_h16,Operand hybrid + plain H16,14690,2.532278537750244,2.9898362159729004,0.14160795509815216,34891.318597145655,89.80940104609586,61614325760.0,0.0003,129.81909656524658,152.66796875,0,0,exported_float_payload,False
operand_hybrid_plain_h16,Operand hybrid + plain H16,14700,2.554997682571411,3.254999876022339,0.19474832713603973,34887.249656622924,89.7989276926678,61656268800.0,0.0003,129.81909656524658,152.66796875,0,0,exported_float_payload,False
operand_hybrid_plain_h16,Operand hybrid + plain H16,14710,2.5072109699249268,2.974583864212036,0.11602424830198288,34908.249256993135,89.85298015062249,61698211840.0,0.0003,129.81909656524658,152.66796875,0,0,exported_float_payload,False
operand_hybrid_plain_h16,Operand hybrid + plain H16,14720,2.5344667434692383,2.9522862434387207,0.17027369141578674,34871.91644810583,89.75946038881109,61740154880.0,0.0003,129.81909656524658,152.66796875,0,0,exported_float_payload,False
operand_hybrid_plain_h16,Operand hybrid + plain H16,14730,2.5406665802001953,3.438859701156616,0.08885760605335236,34857.4017006476,89.72209978371014,61782097920.0,0.0003,129.81909656524658,152.66796875,0,0,exported_float_payload,False
operand_hybrid_plain_h16,Operand hybrid + plain H16,14740,2.603212833404541,4.053772926330566,0.3683030307292938,34901.17707029544,89.83477651496344,61824040960.0,0.0003,129.81909656524658,152.66796875,0,0,exported_float_payload,False
operand_hybrid_plain_h16,Operand hybrid + plain H16,14750,2.5528345108032227,3.0352959632873535,0.10031909495592117,34911.12440335239,89.86038070705965,61865984000.0,0.0003,129.81909656524658,152.66796875,0,0,exported_float_payload,False
operand_hybrid_plain_h16,Operand hybrid + plain H16,14760,2.5462961196899414,3.084702968597412,0.11224298179149628,34872.61128223316,89.76124887486755,61907927040.0,0.0003,129.81909656524658,152.66796875,0,0,exported_float_payload,False
operand_hybrid_plain_h16,Operand hybrid + plain H16,14770,2.523576021194458,3.30723237991333,0.20946384966373444,34854.34070319985,89.7142208511149,61949870080.0,0.0003,129.81909656524658,152.66796875,0,0,exported_float_payload,False
operand_hybrid_plain_h16,Operand hybrid + plain H16,14780,2.549748420715332,3.1544864177703857,0.21681435406208038,33187.92074591865,85.42489662170821,61991813120.0,0.0003,129.81909656524658,152.66796875,0,0,exported_float_payload,False
operand_hybrid_plain_h16,Operand hybrid + plain H16,14790,2.5427563190460205,3.3537871837615967,0.17795850336551666,34809.62969844845,89.59913581797944,62033756160.0,0.0003,129.81909656524658,152.66796875,0,0,exported_float_payload,False
operand_hybrid_plain_h16,Operand hybrid + plain H16,14800,2.5296380519866943,3.1052517890930176,0.12283565104007721,34854.35024042702,89.71424539970447,62075699200.0,0.0003,129.81909656524658,152.66796875,0,0,exported_float_payload,False
operand_hybrid_plain_h16,Operand hybrid + plain H16,14810,2.569368362426758,3.023223638534546,0.11008455604314804,34911.905306415545,89.86239073245268,62117642240.0,0.0003,129.81909656524658,152.66796875,0,0,exported_float_payload,False
operand_hybrid_plain_h16,Operand hybrid + plain H16,14820,2.525442123413086,3.1765990257263184,0.17179541289806366,34890.23178541267,89.8066036192655,62159585280.0,0.0003,129.81909656524658,152.66796875,0,0,exported_float_payload,False
operand_hybrid_plain_h16,Operand hybrid + plain H16,14830,2.5416553020477295,3.1531665325164795,0.1253775805234909,34926.561832021376,89.90011627103937,62201528320.0,0.0003,129.81909656524658,152.66796875,0,0,exported_float_payload,False
operand_hybrid_plain_h16,Operand hybrid + plain H16,14840,2.5533652305603027,2.99888277053833,0.21319764852523804,34880.54904212912,89.78168047477737,62243471360.0,0.0003,129.81909656524658,152.66796875,0,0,exported_float_payload,False
operand_hybrid_plain_h16,Operand hybrid + plain H16,14850,2.5641520023345947,3.1531851291656494,0.07806649804115295,34968.76256171202,90.00873991753963,62285414400.0,0.0003,129.81909656524658,152.66796875,0,0,exported_float_payload,False
operand_hybrid_plain_h16,Operand hybrid + plain H16,14860,2.5293593406677246,2.9854795932769775,0.10546204447746277,34906.14036038688,89.8475519023163,62327357440.0,0.0003,129.81909656524658,152.66796875,0,0,exported_float_payload,False
operand_hybrid_plain_h16,Operand hybrid + plain H16,14870,2.531510353088379,2.9691123962402344,0.11015225201845169,34867.62888477703,89.7484243056251,62369300480.0,0.0003,129.81909656524658,152.66796875,0,0,exported_float_payload,False
operand_hybrid_plain_h16,Operand hybrid + plain H16,14880,2.521634578704834,3.0529608726501465,0.14244766533374786,34996.84864262573,90.08103280316301,62411243520.0,0.0003,129.81909656524658,152.66796875,0,0,exported_float_payload,False
operand_hybrid_plain_h16,Operand hybrid + plain H16,14890,2.5355796813964844,3.017677068710327,0.25575438141822815,34904.493614182415,89.84331321784566,62453186560.0,0.0003,129.81909656524658,152.66796875,0,0,exported_float_payload,False
operand_hybrid_plain_h16,Operand hybrid + plain H16,14900,2.5381743907928467,3.609490394592285,0.08265144377946854,34998.538802495015,90.08538323334552,62495129600.0,0.0003,129.81909656524658,152.66796875,0,0,exported_float_payload,False
operand_hybrid_plain_h16,Operand hybrid + plain H16,14910,2.5468084812164307,3.5635876655578613,0.11837337911128998,34895.86522134213,89.82110394562172,62537072640.0,0.0003,129.81909656524658,152.66796875,0,0,exported_float_payload,False
operand_hybrid_plain_h16,Operand hybrid + plain H16,14920,2.5308775901794434,3.4262242317199707,0.12769654393196106,34944.6957505849,89.94679253408383,62579015680.0,0.0003,129.81909656524658,152.66796875,0,0,exported_float_payload,False
operand_hybrid_plain_h16,Operand hybrid + plain H16,14930,2.499619960784912,3.0275018215179443,0.1742011308670044,34896.92216586517,89.82382449498385,62620958720.0,0.0003,129.81909656524658,152.66796875,0,0,exported_float_payload,False
operand_hybrid_plain_h16,Operand hybrid + plain H16,14940,2.5693905353546143,2.9710533618927,0.09903975576162338,34947.08663134302,89.95294660270298,62662901760.0,0.0003,129.81909656524658,152.66796875,0,0,exported_float_payload,False
operand_hybrid_plain_h16,Operand hybrid + plain H16,14950,2.542973756790161,3.1438989639282227,0.19308973848819733,9865.287043459286,25.393007663326564,62704844800.0,0.0003,129.81909656524658,152.66796875,0,0,exported_float_payload,False
operand_hybrid_plain_h16,Operand hybrid + plain H16,14960,2.5428097248077393,3.1582815647125244,0.08668719232082367,35163.31117359807,90.50950328820986,62746787840.0,0.0003,129.81909656524658,152.66796875,0,0,exported_float_payload,False
operand_hybrid_plain_h16,Operand hybrid + plain H16,14970,2.5320701599121094,2.9458706378936768,0.16371290385723114,35113.633035524304,90.3816329753391,62788730880.0,0.0003,129.81909656524658,152.66796875,0,0,exported_float_payload,False
operand_hybrid_plain_h16,Operand hybrid + plain H16,14980,2.5384135246276855,3.100257396697998,0.13031715154647827,35115.85562526662,90.38735386699794,62830673920.0,0.0003,129.81909656524658,152.66796875,0,0,exported_float_payload,False
operand_hybrid_plain_h16,Operand hybrid + plain H16,14990,2.55503511428833,3.0477607250213623,0.2855859100818634,35098.13475755658,90.34174078675208,62872616960.0,0.0003,129.81909656524658,152.66796875,0,0,exported_float_payload,False
operand_hybrid_plain_h16,Operand hybrid + plain H16,15000,2.513538360595703,2.993985414505005,0.11490508168935776,35055.73805257495,90.23261270464401,62914560000.0,0.0003,129.81909656524658,152.66796875,0,0,exported_float_payload,False
operand_hybrid_plain_h16,Operand hybrid + plain H16,15010,2.5348291397094727,3.283843755722046,0.12226180732250214,27633.600300737882,71.12821158783916,62956503040.0,0.0003,129.81909656524658,152.66796875,0,0,exported_float_payload,False
operand_hybrid_plain_h16,Operand hybrid + plain H16,15020,2.6209659576416016,5.068572998046875,0.13195288181304932,34937.94731804433,89.92942223371008,62998446080.0,0.0003,129.81909656524658,152.66796875,0,0,exported_float_payload,False
operand_hybrid_plain_h16,Operand hybrid + plain H16,15030,2.537288188934326,2.95845365524292,0.17395253479480743,34997.14067953678,90.08178449903234,63040389120.0,0.0003,129.81909656524658,152.66796875,0,0,exported_float_payload,False
operand_hybrid_plain_h16,Operand hybrid + plain H16,15040,2.5525248050689697,3.010521411895752,0.11281898617744446,34958.52380169611,89.98238559957588,63082332160.0,0.0003,129.81909656524658,152.66796875,0,0,exported_float_payload,False
operand_hybrid_plain_h16,Operand hybrid + plain H16,15050,2.5198404788970947,3.009777545928955,0.14654196798801422,35026.59437524416,90.15759759169919,63124275200.0,0.0003,129.81909656524658,152.66796875,0,0,exported_float_payload,False
operand_hybrid_plain_h16,Operand hybrid + plain H16,15060,2.564589500427246,3.081969738006592,0.10068069398403168,35046.25130082108,90.20819403756165,63166218240.0,0.0003,129.81909656524658,152.66796875,0,0,exported_float_payload,False
operand_hybrid_plain_h16,Operand hybrid + plain H16,15070,2.545607328414917,2.9825024604797363,0.20607519149780273,35004.46133714263,90.10062769273436,63208161280.0,0.0003,129.81909656524658,152.66796875,0,0,exported_float_payload,False
operand_hybrid_plain_h16,Operand hybrid + plain H16,15080,2.523524761199951,3.019519329071045,0.13239432871341705,35054.28506262206,90.22887274402798,63250104320.0,0.0003,129.81909656524658,152.66796875,0,0,exported_float_payload,False
operand_hybrid_plain_h16,Operand hybrid + plain H16,15090,2.5437684059143066,3.182543992996216,0.135294571518898,35053.34930844049,90.22646413564193,63292047360.0,0.0003,129.81909656524658,152.66796875,0,0,exported_float_payload,False
operand_hybrid_plain_h16,Operand hybrid + plain H16,15100,2.5298290252685547,2.9470198154449463,0.1829131841659546,34960.23157069316,89.98678135522276,63333990400.0,0.0003,129.81909656524658,152.66796875,0,0,exported_float_payload,False
operand_hybrid_plain_h16,Operand hybrid + plain H16,15110,2.5225601196289062,2.951472043991089,0.14213009178638458,34951.429936309316,89.96412616350109,63375933440.0,0.0003,129.81909656524658,152.66796875,0,0,exported_float_payload,False
operand_hybrid_plain_h16,Operand hybrid + plain H16,15120,2.574918746948242,3.1042287349700928,0.144460067152977,34974.37346600233,90.02318224800752,63417876480.0,0.0003,129.81909656524658,152.66796875,0,0,exported_float_payload,False
operand_hybrid_plain_h16,Operand hybrid + plain H16,15130,2.52701473236084,2.9982776641845703,0.13904248178005219,34980.99964698647,90.04023787586381,63459819520.0,0.0003,129.81909656524658,152.66796875,0,0,exported_float_payload,False
operand_hybrid_plain_h16,Operand hybrid + plain H16,15140,2.5270206928253174,2.9911117553710938,0.08555660396814346,34948.60218774073,89.95684760781836,63501762560.0,0.0003,129.81909656524658,152.66796875,0,0,exported_float_payload,False
operand_hybrid_plain_h16,Operand hybrid + plain H16,15150,2.5121405124664307,2.9514334201812744,0.15279366075992584,34924.9650876693,89.8960062901143,63543705600.0,0.0003,129.81909656524658,152.66796875,0,0,exported_float_payload,False
operand_hybrid_plain_h16,Operand hybrid + plain H16,15160,2.5556082725524902,3.079756736755371,0.17554673552513123,34986.597305108065,90.05464611101725,63585648640.0,0.0003,129.81909656524658,152.66796875,0,0,exported_float_payload,False
operand_hybrid_plain_h16,Operand hybrid + plain H16,15170,2.5241382122039795,3.0868890285491943,0.1109653040766716,34904.93183394124,89.84444118479128,63627591680.0,0.0003,129.81909656524658,152.66796875,0,0,exported_float_payload,False
operand_hybrid_plain_h16,Operand hybrid + plain H16,15180,2.5381641387939453,2.9371371269226074,0.11896876245737076,34925.074507758,89.89628793474752,63669534720.0,0.0003,129.81909656524658,152.66796875,0,0,exported_float_payload,False
operand_hybrid_plain_h16,Operand hybrid + plain H16,15190,2.5572898387908936,4.002687454223633,0.1514400839805603,34962.91347737867,89.993684517464,63711477760.0,0.0003,129.89795398712158,152.66796875,0,0,exported_float_payload,False
operand_hybrid_plain_h16,Operand hybrid + plain H16,15200,2.533294200897217,3.0154807567596436,0.1167081892490387,34988.99295386583,90.06081245235092,63753420800.0,0.0003,129.81909656524658,152.66796875,0,0,exported_float_payload,False
operand_hybrid_plain_h16,Operand hybrid + plain H16,15210,2.510016918182373,2.9865946769714355,0.10075962543487549,34908.137303946925,89.85269198621859,63795363840.0,0.0003,129.81909656524658,152.66796875,0,0,exported_float_payload,False
operand_hybrid_plain_h16,Operand hybrid + plain H16,15220,2.5260798931121826,3.029223918914795,0.15780194103717804,35012.85498125376,90.1222327274686,63837306880.0,0.0003,129.81909656524658,152.66796875,0,0,exported_float_payload,False
operand_hybrid_plain_h16,Operand hybrid + plain H16,15230,2.516622304916382,3.2153496742248535,0.16930165886878967,34945.420838675884,89.94865889310306,63879249920.0,0.0003,129.81909656524658,152.66796875,0,0,exported_float_payload,False
operand_hybrid_plain_h16,Operand hybrid + plain H16,15240,2.5409841537475586,3.029087543487549,0.12155883014202118,34960.35040608682,89.98708723462076,63921192960.0,0.0003,129.81909656524658,152.66796875,0,0,exported_float_payload,False
operand_hybrid_plain_h16,Operand hybrid + plain H16,15250,2.5231971740722656,3.0883841514587402,0.21647490561008453,34950.376509293426,89.96141466811638,63963136000.0,0.0003,129.81909656524658,152.66796875,0,0,exported_float_payload,False
operand_hybrid_plain_h16,Operand hybrid + plain H16,15260,2.5310299396514893,3.046940326690674,0.14863477647304535,34936.82578669975,89.92653543944833,64005079040.0,0.0003,129.81909656524658,152.66796875,0,0,exported_float_payload,False
operand_hybrid_plain_h16,Operand hybrid + plain H16,15270,2.5222954750061035,2.961514949798584,0.15686456859111786,35008.9961634883,90.11230022488068,64047022080.0,0.0003,129.81909656524658,152.66796875,0,0,exported_float_payload,False
operand_hybrid_plain_h16,Operand hybrid + plain H16,15280,2.5473053455352783,4.276307582855225,0.08007292449474335,34907.13791664669,89.85011958774079,64088965120.0,0.0003,129.81909656524658,152.66796875,0,0,exported_float_payload,False
operand_hybrid_plain_h16,Operand hybrid + plain H16,15290,2.555234432220459,2.997513771057129,0.25205284357070923,35056.200488079914,90.23380300232816,64130908160.0,0.0003,129.81909656524658,152.66796875,0,0,exported_float_payload,False
operand_hybrid_plain_h16,Operand hybrid + plain H16,15300,2.5592212677001953,3.0737972259521484,0.10146605223417282,35011.661258408676,90.11916011404949,64172851200.0,0.0003,129.81909656524658,152.66796875,0,0,exported_float_payload,False
operand_hybrid_plain_h16,Operand hybrid + plain H16,15310,2.5503451824188232,3.3079919815063477,0.09372839331626892,34979.18902940451,90.03557739047382,64214794240.0,0.0003,129.81909656524658,152.66796875,0,0,exported_float_payload,False
operand_hybrid_plain_h16,Operand hybrid + plain H16,15320,2.544429063796997,2.9264464378356934,0.1630076915025711,34977.53997619685,90.03133276783336,64256737280.0,0.0003,129.81909656524658,152.66796875,0,0,exported_float_payload,False
operand_hybrid_plain_h16,Operand hybrid + plain H16,15330,2.5545828342437744,3.3184051513671875,0.14845608174800873,34958.90549352143,89.98336806500265,64298680320.0,0.0003,129.81909656524658,152.66796875,0,0,exported_float_payload,False
operand_hybrid_plain_h16,Operand hybrid + plain H16,15340,2.543278932571411,3.052734136581421,0.12208941578865051,35001.339172661836,90.09259131769147,64340623360.0,0.0003,129.81909656524658,152.66796875,0,0,exported_float_payload,False
operand_hybrid_plain_h16,Operand hybrid + plain H16,15350,2.543569326400757,3.087829351425171,0.22068803012371063,34951.9960978844,89.96558344955385,64382566400.0,0.0003,129.81909656524658,152.66796875,0,0,exported_float_payload,False
operand_hybrid_plain_h16,Operand hybrid + plain H16,15360,2.5459964275360107,3.1250758171081543,0.13189400732517242,34973.37568389167,90.02061398124843,64424509440.0,0.0003,129.81909656524658,152.66796875,0,0,exported_float_payload,False
operand_hybrid_plain_h16,Operand hybrid + plain H16,15370,2.5196008682250977,2.955124855041504,0.13360922038555145,34990.59977660062,90.06494837478665,64466452480.0,0.0003,129.81909656524658,152.66796875,0,0,exported_float_payload,False
operand_hybrid_plain_h16,Operand hybrid + plain H16,15380,2.5587687492370605,3.1146931648254395,0.1315622180700302,34965.657606176275,90.00074783790058,64508395520.0,0.0003,129.81909656524658,152.66796875,0,0,exported_float_payload,False
operand_hybrid_plain_h16,Operand hybrid + plain H16,15390,2.5347697734832764,2.985259532928467,0.20276084542274475,35026.6080430133,90.15763277220279,64550338560.0,0.0003,129.81909656524658,152.66796875,0,0,exported_float_payload,False
operand_hybrid_plain_h16,Operand hybrid + plain H16,15400,2.5510637760162354,3.3950793743133545,0.11247037351131439,35001.14040816274,90.0920797027302,64592281600.0,0.0003,129.81909656524658,152.66796875,0,0,exported_float_payload,False
operand_hybrid_plain_h16,Operand hybrid + plain H16,15410,2.5267510414123535,3.264782428741455,0.17561286687850952,35006.18342166382,90.10506029619039,64634224640.0,0.0003,129.81909656524658,152.66796875,0,0,exported_float_payload,False
operand_hybrid_plain_h16,Operand hybrid + plain H16,15420,2.5735816955566406,4.153772830963135,0.09476665407419205,34957.63726027214,89.98010366362475,64676167680.0,0.0003,129.81909656524658,152.66796875,0,0,exported_float_payload,False
operand_hybrid_plain_h16,Operand hybrid + plain H16,15430,2.5384275913238525,2.983938694000244,0.2528955936431885,34981.03900511497,90.04033918272434,64718110720.0,0.0003,129.81909656524658,152.66796875,0,0,exported_float_payload,False
operand_hybrid_plain_h16,Operand hybrid + plain H16,15440,2.5007994174957275,2.995074510574341,0.08897081762552261,35090.83918597323,90.32296216385868,64760053760.0,0.0003,129.81909656524658,152.66796875,0,0,exported_float_payload,False
operand_hybrid_plain_h16,Operand hybrid + plain H16,15450,2.532454490661621,3.382877826690674,0.1302461326122284,35063.03619928181,90.25139795584238,64801996800.0,0.0003,129.81909656524658,152.66796875,0,0,exported_float_payload,False
operand_hybrid_plain_h16,Operand hybrid + plain H16,15460,2.5299606323242188,3.094418525695801,0.11145692318677902,35038.107506873646,90.18723211104044,64843939840.0,0.0003,129.81909656524658,152.66796875,0,0,exported_float_payload,False
operand_hybrid_plain_h16,Operand hybrid + plain H16,15470,2.5411953926086426,3.0537149906158447,0.187360942363739,34981.66756425696,90.0419570785888,64885882880.0,0.0003,129.81909656524658,152.66796875,0,0,exported_float_payload,False
operand_hybrid_plain_h16,Operand hybrid + plain H16,15480,2.5282585620880127,3.0681803226470947,0.10533755272626877,35015.59864516947,90.12929485131053,64927825920.0,0.0003,129.81909656524658,152.66796875,0,0,exported_float_payload,False
operand_hybrid_plain_h16,Operand hybrid + plain H16,15490,2.531432628631592,2.9478578567504883,0.23326066136360168,34986.965848113316,90.05559473170261,64969768960.0,0.0003,129.81909656524658,152.66796875,0,0,exported_float_payload,False
operand_hybrid_plain_h16,Operand hybrid + plain H16,15500,2.54681396484375,3.055964946746826,0.09998559206724167,35019.96372810207,90.1405304680615,65011712000.0,0.0003,129.81909656524658,152.66796875,0,0,exported_float_payload,False
operand_hybrid_plain_h16,Operand hybrid + plain H16,15510,2.5268969535827637,2.9645204544067383,0.17732380330562592,34965.76916183166,90.00103497943023,65053655040.0,0.0003,129.81909656524658,152.66796875,0,0,exported_float_payload,False
operand_hybrid_plain_h16,Operand hybrid + plain H16,15520,2.5325546264648438,3.091472625732422,0.13395483791828156,34964.596236611986,89.99801589859047,65095598080.0,0.0003,129.81909656524658,152.66796875,0,0,exported_float_payload,False
operand_hybrid_plain_h16,Operand hybrid + plain H16,15530,2.5465540885925293,3.175651788711548,0.28641918301582336,34936.27987661516,89.925130280237,65137541120.0,0.0003,129.81909656524658,152.66796875,0,0,exported_float_payload,False
operand_hybrid_plain_h16,Operand hybrid + plain H16,15540,2.5329091548919678,3.0289714336395264,0.10003047436475754,33316.560418956025,85.75601199512369,65179484160.0,0.0003,129.81909656524658,152.66796875,0,0,exported_float_payload,False
operand_hybrid_plain_h16,Operand hybrid + plain H16,15550,2.550133466720581,3.047266960144043,0.21799811720848083,34941.11969076404,89.93758784353244,65221427200.0,0.0003,129.81909656524658,152.66796875,0,0,exported_float_payload,False
operand_hybrid_plain_h16,Operand hybrid + plain H16,15560,2.521969795227051,2.9324100017547607,0.1167532429099083,34938.57931578451,89.93104898044223,65263370240.0,0.0003,129.81909656524658,152.66796875,0,0,exported_float_payload,False
operand_hybrid_plain_h16,Operand hybrid + plain H16,15570,2.51718807220459,2.966071128845215,0.11060699820518494,34971.18862338268,90.01498454096755,65305313280.0,0.0003,129.81909656524658,152.66796875,0,0,exported_float_payload,False
operand_hybrid_plain_h16,Operand hybrid + plain H16,15580,2.5475780963897705,3.1369104385375977,0.19122029840946198,34938.878444489405,89.93181893041552,65347256320.0,0.0003,129.81909656524658,152.66796875,0,0,exported_float_payload,False
operand_hybrid_plain_h16,Operand hybrid + plain H16,15590,2.5108816623687744,3.0690064430236816,0.1504514366388321,34971.22741653896,90.0150843936034,65389199360.0,0.0003,129.81909656524658,152.66796875,0,0,exported_float_payload,False
operand_hybrid_plain_h16,Operand hybrid + plain H16,15600,2.5061352252960205,2.930692672729492,0.10803119838237762,35026.66143764011,90.15777020866682,65431142400.0,0.0003,129.81909656524658,152.66796875,0,0,exported_float_payload,False
operand_hybrid_plain_h16,Operand hybrid + plain H16,15610,2.554197311401367,3.203340768814087,0.27848467230796814,35001.146188203755,90.09209458041445,65473085440.0,0.0003,129.81909656524658,152.66796875,0,0,exported_float_payload,False
operand_hybrid_plain_h16,Operand hybrid + plain H16,15620,2.5453341007232666,2.9579672813415527,0.12234523892402649,34985.25297868574,90.05118584767227,65515028480.0,0.0003,129.81909656524658,152.66796875,0,0,exported_float_payload,False
operand_hybrid_plain_h16,Operand hybrid + plain H16,15630,2.5229549407958984,2.9911303520202637,0.14739322662353516,35011.51471880235,90.11878292468539,65556971520.0,0.0003,129.81909656524658,152.66796875,0,0,exported_float_payload,False
operand_hybrid_plain_h16,Operand hybrid + plain H16,15640,2.534712314605713,3.0582828521728516,0.13337862491607666,34939.990135944376,89.93468039704197,65598914560.0,0.0003,129.81909656524658,152.66796875,0,0,exported_float_payload,False
operand_hybrid_plain_h16,Operand hybrid + plain H16,15650,2.529836893081665,2.9568421840667725,0.115867979824543,34980.663785009514,90.03937337534627,65640857600.0,0.0003,129.81909656524658,152.66796875,0,0,exported_float_payload,False
operand_hybrid_plain_h16,Operand hybrid + plain H16,15660,2.496297597885132,3.1258485317230225,0.11900117248296738,34959.930606660215,89.98600668115992,65682800640.0,0.0003,129.81909656524658,152.66796875,0,0,exported_float_payload,False
operand_hybrid_plain_h16,Operand hybrid + plain H16,15670,2.5326719284057617,3.070234775543213,0.1966458410024643,35001.40149674274,90.09275173835204,65724743680.0,0.0003,129.81909656524658,152.66796875,0,0,exported_float_payload,False
operand_hybrid_plain_h16,Operand hybrid + plain H16,15680,2.5385193824768066,3.0131473541259766,0.1625560224056244,34972.069337521265,90.01725147762858,65766686720.0,0.0003,129.81909656524658,152.66796875,0,0,exported_float_payload,False
operand_hybrid_plain_h16,Operand hybrid + plain H16,15690,2.5381574630737305,3.899036407470703,0.19887259602546692,35043.9801285321,90.20234809561545,65808629760.0,0.0003,129.81909656524658,152.66796875,0,0,exported_float_payload,False
operand_hybrid_plain_h16,Operand hybrid + plain H16,15700,2.5350167751312256,3.058563232421875,0.15105612576007843,34945.09883156727,89.94783005467794,65850572800.0,0.0003,129.81909656524658,152.66796875,0,0,exported_float_payload,False
operand_hybrid_plain_h16,Operand hybrid + plain H16,15710,2.5066049098968506,3.227524995803833,0.12084201723337173,34963.330563630916,89.99475808728036,65892515840.0,0.0003,129.81909656524658,152.66796875,0,0,exported_float_payload,False
operand_hybrid_plain_h16,Operand hybrid + plain H16,15720,2.5265095233917236,2.975219249725342,0.23305746912956238,35004.79710088691,90.1014919404034,65934458880.0,0.0003,129.81909656524658,152.66796875,0,0,exported_float_payload,False
operand_hybrid_plain_h16,Operand hybrid + plain H16,15730,2.529118537902832,3.0233078002929688,0.0965161994099617,34987.22828858732,90.05627024706656,65976401920.0,0.0003,129.81909656524658,152.66796875,0,0,exported_float_payload,False
operand_hybrid_plain_h16,Operand hybrid + plain H16,15740,2.5221948623657227,3.3133206367492676,0.1455112099647522,34986.389771009046,90.05411192332016,66018344960.0,0.0003,129.81909656524658,152.66796875,0,0,exported_float_payload,False
operand_hybrid_plain_h16,Operand hybrid + plain H16,15750,2.5038328170776367,2.9721744060516357,0.2931171655654907,34981.1563707553,90.04064127901319,66060288000.0,0.0003,129.81909656524658,152.66796875,0,0,exported_float_payload,False
operand_hybrid_plain_h16,Operand hybrid + plain H16,15760,2.4995412826538086,3.0675811767578125,0.21479769051074982,34930.80672553543,89.91104252316538,66102231040.0,0.0003,129.81909656524658,152.66796875,0,0,exported_float_payload,False
operand_hybrid_plain_h16,Operand hybrid + plain H16,15770,2.506742477416992,2.877941131591797,0.14818906784057617,34981.7010159275,90.04204318237096,66144174080.0,0.0003,129.81909656524658,152.66796875,0,0,exported_float_payload,False
operand_hybrid_plain_h16,Operand hybrid + plain H16,15780,2.5009982585906982,2.977217435836792,0.19969099760055542,34967.43362436357,90.00531926529457,66186117120.0,0.0003,129.81909656524658,152.66796875,0,0,exported_float_payload,False
operand_hybrid_plain_h16,Operand hybrid + plain H16,15790,2.5467474460601807,3.0721428394317627,0.1172218918800354,35083.68911712289,90.30455806144279,66228060160.0,0.0003,129.81909656524658,152.66796875,0,0,exported_float_payload,False
operand_hybrid_plain_h16,Operand hybrid + plain H16,15800,2.494084596633911,3.019649028778076,0.1744123250246048,35027.69026997672,90.16041839794836,66270003200.0,0.0003,129.81909656524658,152.66796875,0,0,exported_float_payload,False
operand_hybrid_plain_h16,Operand hybrid + plain H16,15810,2.5252556800842285,3.058870553970337,0.1324947476387024,34989.40071497426,90.06186201947507,66311946240.0,0.0003,129.81909656524658,152.66796875,0,0,exported_float_payload,False
operand_hybrid_plain_h16,Operand hybrid + plain H16,15820,2.5078728199005127,2.8947863578796387,0.0987180843949318,34999.53449944196,90.08794613294415,66353889280.0,0.0003,129.81909656524658,152.66796875,0,0,exported_float_payload,False
operand_hybrid_plain_h16,Operand hybrid + plain H16,15830,2.5287163257598877,3.0266995429992676,0.15947403013706207,34991.36142198477,90.06690883138477,66395832320.0,0.0003,129.81909656524658,152.66796875,0,0,exported_float_payload,False
operand_hybrid_plain_h16,Operand hybrid + plain H16,15840,2.543423652648926,3.1308786869049072,0.10514671355485916,34990.49768368166,90.0646855901092,66437775360.0,0.0003,129.81909656524658,152.66796875,0,0,exported_float_payload,False
operand_hybrid_plain_h16,Operand hybrid + plain H16,15850,2.5138745307922363,3.075748920440674,0.10520811378955841,34941.21718310596,89.93783878643706,66479718400.0,0.0003,129.81909656524658,152.66796875,0,0,exported_float_payload,False
operand_hybrid_plain_h16,Operand hybrid + plain H16,15860,2.544762134552002,3.070106029510498,0.1339247077703476,35006.854543080604,90.1067877463096,66521661440.0,0.0003,129.81909656524658,152.66796875,0,0,exported_float_payload,False
operand_hybrid_plain_h16,Operand hybrid + plain H16,15870,2.5303826332092285,2.991942882537842,0.10844296962022781,34942.05798764593,89.94000299676695,66563604480.0,0.0003,129.81909656524658,152.66796875,0,0,exported_float_payload,False
operand_hybrid_plain_h16,Operand hybrid + plain H16,15880,2.5238277912139893,3.122380256652832,0.08975997567176819,35054.41926274286,90.22921817185798,66605547520.0,0.0003,129.81909656524658,152.66796875,0,0,exported_float_payload,False
operand_hybrid_plain_h16,Operand hybrid + plain H16,15890,2.5082077980041504,2.9371190071105957,0.08277134597301483,34994.07197796971,90.07388573622232,66647490560.0,0.0003,129.81909656524658,152.66796875,0,0,exported_float_payload,False
operand_hybrid_plain_h16,Operand hybrid + plain H16,15900,2.5388400554656982,3.026289939880371,0.143492192029953,34985.833599879035,90.05268035242878,66689433600.0,0.0003,129.81909656524658,152.66796875,0,0,exported_float_payload,False
operand_hybrid_plain_h16,Operand hybrid + plain H16,15910,2.5313587188720703,3.1242761611938477,0.21154288947582245,34892.405056811986,89.81219756671523,66731376640.0,0.0003,129.81909656524658,152.66796875,0,0,exported_float_payload,False
operand_hybrid_plain_h16,Operand hybrid + plain H16,15920,2.5402731895446777,3.2707626819610596,0.1715405136346817,34963.613022566606,89.99548512967526,66773319680.0,0.0003,129.81909656524658,152.66796875,0,0,exported_float_payload,False
operand_hybrid_plain_h16,Operand hybrid + plain H16,15930,2.4881134033203125,3.1091697216033936,0.10186582803726196,34972.45453870928,90.01824297606912,66815262720.0,0.0003,129.81909656524658,152.66796875,0,0,exported_float_payload,False
operand_hybrid_plain_h16,Operand hybrid + plain H16,15940,2.5344467163085938,3.0802838802337646,0.20221519470214844,34919.739542930925,89.88255586571186,66857205760.0,0.0003,129.81909656524658,152.66796875,0,0,exported_float_payload,False
operand_hybrid_plain_h16,Operand hybrid + plain H16,15950,2.512763023376465,3.0382041931152344,0.1496896594762802,35030.07541886362,90.16655771287111,66899148800.0,0.0003,129.81909656524658,152.66796875,0,0,exported_float_payload,False
operand_hybrid_plain_h16,Operand hybrid + plain H16,15960,2.4820070266723633,3.077113628387451,0.13703292608261108,35034.57134127821,90.17813010724996,66941091840.0,0.0003,129.81909656524658,152.66796875,0,0,exported_float_payload,False
operand_hybrid_plain_h16,Operand hybrid + plain H16,15970,2.4954824447631836,2.953935146331787,0.14432403445243835,35004.09821572826,90.09969302709138,66983034880.0,0.0003,129.81909656524658,152.66796875,0,0,exported_float_payload,False
operand_hybrid_plain_h16,Operand hybrid + plain H16,15980,2.5017404556274414,3.10471248626709,0.13388028740882874,34960.71852693063,89.98803476867289,67024977920.0,0.0003,129.81909656524658,152.66796875,0,0,exported_float_payload,False
operand_hybrid_plain_h16,Operand hybrid + plain H16,15990,2.523538589477539,3.3576669692993164,0.18570774793624878,34990.60556055538,90.0649632625448,67066920960.0,0.0003,129.81909656524658,152.66796875,0,0,exported_float_payload,False
operand_hybrid_plain_h16,Operand hybrid + plain H16,16000,2.497410297393799,2.9082558155059814,0.18903203308582306,35003.990104264376,90.09941475082644,67108864000.0,0.0003,129.81909656524658,152.66796875,0,0,exported_float_payload,False
operand_hybrid_plain_h16,Operand hybrid + plain H16,16010,2.530005931854248,3.0238518714904785,0.09215011447668076,27586.73564845046,71.00758311859836,67150807040.0,0.0003,129.81909656524658,152.66796875,0,0,exported_float_payload,False
operand_hybrid_plain_h16,Operand hybrid + plain H16,16020,2.512988567352295,3.0527100563049316,0.1026201993227005,34976.540023479174,90.0287589139849,67192750080.0,0.0003,129.81909656524658,152.66796875,0,0,exported_float_payload,False
operand_hybrid_plain_h16,Operand hybrid + plain H16,16030,2.5309081077575684,3.154585838317871,0.19149990379810333,35023.852001536405,90.15053878882098,67234693120.0,0.0003,129.81909656524658,152.66796875,0,0,exported_float_payload,False
operand_hybrid_plain_h16,Operand hybrid + plain H16,16040,2.5488641262054443,3.064741849899292,0.13833606243133545,35049.54099850954,90.21666163898522,67276636160.0,0.0003,129.81909656524658,152.66796875,0,0,exported_float_payload,False
operand_hybrid_plain_h16,Operand hybrid + plain H16,16050,2.5094892978668213,3.049924373626709,0.08389459550380707,35030.931036158836,90.16876005087087,67318579200.0,0.0003,129.81909656524658,152.66796875,0,0,exported_float_payload,False
operand_hybrid_plain_h16,Operand hybrid + plain H16,16060,2.5126612186431885,3.127704620361328,0.12139179557561874,34960.648354242876,89.98785414589021,67360522240.0,0.0003,129.81909656524658,152.66796875,0,0,exported_float_payload,False
operand_hybrid_plain_h16,Operand hybrid + plain H16,16070,2.489220142364502,2.968991279602051,0.08887576311826706,35003.78506699536,90.09888698990875,67402465280.0,0.0003,129.81909656524658,152.66796875,0,0,exported_float_payload,False
operand_hybrid_plain_h16,Operand hybrid + plain H16,16080,2.489323854446411,3.1934704780578613,0.2090575248003006,35038.415904880305,90.18802591996986,67444408320.0,0.0003,129.81909656524658,152.66796875,0,0,exported_float_payload,False
operand_hybrid_plain_h16,Operand hybrid + plain H16,16090,2.504668951034546,3.1138546466827393,0.137716144323349,34995.88390303141,90.0785495870332,67486351360.0,0.0003,129.81909656524658,152.66796875,0,0,exported_float_payload,False
operand_hybrid_plain_h16,Operand hybrid + plain H16,16100,2.527770519256592,4.557568073272705,0.10395705699920654,34985.602276927304,90.05208493280641,67528294400.0,0.0003,129.81909656524658,152.66796875,0,0,exported_float_payload,False
operand_hybrid_plain_h16,Operand hybrid + plain H16,16110,2.4900219440460205,2.9085676670074463,0.12312400341033936,34946.17837168694,89.95060876455335,67570237440.0,0.0003,129.81909656524658,152.66796875,0,0,exported_float_payload,False
operand_hybrid_plain_h16,Operand hybrid + plain H16,16120,2.50840163230896,3.0351850986480713,0.07943348586559296,35006.213019721035,90.10513648086604,67612180480.0,0.0003,129.81909656524658,152.66796875,0,0,exported_float_payload,False
operand_hybrid_plain_h16,Operand hybrid + plain H16,16130,2.5550293922424316,3.356215715408325,0.18939118087291718,34976.64795621174,90.02903673019978,67654123520.0,0.0003,129.81909656524658,152.66796875,0,0,exported_float_payload,False
operand_hybrid_plain_h16,Operand hybrid + plain H16,16140,2.507854461669922,2.9586920738220215,0.13376715779304504,34979.65023910964,90.03676453297916,67696066560.0,0.0003,129.81909656524658,152.66796875,0,0,exported_float_payload,False
operand_hybrid_plain_h16,Operand hybrid + plain H16,16150,2.574509382247925,3.6269917488098145,0.15673759579658508,34977.75747310699,90.0318925995627,67738009600.0,0.0003,129.81909656524658,152.66796875,0,0,exported_float_payload,False
operand_hybrid_plain_h16,Operand hybrid + plain H16,16160,2.5584781169891357,3.268930673599243,0.15631867945194244,34959.54789671593,89.98502159511982,67779952640.0,0.0003,129.81909656524658,152.66796875,0,0,exported_float_payload,False
operand_hybrid_plain_h16,Operand hybrid + plain H16,16170,2.4998786449432373,2.9934678077697754,0.12676498293876648,34991.81572232113,90.06807818934381,67821895680.0,0.0003,129.81909656524658,152.66796875,0,0,exported_float_payload,False
operand_hybrid_plain_h16,Operand hybrid + plain H16,16180,2.488032817840576,3.0320241451263428,0.13679239153862,34974.43300452352,90.02333549870544,67863838720.0,0.0003,129.81909656524658,152.66796875,0,0,exported_float_payload,False
operand_hybrid_plain_h16,Operand hybrid + plain H16,16190,2.5426480770111084,3.648855686187744,0.13558892905712128,34937.68361773728,89.92874347556668,67905781760.0,0.0003,129.81909656524658,152.66796875,0,0,exported_float_payload,False
operand_hybrid_plain_h16,Operand hybrid + plain H16,16200,2.521350383758545,2.954498052597046,0.13486747443675995,34954.92244540998,89.97311579654135,67947724800.0,0.0003,129.81909656524658,152.66796875,0,0,exported_float_payload,False
operand_hybrid_plain_h16,Operand hybrid + plain H16,16210,2.5172691345214844,3.0305609703063965,0.15782605111598969,35017.91950978708,90.13526870009578,67989667840.0,0.0003,129.81909656524658,152.66796875,0,0,exported_float_payload,False
operand_hybrid_plain_h16,Operand hybrid + plain H16,16220,2.5093278884887695,2.9321396350860596,0.1289646476507187,34994.10531708542,90.07397155029109,68031610880.0,0.0003,129.81909656524658,152.66796875,0,0,exported_float_payload,False
operand_hybrid_plain_h16,Operand hybrid + plain H16,16230,2.534402370452881,3.1358306407928467,0.10904756933450699,34870.93022176094,89.75692186631059,68073553920.0,0.0003,129.81909656524658,152.66796875,0,0,exported_float_payload,False
operand_hybrid_plain_h16,Operand hybrid + plain H16,16240,2.545523166656494,3.069800615310669,0.25873228907585144,34990.99238836082,90.06595894785885,68115496960.0,0.0003,129.81909656524658,152.66796875,0,0,exported_float_payload,False
operand_hybrid_plain_h16,Operand hybrid + plain H16,16250,2.5009381771087646,3.115294933319092,0.12216996401548386,34883.45710409987,89.78916575519378,68157440000.0,0.0003,129.81909656524658,152.66796875,0,0,exported_float_payload,False
operand_hybrid_plain_h16,Operand hybrid + plain H16,16260,2.510885238647461,3.596727132797241,0.08156760036945343,35004.74587454157,90.10136008504286,68199383040.0,0.0003,129.81909656524658,152.66796875,0,0,exported_float_payload,False
operand_hybrid_plain_h16,Operand hybrid + plain H16,16270,2.53153395652771,3.1261608600616455,0.0864131972193718,34944.63495689198,89.94663605260455,68241326080.0,0.0003,129.81909656524658,152.66796875,0,0,exported_float_payload,False
operand_hybrid_plain_h16,Operand hybrid + plain H16,16280,2.6060969829559326,3.8669843673706055,0.11261872947216034,34981.92157289651,90.04261089061698,68283269120.0,0.0003,129.81909656524658,152.66796875,0,0,exported_float_payload,False
operand_hybrid_plain_h16,Operand hybrid + plain H16,16290,2.524428129196167,2.996224880218506,0.12085293233394623,35022.32601694543,90.14661094179108,68325212160.0,0.0003,129.81909656524658,152.66796875,0,0,exported_float_payload,False
operand_hybrid_plain_h16,Operand hybrid + plain H16,16300,2.5007359981536865,3.1048598289489746,0.14368997514247894,34976.05840369967,90.0275192364471,68367155200.0,0.0003,129.81909656524658,152.66796875,0,0,exported_float_payload,False
operand_hybrid_plain_h16,Operand hybrid + plain H16,16310,2.525742769241333,3.0496084690093994,0.1472920924425125,34961.29986899617,89.98953112893695,68409098240.0,0.0003,129.81909656524658,152.66796875,0,0,exported_float_payload,False
operand_hybrid_plain_h16,Operand hybrid + plain H16,16320,2.4951610565185547,3.000689744949341,0.13106019794940948,34934.55391203657,89.92068768960809,68451041280.0,0.0003,129.81909656524658,152.66796875,0,0,exported_float_payload,False
operand_hybrid_plain_h16,Operand hybrid + plain H16,16330,2.5247325897216797,2.9492030143737793,0.18974412977695465,34924.74294610553,89.89543450316008,68492984320.0,0.0003,129.81909656524658,152.66796875,0,0,exported_float_payload,False
operand_hybrid_plain_h16,Operand hybrid + plain H16,16340,2.5243141651153564,2.951869487762451,0.09250012785196304,34953.374768194284,89.96913211322575,68534927360.0,0.0003,129.81909656524658,152.66796875,0,0,exported_float_payload,False
operand_hybrid_plain_h16,Operand hybrid + plain H16,16350,2.5459790229797363,2.9669957160949707,0.08720173686742783,34985.26148189015,90.05120773471253,68576870400.0,0.0003,129.81909656524658,152.66796875,0,0,exported_float_payload,False
operand_hybrid_plain_h16,Operand hybrid + plain H16,16360,2.5237746238708496,3.0182433128356934,0.19107426702976227,34983.06325594558,90.04554955487343,68618813440.0,0.0003,129.81909656524658,152.66796875,0,0,exported_float_payload,False
operand_hybrid_plain_h16,Operand hybrid + plain H16,16370,2.532456159591675,3.1835713386535645,0.09298822283744812,34913.66159277366,89.86691137060077,68660756480.0,0.0003,129.81909656524658,152.66796875,0,0,exported_float_payload,False
operand_hybrid_plain_h16,Operand hybrid + plain H16,16380,2.558095693588257,3.061978340148926,0.189947709441185,35035.52846604734,90.18059372300593,68702699520.0,0.0003,129.81909656524658,152.66796875,0,0,exported_float_payload,False
operand_hybrid_plain_h16,Operand hybrid + plain H16,16390,2.483058452606201,2.954397678375244,0.1331675797700882,34980.943577777405,90.04009355509045,68744642560.0,0.0003,129.81909656524658,152.66796875,0,0,exported_float_payload,False
operand_hybrid_plain_h16,Operand hybrid + plain H16,16400,2.514193534851074,3.0128536224365234,0.11151795834302902,35090.84407305435,90.32297474308601,68786585600.0,0.0003,129.81909656524658,152.66796875,0,0,exported_float_payload,False
operand_hybrid_plain_h16,Operand hybrid + plain H16,16410,2.5481767654418945,3.1264142990112305,0.15278120338916779,34916.52525972213,89.87428237931523,68828528640.0,0.0003,129.81909656524658,152.66796875,0,0,exported_float_payload,False
operand_hybrid_plain_h16,Operand hybrid + plain H16,16420,2.5153400897979736,2.9129223823547363,0.15768443048000336,34974.61837418532,90.02381263568299,68870471680.0,0.0003,129.81909656524658,152.66796875,0,0,exported_float_payload,False
operand_hybrid_plain_h16,Operand hybrid + plain H16,16430,2.509040594100952,3.2031328678131104,0.09310588985681534,34969.524665418576,90.01070155384839,68912414720.0,0.0003,129.81909656524658,152.66796875,0,0,exported_float_payload,False
operand_hybrid_plain_h16,Operand hybrid + plain H16,16440,2.523378372192383,3.0491082668304443,0.3180690109729767,34941.409637722325,89.93833415991443,68954357760.0,0.0003,129.81909656524658,152.66796875,0,0,exported_float_payload,False
operand_hybrid_plain_h16,Operand hybrid + plain H16,16450,2.5160157680511475,3.1789894104003906,0.1277238130569458,34938.67311696368,89.93129042238414,68996300800.0,0.0003,129.81909656524658,152.66796875,0,0,exported_float_payload,False
operand_hybrid_plain_h16,Operand hybrid + plain H16,16460,2.548948049545288,2.9537429809570312,0.10995806008577347,34942.448819605845,89.94100898867671,69038243840.0,0.0003,129.81909656524658,152.66796875,0,0,exported_float_payload,False
operand_hybrid_plain_h16,Operand hybrid + plain H16,16470,2.5380001068115234,3.111903667449951,0.20029042661190033,34950.39747633619,89.96146863677185,69080186880.0,0.0003,129.81909656524658,152.66796875,0,0,exported_float_payload,False
operand_hybrid_plain_h16,Operand hybrid + plain H16,16480,2.516153573989868,2.901866912841797,0.12054434418678284,34948.785831851514,89.95732030326977,69122129920.0,0.0003,129.81909656524658,152.66796875,0,0,exported_float_payload,False
operand_hybrid_plain_h16,Operand hybrid + plain H16,16490,2.4908804893493652,2.92936635017395,0.10216055810451508,35037.92150111178,90.18675333675685,69164072960.0,0.0003,129.81909656524658,152.66796875,0,0,exported_float_payload,False
operand_hybrid_plain_h16,Operand hybrid + plain H16,16500,2.5149950981140137,3.078988790512085,0.10399960726499557,34953.23963102558,89.96878427345733,69206016000.0,0.0003,129.81909656524658,152.66796875,0,0,exported_float_payload,False
operand_hybrid_plain_h16,Operand hybrid + plain H16,16510,2.511524200439453,2.954259157180786,0.16872268915176392,34997.12344640645,90.08174014137617,69247959040.0,0.0003,129.81909656524658,152.66796875,0,0,exported_float_payload,False
operand_hybrid_plain_h16,Operand hybrid + plain H16,16520,2.5136406421661377,3.0770649909973145,0.0951404869556427,34939.89193135206,89.93442762082226,69289902080.0,0.0003,129.81909656524658,152.66796875,0,0,exported_float_payload,False
operand_hybrid_plain_h16,Operand hybrid + plain H16,16530,2.52815580368042,3.019887924194336,0.12602251768112183,34916.54230560949,89.87432625501253,69331845120.0,0.0003,129.81909656524658,152.66796875,0,0,exported_float_payload,False
operand_hybrid_plain_h16,Operand hybrid + plain H16,16540,2.5664236545562744,3.350114583969116,0.10346800088882446,34906.22603949055,89.84777243823447,69373788160.0,0.0003,129.81909656524658,152.66796875,0,0,exported_float_payload,False
operand_hybrid_plain_h16,Operand hybrid + plain H16,16550,2.5324034690856934,3.028965711593628,0.12954488396644592,34944.78577238871,89.94702424800597,69415731200.0,0.0003,129.81909656524658,152.66796875,0,0,exported_float_payload,False
operand_hybrid_plain_h16,Operand hybrid + plain H16,16560,2.5189735889434814,3.126162528991699,0.12602905929088593,34912.690775082745,89.86441250959892,69457674240.0,0.0003,129.81909656524658,152.66796875,0,0,exported_float_payload,False
operand_hybrid_plain_h16,Operand hybrid + plain H16,16570,2.4989161491394043,3.0863428115844727,0.0850209891796112,34940.88520872521,89.93698429249712,69499617280.0,0.0003,129.81909656524658,152.66796875,0,0,exported_float_payload,False
operand_hybrid_plain_h16,Operand hybrid + plain H16,16580,2.5208487510681152,3.4488675594329834,0.08717244863510132,34939.72269799088,89.93399201828801,69541560320.0,0.0003,129.81909656524658,152.66796875,0,0,exported_float_payload,False
operand_hybrid_plain_h16,Operand hybrid + plain H16,16590,2.5467798709869385,3.1668171882629395,0.08961699903011322,34989.47792996911,90.06206076898405,69583503360.0,0.0003,129.81909656524658,152.66796875,0,0,exported_float_payload,False
operand_hybrid_plain_h16,Operand hybrid + plain H16,16600,2.5102009773254395,3.038760185241699,0.13942845165729523,34917.25722177027,89.87616643173212,69625446400.0,0.0003,129.89795398712158,152.66796875,0,0,exported_float_payload,False
operand_hybrid_plain_h16,Operand hybrid + plain H16,16610,2.500173807144165,2.991807460784912,0.10856851935386658,34931.79591145216,89.9135886635314,69667389440.0,0.0003,129.81909656524658,152.66796875,0,0,exported_float_payload,False
operand_hybrid_plain_h16,Operand hybrid + plain H16,16620,2.5102646350860596,3.2204737663269043,0.1174364909529686,34973.68531935407,90.02141097535868,69709332480.0,0.0003,129.81909656524658,152.66796875,0,0,exported_float_payload,False
operand_hybrid_plain_h16,Operand hybrid + plain H16,16630,2.560563087463379,3.305408239364624,0.16924363374710083,34987.383670968164,90.05667019751606,69751275520.0,0.0003,129.81909656524658,152.66796875,0,0,exported_float_payload,False
operand_hybrid_plain_h16,Operand hybrid + plain H16,16640,2.519266128540039,2.9669947624206543,0.09734420478343964,34932.653653847934,89.91579647148805,69793218560.0,0.0003,129.89795398712158,152.66796875,0,0,exported_float_payload,False
operand_hybrid_plain_h16,Operand hybrid + plain H16,16650,2.5248241424560547,2.991880416870117,0.20668663084506989,35001.45654551124,90.0928934325363,69835161600.0,0.0003,129.81909656524658,152.66796875,0,0,exported_float_payload,False
operand_hybrid_plain_h16,Operand hybrid + plain H16,16660,2.5439136028289795,3.0463614463806152,0.13172921538352966,34929.11022043521,89.90667576051355,69877104640.0,0.0003,129.81909656524658,152.66796875,0,0,exported_float_payload,False
operand_hybrid_plain_h16,Operand hybrid + plain H16,16670,2.5281765460968018,3.1199965476989746,0.11049630492925644,34930.607850986584,89.91053062493873,69919047680.0,0.0003,129.81909656524658,152.66796875,0,0,exported_float_payload,False
operand_hybrid_plain_h16,Operand hybrid + plain H16,16680,2.5492093563079834,3.5250675678253174,0.1616923063993454,35014.324134418785,90.12601429179752,69960990720.0,0.0003,129.81909656524658,152.66796875,0,0,exported_float_payload,False
operand_hybrid_plain_h16,Operand hybrid + plain H16,16690,2.5160200595855713,2.95237135887146,0.14735163748264313,34953.81683933961,89.97026999354607,70002933760.0,0.0003,129.81909656524658,152.66796875,0,0,exported_float_payload,False
operand_hybrid_plain_h16,Operand hybrid + plain H16,16700,2.5602972507476807,5.645671844482422,0.13902445137500763,34906.54067258658,89.8485822961315,70044876800.0,0.0003,129.81909656524658,152.66796875,0,0,exported_float_payload,False
operand_hybrid_plain_h16,Operand hybrid + plain H16,16710,2.5338523387908936,3.1154627799987793,0.14516136050224304,35004.684428678585,90.10120192489377,70086819840.0,0.0003,129.81909656524658,152.66796875,0,0,exported_float_payload,False
operand_hybrid_plain_h16,Operand hybrid + plain H16,16720,2.5320615768432617,3.0005972385406494,0.10836245119571686,34976.75461842767,90.02931127613593,70128762880.0,0.0003,129.81909656524658,152.66796875,0,0,exported_float_payload,False
operand_hybrid_plain_h16,Operand hybrid + plain H16,16730,2.5139670372009277,3.2103681564331055,0.14360666275024414,34969.39785789163,90.01037515437422,70170705920.0,0.0003,129.81909656524658,152.66796875,0,0,exported_float_payload,False
operand_hybrid_plain_h16,Operand hybrid + plain H16,16740,2.5199134349823,3.5851032733917236,0.08432114124298096,34977.34649606921,90.030834754715,70212648960.0,0.0003,129.81909656524658,152.66796875,0,0,exported_float_payload,False
operand_hybrid_plain_h16,Operand hybrid + plain H16,16750,2.4971957206726074,3.2358241081237793,0.1329653561115265,34857.0678518489,89.72124046506423,70254592000.0,0.0003,129.81909656524658,152.66796875,0,0,exported_float_payload,False
operand_hybrid_plain_h16,Operand hybrid + plain H16,16760,2.534471273422241,3.360757350921631,2.1349496841430664,34938.17188140425,89.93000025430838,70296535040.0,0.0003,129.81909656524658,152.66796875,0,0,exported_float_payload,False
operand_hybrid_plain_h16,Operand hybrid + plain H16,16770,2.5635247230529785,3.09214448928833,0.13622935116291046,35011.26094804271,90.11812972495429,70338478080.0,0.0003,129.81909656524658,152.66796875,0,0,exported_float_payload,False
operand_hybrid_plain_h16,Operand hybrid + plain H16,16780,2.5282318592071533,3.2693498134613037,0.08799762278795242,35022.54185726943,90.1471665095082,70380421120.0,0.0003,129.81909656524658,152.66796875,0,0,exported_float_payload,False
operand_hybrid_plain_h16,Operand hybrid + plain H16,16790,2.56195330619812,3.337947368621826,0.12819676101207733,34968.72095663731,90.0086328270945,70422364160.0,0.0003,129.81909656524658,152.66796875,0,0,exported_float_payload,False
operand_hybrid_plain_h16,Operand hybrid + plain H16,16800,2.5268497467041016,3.047140598297119,0.11632939428091049,34955.882625165286,89.97558727575702,70464307200.0,0.0003,129.81909656524658,152.66796875,0,0,exported_float_payload,False
operand_hybrid_plain_h16,Operand hybrid + plain H16,16810,2.503674030303955,2.993638277053833,0.13516169786453247,34932.66493397795,89.91582550626693,70506250240.0,0.0003,129.81909656524658,152.66796875,0,0,exported_float_payload,False
operand_hybrid_plain_h16,Operand hybrid + plain H16,16820,2.522646427154541,2.9089365005493164,0.1266936957836151,34980.45690371561,90.0388408679536,70548193280.0,0.0003,129.81909656524658,152.66796875,0,0,exported_float_payload,False
operand_hybrid_plain_h16,Operand hybrid + plain H16,16830,2.5070137977600098,2.9747705459594727,0.09413895010948181,34855.361287431326,89.71684780997548,70590136320.0,0.0003,129.81909656524658,152.66796875,0,0,exported_float_payload,False
operand_hybrid_plain_h16,Operand hybrid + plain H16,16840,2.525076389312744,3.082294464111328,0.24651876091957092,34962.33889699411,89.99220556160148,70632079360.0,0.0003,129.81909656524658,152.66796875,0,0,exported_float_payload,False
operand_hybrid_plain_h16,Operand hybrid + plain H16,16850,2.514976978302002,3.1460533142089844,0.08151985704898834,34960.78402060777,89.98820334779666,70674022400.0,0.0003,129.81909656524658,152.66796875,0,0,exported_float_payload,False
operand_hybrid_plain_h16,Operand hybrid + plain H16,16860,2.5244216918945312,3.061034917831421,0.12800519168376923,35002.70707794501,90.09611227244781,70715965440.0,0.0003,129.81909656524658,152.66796875,0,0,exported_float_payload,False
operand_hybrid_plain_h16,Operand hybrid + plain H16,16870,2.4892826080322266,2.9859280586242676,0.1200152188539505,34910.545061584584,89.85888949551305,70757908480.0,0.0003,129.81909656524658,152.66796875,0,0,exported_float_payload,False
operand_hybrid_plain_h16,Operand hybrid + plain H16,16880,2.509495973587036,2.9826059341430664,0.3513675928115845,34999.665054549354,90.08828217859879,70799851520.0,0.0003,129.81909656524658,152.66796875,0,0,exported_float_payload,False
operand_hybrid_plain_h16,Operand hybrid + plain H16,16890,2.529857873916626,2.992851495742798,0.07593231648206711,34913.920172555125,89.86757694863651,70841794560.0,0.0003,129.81909656524658,152.66796875,0,0,exported_float_payload,False
operand_hybrid_plain_h16,Operand hybrid + plain H16,16900,2.551360607147217,2.9814987182617188,0.18040010333061218,34896.056403585106,89.8215960440411,70883737600.0,0.0003,129.81909656524658,152.66796875,0,0,exported_float_payload,False
operand_hybrid_plain_h16,Operand hybrid + plain H16,16910,2.4814727306365967,2.954904317855835,0.10643669962882996,34961.48315413673,89.99000290040779,70925680640.0,0.0003,129.81909656524658,152.66796875,0,0,exported_float_payload,False
operand_hybrid_plain_h16,Operand hybrid + plain H16,16920,2.5278377532958984,2.9656591415405273,0.12712986767292023,34949.30722151658,89.95866234752073,70967623680.0,0.0003,129.81909656524658,152.66796875,0,0,exported_float_payload,False
operand_hybrid_plain_h16,Operand hybrid + plain H16,16930,2.532888889312744,3.0051350593566895,0.17219583690166473,34959.91348484032,89.98596261001411,71009566720.0,0.0003,129.81909656524658,152.66796875,0,0,exported_float_payload,False
operand_hybrid_plain_h16,Operand hybrid + plain H16,16940,2.5219368934631348,2.9006454944610596,0.13906309008598328,34940.26691626666,89.93539282282481,71051509760.0,0.0003,129.89795398712158,152.66796875,0,0,exported_float_payload,False
operand_hybrid_plain_h16,Operand hybrid + plain H16,16950,2.477396249771118,2.9758541584014893,0.08966907113790512,34927.92660714133,89.90362916883208,71093452800.0,0.0003,129.81909656524658,152.66796875,0,0,exported_float_payload,False
operand_hybrid_plain_h16,Operand hybrid + plain H16,16960,2.5367908477783203,3.0274465084075928,0.1980617642402649,34949.25341946666,89.95852386235958,71135395840.0,0.0003,129.81909656524658,152.66796875,0,0,exported_float_payload,False
operand_hybrid_plain_h16,Operand hybrid + plain H16,16970,2.555966854095459,4.336258888244629,0.0868840143084526,33815.29777365117,87.03974975297814,71177338880.0,0.0003,129.81909656524658,152.66796875,0,0,exported_float_payload,False
operand_hybrid_plain_h16,Operand hybrid + plain H16,16980,2.508141040802002,3.0868117809295654,0.11346209049224854,34901.89942228737,89.83663583133061,71219281920.0,0.0003,129.81909656524658,152.66796875,0,0,exported_float_payload,False
operand_hybrid_plain_h16,Operand hybrid + plain H16,16990,2.515974760055542,2.9839529991149902,0.20732322335243225,34930.69432984318,89.91075321940137,71261224960.0,0.0003,129.81909656524658,152.66796875,0,0,exported_float_payload,False
operand_hybrid_plain_h16,Operand hybrid + plain H16,17000,2.5089755058288574,3.072331428527832,0.17854216694831848,34980.46804856671,90.03886955452788,71303168000.0,0.0003,129.81909656524658,152.66796875,0,0,exported_float_payload,False
operand_hybrid_plain_h16,Operand hybrid + plain H16,17010,2.519894599914551,3.0206382274627686,0.09149868041276932,27652.461564928675,71.17676002074607,71345111040.0,0.0003,129.81909656524658,152.66796875,0,0,exported_float_payload,False
operand_hybrid_plain_h16,Operand hybrid + plain H16,17020,2.4618711471557617,2.9715118408203125,0.10350152850151062,34906.28305747205,89.84791920112487,71387054080.0,0.0003,129.81909656524658,152.66796875,0,0,exported_float_payload,False
operand_hybrid_plain_h16,Operand hybrid + plain H16,17030,2.5394937992095947,2.94995379447937,0.08076438307762146,34867.34578010091,89.74769560111011,71428997120.0,0.0003,129.81909656524658,152.66796875,0,0,exported_float_payload,False
operand_hybrid_plain_h16,Operand hybrid + plain H16,17040,2.509993314743042,3.340010404586792,0.29563188552856445,34944.16908768006,89.94543691664262,71470940160.0,0.0003,129.81909656524658,152.66796875,0,0,exported_float_payload,False
operand_hybrid_plain_h16,Operand hybrid + plain H16,17050,2.52498197555542,2.9872488975524902,0.1175919696688652,34904.83632134499,89.84419533770362,71512883200.0,0.0003,129.81909656524658,152.66796875,0,0,exported_float_payload,False
operand_hybrid_plain_h16,Operand hybrid + plain H16,17060,2.5131776332855225,2.929816246032715,0.08061244338750839,34980.26867160405,90.03835636310033,71554826240.0,0.0003,129.81909656524658,152.66796875,0,0,exported_float_payload,False
operand_hybrid_plain_h16,Operand hybrid + plain H16,17070,2.525418281555176,2.9804420471191406,0.1332375854253769,34889.390089046625,89.80443711339711,71596769280.0,0.0003,129.81909656524658,152.66796875,0,0,exported_float_payload,False
operand_hybrid_plain_h16,Operand hybrid + plain H16,17080,2.5480780601501465,3.2445952892303467,0.11645998805761337,34987.5591885421,90.05712197546032,71638712320.0,0.0003,129.81909656524658,152.66796875,0,0,exported_float_payload,False
operand_hybrid_plain_h16,Operand hybrid + plain H16,17090,2.5211422443389893,3.011399745941162,0.14917133748531342,34927.27479250186,89.90195141388567,71680655360.0,0.0003,129.81909656524658,152.66796875,0,0,exported_float_payload,False
operand_hybrid_plain_h16,Operand hybrid + plain H16,17100,2.5326366424560547,3.1887478828430176,0.0971180647611618,34977.9576242604,90.03240778373828,71722598400.0,0.0003,129.81909656524658,152.66796875,0,0,exported_float_payload,False
operand_hybrid_plain_h16,Operand hybrid + plain H16,17110,2.5139644145965576,3.1513965129852295,0.1057358980178833,35025.03450086796,90.15358251319064,71764541440.0,0.0003,129.81909656524658,152.66796875,0,0,exported_float_payload,False
operand_hybrid_plain_h16,Operand hybrid + plain H16,17120,2.512787103652954,3.0582456588745117,0.20078213512897491,34970.524756334955,90.01327576341693,71806484480.0,0.0003,129.81909656524658,152.66796875,0,0,exported_float_payload,False
operand_hybrid_plain_h16,Operand hybrid + plain H16,17130,2.4956846237182617,3.1636264324188232,0.10785006731748581,34930.18034663046,89.9094302391777,71848427520.0,0.0003,129.81909656524658,152.66796875,0,0,exported_float_payload,False
operand_hybrid_plain_h16,Operand hybrid + plain H16,17140,2.5455174446105957,2.9237582683563232,0.2033696174621582,34944.01909915443,89.94505084984456,71890370560.0,0.0003,129.81909656524658,152.66796875,0,0,exported_float_payload,False
operand_hybrid_plain_h16,Operand hybrid + plain H16,17150,2.571052312850952,3.6644763946533203,0.09824341535568237,34937.141849153784,89.92734897647792,71932313600.0,0.0003,129.81909656524658,152.66796875,0,0,exported_float_payload,False
operand_hybrid_plain_h16,Operand hybrid + plain H16,17160,2.5289361476898193,3.255599021911621,0.10065845400094986,34967.838944791285,90.00636255016624,71974256640.0,0.0003,129.81909656524658,152.66796875,0,0,exported_float_payload,False
operand_hybrid_plain_h16,Operand hybrid + plain H16,17170,2.5367419719696045,3.0052733421325684,0.13600820302963257,34980.31239156859,90.0384688972202,72016199680.0,0.0003,129.81909656524658,152.66796875,0,0,exported_float_payload,False
operand_hybrid_plain_h16,Operand hybrid + plain H16,17180,2.49780011177063,3.076009750366211,0.13099589943885803,35007.33508715846,90.10802465501767,72058142720.0,0.0003,129.81909656524658,152.66796875,0,0,exported_float_payload,False
operand_hybrid_plain_h16,Operand hybrid + plain H16,17190,2.4908447265625,3.2487783432006836,0.08710049837827682,34958.90795134027,89.98337439136826,72100085760.0,0.0003,129.81909656524658,152.66796875,0,0,exported_float_payload,False
operand_hybrid_plain_h16,Operand hybrid + plain H16,17200,2.5477004051208496,3.246757745742798,0.11611520498991013,34933.93598702718,89.91909716574095,72142028800.0,0.0003,129.81909656524658,152.66796875,0,0,exported_float_payload,False
operand_hybrid_plain_h16,Operand hybrid + plain H16,17210,2.5483672618865967,3.0674936771392822,0.13157622516155243,34964.754814939406,89.99842407532832,72183971840.0,0.0003,129.81909656524658,152.66796875,0,0,exported_float_payload,False
operand_hybrid_plain_h16,Operand hybrid + plain H16,17220,2.5304877758026123,2.941326141357422,0.17672941088676453,34997.07922653882,90.081626320518,72225914880.0,0.0003,129.81909656524658,152.66796875,0,0,exported_float_payload,False
operand_hybrid_plain_h16,Operand hybrid + plain H16,17230,2.555814743041992,3.361173629760742,0.13412369787693024,34948.387625025935,89.9562953286361,72267857920.0,0.0003,129.81909656524658,152.66796875,0,0,exported_float_payload,False
operand_hybrid_plain_h16,Operand hybrid + plain H16,17240,2.5222816467285156,3.1732704639434814,0.08572444319725037,34985.67600689277,90.05227471193497,72309800960.0,0.0003,129.81909656524658,152.66796875,0,0,exported_float_payload,False
operand_hybrid_plain_h16,Operand hybrid + plain H16,17250,2.4952380657196045,2.99141001701355,0.0932496190071106,34963.77885934351,89.99591198948464,72351744000.0,0.0003,129.81909656524658,152.66796875,0,0,exported_float_payload,False
operand_hybrid_plain_h16,Operand hybrid + plain H16,17260,2.5083327293395996,3.1534619331359863,0.11459153890609741,34964.35195184144,89.99738711556336,72393687040.0,0.0003,129.81909656524658,152.66796875,0,0,exported_float_payload,False
operand_hybrid_plain_h16,Operand hybrid + plain H16,17270,2.5297179222106934,2.9890482425689697,0.10583914816379547,34894.06819001422,89.8164784309175,72435630080.0,0.0003,129.81909656524658,152.66796875,0,0,exported_float_payload,False
operand_hybrid_plain_h16,Operand hybrid + plain H16,17280,2.555262565612793,4.216061592102051,0.15171928703784943,34937.575493316544,89.92846516595112,72477573120.0,0.0003,129.81909656524658,152.66796875,0,0,exported_float_payload,False
operand_hybrid_plain_h16,Operand hybrid + plain H16,17290,2.5266172885894775,3.0797038078308105,0.10905449837446213,34967.85027187443,90.00639170580133,72519516160.0,0.0003,129.81909656524658,152.66796875,0,0,exported_float_payload,False
operand_hybrid_plain_h16,Operand hybrid + plain H16,17300,2.523848295211792,3.0158162117004395,0.12682324647903442,34949.705618759,89.9596878122827,72561459200.0,0.0003,129.81909656524658,152.66796875,0,0,exported_float_payload,False
operand_hybrid_plain_h16,Operand hybrid + plain H16,17310,2.507690906524658,2.933584451675415,0.10346441715955734,34978.45579419817,90.03369006097883,72603402240.0,0.0003,129.81909656524658,152.66796875,0,0,exported_float_payload,False
operand_hybrid_plain_h16,Operand hybrid + plain H16,17320,2.504220485687256,2.9388387203216553,0.12141280621290207,35013.30648209245,90.12339487958909,72645345280.0,0.0003,129.81909656524658,152.66796875,0,0,exported_float_payload,False
operand_hybrid_plain_h16,Operand hybrid + plain H16,17330,2.5147323608398438,2.917255401611328,0.1766393482685089,34945.02087695843,89.94762940142058,72687288320.0,0.0003,129.81909656524658,152.66796875,0,0,exported_float_payload,False
operand_hybrid_plain_h16,Operand hybrid + plain H16,17340,2.4881856441497803,3.1477413177490234,0.09746899455785751,34956.77896562631,89.97789443418998,72729231360.0,0.0003,129.81909656524658,152.66796875,0,0,exported_float_payload,False
operand_hybrid_plain_h16,Operand hybrid + plain H16,17350,2.505460023880005,3.220590114593506,0.19155649840831757,34955.6103480068,89.97488644100771,72771174400.0,0.0003,129.89795398712158,152.66796875,0,0,exported_float_payload,False
operand_hybrid_plain_h16,Operand hybrid + plain H16,17360,2.505315065383911,3.1946663856506348,0.1371062695980072,34973.52258372076,90.02099209781711,72813117440.0,0.0003,129.81909656524658,152.66796875,0,0,exported_float_payload,False
operand_hybrid_plain_h16,Operand hybrid + plain H16,17370,2.526110887527466,3.1582629680633545,0.12678928673267365,34926.99274735425,89.90122543657115,72855060480.0,0.0003,129.81909656524658,152.66796875,0,0,exported_float_payload,False
operand_hybrid_plain_h16,Operand hybrid + plain H16,17380,2.5496504306793213,3.098001718521118,0.15290315449237823,35015.45544756737,90.12892626418363,72897003520.0,0.0003,129.81909656524658,152.66796875,0,0,exported_float_payload,False
operand_hybrid_plain_h16,Operand hybrid + plain H16,17390,2.484905481338501,3.036884307861328,0.07587701082229614,34957.798619112,89.98051899733365,72938946560.0,0.0003,129.81909656524658,152.66796875,0,0,exported_float_payload,False
operand_hybrid_plain_h16,Operand hybrid + plain H16,17400,2.5045735836029053,2.96771240234375,0.09541647136211395,34977.63007580778,90.03156468202913,72980889600.0,0.0003,129.81909656524658,152.66796875,0,0,exported_float_payload,False
operand_hybrid_plain_h16,Operand hybrid + plain H16,17410,2.549020290374756,3.0743515491485596,0.08204708248376846,34992.178430169784,90.06901179047877,73022832640.0,0.0003,129.81909656524658,152.66796875,0,0,exported_float_payload,False
operand_hybrid_plain_h16,Operand hybrid + plain H16,17420,2.515800714492798,3.342001438140869,0.14896243810653687,34997.729756224464,90.08330076802469,73064775680.0,0.0003,129.81909656524658,152.66796875,0,0,exported_float_payload,False
operand_hybrid_plain_h16,Operand hybrid + plain H16,17430,2.5469231605529785,3.245133399963379,0.10187462717294693,34933.80594599227,89.91876244329634,73106718720.0,0.0003,129.81909656524658,152.66796875,0,0,exported_float_payload,False
operand_hybrid_plain_h16,Operand hybrid + plain H16,17440,2.5453133583068848,3.493896961212158,0.16993002593517303,34985.863122440416,90.05275634278001,73148661760.0,0.0003,129.81909656524658,152.66796875,0,0,exported_float_payload,False
operand_hybrid_plain_h16,Operand hybrid + plain H16,17450,2.513310194015503,3.065101146697998,0.12745597958564758,34963.86198646457,89.99612595666197,73190604800.0,0.0003,129.81909656524658,152.66796875,0,0,exported_float_payload,False
operand_hybrid_plain_h16,Operand hybrid + plain H16,17460,2.5217881202697754,2.950782299041748,0.1291113644838333,34982.34749327234,90.04370719925149,73232547840.0,0.0003,129.81909656524658,152.66796875,0,0,exported_float_payload,False
operand_hybrid_plain_h16,Operand hybrid + plain H16,17470,2.52899432182312,3.216186046600342,0.11409060657024384,35014.9826744028,90.1277093576164,73274490880.0,0.0003,129.81909656524658,152.66796875,0,0,exported_float_payload,False
operand_hybrid_plain_h16,Operand hybrid + plain H16,17480,2.546630382537842,3.122204303741455,0.24026602506637573,35004.74907548996,90.10136832420577,73316433920.0,0.0003,129.81909656524658,152.66796875,0,0,exported_float_payload,False
operand_hybrid_plain_h16,Operand hybrid + plain H16,17490,2.5403501987457275,3.060056447982788,0.11161103844642639,34904.03601262096,89.84213536261392,73358376960.0,0.0003,129.81909656524658,152.66796875,0,0,exported_float_payload,False
operand_hybrid_plain_h16,Operand hybrid + plain H16,17500,2.5100765228271484,3.285027503967285,0.13583770394325256,34918.39490366414,89.8790947971129,73400320000.0,0.0003,129.81909656524658,152.66796875,0,0,exported_float_payload,False
operand_hybrid_plain_h16,Operand hybrid + plain H16,17510,2.5277907848358154,3.1850128173828125,0.07562275230884552,34957.79691666786,89.98051461528405,73442263040.0,0.0003,129.81909656524658,152.66796875,0,0,exported_float_payload,False
operand_hybrid_plain_h16,Operand hybrid + plain H16,17520,2.513892412185669,2.973661184310913,0.12024044245481491,34941.69621192199,89.93907179489823,73484206080.0,0.0003,129.81909656524658,152.66796875,0,0,exported_float_payload,False
operand_hybrid_plain_h16,Operand hybrid + plain H16,17530,2.5246312618255615,3.015150785446167,0.0838308036327362,34941.29558279614,89.93804058532287,73526149120.0,0.0003,129.81909656524658,152.66796875,0,0,exported_float_payload,False
operand_hybrid_plain_h16,Operand hybrid + plain H16,17540,2.5562314987182617,2.9497528076171875,0.2233879417181015,35012.69300890233,90.1218158145959,73568092160.0,0.0003,129.81909656524658,152.66796875,0,0,exported_float_payload,False
operand_hybrid_plain_h16,Operand hybrid + plain H16,17550,2.5554122924804688,3.0634419918060303,0.09949273616075516,34945.71455403798,89.94941490926435,73610035200.0,0.0003,129.81909656524658,152.66796875,0,0,exported_float_payload,False
operand_hybrid_plain_h16,Operand hybrid + plain H16,17560,2.533052444458008,3.238415241241455,0.10351604223251343,35012.760294853324,90.12198900698877,73651978240.0,0.0003,129.81909656524658,152.66796875,0,0,exported_float_payload,False
operand_hybrid_plain_h16,Operand hybrid + plain H16,17570,2.520590305328369,3.0898633003234863,0.13550318777561188,34937.88654576988,89.92926580736139,73693921280.0,0.0003,129.81909656524658,152.66796875,0,0,exported_float_payload,False
operand_hybrid_plain_h16,Operand hybrid + plain H16,17580,2.5250601768493652,2.901090145111084,0.09464403986930847,35007.05334440186,90.10729945605021,73735864320.0,0.0003,129.81909656524658,152.66796875,0,0,exported_float_payload,False
operand_hybrid_plain_h16,Operand hybrid + plain H16,17590,2.517180919647217,3.0157229900360107,0.10278015583753586,34908.49040804427,89.85360086753246,73777807360.0,0.0003,129.81909656524658,152.66796875,0,0,exported_float_payload,False
operand_hybrid_plain_h16,Operand hybrid + plain H16,17600,2.5171735286712646,3.6308345794677734,0.10691449791193008,34973.33835494721,90.02051789745802,73819750400.0,0.0003,129.81909656524658,152.66796875,0,0,exported_float_payload,False
operand_hybrid_plain_h16,Operand hybrid + plain H16,17610,2.4739952087402344,2.9494190216064453,0.12439737468957901,34995.550803249804,90.07769219633896,73861693440.0,0.0003,129.81909656524658,152.66796875,0,0,exported_float_payload,False
operand_hybrid_plain_h16,Operand hybrid + plain H16,17620,2.4928531646728516,3.0103907585144043,0.13022185862064362,34969.398356202015,90.01037643701298,73903636480.0,0.0003,129.81909656524658,152.66796875,0,0,exported_float_payload,False
operand_hybrid_plain_h16,Operand hybrid + plain H16,17630,2.5175833702087402,3.146970748901367,0.10867464542388916,34980.85253109593,90.03985920315824,73945579520.0,0.0003,129.81909656524658,152.66796875,0,0,exported_float_payload,False
operand_hybrid_plain_h16,Operand hybrid + plain H16,17640,2.537553548812866,3.130220413208008,0.08224903047084808,34990.66413999236,90.06511404458344,73987522560.0,0.0003,129.81909656524658,152.66796875,0,0,exported_float_payload,False
operand_hybrid_plain_h16,Operand hybrid + plain H16,17650,2.483508348464966,3.0018038749694824,0.1641724705696106,35024.93657771581,90.15333046139105,74029465600.0,0.0003,129.81909656524658,152.66796875,0,0,exported_float_payload,False
operand_hybrid_plain_h16,Operand hybrid + plain H16,17660,2.46824049949646,2.8727545738220215,0.16365337371826172,35014.221498918945,90.12575011053016,74071408640.0,0.0003,129.81909656524658,152.66796875,0,0,exported_float_payload,False
operand_hybrid_plain_h16,Operand hybrid + plain H16,17670,2.491590976715088,3.166807174682617,0.14347918331623077,34956.33527755039,89.97675239192982,74113351680.0,0.0003,129.81909656524658,152.66796875,0,0,exported_float_payload,False
operand_hybrid_plain_h16,Operand hybrid + plain H16,17680,2.5240347385406494,2.9896240234375,0.08591656386852264,34960.871872293574,89.98842947588813,74155294720.0,0.0003,129.81909656524658,152.66796875,0,0,exported_float_payload,False
operand_hybrid_plain_h16,Operand hybrid + plain H16,17690,2.498939037322998,3.1365811824798584,0.17111343145370483,35046.13082191489,90.2078839278026,74197237760.0,0.0003,129.81909656524658,152.66796875,0,0,exported_float_payload,False
operand_hybrid_plain_h16,Operand hybrid + plain H16,17700,2.5214009284973145,2.929335832595825,1.2777451276779175,34971.04564898599,90.01461652836592,74239180800.0,0.0003,129.81909656524658,152.66796875,0,0,exported_float_payload,False
operand_hybrid_plain_h16,Operand hybrid + plain H16,17710,2.5329854488372803,2.9327354431152344,0.104411780834198,34984.20859932644,90.04849764073442,74281123840.0,0.0003,129.81909656524658,152.66796875,0,0,exported_float_payload,False
operand_hybrid_plain_h16,Operand hybrid + plain H16,17720,2.4955153465270996,3.063650131225586,0.09210757911205292,34987.016538732445,90.05572520811698,74323066880.0,0.0003,129.81909656524658,152.66796875,0,0,exported_float_payload,False
operand_hybrid_plain_h16,Operand hybrid + plain H16,17730,2.5016188621520996,2.9717514514923096,0.12911877036094666,34945.372079839544,89.94853338905038,74365009920.0,0.0003,129.81909656524658,152.66796875,0,0,exported_float_payload,False
operand_hybrid_plain_h16,Operand hybrid + plain H16,17740,2.521742582321167,3.037205696105957,0.09294918179512024,34926.63631663438,89.90030799261223,74406952960.0,0.0003,129.81909656524658,152.66796875,0,0,exported_float_payload,False
operand_hybrid_plain_h16,Operand hybrid + plain H16,17750,2.5206844806671143,3.0577778816223145,0.0798775926232338,34913.85855761536,89.8674183532879,74448896000.0,0.0003,129.81909656524658,152.66796875,0,0,exported_float_payload,False
operand_hybrid_plain_h16,Operand hybrid + plain H16,17760,2.5009210109710693,3.029285192489624,0.12842117249965668,34966.88137867922,90.00389779840438,74490839040.0,0.0003,129.81909656524658,152.66796875,0,0,exported_float_payload,False
operand_hybrid_plain_h16,Operand hybrid + plain H16,17770,2.5084574222564697,2.941610336303711,0.10427156090736389,34977.97123725561,90.03244282325512,74532782080.0,0.0003,129.81909656524658,152.66796875,0,0,exported_float_payload,False
operand_hybrid_plain_h16,Operand hybrid + plain H16,17780,2.492016077041626,3.092242956161499,0.23374126851558685,34994.357766767615,90.07462134960114,74574725120.0,0.0003,129.81909656524658,152.66796875,0,0,exported_float_payload,False
operand_hybrid_plain_h16,Operand hybrid + plain H16,17790,2.5531680583953857,3.3470401763916016,0.08303176611661911,34853.70711342139,89.71259000651516,74616668160.0,0.0003,129.89795398712158,152.66796875,0,0,exported_float_payload,False
operand_hybrid_plain_h16,Operand hybrid + plain H16,17800,2.542344570159912,3.459188461303711,0.09001138061285019,34959.73049209554,89.98549159116286,74658611200.0,0.0003,129.81909656524658,152.66796875,0,0,exported_float_payload,False
operand_hybrid_plain_h16,Operand hybrid + plain H16,17810,2.5164194107055664,3.079179286956787,0.21918047964572906,34880.285366640404,89.78100178051575,74700554240.0,0.0003,129.81909656524658,152.66796875,0,0,exported_float_payload,False
operand_hybrid_plain_h16,Operand hybrid + plain H16,17820,2.4725844860076904,2.9435434341430664,0.08056005090475082,34967.04126689084,90.00430934675212,74742497280.0,0.0003,129.81909656524658,152.66796875,0,0,exported_float_payload,False
operand_hybrid_plain_h16,Operand hybrid + plain H16,17830,2.4989330768585205,2.8887789249420166,0.11710948497056961,34952.555249905236,89.96702269318533,74784440320.0,0.0003,129.81909656524658,152.66796875,0,0,exported_float_payload,False
operand_hybrid_plain_h16,Operand hybrid + plain H16,17840,2.521799325942993,3.2841012477874756,0.11310610175132751,34822.861902843906,89.63319518859241,74826383360.0,0.0003,129.81909656524658,152.66796875,0,0,exported_float_payload,False
operand_hybrid_plain_h16,Operand hybrid + plain H16,17850,2.521627902984619,3.624488353729248,0.1722789704799652,34972.6459098397,90.0187355606802,74868326400.0,0.0003,129.81909656524658,152.66796875,0,0,exported_float_payload,False
operand_hybrid_plain_h16,Operand hybrid + plain H16,17860,2.5079281330108643,2.9011590480804443,0.07171594351530075,8896.568064640538,22.8995486950887,74910269440.0,0.0003,129.81909656524658,152.66796875,0,0,exported_float_payload,False
operand_hybrid_plain_h16,Operand hybrid + plain H16,17870,2.4926156997680664,2.9312877655029297,0.08819981664419174,35182.68383378511,90.5593680419085,74952212480.0,0.0003,129.81909656524658,152.66796875,0,0,exported_float_payload,False
operand_hybrid_plain_h16,Operand hybrid + plain H16,17880,2.5042500495910645,2.9409682750701904,0.09460511058568954,35149.18025504671,90.47313064933135,74994155520.0,0.0003,129.81909656524658,152.66796875,0,0,exported_float_payload,False
operand_hybrid_plain_h16,Operand hybrid + plain H16,17890,2.5232322216033936,2.962299346923828,0.09097830206155777,35012.46015778353,90.12121646150887,75036098560.0,0.0003,129.81909656524658,152.66796875,0,0,exported_float_payload,False
operand_hybrid_plain_h16,Operand hybrid + plain H16,17900,2.5240933895111084,2.8800206184387207,0.10364599525928497,35000.55147474137,90.09056380250183,75078041600.0,0.0003,129.81909656524658,152.66796875,0,0,exported_float_payload,False
operand_hybrid_plain_h16,Operand hybrid + plain H16,17910,2.500751256942749,2.9536361694335938,0.12470408529043198,35014.779951802164,90.1271875545985,75119984640.0,0.0003,129.81909656524658,152.66796875,0,0,exported_float_payload,False
operand_hybrid_plain_h16,Operand hybrid + plain H16,17920,2.485565185546875,3.166457414627075,0.23281154036521912,35022.66355347902,90.14747975257644,75161927680.0,0.0003,129.81909656524658,152.66796875,0,0,exported_float_payload,False
operand_hybrid_plain_h16,Operand hybrid + plain H16,17930,2.483757257461548,3.0042154788970947,0.11397958546876907,34996.81979478956,90.080958549538,75203870720.0,0.0003,129.81909656524658,152.66796875,0,0,exported_float_payload,False
operand_hybrid_plain_h16,Operand hybrid + plain H16,17940,2.476445436477661,3.064857244491577,0.16502745449543,34994.87186126733,90.07594461627484,75245813760.0,0.0003,129.81909656524658,152.66796875,0,0,exported_float_payload,False
operand_hybrid_plain_h16,Operand hybrid + plain H16,17950,2.5147511959075928,3.2174181938171387,0.1026817113161087,34965.97337326127,90.00156061465749,75287756800.0,0.0003,129.81909656524658,152.66796875,0,0,exported_float_payload,False
operand_hybrid_plain_h16,Operand hybrid + plain H16,17960,2.5281834602355957,3.3256819248199463,0.11950010061264038,35008.45797817025,90.11091494902958,75329699840.0,0.0003,129.81909656524658,152.66796875,0,0,exported_float_payload,False
operand_hybrid_plain_h16,Operand hybrid + plain H16,17970,2.5052287578582764,3.141256809234619,0.11971303820610046,35043.57728159011,90.20131117743556,75371642880.0,0.0003,129.81909656524658,152.66796875,0,0,exported_float_payload,False
operand_hybrid_plain_h16,Operand hybrid + plain H16,17980,2.495030641555786,3.0941944122314453,0.0916929766535759,35020.61649170043,90.1422106656049,75413585920.0,0.0003,129.81909656524658,152.66796875,0,0,exported_float_payload,False
operand_hybrid_plain_h16,Operand hybrid + plain H16,17990,2.4917263984680176,2.9303526878356934,0.072320856153965,34972.85841535483,90.01928254468079,75455528960.0,0.0003,129.81909656524658,152.66796875,0,0,exported_float_payload,False
operand_hybrid_plain_h16,Operand hybrid + plain H16,18000,2.514141321182251,2.9630558490753174,0.1481296718120575,35014.225818488514,90.12576122899662,75497472000.0,0.0003,129.81909656524658,152.66796875,0,0,exported_float_payload,False
operand_hybrid_plain_h16,Operand hybrid + plain H16,18010,2.501767158508301,3.020813226699829,0.2159227728843689,27655.842854438288,71.18546337727805,75539415040.0,0.0003,129.81909656524658,152.66796875,0,0,exported_float_payload,False
operand_hybrid_plain_h16,Operand hybrid + plain H16,18020,2.4948742389678955,3.228858232498169,0.14416994154453278,34945.063784016624,89.9477398431394,75581358080.0,0.0003,129.81909656524658,152.66796875,0,0,exported_float_payload,False
operand_hybrid_plain_h16,Operand hybrid + plain H16,18030,2.498295545578003,3.029268741607666,0.16826190054416656,35012.69592701653,90.12182332575053,75623301120.0,0.0003,129.81909656524658,152.66796875,0,0,exported_float_payload,False
operand_hybrid_plain_h16,Operand hybrid + plain H16,18040,2.5345401763916016,3.0042970180511475,0.10529296100139618,35007.25258924662,90.1078123074095,75665244160.0,0.0003,129.81909656524658,152.66796875,0,0,exported_float_payload,False
operand_hybrid_plain_h16,Operand hybrid + plain H16,18050,2.5107100009918213,3.0236949920654297,0.1418377310037613,34974.23953464854,90.0228375119772,75707187200.0,0.0003,129.81909656524658,152.66796875,0,0,exported_float_payload,False
operand_hybrid_plain_h16,Operand hybrid + plain H16,18060,2.4866678714752197,2.919243335723877,0.11396181583404541,34951.54110661849,89.96441231315902,75749130240.0,0.0003,129.81909656524658,152.66796875,0,0,exported_float_payload,False
operand_hybrid_plain_h16,Operand hybrid + plain H16,18070,2.4980411529541016,2.9606375694274902,0.11816857755184174,34981.43339479012,90.04135433210612,75791073280.0,0.0003,129.81909656524658,152.66796875,0,0,exported_float_payload,False
operand_hybrid_plain_h16,Operand hybrid + plain H16,18080,2.50358510017395,2.915355920791626,0.15286259353160858,34962.16498652017,89.99175792029332,75833016320.0,0.0003,129.81909656524658,152.66796875,0,0,exported_float_payload,False
operand_hybrid_plain_h16,Operand hybrid + plain H16,18090,2.5320887565612793,2.978515148162842,0.11826962977647781,34988.70853419797,90.06008036307932,75874959360.0,0.0003,129.81909656524658,152.66796875,0,0,exported_float_payload,False
operand_hybrid_plain_h16,Operand hybrid + plain H16,18100,2.5209765434265137,3.0190589427948,0.14380116760730743,34915.52419974295,89.87170567540271,75916902400.0,0.0003,129.81909656524658,152.66796875,0,0,exported_float_payload,False
operand_hybrid_plain_h16,Operand hybrid + plain H16,18110,2.5130984783172607,2.922173500061035,0.08217054605484009,34914.2239905549,89.8683589687402,75958845440.0,0.0003,129.81909656524658,152.66796875,0,0,exported_float_payload,False
operand_hybrid_plain_h16,Operand hybrid + plain H16,18120,2.4650111198425293,3.0393054485321045,0.10647983849048615,31740.321681876798,81.6988120217664,76000788480.0,0.0003,129.81909656524658,152.66796875,0,0,exported_float_payload,False
operand_hybrid_plain_h16,Operand hybrid + plain H16,18130,2.4665133953094482,3.2477564811706543,0.08335702121257782,34904.97604254652,89.84455497666045,76042731520.0,0.0003,129.81909656524658,152.66796875,0,0,exported_float_payload,False
operand_hybrid_plain_h16,Operand hybrid + plain H16,18140,2.5005574226379395,3.0204882621765137,0.2860751450061798,34929.59913232988,89.90793420777752,76084674560.0,0.0003,129.81909656524658,152.66796875,0,0,exported_float_payload,False
operand_hybrid_plain_h16,Operand hybrid + plain H16,18150,2.510256767272949,3.0499229431152344,0.12832586467266083,34978.0514223862,90.0326492178209,76126617600.0,0.0003,129.81909656524658,152.66796875,0,0,exported_float_payload,False
operand_hybrid_plain_h16,Operand hybrid + plain H16,18160,2.5212438106536865,3.1717960834503174,0.1273634284734726,34976.91596343202,90.02972657423253,76168560640.0,0.0003,129.81909656524658,152.66796875,0,0,exported_float_payload,False
operand_hybrid_plain_h16,Operand hybrid + plain H16,18170,2.5188004970550537,2.859046459197998,0.14291657507419586,34949.632845530665,89.95950049577212,76210503680.0,0.0003,129.81909656524658,152.66796875,0,0,exported_float_payload,False
operand_hybrid_plain_h16,Operand hybrid + plain H16,18180,2.5113863945007324,3.1370978355407715,0.09980560839176178,34939.79063147978,89.9341668774276,76252446720.0,0.0003,129.81909656524658,152.66796875,0,0,exported_float_payload,False
operand_hybrid_plain_h16,Operand hybrid + plain H16,18190,2.4891040325164795,3.079867362976074,0.23281151056289673,35011.60118163471,90.11900547790205,76294389760.0,0.0003,129.81909656524658,152.66796875,0,0,exported_float_payload,False
operand_hybrid_plain_h16,Operand hybrid + plain H16,18200,2.502126932144165,2.9755845069885254,0.09624672681093216,34985.142195091146,90.05090069340822,76336332800.0,0.0003,129.81909656524658,152.66796875,0,0,exported_float_payload,False
operand_hybrid_plain_h16,Operand hybrid + plain H16,18210,2.5290944576263428,2.8970906734466553,0.11214092373847961,35007.245836709546,90.10779492654416,76378275840.0,0.0003,129.81909656524658,152.66796875,0,0,exported_float_payload,False
operand_hybrid_plain_h16,Operand hybrid + plain H16,18220,2.5129451751708984,2.9031295776367188,0.13078533113002777,34981.32003246898,90.04106254026301,76420218880.0,0.0003,129.81909656524658,152.66796875,0,0,exported_float_payload,False
operand_hybrid_plain_h16,Operand hybrid + plain H16,18230,2.525705337524414,2.9584860801696777,0.08856280893087387,34855.444086820266,89.71706093357832,76462161920.0,0.0003,129.81909656524658,152.66796875,0,0,exported_float_payload,False
operand_hybrid_plain_h16,Operand hybrid + plain H16,18240,2.526684045791626,3.1104013919830322,0.1740288883447647,34962.54051307565,89.99272451646627,76504104960.0,0.0003,129.81909656524658,152.66796875,0,0,exported_float_payload,False
operand_hybrid_plain_h16,Operand hybrid + plain H16,18250,2.498795747756958,3.283557415008545,0.11455876380205154,34962.56839038211,89.99279627197154,76546048000.0,0.0003,129.81909656524658,152.66796875,0,0,exported_float_payload,False
operand_hybrid_plain_h16,Operand hybrid + plain H16,18260,2.5315732955932617,3.617732048034668,0.09277360141277313,34975.49834060494,90.02607764773369,76587991040.0,0.0003,129.81909656524658,152.66796875,0,0,exported_float_payload,False
operand_hybrid_plain_h16,Operand hybrid + plain H16,18270,2.4825599193573,3.006484031677246,0.17832763493061066,34986.37989241849,90.05408649606957,76629934080.0,0.0003,129.81909656524658,152.66796875,0,0,exported_float_payload,False
operand_hybrid_plain_h16,Operand hybrid + plain H16,18280,2.518451452255249,3.234320640563965,0.10341928899288177,34957.49760004255,89.97974418160821,76671877120.0,0.0003,129.81909656524658,152.66796875,0,0,exported_float_payload,False
operand_hybrid_plain_h16,Operand hybrid + plain H16,18290,2.510279893875122,3.1257567405700684,0.14344054460525513,34944.29812327408,89.94576905110696,76713820160.0,0.0003,129.81909656524658,152.66796875,0,0,exported_float_payload,False
operand_hybrid_plain_h16,Operand hybrid + plain H16,18300,2.498058795928955,2.905083417892456,0.150360107421875,33793.573395894186,86.98383173574925,76755763200.0,0.0003,129.81909656524658,152.66796875,0,0,exported_float_payload,False
operand_hybrid_plain_h16,Operand hybrid + plain H16,18310,2.486845016479492,4.668566703796387,0.07743121683597565,34897.72463655769,89.82589003492757,76797706240.0,0.0003,129.81909656524658,152.66796875,0,0,exported_float_payload,False
operand_hybrid_plain_h16,Operand hybrid + plain H16,18320,2.505202293395996,3.270787477493286,0.1670212298631668,35014.03827954626,90.12527850834421,76839649280.0,0.0003,129.81909656524658,152.66796875,0,0,exported_float_payload,False
operand_hybrid_plain_h16,Operand hybrid + plain H16,18330,2.4981541633605957,3.115445137023926,0.16803324222564697,34899.0661026916,89.8293429359601,76881592320.0,0.0003,129.81909656524658,152.66796875,0,0,exported_float_payload,False
operand_hybrid_plain_h16,Operand hybrid + plain H16,18340,2.533219814300537,3.018342971801758,0.10051511973142624,34973.33281928405,90.02050364879638,76923535360.0,0.0003,129.81909656524658,152.66796875,0,0,exported_float_payload,False
operand_hybrid_plain_h16,Operand hybrid + plain H16,18350,2.518690824508667,2.9689011573791504,0.3275497555732727,34917.59377587956,89.87703271378136,76965478400.0,0.0003,129.81909656524658,152.66796875,0,0,exported_float_payload,False
operand_hybrid_plain_h16,Operand hybrid + plain H16,18360,2.4895737171173096,2.977480411529541,0.09422598779201508,35004.06640944418,90.09961115849376,77007421440.0,0.0003,129.81909656524658,152.66796875,0,0,exported_float_payload,False
operand_hybrid_plain_h16,Operand hybrid + plain H16,18370,2.526024580001831,2.9984326362609863,0.09119106084108353,34938.21850426249,89.93012026040566,77049364480.0,0.0003,129.81909656524658,152.66796875,0,0,exported_float_payload,False
operand_hybrid_plain_h16,Operand hybrid + plain H16,18380,2.5408143997192383,3.1121082305908203,0.12901818752288818,34933.45947064146,89.91787062421398,77091307520.0,0.0003,129.81909656524658,152.66796875,0,0,exported_float_payload,False
operand_hybrid_plain_h16,Operand hybrid + plain H16,18390,2.508772850036621,3.064279794692993,0.14487077295780182,35026.14846399731,90.15644982705143,77133250560.0,0.0003,129.81909656524658,152.66796875,0,0,exported_float_payload,False
operand_hybrid_plain_h16,Operand hybrid + plain H16,18400,2.523604393005371,3.042731523513794,0.11201584339141846,34924.79995385379,89.8955812397104,77175193600.0,0.0003,129.81909656524658,152.66796875,0,0,exported_float_payload,False
operand_hybrid_plain_h16,Operand hybrid + plain H16,18410,2.480844497680664,3.014857292175293,0.1320631504058838,34951.70885148009,89.96484408433176,77217136640.0,0.0003,129.81909656524658,152.66796875,0,0,exported_float_payload,False
operand_hybrid_plain_h16,Operand hybrid + plain H16,18420,2.500613212585449,3.0396199226379395,0.12791988253593445,34912.39080764922,89.86364040075863,77259079680.0,0.0003,129.81909656524658,152.66796875,0,0,exported_float_payload,False
operand_hybrid_plain_h16,Operand hybrid + plain H16,18430,2.4924476146698,2.932042360305786,0.12499012798070908,34958.35915045251,89.98196179130025,77301022720.0,0.0003,129.81909656524658,152.66796875,0,0,exported_float_payload,False
operand_hybrid_plain_h16,Operand hybrid + plain H16,18440,2.508732795715332,3.4922266006469727,0.15419721603393555,34938.79674943495,89.93160864934264,77342965760.0,0.0003,129.81909656524658,152.66796875,0,0,exported_float_payload,False
operand_hybrid_plain_h16,Operand hybrid + plain H16,18450,2.5214316844940186,3.7653591632843018,0.08210670948028564,34962.13813385703,89.99168880219489,77384908800.0,0.0003,129.81909656524658,152.66796875,0,0,exported_float_payload,False
operand_hybrid_plain_h16,Operand hybrid + plain H16,18460,2.5304293632507324,3.1172831058502197,0.06613824516534805,34923.65616713731,89.89263716066547,77426851840.0,0.0003,129.81909656524658,152.66796875,0,0,exported_float_payload,False
operand_hybrid_plain_h16,Operand hybrid + plain H16,18470,2.510855197906494,2.983112096786499,0.11937838047742844,34943.529623214155,89.943790950741,77468794880.0,0.0003,129.81909656524658,152.66796875,0,0,exported_float_payload,False
operand_hybrid_plain_h16,Operand hybrid + plain H16,18480,2.5085182189941406,2.8816051483154297,0.17949508130550385,34925.02956895873,89.89617226337687,77510737920.0,0.0003,129.81909656524658,152.66796875,0,0,exported_float_payload,False
operand_hybrid_plain_h16,Operand hybrid + plain H16,18490,2.5204460620880127,2.9090912342071533,0.09141594916582108,34959.09771026074,89.98386282619033,77552680960.0,0.0003,129.81909656524658,152.66796875,0,0,exported_float_payload,False
operand_hybrid_plain_h16,Operand hybrid + plain H16,18500,2.5271239280700684,3.3635215759277344,0.09917020052671432,34893.892782330535,89.81602693582805,77594624000.0,0.0003,129.81909656524658,152.66796875,0,0,exported_float_payload,False
operand_hybrid_plain_h16,Operand hybrid + plain H16,18510,2.49621319770813,3.0172996520996094,0.12705835700035095,34968.562245237845,90.00822430783244,77636567040.0,0.0003,129.81909656524658,152.66796875,0,0,exported_float_payload,False
operand_hybrid_plain_h16,Operand hybrid + plain H16,18520,2.4891750812530518,2.9683620929718018,0.117796890437603,34994.47201500503,90.07491542177112,77678510080.0,0.0003,129.81909656524658,152.66796875,0,0,exported_float_payload,False
operand_hybrid_plain_h16,Operand hybrid + plain H16,18530,2.519702196121216,3.069693088531494,0.11763264238834381,34956.78951170234,89.97792157953185,77720453120.0,0.0003,129.81909656524658,152.66796875,0,0,exported_float_payload,False
operand_hybrid_plain_h16,Operand hybrid + plain H16,18540,2.522874116897583,2.9667110443115234,0.31404149532318115,34984.62240822451,90.04956277472125,77762396160.0,0.0003,129.81909656524658,152.66796875,0,0,exported_float_payload,False
operand_hybrid_plain_h16,Operand hybrid + plain H16,18550,2.520500898361206,2.9006829261779785,0.1015784740447998,34950.18087850151,89.96091111924076,77804339200.0,0.0003,129.81909656524658,152.66796875,0,0,exported_float_payload,False
operand_hybrid_plain_h16,Operand hybrid + plain H16,18560,2.5244054794311523,3.904834270477295,0.11344114691019058,34927.30703277643,89.90203439956419,77846282240.0,0.0003,129.81909656524658,152.66796875,0,0,exported_float_payload,False
operand_hybrid_plain_h16,Operand hybrid + plain H16,18570,2.5171167850494385,5.0754241943359375,0.11787167191505432,34970.16092230483,90.01233926351841,77888225280.0,0.0003,129.81909656524658,152.66796875,0,0,exported_float_payload,False
operand_hybrid_plain_h16,Operand hybrid + plain H16,18580,2.497314691543579,2.953165054321289,0.10473613440990448,34961.132422009934,89.98910012448812,77930168320.0,0.0003,129.81909656524658,152.66796875,0,0,exported_float_payload,False
operand_hybrid_plain_h16,Operand hybrid + plain H16,18590,2.5069713592529297,3.0741751194000244,0.09288814663887024,34997.17541291381,90.08187390189566,77972111360.0,0.0003,129.81909656524658,152.66796875,0,0,exported_float_payload,False
operand_hybrid_plain_h16,Operand hybrid + plain H16,18600,2.4945077896118164,3.146207571029663,0.14126034080982208,35000.6414424723,90.09079537724172,78014054400.0,0.0003,129.81909656524658,152.66796875,0,0,exported_float_payload,False
operand_hybrid_plain_h16,Operand hybrid + plain H16,18610,2.514770746231079,3.0717687606811523,0.11417198181152344,34992.68613242955,90.0703186036831,78055997440.0,0.0003,129.81909656524658,152.66796875,0,0,exported_float_payload,False
operand_hybrid_plain_h16,Operand hybrid + plain H16,18620,2.5097432136535645,2.9812707901000977,0.14199228584766388,34890.60749771306,89.80757069354132,78097940480.0,0.0003,129.81909656524658,152.66796875,0,0,exported_float_payload,False
operand_hybrid_plain_h16,Operand hybrid + plain H16,18630,2.501851797103882,2.927751064300537,0.14903995394706726,34980.78814988842,90.03969348750411,78139883520.0,0.0003,129.81909656524658,152.66796875,0,0,exported_float_payload,False
operand_hybrid_plain_h16,Operand hybrid + plain H16,18640,2.558115243911743,6.1383771896362305,0.13037680089473724,34941.63645135628,89.93891797266309,78181826560.0,0.0003,129.81909656524658,152.66796875,0,0,exported_float_payload,False
operand_hybrid_plain_h16,Operand hybrid + plain H16,18650,2.521425724029541,2.9927711486816406,0.10728880017995834,34981.691866346846,90.04201963157404,78223769600.0,0.0003,129.81909656524658,152.66796875,0,0,exported_float_payload,False
operand_hybrid_plain_h16,Operand hybrid + plain H16,18660,2.5130040645599365,2.947011947631836,0.11501166969537735,35016.067747226756,90.13050230853739,78265712640.0,0.0003,129.81909656524658,152.66796875,0,0,exported_float_payload,False
operand_hybrid_plain_h16,Operand hybrid + plain H16,18670,2.4917702674865723,2.9118428230285645,0.14555025100708008,35027.19830870813,90.15915210167049,78307655680.0,0.0003,129.81909656524658,152.66796875,0,0,exported_float_payload,False
operand_hybrid_plain_h16,Operand hybrid + plain H16,18680,2.5013880729675293,3.1378374099731445,0.09741313010454178,34986.65016871045,90.05478218063737,78349598720.0,0.0003,129.81909656524658,152.66796875,0,0,exported_float_payload,False
operand_hybrid_plain_h16,Operand hybrid + plain H16,18690,2.5293233394622803,2.98541522026062,0.32164886593818665,35011.602664825215,90.11900929559815,78391541760.0,0.0003,129.81909656524658,152.66796875,0,0,exported_float_payload,False
operand_hybrid_plain_h16,Operand hybrid + plain H16,18700,2.5193307399749756,3.099688768386841,0.10964203625917435,35011.695998185816,90.11924953338652,78433484800.0,0.0003,129.81909656524658,152.66796875,0,0,exported_float_payload,False
operand_hybrid_plain_h16,Operand hybrid + plain H16,18710,2.5048346519470215,2.9058303833007812,0.14697767794132233,34997.02844703498,90.08149561531657,78475427840.0,0.0003,129.81909656524658,152.66796875,0,0,exported_float_payload,False
operand_hybrid_plain_h16,Operand hybrid + plain H16,18720,2.483384370803833,3.100003242492676,0.09714359045028687,34938.57439274356,89.93103630865518,78517370880.0,0.0003,129.81909656524658,152.66796875,0,0,exported_float_payload,False
operand_hybrid_plain_h16,Operand hybrid + plain H16,18730,2.547880172729492,6.256198883056641,0.17138774693012238,35013.286866869064,90.12334439048365,78559313920.0,0.0003,129.81909656524658,152.66796875,0,0,exported_float_payload,False
operand_hybrid_plain_h16,Operand hybrid + plain H16,18740,2.4891014099121094,2.930899143218994,0.06911145895719528,35017.24966107316,90.13354452588261,78601256960.0,0.0003,129.81909656524658,152.66796875,0,0,exported_float_payload,False
operand_hybrid_plain_h16,Operand hybrid + plain H16,18750,2.465644598007202,2.975919723510742,0.11785819381475449,34936.64764899766,89.92607691735826,78643200000.0,0.0003,129.81909656524658,152.66796875,0,0,exported_float_payload,False
operand_hybrid_plain_h16,Operand hybrid + plain H16,18760,2.5157971382141113,2.855954170227051,0.12559252977371216,35016.23851802438,90.13094186839547,78685143040.0,0.0003,129.81909656524658,152.66796875,0,0,exported_float_payload,False
operand_hybrid_plain_h16,Operand hybrid + plain H16,18770,2.4989166259765625,2.98260760307312,0.1389460265636444,35007.16495493436,90.10758673883221,78727086080.0,0.0003,129.81909656524658,152.66796875,0,0,exported_float_payload,False
operand_hybrid_plain_h16,Operand hybrid + plain H16,18780,2.483212947845459,3.19490909576416,0.1672574281692505,34987.10665172865,90.05595715676614,78769029120.0,0.0003,129.81909656524658,152.66796875,0,0,exported_float_payload,False
operand_hybrid_plain_h16,Operand hybrid + plain H16,18790,2.4799516201019287,3.177513599395752,0.08244482427835464,34977.91981881965,90.03231047345807,78810972160.0,0.0003,129.81909656524658,152.66796875,0,0,exported_float_payload,False
operand_hybrid_plain_h16,Operand hybrid + plain H16,18800,2.5017049312591553,3.0514533519744873,0.16556937992572784,35045.6998479227,90.20677461128314,78852915200.0,0.0003,129.81909656524658,152.66796875,0,0,exported_float_payload,False
operand_hybrid_plain_h16,Operand hybrid + plain H16,18810,2.5473361015319824,3.334182024002075,0.15369974076747894,34990.748327051115,90.06533074001446,78894858240.0,0.0003,129.81909656524658,152.66796875,0,0,exported_float_payload,False
operand_hybrid_plain_h16,Operand hybrid + plain H16,18820,2.527679443359375,3.1167221069335938,0.14107325673103333,35005.395466512324,90.10303211889435,78936801280.0,0.0003,129.81909656524658,152.66796875,0,0,exported_float_payload,False
operand_hybrid_plain_h16,Operand hybrid + plain H16,18830,2.4970290660858154,3.1021859645843506,0.10704093426465988,35026.32732281814,90.15691020528351,78978744320.0,0.0003,129.81909656524658,152.66796875,0,0,exported_float_payload,False
operand_hybrid_plain_h16,Operand hybrid + plain H16,18840,2.512619733810425,2.9865870475769043,0.13850724697113037,35008.193854097226,90.1102351001229,79020687360.0,0.0003,129.81909656524658,152.66796875,0,0,exported_float_payload,False
operand_hybrid_plain_h16,Operand hybrid + plain H16,18850,2.518599510192871,3.029137134552002,0.1921716183423996,34984.87722736356,90.05021867295535,79062630400.0,0.0003,129.81909656524658,152.66796875,0,0,exported_float_payload,False
operand_hybrid_plain_h16,Operand hybrid + plain H16,18860,2.5004615783691406,2.9269134998321533,0.08844799548387527,35037.33109126286,90.18523363624008,79104573440.0,0.0003,129.81909656524658,152.66796875,0,0,exported_float_payload,False
operand_hybrid_plain_h16,Operand hybrid + plain H16,18870,2.5105173587799072,3.1036338806152344,0.1609426885843277,35002.103401778666,90.09455842475433,79146516480.0,0.0003,129.81909656524658,152.66796875,0,0,exported_float_payload,False
operand_hybrid_plain_h16,Operand hybrid + plain H16,18880,2.4860754013061523,2.929267406463623,0.11445879191160202,34952.81085311492,89.96768060959806,79188459520.0,0.0003,129.81909656524658,152.66796875,0,0,exported_float_payload,False
operand_hybrid_plain_h16,Operand hybrid + plain H16,18890,2.4999425411224365,2.9918603897094727,0.10459312051534653,35007.9696294214,90.1096579512892,79230402560.0,0.0003,129.81909656524658,152.66796875,0,0,exported_float_payload,False
operand_hybrid_plain_h16,Operand hybrid + plain H16,18900,2.5266830921173096,3.117182731628418,0.12107289582490921,34999.514404176356,90.08789440822179,79272345600.0,0.0003,129.81909656524658,152.66796875,0,0,exported_float_payload,False
operand_hybrid_plain_h16,Operand hybrid + plain H16,18910,2.5219194889068604,3.1430234909057617,0.0907536968588829,34985.65265354676,90.05221460099328,79314288640.0,0.0003,129.81909656524658,152.66796875,0,0,exported_float_payload,False
operand_hybrid_plain_h16,Operand hybrid + plain H16,18920,2.516051769256592,3.0756945610046387,0.12273290753364563,34969.04216032639,90.0094595975374,79356231680.0,0.0003,129.81909656524658,152.66796875,0,0,exported_float_payload,False
operand_hybrid_plain_h16,Operand hybrid + plain H16,18930,2.4997429847717285,2.920753002166748,0.12135934084653854,34992.72442200707,90.07041716011953,79398174720.0,0.0003,129.81909656524658,152.66796875,0,0,exported_float_payload,False
operand_hybrid_plain_h16,Operand hybrid + plain H16,18940,2.5075345039367676,2.95198392868042,0.07295116782188416,34975.73096361232,90.02667641366752,79440117760.0,0.0003,129.81909656524658,152.66796875,0,0,exported_float_payload,False
operand_hybrid_plain_h16,Operand hybrid + plain H16,18950,2.506103038787842,3.2652127742767334,0.191568523645401,34937.51498133598,89.92830940959254,79482060800.0,0.0003,129.81909656524658,152.66796875,0,0,exported_float_payload,False
operand_hybrid_plain_h16,Operand hybrid + plain H16,18960,2.516331672668457,2.999723434448242,0.12779854238033295,34969.92095433098,90.01172159182045,79524003840.0,0.0003,129.81909656524658,152.66796875,0,0,exported_float_payload,False
operand_hybrid_plain_h16,Operand hybrid + plain H16,18970,2.509859085083008,3.0710654258728027,0.14756791293621063,34912.21326849282,89.86318341931053,79565946880.0,0.0003,129.81909656524658,152.66796875,0,0,exported_float_payload,False
operand_hybrid_plain_h16,Operand hybrid + plain H16,18980,2.5263869762420654,3.2300658226013184,0.1238865777850151,34984.45447806112,90.04913052658624,79607889920.0,0.0003,129.81909656524658,152.66796875,0,0,exported_float_payload,False
operand_hybrid_plain_h16,Operand hybrid + plain H16,18990,2.497556447982788,3.0966081619262695,0.17183886468410492,34987.60773834904,90.05724694147645,79649832960.0,0.0003,129.81909656524658,152.66796875,0,0,exported_float_payload,False
operand_hybrid_plain_h16,Operand hybrid + plain H16,19000,2.5111095905303955,3.0548319816589355,0.10505908727645874,34995.05639746571,90.07641960793794,79691776000.0,0.0003,129.81909656524658,152.66796875,0,0,exported_float_payload,False
operand_hybrid_plain_h16,Operand hybrid + plain H16,19010,2.5414059162139893,4.97540283203125,0.14500635862350464,27721.001972209677,71.35318135341149,79733719040.0,0.0003,129.81909656524658,152.66796875,0,0,exported_float_payload,False
operand_hybrid_plain_h16,Operand hybrid + plain H16,19020,2.491701364517212,3.083204746246338,0.06682620197534561,34862.83539121992,89.73608597040044,79775662080.0,0.0003,129.81909656524658,152.66796875,0,0,exported_float_payload,False
operand_hybrid_plain_h16,Operand hybrid + plain H16,19030,2.5030345916748047,3.1790406703948975,0.10932627320289612,34957.275911427474,89.97917356053284,79817605120.0,0.0003,129.81909656524658,152.66796875,0,0,exported_float_payload,False
operand_hybrid_plain_h16,Operand hybrid + plain H16,19040,2.4886488914489746,2.9409730434417725,0.09974130243062973,34968.84580560979,90.00895418529734,79859548160.0,0.0003,129.81909656524658,152.66796875,0,0,exported_float_payload,False
operand_hybrid_plain_h16,Operand hybrid + plain H16,19050,2.5149130821228027,3.340839385986328,0.10200691968202591,34938.65449416511,89.93124248775592,79901491200.0,0.0003,129.81909656524658,152.66796875,0,0,exported_float_payload,False
operand_hybrid_plain_h16,Operand hybrid + plain H16,19060,2.4849374294281006,3.038954257965088,0.12326420843601227,34985.74531623543,90.05245311248851,79943434240.0,0.0003,129.81909656524658,152.66796875,0,0,exported_float_payload,False
operand_hybrid_plain_h16,Operand hybrid + plain H16,19070,2.5071041584014893,3.131422519683838,0.12830710411071777,34971.611317183,90.01607254447556,79985377280.0,0.0003,129.81909656524658,152.66796875,0,0,exported_float_payload,False
operand_hybrid_plain_h16,Operand hybrid + plain H16,19080,2.5044198036193848,3.120236873626709,0.1848563700914383,34939.02350486145,89.93219231226672,80027320320.0,0.0003,129.81909656524658,152.66796875,0,0,exported_float_payload,False
operand_hybrid_plain_h16,Operand hybrid + plain H16,19090,2.511950731277466,2.8786702156066895,0.10277881473302841,35025.87805621406,90.15575380402828,80069263360.0,0.0003,129.81909656524658,152.66796875,0,0,exported_float_payload,False
operand_hybrid_plain_h16,Operand hybrid + plain H16,19100,2.5169219970703125,3.0758132934570312,0.10713145136833191,35045.80441474577,90.20704376372927,80111206400.0,0.0003,129.81909656524658,152.66796875,0,0,exported_float_payload,False
operand_hybrid_plain_h16,Operand hybrid + plain H16,19110,2.532597303390503,2.970646858215332,0.12240458279848099,35039.17050045822,90.18996823053907,80153149440.0,0.0003,129.81909656524658,152.66796875,0,0,exported_float_payload,False
operand_hybrid_plain_h16,Operand hybrid + plain H16,19120,2.533708333969116,3.0717780590057373,0.17729656398296356,35011.16527322041,90.11788346030073,80195092480.0,0.0003,129.81909656524658,152.66796875,0,0,exported_float_payload,False
operand_hybrid_plain_h16,Operand hybrid + plain H16,19130,2.5141777992248535,3.1563291549682617,0.12890180945396423,34971.21729461219,90.01505834001135,80237035520.0,0.0003,129.81909656524658,152.66796875,0,0,exported_float_payload,False
operand_hybrid_plain_h16,Operand hybrid + plain H16,19140,2.516883611679077,2.9498307704925537,0.08989256620407104,34951.41878011624,89.96409744773287,80278978560.0,0.0003,129.81909656524658,152.66796875,0,0,exported_float_payload,False
operand_hybrid_plain_h16,Operand hybrid + plain H16,19150,2.491319417953491,3.156566619873047,0.3269977271556854,34973.15265926061,90.0200399213006,80320921600.0,0.0003,129.81909656524658,152.66796875,0,0,exported_float_payload,False
operand_hybrid_plain_h16,Operand hybrid + plain H16,19160,2.5149030685424805,3.355236291885376,0.16447077691555023,34907.57795447611,89.85125223435567,80362864640.0,0.0003,129.81909656524658,152.66796875,0,0,exported_float_payload,False
operand_hybrid_plain_h16,Operand hybrid + plain H16,19170,2.493422269821167,3.0095839500427246,0.07044047862291336,34955.779162937644,89.97532096651253,80404807680.0,0.0003,129.81909656524658,152.66796875,0,0,exported_float_payload,False
operand_hybrid_plain_h16,Operand hybrid + plain H16,19180,2.526977300643921,3.0551376342773438,0.09476492553949356,34972.5985306632,90.01861360783819,80446750720.0,0.0003,129.81909656524658,152.66796875,0,0,exported_float_payload,False
operand_hybrid_plain_h16,Operand hybrid + plain H16,19190,2.477585554122925,3.0453643798828125,0.1320333182811737,34970.71032342538,90.01375340857093,80488693760.0,0.0003,129.81909656524658,152.66796875,0,0,exported_float_payload,False
operand_hybrid_plain_h16,Operand hybrid + plain H16,19200,2.5103132724761963,2.9914464950561523,0.1084904819726944,34965.38997473416,90.00005896111162,80530636800.0,0.0003,129.81909656524658,152.66796875,0,0,exported_float_payload,False
operand_hybrid_plain_h16,Operand hybrid + plain H16,19210,2.49363112449646,2.8780908584594727,0.12961015105247498,34952.143972002355,89.96596407391823,80572579840.0,0.0003,129.81909656524658,152.66796875,0,0,exported_float_payload,False
operand_hybrid_plain_h16,Operand hybrid + plain H16,19220,2.525066375732422,3.313951015472412,0.14856252074241638,35039.81536808925,90.19162810405561,80614522880.0,0.0003,129.81909656524658,152.66796875,0,0,exported_float_payload,False
operand_hybrid_plain_h16,Operand hybrid + plain H16,19230,2.508519411087036,3.242173433303833,0.10355004668235779,34975.92154734428,90.0271669715342,80656465920.0,0.0003,129.81909656524658,152.66796875,0,0,exported_float_payload,False
operand_hybrid_plain_h16,Operand hybrid + plain H16,19240,2.4715158939361572,2.9199342727661133,0.137831911444664,35027.08587963495,90.15886271198477,80698408960.0,0.0003,129.81909656524658,152.66796875,0,0,exported_float_payload,False
operand_hybrid_plain_h16,Operand hybrid + plain H16,19250,2.5213522911071777,2.9934840202331543,0.09149172902107239,35047.0574322883,90.21026900024997,80740352000.0,0.0003,129.81909656524658,152.66796875,0,0,exported_float_payload,False
operand_hybrid_plain_h16,Operand hybrid + plain H16,19260,2.4942054748535156,3.0025031566619873,0.16863098740577698,34978.8004984241,90.03457732122904,80782295040.0,0.0003,129.81909656524658,152.66796875,0,0,exported_float_payload,False
operand_hybrid_plain_h16,Operand hybrid + plain H16,19270,2.53200364112854,3.079554557800293,0.08383440226316452,34927.135425152745,89.90159268573629,80824238080.0,0.0003,129.81909656524658,152.66796875,0,0,exported_float_payload,False
operand_hybrid_plain_h16,Operand hybrid + plain H16,19280,2.480898857116699,3.096665382385254,0.08611593395471573,34969.42597954142,90.01044753881327,80866181120.0,0.0003,129.81909656524658,152.66796875,0,0,exported_float_payload,False
operand_hybrid_plain_h16,Operand hybrid + plain H16,19290,2.501445770263672,3.2089483737945557,0.14642757177352905,34875.87628563696,89.7696529138061,80908124160.0,0.0003,129.81909656524658,152.66796875,0,0,exported_float_payload,False
operand_hybrid_plain_h16,Operand hybrid + plain H16,19300,2.4883201122283936,2.9349441528320312,0.13310883939266205,35000.85600423422,90.0913476539713,80950067200.0,0.0003,129.81909656524658,152.66796875,0,0,exported_float_payload,False
operand_hybrid_plain_h16,Operand hybrid + plain H16,19310,2.5060276985168457,3.0607457160949707,0.11131525039672852,34948.26489394273,89.95597942182846,80992010240.0,0.0003,129.81909656524658,152.66796875,0,0,exported_float_payload,False
operand_hybrid_plain_h16,Operand hybrid + plain H16,19320,2.5188710689544678,3.0646228790283203,0.24851584434509277,34962.67580045163,89.99307274286453,81033953280.0,0.0003,129.81909656524658,152.66796875,0,0,exported_float_payload,False
operand_hybrid_plain_h16,Operand hybrid + plain H16,19330,2.4869818687438965,2.9943037033081055,0.0998658761382103,34922.31086151657,89.88917437688771,81075896320.0,0.0003,129.81909656524658,152.66796875,0,0,exported_float_payload,False
operand_hybrid_plain_h16,Operand hybrid + plain H16,19340,2.4837722778320312,3.116468667984009,0.08188068121671677,34862.56682231668,89.73539468060946,81117839360.0,0.0003,129.81909656524658,152.66796875,0,0,exported_float_payload,False
operand_hybrid_plain_h16,Operand hybrid + plain H16,19350,2.5068962574005127,2.9849748611450195,0.08248116821050644,34928.81038764684,89.9059039982466,81159782400.0,0.0003,129.81909656524658,152.66796875,0,0,exported_float_payload,False
operand_hybrid_plain_h16,Operand hybrid + plain H16,19360,2.4829208850860596,2.963710308074951,0.1826104074716568,34924.621452889456,89.89512178259218,81201725440.0,0.0003,129.81909656524658,152.66796875,0,0,exported_float_payload,False
operand_hybrid_plain_h16,Operand hybrid + plain H16,19370,2.482846975326538,2.9539477825164795,0.12520523369312286,34970.90414051296,90.01425228901594,81243668480.0,0.0003,129.81909656524658,152.66796875,0,0,exported_float_payload,False
operand_hybrid_plain_h16,Operand hybrid + plain H16,19380,2.5563554763793945,3.2683372497558594,0.11369515210390091,34968.16943888133,90.0072132338741,81285611520.0,0.0003,129.81909656524658,152.66796875,0,0,exported_float_payload,False
operand_hybrid_plain_h16,Operand hybrid + plain H16,19390,2.5066299438476562,3.0227251052856445,0.14353223145008087,34971.47838286656,90.01573037479503,81327554560.0,0.0003,129.81909656524658,152.66796875,0,0,exported_float_payload,False
operand_hybrid_plain_h16,Operand hybrid + plain H16,19400,2.495044708251953,2.979519844055176,0.09414704889059067,34909.843100911734,89.85708266590268,81369497600.0,0.0003,129.81909656524658,152.66796875,0,0,exported_float_payload,False
operand_hybrid_plain_h16,Operand hybrid + plain H16,19410,2.4990832805633545,3.0825963020324707,0.19164249300956726,34953.97814251143,89.9706851839668,81411440640.0,0.0003,129.81909656524658,152.66796875,0,0,exported_float_payload,False
operand_hybrid_plain_h16,Operand hybrid + plain H16,19420,2.509138345718384,3.0253958702087402,0.09198511391878128,34997.95960969759,90.08389240524505,81453383680.0,0.0003,129.81909656524658,152.66796875,0,0,exported_float_payload,False
operand_hybrid_plain_h16,Operand hybrid + plain H16,19430,2.474853754043579,2.9031307697296143,0.7368612289428711,34961.34652949997,89.98965123193297,81495326720.0,0.0003,129.81909656524658,152.66796875,0,0,exported_float_payload,False
operand_hybrid_plain_h16,Operand hybrid + plain H16,19440,2.5249733924865723,3.272425651550293,0.14683182537555695,34956.57649672206,89.97737328418039,81537269760.0,0.0003,129.81909656524658,152.66796875,0,0,exported_float_payload,False
operand_hybrid_plain_h16,Operand hybrid + plain H16,19450,2.5299251079559326,3.2951347827911377,0.08253807574510574,34919.87952307516,89.88291617118087,81579212800.0,0.0003,129.81909656524658,152.66796875,0,0,exported_float_payload,False
operand_hybrid_plain_h16,Operand hybrid + plain H16,19460,2.4990551471710205,2.9416399002075195,0.13906697928905487,34940.84680154486,89.93688543335386,81621155840.0,0.0003,129.81909656524658,152.66796875,0,0,exported_float_payload,False
operand_hybrid_plain_h16,Operand hybrid + plain H16,19470,2.4861724376678467,3.086498737335205,0.1075838953256607,34947.32154135504,89.95355125533084,81663098880.0,0.0003,129.81909656524658,152.66796875,0,0,exported_float_payload,False
operand_hybrid_plain_h16,Operand hybrid + plain H16,19480,2.509974479675293,2.8795166015625,0.06899715960025787,34921.45229090288,89.88696443711841,81705041920.0,0.0003,129.81909656524658,152.66796875,0,0,exported_float_payload,False
operand_hybrid_plain_h16,Operand hybrid + plain H16,19490,2.521578788757324,2.9745922088623047,0.14199107885360718,34974.321363702074,90.02304813796043,81746984960.0,0.0003,129.81909656524658,152.66796875,0,0,exported_float_payload,False
operand_hybrid_plain_h16,Operand hybrid + plain H16,19500,2.513915538787842,3.049943447113037,0.11099326610565186,34899.69834687384,89.83097031702808,81788928000.0,0.0003,129.81909656524658,152.66796875,0,0,exported_float_payload,False
operand_hybrid_plain_h16,Operand hybrid + plain H16,19510,2.5073862075805664,3.108389377593994,0.10934830456972122,34987.57417448436,90.05716054890932,81830871040.0,0.0003,129.81909656524658,152.66796875,0,0,exported_float_payload,False
operand_hybrid_plain_h16,Operand hybrid + plain H16,19520,2.517244815826416,3.02549147605896,0.11279665678739548,34968.07185581013,90.00696205743454,81872814080.0,0.0003,129.81909656524658,152.66796875,0,0,exported_float_payload,False
operand_hybrid_plain_h16,Operand hybrid + plain H16,19530,2.4809932708740234,3.3447861671447754,0.1994887739419937,34936.517859659856,89.92574284277583,81914757120.0,0.0003,129.81909656524658,152.66796875,0,0,exported_float_payload,False
operand_hybrid_plain_h16,Operand hybrid + plain H16,19540,2.486384391784668,2.9490909576416016,0.10581051558256149,34954.566578014135,89.97219980256467,81956700160.0,0.0003,129.81909656524658,152.66796875,0,0,exported_float_payload,False
operand_hybrid_plain_h16,Operand hybrid + plain H16,19550,2.483544111251831,2.921821355819702,0.13376933336257935,34963.37774799755,89.9948795386865,81998643200.0,0.0003,129.81909656524658,152.66796875,0,0,exported_float_payload,False
operand_hybrid_plain_h16,Operand hybrid + plain H16,19560,2.522341728210449,3.0965805053710938,0.11336973309516907,35036.59084424327,90.1833282585092,82040586240.0,0.0003,129.81909656524658,152.66796875,0,0,exported_float_payload,False
operand_hybrid_plain_h16,Operand hybrid + plain H16,19570,2.488832712173462,2.8920719623565674,0.17696790397167206,34971.65055349217,90.0161735377761,82082529280.0,0.0003,129.81909656524658,152.66796875,0,0,exported_float_payload,False
operand_hybrid_plain_h16,Operand hybrid + plain H16,19580,2.4568562507629395,2.9331021308898926,0.08949094265699387,35080.214331055235,90.29561404705622,82124472320.0,0.0003,129.81909656524658,152.66796875,0,0,exported_float_payload,False
operand_hybrid_plain_h16,Operand hybrid + plain H16,19590,2.5062527656555176,2.9948296546936035,0.1392468810081482,34992.25910633176,90.06921944894731,82166415360.0,0.0003,129.81909656524658,152.66796875,0,0,exported_float_payload,False
operand_hybrid_plain_h16,Operand hybrid + plain H16,19600,2.507474660873413,2.8683576583862305,0.10973908752202988,34991.23386564904,90.06658050449508,82208358400.0,0.0003,129.81909656524658,152.66796875,0,0,exported_float_payload,False
operand_hybrid_plain_h16,Operand hybrid + plain H16,19610,2.510488271713257,3.1672284603118896,0.07944884151220322,34936.84588094326,89.92658716153987,82250301440.0,0.0003,129.81909656524658,152.66796875,0,0,exported_float_payload,False
operand_hybrid_plain_h16,Operand hybrid + plain H16,19620,2.4987425804138184,3.0345473289489746,0.07161691784858704,34951.64364905725,89.96467625488943,82292244480.0,0.0003,129.81909656524658,152.66796875,0,0,exported_float_payload,False
operand_hybrid_plain_h16,Operand hybrid + plain H16,19630,2.5125489234924316,3.0518548488616943,0.17339549958705902,34935.088054619846,89.92206255955873,82334187520.0,0.0003,129.81909656524658,152.66796875,0,0,exported_float_payload,False
operand_hybrid_plain_h16,Operand hybrid + plain H16,19640,2.5016331672668457,3.0575058460235596,0.07929392904043198,35003.845208688916,90.09904179315761,82376130560.0,0.0003,129.81909656524658,152.66796875,0,0,exported_float_payload,False
operand_hybrid_plain_h16,Operand hybrid + plain H16,19650,2.4828834533691406,3.2480857372283936,0.10783316195011139,34941.2202606481,89.93784670795529,82418073600.0,0.0003,129.81909656524658,152.66796875,0,0,exported_float_payload,False
operand_hybrid_plain_h16,Operand hybrid + plain H16,19660,2.5148425102233887,3.753227949142456,0.10485707223415375,34938.921269351515,89.93192916056361,82460016640.0,0.0003,129.81909656524658,152.66796875,0,0,exported_float_payload,False
operand_hybrid_plain_h16,Operand hybrid + plain H16,19670,2.5102319717407227,3.031938314437866,0.08382531255483627,34992.31518202229,90.06936378640381,82501959680.0,0.0003,129.81909656524658,152.66796875,0,0,exported_float_payload,False
operand_hybrid_plain_h16,Operand hybrid + plain H16,19680,2.549008846282959,3.226454734802246,0.2219211906194687,34995.74833797915,90.07820064590298,82543902720.0,0.0003,129.81909656524658,152.66796875,0,0,exported_float_payload,False
operand_hybrid_plain_h16,Operand hybrid + plain H16,19690,2.52179217338562,3.1170854568481445,0.08950189501047134,34980.80709216191,90.03974224445297,82585845760.0,0.0003,129.89795398712158,152.66796875,0,0,exported_float_payload,False
operand_hybrid_plain_h16,Operand hybrid + plain H16,19700,2.533613681793213,3.098550796508789,0.13055647909641266,34966.867638026786,90.00386243030093,82627788800.0,0.0003,129.89795398712158,152.66796875,0,0,exported_float_payload,False
operand_hybrid_plain_h16,Operand hybrid + plain H16,19710,2.518791437149048,3.0219645500183105,0.13295535743236542,35054.150083404755,90.2285253108226,82669731840.0,0.0003,129.81909656524658,152.66796875,0,0,exported_float_payload,False
operand_hybrid_plain_h16,Operand hybrid + plain H16,19720,2.5269603729248047,4.192375183105469,0.08545027673244476,35022.89554273133,90.14807688724021,82711674880.0,0.0003,129.81909656524658,152.66796875,0,0,exported_float_payload,False
operand_hybrid_plain_h16,Operand hybrid + plain H16,19730,2.532029390335083,3.1091761589050293,0.149418905377388,34936.38948859595,89.92541241879576,82753617920.0,0.0003,129.81909656524658,152.66796875,0,0,exported_float_payload,False
operand_hybrid_plain_h16,Operand hybrid + plain H16,19740,2.50669264793396,3.5792860984802246,0.10329283028841019,34999.77181791724,90.08855698489756,82795560960.0,0.0003,129.81909656524658,152.66796875,0,0,exported_float_payload,False
operand_hybrid_plain_h16,Operand hybrid + plain H16,19750,2.5139834880828857,2.960172176361084,0.1385316699743271,34983.095399402235,90.04563229134503,82837504000.0,0.0003,129.81909656524658,152.66796875,0,0,exported_float_payload,False
operand_hybrid_plain_h16,Operand hybrid + plain H16,19760,2.5238311290740967,2.9278621673583984,0.08259314298629761,35028.941696758295,90.16363953988925,82879447040.0,0.0003,129.81909656524658,152.66796875,0,0,exported_float_payload,False
operand_hybrid_plain_h16,Operand hybrid + plain H16,19770,2.5472114086151123,3.0255990028381348,0.16609273850917816,35044.18408883783,90.20287308445596,82921390080.0,0.0003,129.81909656524658,152.66796875,0,0,exported_float_payload,False
operand_hybrid_plain_h16,Operand hybrid + plain H16,19780,2.5072505474090576,3.1171088218688965,0.1030106320977211,34982.98817948625,90.0453563099026,82963333120.0,0.0003,129.81909656524658,152.66796875,0,0,exported_float_payload,False
operand_hybrid_plain_h16,Operand hybrid + plain H16,19790,2.526352882385254,3.055631637573242,0.16304953396320343,34995.31626840115,90.07708850937243,83005276160.0,0.0003,129.81909656524658,152.66796875,0,0,exported_float_payload,False
operand_hybrid_plain_h16,Operand hybrid + plain H16,19800,2.513641119003296,2.9500417709350586,0.09702679514884949,34948.65073764933,89.95697257409614,83047219200.0,0.0003,129.81909656524658,152.66796875,0,0,exported_float_payload,False
operand_hybrid_plain_h16,Operand hybrid + plain H16,19810,2.4748940467834473,3.1661899089813232,0.18346334993839264,34936.23384930853,89.92501180707501,83089162240.0,0.0003,129.81909656524658,152.66796875,0,0,exported_float_payload,False
operand_hybrid_plain_h16,Operand hybrid + plain H16,19820,2.4793641567230225,2.9761481285095215,0.07728897780179977,34981.98596773217,90.04277664134968,83131105280.0,0.0003,129.81909656524658,152.66796875,0,0,exported_float_payload,False
operand_hybrid_plain_h16,Operand hybrid + plain H16,19830,2.4676244258880615,2.855626106262207,0.11214175820350647,35000.6878733607,90.09091488921331,83173048320.0,0.0003,129.81909656524658,152.66796875,0,0,exported_float_payload,False
operand_hybrid_plain_h16,Operand hybrid + plain H16,19840,2.5101478099823,3.009420871734619,0.1734410673379898,35031.17380083728,90.16938492121808,83214991360.0,0.0003,129.81909656524658,152.66796875,0,0,exported_float_payload,False
operand_hybrid_plain_h16,Operand hybrid + plain H16,19850,2.4846184253692627,3.0633761882781982,0.09425146132707596,34954.46184457277,89.97193022124713,83256934400.0,0.0003,129.81909656524658,152.66796875,0,0,exported_float_payload,False
operand_hybrid_plain_h16,Operand hybrid + plain H16,19860,2.5088589191436768,3.1993331909179688,0.13056710362434387,35002.12844457435,90.09462288429818,83298877440.0,0.0003,129.81909656524658,152.66796875,0,0,exported_float_payload,False
operand_hybrid_plain_h16,Operand hybrid + plain H16,19870,2.5156946182250977,3.0931386947631836,0.09560804814100266,34991.63373133238,90.06760974898809,83340820480.0,0.0003,129.81909656524658,152.66796875,0,0,exported_float_payload,False
operand_hybrid_plain_h16,Operand hybrid + plain H16,19880,2.512451410293579,3.0217721462249756,0.10600078850984573,34951.23972170714,89.96363655576546,83382763520.0,0.0003,129.81909656524658,152.66796875,0,0,exported_float_payload,False
operand_hybrid_plain_h16,Operand hybrid + plain H16,19890,2.4759597778320312,3.50960636138916,0.12083529680967331,34939.88427706272,89.93440791886864,83424706560.0,0.0003,129.81909656524658,152.66796875,0,0,exported_float_payload,False
operand_hybrid_plain_h16,Operand hybrid + plain H16,19900,2.500389337539673,3.3786215782165527,0.205725759267807,34907.41176153458,89.85082445778727,83466649600.0,0.0003,129.81909656524658,152.66796875,0,0,exported_float_payload,False
operand_hybrid_plain_h16,Operand hybrid + plain H16,19910,2.488783836364746,2.9656991958618164,0.086812824010849,34992.96234125335,90.07102955844279,83508592640.0,0.0003,129.81909656524658,152.66796875,0,0,exported_float_payload,False
operand_hybrid_plain_h16,Operand hybrid + plain H16,19920,2.5266072750091553,4.239057540893555,0.10578668862581253,34988.232050474246,90.05885390562354,83550535680.0,0.0003,129.81909656524658,152.66796875,0,0,exported_float_payload,False
operand_hybrid_plain_h16,Operand hybrid + plain H16,19930,2.482436418533325,2.981607437133789,0.12193205207586288,34982.45625737268,90.0439871553867,83592478720.0,0.0003,129.81909656524658,152.66796875,0,0,exported_float_payload,False
operand_hybrid_plain_h16,Operand hybrid + plain H16,19940,2.488455295562744,3.145165205001831,0.10801752656698227,35048.18991315622,90.2131839783171,83634421760.0,0.0003,129.81909656524658,152.66796875,0,0,exported_float_payload,False
operand_hybrid_plain_h16,Operand hybrid + plain H16,19950,2.4669361114501953,3.0089027881622314,0.08138847351074219,35017.41454395301,90.13396893038428,83676364800.0,0.0003,129.81909656524658,152.66796875,0,0,exported_float_payload,False
operand_hybrid_plain_h16,Operand hybrid + plain H16,19960,2.5313961505889893,2.9963526725769043,0.10954327136278152,34975.72759803858,90.026667750763,83718307840.0,0.0003,129.81909656524658,152.66796875,0,0,exported_float_payload,False
operand_hybrid_plain_h16,Operand hybrid + plain H16,19970,2.458441972732544,2.9853594303131104,0.10361211001873016,35031.00107371333,90.16894032582385,83760250880.0,0.0003,129.81909656524658,152.66796875,0,0,exported_float_payload,False
operand_hybrid_plain_h16,Operand hybrid + plain H16,19980,2.498303174972534,2.954002857208252,0.1448889970779419,19334.832289812523,49.76738561599761,83802193920.0,0.0003,129.81909656524658,152.66796875,0,0,exported_float_payload,False
operand_hybrid_plain_h16,Operand hybrid + plain H16,19990,2.502890110015869,3.144993782043457,0.16613388061523438,33589.99294234051,86.45982062543703,83844136960.0,0.0003,129.81909656524658,152.66796875,0,0,exported_float_payload,False
operand_hybrid_plain_h16,Operand hybrid + plain H16,20000,2.501509666442871,3.0198974609375,0.08890450745820999,33890.9486435514,87.23447324258886,83886080000.0,0.0003,129.81909656524658,152.66796875,0,0,exported_float_payload,False
operand_hybrid_plain_h16,Operand hybrid + plain H16,20010,2.486799716949463,2.931474447250366,0.245609313249588,25928.360113085608,66.73896503453432,83928023040.0,0.0003,129.81909656524658,152.66796875,0,0,exported_float_payload,False
operand_hybrid_plain_h16,Operand hybrid + plain H16,20020,2.5108604431152344,3.0110270977020264,0.09326137602329254,34259.056347576254,88.1819734732517,83969966080.0,0.0003,129.81909656524658,152.66796875,0,0,exported_float_payload,False
operand_hybrid_plain_h16,Operand hybrid + plain H16,20030,2.504488468170166,3.0600218772888184,0.1186683252453804,34313.91064559172,88.32316709526562,84011909120.0,0.0003,129.81909656524658,152.66796875,0,0,exported_float_payload,False
operand_hybrid_plain_h16,Operand hybrid + plain H16,20040,2.513979911804199,3.040036678314209,0.15575341880321503,34441.909604123284,88.65263328520734,84053852160.0,0.0003,129.81909656524658,152.66796875,0,0,exported_float_payload,False
operand_hybrid_plain_h16,Operand hybrid + plain H16,20050,2.4821717739105225,3.0486202239990234,0.11939418315887451,34488.64455002131,88.77292789337288,84095795200.0,0.0003,129.81909656524658,152.66796875,0,0,exported_float_payload,False
operand_hybrid_plain_h16,Operand hybrid + plain H16,20060,2.5050768852233887,3.1110894680023193,0.1141914427280426,34678.19773247731,89.26083315081843,84137738240.0,0.0003,129.81909656524658,152.66796875,0,0,exported_float_payload,False
operand_hybrid_plain_h16,Operand hybrid + plain H16,20070,2.4830474853515625,3.283952474594116,0.10141997784376144,34676.12355541097,89.25549426975915,84179681280.0,0.0003,129.81909656524658,152.66796875,0,0,exported_float_payload,False
operand_hybrid_plain_h16,Operand hybrid + plain H16,20080,2.5813889503479004,6.012777805328369,0.1292365938425064,34685.67986737254,89.28009198311553,84221624320.0,0.0003,129.81909656524658,152.66796875,0,0,exported_float_payload,False
operand_hybrid_plain_h16,Operand hybrid + plain H16,20090,2.512590169906616,3.1625030040740967,0.07327316701412201,34791.428992047295,89.55228764467374,84263567360.0,0.0003,129.81909656524658,152.66796875,0,0,exported_float_payload,False
operand_hybrid_plain_h16,Operand hybrid + plain H16,20100,2.4607863426208496,2.9159297943115234,0.07644455879926682,34854.29171621804,89.71409475982135,84305510400.0,0.0003,129.81909656524658,152.66796875,0,0,exported_float_payload,False
operand_hybrid_plain_h16,Operand hybrid + plain H16,20110,2.5164968967437744,3.0521817207336426,0.20449353754520416,34837.44460396969,89.67073070477231,84347453440.0,0.0003,129.81909656524658,152.66796875,0,0,exported_float_payload,False
operand_hybrid_plain_h16,Operand hybrid + plain H16,20120,2.5014331340789795,3.050037145614624,0.1077456846833229,34913.74023533737,89.8671137946371,84389396480.0,0.0003,129.81909656524658,152.66796875,0,0,exported_float_payload,False
operand_hybrid_plain_h16,Operand hybrid + plain H16,20130,2.504739761352539,3.0798211097717285,0.07559052854776382,34960.16087596857,89.98659938873,84431339520.0,0.0003,129.81909656524658,152.66796875,0,0,exported_float_payload,False
operand_hybrid_plain_h16,Operand hybrid + plain H16,20140,2.499333143234253,3.0991969108581543,0.16117341816425323,34919.40436501281,89.88169312594505,84473282560.0,0.0003,129.81909656524658,152.66796875,0,0,exported_float_payload,False
operand_hybrid_plain_h16,Operand hybrid + plain H16,20150,2.495363712310791,2.98544979095459,0.1596880853176117,34900.82353230765,89.83386651682618,84515225600.0,0.0003,129.81909656524658,152.66796875,0,0,exported_float_payload,False
operand_hybrid_plain_h16,Operand hybrid + plain H16,20160,2.5254859924316406,2.953956127166748,0.09923283010721207,34997.668929187166,90.08314420071778,84557168640.0,0.0003,129.81909656524658,152.66796875,0,0,exported_float_payload,False
operand_hybrid_plain_h16,Operand hybrid + plain H16,20170,2.5004100799560547,2.9531407356262207,0.14310236275196075,34937.85702779755,89.92918982882229,84599111680.0,0.0003,129.81909656524658,152.66796875,0,0,exported_float_payload,False
operand_hybrid_plain_h16,Operand hybrid + plain H16,20180,2.492875576019287,2.9492037296295166,0.1434382200241089,34982.27849792426,90.04352960691233,84641054720.0,0.0003,129.81909656524658,152.66796875,0,0,exported_float_payload,False
operand_hybrid_plain_h16,Operand hybrid + plain H16,20190,2.5275089740753174,3.183628559112549,0.14961670339107513,34941.50797750255,89.93858728410453,84682997760.0,0.0003,129.81909656524658,152.66796875,0,0,exported_float_payload,False
operand_hybrid_plain_h16,Operand hybrid + plain H16,20200,2.48099946975708,3.002462387084961,0.09056640416383743,34966.05223114131,90.00176359291278,84724940800.0,0.0003,129.81909656524658,152.66796875,0,0,exported_float_payload,False
operand_hybrid_plain_h16,Operand hybrid + plain H16,20210,2.5346460342407227,2.9060888290405273,0.2678808867931366,35008.944049638245,90.11216608510472,84766883840.0,0.0003,129.81909656524658,152.66796875,0,0,exported_float_payload,False
operand_hybrid_plain_h16,Operand hybrid + plain H16,20220,2.4887888431549072,2.8726859092712402,0.08025092631578445,34994.74662461797,90.07562226020117,84808826880.0,0.0003,129.81909656524658,152.66796875,0,0,exported_float_payload,False
operand_hybrid_plain_h16,Operand hybrid + plain H16,20230,2.5144202709198,3.2487406730651855,0.08818750083446503,34928.99363201768,89.90637566477719,84850769920.0,0.0003,129.81909656524658,152.66796875,0,0,exported_float_payload,False
operand_hybrid_plain_h16,Operand hybrid + plain H16,20240,2.511547803878784,2.9664087295532227,0.10205832123756409,34976.14294988956,90.02773685627288,84892712960.0,0.0003,129.81909656524658,152.66796875,0,0,exported_float_payload,False
operand_hybrid_plain_h16,Operand hybrid + plain H16,20250,2.52301287651062,3.1315107345581055,0.1016538217663765,35014.1997275162,90.12569407147176,84934656000.0,0.0003,129.89795398712158,152.66796875,0,0,exported_float_payload,False
operand_hybrid_plain_h16,Operand hybrid + plain H16,20260,2.524304151535034,2.9126527309417725,0.13283248245716095,34949.64548981231,89.95953304184395,84976599040.0,0.0003,129.81909656524658,152.66796875,0,0,exported_float_payload,False
operand_hybrid_plain_h16,Operand hybrid + plain H16,20270,2.5165436267852783,3.1915178298950195,0.0732613354921341,35007.9561875835,90.10962335232705,85018542080.0,0.0003,129.81909656524658,152.66796875,0,0,exported_float_payload,False
operand_hybrid_plain_h16,Operand hybrid + plain H16,20280,2.5344693660736084,3.5694284439086914,0.252593994140625,35040.29040064707,90.19285082624585,85060485120.0,0.0003,129.81909656524658,152.66796875,0,0,exported_float_payload,False
operand_hybrid_plain_h16,Operand hybrid + plain H16,20290,2.489135980606079,2.9945602416992188,0.09647513180971146,35061.83396136514,90.24830342483719,85102428160.0,0.0003,129.81909656524658,152.66796875,0,0,exported_float_payload,False
operand_hybrid_plain_h16,Operand hybrid + plain H16,20300,2.497706651687622,2.863053321838379,0.06968279927968979,34998.8989394325,90.086310217018,85144371200.0,0.0003,129.81909656524658,152.66796875,0,0,exported_float_payload,False
operand_hybrid_plain_h16,Operand hybrid + plain H16,20310,2.531348466873169,3.0450751781463623,0.09284984320402145,35070.38451566653,90.270312342565,85186314240.0,0.0003,129.81909656524658,152.66796875,0,0,exported_float_payload,False
operand_hybrid_plain_h16,Operand hybrid + plain H16,20320,2.5097053050994873,3.113950252532959,0.10930095613002777,34980.01532555756,90.03770425657046,85228257280.0,0.0003,129.81909656524658,152.66796875,0,0,exported_float_payload,False
operand_hybrid_plain_h16,Operand hybrid + plain H16,20330,2.5293478965759277,3.073129653930664,0.20026232302188873,34974.9039889536,90.02454780111384,85270200320.0,0.0003,129.81909656524658,152.66796875,0,0,exported_float_payload,False
operand_hybrid_plain_h16,Operand hybrid + plain H16,20340,2.4766628742218018,2.963578701019287,0.07755021005868912,34975.019213399755,90.02484438602123,85312143360.0,0.0003,129.81909656524658,152.66796875,0,0,exported_float_payload,False
operand_hybrid_plain_h16,Operand hybrid + plain H16,20350,2.551429033279419,5.575191497802734,0.17164982855319977,35028.03388965954,90.16130286661112,85354086400.0,0.0003,129.81909656524658,152.66796875,0,0,exported_float_payload,False
operand_hybrid_plain_h16,Operand hybrid + plain H16,20360,2.4661571979522705,3.1299829483032227,0.10504091531038284,34964.96080159825,89.99895427995223,85396029440.0,0.0003,129.81909656524658,152.66796875,0,0,exported_float_payload,False
operand_hybrid_plain_h16,Operand hybrid + plain H16,20370,2.5076804161071777,2.954291820526123,0.25458404421806335,34944.734334012624,89.9468918468835,85437972480.0,0.0003,129.81909656524658,152.66796875,0,0,exported_float_payload,False
operand_hybrid_plain_h16,Operand hybrid + plain H16,20380,2.5004138946533203,2.9847874641418457,0.12134546041488647,34949.322105710686,89.95870065907246,85479915520.0,0.0003,129.81909656524658,152.66796875,0,0,exported_float_payload,False
operand_hybrid_plain_h16,Operand hybrid + plain H16,20390,2.499598503112793,2.993884563446045,0.10527916252613068,35033.1866552616,90.174565959296,85521858560.0,0.0003,129.81909656524658,152.66796875,0,0,exported_float_payload,False
operand_hybrid_plain_h16,Operand hybrid + plain H16,20400,2.517777681350708,3.0757739543914795,0.10274152457714081,34913.69252821802,89.86699099767826,85563801600.0,0.0003,129.81909656524658,152.66796875,0,0,exported_float_payload,False
operand_hybrid_plain_h16,Operand hybrid + plain H16,20410,2.5196685791015625,3.299525737762451,0.12919014692306519,34976.84275575927,90.02953813947268,85605744640.0,0.0003,129.81909656524658,152.66796875,0,0,exported_float_payload,False
operand_hybrid_plain_h16,Operand hybrid + plain H16,20420,2.5045573711395264,2.904160499572754,0.0769752711057663,34930.90302469808,89.9112903948557,85647687680.0,0.0003,129.81909656524658,152.66796875,0,0,exported_float_payload,False
operand_hybrid_plain_h16,Operand hybrid + plain H16,20430,2.5033676624298096,3.195544719696045,0.20412476360797882,34936.317338860346,89.92522670714023,85689630720.0,0.0003,129.81909656524658,152.66796875,0,0,exported_float_payload,False
operand_hybrid_plain_h16,Operand hybrid + plain H16,20440,2.4999477863311768,2.9896810054779053,0.1321355700492859,34993.33438167483,90.07198718139206,85731573760.0,0.0003,129.81909656524658,152.66796875,0,0,exported_float_payload,False
operand_hybrid_plain_h16,Operand hybrid + plain H16,20450,2.5150368213653564,2.879861831665039,0.06395062059164047,34972.12008188084,90.01738209236952,85773516800.0,0.0003,129.81909656524658,152.66796875,0,0,exported_float_payload,False
operand_hybrid_plain_h16,Operand hybrid + plain H16,20460,2.4798972606658936,2.944406032562256,0.09109438955783844,34996.583026526336,90.08034911381696,85815459840.0,0.0003,129.81909656524658,152.66796875,0,0,exported_float_payload,False
operand_hybrid_plain_h16,Operand hybrid + plain H16,20470,2.5172324180603027,3.0967750549316406,0.19802555441856384,35024.912127466756,90.15326752704773,85857402880.0,0.0003,129.81909656524658,152.66796875,0,0,exported_float_payload,False
operand_hybrid_plain_h16,Operand hybrid + plain H16,20480,2.501767873764038,3.131472587585449,0.08486167341470718,34988.068443460936,90.05843278517115,85899345920.0,0.0003,129.81909656524658,152.66796875,0,0,exported_float_payload,False
operand_hybrid_plain_h16,Operand hybrid + plain H16,20490,2.4761133193969727,3.247591495513916,0.08523984253406525,34995.58343869361,90.07777619917344,85941288960.0,0.0003,129.81909656524658,152.66796875,0,0,exported_float_payload,False
operand_hybrid_plain_h16,Operand hybrid + plain H16,20500,2.5026369094848633,2.910628318786621,0.11215744912624359,35007.50785963349,90.10846936714447,85983232000.0,0.0003,129.81909656524658,152.66796875,0,0,exported_float_payload,False
operand_hybrid_plain_h16,Operand hybrid + plain H16,20510,2.533548355102539,3.1333396434783936,0.10971035063266754,35024.41824133571,90.15199627622096,86025175040.0,0.0003,129.81909656524658,152.66796875,0,0,exported_float_payload,False
operand_hybrid_plain_h16,Operand hybrid + plain H16,20520,2.5047595500946045,2.9993724822998047,0.13717027008533478,34994.28230725749,90.07442711866693,86067118080.0,0.0003,129.81909656524658,152.66796875,0,0,exported_float_payload,False
operand_hybrid_plain_h16,Operand hybrid + plain H16,20530,2.482834815979004,2.970517158508301,0.09963090717792511,34958.214142005985,89.98158854310405,86109061120.0,0.0003,129.81909656524658,152.66796875,0,0,exported_float_payload,False
operand_hybrid_plain_h16,Operand hybrid + plain H16,20540,2.5099987983703613,3.28458309173584,0.1057819277048111,34961.70721819068,89.99057963580474,86151004160.0,0.0003,129.81909656524658,152.66796875,0,0,exported_float_payload,False
operand_hybrid_plain_h16,Operand hybrid + plain H16,20550,2.4962143898010254,2.967050790786743,0.1118491068482399,34898.04444243337,89.82671320743296,86192947200.0,0.0003,129.81909656524658,152.66796875,0,0,exported_float_payload,False
operand_hybrid_plain_h16,Operand hybrid + plain H16,20560,2.4976348876953125,3.3261241912841797,0.12270600348711014,34955.301877152924,89.97409244457134,86234890240.0,0.0003,129.81909656524658,152.66796875,0,0,exported_float_payload,False
operand_hybrid_plain_h16,Operand hybrid + plain H16,20570,2.512141227722168,2.907106876373291,0.13420552015304565,34969.64155259033,90.01100241857083,86276833280.0,0.0003,129.81909656524658,152.66796875,0,0,exported_float_payload,False
operand_hybrid_plain_h16,Operand hybrid + plain H16,20580,2.5118939876556396,2.8873372077941895,0.07737220078706741,34923.301818176704,89.89172507510399,86318776320.0,0.0003,129.81909656524658,152.66796875,0,0,exported_float_payload,False
operand_hybrid_plain_h16,Operand hybrid + plain H16,20590,2.471837043762207,3.0027756690979004,0.09785298258066177,34976.94374794631,90.02979809089304,86360719360.0,0.0003,129.81909656524658,152.66796875,0,0,exported_float_payload,False
operand_hybrid_plain_h16,Operand hybrid + plain H16,20600,2.5052385330200195,2.998198986053467,0.1590166538953781,34936.68995626911,89.92618581524063,86402662400.0,0.0003,129.81909656524658,152.66796875,0,0,exported_float_payload,False
operand_hybrid_plain_h16,Operand hybrid + plain H16,20610,2.521512031555176,4.597580909729004,0.10527347773313522,34930.02947457714,89.90904189820095,86444605440.0,0.0003,129.81909656524658,152.66796875,0,0,exported_float_payload,False
operand_hybrid_plain_h16,Operand hybrid + plain H16,20620,2.5322346687316895,3.1788487434387207,0.07925023138523102,34989.48429083499,90.06207714169732,86486548480.0,0.0003,129.81909656524658,152.66796875,0,0,exported_float_payload,False
operand_hybrid_plain_h16,Operand hybrid + plain H16,20630,2.4866907596588135,3.099635124206543,0.14778047800064087,31370.545053675418,80.74701602107505,86528491520.0,0.0003,129.81909656524658,152.66796875,0,0,exported_float_payload,False
operand_hybrid_plain_h16,Operand hybrid + plain H16,20640,2.4722068309783936,2.9949522018432617,0.08735881000757217,34821.09252663783,89.6286408574957,86570434560.0,0.0003,129.81909656524658,152.66796875,0,0,exported_float_payload,False
operand_hybrid_plain_h16,Operand hybrid + plain H16,20650,2.4721429347991943,2.9973058700561523,0.08963862806558609,34896.9269655519,89.82383684926015,86612377600.0,0.0003,129.81909656524658,152.66796875,0,0,exported_float_payload,False
operand_hybrid_plain_h16,Operand hybrid + plain H16,20660,2.478236198425293,2.917026996612549,0.1555255502462387,35017.2409140387,90.13352201122976,86654320640.0,0.0003,129.81909656524658,152.66796875,0,0,exported_float_payload,False
operand_hybrid_plain_h16,Operand hybrid + plain H16,20670,2.5073208808898926,2.9998013973236084,0.07299470901489258,34983.78187913666,90.04739927339838,86696263680.0,0.0003,129.81909656524658,152.66796875,0,0,exported_float_payload,False
operand_hybrid_plain_h16,Operand hybrid + plain H16,20680,2.5046918392181396,2.936290740966797,0.09353222697973251,34990.02426172993,90.0634670135797,86738206720.0,0.0003,129.81909656524658,152.66796875,0,0,exported_float_payload,False
operand_hybrid_plain_h16,Operand hybrid + plain H16,20690,2.5004067420959473,2.952223539352417,0.14646773040294647,35089.665556083855,90.31994126921633,86780149760.0,0.0003,129.81909656524658,152.66796875,0,0,exported_float_payload,False
operand_hybrid_plain_h16,Operand hybrid + plain H16,20700,2.517197608947754,4.158093452453613,0.1366397738456726,34981.08878039423,90.04046730307626,86822092800.0,0.0003,129.81909656524658,152.66796875,0,0,exported_float_payload,False
operand_hybrid_plain_h16,Operand hybrid + plain H16,20710,2.4895970821380615,2.911315441131592,0.12743966281414032,35021.40888658049,90.14425027065371,86864035840.0,0.0003,129.81909656524658,152.66796875,0,0,exported_float_payload,False
operand_hybrid_plain_h16,Operand hybrid + plain H16,20720,2.5273680686950684,3.4797747135162354,0.1309906542301178,35006.917234563974,90.10694911265512,86905978880.0,0.0003,129.81909656524658,152.66796875,0,0,exported_float_payload,False
operand_hybrid_plain_h16,Operand hybrid + plain H16,20730,2.5298376083374023,3.2486374378204346,0.07578040659427643,34989.41536073666,90.06189971730943,86947921920.0,0.0003,129.81909656524658,152.66796875,0,0,exported_float_payload,False
operand_hybrid_plain_h16,Operand hybrid + plain H16,20740,2.4980671405792236,2.968675136566162,0.1137942522764206,35067.97600695653,90.26411290002869,86989864960.0,0.0003,129.81909656524658,152.66796875,0,0,exported_float_payload,False
operand_hybrid_plain_h16,Operand hybrid + plain H16,20750,2.5044498443603516,2.9374542236328125,0.11345032602548599,34991.149878088014,90.06636432256633,87031808000.0,0.0003,129.81909656524658,152.66796875,0,0,exported_float_payload,False
operand_hybrid_plain_h16,Operand hybrid + plain H16,20760,2.483114004135132,2.9209372997283936,0.11622612923383713,34971.1490523577,90.01488268611669,87073751040.0,0.0003,129.81909656524658,152.66796875,0,0,exported_float_payload,False
operand_hybrid_plain_h16,Operand hybrid + plain H16,20770,2.4696927070617676,2.978243827819824,0.10913705825805664,35002.33094616676,90.09514411844627,87115694080.0,0.0003,129.81909656524658,152.66796875,0,0,exported_float_payload,False
operand_hybrid_plain_h16,Operand hybrid + plain H16,20780,2.5045344829559326,3.041127920150757,0.21831505000591278,35017.446237925586,90.13405050989482,87157637120.0,0.0003,129.81909656524658,152.66796875,0,0,exported_float_payload,False
operand_hybrid_plain_h16,Operand hybrid + plain H16,20790,2.515106439590454,3.1821861267089844,0.07668417692184448,34989.14084598729,90.06119312305589,87199580160.0,0.0003,129.81909656524658,152.66796875,0,0,exported_float_payload,False
operand_hybrid_plain_h16,Operand hybrid + plain H16,20800,2.5089616775512695,2.9576902389526367,0.13280948996543884,34962.43654513089,89.99245690551827,87241523200.0,0.0003,129.81909656524658,152.66796875,0,0,exported_float_payload,False
operand_hybrid_plain_h16,Operand hybrid + plain H16,20810,2.507058620452881,2.9311957359313965,0.10158684104681015,34953.039563321385,89.96826930407799,87283466240.0,0.0003,129.81909656524658,152.66796875,0,0,exported_float_payload,False
operand_hybrid_plain_h16,Operand hybrid + plain H16,20820,2.504899263381958,3.1115498542785645,0.11161672323942184,34955.95925970117,89.97578453117883,87325409280.0,0.0003,129.81909656524658,152.66796875,0,0,exported_float_payload,False
operand_hybrid_plain_h16,Operand hybrid + plain H16,20830,2.4650349617004395,2.98284912109375,0.08157650381326675,8856.187891134681,22.795611115699106,87367352320.0,0.0003,129.81909656524658,152.66796875,0,0,exported_float_payload,False
operand_hybrid_plain_h16,Operand hybrid + plain H16,20840,2.53682279586792,3.3313238620758057,0.2343416064977646,35214.10621787709,90.6402484903468,87409295360.0,0.0003,129.81909656524658,152.66796875,0,0,exported_float_payload,False
operand_hybrid_plain_h16,Operand hybrid + plain H16,20850,2.467907428741455,2.892451763153076,0.09598959237337112,35079.797666175924,90.29454156184349,87451238400.0,0.0003,129.81909656524658,152.66796875,0,0,exported_float_payload,False
operand_hybrid_plain_h16,Operand hybrid + plain H16,20860,2.4988973140716553,3.282198905944824,0.11456087231636047,35120.463400678535,90.39921416825732,87493181440.0,0.0003,129.81909656524658,152.66796875,0,0,exported_float_payload,False
operand_hybrid_plain_h16,Operand hybrid + plain H16,20870,2.5266213417053223,3.3611741065979004,0.10650114715099335,35005.5251004067,90.1033657933692,87535124480.0,0.0003,129.81909656524658,152.66796875,0,0,exported_float_payload,False
operand_hybrid_plain_h16,Operand hybrid + plain H16,20880,2.511397361755371,3.259683132171631,0.10103228688240051,35003.39378162512,90.09787983093189,87577067520.0,0.0003,129.81909656524658,152.66796875,0,0,exported_float_payload,False
operand_hybrid_plain_h16,Operand hybrid + plain H16,20890,2.5270471572875977,2.9464354515075684,0.12490291148424149,35083.676439618925,90.30452542985752,87619010560.0,0.0003,129.81909656524658,152.66796875,0,0,exported_float_payload,False
operand_hybrid_plain_h16,Operand hybrid + plain H16,20900,2.5264766216278076,3.905139446258545,0.12720324099063873,35044.37269661397,90.20335855626068,87660953600.0,0.0003,129.81909656524658,152.66796875,0,0,exported_float_payload,False
operand_hybrid_plain_h16,Operand hybrid + plain H16,20910,2.501185178756714,3.021780252456665,0.123634934425354,35038.877439570264,90.18921389897822,87702896640.0,0.0003,129.81909656524658,152.66796875,0,0,exported_float_payload,False
operand_hybrid_plain_h16,Operand hybrid + plain H16,20920,2.5212960243225098,3.0092825889587402,0.18278327584266663,35012.96484234839,90.1225155072403,87744839680.0,0.0003,129.81909656524658,152.66796875,0,0,exported_float_payload,False
operand_hybrid_plain_h16,Operand hybrid + plain H16,20930,2.5255625247955322,3.2426679134368896,0.0803794339299202,35002.29530123163,90.09505236925469,87786782720.0,0.0003,129.81909656524658,152.66796875,0,0,exported_float_payload,False
operand_hybrid_plain_h16,Operand hybrid + plain H16,20940,2.5544023513793945,4.010019302368164,0.14547958970069885,35086.47561711054,90.31173044428665,87828725760.0,0.0003,129.81909656524658,152.66796875,0,0,exported_float_payload,False
operand_hybrid_plain_h16,Operand hybrid + plain H16,20950,2.5265920162200928,3.4152536392211914,0.12694931030273438,34999.451825155375,90.08773333135171,87870668800.0,0.0003,129.81909656524658,152.66796875,0,0,exported_float_payload,False
operand_hybrid_plain_h16,Operand hybrid + plain H16,20960,2.4781603813171387,3.0036654472351074,0.13579723238945007,34948.78323941725,89.95731363040737,87912611840.0,0.0003,129.81909656524658,152.66796875,0,0,exported_float_payload,False
operand_hybrid_plain_h16,Operand hybrid + plain H16,20970,2.474440336227417,3.316695213317871,0.08790434896945953,34957.50263283108,89.97975713588282,87954554880.0,0.0003,129.81909656524658,152.66796875,0,0,exported_float_payload,False
operand_hybrid_plain_h16,Operand hybrid + plain H16,20980,2.481060028076172,2.93091082572937,0.08266568928956985,34962.863580421894,89.99355608391714,87996497920.0,0.0003,129.81909656524658,152.66796875,0,0,exported_float_payload,False
operand_hybrid_plain_h16,Operand hybrid + plain H16,20990,2.494929552078247,2.9824576377868652,0.10810526460409164,34971.70841609374,90.01632247469793,88038440960.0,0.0003,129.81909656524658,152.66796875,0,0,exported_float_payload,False
operand_hybrid_plain_h16,Operand hybrid + plain H16,21000,2.4747555255889893,2.918145179748535,0.07953973114490509,34918.65487813982,89.87976396505745,88080384000.0,0.0003,129.81909656524658,152.66796875,0,0,exported_float_payload,False
operand_hybrid_plain_h16,Operand hybrid + plain H16,21010,2.4924752712249756,3.0684094429016113,0.08003843575716019,27773.197673893264,71.48753181346453,88122327040.0,0.0003,129.81909656524658,152.66796875,0,0,exported_float_payload,False
operand_hybrid_plain_h16,Operand hybrid + plain H16,21020,2.4918153285980225,2.8734850883483887,0.15629038214683533,34984.88555308271,90.0502401031529,88164270080.0,0.0003,129.81909656524658,152.66796875,0,0,exported_float_payload,False
operand_hybrid_plain_h16,Operand hybrid + plain H16,21030,2.4644904136657715,2.9518542289733887,0.08557529747486115,34647.06978012351,89.18071056247592,88206213120.0,0.0003,129.81909656524658,152.66796875,0,0,exported_float_payload,False
operand_hybrid_plain_h16,Operand hybrid + plain H16,21040,2.5075981616973877,2.928262233734131,0.10528381168842316,34900.065310418344,89.8319148722201,88248156160.0,0.0003,129.81909656524658,152.66796875,0,0,exported_float_payload,False
operand_hybrid_plain_h16,Operand hybrid + plain H16,21050,2.486211061477661,2.988426685333252,0.08063405007123947,34989.74435912988,90.06274655113022,88290099200.0,0.0003,129.81909656524658,152.66796875,0,0,exported_float_payload,False
operand_hybrid_plain_h16,Operand hybrid + plain H16,21060,2.5064754486083984,3.0335254669189453,0.08752044290304184,34956.86344837325,89.97811189071517,88332042240.0,0.0003,129.81909656524658,152.66796875,0,0,exported_float_payload,False
operand_hybrid_plain_h16,Operand hybrid + plain H16,21070,2.488579034805298,3.0735630989074707,0.12896274030208588,35015.74217859173,90.12966430283034,88373985280.0,0.0003,129.81909656524658,152.66796875,0,0,exported_float_payload,False
operand_hybrid_plain_h16,Operand hybrid + plain H16,21080,2.5124292373657227,2.9096832275390625,0.0900636687874794,34936.63749309093,89.92605077630262,88415928320.0,0.0003,129.81909656524658,152.66796875,0,0,exported_float_payload,False
operand_hybrid_plain_h16,Operand hybrid + plain H16,21090,2.503542423248291,2.9893035888671875,0.15454711019992828,34971.20199615827,90.01501896216499,88457871360.0,0.0003,129.81909656524658,152.66796875,0,0,exported_float_payload,False
operand_hybrid_plain_h16,Operand hybrid + plain H16,21100,2.507406711578369,2.9939212799072266,0.09769992530345917,34970.453764179656,90.01309303134481,88499814400.0,0.0003,129.81909656524658,152.66796875,0,0,exported_float_payload,False
operand_hybrid_plain_h16,Operand hybrid + plain H16,21110,2.5029757022857666,3.1230878829956055,0.09589723497629166,34955.622043754585,89.97491654557658,88541757440.0,0.0003,129.81909656524658,152.66796875,0,0,exported_float_payload,False
operand_hybrid_plain_h16,Operand hybrid + plain H16,21120,2.526623010635376,3.381741523742676,0.08565779775381088,34957.18351507512,89.97893573458077,88583700480.0,0.0003,129.81909656524658,152.66796875,0,0,exported_float_payload,False
operand_hybrid_plain_h16,Operand hybrid + plain H16,21130,2.492170810699463,2.9305412769317627,0.12639549374580383,34915.95990073194,89.87282715909636,88625643520.0,0.0003,129.81909656524658,152.66796875,0,0,exported_float_payload,False
operand_hybrid_plain_h16,Operand hybrid + plain H16,21140,2.5323777198791504,3.017925262451172,0.379084050655365,35007.18580316993,90.10764040168088,88667586560.0,0.0003,129.81909656524658,152.66796875,0,0,exported_float_payload,False
operand_hybrid_plain_h16,Operand hybrid + plain H16,21150,2.5103859901428223,3.423353672027588,0.14289699494838715,34977.13818677842,90.03029857169327,88709529600.0,0.0003,129.81909656524658,152.66796875,0,0,exported_float_payload,False
operand_hybrid_plain_h16,Operand hybrid + plain H16,21160,2.4807798862457275,3.0397303104400635,0.07770532369613647,34991.210701062555,90.06652087941579,88751472640.0,0.0003,129.81909656524658,152.66796875,0,0,exported_float_payload,False
operand_hybrid_plain_h16,Operand hybrid + plain H16,21170,2.5016119480133057,3.4977736473083496,0.07771715521812439,34947.13051810771,89.95305956616235,88793415680.0,0.0003,129.81909656524658,152.66796875,0,0,exported_float_payload,False
operand_hybrid_plain_h16,Operand hybrid + plain H16,21180,2.4928622245788574,3.046097755432129,0.13839438557624817,34980.85636260135,90.03986906535951,88835358720.0,0.0003,129.81909656524658,152.66796875,0,0,exported_float_payload,False
operand_hybrid_plain_h16,Operand hybrid + plain H16,21190,2.5546514987945557,4.648597717285156,0.09318423271179199,34989.74997654123,90.0627610102097,88877301760.0,0.0003,129.81909656524658,152.66796875,0,0,exported_float_payload,False
operand_hybrid_plain_h16,Operand hybrid + plain H16,21200,2.485168695449829,3.0641098022460938,0.2500174045562744,35035.35100411719,90.1801369403363,88919244800.0,0.0003,129.81909656524658,152.66796875,0,0,exported_float_payload,False
operand_hybrid_plain_h16,Operand hybrid + plain H16,21210,2.4799840450286865,3.133228302001953,0.09700470417737961,34984.80203484563,90.05002512925249,88961187840.0,0.0003,129.81909656524658,152.66796875,0,0,exported_float_payload,False
operand_hybrid_plain_h16,Operand hybrid + plain H16,21220,2.51166033744812,3.117143392562866,0.09775080531835556,7342.898076748512,18.900440130378488,89003130880.0,0.0003,129.81909656524658,152.66796875,0,0,exported_float_payload,False
operand_hybrid_plain_h16,Operand hybrid + plain H16,21230,2.485194683074951,3.006967544555664,0.16480544209480286,35300.00619565337,90.86135293306029,89045073920.0,0.0003,129.81909656524658,152.66796875,0,0,exported_float_payload,False
operand_hybrid_plain_h16,Operand hybrid + plain H16,21240,2.4956626892089844,2.989741325378418,0.10922206193208694,35115.08869182189,90.38537979906121,89087016960.0,0.0003,129.81909656524658,152.66796875,0,0,exported_float_payload,False
operand_hybrid_plain_h16,Operand hybrid + plain H16,21250,2.5026259422302246,3.763597011566162,0.16751728951931,35079.852334551026,90.29468227690447,89128960000.0,0.0003,129.81909656524658,152.66796875,0,0,exported_float_payload,False
operand_hybrid_plain_h16,Operand hybrid + plain H16,21260,2.479172468185425,2.975886106491089,0.10386749356985092,35044.5514212404,90.20381858907965,89170903040.0,0.0003,129.81909656524658,152.66796875,0,0,exported_float_payload,False
operand_hybrid_plain_h16,Operand hybrid + plain H16,21270,2.500119924545288,2.9284234046936035,0.07364340126514435,35051.95603246943,90.22287787735523,89212846080.0,0.0003,129.81909656524658,152.66796875,0,0,exported_float_payload,False
operand_hybrid_plain_h16,Operand hybrid + plain H16,21280,2.5014963150024414,2.9162824153900146,0.14528852701187134,34997.66617610556,90.08313711435304,89254789120.0,0.0003,129.81909656524658,152.66796875,0,0,exported_float_payload,False
operand_hybrid_plain_h16,Operand hybrid + plain H16,21290,2.494666337966919,2.962832450866699,0.0731583759188652,34995.857975901024,90.07848285123343,89296732160.0,0.0003,129.81909656524658,152.66796875,0,0,exported_float_payload,False
operand_hybrid_plain_h16,Operand hybrid + plain H16,21300,2.4950621128082275,2.988010883331299,0.07450153678655624,35061.39540760163,90.24717459817168,89338675200.0,0.0003,129.81909656524658,152.66796875,0,0,exported_float_payload,False
operand_hybrid_plain_h16,Operand hybrid + plain H16,21310,2.527519941329956,3.0218052864074707,0.28739190101623535,34915.208759249996,89.87089373928575,89380618240.0,0.0003,129.81909656524658,152.66796875,0,0,exported_float_payload,False
operand_hybrid_plain_h16,Operand hybrid + plain H16,21320,2.4992690086364746,3.027120590209961,0.08653485774993896,34991.483839558474,90.0672239312266,89422561280.0,0.0003,129.81909656524658,152.66796875,0,0,exported_float_payload,False
operand_hybrid_plain_h16,Operand hybrid + plain H16,21330,2.491241931915283,2.9066853523254395,0.0657467171549797,35003.92713716028,90.09925267503992,89464504320.0,0.0003,129.81909656524658,152.66796875,0,0,exported_float_payload,False
operand_hybrid_plain_h16,Operand hybrid + plain H16,21340,2.5047800540924072,3.829394578933716,0.16351601481437683,35013.072738138224,90.12279322836548,89506447360.0,0.0003,129.81909656524658,152.66796875,0,0,exported_float_payload,False
operand_hybrid_plain_h16,Operand hybrid + plain H16,21350,2.4822239875793457,2.9193689823150635,0.13482999801635742,34923.56199430804,89.89239476210525,89548390400.0,0.0003,129.81909656524658,152.66796875,0,0,exported_float_payload,False
operand_hybrid_plain_h16,Operand hybrid + plain H16,21360,2.533982992172241,4.893207550048828,0.15458618104457855,34899.16760910582,89.82960421098868,89590333440.0,0.0003,129.81909656524658,152.66796875,0,0,exported_float_payload,False
operand_hybrid_plain_h16,Operand hybrid + plain H16,21370,2.4791791439056396,2.9503860473632812,0.14324699342250824,34950.88583991982,89.9627256726966,89632276480.0,0.0003,129.81909656524658,152.66796875,0,0,exported_float_payload,False
operand_hybrid_plain_h16,Operand hybrid + plain H16,21380,2.5284037590026855,3.0611042976379395,0.08172842860221863,35035.18434902464,90.17970797420246,89674219520.0,0.0003,129.81909656524658,152.66796875,0,0,exported_float_payload,False
operand_hybrid_plain_h16,Operand hybrid + plain H16,21390,2.5191783905029297,3.0613112449645996,0.13567662239074707,34912.200145506395,89.86314964106431,89716162560.0,0.0003,129.81909656524658,152.66796875,0,0,exported_float_payload,False
operand_hybrid_plain_h16,Operand hybrid + plain H16,21400,2.518477439880371,2.9758992195129395,0.07870322465896606,34972.69818823798,90.01887012399925,89758105600.0,0.0003,129.81909656524658,152.66796875,0,0,exported_float_payload,False
operand_hybrid_plain_h16,Operand hybrid + plain H16,21410,2.5033395290374756,3.029108762741089,0.18349386751651764,34940.682948180234,89.9364636787992,89800048640.0,0.0003,129.81909656524658,152.66796875,0,0,exported_float_payload,False
operand_hybrid_plain_h16,Operand hybrid + plain H16,21420,2.5019893646240234,2.9899463653564453,0.09966479241847992,35022.4107084185,90.14682893557223,89841991680.0,0.0003,129.81909656524658,152.66796875,0,0,exported_float_payload,False
operand_hybrid_plain_h16,Operand hybrid + plain H16,21430,2.5423622131347656,3.128873109817505,0.06713351607322693,34973.32155209217,90.02047464731994,89883934720.0,0.0003,129.81909656524658,152.66796875,0,0,exported_float_payload,False
operand_hybrid_plain_h16,Operand hybrid + plain H16,21440,2.492483139038086,2.9763453006744385,0.16873739659786224,34971.949909180534,90.01694407199932,89925877760.0,0.0003,129.81909656524658,152.66796875,0,0,exported_float_payload,False
operand_hybrid_plain_h16,Operand hybrid + plain H16,21450,2.495709180831909,3.340911865234375,0.07247471064329147,34855.9456675338,89.71835199007232,89967820800.0,0.0003,129.81909656524658,152.66796875,0,0,exported_float_payload,False
operand_hybrid_plain_h16,Operand hybrid + plain H16,21460,2.52453351020813,3.5866360664367676,0.09908163547515869,35004.28945100004,90.10018526200561,90009763840.0,0.0003,129.81909656524658,152.66796875,0,0,exported_float_payload,False
operand_hybrid_plain_h16,Operand hybrid + plain H16,21470,2.5056674480438232,3.4478812217712402,0.09445658326148987,34960.36954084691,89.98713648702541,90051706880.0,0.0003,129.81909656524658,152.66796875,0,0,exported_float_payload,False
operand_hybrid_plain_h16,Operand hybrid + plain H16,21480,2.524221181869507,3.099087715148926,0.24389810860157013,35010.41518257844,90.11595274532654,90093649920.0,0.0003,129.81909656524658,152.66796875,0,0,exported_float_payload,False
operand_hybrid_plain_h16,Operand hybrid + plain H16,21490,2.5437018871307373,3.0768020153045654,0.09822720289230347,34977.02035913375,90.02999528621653,90135592960.0,0.0003,129.81909656524658,152.66796875,0,0,exported_float_payload,False
operand_hybrid_plain_h16,Operand hybrid + plain H16,21500,2.4975147247314453,3.015280246734619,0.08325561881065369,35015.73105993064,90.12963568366851,90177536000.0,0.0003,129.81909656524658,152.66796875,0,0,exported_float_payload,False
operand_hybrid_plain_h16,Operand hybrid + plain H16,21510,2.5125253200531006,2.979001998901367,0.5216121673583984,34903.27766964663,89.84018340633796,90219479040.0,0.0003,129.81909656524658,152.66796875,0,0,exported_float_payload,False
operand_hybrid_plain_h16,Operand hybrid + plain H16,21520,2.526998281478882,2.9545726776123047,0.10875826328992844,34958.64888189949,89.98270755296143,90261422080.0,0.0003,129.81909656524658,152.66796875,0,0,exported_float_payload,False
operand_hybrid_plain_h16,Operand hybrid + plain H16,21530,2.497365951538086,2.958526611328125,0.06824396550655365,34942.151591487294,89.9402439307662,90303365120.0,0.0003,129.81909656524658,152.66796875,0,0,exported_float_payload,False
operand_hybrid_plain_h16,Operand hybrid + plain H16,21540,2.512765884399414,3.0285279750823975,0.07747740298509598,34971.09638483514,90.01474712120122,90345308160.0,0.0003,129.81909656524658,152.66796875,0,0,exported_float_payload,False
operand_hybrid_plain_h16,Operand hybrid + plain H16,21550,2.5125892162323,3.189359426498413,0.1892472803592682,34968.1046601621,90.00704649503452,90387251200.0,0.0003,129.81909656524658,152.66796875,0,0,exported_float_payload,False
operand_hybrid_plain_h16,Operand hybrid + plain H16,21560,2.499744415283203,2.8880772590637207,0.13707402348518372,34891.97633955457,89.8110940589759,90429194240.0,0.0003,129.81909656524658,152.66796875,0,0,exported_float_payload,False
operand_hybrid_plain_h16,Operand hybrid + plain H16,21570,2.503354787826538,2.9937267303466797,0.11170382052659988,34970.581025354404,90.01342059849732,90471137280.0,0.0003,129.81909656524658,152.66796875,0,0,exported_float_payload,False
operand_hybrid_plain_h16,Operand hybrid + plain H16,21580,2.490413188934326,2.947848320007324,0.07856021076440811,34903.86469310733,89.84169439037426,90513080320.0,0.0003,129.81909656524658,152.66796875,0,0,exported_float_payload,False
operand_hybrid_plain_h16,Operand hybrid + plain H16,21590,2.494389295578003,2.9725165367126465,0.11756572127342224,34949.974501253266,89.9603799092493,90555023360.0,0.0003,129.81909656524658,152.66796875,0,0,exported_float_payload,False
operand_hybrid_plain_h16,Operand hybrid + plain H16,21600,2.492154836654663,2.9701499938964844,0.15153811872005463,34960.23254421216,89.98678386103686,90596966400.0,0.0003,129.81909656524658,152.66796875,0,0,exported_float_payload,False
operand_hybrid_plain_h16,Operand hybrid + plain H16,21610,2.5105183124542236,5.008264541625977,0.10118475556373596,34997.1895026615,90.08191016856175,90638909440.0,0.0003,129.81909656524658,152.66796875,0,0,exported_float_payload,False
operand_hybrid_plain_h16,Operand hybrid + plain H16,21620,2.462181568145752,2.951509475708008,0.0849708840250969,34981.44800203824,90.04139193080567,90680852480.0,0.0003,129.81909656524658,152.66796875,0,0,exported_float_payload,False
operand_hybrid_plain_h16,Operand hybrid + plain H16,21630,2.50278377532959,2.971378803253174,0.24964599311351776,34946.704651623106,89.95196339624255,90722795520.0,0.0003,129.81909656524658,152.66796875,0,0,exported_float_payload,False
operand_hybrid_plain_h16,Operand hybrid + plain H16,21640,2.508866786956787,4.580143928527832,0.10808642953634262,34930.5196578147,89.91030361787045,90764738560.0,0.0003,129.81909656524658,152.66796875,0,0,exported_float_payload,False
operand_hybrid_plain_h16,Operand hybrid + plain H16,21650,2.502870798110962,2.924464225769043,0.09419144690036774,34909.3282454502,89.85575744053187,90806681600.0,0.0003,129.81909656524658,152.66796875,0,0,exported_float_payload,False
operand_hybrid_plain_h16,Operand hybrid + plain H16,21660,2.5148704051971436,3.0259366035461426,0.26048240065574646,34962.69832481733,89.99313072003116,90848624640.0,0.0003,129.81909656524658,152.66796875,0,0,exported_float_payload,False
operand_hybrid_plain_h16,Operand hybrid + plain H16,21670,2.511814832687378,3.5369505882263184,0.1365451216697693,34954.707814416244,89.97256334161077,90890567680.0,0.0003,129.81909656524658,152.66796875,0,0,exported_float_payload,False
operand_hybrid_plain_h16,Operand hybrid + plain H16,21680,2.4909567832946777,3.012633800506592,0.09393498301506042,34964.226019409216,89.9970629685616,90932510720.0,0.0003,129.81909656524658,152.66796875,0,0,exported_float_payload,False
operand_hybrid_plain_h16,Operand hybrid + plain H16,21690,2.489851236343384,2.922640323638916,0.11554320156574249,35015.713191244286,90.1295896901067,90974453760.0,0.0003,129.81909656524658,152.66796875,0,0,exported_float_payload,False
operand_hybrid_plain_h16,Operand hybrid + plain H16,21700,2.4852986335754395,2.916545867919922,0.10878148674964905,34921.53065965437,89.88716615636876,91016396800.0,0.0003,129.81909656524658,152.66796875,0,0,exported_float_payload,False
operand_hybrid_plain_h16,Operand hybrid + plain H16,21710,2.472245693206787,3.1105966567993164,0.23989617824554443,34951.3724891846,89.96397829600654,91058339840.0,0.0003,129.81909656524658,152.66796875,0,0,exported_float_payload,False
operand_hybrid_plain_h16,Operand hybrid + plain H16,21720,2.4976091384887695,3.3147406578063965,0.1218288466334343,34962.48304625001,89.99257659826202,91100282880.0,0.0003,129.81909656524658,152.66796875,0,0,exported_float_payload,False
operand_hybrid_plain_h16,Operand hybrid + plain H16,21730,2.5263686180114746,3.2595579624176025,0.09732600301504135,34893.60687848657,89.81529102632346,91142225920.0,0.0003,129.81909656524658,152.66796875,0,0,exported_float_payload,False
operand_hybrid_plain_h16,Operand hybrid + plain H16,21740,2.462935447692871,3.117521286010742,0.1792435199022293,34945.13604450392,89.94792583986707,91184168960.0,0.0003,129.81909656524658,152.66796875,0,0,exported_float_payload,False
operand_hybrid_plain_h16,Operand hybrid + plain H16,21750,2.510282516479492,3.002601146697998,0.12740695476531982,34994.26139759929,90.07437329771793,91226112000.0,0.0003,129.81909656524658,152.66796875,0,0,exported_float_payload,False
operand_hybrid_plain_h16,Operand hybrid + plain H16,21760,2.4779162406921387,2.9508190155029297,0.09764033555984497,34909.625767056605,89.85652325387295,91268055040.0,0.0003,129.81909656524658,152.66796875,0,0,exported_float_payload,False
operand_hybrid_plain_h16,Operand hybrid + plain H16,21770,2.5013175010681152,2.9094951152801514,0.1801730841398239,34938.72133375867,89.93141453123566,91309998080.0,0.0003,129.81909656524658,152.66796875,0,0,exported_float_payload,False
operand_hybrid_plain_h16,Operand hybrid + plain H16,21780,2.4998791217803955,2.9348840713500977,0.10183370858430862,34937.120447129855,89.92729388819156,91351941120.0,0.0003,129.81909656524658,152.66796875,0,0,exported_float_payload,False
operand_hybrid_plain_h16,Operand hybrid + plain H16,21790,2.539212465286255,3.577864646911621,0.11551225930452347,34888.82775543013,89.8029896804162,91393884160.0,0.0003,129.81909656524658,152.66796875,0,0,exported_float_payload,False
operand_hybrid_plain_h16,Operand hybrid + plain H16,21800,2.494548797607422,3.0544724464416504,0.14988546073436737,34848.675342785384,89.6996383519148,91435827200.0,0.0003,129.81909656524658,152.66796875,0,0,exported_float_payload,False
operand_hybrid_plain_h16,Operand hybrid + plain H16,21810,2.5043814182281494,3.4044270515441895,0.10784918814897537,34940.770896439055,89.93669005546725,91477770240.0,0.0003,129.81909656524658,152.66796875,0,0,exported_float_payload,False
operand_hybrid_plain_h16,Operand hybrid + plain H16,21820,2.494877338409424,3.124107599258423,0.0784911960363388,34934.958930508576,89.92173019725314,91519713280.0,0.0003,129.81909656524658,152.66796875,0,0,exported_float_payload,False
operand_hybrid_plain_h16,Operand hybrid + plain H16,21830,2.4736509323120117,3.0140810012817383,0.0921156257390976,34932.29617289931,89.91487632426599,91561656320.0,0.0003,129.81909656524658,152.66796875,0,0,exported_float_payload,False
operand_hybrid_plain_h16,Operand hybrid + plain H16,21840,2.465765953063965,2.940706253051758,0.13569657504558563,34905.35912402361,89.84554101901692,91603599360.0,0.0003,129.81909656524658,152.66796875,0,0,exported_float_payload,False
operand_hybrid_plain_h16,Operand hybrid + plain H16,21850,2.457902431488037,3.0681166648864746,0.08369597047567368,34933.72611262999,89.9185569541736,91645542400.0,0.0003,129.81909656524658,152.66796875,0,0,exported_float_payload,False
operand_hybrid_plain_h16,Operand hybrid + plain H16,21860,2.4731814861297607,3.2601518630981445,0.15904518961906433,34931.74684251981,89.91346236129918,91687485440.0,0.0003,129.81909656524658,152.66796875,0,0,exported_float_payload,False
operand_hybrid_plain_h16,Operand hybrid + plain H16,21870,2.4990251064300537,3.18298602104187,0.08767501264810562,34951.536230376936,89.96439976183248,91729428480.0,0.0003,129.81909656524658,152.66796875,0,0,exported_float_payload,False
operand_hybrid_plain_h16,Operand hybrid + plain H16,21880,2.5189671516418457,3.064791679382324,0.09465178102254868,34908.81011567674,89.8544237871622,91771371520.0,0.0003,129.81909656524658,152.66796875,0,0,exported_float_payload,False
operand_hybrid_plain_h16,Operand hybrid + plain H16,21890,2.517085075378418,2.945906639099121,0.1508430540561676,35003.69538607094,90.0986561534018,91813314560.0,0.0003,129.81909656524658,152.66796875,0,0,exported_float_payload,False
operand_hybrid_plain_h16,Operand hybrid + plain H16,21900,2.4917893409729004,2.969602108001709,0.14123281836509705,34936.93892413452,89.92682665243944,91855257600.0,0.0003,129.81909656524658,152.66796875,0,0,exported_float_payload,False
operand_hybrid_plain_h16,Operand hybrid + plain H16,21910,2.493543863296509,3.055915355682373,0.12521536648273468,34869.51269465034,89.7532731861836,91897200640.0,0.0003,129.81909656524658,152.66796875,0,0,exported_float_payload,False
operand_hybrid_plain_h16,Operand hybrid + plain H16,21920,2.499523878097534,3.049560070037842,0.10947029292583466,34953.805400135214,89.97024054931362,91939143680.0,0.0003,129.81909656524658,152.66796875,0,0,exported_float_payload,False
operand_hybrid_plain_h16,Operand hybrid + plain H16,21930,2.494377851486206,2.8646116256713867,0.15474069118499756,34927.50995752271,89.90255672290002,91981086720.0,0.0003,129.81909656524658,152.66796875,0,0,exported_float_payload,False
operand_hybrid_plain_h16,Operand hybrid + plain H16,21940,2.5046637058258057,3.1691715717315674,0.12158617377281189,34974.56054095709,90.02366377436745,92023029760.0,0.0003,129.81909656524658,152.66796875,0,0,exported_float_payload,False
operand_hybrid_plain_h16,Operand hybrid + plain H16,21950,2.475529670715332,3.0775108337402344,0.10053682327270508,34866.14166725652,89.7445962440868,92064972800.0,0.0003,129.81909656524658,152.66796875,0,0,exported_float_payload,False
operand_hybrid_plain_h16,Operand hybrid + plain H16,21960,2.4976089000701904,3.07192325592041,0.11412207037210464,34905.55607322306,89.84604796144129,92106915840.0,0.0003,129.81909656524658,152.66796875,0,0,exported_float_payload,False
operand_hybrid_plain_h16,Operand hybrid + plain H16,21970,2.5114593505859375,3.108985185623169,0.1291123926639557,34946.37936733447,89.95112612243615,92148858880.0,0.0003,129.81909656524658,152.66796875,0,0,exported_float_payload,False
operand_hybrid_plain_h16,Operand hybrid + plain H16,21980,2.495933771133423,3.377963066101074,0.1147570088505745,34995.62617468444,90.07788620056903,92190801920.0,0.0003,129.81909656524658,152.66796875,0,0,exported_float_payload,False
operand_hybrid_plain_h16,Operand hybrid + plain H16,21990,2.509608268737793,2.9632248878479004,0.3041566014289856,34954.94679803961,89.97317847961463,92232744960.0,0.0003,129.81909656524658,152.66796875,0,0,exported_float_payload,False
operand_hybrid_plain_h16,Operand hybrid + plain H16,22000,2.524458885192871,3.015225410461426,0.1204681545495987,34981.56353480378,90.04168930931964,92274688000.0,0.0003,129.81909656524658,152.66796875,0,0,exported_float_payload,False
operand_hybrid_plain_h16,Operand hybrid + plain H16,22010,2.514385938644409,3.1064634323120117,0.07168576121330261,27580.608965612926,70.99181318675969,92316631040.0,0.0003,129.81909656524658,152.66796875,0,0,exported_float_payload,False
operand_hybrid_plain_h16,Operand hybrid + plain H16,22020,2.5423407554626465,3.2438619136810303,0.08017724007368088,34853.030815160106,89.71084923132474,92358574080.0,0.0003,129.81909656524658,152.66796875,0,0,exported_float_payload,False
operand_hybrid_plain_h16,Operand hybrid + plain H16,22030,2.500723123550415,3.300586700439453,0.1848221719264984,34932.53942890621,89.91550245928063,92400517120.0,0.0003,129.81909656524658,152.66796875,0,0,exported_float_payload,False
operand_hybrid_plain_h16,Operand hybrid + plain H16,22040,2.4658701419830322,2.900606393814087,0.14895573258399963,34958.6607363111,89.9827380659271,92442460160.0,0.0003,129.81909656524658,152.66796875,0,0,exported_float_payload,False
operand_hybrid_plain_h16,Operand hybrid + plain H16,22050,2.5246052742004395,3.0368080139160156,0.0809892937541008,34978.51408074202,90.03384008911772,92484403200.0,0.0003,129.81909656524658,152.66796875,0,0,exported_float_payload,False
operand_hybrid_plain_h16,Operand hybrid + plain H16,22060,2.4823012351989746,3.070241928100586,0.10098977386951447,34931.64847389987,89.91320916287637,92526346240.0,0.0003,129.81909656524658,152.66796875,0,0,exported_float_payload,False
operand_hybrid_plain_h16,Operand hybrid + plain H16,22070,2.503544569015503,3.04887056350708,1.5874418020248413,34943.973984915145,89.9449347268956,92568289280.0,0.0003,129.81909656524658,152.66796875,0,0,exported_float_payload,False
operand_hybrid_plain_h16,Operand hybrid + plain H16,22080,2.5160679817199707,3.038905620574951,0.18139183521270752,34954.161960540114,89.97115832707864,92610232320.0,0.0003,129.81909656524658,152.66796875,0,0,exported_float_payload,False
operand_hybrid_plain_h16,Operand hybrid + plain H16,22090,2.482006549835205,2.964463233947754,0.09777843207120895,34942.078147334825,89.9400548873133,92652175360.0,0.0003,129.81909656524658,152.66796875,0,0,exported_float_payload,False
operand_hybrid_plain_h16,Operand hybrid + plain H16,22100,2.513766050338745,2.961763381958008,0.06566087901592255,34920.24681432082,89.88386156986766,92694118400.0,0.0003,129.81909656524658,152.66796875,0,0,exported_float_payload,False
operand_hybrid_plain_h16,Operand hybrid + plain H16,22110,2.466554641723633,3.12947416305542,0.17193648219108582,34980.19252600286,90.03816036618447,92736061440.0,0.0003,129.81909656524658,152.66796875,0,0,exported_float_payload,False
operand_hybrid_plain_h16,Operand hybrid + plain H16,22120,2.473170280456543,2.921886920928955,0.10450448095798492,34980.59645249632,90.03920006310346,92778004480.0,0.0003,129.81909656524658,152.66796875,0,0,exported_float_payload,False
operand_hybrid_plain_h16,Operand hybrid + plain H16,22130,2.5201222896575928,3.009596347808838,0.1028369814157486,34970.83788311035,90.01408174408147,92819947520.0,0.0003,129.81909656524658,152.66796875,0,0,exported_float_payload,False
operand_hybrid_plain_h16,Operand hybrid + plain H16,22140,2.489027261734009,3.0734009742736816,0.08853539079427719,34954.08203595743,89.9709526031568,92861890560.0,0.0003,129.81909656524658,152.66796875,0,0,exported_float_payload,False
operand_hybrid_plain_h16,Operand hybrid + plain H16,22150,2.48211407661438,2.980618953704834,0.09280768781900406,34921.002227331075,89.88580598448773,92903833600.0,0.0003,129.81909656524658,152.66796875,0,0,exported_float_payload,False
operand_hybrid_plain_h16,Operand hybrid + plain H16,22160,2.507322311401367,3.2110629081726074,0.10678452253341675,34942.29018273933,89.94060066126065,92945776640.0,0.0003,129.81909656524658,152.66796875,0,0,exported_float_payload,False
operand_hybrid_plain_h16,Operand hybrid + plain H16,22170,2.476670503616333,3.0428240299224854,0.11930981278419495,34909.69753511968,89.85670798311271,92987719680.0,0.0003,129.81909656524658,152.66796875,0,0,exported_float_payload,False
operand_hybrid_plain_h16,Operand hybrid + plain H16,22180,2.504485607147217,4.336838245391846,0.0920754075050354,34928.02872814957,89.90389202581065,93029662720.0,0.0003,129.81909656524658,152.66796875,0,0,exported_float_payload,False
operand_hybrid_plain_h16,Operand hybrid + plain H16,22190,2.535128593444824,3.1735033988952637,0.15374377369880676,34964.94092702409,89.99890312328421,93071605760.0,0.0003,129.81909656524658,152.66796875,0,0,exported_float_payload,False
operand_hybrid_plain_h16,Operand hybrid + plain H16,22200,2.531996965408325,3.121108055114746,0.08689232170581818,34912.36299709578,89.86356881707398,93113548800.0,0.0003,129.81909656524658,152.66796875,0,0,exported_float_payload,False
operand_hybrid_plain_h16,Operand hybrid + plain H16,22210,2.509462356567383,3.3294010162353516,0.10421276092529297,34948.949867536634,89.95774252711293,93155491840.0,0.0003,129.81909656524658,152.66796875,0,0,exported_float_payload,False
operand_hybrid_plain_h16,Operand hybrid + plain H16,22220,2.493962049484253,3.0129902362823486,0.12883307039737701,34906.39317857002,89.84820265013879,93197434880.0,0.0003,129.81909656524658,152.66796875,0,0,exported_float_payload,False
operand_hybrid_plain_h16,Operand hybrid + plain H16,22230,2.49470853805542,3.341472864151001,0.0869571715593338,34976.939601970895,90.0297874192537,93239377920.0,0.0003,129.81909656524658,152.66796875,0,0,exported_float_payload,False
operand_hybrid_plain_h16,Operand hybrid + plain H16,22240,2.4847755432128906,3.0028786659240723,0.10498881340026855,34963.272681954,89.99460910125906,93281320960.0,0.0003,129.81909656524658,152.66796875,0,0,exported_float_payload,False
operand_hybrid_plain_h16,Operand hybrid + plain H16,22250,2.5167813301086426,2.999908685684204,0.1535840481519699,34986.24613979768,90.0537422200936,93323264000.0,0.0003,129.81909656524658,152.66796875,0,0,exported_float_payload,False
operand_hybrid_plain_h16,Operand hybrid + plain H16,22260,2.5051774978637695,3.0306289196014404,0.0945938304066658,34967.47931048579,90.00543686025624,93365207040.0,0.0003,129.81909656524658,152.66796875,0,0,exported_float_payload,False
operand_hybrid_plain_h16,Operand hybrid + plain H16,22270,2.520263671875,2.991820812225342,0.1253785789012909,34998.11151202386,90.08428339811917,93407150080.0,0.0003,129.81909656524658,152.66796875,0,0,exported_float_payload,False
operand_hybrid_plain_h16,Operand hybrid + plain H16,22280,2.5060243606567383,2.941310167312622,0.08375149965286255,34930.833070268476,89.91111033386414,93449093120.0,0.0003,129.81909656524658,152.66796875,0,0,exported_float_payload,False
operand_hybrid_plain_h16,Operand hybrid + plain H16,22290,2.5065834522247314,3.329454183578491,0.18703486025333405,34935.682523295174,89.92359270739544,93491036160.0,0.0003,129.81909656524658,152.66796875,0,0,exported_float_payload,False
operand_hybrid_plain_h16,Operand hybrid + plain H16,22300,2.4836108684539795,3.1406803131103516,0.08867105841636658,34941.54733063789,89.9386885781128,93532979200.0,0.0003,129.81909656524658,152.66796875,0,0,exported_float_payload,False
operand_hybrid_plain_h16,Operand hybrid + plain H16,22310,2.4882466793060303,2.9592931270599365,0.15537364780902863,34959.22992577354,89.98420314568789,93574922240.0,0.0003,129.81909656524658,152.66796875,0,0,exported_float_payload,False
operand_hybrid_plain_h16,Operand hybrid + plain H16,22320,2.5102524757385254,3.1265454292297363,0.1687600314617157,34965.89649337661,90.00136272771392,93616865280.0,0.0003,129.81909656524658,152.66796875,0,0,exported_float_payload,False
operand_hybrid_plain_h16,Operand hybrid + plain H16,22330,2.4876203536987305,3.050581693649292,0.12886765599250793,34948.095542145275,89.95554351444213,93658808320.0,0.0003,129.81909656524658,152.66796875,0,0,exported_float_payload,False
operand_hybrid_plain_h16,Operand hybrid + plain H16,22340,2.534660816192627,2.993769407272339,0.191767156124115,34987.63032659822,90.0573050830776,93700751360.0,0.0003,129.81909656524658,152.66796875,0,0,exported_float_payload,False
operand_hybrid_plain_h16,Operand hybrid + plain H16,22350,2.5048205852508545,2.9985976219177246,0.08248521387577057,34946.16567600557,89.9505760861799,93742694400.0,0.0003,129.81909656524658,152.66796875,0,0,exported_float_payload,False
operand_hybrid_plain_h16,Operand hybrid + plain H16,22360,2.469777822494507,2.9028561115264893,0.07690245658159256,34930.47716261729,89.91019423627124,93784637440.0,0.0003,129.81909656524658,152.66796875,0,0,exported_float_payload,False
operand_hybrid_plain_h16,Operand hybrid + plain H16,22370,2.4886622428894043,2.962175130844116,0.16247674822807312,34934.69934819022,89.92106203871195,93826580480.0,0.0003,129.81909656524658,152.66796875,0,0,exported_float_payload,False
operand_hybrid_plain_h16,Operand hybrid + plain H16,22380,2.5063388347625732,2.94049072265625,0.1630169153213501,34904.47766950308,89.84327217663088,93868523520.0,0.0003,129.81909656524658,152.66796875,0,0,exported_float_payload,False
operand_hybrid_plain_h16,Operand hybrid + plain H16,22390,2.555732488632202,4.847582817077637,0.12429077178239822,34930.48450729025,89.91021314127987,93910466560.0,0.0003,129.81909656524658,152.66796875,0,0,exported_float_payload,False
operand_hybrid_plain_h16,Operand hybrid + plain H16,22400,2.4742636680603027,2.930363655090332,0.08594096451997757,34886.86335120154,89.79793335195755,93952409600.0,0.0003,129.81909656524658,152.66796875,0,0,exported_float_payload,False
operand_hybrid_plain_h16,Operand hybrid + plain H16,22410,2.4984161853790283,3.0683956146240234,0.09477651864290237,34942.4816095181,89.9410933891092,93994352640.0,0.0003,129.81909656524658,152.66796875,0,0,exported_float_payload,False
operand_hybrid_plain_h16,Operand hybrid + plain H16,22420,2.465893030166626,3.1351799964904785,0.09505880624055862,34859.25875630647,89.72687979957479,94036295680.0,0.0003,129.81909656524658,152.66796875,0,0,exported_float_payload,False
operand_hybrid_plain_h16,Operand hybrid + plain H16,22430,2.4897890090942383,2.9944329261779785,0.10636318475008011,34927.87031331425,89.90348426989746,94078238720.0,0.0003,129.81909656524658,152.66796875,0,0,exported_float_payload,False
operand_hybrid_plain_h16,Operand hybrid + plain H16,22440,2.5106661319732666,3.0266547203063965,0.10339628159999847,34908.62751812028,89.85395378551603,94120181760.0,0.0003,129.81909656524658,152.66796875,0,0,exported_float_payload,False
operand_hybrid_plain_h16,Operand hybrid + plain H16,22450,2.5163698196411133,2.9957711696624756,0.1560986489057541,34980.99017672105,90.04021349963213,94162124800.0,0.0003,129.81909656524658,152.66796875,0,0,exported_float_payload,False
operand_hybrid_plain_h16,Operand hybrid + plain H16,22460,2.526742935180664,3.2186007499694824,0.07638940960168839,34937.79466158788,89.92902929972333,94204067840.0,0.0003,129.81909656524658,152.66796875,0,0,exported_float_payload,False
operand_hybrid_plain_h16,Operand hybrid + plain H16,22470,2.500516891479492,2.9308130741119385,0.09048149734735489,34993.379616061466,90.07210361359735,94246010880.0,0.0003,129.81909656524658,152.66796875,0,0,exported_float_payload,False
operand_hybrid_plain_h16,Operand hybrid + plain H16,22480,2.4983866214752197,2.944578170776367,0.10666140913963318,34908.71320575415,89.85417434339074,94287953920.0,0.0003,129.81909656524658,152.66796875,0,0,exported_float_payload,False
operand_hybrid_plain_h16,Operand hybrid + plain H16,22490,2.4934747219085693,2.9248175621032715,0.10680795460939407,34889.82240935464,89.80554989530059,94329896960.0,0.0003,129.81909656524658,152.66796875,0,0,exported_float_payload,False
operand_hybrid_plain_h16,Operand hybrid + plain H16,22500,2.492455244064331,3.463042736053467,0.09588400274515152,34900.629359415776,89.83336672054963,94371840000.0,0.0003,129.81909656524658,152.66796875,0,0,exported_float_payload,False
operand_hybrid_plain_h16,Operand hybrid + plain H16,22510,2.5249216556549072,4.401618957519531,0.08851238340139389,34941.5218920112,89.93862309970963,94413783040.0,0.0003,129.81909656524658,152.66796875,0,0,exported_float_payload,False
operand_hybrid_plain_h16,Operand hybrid + plain H16,22520,2.4984376430511475,2.9965810775756836,0.08852081745862961,34944.270826700915,89.94569879039499,94455726080.0,0.0003,129.81909656524658,152.66796875,0,0,exported_float_payload,False
operand_hybrid_plain_h16,Operand hybrid + plain H16,22530,2.502288818359375,2.927018642425537,0.1931954324245453,34946.8933967515,89.9524492215886,94497669120.0,0.0003,129.81909656524658,152.66796875,0,0,exported_float_payload,False
operand_hybrid_plain_h16,Operand hybrid + plain H16,22540,2.4942667484283447,2.963352680206299,0.11144281923770905,34928.94002100784,89.90623767134853,94539612160.0,0.0003,129.81909656524658,152.66796875,0,0,exported_float_payload,False
operand_hybrid_plain_h16,Operand hybrid + plain H16,22550,2.516120433807373,2.9742565155029297,0.0828343853354454,34925.007645833124,89.89611583378753,94581555200.0,0.0003,129.81909656524658,152.66796875,0,0,exported_float_payload,False
operand_hybrid_plain_h16,Operand hybrid + plain H16,22560,2.521399736404419,4.206993103027344,0.08963877707719803,34869.1109621997,89.75223913667723,94623498240.0,0.0003,129.81909656524658,152.66796875,0,0,exported_float_payload,False
operand_hybrid_plain_h16,Operand hybrid + plain H16,22570,2.4802749156951904,3.0354716777801514,0.09233571588993073,35025.814362775294,90.15558985867406,94665441280.0,0.0003,129.81909656524658,152.66796875,0,0,exported_float_payload,False
operand_hybrid_plain_h16,Operand hybrid + plain H16,22580,2.476292848587036,3.061497688293457,0.11673364788293839,34895.55666302236,89.82030972405026,94707384320.0,0.0003,129.81909656524658,152.66796875,0,0,exported_float_payload,False
operand_hybrid_plain_h16,Operand hybrid + plain H16,22590,2.5079290866851807,3.1122090816497803,0.14426840841770172,34938.06366256572,89.92972170166374,94749327360.0,0.0003,129.81909656524658,152.66796875,0,0,exported_float_payload,False
operand_hybrid_plain_h16,Operand hybrid + plain H16,22600,2.5063042640686035,2.989719867706299,0.13613231480121613,34928.560323632846,89.90526033958815,94791270400.0,0.0003,129.81909656524658,152.66796875,0,0,exported_float_payload,False
operand_hybrid_plain_h16,Operand hybrid + plain H16,22610,2.465332508087158,3.110501766204834,0.07755713164806366,34842.66061006247,89.6841565769342,94833213440.0,0.0003,129.81909656524658,152.66796875,0,0,exported_float_payload,False
operand_hybrid_plain_h16,Operand hybrid + plain H16,22620,2.465421676635742,3.008338451385498,0.10649233311414719,34159.82485046402,87.92655402569645,94875156480.0,0.0003,129.81909656524658,152.66796875,0,0,exported_float_payload,False
operand_hybrid_plain_h16,Operand hybrid + plain H16,22630,2.522000789642334,3.0871634483337402,0.1343041956424713,34918.366054851,89.87902054097317,94917099520.0,0.0003,129.81909656524658,152.66796875,0,0,exported_float_payload,False
operand_hybrid_plain_h16,Operand hybrid + plain H16,22640,2.491039276123047,3.060758352279663,0.09524758160114288,34924.74387106524,89.89543688398378,94959042560.0,0.0003,129.81909656524658,152.66796875,0,0,exported_float_payload,False
operand_hybrid_plain_h16,Operand hybrid + plain H16,22650,2.501272201538086,3.607602596282959,0.19560088217258453,34937.06383496494,89.92714816986312,95000985600.0,0.0003,129.81909656524658,152.66796875,0,0,exported_float_payload,False
operand_hybrid_plain_h16,Operand hybrid + plain H16,22660,2.4879794120788574,3.0492308139801025,0.15615645051002502,34883.22506642854,89.78856849590063,95042928640.0,0.0003,129.81909656524658,152.66796875,0,0,exported_float_payload,False
operand_hybrid_plain_h16,Operand hybrid + plain H16,22670,2.4869766235351562,3.0046792030334473,0.08671052008867264,34942.44521274745,89.94099970471139,95084871680.0,0.0003,129.81909656524658,152.66796875,0,0,exported_float_payload,False
operand_hybrid_plain_h16,Operand hybrid + plain H16,22680,2.52360200881958,3.0989174842834473,0.24498111009597778,34933.5421462635,89.91808342924385,95126814720.0,0.0003,129.81909656524658,152.66796875,0,0,exported_float_payload,False
operand_hybrid_plain_h16,Operand hybrid + plain H16,22690,2.4938509464263916,3.010941505432129,0.12186186760663986,34938.93481858459,89.93196403595829,95168757760.0,0.0003,129.81909656524658,152.66796875,0,0,exported_float_payload,False
operand_hybrid_plain_h16,Operand hybrid + plain H16,22700,2.498661518096924,3.048966407775879,0.10250473767518997,35053.21497780385,90.22611837186733,95210700800.0,0.0003,129.81909656524658,152.66796875,0,0,exported_float_payload,False
operand_hybrid_plain_h16,Operand hybrid + plain H16,22710,2.5062248706817627,3.002338409423828,0.18919698894023895,34985.72145488927,90.05239169396687,95252643840.0,0.0003,129.81909656524658,152.66796875,0,0,exported_float_payload,False
operand_hybrid_plain_h16,Operand hybrid + plain H16,22720,2.550166368484497,3.7029004096984863,0.11255006492137909,34923.30096771301,89.89172288603123,95294586880.0,0.0003,129.81909656524658,152.66796875,0,0,exported_float_payload,False
operand_hybrid_plain_h16,Operand hybrid + plain H16,22730,2.4947032928466797,3.206108808517456,0.07461947202682495,34916.83721382266,89.87508534154333,95336529920.0,0.0003,129.81909656524658,152.66796875,0,0,exported_float_payload,False
operand_hybrid_plain_h16,Operand hybrid + plain H16,22740,2.4850528240203857,2.9642739295959473,0.10382635146379471,34948.50759523743,89.95660412902745,95378472960.0,0.0003,129.81909656524658,152.66796875,0,0,exported_float_payload,False
operand_hybrid_plain_h16,Operand hybrid + plain H16,22750,2.5345585346221924,3.297593355178833,0.11552505195140839,34933.37072503136,89.91764219518323,95420416000.0,0.0003,129.81909656524658,152.66796875,0,0,exported_float_payload,False
operand_hybrid_plain_h16,Operand hybrid + plain H16,22760,2.5053088665008545,3.0131585597991943,0.10960842669010162,34932.22792975151,89.91470066807196,95462359040.0,0.0003,129.81909656524658,152.66796875,0,0,exported_float_payload,False
operand_hybrid_plain_h16,Operand hybrid + plain H16,22770,2.4517157077789307,3.1410181522369385,0.11988203972578049,34905.996309143644,89.84718111793798,95504302080.0,0.0003,129.81909656524658,152.66796875,0,0,exported_float_payload,False
operand_hybrid_plain_h16,Operand hybrid + plain H16,22780,2.454545497894287,2.9753222465515137,0.19079388678073883,34924.20520223843,89.89405036359292,95546245120.0,0.0003,129.81909656524658,152.66796875,0,0,exported_float_payload,False
operand_hybrid_plain_h16,Operand hybrid + plain H16,22790,2.4995930194854736,3.004333019256592,0.11923542618751526,34923.301509232304,89.89172427988865,95588188160.0,0.0003,129.81909656524658,152.66796875,0,0,exported_float_payload,False
operand_hybrid_plain_h16,Operand hybrid + plain H16,22800,2.497218370437622,2.961343765258789,0.17663517594337463,34970.17034565061,90.01236351898005,95630131200.0,0.0003,129.81909656524658,152.66796875,0,0,exported_float_payload,False
operand_hybrid_plain_h16,Operand hybrid + plain H16,22810,2.5020344257354736,3.1974241733551025,0.11846283078193665,35016.76109892642,90.13228697886126,95672074240.0,0.0003,129.81909656524658,152.66796875,0,0,exported_float_payload,False
operand_hybrid_plain_h16,Operand hybrid + plain H16,22820,2.4831016063690186,3.425049304962158,0.25876063108444214,34967.41111268381,90.00526132078124,95714017280.0,0.0003,129.81909656524658,152.66796875,0,0,exported_float_payload,False
operand_hybrid_plain_h16,Operand hybrid + plain H16,22830,2.468637466430664,2.9818880558013916,0.11313724517822266,34954.781074877916,89.97275191224803,95755960320.0,0.0003,129.81909656524658,152.66796875,0,0,exported_float_payload,False
operand_hybrid_plain_h16,Operand hybrid + plain H16,22840,2.458621025085449,2.87005352973938,0.08958718180656433,34898.551457320784,89.82801825135766,95797903360.0,0.0003,129.81909656524658,152.66796875,0,0,exported_float_payload,False
operand_hybrid_plain_h16,Operand hybrid + plain H16,22850,2.5448431968688965,3.308631420135498,0.11144895851612091,34942.74016729912,89.94175891051633,95839846400.0,0.0003,129.81909656524658,152.66796875,0,0,exported_float_payload,False
operand_hybrid_plain_h16,Operand hybrid + plain H16,22860,2.5024595260620117,2.9820756912231445,0.18635860085487366,34966.221562850864,90.00219944859334,95881789440.0,0.0003,129.81909656524658,152.66796875,0,0,exported_float_payload,False
operand_hybrid_plain_h16,Operand hybrid + plain H16,22870,2.507631301879883,2.9059247970581055,0.11372321099042892,34942.174503015915,89.94030290448072,95923732480.0,0.0003,129.81909656524658,152.66796875,0,0,exported_float_payload,False
operand_hybrid_plain_h16,Operand hybrid + plain H16,22880,2.51231050491333,3.12374210357666,0.09807828068733215,35014.63091476528,90.12680393690923,95965675520.0,0.0003,129.81909656524658,152.66796875,0,0,exported_float_payload,False
operand_hybrid_plain_h16,Operand hybrid + plain H16,22890,2.477856397628784,3.037064552307129,0.11319174617528915,34944.95637215434,89.94746336763188,96007618560.0,0.0003,129.81909656524658,152.66796875,0,0,exported_float_payload,False
operand_hybrid_plain_h16,Operand hybrid + plain H16,22900,2.474982261657715,2.949431896209717,0.16415083408355713,21745.710681005785,55.97292765377416,96049561600.0,0.0003,129.81909656524658,152.66796875,0,0,exported_float_payload,False
operand_hybrid_plain_h16,Operand hybrid + plain H16,22910,2.4930214881896973,3.040543556213379,0.11018773913383484,35058.39003659536,90.23943884667683,96091504640.0,0.0003,129.81909656524658,152.66796875,0,0,exported_float_payload,False
operand_hybrid_plain_h16,Operand hybrid + plain H16,22920,2.4963483810424805,3.213827133178711,0.07968033105134964,34965.88857402342,90.00134234349242,96133447680.0,0.0003,129.81909656524658,152.66796875,0,0,exported_float_payload,False
operand_hybrid_plain_h16,Operand hybrid + plain H16,22930,2.501955270767212,2.9900145530700684,0.12569327652454376,34918.96565713362,89.88056390258957,96175390720.0,0.0003,129.81909656524658,152.66796875,0,0,exported_float_payload,False
operand_hybrid_plain_h16,Operand hybrid + plain H16,22940,2.517648935317993,3.105576753616333,0.11527132987976074,34966.26665625872,90.00231551792272,96217333760.0,0.0003,129.81909656524658,152.66796875,0,0,exported_float_payload,False
operand_hybrid_plain_h16,Operand hybrid + plain H16,22950,2.5077731609344482,3.564791202545166,0.14039568603038788,34971.66671265464,90.01621513106524,96259276800.0,0.0003,129.81909656524658,152.66796875,0,0,exported_float_payload,False
operand_hybrid_plain_h16,Operand hybrid + plain H16,22960,2.4641506671905518,2.90789794921875,0.11546651273965836,35000.74998577845,90.09107476505808,96301219840.0,0.0003,129.81909656524658,152.66796875,0,0,exported_float_payload,False
operand_hybrid_plain_h16,Operand hybrid + plain H16,22970,2.5092928409576416,2.9391140937805176,0.139740988612175,34902.79202788756,89.83893337632308,96343162880.0,0.0003,129.81909656524658,152.66796875,0,0,exported_float_payload,False
operand_hybrid_plain_h16,Operand hybrid + plain H16,22980,2.486633062362671,2.9511992931365967,0.12362443655729294,34984.88297768389,90.05023347413929,96385105920.0,0.0003,129.81909656524658,152.66796875,0,0,exported_float_payload,False
operand_hybrid_plain_h16,Operand hybrid + plain H16,22990,2.492594003677368,3.022068977355957,0.0831763967871666,34990.25640532907,90.06406454552844,96427048960.0,0.0003,129.81909656524658,152.66796875,0,0,exported_float_payload,False
operand_hybrid_plain_h16,Operand hybrid + plain H16,23000,2.4573895931243896,2.971771717071533,0.20215973258018494,34978.82622684841,90.03464354556422,96468992000.0,0.0003,129.81909656524658,152.66796875,0,0,exported_float_payload,False
operand_hybrid_plain_h16,Operand hybrid + plain H16,23010,2.4926819801330566,3.0624146461486816,0.10157240182161331,27600.60217760216,71.04327522562592,96510935040.0,0.0003,129.81909656524658,152.66796875,0,0,exported_float_payload,False
operand_hybrid_plain_h16,Operand hybrid + plain H16,23020,2.518897771835327,2.9641079902648926,0.18137796223163605,34915.82358683242,89.8724762904516,96552878080.0,0.0003,129.81909656524658,152.66796875,0,0,exported_float_payload,False
operand_hybrid_plain_h16,Operand hybrid + plain H16,23030,2.507030963897705,4.620056629180908,0.09413275122642517,34904.85558486221,89.844244921526,96594821120.0,0.0003,129.81909656524658,152.66796875,0,0,exported_float_payload,False
operand_hybrid_plain_h16,Operand hybrid + plain H16,23040,2.5144121646881104,3.045384407043457,0.16567718982696533,34941.240905709594,89.93789984783884,96636764160.0,0.0003,129.81909656524658,152.66796875,0,0,exported_float_payload,False
operand_hybrid_plain_h16,Operand hybrid + plain H16,23050,2.505183458328247,3.176203727722168,0.11506768316030502,34895.91059604725,89.82122073900338,96678707200.0,0.0003,129.81909656524658,152.66796875,0,0,exported_float_payload,False
operand_hybrid_plain_h16,Operand hybrid + plain H16,23060,2.4662017822265625,3.1265008449554443,0.10969874262809753,34948.91322610941,89.95764821297507,96720650240.0,0.0003,129.81909656524658,152.66796875,0,0,exported_float_payload,False
operand_hybrid_plain_h16,Operand hybrid + plain H16,23070,2.50244140625,2.9466772079467773,0.22139281034469604,34933.70192168718,89.91849468727821,96762593280.0,0.0003,129.81909656524658,152.66796875,0,0,exported_float_payload,False
operand_hybrid_plain_h16,Operand hybrid + plain H16,23080,2.5198421478271484,3.1432998180389404,0.09733007848262787,34929.99760726072,89.90895987250758,96804536320.0,0.0003,129.81909656524658,152.66796875,0,0,exported_float_payload,False
operand_hybrid_plain_h16,Operand hybrid + plain H16,23090,2.489445209503174,3.368544101715088,0.09953818470239639,34938.193411131695,89.93005567130047,96846479360.0,0.0003,129.81909656524658,152.66796875,0,0,exported_float_payload,False
operand_hybrid_plain_h16,Operand hybrid + plain H16,23100,2.5129384994506836,3.42559552192688,0.15607765316963196,34908.3887992273,89.85333932892172,96888422400.0,0.0003,129.81909656524658,152.66796875,0,0,exported_float_payload,False
operand_hybrid_plain_h16,Operand hybrid + plain H16,23110,2.489175319671631,3.433497905731201,0.10987245291471481,34984.78027370564,90.04996911661019,96930365440.0,0.0003,129.81909656524658,152.66796875,0,0,exported_float_payload,False
operand_hybrid_plain_h16,Operand hybrid + plain H16,23120,2.5233263969421387,3.102201461791992,0.12023705244064331,34933.67331757504,89.91842106099288,96972308480.0,0.0003,129.81909656524658,152.66796875,0,0,exported_float_payload,False
operand_hybrid_plain_h16,Operand hybrid + plain H16,23130,2.5256848335266113,3.130502223968506,0.10997957736253738,34937.90821868865,89.92932159292445,97014251520.0,0.0003,129.81909656524658,152.66796875,0,0,exported_float_payload,False
operand_hybrid_plain_h16,Operand hybrid + plain H16,23140,2.517120361328125,3.770615816116333,0.07984554767608643,34935.357494242344,89.92275609055977,97056194560.0,0.0003,129.81909656524658,152.66796875,0,0,exported_float_payload,False
operand_hybrid_plain_h16,Operand hybrid + plain H16,23150,2.4937210083007812,3.003495216369629,0.08233362436294556,34924.40234564442,89.89455780590019,97098137600.0,0.0003,129.81909656524658,152.66796875,0,0,exported_float_payload,False
operand_hybrid_plain_h16,Operand hybrid + plain H16,23160,2.465386390686035,2.907683849334717,0.12327894568443298,34838.00713803671,89.67217865370797,97140080640.0,0.0003,129.81909656524658,152.66796875,0,0,exported_float_payload,False
operand_hybrid_plain_h16,Operand hybrid + plain H16,23170,2.515367269515991,2.9125542640686035,0.09643514454364777,34868.47829906435,89.75061067723419,97182023680.0,0.0003,129.81909656524658,152.66796875,0,0,exported_float_payload,False
operand_hybrid_plain_h16,Operand hybrid + plain H16,23180,2.4990346431732178,3.288560152053833,0.13949614763259888,34901.36461585903,89.835259252659,97223966720.0,0.0003,129.81909656524658,152.66796875,0,0,exported_float_payload,False
operand_hybrid_plain_h16,Operand hybrid + plain H16,23190,2.47788143157959,2.8687429428100586,0.15468288958072662,34957.677930831785,89.98020834865096,97265909760.0,0.0003,129.81909656524658,152.66796875,0,0,exported_float_payload,False
operand_hybrid_plain_h16,Operand hybrid + plain H16,23200,2.470127582550049,2.910892963409424,0.1153305321931839,34887.111997499414,89.79857336144937,97307852800.0,0.0003,129.81909656524658,152.66796875,0,0,exported_float_payload,False
operand_hybrid_plain_h16,Operand hybrid + plain H16,23210,2.460460901260376,3.0483040809631348,0.2526506185531616,34948.203521130774,89.95582144971094,97349795840.0,0.0003,129.81909656524658,152.66796875,0,0,exported_float_payload,False
operand_hybrid_plain_h16,Operand hybrid + plain H16,23220,2.6324236392974854,6.566925048828125,0.3781861364841461,34945.836777271186,89.9497295088785,97391738880.0,0.0003,129.81909656524658,152.66796875,0,0,exported_float_payload,False
operand_hybrid_plain_h16,Operand hybrid + plain H16,23230,2.477277994155884,3.0601067543029785,0.13562293350696564,34879.92080155791,89.78006339890631,97433681920.0,0.0003,129.81909656524658,152.66796875,0,0,exported_float_payload,False
operand_hybrid_plain_h16,Operand hybrid + plain H16,23240,2.4879870414733887,3.055870771408081,0.08257012069225311,34952.73175307951,89.96747700804076,97475624960.0,0.0003,129.81909656524658,152.66796875,0,0,exported_float_payload,False
operand_hybrid_plain_h16,Operand hybrid + plain H16,23250,2.4965620040893555,3.4188005924224854,0.11545036733150482,34938.2187333499,89.93012085007105,97517568000.0,0.0003,129.81909656524658,152.66796875,0,0,exported_float_payload,False
operand_hybrid_plain_h16,Operand hybrid + plain H16,23260,2.5156209468841553,3.9540493488311768,0.10600263625383377,34976.06885134609,90.02754612843357,97559511040.0,0.0003,129.81909656524658,152.66796875,0,0,exported_float_payload,False
operand_hybrid_plain_h16,Operand hybrid + plain H16,23270,2.4796807765960693,3.28825306892395,0.10904975980520248,34947.70492491004,89.95453807522843,97601454080.0,0.0003,129.81909656524658,152.66796875,0,0,exported_float_payload,False
operand_hybrid_plain_h16,Operand hybrid + plain H16,23280,2.479421377182007,2.9680747985839844,0.12990938127040863,34972.50967374799,90.01838489231082,97643397120.0,0.0003,129.81909656524658,152.66796875,0,0,exported_float_payload,False
operand_hybrid_plain_h16,Operand hybrid + plain H16,23290,2.5074727535247803,4.235273838043213,0.198890820145607,34937.290242010975,89.9277309360644,97685340160.0,0.0003,129.81909656524658,152.66796875,0,0,exported_float_payload,False
operand_hybrid_plain_h16,Operand hybrid + plain H16,23300,2.486985206604004,3.0317673683166504,0.1499776989221573,34862.39919396556,89.73496320933185,97727283200.0,0.0003,129.81909656524658,152.66796875,0,0,exported_float_payload,False
operand_hybrid_plain_h16,Operand hybrid + plain H16,23310,2.508887529373169,3.846336841583252,0.08721394091844559,34857.28038250811,89.72178751378507,97769226240.0,0.0003,129.81909656524658,152.66796875,0,0,exported_float_payload,False
operand_hybrid_plain_h16,Operand hybrid + plain H16,23320,2.478729248046875,3.0442304611206055,0.2726505398750305,34871.19311936996,89.7575985583289,97811169280.0,0.0003,129.81909656524658,152.66796875,0,0,exported_float_payload,False
operand_hybrid_plain_h16,Operand hybrid + plain H16,23330,2.463358163833618,2.8728415966033936,0.16887149214744568,34905.706205947965,89.84643439940474,97853112320.0,0.0003,129.81909656524658,152.66796875,0,0,exported_float_payload,False
operand_hybrid_plain_h16,Operand hybrid + plain H16,23340,2.461806297302246,2.9222543239593506,0.10585185885429382,34956.09819916137,89.9761421579526,97895055360.0,0.0003,129.81909656524658,152.66796875,0,0,exported_float_payload,False
operand_hybrid_plain_h16,Operand hybrid + plain H16,23350,2.5011956691741943,2.952676296234131,0.10450716316699982,34857.22742339907,89.72165119833315,97936998400.0,0.0003,129.81909656524658,152.66796875,0,0,exported_float_payload,False
operand_hybrid_plain_h16,Operand hybrid + plain H16,23360,2.4623892307281494,2.8957924842834473,0.10974492132663727,34895.28088790038,89.81959988562843,97978941440.0,0.0003,129.81909656524658,152.66796875,0,0,exported_float_payload,False
operand_hybrid_plain_h16,Operand hybrid + plain H16,23370,2.487910032272339,3.020092725753784,0.22194258868694305,34939.519210292245,89.93346824592659,98020884480.0,0.0003,129.81909656524658,152.66796875,0,0,exported_float_payload,False
operand_hybrid_plain_h16,Operand hybrid + plain H16,23380,2.4885051250457764,2.9563562870025635,0.12026835978031158,34900.49154448678,89.8330119882917,98062827520.0,0.0003,129.81909656524658,152.66796875,0,0,exported_float_payload,False
operand_hybrid_plain_h16,Operand hybrid + plain H16,23390,2.484506368637085,3.0248539447784424,0.12144508212804794,34919.18510185858,89.8811287479466,98104770560.0,0.0003,129.81909656524658,152.66796875,0,0,exported_float_payload,False
operand_hybrid_plain_h16,Operand hybrid + plain H16,23400,2.5029468536376953,3.364825963973999,0.10396064072847366,34924.542860098576,89.89491948666989,98146713600.0,0.0003,129.81909656524658,152.66796875,0,0,exported_float_payload,False
operand_hybrid_plain_h16,Operand hybrid + plain H16,23410,2.5009844303131104,3.080772876739502,0.08970953524112701,34948.48972403848,89.95655812899827,98188656640.0,0.0003,129.81909656524658,152.66796875,0,0,exported_float_payload,False
operand_hybrid_plain_h16,Operand hybrid + plain H16,23420,2.475332498550415,3.0186588764190674,0.13672740757465363,34988.89118586577,90.06055050400677,98230599680.0,0.0003,129.81909656524658,152.66796875,0,0,exported_float_payload,False
operand_hybrid_plain_h16,Operand hybrid + plain H16,23430,2.459085464477539,3.119812488555908,0.07506565004587173,34925.360596312,89.89702431969123,98272542720.0,0.0003,129.81909656524658,152.66796875,0,0,exported_float_payload,False
operand_hybrid_plain_h16,Operand hybrid + plain H16,23440,2.482818365097046,3.0972177982330322,0.2172345519065857,34966.96135615859,90.00410365848097,98314485760.0,0.0003,129.81909656524658,152.66796875,0,0,exported_float_payload,False
operand_hybrid_plain_h16,Operand hybrid + plain H16,23450,2.4556474685668945,2.9996323585510254,0.10911554098129272,34865.895389780664,89.74396233188494,98356428800.0,0.0003,129.81909656524658,152.66796875,0,0,exported_float_payload,False
operand_hybrid_plain_h16,Operand hybrid + plain H16,23460,2.4777047634124756,3.0331506729125977,0.09624399989843369,34881.33781049842,89.78371074527614,98398371840.0,0.0003,129.81909656524658,152.66796875,0,0,exported_float_payload,False
operand_hybrid_plain_h16,Operand hybrid + plain H16,23470,2.532437801361084,3.449552536010742,0.1384253054857254,34985.688049668126,90.05230570974432,98440314880.0,0.0003,129.81909656524658,152.66796875,0,0,exported_float_payload,False
operand_hybrid_plain_h16,Operand hybrid + plain H16,23480,2.499216079711914,3.4100847244262695,0.10940137505531311,34893.56072942602,89.81517223976985,98482257920.0,0.0003,129.81909656524658,152.66796875,0,0,exported_float_payload,False
operand_hybrid_plain_h16,Operand hybrid + plain H16,23490,2.482156991958618,3.102572441101074,0.12971657514572144,34852.56989130814,89.70966282459845,98524200960.0,0.0003,129.81909656524658,152.66796875,0,0,exported_float_payload,False
operand_hybrid_plain_h16,Operand hybrid + plain H16,23500,2.540343999862671,5.925118446350098,0.11479466408491135,34901.94870309336,89.83676267892042,98566144000.0,0.0003,129.81909656524658,152.66796875,0,0,exported_float_payload,False
operand_hybrid_plain_h16,Operand hybrid + plain H16,23510,2.496306896209717,2.9340591430664062,0.15504825115203857,34945.155130725565,89.94797496733497,98608087040.0,0.0003,129.81909656524658,152.66796875,0,0,exported_float_payload,False
operand_hybrid_plain_h16,Operand hybrid + plain H16,23520,2.4813144207000732,2.921696424484253,0.13489538431167603,34940.36730796832,89.93565122861052,98650030080.0,0.0003,129.81909656524658,152.66796875,0,0,exported_float_payload,False
operand_hybrid_plain_h16,Operand hybrid + plain H16,23530,2.5026633739471436,2.9783060550689697,0.12098023295402527,34936.07505075772,89.92460306348752,98691973120.0,0.0003,129.81909656524658,152.66796875,0,0,exported_float_payload,False
operand_hybrid_plain_h16,Operand hybrid + plain H16,23540,2.5004236698150635,3.186762809753418,0.4281415045261383,34900.69818539212,89.83354387693008,98733916160.0,0.0003,129.81909656524658,152.66796875,0,0,exported_float_payload,False
operand_hybrid_plain_h16,Operand hybrid + plain H16,23550,2.4832818508148193,3.0288684368133545,0.09123397618532181,34930.71262391915,89.91080030790566,98775859200.0,0.0003,129.81909656524658,152.66796875,0,0,exported_float_payload,False
operand_hybrid_plain_h16,Operand hybrid + plain H16,23560,2.5043601989746094,2.9445672035217285,0.07999981194734573,34909.01029670142,89.85493904822572,98817802240.0,0.0003,129.81909656524658,152.66796875,0,0,exported_float_payload,False
operand_hybrid_plain_h16,Operand hybrid + plain H16,23570,2.4774320125579834,3.1909844875335693,0.1034741997718811,34917.13312954096,89.87584702136768,98859745280.0,0.0003,129.81909656524658,152.66796875,0,0,exported_float_payload,False
operand_hybrid_plain_h16,Operand hybrid + plain H16,23580,2.4809682369232178,2.9931764602661133,0.20059311389923096,34892.32991372565,89.81200415024807,98901688320.0,0.0003,129.81909656524658,152.66796875,0,0,exported_float_payload,False
operand_hybrid_plain_h16,Operand hybrid + plain H16,23590,2.503004550933838,3.054436683654785,0.13654875755310059,34956.59032620683,89.9774088809361,98943631360.0,0.0003,129.81909656524658,152.66796875,0,0,exported_float_payload,False
operand_hybrid_plain_h16,Operand hybrid + plain H16,23600,2.5243241786956787,3.015413761138916,0.22348172962665558,34929.221025361505,89.90696096968489,98985574400.0,0.0003,129.81909656524658,152.66796875,0,0,exported_float_payload,False
operand_hybrid_plain_h16,Operand hybrid + plain H16,23610,2.477283000946045,2.971104145050049,0.11211726069450378,34927.37874884536,89.9022189949723,99027517440.0,0.0003,129.81909656524658,152.66796875,0,0,exported_float_payload,False
operand_hybrid_plain_h16,Operand hybrid + plain H16,23620,2.4840872287750244,2.8809726238250732,0.18747292459011078,34902.49968234503,89.83818088604386,99069460480.0,0.0003,129.81909656524658,152.66796875,0,0,exported_float_payload,False
operand_hybrid_plain_h16,Operand hybrid + plain H16,23630,2.487204074859619,3.019479990005493,0.5192601084709167,34945.03397994445,89.94766312818626,99111403520.0,0.0003,129.81909656524658,152.66796875,0,0,exported_float_payload,False
operand_hybrid_plain_h16,Operand hybrid + plain H16,23640,2.461052656173706,2.9114081859588623,0.13272175192832947,34966.55202267631,90.00305004410498,99153346560.0,0.0003,129.81909656524658,152.66796875,0,0,exported_float_payload,False
operand_hybrid_plain_h16,Operand hybrid + plain H16,23650,2.504997730255127,3.156179189682007,0.2753896117210388,34944.67273705288,89.94673329781504,99195289600.0,0.0003,129.81909656524658,152.66796875,0,0,exported_float_payload,False
operand_hybrid_plain_h16,Operand hybrid + plain H16,23660,2.488025426864624,3.0448288917541504,0.08411424607038498,34954.58691817432,89.97225215763972,99237232640.0,0.0003,129.81909656524658,152.66796875,0,0,exported_float_payload,False
operand_hybrid_plain_h16,Operand hybrid + plain H16,23670,2.470196485519409,2.9582927227020264,0.2006041407585144,34920.66349916775,89.88493410647656,99279175680.0,0.0003,129.81909656524658,152.66796875,0,0,exported_float_payload,False
operand_hybrid_plain_h16,Operand hybrid + plain H16,23680,2.4827287197113037,2.9189722537994385,0.14000053703784943,34947.759907307016,89.95467959857405,99321118720.0,0.0003,129.81909656524658,152.66796875,0,0,exported_float_payload,False
operand_hybrid_plain_h16,Operand hybrid + plain H16,23690,2.4718499183654785,3.112421989440918,0.11035998165607452,34964.623085559,89.99808500712365,99363061760.0,0.0003,129.81909656524658,152.66796875,0,0,exported_float_payload,False
operand_hybrid_plain_h16,Operand hybrid + plain H16,23700,2.517326593399048,3.18931245803833,0.1443425565958023,35012.97107325813,90.12253154544963,99405004800.0,0.0003,129.81909656524658,152.66796875,0,0,exported_float_payload,False
operand_hybrid_plain_h16,Operand hybrid + plain H16,23710,2.5159802436828613,3.310253381729126,0.2613368630409241,34942.14936885004,89.94023820975224,99446947840.0,0.0003,129.81909656524658,152.66796875,0,0,exported_float_payload,False
operand_hybrid_plain_h16,Operand hybrid + plain H16,23720,2.499483108520508,2.9312822818756104,0.09113854169845581,34924.082927476746,89.89373563134573,99488890880.0,0.0003,129.81909656524658,152.66796875,0,0,exported_float_payload,False
operand_hybrid_plain_h16,Operand hybrid + plain H16,23730,2.516801357269287,3.093597888946533,0.10537294298410416,34897.1108028217,89.82431004189814,99530833920.0,0.0003,129.81909656524658,152.66796875,0,0,exported_float_payload,False
operand_hybrid_plain_h16,Operand hybrid + plain H16,23740,2.5078320503234863,3.5702905654907227,0.19095207750797272,34931.96910483722,89.91403445907032,99572776960.0,0.0003,129.81909656524658,152.66796875,0,0,exported_float_payload,False
operand_hybrid_plain_h16,Operand hybrid + plain H16,23750,2.514639139175415,3.4320878982543945,0.11654821038246155,34927.60200540429,89.90279365189681,99614720000.0,0.0003,129.81909656524658,152.66796875,0,0,exported_float_payload,False
operand_hybrid_plain_h16,Operand hybrid + plain H16,23760,2.506542205810547,3.186542510986328,0.1475895345211029,34953.052450418174,89.96830247515007,99656663040.0,0.0003,129.81909656524658,152.66796875,0,0,exported_float_payload,False
operand_hybrid_plain_h16,Operand hybrid + plain H16,23770,2.485130786895752,3.069423198699951,0.214927539229393,34950.623230474994,89.96204972240591,99698606080.0,0.0003,129.81909656524658,152.66796875,0,0,exported_float_payload,False
operand_hybrid_plain_h16,Operand hybrid + plain H16,23780,2.49027943611145,3.194868564605713,0.11541209369897842,34967.67125227759,90.00593091373575,99740549120.0,0.0003,129.81909656524658,152.66796875,0,0,exported_float_payload,False
operand_hybrid_plain_h16,Operand hybrid + plain H16,23790,2.5419650077819824,3.2405166625976562,0.13744530081748962,34957.2642909825,89.97914364979157,99782492160.0,0.0003,129.81909656524658,152.66796875,0,0,exported_float_payload,False
operand_hybrid_plain_h16,Operand hybrid + plain H16,23800,2.4880788326263428,3.6744771003723145,0.15677957236766815,34991.57277421283,90.06745284685263,99824435200.0,0.0003,129.81909656524658,152.66796875,0,0,exported_float_payload,False
operand_hybrid_plain_h16,Operand hybrid + plain H16,23810,2.5063395500183105,3.1322379112243652,0.13222801685333252,34957.84526278124,89.98063905699792,99866378240.0,0.0003,129.81909656524658,152.66796875,0,0,exported_float_payload,False
operand_hybrid_plain_h16,Operand hybrid + plain H16,23820,2.4784343242645264,2.866987466812134,0.11695842444896698,34968.25765241594,90.00744029335553,99908321280.0,0.0003,129.81909656524658,152.66796875,0,0,exported_float_payload,False
operand_hybrid_plain_h16,Operand hybrid + plain H16,23830,2.522390842437744,3.2090301513671875,0.12343607097864151,34944.987573602455,89.94754367939652,99950264320.0,0.0003,129.81909656524658,152.66796875,0,0,exported_float_payload,False
operand_hybrid_plain_h16,Operand hybrid + plain H16,23840,2.487250566482544,2.9012527465820312,0.1930859535932541,34925.21814882163,89.89665766333357,99992207360.0,0.0003,129.81909656524658,152.66796875,0,0,exported_float_payload,False
operand_hybrid_plain_h16,Operand hybrid + plain H16,23850,2.4895408153533936,3.050417423248291,0.1193728893995285,34913.391338158304,89.86621574182804,100034150400.0,0.0003,129.81909656524658,152.66796875,0,0,exported_float_payload,False
operand_hybrid_plain_h16,Operand hybrid + plain H16,23860,2.510246515274048,3.125363349914551,0.21325595676898956,34939.59695408003,89.93366835653566,100076093440.0,0.0003,129.81909656524658,152.66796875,0,0,exported_float_payload,False
operand_hybrid_plain_h16,Operand hybrid + plain H16,23870,2.476026773452759,3.005739212036133,0.10350359231233597,34944.18442040658,89.94547638270582,100118036480.0,0.0003,129.81909656524658,152.66796875,0,0,exported_float_payload,False
operand_hybrid_plain_h16,Operand hybrid + plain H16,23880,2.5058374404907227,3.6621108055114746,0.317635178565979,34940.269729070205,89.93540006291236,100159979520.0,0.0003,129.81909656524658,152.66796875,0,0,exported_float_payload,False
operand_hybrid_plain_h16,Operand hybrid + plain H16,23890,2.5229554176330566,3.04135799407959,0.11564366519451141,34890.534643425846,89.80738316838718,100201922560.0,0.0003,129.81909656524658,152.66796875,0,0,exported_float_payload,False
operand_hybrid_plain_h16,Operand hybrid + plain H16,23900,2.483557939529419,2.922107458114624,0.12055888772010803,34944.99311699901,89.94755794796372,100243865600.0,0.0003,129.81909656524658,152.66796875,0,0,exported_float_payload,False
operand_hybrid_plain_h16,Operand hybrid + plain H16,23910,2.4872968196868896,3.0156314373016357,0.20201647281646729,34972.51795251917,90.01840620166544,100285808640.0,0.0003,129.81909656524658,152.66796875,0,0,exported_float_payload,False
operand_hybrid_plain_h16,Operand hybrid + plain H16,23920,2.497307777404785,2.894564151763916,0.11790243536233902,35009.910379042456,90.11465339336632,100327751680.0,0.0003,129.81909656524658,152.66796875,0,0,exported_float_payload,False
operand_hybrid_plain_h16,Operand hybrid + plain H16,23930,2.494358777999878,2.9489383697509766,0.4002683460712433,34895.87453211748,89.82112791132984,100369694720.0,0.0003,129.81909656524658,152.66796875,0,0,exported_float_payload,False
operand_hybrid_plain_h16,Operand hybrid + plain H16,23940,2.4850337505340576,2.9996702671051025,0.11497056484222412,34940.184832935905,89.93518154233821,100411637760.0,0.0003,129.81909656524658,152.66796875,0,0,exported_float_payload,False
operand_hybrid_plain_h16,Operand hybrid + plain H16,23950,2.522688865661621,2.952667236328125,0.09154140204191208,34917.16746064351,89.87593538878632,100453580800.0,0.0003,129.81909656524658,152.66796875,0,0,exported_float_payload,False
operand_hybrid_plain_h16,Operand hybrid + plain H16,23960,2.5164260864257812,3.310372829437256,0.10677407681941986,34884.311551284554,89.79136508135764,100495523840.0,0.0003,129.81909656524658,152.66796875,0,0,exported_float_payload,False
operand_hybrid_plain_h16,Operand hybrid + plain H16,23970,2.517101287841797,3.4461865425109863,0.23583470284938812,34875.763480248235,89.76936255549339,100537466880.0,0.0003,129.81909656524658,152.66796875,0,0,exported_float_payload,False
operand_hybrid_plain_h16,Operand hybrid + plain H16,23980,2.4959497451782227,3.5184221267700195,0.16450026631355286,34978.231156924565,90.0331118501285,100579409920.0,0.0003,129.81909656524658,152.66796875,0,0,exported_float_payload,False
operand_hybrid_plain_h16,Operand hybrid + plain H16,23990,2.488672971725464,3.052736282348633,0.13937993347644806,34994.90349388907,90.07602603786984,100621352960.0,0.0003,129.81909656524658,152.66796875,0,0,exported_float_payload,False
operand_hybrid_plain_h16,Operand hybrid + plain H16,24000,2.51629376411438,3.303640604019165,0.1705574244260788,34971.383380807514,90.01548584181764,100663296000.0,0.0003,129.81909656524658,152.66796875,0,0,exported_float_payload,False
operand_hybrid_plain_h16,Operand hybrid + plain H16,24010,2.4880530834198,2.884547710418701,0.16175679862499237,27783.039580934397,71.51286464157346,100705239040.0,0.0003,129.81909656524658,152.66796875,0,0,exported_float_payload,False
operand_hybrid_plain_h16,Operand hybrid + plain H16,24020,2.5279488563537598,3.6791582107543945,0.08997944742441177,34949.53654754423,89.95925262710934,100747182080.0,0.0003,129.81909656524658,152.66796875,0,0,exported_float_payload,False
operand_hybrid_plain_h16,Operand hybrid + plain H16,24030,2.507981777191162,3.073697328567505,0.22543559968471527,34932.8000945113,89.91617340617537,100789125120.0,0.0003,129.81909656524658,152.66796875,0,0,exported_float_payload,False
operand_hybrid_plain_h16,Operand hybrid + plain H16,24040,2.495720624923706,2.9407553672790527,0.17988678812980652,34892.93296020429,89.81355637714084,100831068160.0,0.0003,129.81909656524658,152.66796875,0,0,exported_float_payload,False
operand_hybrid_plain_h16,Operand hybrid + plain H16,24050,2.4892406463623047,2.9858791828155518,0.0908069834113121,34950.90683003253,89.96277970073355,100873011200.0,0.0003,129.81909656524658,152.66796875,0,0,exported_float_payload,False
operand_hybrid_plain_h16,Operand hybrid + plain H16,24060,2.463747024536133,2.953113079071045,0.21704703569412231,34942.80207042266,89.9419182476429,100914954240.0,0.0003,129.81909656524658,152.66796875,0,0,exported_float_payload,False
operand_hybrid_plain_h16,Operand hybrid + plain H16,24070,2.495222330093384,2.871847629547119,0.16607721149921417,34929.277999400154,89.90710761946747,100956897280.0,0.0003,129.81909656524658,152.66796875,0,0,exported_float_payload,False
operand_hybrid_plain_h16,Operand hybrid + plain H16,24080,2.482757806777954,2.8809571266174316,0.10446964204311371,34895.379365876615,89.81985336553167,100998840320.0,0.0003,129.81909656524658,152.66796875,0,0,exported_float_payload,False
operand_hybrid_plain_h16,Operand hybrid + plain H16,24090,2.491708517074585,3.1195931434631348,0.20190487802028656,34949.44768475493,89.9590238964622,101040783360.0,0.0003,129.81909656524658,152.66796875,0,0,exported_float_payload,False
operand_hybrid_plain_h16,Operand hybrid + plain H16,24100,2.476256847381592,2.8900246620178223,0.11242721974849701,34876.98844085558,89.77251557414887,101082726400.0,0.0003,129.81909656524658,152.66796875,0,0,exported_float_payload,False
operand_hybrid_plain_h16,Operand hybrid + plain H16,24110,2.472975254058838,2.9317986965179443,0.1510469913482666,34926.51276468281,89.89998997290948,101124669440.0,0.0003,129.81909656524658,152.66796875,0,0,exported_float_payload,False
operand_hybrid_plain_h16,Operand hybrid + plain H16,24120,2.492001533508301,2.9578371047973633,0.29845502972602844,34881.566882241525,89.78430037034254,101166612480.0,0.0003,129.81909656524658,152.66796875,0,0,exported_float_payload,False
operand_hybrid_plain_h16,Operand hybrid + plain H16,24130,2.450650453567505,2.9221203327178955,0.11232942342758179,34900.267515437845,89.83243534299679,101208555520.0,0.0003,129.81909656524658,152.66796875,0,0,exported_float_payload,False
operand_hybrid_plain_h16,Operand hybrid + plain H16,24140,2.4984583854675293,3.046402931213379,0.09667640924453735,34867.8240820904,89.74892673873754,101250498560.0,0.0003,129.81909656524658,152.66796875,0,0,exported_float_payload,False
operand_hybrid_plain_h16,Operand hybrid + plain H16,24150,2.4857029914855957,3.1030402183532715,0.11826038360595703,34989.259347478495,90.06149814299712,101292441600.0,0.0003,129.81909656524658,152.66796875,0,0,exported_float_payload,False
operand_hybrid_plain_h16,Operand hybrid + plain H16,24160,2.4946799278259277,2.9245986938476562,0.11360648274421692,34945.63446503666,89.94920876213297,101334384640.0,0.0003,129.81909656524658,152.66796875,0,0,exported_float_payload,False
operand_hybrid_plain_h16,Operand hybrid + plain H16,24170,2.4693117141723633,2.874807834625244,0.18475067615509033,34985.844598674885,90.05270866306041,101376327680.0,0.0003,129.81909656524658,152.66796875,0,0,exported_float_payload,False
operand_hybrid_plain_h16,Operand hybrid + plain H16,24180,2.4997103214263916,3.0211966037750244,0.08037538081407547,34916.688215118724,89.87470182252211,101418270720.0,0.0003,129.81909656524658,152.66796875,0,0,exported_float_payload,False
operand_hybrid_plain_h16,Operand hybrid + plain H16,24190,2.4872946739196777,2.973857879638672,0.10635948926210403,34889.99002290479,89.80598132848085,101460213760.0,0.0003,129.81909656524658,152.66796875,0,0,exported_float_payload,False
operand_hybrid_plain_h16,Operand hybrid + plain H16,24200,2.4601821899414062,3.0929033756256104,0.2715745270252228,34940.603968195566,89.93626038624957,101502156800.0,0.0003,129.81909656524658,152.66796875,0,0,exported_float_payload,False
operand_hybrid_plain_h16,Operand hybrid + plain H16,24210,2.520998477935791,3.102726936340332,0.13440801203250885,34946.8082316334,89.95223000865671,101544099840.0,0.0003,129.81909656524658,152.66796875,0,0,exported_float_payload,False
operand_hybrid_plain_h16,Operand hybrid + plain H16,24220,2.4540464878082275,2.8470053672790527,0.16496925055980682,34939.483547989716,89.93337645203174,101586042880.0,0.0003,129.81909656524658,152.66796875,0,0,exported_float_payload,False
operand_hybrid_plain_h16,Operand hybrid + plain H16,24230,2.484060287475586,3.0044150352478027,0.1954149305820465,34860.28963436281,89.72953325448889,101627985920.0,0.0003,129.81909656524658,152.66796875,0,0,exported_float_payload,False
operand_hybrid_plain_h16,Operand hybrid + plain H16,24240,2.5154573917388916,3.021707057952881,0.11690854281187057,34992.82485947544,90.07067568370762,101669928960.0,0.0003,129.81909656524658,152.66796875,0,0,exported_float_payload,False
operand_hybrid_plain_h16,Operand hybrid + plain H16,24250,2.5261080265045166,3.2499618530273438,0.23177005350589752,34918.25695781683,89.87873972787442,101711872000.0,0.0003,129.81909656524658,152.66796875,0,0,exported_float_payload,False
operand_hybrid_plain_h16,Operand hybrid + plain H16,24260,2.494108200073242,3.259003162384033,0.1306907683610916,34874.14905763721,89.76520707116201,101753815040.0,0.0003,129.81909656524658,152.66796875,0,0,exported_float_payload,False
operand_hybrid_plain_h16,Operand hybrid + plain H16,24270,2.483685255050659,3.176964044570923,0.11965326219797134,34924.76321614619,89.89548667774918,101795758080.0,0.0003,129.81909656524658,152.66796875,0,0,exported_float_payload,False
operand_hybrid_plain_h16,Operand hybrid + plain H16,24280,2.50586199760437,3.3159663677215576,0.22765402495861053,34932.296452306386,89.91487704345298,101837701120.0,0.0003,129.81909656524658,152.66796875,0,0,exported_float_payload,False
operand_hybrid_plain_h16,Operand hybrid + plain H16,24290,2.472923755645752,2.980531692504883,0.15482473373413086,34887.70950562588,89.80011133275902,101879644160.0,0.0003,129.81909656524658,152.66796875,0,0,exported_float_payload,False
operand_hybrid_plain_h16,Operand hybrid + plain H16,24300,2.4849982261657715,2.9326210021972656,0.11089392751455307,34933.176779981084,89.91714298536539,101921587200.0,0.0003,129.81909656524658,152.66796875,0,0,exported_float_payload,False
operand_hybrid_plain_h16,Operand hybrid + plain H16,24310,2.4857847690582275,3.0132346153259277,0.11306573450565338,34991.86668288645,90.06820936059307,101963530240.0,0.0003,129.81909656524658,152.66796875,0,0,exported_float_payload,False
operand_hybrid_plain_h16,Operand hybrid + plain H16,24320,2.4633142948150635,2.900082588195801,0.11790578067302704,34967.171967826805,90.00464576776594,102005473280.0,0.0003,129.81909656524658,152.66796875,0,0,exported_float_payload,False
operand_hybrid_plain_h16,Operand hybrid + plain H16,24330,2.4951164722442627,3.232374668121338,0.17609983682632446,34936.6464719,89.92607388753765,102047416320.0,0.0003,129.81909656524658,152.66796875,0,0,exported_float_payload,False
operand_hybrid_plain_h16,Operand hybrid + plain H16,24340,2.468921422958374,2.9025981426239014,0.13378362357616425,34914.39453760323,89.86879795267305,102089359360.0,0.0003,129.81909656524658,152.66796875,0,0,exported_float_payload,False
operand_hybrid_plain_h16,Operand hybrid + plain H16,24350,2.4383718967437744,2.910464286804199,0.15067806839942932,34885.285894231674,89.79387301628277,102131302400.0,0.0003,129.81909656524658,152.66796875,0,0,exported_float_payload,False
operand_hybrid_plain_h16,Operand hybrid + plain H16,24360,2.476661205291748,2.8760385513305664,0.1390102654695511,34986.67657165228,90.05485014116415,102173245440.0,0.0003,129.81909656524658,152.66796875,0,0,exported_float_payload,False
operand_hybrid_plain_h16,Operand hybrid + plain H16,24370,2.4963269233703613,2.944138526916504,0.09963775426149368,34934.15909470272,89.91967143944326,102215188480.0,0.0003,129.81909656524658,152.66796875,0,0,exported_float_payload,False
operand_hybrid_plain_h16,Operand hybrid + plain H16,24380,2.5337343215942383,3.062074899673462,0.2591438591480255,34856.48234777389,89.71973339188955,102257131520.0,0.0003,129.81909656524658,152.66796875,0,0,exported_float_payload,False
operand_hybrid_plain_h16,Operand hybrid + plain H16,24390,2.4779419898986816,2.9917495250701904,0.13052351772785187,34913.39244288475,89.86621858536691,102299074560.0,0.0003,129.81909656524658,152.66796875,0,0,exported_float_payload,False
operand_hybrid_plain_h16,Operand hybrid + plain H16,24400,2.4821527004241943,3.0409417152404785,0.12023729085922241,34928.98192428301,89.9063455293544,102341017600.0,0.0003,129.81909656524658,152.66796875,0,0,exported_float_payload,False
operand_hybrid_plain_h16,Operand hybrid + plain H16,24410,2.450340509414673,3.4692676067352295,0.08962313830852509,34879.89961264897,89.78000885917272,102382960640.0,0.0003,129.81909656524658,152.66796875,0,0,exported_float_payload,False
operand_hybrid_plain_h16,Operand hybrid + plain H16,24420,2.4712533950805664,3.1342148780822754,0.17654980719089508,34969.262376643266,90.01002642895318,102424903680.0,0.0003,129.81909656524658,152.66796875,0,0,exported_float_payload,False
operand_hybrid_plain_h16,Operand hybrid + plain H16,24430,2.470459461212158,3.25285005569458,0.08810043334960938,34981.27904733828,90.04095704553858,102466846720.0,0.0003,129.81909656524658,152.66796875,0,0,exported_float_payload,False
operand_hybrid_plain_h16,Operand hybrid + plain H16,24440,2.4915149211883545,2.9649219512939453,0.11173869669437408,34939.53217318628,89.93350161209892,102508789760.0,0.0003,129.81909656524658,152.66796875,0,0,exported_float_payload,False
operand_hybrid_plain_h16,Operand hybrid + plain H16,24450,2.4628851413726807,2.944491386413574,0.1124391034245491,34949.46184599698,89.95906034715301,102550732800.0,0.0003,129.81909656524658,152.66796875,0,0,exported_float_payload,False
operand_hybrid_plain_h16,Operand hybrid + plain H16,24460,2.5217912197113037,2.942119836807251,0.18094755709171295,34889.72027388579,89.80528700110075,102592675840.0,0.0003,129.81909656524658,152.66796875,0,0,exported_float_payload,False
operand_hybrid_plain_h16,Operand hybrid + plain H16,24470,2.511223316192627,3.3679111003875732,0.14876286685466766,34980.8617045825,90.0398828154884,102634618880.0,0.0003,129.81909656524658,152.66796875,0,0,exported_float_payload,False
operand_hybrid_plain_h16,Operand hybrid + plain H16,24480,2.4857704639434814,2.9236652851104736,0.0851057767868042,34898.233537616514,89.82719993381139,102676561920.0,0.0003,129.81909656524658,152.66796875,0,0,exported_float_payload,False
operand_hybrid_plain_h16,Operand hybrid + plain H16,24490,2.5005698204040527,3.4956629276275635,0.13047721982002258,34990.66884218455,90.06512614791117,102718504960.0,0.0003,129.81909656524658,152.66796875,0,0,exported_float_payload,False
operand_hybrid_plain_h16,Operand hybrid + plain H16,24500,2.478072166442871,2.9706010818481445,0.18843626976013184,34891.701806119294,89.8103874166253,102760448000.0,0.0003,129.81909656524658,152.66796875,0,0,exported_float_payload,False
operand_hybrid_plain_h16,Operand hybrid + plain H16,24510,2.501558780670166,2.9397940635681152,0.11461324989795685,34942.47329095599,89.9410719773337,102802391040.0,0.0003,129.81909656524658,152.66796875,0,0,exported_float_payload,False
operand_hybrid_plain_h16,Operand hybrid + plain H16,24520,2.484494209289551,3.0358753204345703,0.10411322861909866,34892.567146015776,89.81261478036302,102844334080.0,0.0003,129.81909656524658,152.66796875,0,0,exported_float_payload,False
operand_hybrid_plain_h16,Operand hybrid + plain H16,24530,2.4906396865844727,2.9053196907043457,0.28263869881629944,34922.32110950778,89.88920075496654,102886277120.0,0.0003,129.81909656524658,152.66796875,0,0,exported_float_payload,False
operand_hybrid_plain_h16,Operand hybrid + plain H16,24540,2.4550511837005615,2.960031509399414,0.08378522843122482,34887.70433864778,89.80009803308371,102928220160.0,0.0003,129.81909656524658,152.66796875,0,0,exported_float_payload,False
operand_hybrid_plain_h16,Operand hybrid + plain H16,24550,2.5081470012664795,2.8631839752197266,0.08533020317554474,34824.824783380136,89.63824759510418,102970163200.0,0.0003,129.81909656524658,152.66796875,0,0,exported_float_payload,False
operand_hybrid_plain_h16,Operand hybrid + plain H16,24560,2.42824125289917,2.9307961463928223,0.16085778176784515,34942.531586257726,89.94122202801516,103012106240.0,0.0003,129.81909656524658,152.66796875,0,0,exported_float_payload,False
operand_hybrid_plain_h16,Operand hybrid + plain H16,24570,2.5248842239379883,2.959324836730957,0.3019390404224396,34972.658167645335,90.01876711197221,103054049280.0,0.0003,129.81909656524658,152.66796875,0,0,exported_float_payload,False
operand_hybrid_plain_h16,Operand hybrid + plain H16,24580,2.474871873855591,3.103616714477539,0.3037721514701843,34929.54006093745,89.90778215945758,103095992320.0,0.0003,129.81909656524658,152.66796875,0,0,exported_float_payload,False
operand_hybrid_plain_h16,Operand hybrid + plain H16,24590,2.508411169052124,3.152639389038086,0.2201627641916275,34916.657259422216,89.87462214331612,103137935360.0,0.0003,129.81909656524658,152.66796875,0,0,exported_float_payload,False
operand_hybrid_plain_h16,Operand hybrid + plain H16,24600,2.487368106842041,3.1595935821533203,0.1545143872499466,34972.9461485968,90.01950836790071,103179878400.0,0.0003,129.81909656524658,152.66796875,0,0,exported_float_payload,False
operand_hybrid_plain_h16,Operand hybrid + plain H16,24610,2.5030055046081543,3.4130821228027344,0.20670174062252045,34902.21099608454,89.83743781466718,103221821440.0,0.0003,129.81909656524658,152.66796875,0,0,exported_float_payload,False
operand_hybrid_plain_h16,Operand hybrid + plain H16,24620,2.519632339477539,3.3514299392700195,0.19889576733112335,34957.18348707288,89.97893566250369,103263764480.0,0.0003,129.81909656524658,152.66796875,0,0,exported_float_payload,False
operand_hybrid_plain_h16,Operand hybrid + plain H16,24630,2.5107009410858154,3.049551248550415,0.151988223195076,34917.29459666652,89.87626263380133,103305707520.0,0.0003,129.81909656524658,152.66796875,0,0,exported_float_payload,False
operand_hybrid_plain_h16,Operand hybrid + plain H16,24640,2.5017452239990234,3.0896334648132324,0.19255490601062775,34978.94177022521,90.03494095139129,103347650560.0,0.0003,129.81909656524658,152.66796875,0,0,exported_float_payload,False
operand_hybrid_plain_h16,Operand hybrid + plain H16,24650,2.475095272064209,3.076622724533081,0.15932469069957733,34903.67109783425,89.84119608087437,103389593600.0,0.0003,129.81909656524658,152.66796875,0,0,exported_float_payload,False
operand_hybrid_plain_h16,Operand hybrid + plain H16,24660,2.452404260635376,2.95975923538208,0.1826428771018982,34945.86284466472,89.94979660571215,103431536640.0,0.0003,129.81909656524658,152.66796875,0,0,exported_float_payload,False
operand_hybrid_plain_h16,Operand hybrid + plain H16,24670,2.4847805500030518,2.9389824867248535,0.19307167828083038,34877.59639739753,89.77408043942452,103473479680.0,0.0003,129.81909656524658,152.66796875,0,0,exported_float_payload,False
operand_hybrid_plain_h16,Operand hybrid + plain H16,24680,2.543738603591919,4.0927276611328125,0.1443505883216858,34922.07345900421,89.88856330862491,103515422720.0,0.0003,129.81909656524658,152.66796875,0,0,exported_float_payload,False
operand_hybrid_plain_h16,Operand hybrid + plain H16,24690,2.494197368621826,2.979153633117676,0.14781074225902557,34914.152486677514,89.86817491950792,103557365760.0,0.0003,129.81909656524658,152.66796875,0,0,exported_float_payload,False
operand_hybrid_plain_h16,Operand hybrid + plain H16,24700,2.482938766479492,3.079306125640869,0.17240451276302338,34851.503986837124,89.7069192125493,103599308800.0,0.0003,129.81909656524658,152.66796875,0,0,exported_float_payload,False
operand_hybrid_plain_h16,Operand hybrid + plain H16,24710,2.503281831741333,3.0115084648132324,0.17204131186008453,34988.08815949855,90.05848353376994,103641251840.0,0.0003,129.81909656524658,152.66796875,0,0,exported_float_payload,False
operand_hybrid_plain_h16,Operand hybrid + plain H16,24720,2.4901936054229736,3.0237698554992676,0.10525090992450714,34922.13919314966,89.88873250670824,103683194880.0,0.0003,129.81909656524658,152.66796875,0,0,exported_float_payload,False
operand_hybrid_plain_h16,Operand hybrid + plain H16,24730,2.4951679706573486,3.0858864784240723,0.34149688482284546,34878.82406505128,89.77724042595126,103725137920.0,0.0003,129.81909656524658,152.66796875,0,0,exported_float_payload,False
operand_hybrid_plain_h16,Operand hybrid + plain H16,24740,2.4814374446868896,3.1470093727111816,0.17113734781742096,34912.83369504911,89.86478038209822,103767080960.0,0.0003,129.81909656524658,152.66796875,0,0,exported_float_payload,False
operand_hybrid_plain_h16,Operand hybrid + plain H16,24750,2.4749698638916016,3.0360593795776367,0.11020220816135406,34953.66213530363,89.96987178913967,103809024000.0,0.0003,129.81909656524658,152.66796875,0,0,exported_float_payload,False
operand_hybrid_plain_h16,Operand hybrid + plain H16,24760,2.4786489009857178,3.035587787628174,0.15296442806720734,34911.863812385054,89.86228392783265,103850967040.0,0.0003,129.81909656524658,152.66796875,0,0,exported_float_payload,False
operand_hybrid_plain_h16,Operand hybrid + plain H16,24770,2.5145745277404785,3.3343396186828613,0.22123785316944122,34896.663261849266,89.8231580823766,103892910080.0,0.0003,129.81909656524658,152.66796875,0,0,exported_float_payload,False
operand_hybrid_plain_h16,Operand hybrid + plain H16,24780,2.5525143146514893,5.651108741760254,0.1648094654083252,34927.94067835101,89.9036653877818,103934853120.0,0.0003,129.81909656524658,152.66796875,0,0,exported_float_payload,False
operand_hybrid_plain_h16,Operand hybrid + plain H16,24790,2.4831950664520264,3.262617588043213,0.10971938073635101,34961.91531017395,89.99111525948224,103976796160.0,0.0003,129.81909656524658,152.66796875,0,0,exported_float_payload,False
operand_hybrid_plain_h16,Operand hybrid + plain H16,24800,2.5073282718658447,2.9743902683258057,0.09713936597108841,34930.1940137085,89.90946541790242,104018739200.0,0.0003,129.81909656524658,152.66796875,0,0,exported_float_payload,False
operand_hybrid_plain_h16,Operand hybrid + plain H16,24810,2.4700684547424316,2.8812155723571777,0.11979679763317108,34906.24935012079,89.84783243922679,104060682240.0,0.0003,129.81909656524658,152.66796875,0,0,exported_float_payload,False
operand_hybrid_plain_h16,Operand hybrid + plain H16,24820,2.514477252960205,3.1333987712860107,0.12740132212638855,34943.16984229784,89.94286488345833,104102625280.0,0.0003,129.81909656524658,152.66796875,0,0,exported_float_payload,False
operand_hybrid_plain_h16,Operand hybrid + plain H16,24830,2.4832379817962646,2.9459424018859863,0.1122804582118988,34859.14988734849,89.72659957353856,104144568320.0,0.0003,129.81909656524658,152.66796875,0,0,exported_float_payload,False
operand_hybrid_plain_h16,Operand hybrid + plain H16,24840,2.4597222805023193,2.9458866119384766,0.1234564408659935,34941.60634950054,89.93884049122234,104186511360.0,0.0003,129.81909656524658,152.66796875,0,0,exported_float_payload,False
operand_hybrid_plain_h16,Operand hybrid + plain H16,24850,2.4813694953918457,3.107635498046875,0.19023029506206512,34874.167788024766,89.76525528272167,104228454400.0,0.0003,129.81909656524658,152.66796875,0,0,exported_float_payload,False
operand_hybrid_plain_h16,Operand hybrid + plain H16,24860,2.479565382003784,3.2481744289398193,0.23948951065540314,34931.66601304273,89.91325430820132,104270397440.0,0.0003,129.81909656524658,152.66796875,0,0,exported_float_payload,False
operand_hybrid_plain_h16,Operand hybrid + plain H16,24870,2.5157923698425293,4.369740009307861,0.13055774569511414,34904.17397998213,89.84249048722855,104312340480.0,0.0003,129.81909656524658,152.66796875,0,0,exported_float_payload,False
operand_hybrid_plain_h16,Operand hybrid + plain H16,24880,2.500253677368164,3.2593631744384766,0.1562451422214508,34897.26114716222,89.82469702455504,104354283520.0,0.0003,129.81909656524658,152.66796875,0,0,exported_float_payload,False
operand_hybrid_plain_h16,Operand hybrid + plain H16,24890,2.514308214187622,3.2740285396575928,0.2250206619501114,34900.65125919498,89.8334230900459,104396226560.0,0.0003,129.81909656524658,152.66796875,0,0,exported_float_payload,False
operand_hybrid_plain_h16,Operand hybrid + plain H16,24900,2.4509737491607666,2.9029293060302734,0.17719076573848724,34864.046523911566,89.73920339633897,104438169600.0,0.0003,129.81909656524658,152.66796875,0,0,exported_float_payload,False
operand_hybrid_plain_h16,Operand hybrid + plain H16,24910,2.5142734050750732,3.138380765914917,0.19580093026161194,34945.514751216986,89.94890062168788,104480112640.0,0.0003,129.81909656524658,152.66796875,0,0,exported_float_payload,False
operand_hybrid_plain_h16,Operand hybrid + plain H16,24920,2.4706969261169434,3.145491123199463,0.1870996505022049,34909.06241478815,89.8550731989068,104522055680.0,0.0003,129.81909656524658,152.66796875,0,0,exported_float_payload,False
operand_hybrid_plain_h16,Operand hybrid + plain H16,24930,2.491299867630005,3.0117311477661133,0.12960097193717957,34930.52878985788,89.91032712352633,104563998720.0,0.0003,129.81909656524658,152.66796875,0,0,exported_float_payload,False
operand_hybrid_plain_h16,Operand hybrid + plain H16,24940,2.4868898391723633,3.2070207595825195,0.08538830280303955,34989.13148341835,90.06116902403232,104605941760.0,0.0003,129.81909656524658,152.66796875,0,0,exported_float_payload,False
operand_hybrid_plain_h16,Operand hybrid + plain H16,24950,2.4905989170074463,2.9582715034484863,0.10884987562894821,34928.080400271676,89.90402502858967,104647884800.0,0.0003,129.89795398712158,152.66796875,0,0,exported_float_payload,False
operand_hybrid_plain_h16,Operand hybrid + plain H16,24960,2.4925618171691895,2.9294092655181885,0.17916598916053772,34904.68810536153,89.84381383338577,104689827840.0,0.0003,129.81909656524658,152.66796875,0,0,exported_float_payload,False
operand_hybrid_plain_h16,Operand hybrid + plain H16,24970,2.4951512813568115,2.9152307510375977,0.09403383731842041,34972.953895595056,90.01952830848484,104731770880.0,0.0003,129.81909656524658,152.66796875,0,0,exported_float_payload,False
operand_hybrid_plain_h16,Operand hybrid + plain H16,24980,2.519771099090576,3.0575644969940186,0.1927500218153,34902.95810056257,89.83936084332842,104773713920.0,0.0003,129.89795398712158,152.66796875,0,0,exported_float_payload,False
operand_hybrid_plain_h16,Operand hybrid + plain H16,24990,2.4955763816833496,3.1253066062927246,0.11032669991254807,34930.28776997658,89.90970674424432,104815656960.0,0.0003,129.81909656524658,152.66796875,0,0,exported_float_payload,False
operand_hybrid_plain_h16,Operand hybrid + plain H16,25000,2.5154128074645996,3.3197154998779297,0.2017810046672821,34978.0328676636,90.03260145841855,104857600000.0,0.0003,129.81909656524658,152.66796875,0,0,exported_float_payload,False
operand_hybrid_plain_h16,Operand hybrid + plain H16,25010,2.446199893951416,2.9006340503692627,0.09922701120376587,27728.71185471471,71.37302640248825,104899543040.0,0.0003,129.81909656524658,152.66796875,0,0,exported_float_payload,False
operand_hybrid_plain_h16,Operand hybrid + plain H16,25020,2.492095708847046,3.184605121612549,0.12487722933292389,34867.00792695466,89.74682597537151,104941486080.0,0.0003,129.81909656524658,152.66796875,0,0,exported_float_payload,False
operand_hybrid_plain_h16,Operand hybrid + plain H16,25030,2.526973247528076,3.0679664611816406,0.19796736538410187,34964.11183969433,89.99676907276695,104983429120.0,0.0003,129.81909656524658,152.66796875,0,0,exported_float_payload,False
operand_hybrid_plain_h16,Operand hybrid + plain H16,25040,2.5036072731018066,2.9102635383605957,0.13046780228614807,34889.35327713896,89.80434236044677,105025372160.0,0.0003,129.81909656524658,152.66796875,0,0,exported_float_payload,False
operand_hybrid_plain_h16,Operand hybrid + plain H16,25050,2.501112699508667,2.9802427291870117,0.15967589616775513,34893.04063946321,89.81383354092074,105067315200.0,0.0003,129.81909656524658,152.66796875,0,0,exported_float_payload,False
operand_hybrid_plain_h16,Operand hybrid + plain H16,25060,2.5120229721069336,3.262820243835449,0.2064542919397354,34995.28763062923,90.07701479644764,105109258240.0,0.0003,129.81909656524658,152.66796875,0,0,exported_float_payload,False
operand_hybrid_plain_h16,Operand hybrid + plain H16,25070,2.472919225692749,2.966369390487671,0.11572921276092529,34990.785057993,90.0654252845609,105151201280.0,0.0003,129.81909656524658,152.66796875,0,0,exported_float_payload,False
operand_hybrid_plain_h16,Operand hybrid + plain H16,25080,2.4535369873046875,3.09692645072937,0.20348216593265533,34995.816603501924,90.07837635968963,105193144320.0,0.0003,129.81909656524658,152.66796875,0,0,exported_float_payload,False
operand_hybrid_plain_h16,Operand hybrid + plain H16,25090,2.484398603439331,3.0382254123687744,0.11366376280784607,34901.31784214754,89.83513885826916,105235087360.0,0.0003,129.81909656524658,152.66796875,0,0,exported_float_payload,False
operand_hybrid_plain_h16,Operand hybrid + plain H16,25100,2.4850218296051025,3.0190067291259766,0.188808873295784,34996.011947415995,90.07887917014868,105277030400.0,0.0003,129.81909656524658,152.66796875,0,0,exported_float_payload,False
operand_hybrid_plain_h16,Operand hybrid + plain H16,25110,2.493060350418091,3.201666831970215,0.23255477845668793,35012.95739925273,90.12249634889402,105318973440.0,0.0003,129.81909656524658,152.66796875,0,0,exported_float_payload,False
operand_hybrid_plain_h16,Operand hybrid + plain H16,25120,2.4990086555480957,2.9770090579986572,0.16779325902462006,34988.042189767,90.0583652088048,105360916480.0,0.0003,129.81909656524658,152.66796875,0,0,exported_float_payload,False
operand_hybrid_plain_h16,Operand hybrid + plain H16,25130,2.5008132457733154,2.8781421184539795,0.10425490885972977,34854.98987452763,89.71589180224166,105402859520.0,0.0003,129.81909656524658,152.66796875,0,0,exported_float_payload,False
operand_hybrid_plain_h16,Operand hybrid + plain H16,25140,2.4665400981903076,2.930107593536377,0.10524727404117584,34916.70732983447,89.87475102333312,105444802560.0,0.0003,129.81909656524658,152.66796875,0,0,exported_float_payload,False
operand_hybrid_plain_h16,Operand hybrid + plain H16,25150,2.485931396484375,2.978886127471924,0.1323455274105072,34919.14020615539,89.88101318750421,105486745600.0,0.0003,129.81909656524658,152.66796875,0,0,exported_float_payload,False
operand_hybrid_plain_h16,Operand hybrid + plain H16,25160,2.4876880645751953,2.9034738540649414,0.2470463365316391,34969.43620111451,90.01047384889252,105528688640.0,0.0003,129.81909656524658,152.66796875,0,0,exported_float_payload,False
operand_hybrid_plain_h16,Operand hybrid + plain H16,25170,2.493131637573242,2.8855581283569336,0.111322782933712,34924.8606060755,89.89573735704623,105570631680.0,0.0003,129.81909656524658,152.66796875,0,0,exported_float_payload,False
operand_hybrid_plain_h16,Operand hybrid + plain H16,25180,2.4735910892486572,3.3862075805664062,0.1907365471124649,34948.31635757512,89.95611188796003,105612574720.0,0.0003,129.89795398712158,152.66796875,0,0,exported_float_payload,False
operand_hybrid_plain_h16,Operand hybrid + plain H16,25190,2.479886531829834,2.887199640274048,0.09258933365345001,34985.74000081061,90.05243943071498,105654517760.0,0.0003,129.81909656524658,152.66796875,0,0,exported_float_payload,False
operand_hybrid_plain_h16,Operand hybrid + plain H16,25200,2.4979770183563232,2.940647602081299,0.16013973951339722,34918.868822941164,89.88031465374557,105696460800.0,0.0003,129.81909656524658,152.66796875,0,0,exported_float_payload,False
operand_hybrid_plain_h16,Operand hybrid + plain H16,25210,2.491940498352051,2.8481221199035645,0.22603240609169006,34919.01738258481,89.88069704263633,105738403840.0,0.0003,129.81909656524658,152.66796875,0,0,exported_float_payload,False
operand_hybrid_plain_h16,Operand hybrid + plain H16,25220,2.493323802947998,2.9313769340515137,0.10306847840547562,34963.6104242406,89.99547844164766,105780346880.0,0.0003,129.81909656524658,152.66796875,0,0,exported_float_payload,False
operand_hybrid_plain_h16,Operand hybrid + plain H16,25230,2.470128059387207,2.904233694076538,0.17278338968753815,34939.95069686276,89.93457888181011,105822289920.0,0.0003,129.81909656524658,152.66796875,0,0,exported_float_payload,False
operand_hybrid_plain_h16,Operand hybrid + plain H16,25240,2.4700655937194824,2.9132537841796875,0.21072448790073395,34946.45160321671,89.95131205583101,105864232960.0,0.0003,129.81909656524658,152.66796875,0,0,exported_float_payload,False
operand_hybrid_plain_h16,Operand hybrid + plain H16,25250,2.4463553428649902,2.9460229873657227,0.20315642654895782,34894.661324689936,89.81800514507182,105906176000.0,0.0003,129.81909656524658,152.66796875,0,0,exported_float_payload,False
operand_hybrid_plain_h16,Operand hybrid + plain H16,25260,2.4690651893615723,2.8844246864318848,0.14751361310482025,34937.647031695386,89.92864930398929,105948119040.0,0.0003,129.81909656524658,152.66796875,0,0,exported_float_payload,False
operand_hybrid_plain_h16,Operand hybrid + plain H16,25270,2.466303586959839,3.0865583419799805,0.09322348982095718,34969.17767907671,90.00980841948756,105990062080.0,0.0003,129.81909656524658,152.66796875,0,0,exported_float_payload,False
operand_hybrid_plain_h16,Operand hybrid + plain H16,25280,2.5032827854156494,2.93906307220459,0.2941659688949585,34942.85855228807,89.94206363058359,106032005120.0,0.0003,129.89795398712158,152.66796875,0,0,exported_float_payload,False
operand_hybrid_plain_h16,Operand hybrid + plain H16,25290,2.4934134483337402,2.9444828033447266,0.1620992124080658,35018.27657662576,90.13618778140895,106073948160.0,0.0003,129.81909656524658,152.66796875,0,0,exported_float_payload,False
operand_hybrid_plain_h16,Operand hybrid + plain H16,25300,2.512019157409668,3.3770623207092285,0.16191348433494568,34945.94790831488,89.95001555746805,106115891200.0,0.0003,129.81909656524658,152.66796875,0,0,exported_float_payload,False
operand_hybrid_plain_h16,Operand hybrid + plain H16,25310,2.4690463542938232,3.053255081176758,0.25058406591415405,34979.36562420811,90.0360319411809,106157834240.0,0.0003,129.81909656524658,152.66796875,0,0,exported_float_payload,False
operand_hybrid_plain_h16,Operand hybrid + plain H16,25320,2.488538980484009,3.2013261318206787,0.19813266396522522,34901.809242094285,89.83640370971834,106199777280.0,0.0003,129.81909656524658,152.66796875,0,0,exported_float_payload,False
operand_hybrid_plain_h16,Operand hybrid + plain H16,25330,2.5014030933380127,3.0709805488586426,0.1564215123653412,35005.21612573161,90.10257050010932,106241720320.0,0.0003,129.81909656524658,152.66796875,0,0,exported_float_payload,False
operand_hybrid_plain_h16,Operand hybrid + plain H16,25340,2.4852986335754395,3.0742714405059814,0.1022411361336708,35005.11604146163,90.10231288564526,106283663360.0,0.0003,129.81909656524658,152.66796875,0,0,exported_float_payload,False
operand_hybrid_plain_h16,Operand hybrid + plain H16,25350,2.5022759437561035,2.992520809173584,0.22241634130477905,35015.108867968964,90.1280341767705,106325606400.0,0.0003,129.81909656524658,152.66796875,0,0,exported_float_payload,False
operand_hybrid_plain_h16,Operand hybrid + plain H16,25360,2.459792375564575,2.879176616668701,0.10374532639980316,34858.35115875689,89.72454366567109,106367549440.0,0.0003,129.81909656524658,152.66796875,0,0,exported_float_payload,False
operand_hybrid_plain_h16,Operand hybrid + plain H16,25370,2.498231887817383,2.972249746322632,0.13272987306118011,34967.186968020156,90.0046843778969,106409492480.0,0.0003,129.81909656524658,152.66796875,0,0,exported_float_payload,False
operand_hybrid_plain_h16,Operand hybrid + plain H16,25380,2.5089831352233887,3.0793533325195312,0.1529732197523117,35030.398381632775,90.16738901114313,106451435520.0,0.0003,129.81909656524658,152.66796875,0,0,exported_float_payload,False
operand_hybrid_plain_h16,Operand hybrid + plain H16,25390,2.501202344894409,2.9702234268188477,0.1252313256263733,35018.63971158376,90.13712248191293,106493378560.0,0.0003,129.81909656524658,152.66796875,0,0,exported_float_payload,False
operand_hybrid_plain_h16,Operand hybrid + plain H16,25400,2.4746055603027344,2.890333652496338,0.2203739583492279,34887.58353962039,89.79978709934052,106535321600.0,0.0003,129.81909656524658,152.66796875,0,0,exported_float_payload,False
operand_hybrid_plain_h16,Operand hybrid + plain H16,25410,2.492349863052368,2.929377317428589,0.08878374844789505,34873.328030076176,89.7630937662924,106577264640.0,0.0003,129.81909656524658,152.66796875,0,0,exported_float_payload,False
operand_hybrid_plain_h16,Operand hybrid + plain H16,25420,2.460628032684326,2.9840645790100098,0.10966114699840546,34945.023640310326,89.94763651422083,106619207680.0,0.0003,129.89795398712158,152.66796875,0,0,exported_float_payload,False
operand_hybrid_plain_h16,Operand hybrid + plain H16,25430,2.493163824081421,2.98811674118042,0.21863798797130585,34938.28881418228,89.93030123642025,106661150720.0,0.0003,129.81909656524658,152.66796875,0,0,exported_float_payload,False
operand_hybrid_plain_h16,Operand hybrid + plain H16,25440,2.4899163246154785,2.9100005626678467,0.09883914142847061,34840.125170279374,89.67763041691894,106703093760.0,0.0003,129.81909656524658,152.66796875,0,0,exported_float_payload,False
operand_hybrid_plain_h16,Operand hybrid + plain H16,25450,2.4712376594543457,3.118771553039551,0.19433076679706573,34968.518743180466,90.0081123346003,106745036800.0,0.0003,129.81909656524658,152.66796875,0,0,exported_float_payload,False
operand_hybrid_plain_h16,Operand hybrid + plain H16,25460,2.4956459999084473,3.041745662689209,0.13484404981136322,34937.644662512655,89.92864320577087,106786979840.0,0.0003,129.81909656524658,152.66796875,0,0,exported_float_payload,False
operand_hybrid_plain_h16,Operand hybrid + plain H16,25470,2.4519505500793457,2.9700121879577637,0.1644655168056488,34892.87113697201,89.8133972456524,106828922880.0,0.0003,129.81909656524658,152.66796875,0,0,exported_float_payload,False
operand_hybrid_plain_h16,Operand hybrid + plain H16,25480,2.4596920013427734,2.8811397552490234,0.09434632956981659,34933.075228459646,89.91688159423194,106870865920.0,0.0003,129.81909656524658,152.66796875,0,0,exported_float_payload,False
operand_hybrid_plain_h16,Operand hybrid + plain H16,25490,2.4931492805480957,3.158703327178955,0.08335334062576294,34969.816996577196,90.01145400710378,106912808960.0,0.0003,129.81909656524658,152.66796875,0,0,exported_float_payload,False
operand_hybrid_plain_h16,Operand hybrid + plain H16,25500,2.481668710708618,2.8790946006774902,0.2061431109905243,34929.49583299974,89.9076683178272,106954752000.0,0.0003,129.81909656524658,152.66796875,0,0,exported_float_payload,False
operand_hybrid_plain_h16,Operand hybrid + plain H16,25510,2.4853739738464355,3.1276113986968994,0.15978707373142242,34956.915823079886,89.97824670192959,106996695040.0,0.0003,129.81909656524658,152.66796875,0,0,exported_float_payload,False
operand_hybrid_plain_h16,Operand hybrid + plain H16,25520,2.480077028274536,2.8963255882263184,0.21661847829818726,34919.02812920121,89.88072470416421,107038638080.0,0.0003,129.81909656524658,152.66796875,0,0,exported_float_payload,False
operand_hybrid_plain_h16,Operand hybrid + plain H16,25530,2.47261381149292,3.0298638343811035,0.1880761831998825,34950.04918633151,89.96057214681481,107080581120.0,0.0003,129.81909656524658,152.66796875,0,0,exported_float_payload,False
operand_hybrid_plain_h16,Operand hybrid + plain H16,25540,2.476436138153076,2.8690106868743896,0.16007143259048462,34951.248462056246,89.96365905321038,107122524160.0,0.0003,129.81909656524658,152.66796875,0,0,exported_float_payload,False
operand_hybrid_plain_h16,Operand hybrid + plain H16,25550,2.4691474437713623,3.0058646202087402,0.10344406217336655,34964.84805918061,89.99866408372554,107164467200.0,0.0003,129.81909656524658,152.66796875,0,0,exported_float_payload,False
operand_hybrid_plain_h16,Operand hybrid + plain H16,25560,2.4783377647399902,3.0043578147888184,0.10997601598501205,34973.55648847785,90.02107936783295,107206410240.0,0.0003,129.81909656524658,152.66796875,0,0,exported_float_payload,False
operand_hybrid_plain_h16,Operand hybrid + plain H16,25570,2.4561502933502197,2.998220920562744,0.19171099364757538,34889.54746956356,89.80484220700006,107248353280.0,0.0003,129.81909656524658,152.66796875,0,0,exported_float_payload,False
operand_hybrid_plain_h16,Operand hybrid + plain H16,25580,2.4763219356536865,2.9529225826263428,0.09777805209159851,34971.19244896959,90.01499438793473,107290296320.0,0.0003,129.81909656524658,152.66796875,0,0,exported_float_payload,False
operand_hybrid_plain_h16,Operand hybrid + plain H16,25590,2.4762020111083984,2.963284730911255,0.35015326738357544,34952.78798351759,89.96762174381367,107332239360.0,0.0003,129.81909656524658,152.66796875,0,0,exported_float_payload,False
operand_hybrid_plain_h16,Operand hybrid + plain H16,25600,2.5174927711486816,3.1908559799194336,0.12683764100074768,34909.78830843882,89.85694163141696,107374182400.0,0.0003,129.81909656524658,152.66796875,0,0,exported_float_payload,False
operand_hybrid_plain_h16,Operand hybrid + plain H16,25610,2.4645512104034424,2.9935176372528076,0.10468050837516785,34910.82104273494,89.85959986424689,107416125440.0,0.0003,129.81909656524658,152.66796875,0,0,exported_float_payload,False
operand_hybrid_plain_h16,Operand hybrid + plain H16,25620,2.4616212844848633,2.990272283554077,0.2981988787651062,33692.47592664731,86.72360932153873,107458068480.0,0.0003,129.81909656524658,152.66796875,0,0,exported_float_payload,False
operand_hybrid_plain_h16,Operand hybrid + plain H16,25630,2.4817564487457275,2.893745183944702,0.1278802454471588,34911.05207897347,89.8601945458765,107500011520.0,0.0003,129.81909656524658,152.66796875,0,0,exported_float_payload,False
operand_hybrid_plain_h16,Operand hybrid + plain H16,25640,2.49967098236084,3.98110294342041,0.08306291699409485,34897.29493006982,89.82478398093326,107541954560.0,0.0003,129.81909656524658,152.66796875,0,0,exported_float_payload,False
operand_hybrid_plain_h16,Operand hybrid + plain H16,25650,2.4782309532165527,2.9663569927215576,0.14866921305656433,34944.73815186166,89.94690167393358,107583897600.0,0.0003,129.81909656524658,152.66796875,0,0,exported_float_payload,False
operand_hybrid_plain_h16,Operand hybrid + plain H16,25660,2.4847846031188965,2.9155588150024414,0.20542360842227936,34934.862314899874,89.92148151103841,107625840640.0,0.0003,129.81909656524658,152.66796875,0,0,exported_float_payload,False
operand_hybrid_plain_h16,Operand hybrid + plain H16,25670,2.4965596199035645,3.041093349456787,0.15943783521652222,34904.280141118565,89.8427637433983,107667783680.0,0.0003,129.81909656524658,152.66796875,0,0,exported_float_payload,False
operand_hybrid_plain_h16,Operand hybrid + plain H16,25680,2.506173610687256,3.449586868286133,0.23752190172672272,34957.10907539984,89.97874412867652,107709726720.0,0.0003,129.81909656524658,152.66796875,0,0,exported_float_payload,False
operand_hybrid_plain_h16,Operand hybrid + plain H16,25690,2.496455430984497,3.257418155670166,0.33023881912231445,34967.92272545805,90.00657819955421,107751669760.0,0.0003,129.81909656524658,152.66796875,0,0,exported_float_payload,False
operand_hybrid_plain_h16,Operand hybrid + plain H16,25700,2.4822354316711426,3.0397825241088867,0.11486215144395828,34989.59295535015,90.0623568415027,107793612800.0,0.0003,129.81909656524658,152.66796875,0,0,exported_float_payload,False
operand_hybrid_plain_h16,Operand hybrid + plain H16,25710,2.493278980255127,2.91219162940979,0.20099954307079315,34993.97429693651,90.07363430763097,107835555840.0,0.0003,129.81909656524658,152.66796875,0,0,exported_float_payload,False
operand_hybrid_plain_h16,Operand hybrid + plain H16,25720,2.4789540767669678,2.9678502082824707,0.17108573019504547,34987.89369414985,90.05798298471667,107877498880.0,0.0003,129.81909656524658,152.66796875,0,0,exported_float_payload,False
operand_hybrid_plain_h16,Operand hybrid + plain H16,25730,2.4961087703704834,3.0215606689453125,0.14764001965522766,34887.42639216214,89.7993826056249,107919441920.0,0.0003,129.81909656524658,152.66796875,0,0,exported_float_payload,False
operand_hybrid_plain_h16,Operand hybrid + plain H16,25740,2.482025623321533,2.905637264251709,0.22791585326194763,34938.40941144659,89.93061165083023,107961384960.0,0.0003,129.81909656524658,152.66796875,0,0,exported_float_payload,False
operand_hybrid_plain_h16,Operand hybrid + plain H16,25750,2.4790947437286377,3.076228141784668,0.10419895499944687,34957.52697223263,89.97981978490736,108003328000.0,0.0003,129.81909656524658,152.66796875,0,0,exported_float_payload,False
operand_hybrid_plain_h16,Operand hybrid + plain H16,25760,2.4518420696258545,2.9478707313537598,0.105634905397892,34909.113428358294,89.85520450658916,108045271040.0,0.0003,129.81909656524658,152.66796875,0,0,exported_float_payload,False
operand_hybrid_plain_h16,Operand hybrid + plain H16,25770,2.482334613800049,2.9210617542266846,0.24495017528533936,34902.38520095967,89.83788621375679,108087214080.0,0.0003,129.81909656524658,152.66796875,0,0,exported_float_payload,False
operand_hybrid_plain_h16,Operand hybrid + plain H16,25780,2.4926912784576416,2.9552130699157715,0.10412482172250748,34911.67957596721,89.86180970779732,108129157120.0,0.0003,129.81909656524658,152.66796875,0,0,exported_float_payload,False
operand_hybrid_plain_h16,Operand hybrid + plain H16,25790,2.4714245796203613,3.259336471557617,0.2033194899559021,34945.28800100725,89.9483169721916,108171100160.0,0.0003,129.81909656524658,152.66796875,0,0,exported_float_payload,False
operand_hybrid_plain_h16,Operand hybrid + plain H16,25800,2.46785044670105,2.9789438247680664,0.20202815532684326,34928.23670233408,89.90442734627702,108213043200.0,0.0003,129.81909656524658,152.66796875,0,0,exported_float_payload,False
operand_hybrid_plain_h16,Operand hybrid + plain H16,25810,2.48169207572937,3.0727198123931885,0.16331747174263,34900.06768554168,89.83192098572951,108254986240.0,0.0003,129.81909656524658,152.66796875,0,0,exported_float_payload,False
operand_hybrid_plain_h16,Operand hybrid + plain H16,25820,2.491213798522949,3.1318678855895996,0.13445395231246948,34897.46614237099,89.82522467721068,108296929280.0,0.0003,129.81909656524658,152.66796875,0,0,exported_float_payload,False
operand_hybrid_plain_h16,Operand hybrid + plain H16,25830,2.4724104404449463,2.9243991374969482,0.18792854249477386,34932.01784123509,89.91415990536693,108338872320.0,0.0003,129.81909656524658,152.66796875,0,0,exported_float_payload,False
operand_hybrid_plain_h16,Operand hybrid + plain H16,25840,2.4774935245513916,2.8639321327209473,0.22046184539794922,34916.26291169078,89.8736071018964,108380815360.0,0.0003,129.81909656524658,152.66796875,0,0,exported_float_payload,False
operand_hybrid_plain_h16,Operand hybrid + plain H16,25850,2.5007846355438232,2.904085397720337,0.22025510668754578,34981.34443308886,90.04112534686202,108422758400.0,0.0003,129.81909656524658,152.66796875,0,0,exported_float_payload,False
operand_hybrid_plain_h16,Operand hybrid + plain H16,25860,2.4808030128479004,2.948317527770996,0.11180488020181656,34920.90612052175,89.88555860791016,108464701440.0,0.0003,129.81909656524658,152.66796875,0,0,exported_float_payload,False
operand_hybrid_plain_h16,Operand hybrid + plain H16,25870,2.4412002563476562,3.059288740158081,0.11388905346393585,34919.79458812734,89.88269755070168,108506644480.0,0.0003,129.81909656524658,152.66796875,0,0,exported_float_payload,False
operand_hybrid_plain_h16,Operand hybrid + plain H16,25880,2.473264694213867,2.9366207122802734,0.2804412245750427,34965.284236284424,89.99978679292711,108548587520.0,0.0003,129.81909656524658,152.66796875,0,0,exported_float_payload,False
operand_hybrid_plain_h16,Operand hybrid + plain H16,25890,2.440694570541382,2.9991042613983154,0.10525190085172653,34871.9853074478,89.75963763107384,108590530560.0,0.0003,129.81909656524658,152.66796875,0,0,exported_float_payload,False
operand_hybrid_plain_h16,Operand hybrid + plain H16,25900,2.478917360305786,2.901150703430176,0.14210852980613708,34916.378109140445,89.8739036173155,108632473600.0,0.0003,129.81909656524658,152.66796875,0,0,exported_float_payload,False
operand_hybrid_plain_h16,Operand hybrid + plain H16,25910,2.493983268737793,2.992387056350708,0.2612261176109314,34900.32258840527,89.83257709946852,108674416640.0,0.0003,129.81909656524658,152.66796875,0,0,exported_float_payload,False
operand_hybrid_plain_h16,Operand hybrid + plain H16,25920,2.4712817668914795,3.0124197006225586,0.2648184597492218,34932.09834828387,89.91436712854227,108716359680.0,0.0003,129.81909656524658,152.66796875,0,0,exported_float_payload,False
operand_hybrid_plain_h16,Operand hybrid + plain H16,25930,2.463658571243286,2.896362066268921,0.18686145544052124,34910.30043443701,89.85825983121585,108758302720.0,0.0003,129.81909656524658,152.66796875,0,0,exported_float_payload,False
operand_hybrid_plain_h16,Operand hybrid + plain H16,25940,2.4704740047454834,3.1426992416381836,0.1827356368303299,34973.36788629928,90.02059391043626,108800245760.0,0.0003,129.81909656524658,152.66796875,0,0,exported_float_payload,False
operand_hybrid_plain_h16,Operand hybrid + plain H16,25950,2.495490074157715,3.8033909797668457,0.10242865979671478,34906.190182903796,89.84768014425678,108842188800.0,0.0003,129.81909656524658,152.66796875,0,0,exported_float_payload,False
operand_hybrid_plain_h16,Operand hybrid + plain H16,25960,2.4736006259918213,3.0243821144104004,0.23491907119750977,34901.03638688618,89.83441439930745,108884131840.0,0.0003,129.81909656524658,152.66796875,0,0,exported_float_payload,False
operand_hybrid_plain_h16,Operand hybrid + plain H16,25970,2.486598253250122,3.0334739685058594,0.13993193209171295,34974.32258255968,90.02305127527013,108926074880.0,0.0003,129.81909656524658,152.66796875,0,0,exported_float_payload,False
operand_hybrid_plain_h16,Operand hybrid + plain H16,25980,2.4653193950653076,2.9392056465148926,0.1917741447687149,34941.57233164221,89.93875293008668,108968017920.0,0.0003,129.81909656524658,152.66796875,0,0,exported_float_payload,False
operand_hybrid_plain_h16,Operand hybrid + plain H16,25990,2.4617559909820557,3.2357993125915527,0.12934701144695282,34976.0783039529,90.02757045921238,109009960960.0,0.0003,129.81909656524658,152.66796875,0,0,exported_float_payload,False
operand_hybrid_plain_h16,Operand hybrid + plain H16,26000,2.4924938678741455,2.9039466381073,0.1604563295841217,34955.659310688054,89.97501246975222,109051904000.0,0.0003,129.81909656524658,152.66796875,0,0,exported_float_payload,False
operand_hybrid_plain_h16,Operand hybrid + plain H16,26010,2.4905924797058105,3.1332931518554688,0.08745204657316208,27647.64766501866,71.1643691600679,109093847040.0,0.0003,129.81909656524658,152.66796875,0,0,exported_float_payload,False
operand_hybrid_plain_h16,Operand hybrid + plain H16,26020,2.5082895755767822,3.9013943672180176,0.14096254110336304,34897.95660702253,89.82648712123286,109135790080.0,0.0003,129.81909656524658,152.66796875,0,0,exported_float_payload,False
operand_hybrid_plain_h16,Operand hybrid + plain H16,26030,2.527937650680542,2.90592360496521,0.11358057707548141,34910.57654940931,89.85897054440409,109177733120.0,0.0003,129.81909656524658,152.66796875,0,0,exported_float_payload,False
operand_hybrid_plain_h16,Operand hybrid + plain H16,26040,2.486231803894043,2.8879270553588867,0.3282915949821472,34928.79932780889,89.90587553049413,109219676160.0,0.0003,129.81909656524658,152.66796875,0,0,exported_float_payload,False
operand_hybrid_plain_h16,Operand hybrid + plain H16,26050,2.4669253826141357,2.9742465019226074,0.08523861318826675,34941.70825610332,89.93910279632648,109261619200.0,0.0003,129.81909656524658,152.66796875,0,0,exported_float_payload,False
operand_hybrid_plain_h16,Operand hybrid + plain H16,26060,2.510690450668335,3.2668213844299316,0.31126564741134644,35003.15735631473,90.09727127796307,109303562240.0,0.0003,129.81909656524658,152.66796875,0,0,exported_float_payload,False
operand_hybrid_plain_h16,Operand hybrid + plain H16,26070,2.5112106800079346,3.436816692352295,0.1371816247701645,34995.48884002976,90.07753270452544,109345505280.0,0.0003,129.81909656524658,152.66796875,0,0,exported_float_payload,False
operand_hybrid_plain_h16,Operand hybrid + plain H16,26080,2.4867000579833984,3.011659860610962,0.1046823188662529,34970.55532220094,90.0133544392087,109387448320.0,0.0003,129.81909656524658,152.66796875,0,0,exported_float_payload,False
operand_hybrid_plain_h16,Operand hybrid + plain H16,26090,2.469759941101074,3.005401849746704,0.2809876799583435,34972.33585065772,90.0179374759261,109429391360.0,0.0003,129.81909656524658,152.66796875,0,0,exported_float_payload,False
operand_hybrid_plain_h16,Operand hybrid + plain H16,26100,2.4837141036987305,3.0978403091430664,0.15955057740211487,34919.09578123698,89.88089883885033,109471334400.0,0.0003,129.81909656524658,152.66796875,0,0,exported_float_payload,False
operand_hybrid_plain_h16,Operand hybrid + plain H16,26110,2.4667677879333496,2.963253974914551,0.1454782783985138,34997.88944452169,90.08371180179768,109513277440.0,0.0003,129.81909656524658,152.66796875,0,0,exported_float_payload,False
operand_hybrid_plain_h16,Operand hybrid + plain H16,26120,2.4517664909362793,2.9127840995788574,0.22828668355941772,34975.15586658515,90.02519612797956,109555220480.0,0.0003,129.81909656524658,152.66796875,0,0,exported_float_payload,False
operand_hybrid_plain_h16,Operand hybrid + plain H16,26130,2.470754861831665,2.909290313720703,0.12603381276130676,34982.189360301236,90.04330016884991,109597163520.0,0.0003,129.81909656524658,152.66796875,0,0,exported_float_payload,False
operand_hybrid_plain_h16,Operand hybrid + plain H16,26140,2.467801094055176,2.9889655113220215,0.18221861124038696,34907.92220777521,89.85213833393126,109639106560.0,0.0003,129.81909656524658,152.66796875,0,0,exported_float_payload,False
operand_hybrid_plain_h16,Operand hybrid + plain H16,26150,2.482640504837036,3.055403232574463,0.2701810300350189,34901.0713443402,89.83450437893944,109681049600.0,0.0003,129.81909656524658,152.66796875,0,0,exported_float_payload,False
operand_hybrid_plain_h16,Operand hybrid + plain H16,26160,2.486473560333252,3.1916122436523438,0.13083003461360931,35032.16043620892,90.17192449654341,109722992640.0,0.0003,129.81909656524658,152.66796875,0,0,exported_float_payload,False
operand_hybrid_plain_h16,Operand hybrid + plain H16,26170,2.4689409732818604,2.9107418060302734,0.27710485458374023,34955.42663227666,89.97441356120983,109764935680.0,0.0003,129.81909656524658,152.66796875,0,0,exported_float_payload,False
operand_hybrid_plain_h16,Operand hybrid + plain H16,26180,2.4833872318267822,2.995779514312744,0.10501575469970703,34872.363232180825,89.76061040009714,109806878720.0,0.0003,129.81909656524658,152.66796875,0,0,exported_float_payload,False
operand_hybrid_plain_h16,Operand hybrid + plain H16,26190,2.5040230751037598,2.951122283935547,0.09980829805135727,34969.151455571286,90.0097409208257,109848821760.0,0.0003,129.81909656524658,152.66796875,0,0,exported_float_payload,False
operand_hybrid_plain_h16,Operand hybrid + plain H16,26200,2.4940004348754883,3.166944980621338,0.21248920261859894,35012.97956195888,90.12255339515782,109890764800.0,0.0003,129.81909656524658,152.66796875,0,0,exported_float_payload,False
operand_hybrid_plain_h16,Operand hybrid + plain H16,26210,2.4540414810180664,3.1187291145324707,0.09472689032554626,35002.80479097898,90.09636378340836,109932707840.0,0.0003,129.81909656524658,152.66796875,0,0,exported_float_payload,False
operand_hybrid_plain_h16,Operand hybrid + plain H16,26220,2.5107297897338867,3.1582608222961426,0.09171181917190552,34948.4650523565,89.95649462469203,109974650880.0,0.0003,129.81909656524658,152.66796875,0,0,exported_float_payload,False
operand_hybrid_plain_h16,Operand hybrid + plain H16,26230,2.4665145874023438,2.9001941680908203,0.14304013550281525,34952.23569502588,89.96620016673835,110016593920.0,0.0003,129.81909656524658,152.66796875,0,0,exported_float_payload,False
operand_hybrid_plain_h16,Operand hybrid + plain H16,26240,2.4467267990112305,2.9247899055480957,0.09373287111520767,34927.04538244861,89.9013609180172,110058536960.0,0.0003,129.81909656524658,152.66796875,0,0,exported_float_payload,False
operand_hybrid_plain_h16,Operand hybrid + plain H16,26250,2.5573556423187256,3.1184377670288086,0.43418413400650024,35009.888380903925,90.11459677069557,110100480000.0,0.0003,129.81909656524658,152.66796875,0,0,exported_float_payload,False
operand_hybrid_plain_h16,Operand hybrid + plain H16,26260,2.4782538414001465,3.0441150665283203,0.10983346402645111,34865.581231039294,89.7431536949652,110142423040.0,0.0003,129.81909656524658,152.66796875,0,0,exported_float_payload,False
operand_hybrid_plain_h16,Operand hybrid + plain H16,26270,2.486968517303467,2.8941965103149414,0.13049523532390594,34903.58808387541,89.84098240497383,110184366080.0,0.0003,129.81909656524658,152.66796875,0,0,exported_float_payload,False
operand_hybrid_plain_h16,Operand hybrid + plain H16,26280,2.4854938983917236,3.042891025543213,0.11877316236495972,34916.849263179414,89.87511635629302,110226309120.0,0.0003,129.81909656524658,152.66796875,0,0,exported_float_payload,False
operand_hybrid_plain_h16,Operand hybrid + plain H16,26290,2.5030834674835205,2.9034371376037598,0.2283705472946167,34898.80356533034,89.82866717121072,110268252160.0,0.0003,129.81909656524658,152.66796875,0,0,exported_float_payload,False
operand_hybrid_plain_h16,Operand hybrid + plain H16,26300,2.503378391265869,3.4424638748168945,0.09827955812215805,34937.79222907051,89.92902303848307,110310195200.0,0.0003,129.81909656524658,152.66796875,0,0,exported_float_payload,False
operand_hybrid_plain_h16,Operand hybrid + plain H16,26310,2.440333127975464,2.9218461513519287,0.32038620114326477,34934.686828428436,89.92102981315122,110352138240.0,0.0003,129.81909656524658,152.66796875,0,0,exported_float_payload,False
operand_hybrid_plain_h16,Operand hybrid + plain H16,26320,2.4495460987091064,2.9323604106903076,0.12394970655441284,34926.189257598766,89.89915727358425,110394081280.0,0.0003,129.81909656524658,152.66796875,0,0,exported_float_payload,False
operand_hybrid_plain_h16,Operand hybrid + plain H16,26330,2.4895248413085938,2.8699536323547363,0.3691164255142212,34948.94351575881,89.9577261777921,110436024320.0,0.0003,129.81909656524658,152.66796875,0,0,exported_float_payload,False
operand_hybrid_plain_h16,Operand hybrid + plain H16,26340,2.4659650325775146,2.934572219848633,0.08643509447574615,34971.16566640291,90.01492545026287,110477967360.0,0.0003,129.81909656524658,152.66796875,0,0,exported_float_payload,False
operand_hybrid_plain_h16,Operand hybrid + plain H16,26350,2.48946213722229,2.90079927444458,0.13729584217071533,34937.10882891477,89.92726398318996,110519910400.0,0.0003,129.81909656524658,152.66796875,0,0,exported_float_payload,False
operand_hybrid_plain_h16,Operand hybrid + plain H16,26360,2.4625630378723145,2.9377923011779785,0.11666041612625122,34950.78788729797,89.9624735450427,110561853440.0,0.0003,129.81909656524658,152.66796875,0,0,exported_float_payload,False
operand_hybrid_plain_h16,Operand hybrid + plain H16,26370,2.4984495639801025,3.0761008262634277,0.15256501734256744,34855.35743330027,89.71683788953636,110603796480.0,0.0003,129.81909656524658,152.66796875,0,0,exported_float_payload,False
operand_hybrid_plain_h16,Operand hybrid + plain H16,26380,2.46708607673645,2.918471097946167,0.2044506072998047,34950.45590993849,89.96161904343559,110645739520.0,0.0003,129.81909656524658,152.66796875,0,0,exported_float_payload,False
operand_hybrid_plain_h16,Operand hybrid + plain H16,26390,2.4930808544158936,2.929025173187256,0.28862789273262024,34969.761955941925,90.01131233385422,110687682560.0,0.0003,129.81909656524658,152.66796875,0,0,exported_float_payload,False
operand_hybrid_plain_h16,Operand hybrid + plain H16,26400,2.4837915897369385,2.9193572998046875,0.09945741295814514,34947.11501520446,89.95301966206839,110729625600.0,0.0003,129.81909656524658,152.66796875,0,0,exported_float_payload,False
operand_hybrid_plain_h16,Operand hybrid + plain H16,26410,2.528709888458252,5.694096088409424,0.32829031348228455,34944.9168175223,89.94736155497606,110771568640.0,0.0003,129.81909656524658,152.66796875,0,0,exported_float_payload,False
operand_hybrid_plain_h16,Operand hybrid + plain H16,26420,2.525273561477661,3.265564441680908,0.18131285905838013,34958.71928709732,89.98288877421938,110813511680.0,0.0003,129.81909656524658,152.66796875,0,0,exported_float_payload,False
operand_hybrid_plain_h16,Operand hybrid + plain H16,26430,2.4885284900665283,2.9266598224639893,0.15303835272789001,34973.230502389044,90.02024028761008,110855454720.0,0.0003,129.81909656524658,152.66796875,0,0,exported_float_payload,False
operand_hybrid_plain_h16,Operand hybrid + plain H16,26440,2.4572391510009766,2.8507001399993896,0.09194747358560562,34944.092603524616,89.9452400482964,110897397760.0,0.0003,129.81909656524658,152.66796875,0,0,exported_float_payload,False
operand_hybrid_plain_h16,Operand hybrid + plain H16,26450,2.491225242614746,3.1175849437713623,0.26711609959602356,34907.92367472658,89.85214210982822,110939340800.0,0.0003,129.81909656524658,152.66796875,0,0,exported_float_payload,False
operand_hybrid_plain_h16,Operand hybrid + plain H16,26460,2.4695255756378174,2.9749886989593506,0.12683609127998352,34950.24627314063,89.96107944344308,110981283840.0,0.0003,129.81909656524658,152.66796875,0,0,exported_float_payload,False
operand_hybrid_plain_h16,Operand hybrid + plain H16,26470,2.4463324546813965,3.171469211578369,0.11498357355594635,34863.02986167825,89.73658653260577,111023226880.0,0.0003,129.81909656524658,152.66796875,0,0,exported_float_payload,False
operand_hybrid_plain_h16,Operand hybrid + plain H16,26480,2.5128519535064697,3.2217087745666504,0.2032843381166458,34924.55192390864,89.8949428166954,111065169920.0,0.0003,129.81909656524658,152.66796875,0,0,exported_float_payload,False
operand_hybrid_plain_h16,Operand hybrid + plain H16,26490,2.520169734954834,3.769042491912842,0.15003569424152374,34956.73050133939,89.9777696883003,111107112960.0,0.0003,129.81909656524658,152.66796875,0,0,exported_float_payload,False
operand_hybrid_plain_h16,Operand hybrid + plain H16,26500,2.481067180633545,2.9024391174316406,0.1230819895863533,34980.602070665926,90.03921452413466,111149056000.0,0.0003,129.81909656524658,152.66796875,0,0,exported_float_payload,False
operand_hybrid_plain_h16,Operand hybrid + plain H16,26510,2.4426963329315186,2.9334030151367188,0.139858216047287,34920.247577340655,89.88386353386207,111190999040.0,0.0003,129.81909656524658,152.66796875,0,0,exported_float_payload,False
operand_hybrid_plain_h16,Operand hybrid + plain H16,26520,2.4801788330078125,2.9217143058776855,0.17948922514915466,34982.59751566233,90.04435075077077,111232942080.0,0.0003,129.81909656524658,152.66796875,0,0,exported_float_payload,False
operand_hybrid_plain_h16,Operand hybrid + plain H16,26530,2.4693095684051514,2.999190330505371,0.12412896007299423,34908.278778965105,89.8530561394566,111274885120.0,0.0003,129.81909656524658,152.66796875,0,0,exported_float_payload,False
operand_hybrid_plain_h16,Operand hybrid + plain H16,26540,2.4763381481170654,2.8786964416503906,0.22621555626392365,34946.58626313368,89.95165866716513,111316828160.0,0.0003,129.81909656524658,152.66796875,0,0,exported_float_payload,False
operand_hybrid_plain_h16,Operand hybrid + plain H16,26550,2.485273838043213,2.85821533203125,0.1559625118970871,35014.15499680329,90.12557893571031,111358771200.0,0.0003,129.81909656524658,152.66796875,0,0,exported_float_payload,False
operand_hybrid_plain_h16,Operand hybrid + plain H16,26560,2.4725241661071777,2.9991931915283203,0.2535592019557953,34898.00134237341,89.82660226893235,111400714240.0,0.0003,129.81909656524658,152.66796875,0,0,exported_float_payload,False
operand_hybrid_plain_h16,Operand hybrid + plain H16,26570,2.471308708190918,3.622649669647217,0.18870851397514343,35051.451192453016,90.22157843149532,111442657280.0,0.0003,129.81909656524658,152.66796875,0,0,exported_float_payload,False
operand_hybrid_plain_h16,Operand hybrid + plain H16,26580,2.4776644706726074,3.214067220687866,0.1433926820755005,34917.13999798679,89.87586470057933,111484600320.0,0.0003,129.81909656524658,152.66796875,0,0,exported_float_payload,False
operand_hybrid_plain_h16,Operand hybrid + plain H16,26590,2.476247787475586,3.1835343837738037,0.11237505823373795,34961.91175336112,89.99110610433299,111526543360.0,0.0003,129.81909656524658,152.66796875,0,0,exported_float_payload,False
operand_hybrid_plain_h16,Operand hybrid + plain H16,26600,2.437041997909546,2.8739962577819824,0.13292019069194794,34929.22665131375,89.90697545074843,111568486400.0,0.0003,129.81909656524658,152.66796875,0,0,exported_float_payload,False
operand_hybrid_plain_h16,Operand hybrid + plain H16,26610,2.470750093460083,3.048797130584717,0.14290384948253632,34972.85217807351,90.01926649007117,111610429440.0,0.0003,129.81909656524658,152.66796875,0,0,exported_float_payload,False
operand_hybrid_plain_h16,Operand hybrid + plain H16,26620,2.481982707977295,3.2425074577331543,0.16259755194187164,34875.83275395948,89.76954086433254,111652372480.0,0.0003,129.81909656524658,152.66796875,0,0,exported_float_payload,False
operand_hybrid_plain_h16,Operand hybrid + plain H16,26630,2.468538522720337,2.941321849822998,0.14491868019104004,34984.06699180771,90.04813314644323,111694315520.0,0.0003,129.81909656524658,152.66796875,0,0,exported_float_payload,False
operand_hybrid_plain_h16,Operand hybrid + plain H16,26640,2.5006351470947266,3.1697778701782227,0.11490854620933533,34932.67434265417,89.9158497239695,111736258560.0,0.0003,129.81909656524658,152.66796875,0,0,exported_float_payload,False
operand_hybrid_plain_h16,Operand hybrid + plain H16,26650,2.4637699127197266,2.941366195678711,0.3006192147731781,34930.656047257275,89.91065468096119,111778201600.0,0.0003,129.81909656524658,152.66796875,0,0,exported_float_payload,False
operand_hybrid_plain_h16,Operand hybrid + plain H16,26660,2.462709665298462,3.0216050148010254,0.17588664591312408,34933.74925330381,89.91861651770226,111820144640.0,0.0003,129.81909656524658,152.66796875,0,0,exported_float_payload,False
operand_hybrid_plain_h16,Operand hybrid + plain H16,26670,2.4712328910827637,2.9234719276428223,0.20931465923786163,34966.163998244985,90.00205127870517,111862087680.0,0.0003,129.81909656524658,152.66796875,0,0,exported_float_payload,False
operand_hybrid_plain_h16,Operand hybrid + plain H16,26680,2.4690792560577393,3.1373629570007324,0.1426195204257965,34886.85593740862,89.79791426903581,111904030720.0,0.0003,129.81909656524658,152.66796875,0,0,exported_float_payload,False
operand_hybrid_plain_h16,Operand hybrid + plain H16,26690,2.4957995414733887,3.150890588760376,0.15240782499313354,35011.14663109137,90.11783547591635,111945973760.0,0.0003,129.81909656524658,152.66796875,0,0,exported_float_payload,False
operand_hybrid_plain_h16,Operand hybrid + plain H16,26700,2.5056312084198,3.09051775932312,0.15954478085041046,34944.41016511073,89.9460574440553,111987916800.0,0.0003,129.81909656524658,152.66796875,0,0,exported_float_payload,False
operand_hybrid_plain_h16,Operand hybrid + plain H16,26710,2.51052188873291,3.0302016735076904,0.19045409560203552,34901.10042672249,89.83457923628046,112029859840.0,0.0003,129.81909656524658,152.66796875,0,0,exported_float_payload,False
operand_hybrid_plain_h16,Operand hybrid + plain H16,26720,2.5365593433380127,5.925182342529297,0.1390710026025772,34970.666425861826,90.01364041731556,112071802880.0,0.0003,129.81909656524658,152.66796875,0,0,exported_float_payload,False
operand_hybrid_plain_h16,Operand hybrid + plain H16,26730,2.481891393661499,2.9371023178100586,0.2674855887889862,34904.65864151148,89.84373799415607,112113745920.0,0.0003,129.81909656524658,152.66796875,0,0,exported_float_payload,False
operand_hybrid_plain_h16,Operand hybrid + plain H16,26740,2.4839251041412354,3.0384817123413086,0.12662845849990845,35011.619818695224,90.11905344924018,112155688960.0,0.0003,129.81909656524658,152.66796875,0,0,exported_float_payload,False
operand_hybrid_plain_h16,Operand hybrid + plain H16,26750,2.4940943717956543,3.043978691101074,0.3022349774837494,34954.226547732644,89.97132457293318,112197632000.0,0.0003,129.81909656524658,152.66796875,0,0,exported_float_payload,False
operand_hybrid_plain_h16,Operand hybrid + plain H16,26760,2.5115480422973633,3.3596420288085938,0.11995308101177216,34941.404646977564,89.93832131385945,112239575040.0,0.0003,129.81909656524658,152.66796875,0,0,exported_float_payload,False
operand_hybrid_plain_h16,Operand hybrid + plain H16,26770,2.4804890155792236,3.0707292556762695,0.15444599092006683,34953.07758160808,89.96836716221848,112281518080.0,0.0003,129.81909656524658,152.66796875,0,0,exported_float_payload,False
operand_hybrid_plain_h16,Operand hybrid + plain H16,26780,2.454354763031006,3.212712287902832,0.18691836297512054,34913.04288143293,89.86531882273599,112323461120.0,0.0003,129.81909656524658,152.66796875,0,0,exported_float_payload,False
operand_hybrid_plain_h16,Operand hybrid + plain H16,26790,2.485055685043335,3.774221420288086,0.11525825411081314,34893.973883077066,89.81623568716688,112365404160.0,0.0003,129.81909656524658,152.66796875,0,0,exported_float_payload,False
operand_hybrid_plain_h16,Operand hybrid + plain H16,26800,2.496964454650879,3.2503411769866943,0.1792212277650833,34990.38770570562,90.06440250948765,112407347200.0,0.0003,129.81909656524658,152.66796875,0,0,exported_float_payload,False
operand_hybrid_plain_h16,Operand hybrid + plain H16,26810,2.4853029251098633,2.9921693801879883,0.11009741574525833,34970.436128279776,90.01304763696969,112449290240.0,0.0003,129.81909656524658,152.66796875,0,0,exported_float_payload,False
operand_hybrid_plain_h16,Operand hybrid + plain H16,26820,2.4991095066070557,2.932258129119873,0.22280976176261902,34971.52355511768,90.01584664706503,112491233280.0,0.0003,129.81909656524658,152.66796875,0,0,exported_float_payload,False
operand_hybrid_plain_h16,Operand hybrid + plain H16,26830,2.4753801822662354,3.187060832977295,0.11569662392139435,34948.475587884124,89.95652174288256,112533176320.0,0.0003,129.81909656524658,152.66796875,0,0,exported_float_payload,False
operand_hybrid_plain_h16,Operand hybrid + plain H16,26840,2.480614185333252,2.9531009197235107,0.21945223212242126,34927.28587185257,89.90197993186351,112575119360.0,0.0003,129.81909656524658,152.66796875,0,0,exported_float_payload,False
operand_hybrid_plain_h16,Operand hybrid + plain H16,26850,2.503460168838501,3.4773385524749756,0.11757480353116989,34913.36686855026,89.86615275765519,112617062400.0,0.0003,129.81909656524658,152.66796875,0,0,exported_float_payload,False
operand_hybrid_plain_h16,Operand hybrid + plain H16,26860,2.496363401412964,3.2855520248413086,0.25096872448921204,34966.44387989169,90.00277168722124,112659005440.0,0.0003,129.81909656524658,152.66796875,0,0,exported_float_payload,False
operand_hybrid_plain_h16,Operand hybrid + plain H16,26870,2.478400945663452,2.9576053619384766,0.0947936475276947,34935.333167057455,89.92269347298063,112700948480.0,0.0003,129.81909656524658,152.66796875,0,0,exported_float_payload,False
operand_hybrid_plain_h16,Operand hybrid + plain H16,26880,2.4967803955078125,3.441431760787964,0.15053784847259521,34995.40913185019,90.07732753761992,112742891520.0,0.0003,129.81909656524658,152.66796875,0,0,exported_float_payload,False
operand_hybrid_plain_h16,Operand hybrid + plain H16,26890,2.4878125190734863,2.991358757019043,0.10967094451189041,34944.42523710221,89.94609623899288,112784834560.0,0.0003,129.81909656524658,152.66796875,0,0,exported_float_payload,False
operand_hybrid_plain_h16,Operand hybrid + plain H16,26900,2.5160984992980957,3.857325553894043,0.14682026207447052,34973.44437362057,90.0207907869313,112826777600.0,0.0003,129.81909656524658,152.66796875,0,0,exported_float_payload,False
operand_hybrid_plain_h16,Operand hybrid + plain H16,26910,2.475125312805176,3.0859808921813965,0.18856433033943176,34920.10308385484,89.88349161116217,112868720640.0,0.0003,129.81909656524658,152.66796875,0,0,exported_float_payload,False
operand_hybrid_plain_h16,Operand hybrid + plain H16,26920,2.4810502529144287,2.9998600482940674,0.10692188143730164,34955.925461876686,89.9756975364049,112910663680.0,0.0003,129.81909656524658,152.66796875,0,0,exported_float_payload,False
operand_hybrid_plain_h16,Operand hybrid + plain H16,26930,2.500922441482544,2.9368982315063477,0.13170886039733887,34894.92263863846,89.81867776078673,112952606720.0,0.0003,129.81909656524658,152.66796875,0,0,exported_float_payload,False
operand_hybrid_plain_h16,Operand hybrid + plain H16,26940,2.4758126735687256,2.9075584411621094,0.1525963544845581,34908.048339201894,89.85246299313988,112994549760.0,0.0003,129.81909656524658,152.66796875,0,0,exported_float_payload,False
operand_hybrid_plain_h16,Operand hybrid + plain H16,26950,2.476508617401123,2.9701621532440186,0.1812293827533722,34988.202962743046,90.05877903451456,113036492800.0,0.0003,129.81909656524658,152.66796875,0,0,exported_float_payload,False
operand_hybrid_plain_h16,Operand hybrid + plain H16,26960,2.4617466926574707,2.911693572998047,0.19236963987350464,34923.039001627054,89.89104859173054,113078435840.0,0.0003,129.81909656524658,152.66796875,0,0,exported_float_payload,False
operand_hybrid_plain_h16,Operand hybrid + plain H16,26970,2.459970474243164,2.9208312034606934,0.234159916639328,34983.11255893679,90.04567645956745,113120378880.0,0.0003,129.81909656524658,152.66796875,0,0,exported_float_payload,False
operand_hybrid_plain_h16,Operand hybrid + plain H16,26980,2.4956040382385254,3.2026219367980957,0.12403355538845062,34965.79099434319,90.00109117578113,113162321920.0,0.0003,129.81909656524658,152.66796875,0,0,exported_float_payload,False
operand_hybrid_plain_h16,Operand hybrid + plain H16,26990,2.4603898525238037,2.978090286254883,0.22509489953517914,34932.39002802516,89.91511790506536,113204264960.0,0.0003,129.81909656524658,152.66796875,0,0,exported_float_payload,False
operand_hybrid_plain_h16,Operand hybrid + plain H16,27000,2.472724199295044,2.9601871967315674,0.17566825449466705,34963.52602255699,89.99526119377748,113246208000.0,0.0003,129.81909656524658,152.66796875,0,0,exported_float_payload,False
operand_hybrid_plain_h16,Operand hybrid + plain H16,27010,2.475367546081543,2.8572146892547607,0.13372062146663666,27824.119424363318,71.6186031542395,113288151040.0,0.0003,129.81909656524658,152.66796875,0,0,exported_float_payload,False
operand_hybrid_plain_h16,Operand hybrid + plain H16,27020,2.4743025302886963,3.200162887573242,0.12391681224107742,34930.82645327669,89.91109330188908,113330094080.0,0.0003,129.81909656524658,152.66796875,0,0,exported_float_payload,False
operand_hybrid_plain_h16,Operand hybrid + plain H16,27030,2.445965051651001,2.9779114723205566,0.13147896528244019,34909.93576977494,89.857321193291,113372037120.0,0.0003,129.81909656524658,152.66796875,0,0,exported_float_payload,False
operand_hybrid_plain_h16,Operand hybrid + plain H16,27040,2.48160982131958,2.933345317840576,0.1136239692568779,34966.10968342161,90.00191147367768,113413980160.0,0.0003,129.81909656524658,152.66796875,0,0,exported_float_payload,False
operand_hybrid_plain_h16,Operand hybrid + plain H16,27050,2.486140489578247,2.9519128799438477,0.17083704471588135,34943.76118758538,89.94438699177127,113455923200.0,0.0003,129.81909656524658,152.66796875,0,0,exported_float_payload,False
operand_hybrid_plain_h16,Operand hybrid + plain H16,27060,2.4594101905822754,2.9430923461914062,0.11690658330917358,34923.95936748212,89.89341759094037,113497866240.0,0.0003,129.81909656524658,152.66796875,0,0,exported_float_payload,False
operand_hybrid_plain_h16,Operand hybrid + plain H16,27070,2.4771931171417236,2.8714871406555176,0.2115078717470169,34962.41909439134,89.99241198774129,113539809280.0,0.0003,129.81909656524658,152.66796875,0,0,exported_float_payload,False
operand_hybrid_plain_h16,Operand hybrid + plain H16,27080,2.4431214332580566,2.853807210922241,0.1967466026544571,34966.42525353933,90.00272374344564,113581752320.0,0.0003,129.81909656524658,152.66796875,0,0,exported_float_payload,False
operand_hybrid_plain_h16,Operand hybrid + plain H16,27090,2.4721288681030273,2.861710786819458,0.12021193653345108,34928.72193926324,89.90567633426961,113623695360.0,0.0003,129.81909656524658,152.66796875,0,0,exported_float_payload,False
operand_hybrid_plain_h16,Operand hybrid + plain H16,27100,2.4865779876708984,3.0874948501586914,0.1389603316783905,34909.59445954382,89.85644266910045,113665638400.0,0.0003,129.81909656524658,152.66796875,0,0,exported_float_payload,False
operand_hybrid_plain_h16,Operand hybrid + plain H16,27110,2.469653606414795,3.3191630840301514,0.10394072532653809,34988.831133060245,90.06039592955352,113707581440.0,0.0003,129.81909656524658,152.66796875,0,0,exported_float_payload,False
operand_hybrid_plain_h16,Operand hybrid + plain H16,27120,2.4855611324310303,2.9912595748901367,0.20188862085342407,34968.64835801363,90.00844596001201,113749524480.0,0.0003,129.81909656524658,152.66796875,0,0,exported_float_payload,False
operand_hybrid_plain_h16,Operand hybrid + plain H16,27130,2.443999767303467,2.9337263107299805,0.11117774248123169,34978.61964352562,90.0341118051419,113791467520.0,0.0003,129.81909656524658,152.66796875,0,0,exported_float_payload,False
operand_hybrid_plain_h16,Operand hybrid + plain H16,27140,2.4720046520233154,3.021088123321533,0.3142242729663849,34974.018088951765,90.0222675161676,113833410560.0,0.0003,129.81909656524658,152.66796875,0,0,exported_float_payload,False
operand_hybrid_plain_h16,Operand hybrid + plain H16,27150,2.467522621154785,2.987518310546875,0.14516831934452057,35002.71438773305,90.09613108766354,113875353600.0,0.0003,129.81909656524658,152.66796875,0,0,exported_float_payload,False
operand_hybrid_plain_h16,Operand hybrid + plain H16,27160,2.4855098724365234,2.9744186401367188,0.10684926807880402,34964.10987181145,89.99676400748453,113917296640.0,0.0003,129.81909656524658,152.66796875,0,0,exported_float_payload,False
operand_hybrid_plain_h16,Operand hybrid + plain H16,27170,2.5027875900268555,4.520534992218018,0.10415518283843994,34978.33995519703,90.03339189422192,113959239680.0,0.0003,129.81909656524658,152.66796875,0,0,exported_float_payload,False
operand_hybrid_plain_h16,Operand hybrid + plain H16,27180,2.4891066551208496,3.0233893394470215,0.14618009328842163,34960.11379168659,89.98647819493931,114001182720.0,0.0003,129.81909656524658,152.66796875,0,0,exported_float_payload,False
operand_hybrid_plain_h16,Operand hybrid + plain H16,27190,2.465043306350708,3.240051746368408,1.3939698934555054,35020.484861422934,90.14187185248875,114043125760.0,0.0003,129.81909656524658,152.66796875,0,0,exported_float_payload,False
operand_hybrid_plain_h16,Operand hybrid + plain H16,27200,2.442751407623291,3.301377773284912,0.11721671372652054,34960.10053377263,89.9864440693929,114085068800.0,0.0003,129.81909656524658,152.66796875,0,0,exported_float_payload,False
operand_hybrid_plain_h16,Operand hybrid + plain H16,27210,2.494112253189087,3.0173282623291016,0.14530660212039948,34956.08945074302,89.97611963973765,114127011840.0,0.0003,129.81909656524658,152.66796875,0,0,exported_float_payload,False
operand_hybrid_plain_h16,Operand hybrid + plain H16,27220,2.4960012435913086,3.0799105167388916,0.18968819081783295,34957.40006708166,89.97949313415135,114168954880.0,0.0003,129.81909656524658,152.66796875,0,0,exported_float_payload,False
operand_hybrid_plain_h16,Operand hybrid + plain H16,27230,2.4682188034057617,3.1428823471069336,0.11661774665117264,34965.21786780953,89.9996159620953,114210897920.0,0.0003,129.81909656524658,152.66796875,0,0,exported_float_payload,False
operand_hybrid_plain_h16,Operand hybrid + plain H16,27240,2.4583027362823486,2.894740581512451,0.12703737616539001,35008.645713585836,90.11139817539954,114252840960.0,0.0003,129.81909656524658,152.66796875,0,0,exported_float_payload,False
operand_hybrid_plain_h16,Operand hybrid + plain H16,27250,2.4752655029296875,2.9241104125976562,0.14088711142539978,34938.32742802325,89.93040062750289,114294784000.0,0.0003,129.81909656524658,152.66796875,0,0,exported_float_payload,False
operand_hybrid_plain_h16,Operand hybrid + plain H16,27260,2.4595725536346436,3.1647725105285645,0.2809503972530365,34896.02044166987,89.82150347895049,114336727040.0,0.0003,129.81909656524658,152.66796875,0,0,exported_float_payload,False
operand_hybrid_plain_h16,Operand hybrid + plain H16,27270,2.480729341506958,3.089315414428711,0.2868630588054657,34982.603974894606,90.04436737667673,114378670080.0,0.0003,129.81909656524658,152.66796875,0,0,exported_float_payload,False
operand_hybrid_plain_h16,Operand hybrid + plain H16,27280,2.514573812484741,3.3427987098693848,0.16118082404136658,35015.45239428641,90.12891840511308,114420613120.0,0.0003,129.81909656524658,152.66796875,0,0,exported_float_payload,False
operand_hybrid_plain_h16,Operand hybrid + plain H16,27290,2.504312038421631,3.0887603759765625,0.14410674571990967,34911.864057906445,89.8622845597987,114462556160.0,0.0003,129.81909656524658,152.66796875,0,0,exported_float_payload,False
operand_hybrid_plain_h16,Operand hybrid + plain H16,27300,2.4921603202819824,3.137136459350586,0.25127530097961426,34905.12253573891,89.84493204655621,114504499200.0,0.0003,129.81909656524658,152.66796875,0,0,exported_float_payload,False
operand_hybrid_plain_h16,Operand hybrid + plain H16,27310,2.507950782775879,3.067336082458496,0.1789095103740692,34970.72172134249,90.01378274653092,114546442240.0,0.0003,129.81909656524658,152.66796875,0,0,exported_float_payload,False
operand_hybrid_plain_h16,Operand hybrid + plain H16,27320,2.4594664573669434,2.934022903442383,0.23776455223560333,34962.52175853607,89.99267624273989,114588385280.0,0.0003,129.81909656524658,152.66796875,0,0,exported_float_payload,False
operand_hybrid_plain_h16,Operand hybrid + plain H16,27330,2.470136880874634,3.516918659210205,0.16651833057403564,35019.26568738542,90.13873372832255,114630328320.0,0.0003,129.81909656524658,152.66796875,0,0,exported_float_payload,False
operand_hybrid_plain_h16,Operand hybrid + plain H16,27340,2.4931695461273193,3.4115402698516846,0.17500434815883636,34978.423588306905,90.03360716380209,114672271360.0,0.0003,129.81909656524658,152.66796875,0,0,exported_float_payload,False
operand_hybrid_plain_h16,Operand hybrid + plain H16,27350,2.476044178009033,2.9267706871032715,0.40750592947006226,34954.72729145967,89.97261347504437,114714214400.0,0.0003,129.81909656524658,152.66796875,0,0,exported_float_payload,False
operand_hybrid_plain_h16,Operand hybrid + plain H16,27360,2.485506296157837,2.945162296295166,0.12180235981941223,34976.91929370316,90.02973514626905,114756157440.0,0.0003,129.81909656524658,152.66796875,0,0,exported_float_payload,False
operand_hybrid_plain_h16,Operand hybrid + plain H16,27370,2.49337100982666,3.0534441471099854,0.09857439994812012,35003.6692303684,90.09858882926292,114798100480.0,0.0003,129.81909656524658,152.66796875,0,0,exported_float_payload,False
operand_hybrid_plain_h16,Operand hybrid + plain H16,27380,2.452819585800171,2.937018871307373,0.2258506417274475,34943.4105220271,89.94348438719732,114840043520.0,0.0003,129.81909656524658,152.66796875,0,0,exported_float_payload,False
operand_hybrid_plain_h16,Operand hybrid + plain H16,27390,2.454030990600586,2.882762908935547,0.126519575715065,35008.36187933244,90.11066759297049,114881986560.0,0.0003,129.81909656524658,152.66796875,0,0,exported_float_payload,False
operand_hybrid_plain_h16,Operand hybrid + plain H16,27400,2.4775266647338867,3.0255095958709717,0.10872093588113785,34974.58928301082,90.02373775571107,114923929600.0,0.0003,129.81909656524658,152.66796875,0,0,exported_float_payload,False
operand_hybrid_plain_h16,Operand hybrid + plain H16,27410,2.4993081092834473,3.16580867767334,0.14124034345149994,35014.071939175934,90.12536514740809,114965872640.0,0.0003,129.81909656524658,152.66796875,0,0,exported_float_payload,False
operand_hybrid_plain_h16,Operand hybrid + plain H16,27420,2.5045149326324463,3.3575570583343506,0.21415026485919952,34910.7748574388,89.85948098442377,115007815680.0,0.0003,129.81909656524658,152.66796875,0,0,exported_float_payload,False
operand_hybrid_plain_h16,Operand hybrid + plain H16,27430,2.4669461250305176,3.129042148590088,0.1265970915555954,34953.25582732566,89.96882596233777,115049758720.0,0.0003,129.81909656524658,152.66796875,0,0,exported_float_payload,False
operand_hybrid_plain_h16,Operand hybrid + plain H16,27440,2.486912250518799,3.430694580078125,0.10731302201747894,35001.09798959031,90.0919705183618,115091701760.0,0.0003,129.81909656524658,152.66796875,0,0,exported_float_payload,False
operand_hybrid_plain_h16,Operand hybrid + plain H16,27450,2.478518486022949,3.0177252292633057,0.14036166667938232,34946.63885490363,89.95179403709521,115133644800.0,0.0003,129.81909656524658,152.66796875,0,0,exported_float_payload,False
operand_hybrid_plain_h16,Operand hybrid + plain H16,27460,2.4691643714904785,3.1336774826049805,0.16441971063613892,34959.9454626706,89.98604492016746,115175587840.0,0.0003,129.81909656524658,152.66796875,0,0,exported_float_payload,False
operand_hybrid_plain_h16,Operand hybrid + plain H16,27470,2.4655563831329346,2.903268814086914,0.11631495505571365,34941.48201344096,89.93852045324478,115217530880.0,0.0003,129.81909656524658,152.66796875,0,0,exported_float_payload,False
operand_hybrid_plain_h16,Operand hybrid + plain H16,27480,2.4679884910583496,2.9754767417907715,0.1530996859073639,34940.0160586459,89.93474712144194,115259473920.0,0.0003,129.81909656524658,152.66796875,0,0,exported_float_payload,False
operand_hybrid_plain_h16,Operand hybrid + plain H16,27490,2.5005595684051514,3.0340609550476074,0.18280020356178284,34974.315592625935,90.02303328335155,115301416960.0,0.0003,129.81909656524658,152.66796875,0,0,exported_float_payload,False
operand_hybrid_plain_h16,Operand hybrid + plain H16,27500,2.4999501705169678,3.0372955799102783,0.20672672986984253,34952.41258993534,89.96665548991055,115343360000.0,0.0003,129.81909656524658,152.66796875,0,0,exported_float_payload,False
operand_hybrid_plain_h16,Operand hybrid + plain H16,27510,2.466663122177124,2.9849061965942383,0.23172491788864136,34967.99058956399,90.00675288010378,115385303040.0,0.0003,129.81909656524658,152.66796875,0,0,exported_float_payload,False
operand_hybrid_plain_h16,Operand hybrid + plain H16,27520,2.4636545181274414,2.8785386085510254,0.1474633514881134,34974.10412593488,90.0224889732587,115427246080.0,0.0003,129.81909656524658,152.66796875,0,0,exported_float_payload,False
operand_hybrid_plain_h16,Operand hybrid + plain H16,27530,2.43780517578125,2.9752025604248047,0.3370152413845062,34989.77675767793,90.06282994420081,115469189120.0,0.0003,129.81909656524658,152.66796875,0,0,exported_float_payload,False
operand_hybrid_plain_h16,Operand hybrid + plain H16,27540,2.4688918590545654,3.305711507797241,0.2100011259317398,34994.38324496933,90.07468692986949,115511132160.0,0.0003,129.81909656524658,152.66796875,0,0,exported_float_payload,False
operand_hybrid_plain_h16,Operand hybrid + plain H16,27550,2.4936673641204834,2.955670118331909,0.25625914335250854,34990.74634670798,90.06532564265966,115553075200.0,0.0003,129.81909656524658,152.66796875,0,0,exported_float_payload,False
operand_hybrid_plain_h16,Operand hybrid + plain H16,27560,2.4949088096618652,3.011723279953003,0.12148880958557129,34939.948852596804,89.93457413471462,115595018240.0,0.0003,129.81909656524658,152.66796875,0,0,exported_float_payload,False
operand_hybrid_plain_h16,Operand hybrid + plain H16,27570,2.482895612716675,2.963776111602783,0.11337050795555115,34975.67319765342,90.02652772550157,115636961280.0,0.0003,129.81909656524658,152.66796875,0,0,exported_float_payload,False
operand_hybrid_plain_h16,Operand hybrid + plain H16,27580,2.4712271690368652,2.978609561920166,0.1858336180448532,34871.202122029135,89.75762173095352,115678904320.0,0.0003,129.81909656524658,152.66796875,0,0,exported_float_payload,False
operand_hybrid_plain_h16,Operand hybrid + plain H16,27590,2.518252372741699,3.3375632762908936,0.2066163569688797,34864.87579485539,89.74133791947435,115720847360.0,0.0003,129.81909656524658,152.66796875,0,0,exported_float_payload,False
operand_hybrid_plain_h16,Operand hybrid + plain H16,27600,2.493119716644287,3.2022018432617188,0.12802839279174805,34931.2465465203,89.91217461162768,115762790400.0,0.0003,129.81909656524658,152.66796875,0,0,exported_float_payload,False
operand_hybrid_plain_h16,Operand hybrid + plain H16,27610,2.5047054290771484,3.3125054836273193,0.3386344611644745,34898.3750847832,89.82756427275787,115804733440.0,0.0003,129.81909656524658,152.66796875,0,0,exported_float_payload,False
operand_hybrid_plain_h16,Operand hybrid + plain H16,27620,2.476639986038208,2.9504427909851074,0.1981179267168045,34974.10724110475,90.0224969916298,115846676480.0,0.0003,129.81909656524658,152.66796875,0,0,exported_float_payload,False
operand_hybrid_plain_h16,Operand hybrid + plain H16,27630,2.48835825920105,2.9384679794311523,0.1433621346950531,34983.92616787194,90.04777066907543,115888619520.0,0.0003,129.81909656524658,152.66796875,0,0,exported_float_payload,False
operand_hybrid_plain_h16,Operand hybrid + plain H16,27640,2.4721765518188477,4.3213043212890625,0.2966981530189514,34949.53023482592,89.95923637832674,115930562560.0,0.0003,129.81909656524658,152.66796875,0,0,exported_float_payload,False
operand_hybrid_plain_h16,Operand hybrid + plain H16,27650,2.4834418296813965,3.123415946960449,0.09853771328926086,34936.54411804312,89.9258104312124,115972505600.0,0.0003,129.81909656524658,152.66796875,0,0,exported_float_payload,False
operand_hybrid_plain_h16,Operand hybrid + plain H16,27660,2.4691450595855713,2.8270626068115234,0.11141111701726913,34933.85794444889,89.91889628605243,116014448640.0,0.0003,129.81909656524658,152.66796875,0,0,exported_float_payload,False
operand_hybrid_plain_h16,Operand hybrid + plain H16,27670,2.4615190029144287,2.8448781967163086,0.17485924065113068,34984.69798294415,90.04975730220195,116056391680.0,0.0003,129.81909656524658,152.66796875,0,0,exported_float_payload,False
operand_hybrid_plain_h16,Operand hybrid + plain H16,27680,2.455540895462036,3.1253433227539062,0.18106123805046082,34935.71682573364,89.92368100103343,116098334720.0,0.0003,129.81909656524658,152.66796875,0,0,exported_float_payload,False
operand_hybrid_plain_h16,Operand hybrid + plain H16,27690,2.470285654067993,3.4517264366149902,0.13680197298526764,34931.9233308988,89.91391663807191,116140277760.0,0.0003,129.81909656524658,152.66796875,0,0,exported_float_payload,False
operand_hybrid_plain_h16,Operand hybrid + plain H16,27700,2.4591081142425537,3.0630664825439453,0.13525672256946564,34956.20407589348,89.97641468207257,116182220800.0,0.0003,129.81909656524658,152.66796875,0,0,exported_float_payload,False
operand_hybrid_plain_h16,Operand hybrid + plain H16,27710,2.500767946243286,3.369816303253174,0.08377321809530258,35007.71032420406,90.10899050599924,116224163840.0,0.0003,129.81909656524658,152.66796875,0,0,exported_float_payload,False
operand_hybrid_plain_h16,Operand hybrid + plain H16,27720,2.512136220932007,3.1547703742980957,2.2370877265930176,34971.154898859175,90.01489773486855,116266106880.0,0.0003,129.81909656524658,152.66796875,0,0,exported_float_payload,False
operand_hybrid_plain_h16,Operand hybrid + plain H16,27730,2.4839017391204834,2.922461986541748,0.134460911154747,34974.17127864292,90.02266182268745,116308049920.0,0.0003,129.81909656524658,152.66796875,0,0,exported_float_payload,False
operand_hybrid_plain_h16,Operand hybrid + plain H16,27740,2.454975128173828,3.3110203742980957,0.14908485114574432,34973.701745474704,90.02145325579161,116349992960.0,0.0003,129.81909656524658,152.66796875,0,0,exported_float_payload,False
operand_hybrid_plain_h16,Operand hybrid + plain H16,27750,2.4987449645996094,3.0710272789001465,0.23749127984046936,35016.395157271836,90.13134505398891,116391936000.0,0.0003,129.81909656524658,152.66796875,0,0,exported_float_payload,False
operand_hybrid_plain_h16,Operand hybrid + plain H16,27760,2.467247247695923,2.9954378604888916,0.24736101925373077,34963.58254527239,89.99540668186506,116433879040.0,0.0003,129.81909656524658,152.66796875,0,0,exported_float_payload,False
operand_hybrid_plain_h16,Operand hybrid + plain H16,27770,2.472072124481201,3.0269267559051514,0.18704476952552795,34991.84616120278,90.06815653828102,116475822080.0,0.0003,129.81909656524658,152.66796875,0,0,exported_float_payload,False
operand_hybrid_plain_h16,Operand hybrid + plain H16,27780,2.480494976043701,3.012528419494629,0.15251654386520386,35012.06506275083,90.12019949655398,116517765120.0,0.0003,129.81909656524658,152.66796875,0,0,exported_float_payload,False
operand_hybrid_plain_h16,Operand hybrid + plain H16,27790,2.460581064224243,2.9311397075653076,0.237919420003891,34977.98983863881,90.03249070276073,116559708160.0,0.0003,129.81909656524658,152.66796875,0,0,exported_float_payload,False
operand_hybrid_plain_h16,Operand hybrid + plain H16,27800,2.4705076217651367,2.879441738128662,0.10002081096172333,34971.744056548305,90.01641421235664,116601651200.0,0.0003,129.81909656524658,152.66796875,0,0,exported_float_payload,False
operand_hybrid_plain_h16,Operand hybrid + plain H16,27810,2.4846177101135254,3.0347659587860107,0.15605735778808594,34941.97611191491,89.939792250637,116643594240.0,0.0003,129.81909656524658,152.66796875,0,0,exported_float_payload,False
operand_hybrid_plain_h16,Operand hybrid + plain H16,27820,2.4436287879943848,2.9819929599761963,0.16082505881786346,33368.98003711572,85.8909388107119,116685537280.0,0.0003,129.81909656524658,152.66796875,0,0,exported_float_payload,False
operand_hybrid_plain_h16,Operand hybrid + plain H16,27830,2.462951898574829,3.0482821464538574,0.28683239221572876,34958.58083033829,89.98253238990662,116727480320.0,0.0003,129.81909656524658,152.66796875,0,0,exported_float_payload,False
operand_hybrid_plain_h16,Operand hybrid + plain H16,27840,2.4613406658172607,2.947732448577881,0.10858626663684845,34997.62036635766,90.0830192011819,116769423360.0,0.0003,129.81909656524658,152.66796875,0,0,exported_float_payload,False
operand_hybrid_plain_h16,Operand hybrid + plain H16,27850,2.4587841033935547,2.994175434112549,0.25187191367149353,34977.724432228046,90.03180755314807,116811366400.0,0.0003,129.81909656524658,152.66796875,0,0,exported_float_payload,False
operand_hybrid_plain_h16,Operand hybrid + plain H16,27860,2.4389021396636963,3.038949966430664,0.11705859750509262,34971.895388020996,90.0168037358676,116853309440.0,0.0003,129.81909656524658,152.66796875,0,0,exported_float_payload,False
operand_hybrid_plain_h16,Operand hybrid + plain H16,27870,2.4664604663848877,2.881143093109131,0.12111862003803253,34993.09111730637,90.07136102485497,116895252480.0,0.0003,129.81909656524658,152.66796875,0,0,exported_float_payload,False
operand_hybrid_plain_h16,Operand hybrid + plain H16,27880,2.474928140640259,2.8631033897399902,0.34561818838119507,35004.82904138261,90.10157415445843,116937195520.0,0.0003,129.81909656524658,152.66796875,0,0,exported_float_payload,False
operand_hybrid_plain_h16,Operand hybrid + plain H16,27890,2.4607081413269043,3.14052414894104,0.1605854481458664,34919.53349329848,89.88202549899545,116979138560.0,0.0003,129.81909656524658,152.66796875,0,0,exported_float_payload,False
operand_hybrid_plain_h16,Operand hybrid + plain H16,27900,2.462209463119507,3.129110813140869,1.0590391159057617,34959.0802442924,89.98381786921483,117021081600.0,0.0003,129.81909656524658,152.66796875,0,0,exported_float_payload,False
operand_hybrid_plain_h16,Operand hybrid + plain H16,27910,2.475505828857422,2.9312479496002197,0.2907017171382904,34986.75278277611,90.05504630673367,117063024640.0,0.0003,129.81909656524658,152.66796875,0,0,exported_float_payload,False
operand_hybrid_plain_h16,Operand hybrid + plain H16,27920,2.4828176498413086,2.9570400714874268,0.1490754932165146,34949.11972881817,89.95817974589885,117104967680.0,0.0003,129.81909656524658,152.66796875,0,0,exported_float_payload,False
operand_hybrid_plain_h16,Operand hybrid + plain H16,27930,2.506290912628174,2.864100456237793,0.1809205710887909,34987.684403652376,90.05744427609291,117146910720.0,0.0003,129.81909656524658,152.66796875,0,0,exported_float_payload,False
operand_hybrid_plain_h16,Operand hybrid + plain H16,27940,2.4745192527770996,2.9734835624694824,0.3790183663368225,35011.393610563995,90.11847119504073,117188853760.0,0.0003,129.81909656524658,152.66796875,0,0,exported_float_payload,False
operand_hybrid_plain_h16,Operand hybrid + plain H16,27950,2.494922161102295,2.9506711959838867,0.14886434376239777,35012.14532370507,90.12040608628797,117230796800.0,0.0003,129.81909656524658,152.66796875,0,0,exported_float_payload,False
operand_hybrid_plain_h16,Operand hybrid + plain H16,27960,2.438180685043335,2.8841800689697266,0.2119000107049942,34929.122231668465,89.90670667713431,117272739840.0,0.0003,129.81909656524658,152.66796875,0,0,exported_float_payload,False
operand_hybrid_plain_h16,Operand hybrid + plain H16,27970,2.4844460487365723,3.29288387298584,0.1630631387233734,34987.142810867226,90.05605022950479,117314682880.0,0.0003,129.81909656524658,152.66796875,0,0,exported_float_payload,False
operand_hybrid_plain_h16,Operand hybrid + plain H16,27980,2.479771375656128,3.230867624282837,0.20787078142166138,34887.16585724369,89.7987119951144,117356625920.0,0.0003,129.81909656524658,152.66796875,0,0,exported_float_payload,False
operand_hybrid_plain_h16,Operand hybrid + plain H16,27990,2.4819436073303223,3.7598185539245605,0.15801139175891876,35008.465548454486,90.1109344347561,117398568960.0,0.0003,129.81909656524658,152.66796875,0,0,exported_float_payload,False
operand_hybrid_plain_h16,Operand hybrid + plain H16,28000,2.4583418369293213,2.9604573249816895,0.24570047855377197,34982.614988398745,90.04439572516713,117440512000.0,0.0003,129.81909656524658,152.66796875,0,0,exported_float_payload,False
operand_hybrid_plain_h16,Operand hybrid + plain H16,28010,2.4845473766326904,2.952512264251709,0.16327950358390808,27939.2727893387,71.91500510041665,117482455040.0,0.0003,129.81909656524658,152.66796875,0,0,exported_float_payload,False
operand_hybrid_plain_h16,Operand hybrid + plain H16,28020,2.491023302078247,3.577878475189209,0.13430528342723846,35050.92716698465,90.2202296027511,117524398080.0,0.0003,129.81909656524658,152.66796875,0,0,exported_float_payload,False
operand_hybrid_plain_h16,Operand hybrid + plain H16,28030,2.4511568546295166,2.882349729537964,0.23965273797512054,35004.46531954447,90.10063794333934,117566341120.0,0.0003,129.81909656524658,152.66796875,0,0,exported_float_payload,False
operand_hybrid_plain_h16,Operand hybrid + plain H16,28040,2.5320515632629395,4.509152412414551,0.3599449396133423,34982.47578035132,90.04403740705642,117608284160.0,0.0003,129.81909656524658,152.66796875,0,0,exported_float_payload,False
operand_hybrid_plain_h16,Operand hybrid + plain H16,28050,2.49660587310791,3.0144824981689453,0.1652599275112152,34934.937583515115,89.92167525061386,117650227200.0,0.0003,129.81909656524658,152.66796875,0,0,exported_float_payload,False
operand_hybrid_plain_h16,Operand hybrid + plain H16,28060,2.5006000995635986,2.976033926010132,0.13902044296264648,34993.870951052544,90.07336829785223,117692170240.0,0.0003,129.81909656524658,152.66796875,0,0,exported_float_payload,False
operand_hybrid_plain_h16,Operand hybrid + plain H16,28070,2.525881767272949,3.0506489276885986,0.16772779822349548,34929.15759725858,89.90679770729865,117734113280.0,0.0003,129.81909656524658,152.66796875,0,0,exported_float_payload,False
operand_hybrid_plain_h16,Operand hybrid + plain H16,28080,2.473501682281494,2.903412342071533,0.28935256600379944,34971.786883695924,90.01652444838757,117776056320.0,0.0003,129.81909656524658,152.66796875,0,0,exported_float_payload,False
operand_hybrid_plain_h16,Operand hybrid + plain H16,28090,2.4738457202911377,3.0991811752319336,0.17300672829151154,34961.30167252649,89.98953577117989,117817999360.0,0.0003,129.81909656524658,152.66796875,0,0,exported_float_payload,False
operand_hybrid_plain_h16,Operand hybrid + plain H16,28100,2.4427309036254883,2.9328694343566895,0.2297523468732834,34925.06651382435,89.89626735855774,117859942400.0,0.0003,129.81909656524658,152.66796875,0,0,exported_float_payload,False
operand_hybrid_plain_h16,Operand hybrid + plain H16,28110,2.464486837387085,3.012213706970215,0.41522660851478577,34933.05155054219,89.9168206478513,117901885440.0,0.0003,129.81909656524658,152.66796875,0,0,exported_float_payload,False
operand_hybrid_plain_h16,Operand hybrid + plain H16,28120,2.5011372566223145,3.0202627182006836,0.1475542038679123,34981.58571756206,90.04174640719712,117943828480.0,0.0003,129.81909656524658,152.66796875,0,0,exported_float_payload,False
operand_hybrid_plain_h16,Operand hybrid + plain H16,28130,2.496170997619629,3.207016706466675,0.27252596616744995,34932.54071562735,89.9155057712694,117985771520.0,0.0003,129.81909656524658,152.66796875,0,0,exported_float_payload,False
operand_hybrid_plain_h16,Operand hybrid + plain H16,28140,2.5010952949523926,3.005697250366211,0.2679924964904785,34901.881113695745,89.83658870546338,118027714560.0,0.0003,129.81909656524658,152.66796875,0,0,exported_float_payload,False
operand_hybrid_plain_h16,Operand hybrid + plain H16,28150,2.4861350059509277,2.997528076171875,0.21759340167045593,35027.94537057037,90.16107502063971,118069657600.0,0.0003,129.81909656524658,152.66796875,0,0,exported_float_payload,False
operand_hybrid_plain_h16,Operand hybrid + plain H16,28160,2.4921092987060547,3.190354347229004,0.29501450061798096,34967.88445288748,90.00647968689329,118111600640.0,0.0003,129.81909656524658,152.66796875,0,0,exported_float_payload,False
operand_hybrid_plain_h16,Operand hybrid + plain H16,28170,2.4628214836120605,2.886519193649292,0.1237621158361435,34941.292073010205,89.93803155121967,118153543680.0,0.0003,129.81909656524658,152.66796875,0,0,exported_float_payload,False
operand_hybrid_plain_h16,Operand hybrid + plain H16,28180,2.503821611404419,3.143264055252075,0.28362786769866943,34982.8221978273,90.04492907717038,118195486720.0,0.0003,129.81909656524658,152.66796875,0,0,exported_float_payload,False
operand_hybrid_plain_h16,Operand hybrid + plain H16,28190,2.465149402618408,2.984175682067871,0.25090545415878296,34886.36203734711,89.79664298235238,118237429760.0,0.0003,129.81909656524658,152.66796875,0,0,exported_float_payload,False
operand_hybrid_plain_h16,Operand hybrid + plain H16,28200,2.4715232849121094,3.0662219524383545,0.14063024520874023,34993.72485931806,90.07299226129933,118279372800.0,0.0003,129.81909656524658,152.66796875,0,0,exported_float_payload,False
operand_hybrid_plain_h16,Operand hybrid + plain H16,28210,2.482940435409546,2.9437203407287598,0.2333790808916092,34966.51482394931,90.0029542954911,118321315840.0,0.0003,129.81909656524658,152.66796875,0,0,exported_float_payload,False
operand_hybrid_plain_h16,Operand hybrid + plain H16,28220,2.498065233230591,2.9879181385040283,0.4214397370815277,34941.03460214673,89.93736882751172,118363258880.0,0.0003,129.81909656524658,152.66796875,0,0,exported_float_payload,False
operand_hybrid_plain_h16,Operand hybrid + plain H16,28230,2.5087170600891113,3.4186758995056152,0.13307839632034302,35006.33916325333,90.10546117123421,118405201920.0,0.0003,129.81909656524658,152.66796875,0,0,exported_float_payload,False
operand_hybrid_plain_h16,Operand hybrid + plain H16,28240,2.46140193939209,2.883124828338623,0.13534076511859894,34942.14319478687,89.94022231786458,118447144960.0,0.0003,129.81909656524658,152.66796875,0,0,exported_float_payload,False
operand_hybrid_plain_h16,Operand hybrid + plain H16,28250,2.5124120712280273,3.0346503257751465,0.21764470636844635,34954.018060678995,89.97078793235418,118489088000.0,0.0003,129.81909656524658,152.66796875,0,0,exported_float_payload,False
operand_hybrid_plain_h16,Operand hybrid + plain H16,28260,2.4794273376464844,3.1815052032470703,0.15745261311531067,34982.3042816809,90.04359597367157,118531031040.0,0.0003,129.81909656524658,152.66796875,0,0,exported_float_payload,False
operand_hybrid_plain_h16,Operand hybrid + plain H16,28270,2.470688819885254,2.8944268226623535,0.19323770701885223,34994.56722673573,90.07516049443821,118572974080.0,0.0003,129.81909656524658,152.66796875,0,0,exported_float_payload,False
operand_hybrid_plain_h16,Operand hybrid + plain H16,28280,2.4743528366088867,2.982496738433838,0.1907440721988678,34976.0561637084,90.02751347076435,118614917120.0,0.0003,129.81909656524658,152.66796875,0,0,exported_float_payload,False
operand_hybrid_plain_h16,Operand hybrid + plain H16,28290,2.53338360786438,5.092838287353516,0.20007258653640747,34947.43404971564,89.9538408491004,118656860160.0,0.0003,129.81909656524658,152.66796875,0,0,exported_float_payload,False
operand_hybrid_plain_h16,Operand hybrid + plain H16,28300,2.446298122406006,3.098918914794922,0.29549694061279297,34936.733414619936,89.92629767597319,118698803200.0,0.0003,129.81909656524658,152.66796875,0,0,exported_float_payload,False
operand_hybrid_plain_h16,Operand hybrid + plain H16,28310,2.4790120124816895,3.0414180755615234,0.2020612359046936,34907.39344726748,89.8507773173115,118740746240.0,0.0003,129.81909656524658,152.66796875,0,0,exported_float_payload,False
operand_hybrid_plain_h16,Operand hybrid + plain H16,28320,2.4963088035583496,2.928407669067383,0.23262923955917358,34882.755227889786,89.7873591429885,118782689280.0,0.0003,129.81909656524658,152.66796875,0,0,exported_float_payload,False
operand_hybrid_plain_h16,Operand hybrid + plain H16,28330,2.44195556640625,2.897217273712158,0.1883845180273056,34912.80332657078,89.86470221437746,118824632320.0,0.0003,129.81909656524658,152.66796875,0,0,exported_float_payload,False
operand_hybrid_plain_h16,Operand hybrid + plain H16,28340,2.4852335453033447,3.6831541061401367,0.1294463574886322,34944.1771555423,89.94545768312277,118866575360.0,0.0003,129.81909656524658,152.66796875,0,0,exported_float_payload,False
operand_hybrid_plain_h16,Operand hybrid + plain H16,28350,2.5047385692596436,3.029245376586914,0.18240463733673096,34972.595240430775,90.01860513886038,118908518400.0,0.0003,129.81909656524658,152.66796875,0,0,exported_float_payload,False
operand_hybrid_plain_h16,Operand hybrid + plain H16,28360,2.4192240238189697,2.9852993488311768,0.1658133864402771,34933.21778286268,89.91724852578018,118950461440.0,0.0003,129.81909656524658,152.66796875,0,0,exported_float_payload,False
operand_hybrid_plain_h16,Operand hybrid + plain H16,28370,2.4760046005249023,3.262885570526123,0.15516157448291779,34945.03339306531,89.9476616175737,118992404480.0,0.0003,129.81909656524658,152.66796875,0,0,exported_float_payload,False
operand_hybrid_plain_h16,Operand hybrid + plain H16,28380,2.4644641876220703,2.94355845451355,0.1376771479845047,35013.91186557559,90.12495312187427,119034347520.0,0.0003,129.81909656524658,152.66796875,0,0,exported_float_payload,False
operand_hybrid_plain_h16,Operand hybrid + plain H16,28390,2.4641544818878174,3.346273422241211,0.12117968499660492,34974.22461596896,90.02279911166069,119076290560.0,0.0003,129.81909656524658,152.66796875,0,0,exported_float_payload,False
operand_hybrid_plain_h16,Operand hybrid + plain H16,28400,2.502469301223755,3.034057378768921,0.4219462275505066,34986.02977926778,90.05318531337923,119118233600.0,0.0003,129.81909656524658,152.66796875,0,0,exported_float_payload,False
operand_hybrid_plain_h16,Operand hybrid + plain H16,28410,2.4587366580963135,3.0402779579162598,0.12400329113006592,34952.46652096105,89.96679430705223,119160176640.0,0.0003,129.81909656524658,152.66796875,0,0,exported_float_payload,False
operand_hybrid_plain_h16,Operand hybrid + plain H16,28420,2.505753755569458,2.981867790222168,0.14736762642860413,34959.99149841745,89.98616341505435,119202119680.0,0.0003,129.81909656524658,152.66796875,0,0,exported_float_payload,False
operand_hybrid_plain_h16,Operand hybrid + plain H16,28430,2.4415769577026367,2.901944637298584,0.1504693329334259,34915.0393388532,89.87045765532639,119244062720.0,0.0003,129.81909656524658,152.66796875,0,0,exported_float_payload,False
operand_hybrid_plain_h16,Operand hybrid + plain H16,28440,2.4703128337860107,3.0907745361328125,0.15439386665821075,34931.64001331861,89.91318738554706,119286005760.0,0.0003,129.81909656524658,152.921875,0,0,exported_float_payload,False
operand_hybrid_plain_h16,Operand hybrid + plain H16,28450,2.485506772994995,3.2326977252960205,0.17852477729320526,34924.8263882202,89.89564928112326,119327948800.0,0.0003,129.81909656524658,152.921875,0,0,exported_float_payload,False
operand_hybrid_plain_h16,Operand hybrid + plain H16,28460,2.5228888988494873,3.176403522491455,0.13604633510112762,34916.75380608895,89.8748706520759,119369891840.0,0.0003,129.81909656524658,152.921875,0,0,exported_float_payload,False
operand_hybrid_plain_h16,Operand hybrid + plain H16,28470,2.4927620887756348,3.2892794609069824,0.41009533405303955,34959.49566326987,89.98488714750665,119411834880.0,0.0003,129.81909656524658,152.921875,0,0,exported_float_payload,False
operand_hybrid_plain_h16,Operand hybrid + plain H16,28480,2.4632513523101807,3.0449180603027344,0.1450895071029663,34946.042239224626,89.95025836292352,119453777920.0,0.0003,129.81909656524658,152.921875,0,0,exported_float_payload,False
operand_hybrid_plain_h16,Operand hybrid + plain H16,28490,2.4823737144470215,3.013012409210205,0.1096862405538559,34944.94126065915,89.94742447101271,119495720960.0,0.0003,129.81909656524658,152.921875,0,0,exported_float_payload,False
operand_hybrid_plain_h16,Operand hybrid + plain H16,28500,2.4762070178985596,3.2327609062194824,0.21747785806655884,34897.96719378686,89.82651437130544,119537664000.0,0.0003,129.81909656524658,152.921875,0,0,exported_float_payload,False
operand_hybrid_plain_h16,Operand hybrid + plain H16,28510,2.4689314365386963,2.9349260330200195,0.13005328178405762,34951.22388532151,89.96359579329601,119579607040.0,0.0003,129.81909656524658,152.921875,0,0,exported_float_payload,False
operand_hybrid_plain_h16,Operand hybrid + plain H16,28520,2.4558448791503906,3.0201292037963867,0.17262859642505646,34921.23352301369,89.88640133392008,119621550080.0,0.0003,129.81909656524658,152.921875,0,0,exported_float_payload,False
operand_hybrid_plain_h16,Operand hybrid + plain H16,28530,2.46001935005188,2.855858325958252,0.24294959008693695,34940.26514103772,89.93538825342894,119663493120.0,0.0003,129.81909656524658,152.921875,0,0,exported_float_payload,False
operand_hybrid_plain_h16,Operand hybrid + plain H16,28540,2.5021235942840576,3.127413272857666,0.21996048092842102,34933.37997584122,89.91766600654165,119705436160.0,0.0003,129.81909656524658,152.921875,0,0,exported_float_payload,False
operand_hybrid_plain_h16,Operand hybrid + plain H16,28550,2.4559683799743652,2.91536545753479,0.3071669340133667,34984.789400551505,90.0499926088883,119747379200.0,0.0003,129.81909656524658,152.921875,0,0,exported_float_payload,False
operand_hybrid_plain_h16,Operand hybrid + plain H16,28560,2.489651918411255,2.9601166248321533,0.26384690403938293,34946.30489903971,89.95093444286603,119789322240.0,0.0003,129.81909656524658,152.921875,0,0,exported_float_payload,False
operand_hybrid_plain_h16,Operand hybrid + plain H16,28570,2.4721994400024414,4.3363542556762695,0.13200843334197998,34911.42063327974,89.8611431956504,119831265280.0,0.0003,129.81909656524658,152.921875,0,0,exported_float_payload,False
operand_hybrid_plain_h16,Operand hybrid + plain H16,28580,2.4270544052124023,2.9606499671936035,0.1504376381635666,34967.621569258234,90.00580303085857,119873208320.0,0.0003,129.81909656524658,152.921875,0,0,exported_float_payload,False
operand_hybrid_plain_h16,Operand hybrid + plain H16,28590,2.467629909515381,2.9064743518829346,0.49202296137809753,34887.227333360366,89.79887023313573,119915151360.0,0.0003,129.81909656524658,152.921875,0,0,exported_float_payload,False
operand_hybrid_plain_h16,Operand hybrid + plain H16,28600,2.4619905948638916,2.9919490814208984,0.20006002485752106,34920.77019408976,89.88520873659733,119957094400.0,0.0003,129.81909656524658,152.921875,0,0,exported_float_payload,False
operand_hybrid_plain_h16,Operand hybrid + plain H16,28610,2.490629196166992,3.2213733196258545,0.15880027413368225,34972.30992277674,90.01787073819433,119999037440.0,0.0003,129.81909656524658,152.921875,0,0,exported_float_payload,False
operand_hybrid_plain_h16,Operand hybrid + plain H16,28620,2.488666534423828,2.960991859436035,0.27137526869773865,34936.51363198351,89.92573196084028,120040980480.0,0.0003,129.81909656524658,152.921875,0,0,exported_float_payload,False
operand_hybrid_plain_h16,Operand hybrid + plain H16,28630,2.475351333618164,2.9386909008026123,0.13610392808914185,35010.59909725992,90.1164261372203,120082923520.0,0.0003,129.81909656524658,152.921875,0,0,exported_float_payload,False
operand_hybrid_plain_h16,Operand hybrid + plain H16,28640,2.502340316772461,2.984433889389038,0.1887095719575882,34991.940478517376,90.06839930874291,120124866560.0,0.0003,129.81909656524658,152.921875,0,0,exported_float_payload,False
operand_hybrid_plain_h16,Operand hybrid + plain H16,28650,2.489372968673706,3.2427024841308594,0.16360363364219666,34961.68066651803,89.99051129244847,120166809600.0,0.0003,129.81909656524658,152.921875,0,0,exported_float_payload,False
operand_hybrid_plain_h16,Operand hybrid + plain H16,28660,2.462507486343384,2.938887119293213,0.16498182713985443,34946.78513884663,89.95217056838815,120208752640.0,0.0003,129.81909656524658,152.921875,0,0,exported_float_payload,False
operand_hybrid_plain_h16,Operand hybrid + plain H16,28670,2.480316162109375,2.9922759532928467,0.14244045317173004,34921.809066093505,89.88788276773663,120250695680.0,0.0003,129.81909656524658,152.921875,0,0,exported_float_payload,False
operand_hybrid_plain_h16,Operand hybrid + plain H16,28680,2.4824156761169434,3.040257453918457,0.15822795033454895,34979.90801790888,90.03742804930623,120292638720.0,0.0003,129.81909656524658,152.921875,0,0,exported_float_payload,False
operand_hybrid_plain_h16,Operand hybrid + plain H16,28690,2.4997949600219727,3.5411853790283203,0.11072666943073273,34949.5980256072,89.9594108701404,120334581760.0,0.0003,129.81909656524658,152.921875,0,0,exported_float_payload,False
operand_hybrid_plain_h16,Operand hybrid + plain H16,28700,2.5076487064361572,3.0852489471435547,0.23238201439380646,34908.22953980927,89.85292939907326,120376524800.0,0.0003,129.89795398712158,152.921875,0,0,exported_float_payload,False
operand_hybrid_plain_h16,Operand hybrid + plain H16,28710,2.4948840141296387,3.459648609161377,0.14347852766513824,34921.83354017117,89.88794576341418,120418467840.0,0.0003,129.81909656524658,152.921875,0,0,exported_float_payload,False
operand_hybrid_plain_h16,Operand hybrid + plain H16,28720,2.4435198307037354,2.964043617248535,0.23462317883968353,34930.23797899502,89.90957858347507,120460410880.0,0.0003,129.81909656524658,152.921875,0,0,exported_float_payload,False
operand_hybrid_plain_h16,Operand hybrid + plain H16,28730,2.450134754180908,3.3677499294281006,0.2872210144996643,35010.19061733035,90.1153747198681,120502353920.0,0.0003,129.81909656524658,152.921875,0,0,exported_float_payload,False
operand_hybrid_plain_h16,Operand hybrid + plain H16,28740,2.4728734493255615,3.323995351791382,0.18286140263080597,34935.64540322765,89.92349716124916,120544296960.0,0.0003,129.81909656524658,152.921875,0,0,exported_float_payload,False
operand_hybrid_plain_h16,Operand hybrid + plain H16,28750,2.4782681465148926,3.961489200592041,0.17049282789230347,34874.59820382282,89.76636316246305,120586240000.0,0.0003,129.81909656524658,152.921875,0,0,exported_float_payload,False
operand_hybrid_plain_h16,Operand hybrid + plain H16,28760,2.45615553855896,3.023348808288574,0.22058187425136566,34929.52985898996,89.90775589989417,120628183040.0,0.0003,129.81909656524658,152.921875,0,0,exported_float_payload,False
operand_hybrid_plain_h16,Operand hybrid + plain H16,28770,2.4816720485687256,3.2201952934265137,0.35703203082084656,34974.67941413796,90.02396975102879,120670126080.0,0.0003,129.81909656524658,152.921875,0,0,exported_float_payload,False
operand_hybrid_plain_h16,Operand hybrid + plain H16,28780,2.499598503112793,2.8909499645233154,0.2316359281539917,34941.91811093208,89.9396429575252,120712069120.0,0.0003,129.81909656524658,152.921875,0,0,exported_float_payload,False
operand_hybrid_plain_h16,Operand hybrid + plain H16,28790,2.4764373302459717,3.217001438140869,0.20985199511051178,34903.806874413,89.8415455664686,120754012160.0,0.0003,129.81909656524658,152.921875,0,0,exported_float_payload,False
operand_hybrid_plain_h16,Operand hybrid + plain H16,28800,2.471627950668335,2.994875907897949,0.08884796500205994,34934.228593111635,89.9198503266487,120795955200.0,0.0003,129.81909656524658,152.921875,0,0,exported_float_payload,False
operand_hybrid_plain_h16,Operand hybrid + plain H16,28810,2.4554636478424072,2.8594095706939697,0.21548515558242798,34887.37862331254,89.79925964977392,120837898240.0,0.0003,129.81909656524658,152.921875,0,0,exported_float_payload,False
operand_hybrid_plain_h16,Operand hybrid + plain H16,28820,2.474904775619507,2.8586301803588867,0.08786575496196747,34924.7233441863,89.89538404829922,120879841280.0,0.0003,129.81909656524658,152.921875,0,0,exported_float_payload,False
operand_hybrid_plain_h16,Operand hybrid + plain H16,28830,2.4816091060638428,3.333651304244995,0.34320059418678284,34849.02578661943,89.70054038577598,120921784320.0,0.0003,129.81909656524658,152.921875,0,0,exported_float_payload,False
operand_hybrid_plain_h16,Operand hybrid + plain H16,28840,2.4511001110076904,2.870443820953369,0.1289013922214508,34806.96462786008,89.59227599144062,120963727360.0,0.0003,129.81909656524658,152.921875,0,0,exported_float_payload,False
operand_hybrid_plain_h16,Operand hybrid + plain H16,28850,2.4740779399871826,2.8683114051818848,0.26218950748443604,34917.34951698682,89.87640399736308,121005670400.0,0.0003,129.81909656524658,152.921875,0,0,exported_float_payload,False
operand_hybrid_plain_h16,Operand hybrid + plain H16,28860,2.4819490909576416,2.9856181144714355,0.2379164695739746,34914.26157484726,89.86845570978987,121047613440.0,0.0003,129.81909656524658,152.921875,0,0,exported_float_payload,False
operand_hybrid_plain_h16,Operand hybrid + plain H16,28870,2.4906115531921387,2.95644474029541,0.27574148774147034,34941.27843454851,89.93799644615271,121089556480.0,0.0003,129.81909656524658,152.921875,0,0,exported_float_payload,False
operand_hybrid_plain_h16,Operand hybrid + plain H16,28880,2.4973180294036865,3.0000388622283936,0.3601249158382416,34866.8411369734,89.74639666203741,121131499520.0,0.0003,129.81909656524658,152.921875,0,0,exported_float_payload,False
operand_hybrid_plain_h16,Operand hybrid + plain H16,28890,2.477036237716675,3.343069553375244,0.23450954258441925,34945.62137081976,89.94917505793879,121173442560.0,0.0003,129.81909656524658,152.921875,0,0,exported_float_payload,False
operand_hybrid_plain_h16,Operand hybrid + plain H16,28900,2.490558624267578,3.0014376640319824,0.20899361371994019,34854.0060715506,89.7133595174308,121215385600.0,0.0003,129.81909656524658,152.921875,0,0,exported_float_payload,False
operand_hybrid_plain_h16,Operand hybrid + plain H16,28910,2.4393696784973145,2.9114975929260254,0.10960719734430313,34948.98819185891,89.95784117298152,121257328640.0,0.0003,129.81909656524658,152.921875,0,0,exported_float_payload,False
operand_hybrid_plain_h16,Operand hybrid + plain H16,28920,2.4870519638061523,2.9074900150299072,0.20861157774925232,34970.878272758375,90.01418570604804,121299271680.0,0.0003,129.81909656524658,152.921875,0,0,exported_float_payload,False
operand_hybrid_plain_h16,Operand hybrid + plain H16,28930,2.4637129306793213,2.9379897117614746,0.12912459671497345,33833.42145002691,87.08639965288165,121341214720.0,0.0003,129.81909656524658,152.921875,0,0,exported_float_payload,False
operand_hybrid_plain_h16,Operand hybrid + plain H16,28940,2.4429709911346436,2.9028267860412598,0.16130565106868744,34950.081112594635,89.96065432423555,121383157760.0,0.0003,129.81909656524658,152.921875,0,0,exported_float_payload,False
operand_hybrid_plain_h16,Operand hybrid + plain H16,28950,2.458510398864746,2.946495294570923,0.2531614899635315,32147.268102817354,82.7462821602413,121425100800.0,0.0003,129.81909656524658,152.921875,0,0,exported_float_payload,False
operand_hybrid_plain_h16,Operand hybrid + plain H16,28960,2.462618589401245,2.9950695037841797,0.2624087333679199,34855.596591635054,89.71745347724315,121467043840.0,0.0003,129.81909656524658,152.921875,0,0,exported_float_payload,False
operand_hybrid_plain_h16,Operand hybrid + plain H16,28970,2.4841830730438232,2.945725917816162,0.226078063249588,34926.080431827286,89.89887715870904,121508986880.0,0.0003,129.81909656524658,152.921875,0,0,exported_float_payload,False
operand_hybrid_plain_h16,Operand hybrid + plain H16,28980,2.463710069656372,3.2181811332702637,0.11454660445451736,34936.35199074711,89.9253159002496,121550929920.0,0.0003,129.81909656524658,152.921875,0,0,exported_float_payload,False
operand_hybrid_plain_h16,Operand hybrid + plain H16,28990,2.4300537109375,2.910217761993408,0.1910102367401123,34985.42018434493,90.05161623095117,121592872960.0,0.0003,129.81909656524658,152.921875,0,0,exported_float_payload,False
operand_hybrid_plain_h16,Operand hybrid + plain H16,29000,2.491746664047241,3.0367088317871094,0.28663843870162964,34926.58003996788,89.90016313784851,121634816000.0,0.0003,129.81909656524658,152.921875,0,0,exported_float_payload,False
operand_hybrid_plain_h16,Operand hybrid + plain H16,29010,2.5209717750549316,3.0708351135253906,0.11650865525007248,27587.513724475863,71.00958586726534,121676759040.0,0.0003,129.81909656524658,152.921875,0,0,exported_float_payload,False
operand_hybrid_plain_h16,Operand hybrid + plain H16,29020,2.4900803565979004,3.139895439147949,0.22397246956825256,34907.48417689404,89.8510108531521,121718702080.0,0.0003,129.81909656524658,152.921875,0,0,exported_float_payload,False
operand_hybrid_plain_h16,Operand hybrid + plain H16,29030,2.476141929626465,3.0840578079223633,0.4953301250934601,34896.553566307186,89.82287572873311,121760645120.0,0.0003,129.81909656524658,152.921875,0,0,exported_float_payload,False
operand_hybrid_plain_h16,Operand hybrid + plain H16,29040,2.505772590637207,3.2032527923583984,0.2878572344779968,34987.374182350686,90.05664577404666,121802588160.0,0.0003,129.81909656524658,152.921875,0,0,exported_float_payload,False
operand_hybrid_plain_h16,Operand hybrid + plain H16,29050,2.478891372680664,3.0110464096069336,0.12760145962238312,34961.487292757585,89.99001355311668,121844531200.0,0.0003,129.81909656524658,152.921875,0,0,exported_float_payload,False
operand_hybrid_plain_h16,Operand hybrid + plain H16,29060,2.471081495285034,3.2609593868255615,0.23156780004501343,34942.94862969488,89.94229548762652,121886474240.0,0.0003,129.81909656524658,152.921875,0,0,exported_float_payload,False
operand_hybrid_plain_h16,Operand hybrid + plain H16,29070,2.50237774848938,3.913503646850586,0.22845487296581268,34970.99408830303,90.01448381242852,121928417280.0,0.0003,129.81909656524658,152.921875,0,0,exported_float_payload,False
operand_hybrid_plain_h16,Operand hybrid + plain H16,29080,2.453538417816162,2.953615188598633,0.10242030024528503,34955.53336077329,89.97468827775084,121970360320.0,0.0003,129.81909656524658,152.921875,0,0,exported_float_payload,False
operand_hybrid_plain_h16,Operand hybrid + plain H16,29090,2.485210657119751,2.961099863052368,0.3040691316127777,34962.472119787955,89.9925484738158,122012303360.0,0.0003,129.81909656524658,152.921875,0,0,exported_float_payload,False
operand_hybrid_plain_h16,Operand hybrid + plain H16,29100,2.444885015487671,2.8961985111236572,0.10335205495357513,34936.632688003316,89.92603840812457,122054246400.0,0.0003,129.81909656524658,152.921875,0,0,exported_float_payload,False
operand_hybrid_plain_h16,Operand hybrid + plain H16,29110,2.5056653022766113,4.693477630615234,0.14411428570747375,34936.23797067949,89.9250224153831,122096189440.0,0.0003,129.81909656524658,152.921875,0,0,exported_float_payload,False
operand_hybrid_plain_h16,Operand hybrid + plain H16,29120,2.5223493576049805,3.0387349128723145,0.25212976336479187,34915.272480803644,89.87105775700697,122138132480.0,0.0003,129.81909656524658,152.921875,0,0,exported_float_payload,False
operand_hybrid_plain_h16,Operand hybrid + plain H16,29130,2.4799246788024902,3.0005602836608887,0.1262679547071457,34899.279521285534,89.82989227020323,122180075520.0,0.0003,129.81909656524658,152.921875,0,0,exported_float_payload,False
operand_hybrid_plain_h16,Operand hybrid + plain H16,29140,2.4585413932800293,2.9678475856781006,0.07610497623682022,34974.40920141081,90.02327423007526,122222018560.0,0.0003,129.81909656524658,152.921875,0,0,exported_float_payload,False
operand_hybrid_plain_h16,Operand hybrid + plain H16,29150,2.501619577407837,3.0930280685424805,0.1063629612326622,34902.15028693858,89.83728155080969,122263961600.0,0.0003,129.81909656524658,152.921875,0,0,exported_float_payload,False
operand_hybrid_plain_h16,Operand hybrid + plain H16,29160,2.464210271835327,2.9795637130737305,0.11348693817853928,34944.52349310075,89.94634914753098,122305904640.0,0.0003,129.81909656524658,152.921875,0,0,exported_float_payload,False
operand_hybrid_plain_h16,Operand hybrid + plain H16,29170,2.4835288524627686,2.9913055896759033,0.13517749309539795,34900.00523878303,89.83176024929944,122347847680.0,0.0003,129.81909656524658,152.921875,0,0,exported_float_payload,False
operand_hybrid_plain_h16,Operand hybrid + plain H16,29180,2.4843621253967285,2.925266981124878,0.15558083355426788,34975.77593400223,90.02679216635171,122389790720.0,0.0003,129.81909656524658,152.921875,0,0,exported_float_payload,False
operand_hybrid_plain_h16,Operand hybrid + plain H16,29190,2.4587974548339844,3.236534357070923,0.18468892574310303,34937.40816542042,89.92803446803734,122431733760.0,0.0003,129.81909656524658,152.921875,0,0,exported_float_payload,False
operand_hybrid_plain_h16,Operand hybrid + plain H16,29200,2.4787650108337402,3.1129274368286133,0.11583206802606583,34936.93752726988,89.92682305694402,122473676800.0,0.0003,129.81909656524658,152.921875,0,0,exported_float_payload,False
operand_hybrid_plain_h16,Operand hybrid + plain H16,29210,2.478637456893921,3.0066676139831543,0.08421526104211807,34956.57062709276,89.97735817589809,122515619840.0,0.0003,129.81909656524658,152.921875,0,0,exported_float_payload,False
operand_hybrid_plain_h16,Operand hybrid + plain H16,29220,2.5164365768432617,3.056056022644043,0.4084947407245636,34936.87179507667,89.9266538638857,122557562880.0,0.0003,129.81909656524658,152.921875,0,0,exported_float_payload,False
operand_hybrid_plain_h16,Operand hybrid + plain H16,29230,2.473236560821533,3.0507020950317383,0.15458698570728302,34889.877048026974,89.80569053390735,122599505920.0,0.0003,129.81909656524658,152.921875,0,0,exported_float_payload,False
operand_hybrid_plain_h16,Operand hybrid + plain H16,29240,2.495157241821289,3.04038143157959,0.11914771795272827,34954.58007600888,89.97223454607315,122641448960.0,0.0003,129.81909656524658,152.921875,0,0,exported_float_payload,False
operand_hybrid_plain_h16,Operand hybrid + plain H16,29250,2.463440418243408,3.0497515201568604,0.2374413162469864,34999.50701543128,90.0878753897726,122683392000.0,0.0003,129.81909656524658,152.921875,0,0,exported_float_payload,False
operand_hybrid_plain_h16,Operand hybrid + plain H16,29260,2.4753379821777344,2.9832444190979004,0.22683705389499664,34955.28912068818,89.97405960974297,122725335040.0,0.0003,129.81909656524658,152.921875,0,0,exported_float_payload,False
operand_hybrid_plain_h16,Operand hybrid + plain H16,29270,2.4559316635131836,2.89400053024292,0.14042747020721436,35014.45178260508,90.12634285510829,122767278080.0,0.0003,129.81909656524658,152.921875,0,0,exported_float_payload,False
operand_hybrid_plain_h16,Operand hybrid + plain H16,29280,2.4938793182373047,3.0746219158172607,0.19520391523838043,34999.86149941026,90.08878782286807,122809221120.0,0.0003,129.81909656524658,152.921875,0,0,exported_float_payload,False
operand_hybrid_plain_h16,Operand hybrid + plain H16,29290,2.472684860229492,2.9270105361938477,0.12873831391334534,34947.15308590508,89.95311765512103,122851164160.0,0.0003,129.81909656524658,152.921875,0,0,exported_float_payload,False
operand_hybrid_plain_h16,Operand hybrid + plain H16,29300,2.4928181171417236,4.273343563079834,0.2932547926902771,35011.69555495739,90.11924839252738,122893107200.0,0.0003,129.81909656524658,152.921875,0,0,exported_float_payload,False
operand_hybrid_plain_h16,Operand hybrid + plain H16,29310,2.4811511039733887,2.9169702529907227,0.11484972387552261,34971.27453434595,90.01520567368665,122935050240.0,0.0003,129.81909656524658,152.921875,0,0,exported_float_payload,False
operand_hybrid_plain_h16,Operand hybrid + plain H16,29320,2.4419808387756348,2.879879951477051,0.15656660497188568,34986.00306539924,90.05311655253472,122976993280.0,0.0003,129.81909656524658,152.921875,0,0,exported_float_payload,False
operand_hybrid_plain_h16,Operand hybrid + plain H16,29330,2.478466033935547,2.9955592155456543,0.09880910068750381,34971.950771357275,90.01694629122116,123018936320.0,0.0003,129.81909656524658,152.921875,0,0,exported_float_payload,False
operand_hybrid_plain_h16,Operand hybrid + plain H16,29340,2.4512813091278076,3.1448779106140137,0.12816494703292847,34980.716279748514,90.03950849552106,123060879360.0,0.0003,129.81909656524658,152.921875,0,0,exported_float_payload,False
operand_hybrid_plain_h16,Operand hybrid + plain H16,29350,2.4884135723114014,2.929746627807617,0.41787582635879517,35005.50133560103,90.1033046233404,123102822400.0,0.0003,129.81909656524658,152.921875,0,0,exported_float_payload,False
operand_hybrid_plain_h16,Operand hybrid + plain H16,29360,2.471209764480591,3.1245179176330566,0.21444092690944672,34956.74008893066,89.97779436652583,123144765440.0,0.0003,129.81909656524658,152.921875,0,0,exported_float_payload,False
operand_hybrid_plain_h16,Operand hybrid + plain H16,29370,2.4802119731903076,2.866678237915039,0.12644749879837036,34988.91540470045,90.06061284269514,123186708480.0,0.0003,129.81909656524658,152.921875,0,0,exported_float_payload,False
operand_hybrid_plain_h16,Operand hybrid + plain H16,29380,2.461540460586548,2.8659229278564453,0.1321350634098053,35019.75978189044,90.14000551549884,123228651520.0,0.0003,129.81909656524658,152.921875,0,0,exported_float_payload,False
operand_hybrid_plain_h16,Operand hybrid + plain H16,29390,2.453779697418213,3.4693853855133057,0.3043937385082245,34999.924509879325,90.08895001027497,123270594560.0,0.0003,129.81909656524658,152.921875,0,0,exported_float_payload,False
operand_hybrid_plain_h16,Operand hybrid + plain H16,29400,2.481790065765381,3.2854199409484863,0.20055091381072998,34911.304278426716,89.86084370110338,123312537600.0,0.0003,129.81909656524658,152.921875,0,0,exported_float_payload,False
operand_hybrid_plain_h16,Operand hybrid + plain H16,29410,2.4499666690826416,2.9785051345825195,0.10923066735267639,34999.429608526334,90.08767614629171,123354480640.0,0.0003,129.81909656524658,152.921875,0,0,exported_float_payload,False
operand_hybrid_plain_h16,Operand hybrid + plain H16,29420,2.5159225463867188,3.65286922454834,0.2825256288051605,35009.386214566344,90.11330420681959,123396423680.0,0.0003,129.81909656524658,152.921875,0,0,exported_float_payload,False
operand_hybrid_plain_h16,Operand hybrid + plain H16,29430,2.473198652267456,3.3054473400115967,0.13637495040893555,34943.16559988912,89.94285396360202,123438366720.0,0.0003,129.81909656524658,152.921875,0,0,exported_float_payload,False
operand_hybrid_plain_h16,Operand hybrid + plain H16,29440,2.4373486042022705,2.8416755199432373,0.13594312965869904,34933.41807233393,89.91776406598251,123480309760.0,0.0003,129.81909656524658,152.921875,0,0,exported_float_payload,False
operand_hybrid_plain_h16,Operand hybrid + plain H16,29450,2.461430788040161,2.982125759124756,0.20480267703533173,35049.51690189158,90.2165996148797,123522252800.0,0.0003,129.81909656524658,152.921875,0,0,exported_float_payload,False
operand_hybrid_plain_h16,Operand hybrid + plain H16,29460,2.483024835586548,2.9467203617095947,0.24084967374801636,34960.000752150736,89.98618723393761,123564195840.0,0.0003,129.81909656524658,152.921875,0,0,exported_float_payload,False
operand_hybrid_plain_h16,Operand hybrid + plain H16,29470,2.4794602394104004,3.343547821044922,0.24044878780841827,30103.738922580833,77.48628801051389,123606138880.0,0.0003,129.81909656524658,152.921875,0,0,exported_float_payload,False
operand_hybrid_plain_h16,Operand hybrid + plain H16,29480,2.4797160625457764,2.9043731689453125,0.3688663840293884,34854.40869804333,89.71439586817966,123648081920.0,0.0003,129.81909656524658,152.921875,0,0,exported_float_payload,False
operand_hybrid_plain_h16,Operand hybrid + plain H16,29490,2.43642258644104,2.967586040496826,0.14221534132957458,34908.723464382856,89.85420074885022,123690024960.0,0.0003,129.81909656524658,152.921875,0,0,exported_float_payload,False
operand_hybrid_plain_h16,Operand hybrid + plain H16,29500,2.454685926437378,3.7400600910186768,0.32342368364334106,34987.559907646115,90.05712382641649,123731968000.0,0.0003,129.81909656524658,152.921875,0,0,exported_float_payload,False
operand_hybrid_plain_h16,Operand hybrid + plain H16,29510,2.433504819869995,2.9127626419067383,0.10640081018209457,34973.86848624728,90.02188244246375,123773911040.0,0.0003,129.81909656524658,152.921875,0,0,exported_float_payload,False
operand_hybrid_plain_h16,Operand hybrid + plain H16,29520,2.4382851123809814,2.9008381366729736,0.1390628218650818,34936.56138826442,89.9258548843398,123815854080.0,0.0003,129.81909656524658,152.921875,0,0,exported_float_payload,False
operand_hybrid_plain_h16,Operand hybrid + plain H16,29530,2.478945255279541,2.9635519981384277,0.26667556166648865,34933.69780633405,89.91848409445987,123857797120.0,0.0003,129.81909656524658,152.921875,0,0,exported_float_payload,False
operand_hybrid_plain_h16,Operand hybrid + plain H16,29540,2.4530632495880127,2.9832520484924316,0.0926634892821312,35013.25538980974,90.1232633693025,123899740160.0,0.0003,129.81909656524658,152.921875,0,0,exported_float_payload,False
operand_hybrid_plain_h16,Operand hybrid + plain H16,29550,2.474496603012085,2.8759255409240723,0.14010728895664215,34976.9477577735,90.0298084120902,123941683200.0,0.0003,129.81909656524658,152.921875,0,0,exported_float_payload,False
operand_hybrid_plain_h16,Operand hybrid + plain H16,29560,2.511601448059082,3.6846418380737305,0.144915372133255,34929.72529572569,89.9082589492739,123983626240.0,0.0003,129.81909656524658,152.921875,0,0,exported_float_payload,False
operand_hybrid_plain_h16,Operand hybrid + plain H16,29570,2.4529635906219482,2.8919358253479004,0.12689031660556793,34922.12898231006,89.88870622425674,124025569280.0,0.0003,129.81909656524658,152.921875,0,0,exported_float_payload,False
operand_hybrid_plain_h16,Operand hybrid + plain H16,29580,2.4434022903442383,3.0013136863708496,0.22437423467636108,34948.89060212198,89.95758997938454,124067512320.0,0.0003,129.81909656524658,152.921875,0,0,exported_float_payload,False
operand_hybrid_plain_h16,Operand hybrid + plain H16,29590,2.4836554527282715,2.95292329788208,0.17301873862743378,34970.79618717844,90.01397441977213,124109455360.0,0.0003,129.81909656524658,152.921875,0,0,exported_float_payload,False
operand_hybrid_plain_h16,Operand hybrid + plain H16,29600,2.4742493629455566,2.9175541400909424,0.19425390660762787,34980.098382208096,90.03791804235838,124151398400.0,0.0003,129.81909656524658,152.921875,0,0,exported_float_payload,False
operand_hybrid_plain_h16,Operand hybrid + plain H16,29610,2.4951047897338867,3.0411367416381836,0.24987195432186127,34944.19357065847,89.94549993523049,124193341440.0,0.0003,129.81909656524658,152.921875,0,0,exported_float_payload,False
operand_hybrid_plain_h16,Operand hybrid + plain H16,29620,2.4551663398742676,2.9505834579467773,0.0968901738524437,34964.88605266836,89.99876187803413,124235284480.0,0.0003,129.81909656524658,152.921875,0,0,exported_float_payload,False
operand_hybrid_plain_h16,Operand hybrid + plain H16,29630,2.475999116897583,3.1758947372436523,0.3219630718231201,34980.30021240599,90.03843754835344,124277227520.0,0.0003,129.81909656524658,152.921875,0,0,exported_float_payload,False
operand_hybrid_plain_h16,Operand hybrid + plain H16,29640,2.451397657394409,3.388951539993286,0.14001023769378662,34941.089228273355,89.93750943382616,124319170560.0,0.0003,129.81909656524658,152.921875,0,0,exported_float_payload,False
operand_hybrid_plain_h16,Operand hybrid + plain H16,29650,2.4800353050231934,3.3176004886627197,0.12766033411026,34932.86086025553,89.91632981571543,124361113600.0,0.0003,129.81909656524658,152.921875,0,0,exported_float_payload,False
operand_hybrid_plain_h16,Operand hybrid + plain H16,29660,2.4970762729644775,3.264777898788452,0.2034643590450287,34936.45465460672,89.92558015451431,124403056640.0,0.0003,129.81909656524658,152.921875,0,0,exported_float_payload,False
operand_hybrid_plain_h16,Operand hybrid + plain H16,29670,2.4837234020233154,2.8472843170166016,0.08896587789058685,34969.080571627805,90.00955846728814,124444999680.0,0.0003,129.81909656524658,152.921875,0,0,exported_float_payload,False
operand_hybrid_plain_h16,Operand hybrid + plain H16,29680,2.479492664337158,3.009418487548828,0.10981499403715134,34985.24584436357,90.05116748410141,124486942720.0,0.0003,129.81909656524658,152.921875,0,0,exported_float_payload,False
operand_hybrid_plain_h16,Operand hybrid + plain H16,29690,2.4915835857391357,2.923593521118164,0.12943720817565918,34940.54826316432,89.93611700286101,124528885760.0,0.0003,129.81909656524658,152.921875,0,0,exported_float_payload,False
operand_hybrid_plain_h16,Operand hybrid + plain H16,29700,2.4836223125457764,2.9931228160858154,0.13156646490097046,34947.81812728429,89.95482945537219,124570828800.0,0.0003,129.81909656524658,152.921875,0,0,exported_float_payload,False
operand_hybrid_plain_h16,Operand hybrid + plain H16,29710,2.486743688583374,3.0188474655151367,0.10469718277454376,34976.56004586671,90.0288104511209,124612771840.0,0.0003,129.81909656524658,152.921875,0,0,exported_float_payload,False
operand_hybrid_plain_h16,Operand hybrid + plain H16,29720,2.4540271759033203,2.9134621620178223,0.22956274449825287,34970.305848923745,90.01271230109232,124654714880.0,0.0003,129.81909656524658,152.921875,0,0,exported_float_payload,False
operand_hybrid_plain_h16,Operand hybrid + plain H16,29730,2.4952046871185303,3.028397798538208,0.11254046857357025,34969.61991294575,90.01094671865474,124696657920.0,0.0003,129.81909656524658,152.921875,0,0,exported_float_payload,False
operand_hybrid_plain_h16,Operand hybrid + plain H16,29740,2.475940227508545,2.86872935295105,0.1687956303358078,34952.74661219551,89.96751525504206,124738600960.0,0.0003,129.81909656524658,152.921875,0,0,exported_float_payload,False
operand_hybrid_plain_h16,Operand hybrid + plain H16,29750,2.490217447280884,4.264416217803955,0.1601971834897995,34926.98328561385,89.9012010822827,124780544000.0,0.0003,129.81909656524658,152.921875,0,0,exported_float_payload,False
operand_hybrid_plain_h16,Operand hybrid + plain H16,29760,2.477060317993164,3.0218558311462402,0.15190404653549194,34966.85664366648,90.0038341310863,124822487040.0,0.0003,129.81909656524658,152.921875,0,0,exported_float_payload,False
operand_hybrid_plain_h16,Operand hybrid + plain H16,29770,2.4798457622528076,4.662326812744141,0.12448901683092117,34944.52400935712,89.94635047636224,124864430080.0,0.0003,129.81909656524658,152.921875,0,0,exported_float_payload,False
operand_hybrid_plain_h16,Operand hybrid + plain H16,29780,2.475294828414917,2.992389678955078,0.1055121123790741,34983.08071990803,90.04559450668583,124906373120.0,0.0003,129.81909656524658,152.921875,0,0,exported_float_payload,False
operand_hybrid_plain_h16,Operand hybrid + plain H16,29790,2.4414165019989014,2.8904621601104736,0.15432147681713104,34955.34043549487,89.97419169280084,124948316160.0,0.0003,129.81909656524658,152.921875,0,0,exported_float_payload,False
operand_hybrid_plain_h16,Operand hybrid + plain H16,29800,2.458930492401123,3.400979995727539,0.14077453315258026,34947.64482877321,89.95438338924147,124990259200.0,0.0003,129.81909656524658,152.921875,0,0,exported_float_payload,False
operand_hybrid_plain_h16,Operand hybrid + plain H16,29810,2.4929733276367188,3.0037789344787598,0.4041650593280792,34997.46518273677,90.08261976233565,125032202240.0,0.0003,129.81909656524658,152.921875,0,0,exported_float_payload,False
operand_hybrid_plain_h16,Operand hybrid + plain H16,29820,2.4542551040649414,2.9185373783111572,0.1374029964208603,34883.96535891018,89.79047399064972,125074145280.0,0.0003,129.81909656524658,152.921875,0,0,exported_float_payload,False
operand_hybrid_plain_h16,Operand hybrid + plain H16,29830,2.4287025928497314,2.9147253036499023,0.19872316718101501,34931.53214782357,89.91290974239992,125116088320.0,0.0003,129.81909656524658,152.921875,0,0,exported_float_payload,False
operand_hybrid_plain_h16,Operand hybrid + plain H16,29840,2.4534645080566406,2.8552322387695312,0.1561373770236969,34926.97772951048,89.90118678100843,125158031360.0,0.0003,129.81909656524658,152.921875,0,0,exported_float_payload,False
operand_hybrid_plain_h16,Operand hybrid + plain H16,29850,2.4696972370147705,2.8792195320129395,0.12280106544494629,34921.73583784332,89.88769428001093,125199974400.0,0.0003,129.81909656524658,152.921875,0,0,exported_float_payload,False
operand_hybrid_plain_h16,Operand hybrid + plain H16,29860,2.4443373680114746,2.8794145584106445,0.27976253628730774,34890.73037786864,89.8078869840576,125241917440.0,0.0003,129.81909656524658,152.921875,0,0,exported_float_payload,False
operand_hybrid_plain_h16,Operand hybrid + plain H16,29870,2.449615240097046,2.867049217224121,0.11188976466655731,34920.65164256795,89.88490358787854,125283860480.0,0.0003,129.81909656524658,152.921875,0,0,exported_float_payload,False
operand_hybrid_plain_h16,Operand hybrid + plain H16,29880,2.4551403522491455,3.0456347465515137,31.6449031829834,34953.10082996037,89.9684270029089,125325803520.0,0.0003,129.81909656524658,152.921875,0,0,exported_float_payload,False
operand_hybrid_plain_h16,Operand hybrid + plain H16,29890,2.476382255554199,2.9809799194335938,0.15841616690158844,34939.96070376283,89.93460463932624,125367746560.0,0.0003,129.81909656524658,152.921875,0,0,exported_float_payload,False
operand_hybrid_plain_h16,Operand hybrid + plain H16,29900,2.459911584854126,2.917530059814453,0.08146107941865921,34971.70985690948,90.01632618332242,125409689600.0,0.0003,129.81909656524658,152.921875,0,0,exported_float_payload,False
operand_hybrid_plain_h16,Operand hybrid + plain H16,29910,2.447697639465332,4.114375591278076,0.14515940845012665,34911.95020960625,89.86250631216777,125451632640.0,0.0003,129.81909656524658,152.921875,0,0,exported_float_payload,False
operand_hybrid_plain_h16,Operand hybrid + plain H16,29920,2.449965715408325,2.9094791412353516,0.10004166513681412,34990.086461465995,90.06362711417965,125493575680.0,0.0003,129.81909656524658,152.921875,0,0,exported_float_payload,False
operand_hybrid_plain_h16,Operand hybrid + plain H16,29930,2.477843999862671,3.0070934295654297,0.24358981847763062,34912.811292481696,89.8647227184374,125535518720.0,0.0003,129.81909656524658,152.921875,0,0,exported_float_payload,False
operand_hybrid_plain_h16,Operand hybrid + plain H16,29940,2.4746406078338623,2.951775312423706,0.15508678555488586,35001.05076886177,90.09184897336101,125577461760.0,0.0003,129.81909656524658,152.921875,0,0,exported_float_payload,False
operand_hybrid_plain_h16,Operand hybrid + plain H16,29950,2.457622528076172,3.13151478767395,0.14054057002067566,34891.48111298535,89.80981935789403,125619404800.0,0.0003,129.81909656524658,152.921875,0,0,exported_float_payload,False
operand_hybrid_plain_h16,Operand hybrid + plain H16,29960,2.455214262008667,2.8887951374053955,0.27632346749305725,34926.90069509955,89.90098849631805,125661347840.0,0.0003,129.81909656524658,152.921875,0,0,exported_float_payload,False
operand_hybrid_plain_h16,Operand hybrid + plain H16,29970,2.459702253341675,2.953977346420288,0.1746397614479065,34971.24338684924,90.01512550079161,125703290880.0,0.0003,129.81909656524658,152.921875,0,0,exported_float_payload,False
operand_hybrid_plain_h16,Operand hybrid + plain H16,29980,2.462398052215576,2.872072458267212,0.11101825535297394,34918.27172255052,89.87877773193796,125745233920.0,0.0003,129.81909656524658,152.921875,0,0,exported_float_payload,False
operand_hybrid_plain_h16,Operand hybrid + plain H16,29990,2.4517905712127686,3.250703811645508,0.29822900891304016,34949.12480009382,89.95819279923839,125787176960.0,0.0003,129.81909656524658,152.921875,0,0,exported_float_payload,False
operand_hybrid_plain_h16,Operand hybrid + plain H16,30000,2.450324535369873,2.8597593307495117,0.24222993850708008,34964.66021511175,89.99818057768469,125829120000.0,0.0003,129.81909656524658,152.921875,0,0,exported_float_payload,False
operand_hybrid_plain_h16,Operand hybrid + plain H16,30010,2.495649814605713,3.5542962551116943,0.11341949552297592,27509.20593719283,70.8080235372676,125871063040.0,0.0003,129.81909656524658,152.921875,0,0,exported_float_payload,False
operand_hybrid_plain_h16,Operand hybrid + plain H16,30020,2.4743781089782715,2.958285331726074,0.12513640522956848,34904.65520963475,89.84372916058928,125913006080.0,0.0003,129.81909656524658,152.921875,0,0,exported_float_payload,False
operand_hybrid_plain_h16,Operand hybrid + plain H16,30030,2.457468271255493,2.9510083198547363,0.12481299787759781,34920.04785519133,89.88334945393252,125954949120.0,0.0003,129.81909656524658,152.921875,0,0,exported_float_payload,False
operand_hybrid_plain_h16,Operand hybrid + plain H16,30040,2.4657678604125977,2.8780925273895264,0.15708443522453308,34984.29149098537,90.04871100183799,125996892160.0,0.0003,129.81909656524658,152.921875,0,0,exported_float_payload,False
operand_hybrid_plain_h16,Operand hybrid + plain H16,30050,2.443474531173706,2.9945061206817627,0.2497408092021942,34907.56651402222,89.85122278690704,126038835200.0,0.0003,129.81909656524658,152.921875,0,0,exported_float_payload,False
operand_hybrid_plain_h16,Operand hybrid + plain H16,30060,2.4550600051879883,2.8360049724578857,0.12369024753570557,34944.51297318756,89.9463220695316,126080778240.0,0.0003,129.81909656524658,152.921875,0,0,exported_float_payload,False
operand_hybrid_plain_h16,Operand hybrid + plain H16,30070,2.48453688621521,2.9965357780456543,0.09073059260845184,34890.6933419123,89.80779165441143,126122721280.0,0.0003,129.81909656524658,152.921875,0,0,exported_float_payload,False
operand_hybrid_plain_h16,Operand hybrid + plain H16,30080,2.459526538848877,2.855255126953125,0.10665106028318405,34861.52173061755,89.7327046401263,126164664320.0,0.0003,129.81909656524658,152.921875,0,0,exported_float_payload,False
operand_hybrid_plain_h16,Operand hybrid + plain H16,30090,2.518503427505493,3.296881675720215,0.18638569116592407,34937.91132177623,89.92932958019601,126206607360.0,0.0003,129.81909656524658,152.921875,0,0,exported_float_payload,False
operand_hybrid_plain_h16,Operand hybrid + plain H16,30100,2.4688453674316406,3.028587818145752,0.10170931369066238,34937.74171633065,89.92889301992562,126248550400.0,0.0003,129.81909656524658,152.921875,0,0,exported_float_payload,False
operand_hybrid_plain_h16,Operand hybrid + plain H16,30110,2.4504966735839844,3.073573112487793,0.22943919897079468,34971.581068611966,90.01599468539324,126290493440.0,0.0003,129.81909656524658,152.921875,0,0,exported_float_payload,False
operand_hybrid_plain_h16,Operand hybrid + plain H16,30120,2.4766361713409424,3.057929754257202,0.12975521385669708,34913.54085741314,89.86660060073454,126332436480.0,0.0003,129.81909656524658,152.921875,0,0,exported_float_payload,False
operand_hybrid_plain_h16,Operand hybrid + plain H16,30130,2.477017402648926,3.0284790992736816,0.17410214245319366,34853.25376939309,89.71142311006967,126374379520.0,0.0003,129.81909656524658,152.921875,0,0,exported_float_payload,False
operand_hybrid_plain_h16,Operand hybrid + plain H16,30140,2.460104465484619,3.3744473457336426,0.1032770648598671,34901.65764303384,89.83601349744305,126416322560.0,0.0003,129.81909656524658,152.921875,0,0,exported_float_payload,False
operand_hybrid_plain_h16,Operand hybrid + plain H16,30150,2.4426047801971436,2.9681293964385986,0.10918960720300674,34974.451295987434,90.02338258048637,126458265600.0,0.0003,129.81909656524658,152.921875,0,0,exported_float_payload,False
operand_hybrid_plain_h16,Operand hybrid + plain H16,30160,2.468352794647217,3.0636367797851562,0.08955523371696472,34950.525361455424,89.96179780994223,126500208640.0,0.0003,129.81909656524658,152.921875,0,0,exported_float_payload,False
operand_hybrid_plain_h16,Operand hybrid + plain H16,30170,2.4406628608703613,3.0245201587677,0.2874022424221039,34961.90101387957,89.99107846117003,126542151680.0,0.0003,129.81909656524658,152.921875,0,0,exported_float_payload,False
operand_hybrid_plain_h16,Operand hybrid + plain H16,30180,2.4687917232513428,2.9080018997192383,0.09818127006292343,34974.30053959978,90.02299453723025,126584094720.0,0.0003,129.81909656524658,152.921875,0,0,exported_float_payload,False
operand_hybrid_plain_h16,Operand hybrid + plain H16,30190,2.4945311546325684,3.028189182281494,0.17987661063671112,34923.93697663347,89.89335995744335,126626037760.0,0.0003,129.81909656524658,152.921875,0,0,exported_float_payload,False
operand_hybrid_plain_h16,Operand hybrid + plain H16,30200,2.412360906600952,2.923793077468872,0.11656652390956879,34831.71049667312,89.65597125277839,126667980800.0,0.0003,129.81909656524658,152.921875,0,0,exported_float_payload,False
operand_hybrid_plain_h16,Operand hybrid + plain H16,30210,2.4607017040252686,2.993007183074951,0.10852817445993423,34945.401358986805,89.9486087528596,126709923840.0,0.0003,129.81909656524658,152.921875,0,0,exported_float_payload,False
operand_hybrid_plain_h16,Operand hybrid + plain H16,30220,2.4905898571014404,3.05281662940979,0.14666573703289032,34968.85484409923,90.0089774501482,126751866880.0,0.0003,129.81909656524658,152.921875,0,0,exported_float_payload,False
operand_hybrid_plain_h16,Operand hybrid + plain H16,30230,2.4552292823791504,3.5388245582580566,0.12770971655845642,34948.00720293443,89.95531613147313,126793809920.0,0.0003,129.81909656524658,152.921875,0,0,exported_float_payload,False
operand_hybrid_plain_h16,Operand hybrid + plain H16,30240,2.448082447052002,3.0141823291778564,0.12029159069061279,34973.282670422916,90.02037456685386,126835752960.0,0.0003,129.81909656524658,152.921875,0,0,exported_float_payload,False
operand_hybrid_plain_h16,Operand hybrid + plain H16,30250,2.480485200881958,2.91524076461792,0.13689003884792328,34915.33324502799,89.87121416263489,126877696000.0,0.0003,129.81909656524658,152.921875,0,0,exported_float_payload,False
operand_hybrid_plain_h16,Operand hybrid + plain H16,30260,2.512091875076294,4.212073802947998,0.09660810232162476,34942.26152910022,89.9405269074941,126919639040.0,0.0003,129.81909656524658,152.921875,0,0,exported_float_payload,False
operand_hybrid_plain_h16,Operand hybrid + plain H16,30270,2.433962106704712,3.358139753341675,0.13410718739032745,34888.06964980215,89.80103833506394,126961582080.0,0.0003,129.81909656524658,152.921875,0,0,exported_float_payload,False
operand_hybrid_plain_h16,Operand hybrid + plain H16,30280,2.446502923965454,2.932651996612549,0.23903997242450714,34958.96576255626,89.98352319602486,127003525120.0,0.0003,129.81909656524658,152.921875,0,0,exported_float_payload,False
operand_hybrid_plain_h16,Operand hybrid + plain H16,30290,2.434717893600464,2.9022912979125977,0.1888260394334793,34980.740765385024,90.03957152095083,127045468160.0,0.0003,129.81909656524658,152.921875,0,0,exported_float_payload,False
operand_hybrid_plain_h16,Operand hybrid + plain H16,30300,2.4646780490875244,2.949859619140625,0.11860240995883942,34946.054431639175,89.95028974590049,127087411200.0,0.0003,129.81909656524658,152.921875,0,0,exported_float_payload,False
operand_hybrid_plain_h16,Operand hybrid + plain H16,30310,2.457197427749634,2.9350576400756836,0.20711609721183777,34941.687694313376,89.93904987078189,127129354240.0,0.0003,129.81909656524658,152.921875,0,0,exported_float_payload,False
operand_hybrid_plain_h16,Operand hybrid + plain H16,30320,2.489922285079956,3.4499878883361816,0.1444709748029709,34941.433526280605,89.93839564847943,127171297280.0,0.0003,129.81909656524658,152.921875,0,0,exported_float_payload,False
operand_hybrid_plain_h16,Operand hybrid + plain H16,30330,2.4467225074768066,3.4224958419799805,0.18248677253723145,34988.26150608363,90.05892972364197,127213240320.0,0.0003,129.81909656524658,152.921875,0,0,exported_float_payload,False
operand_hybrid_plain_h16,Operand hybrid + plain H16,30340,2.4970598220825195,3.4344468116760254,0.09932471066713333,35005.75530508888,90.10395833459309,127255183360.0,0.0003,129.81909656524658,152.921875,0,0,exported_float_payload,False
operand_hybrid_plain_h16,Operand hybrid + plain H16,30350,2.461264133453369,2.895230293273926,0.19798758625984192,34989.54478670185,90.06223285657963,127297126400.0,0.0003,129.81909656524658,152.921875,0,0,exported_float_payload,False
operand_hybrid_plain_h16,Operand hybrid + plain H16,30360,2.4703500270843506,3.3285064697265625,0.12434537708759308,34979.38227409908,90.03607479759319,127339069440.0,0.0003,129.81909656524658,152.921875,0,0,exported_float_payload,False
operand_hybrid_plain_h16,Operand hybrid + plain H16,30370,2.4900715351104736,3.060516357421875,0.15137933194637299,34963.10512823449,89.99417782208141,127381012480.0,0.0003,129.81909656524658,152.921875,0,0,exported_float_payload,False
operand_hybrid_plain_h16,Operand hybrid + plain H16,30380,2.454313039779663,3.060698986053467,0.14273828268051147,35002.80662110198,90.09636849410023,127422955520.0,0.0003,129.81909656524658,152.921875,0,0,exported_float_payload,False
operand_hybrid_plain_h16,Operand hybrid + plain H16,30390,2.4440956115722656,3.068042516708374,0.1267424374818802,34976.93247299476,90.02976906944342,127464898560.0,0.0003,129.81909656524658,152.921875,0,0,exported_float_payload,False
operand_hybrid_plain_h16,Operand hybrid + plain H16,30400,2.468740224838257,2.914933919906616,0.10279624909162521,34984.36373269446,90.048896950231,127506841600.0,0.0003,129.81909656524658,152.921875,0,0,exported_float_payload,False
operand_hybrid_plain_h16,Operand hybrid + plain H16,30410,2.471160650253296,2.936185836791992,0.10119102150201797,34938.49319458941,89.93082730659152,127548784640.0,0.0003,129.81909656524658,152.921875,0,0,exported_float_payload,False
operand_hybrid_plain_h16,Operand hybrid + plain H16,30420,2.459604024887085,3.131699562072754,0.22469642758369446,34977.55190123216,90.0313634625827,127590727680.0,0.0003,129.81909656524658,152.921875,0,0,exported_float_payload,False
operand_hybrid_plain_h16,Operand hybrid + plain H16,30430,2.455693483352661,2.9175124168395996,0.13448305428028107,34963.09854591372,89.99416087934867,127632670720.0,0.0003,129.81909656524658,152.921875,0,0,exported_float_payload,False
operand_hybrid_plain_h16,Operand hybrid + plain H16,30440,2.491656541824341,3.3749828338623047,0.17691564559936523,34911.85131623839,89.86225176305663,127674613760.0,0.0003,129.81909656524658,152.921875,0,0,exported_float_payload,False
operand_hybrid_plain_h16,Operand hybrid + plain H16,30450,2.4414238929748535,2.883228063583374,0.1598268747329712,35006.43928423142,90.10571888018406,127716556800.0,0.0003,129.81909656524658,152.921875,0,0,exported_float_payload,False
operand_hybrid_plain_h16,Operand hybrid + plain H16,30460,2.485128402709961,3.1035208702087402,0.24950294196605682,34954.601243865145,89.97228903161768,127758499840.0,0.0003,129.81909656524658,152.921875,0,0,exported_float_payload,False
operand_hybrid_plain_h16,Operand hybrid + plain H16,30470,2.4663655757904053,2.8431100845336914,0.10656139999628067,34989.19775600911,90.06133960806072,127800442880.0,0.0003,129.81909656524658,152.921875,0,0,exported_float_payload,False
operand_hybrid_plain_h16,Operand hybrid + plain H16,30480,2.4497053623199463,3.1155197620391846,0.16445890069007874,34902.26180559253,89.83756859709854,127842385920.0,0.0003,129.81909656524658,152.921875,0,0,exported_float_payload,False
operand_hybrid_plain_h16,Operand hybrid + plain H16,30490,2.4851112365722656,3.0345282554626465,0.14641310274600983,34931.73156730847,89.91342304327864,127884328960.0,0.0003,129.81909656524658,152.921875,0,0,exported_float_payload,False
operand_hybrid_plain_h16,Operand hybrid + plain H16,30500,2.5104284286499023,3.126448631286621,0.22833016514778137,34981.691255737336,90.04201805988008,127926272000.0,0.0003,129.81909656524658,152.921875,0,0,exported_float_payload,False
operand_hybrid_plain_h16,Operand hybrid + plain H16,30510,2.4458961486816406,2.9883930683135986,0.14274075627326965,34928.649398486465,89.90548961608367,127968215040.0,0.0003,129.81909656524658,152.921875,0,0,exported_float_payload,False
operand_hybrid_plain_h16,Operand hybrid + plain H16,30520,2.4449398517608643,2.978665828704834,0.12103331834077835,34881.234549494795,89.78344495397732,128010158080.0,0.0003,129.81909656524658,152.921875,0,0,exported_float_payload,False
operand_hybrid_plain_h16,Operand hybrid + plain H16,30530,2.453413248062134,3.0310440063476562,0.2416429966688156,34935.524972144325,89.92318717458497,128052101120.0,0.0003,129.81909656524658,152.921875,0,0,exported_float_payload,False
operand_hybrid_plain_h16,Operand hybrid + plain H16,30540,2.4268288612365723,2.8422155380249023,0.10412976145744324,34920.56154025423,89.88467166672586,128094044160.0,0.0003,129.81909656524658,152.921875,0,0,exported_float_payload,False
operand_hybrid_plain_h16,Operand hybrid + plain H16,30550,2.489893674850464,3.0243053436279297,0.3015338182449341,34871.22247091159,89.75767410847946,128135987200.0,0.0003,129.81909656524658,152.921875,0,0,exported_float_payload,False
operand_hybrid_plain_h16,Operand hybrid + plain H16,30560,2.492882251739502,2.9688057899475098,0.16539791226387024,34875.78726627388,89.76942378014188,128177930240.0,0.0003,129.81909656524658,152.921875,0,0,exported_float_payload,False
operand_hybrid_plain_h16,Operand hybrid + plain H16,30570,2.457190990447998,2.8514437675476074,0.2781583070755005,34935.069422418244,89.92201460072732,128219873280.0,0.0003,129.81909656524658,152.921875,0,0,exported_float_payload,False
operand_hybrid_plain_h16,Operand hybrid + plain H16,30580,2.4101123809814453,3.1177096366882324,0.13238951563835144,34981.74650957172,90.04216028189893,128261816320.0,0.0003,129.81909656524658,152.921875,0,0,exported_float_payload,False
operand_hybrid_plain_h16,Operand hybrid + plain H16,30590,2.4797468185424805,3.3882291316986084,0.21100713312625885,34844.68747738606,89.68937368387228,128303759360.0,0.0003,129.81909656524658,152.921875,0,0,exported_float_payload,False
operand_hybrid_plain_h16,Operand hybrid + plain H16,30600,2.4570841789245605,2.9032626152038574,0.1537390798330307,34937.45235377037,89.92814820776978,128345702400.0,0.0003,129.81909656524658,152.921875,0,0,exported_float_payload,False
operand_hybrid_plain_h16,Operand hybrid + plain H16,30610,2.4642767906188965,3.093325614929199,0.19383369386196136,34917.49472806123,89.87677776711851,128387645440.0,0.0003,129.81909656524658,152.921875,0,0,exported_float_payload,False
operand_hybrid_plain_h16,Operand hybrid + plain H16,30620,2.479801893234253,3.133831024169922,0.16210448741912842,34935.969741032844,89.92433199883031,128429588480.0,0.0003,129.81909656524658,152.921875,0,0,exported_float_payload,False
operand_hybrid_plain_h16,Operand hybrid + plain H16,30630,2.446063756942749,2.8727293014526367,0.31559476256370544,34985.447369783076,90.05168620560434,128471531520.0,0.0003,129.81909656524658,152.921875,0,0,exported_float_payload,False
operand_hybrid_plain_h16,Operand hybrid + plain H16,30640,2.4727401733398438,2.901580810546875,0.11242543905973434,34944.35323279967,89.94591090167852,128513474560.0,0.0003,129.81909656524658,152.921875,0,0,exported_float_payload,False
operand_hybrid_plain_h16,Operand hybrid + plain H16,30650,2.475971221923828,3.046703338623047,0.2414253056049347,34886.931108915705,89.79810775865728,128555417600.0,0.0003,129.81909656524658,152.921875,0,0,exported_float_payload,False
operand_hybrid_plain_h16,Operand hybrid + plain H16,30660,2.4757678508758545,3.1805272102355957,0.12914182245731354,34971.9881012503,90.01704237745318,128597360640.0,0.0003,129.81909656524658,152.921875,0,0,exported_float_payload,False
operand_hybrid_plain_h16,Operand hybrid + plain H16,30670,2.4873311519622803,3.5283193588256836,0.20072589814662933,34897.04454038823,89.8241394840144,128639303680.0,0.0003,129.81909656524658,152.921875,0,0,exported_float_payload,False
operand_hybrid_plain_h16,Operand hybrid + plain H16,30680,2.475084066390991,3.0280070304870605,0.19083839654922485,34931.8395791539,89.9137010631281,128681246720.0,0.0003,129.81909656524658,152.921875,0,0,exported_float_payload,False
operand_hybrid_plain_h16,Operand hybrid + plain H16,30690,2.5077996253967285,2.931668758392334,0.2017778754234314,34898.986909407984,89.82913909438419,128723189760.0,0.0003,129.81909656524658,152.921875,0,0,exported_float_payload,False
operand_hybrid_plain_h16,Operand hybrid + plain H16,30700,2.4624478816986084,3.078862190246582,0.10104262083768845,34939.396120364654,89.93315141546228,128765132800.0,0.0003,129.81909656524658,152.921875,0,0,exported_float_payload,False
operand_hybrid_plain_h16,Operand hybrid + plain H16,30710,2.4730358123779297,2.9465484619140625,0.26933184266090393,34971.92502708441,90.01688002609222,128807075840.0,0.0003,129.81909656524658,152.921875,0,0,exported_float_payload,False
operand_hybrid_plain_h16,Operand hybrid + plain H16,30720,2.4673097133636475,2.984210729598999,0.46921506524086,35023.35154387026,90.1492506230235,128849018880.0,0.0003,129.81909656524658,152.921875,0,0,exported_float_payload,False
operand_hybrid_plain_h16,Operand hybrid + plain H16,30730,2.477480888366699,3.0438764095306396,0.22653241455554962,34999.39310433778,90.08758218540284,128890961920.0,0.0003,129.81909656524658,152.921875,0,0,exported_float_payload,False
operand_hybrid_plain_h16,Operand hybrid + plain H16,30740,2.4733517169952393,2.9456448554992676,0.2412411868572235,35005.192884511176,90.10251067777612,128932904960.0,0.0003,129.81909656524658,152.921875,0,0,exported_float_payload,False
operand_hybrid_plain_h16,Operand hybrid + plain H16,30750,2.466643810272217,2.9919984340667725,0.18153789639472961,34936.71402451219,89.92624776630991,128974848000.0,0.0003,129.81909656524658,152.921875,0,0,exported_float_payload,False
operand_hybrid_plain_h16,Operand hybrid + plain H16,30760,2.4719607830047607,3.0152931213378906,0.3583614230155945,34993.52526203605,90.07247850277518,129016791040.0,0.0003,129.81909656524658,152.921875,0,0,exported_float_payload,False
operand_hybrid_plain_h16,Operand hybrid + plain H16,30770,2.449235677719116,2.854872703552246,0.0845453068614006,35009.55777867943,90.11374580865228,129058734080.0,0.0003,129.81909656524658,152.921875,0,0,exported_float_payload,False
operand_hybrid_plain_h16,Operand hybrid + plain H16,30780,2.4651310443878174,4.2226176261901855,0.2781183421611786,34922.03716051979,89.88846987721342,129100677120.0,0.0003,129.81909656524658,152.921875,0,0,exported_float_payload,False
operand_hybrid_plain_h16,Operand hybrid + plain H16,30790,2.4622738361358643,3.070739984512329,0.1900956630706787,35005.13439126274,90.1023601175847,129142620160.0,0.0003,129.81909656524658,152.921875,0,0,exported_float_payload,False
operand_hybrid_plain_h16,Operand hybrid + plain H16,30800,2.525759696960449,3.1716690063476562,0.39076048135757446,34936.03632839568,89.92450339307433,129184563200.0,0.0003,129.81909656524658,152.921875,0,0,exported_float_payload,False
operand_hybrid_plain_h16,Operand hybrid + plain H16,30810,2.4667775630950928,2.8765804767608643,0.12719421088695526,34917.64802184171,89.87717234156173,129226506240.0,0.0003,129.81909656524658,152.921875,0,0,exported_float_payload,False
operand_hybrid_plain_h16,Operand hybrid + plain H16,30820,2.4514570236206055,2.9404029846191406,0.13341771066188812,34943.515640083715,89.94375495850511,129268449280.0,0.0003,129.81909656524658,152.921875,0,0,exported_float_payload,False
operand_hybrid_plain_h16,Operand hybrid + plain H16,30830,2.4559717178344727,3.0293362140655518,0.11327452957630157,34982.28086751228,90.04353570617396,129310392320.0,0.0003,129.81909656524658,152.921875,0,0,exported_float_payload,False
operand_hybrid_plain_h16,Operand hybrid + plain H16,30840,2.4811201095581055,3.0348455905914307,0.10529326647520065,34914.222102556356,89.8683541090781,129352335360.0,0.0003,129.81909656524658,152.921875,0,0,exported_float_payload,False
operand_hybrid_plain_h16,Operand hybrid + plain H16,30850,2.442901611328125,2.8820509910583496,0.19563376903533936,34905.826784754645,89.84674476630522,129394278400.0,0.0003,129.81909656524658,152.921875,0,0,exported_float_payload,False
operand_hybrid_plain_h16,Operand hybrid + plain H16,30860,2.486799716949463,3.550446033477783,0.19271530210971832,34979.9077341533,90.0374273189263,129436221440.0,0.0003,129.81909656524658,152.921875,0,0,exported_float_payload,False
operand_hybrid_plain_h16,Operand hybrid + plain H16,30870,2.474247455596924,2.9785966873168945,0.17267748713493347,34982.249694754755,90.0434554682582,129478164480.0,0.0003,129.81909656524658,152.921875,0,0,exported_float_payload,False
operand_hybrid_plain_h16,Operand hybrid + plain H16,30880,2.473511219024658,2.9809741973876953,0.15007925033569336,34936.62511720692,89.92601892107973,129520107520.0,0.0003,129.81909656524658,152.921875,0,0,exported_float_payload,False
operand_hybrid_plain_h16,Operand hybrid + plain H16,30890,2.434107542037964,2.9095633029937744,0.25783735513687134,34968.28555947515,90.00751212544368,129562050560.0,0.0003,129.81909656524658,152.921875,0,0,exported_float_payload,False
operand_hybrid_plain_h16,Operand hybrid + plain H16,30900,2.4763879776000977,3.0012829303741455,0.08564402163028717,34968.37159812266,90.0077335868189,129603993600.0,0.0003,129.81909656524658,152.921875,0,0,exported_float_payload,False
operand_hybrid_plain_h16,Operand hybrid + plain H16,30910,2.50046968460083,4.334274768829346,0.13074705004692078,34955.34399835043,89.97420086350392,129645936640.0,0.0003,129.81909656524658,152.921875,0,0,exported_float_payload,False
operand_hybrid_plain_h16,Operand hybrid + plain H16,30920,2.4696688652038574,3.007594108581543,0.16902770102024078,34935.68666697534,89.9236033731269,129687879680.0,0.0003,129.81909656524658,152.921875,0,0,exported_float_payload,False
operand_hybrid_plain_h16,Operand hybrid + plain H16,30930,2.454789876937866,4.1217875480651855,0.10634695738554001,35013.60581974603,90.1241653673912,129729822720.0,0.0003,129.81909656524658,152.921875,0,0,exported_float_payload,False
operand_hybrid_plain_h16,Operand hybrid + plain H16,30940,2.4231178760528564,2.8477678298950195,0.22379246354103088,34950.772722152615,89.96243451032932,129771765760.0,0.0003,129.81909656524658,152.921875,0,0,exported_float_payload,False
operand_hybrid_plain_h16,Operand hybrid + plain H16,30950,2.47868013381958,3.0045461654663086,0.1603788584470749,34871.420667985694,89.75818426290269,129813708800.0,0.0003,129.81909656524658,152.921875,0,0,exported_float_payload,False
operand_hybrid_plain_h16,Operand hybrid + plain H16,30960,2.434948444366455,3.0056509971618652,0.16979637742042542,34938.18842878649,89.93004284686572,129855651840.0,0.0003,129.81909656524658,152.921875,0,0,exported_float_payload,False
operand_hybrid_plain_h16,Operand hybrid + plain H16,30970,2.472529411315918,3.0296988487243652,0.2857955992221832,34947.193491695376,89.95322165863742,129897594880.0,0.0003,129.81909656524658,152.921875,0,0,exported_float_payload,False
operand_hybrid_plain_h16,Operand hybrid + plain H16,30980,2.4692914485931396,2.8947434425354004,0.22036388516426086,35018.76743785493,90.13745124621227,129939537920.0,0.0003,129.81909656524658,152.921875,0,0,exported_float_payload,False
operand_hybrid_plain_h16,Operand hybrid + plain H16,30990,2.465125560760498,3.599010944366455,0.09885839372873306,34888.78906508195,89.80289009240589,129981480960.0,0.0003,129.81909656524658,152.921875,0,0,exported_float_payload,False
operand_hybrid_plain_h16,Operand hybrid + plain H16,31000,2.4654388427734375,3.11673641204834,0.2656695246696472,34912.50901284717,89.86394465804827,130023424000.0,0.0003,129.81909656524658,152.921875,0,0,exported_float_payload,False
operand_hybrid_plain_h16,Operand hybrid + plain H16,31010,2.4647812843322754,3.1294960975646973,0.22934047877788544,27793.74712737983,71.54042560434591,130065367040.0,0.0003,129.81909656524658,152.921875,0,0,exported_float_payload,False
operand_hybrid_plain_h16,Operand hybrid + plain H16,31020,2.450432062149048,3.0448384284973145,0.2017984241247177,34916.260480113386,89.87360084307564,130107310080.0,0.0003,129.81909656524658,152.921875,0,0,exported_float_payload,False
operand_hybrid_plain_h16,Operand hybrid + plain H16,31030,2.440532922744751,3.714282274246216,0.2595985531806946,34914.426220221736,89.86887950295852,130149253120.0,0.0003,129.81909656524658,152.921875,0,0,exported_float_payload,False
operand_hybrid_plain_h16,Operand hybrid + plain H16,31040,2.470616579055786,3.4524917602539062,0.18244914710521698,34906.14434826081,89.84756216700629,130191196160.0,0.0003,129.81909656524658,152.921875,0,0,exported_float_payload,False
operand_hybrid_plain_h16,Operand hybrid + plain H16,31050,2.4186723232269287,3.0077505111694336,0.11314719915390015,34933.25673558639,89.91734878913869,130233139200.0,0.0003,129.81909656524658,152.921875,0,0,exported_float_payload,False
operand_hybrid_plain_h16,Operand hybrid + plain H16,31060,2.47019624710083,3.035953998565674,0.13508319854736328,34935.587907490524,89.92334916862744,130275082240.0,0.0003,129.81909656524658,152.921875,0,0,exported_float_payload,False
operand_hybrid_plain_h16,Operand hybrid + plain H16,31070,2.4854331016540527,3.157684803009033,0.31565171480178833,34898.297855117125,89.82736548548553,130317025280.0,0.0003,129.81909656524658,152.921875,0,0,exported_float_payload,False
operand_hybrid_plain_h16,Operand hybrid + plain H16,31080,2.4730453491210938,2.924391269683838,0.12809188663959503,34885.69299496558,89.79492088361907,130358968320.0,0.0003,129.81909656524658,152.921875,0,0,exported_float_payload,False
operand_hybrid_plain_h16,Operand hybrid + plain H16,31090,2.495455741882324,2.901233673095703,0.3307030200958252,34925.0892913664,89.89632598739412,130400911360.0,0.0003,129.81909656524658,152.921875,0,0,exported_float_payload,False
operand_hybrid_plain_h16,Operand hybrid + plain H16,31100,2.4716458320617676,2.9507107734680176,0.17771871387958527,34955.46418779592,89.97451022819824,130442854400.0,0.0003,129.81909656524658,152.921875,0,0,exported_float_payload,False
operand_hybrid_plain_h16,Operand hybrid + plain H16,31110,2.448920249938965,3.018425703048706,0.2947857975959778,34963.67622158312,89.99564780239868,130484797440.0,0.0003,129.81909656524658,152.921875,0,0,exported_float_payload,False
operand_hybrid_plain_h16,Operand hybrid + plain H16,31120,2.473459005355835,2.9637393951416016,0.08762919157743454,34932.37865670679,89.91508863556987,130526740480.0,0.0003,129.81909656524658,152.921875,0,0,exported_float_payload,False
operand_hybrid_plain_h16,Operand hybrid + plain H16,31130,2.468777656555176,3.0858020782470703,0.19358661770820618,34986.45278907924,90.05427413029217,130568683520.0,0.0003,129.81909656524658,152.921875,0,0,exported_float_payload,False
operand_hybrid_plain_h16,Operand hybrid + plain H16,31140,2.4621331691741943,3.0561323165893555,0.15887747704982758,34972.9892903596,90.01961941374343,130610626560.0,0.0003,129.81909656524658,152.921875,0,0,exported_float_payload,False
operand_hybrid_plain_h16,Operand hybrid + plain H16,31150,2.4851109981536865,3.0199456214904785,0.09792536497116089,34935.71058684227,89.92366494227959,130652569600.0,0.0003,129.81909656524658,152.921875,0,0,exported_float_payload,False
operand_hybrid_plain_h16,Operand hybrid + plain H16,31160,2.478635311126709,3.403698444366455,0.12171788513660431,34952.59390852512,89.9671221995278,130694512640.0,0.0003,129.81909656524658,152.921875,0,0,exported_float_payload,False
operand_hybrid_plain_h16,Operand hybrid + plain H16,31170,2.4665558338165283,3.2186553478240967,0.13873885571956635,34921.5866817573,89.88731035589208,130736455680.0,0.0003,129.81909656524658,152.921875,0,0,exported_float_payload,False
operand_hybrid_plain_h16,Operand hybrid + plain H16,31180,2.4959402084350586,3.063202381134033,0.17572250962257385,34901.431961559974,89.83543259884678,130778398720.0,0.0003,129.81909656524658,152.921875,0,0,exported_float_payload,False
operand_hybrid_plain_h16,Operand hybrid + plain H16,31190,2.467397928237915,2.9609007835388184,0.11302082240581512,34947.15651301851,89.95312647642722,130820341760.0,0.0003,129.81909656524658,152.921875,0,0,exported_float_payload,False
operand_hybrid_plain_h16,Operand hybrid + plain H16,31200,2.4765219688415527,2.994910717010498,0.16347138583660126,34935.68097932063,89.92358873324271,130862284800.0,0.0003,129.81909656524658,152.921875,0,0,exported_float_payload,False
operand_hybrid_plain_h16,Operand hybrid + plain H16,31210,2.4873929023742676,3.2576212882995605,0.4246402680873871,34965.72631575906,90.00092469468684,130904227840.0,0.0003,129.81909656524658,152.921875,0,0,exported_float_payload,False
operand_hybrid_plain_h16,Operand hybrid + plain H16,31220,2.458296298980713,2.858219623565674,0.21563827991485596,34935.1471634235,89.92221470417424,130946170880.0,0.0003,129.81909656524658,152.921875,0,0,exported_float_payload,False
operand_hybrid_plain_h16,Operand hybrid + plain H16,31230,2.4519543647766113,2.8506646156311035,0.15882417559623718,34969.698817034674,90.01114981585057,130988113920.0,0.0003,129.81909656524658,152.921875,0,0,exported_float_payload,False
operand_hybrid_plain_h16,Operand hybrid + plain H16,31240,2.4845681190490723,3.2777891159057617,0.1947828233242035,34933.9260356057,89.91907155102535,131030056960.0,0.0003,129.81909656524658,152.921875,0,0,exported_float_payload,False
operand_hybrid_plain_h16,Operand hybrid + plain H16,31250,2.4624645709991455,2.9194107055664062,0.29651620984077454,34890.00799769313,89.8060275951466,131072000000.0,0.0003,129.81909656524658,152.921875,0,0,exported_float_payload,False
operand_hybrid_plain_h16,Operand hybrid + plain H16,31260,2.486172914505005,2.947716474533081,0.36846303939819336,34927.57957109453,89.90273590653197,131113943040.0,0.0003,129.81909656524658,152.921875,0,0,exported_float_payload,False
operand_hybrid_plain_h16,Operand hybrid + plain H16,31270,2.48423433303833,2.928222179412842,0.10794877260923386,34895.88686433019,89.82115965414386,131155886080.0,0.0003,129.81909656524658,152.921875,0,0,exported_float_payload,False
operand_hybrid_plain_h16,Operand hybrid + plain H16,31280,2.4542834758758545,2.933436632156372,0.26130157709121704,34922.254455373855,89.88902918885537,131197829120.0,0.0003,129.81909656524658,152.921875,0,0,exported_float_payload,False
operand_hybrid_plain_h16,Operand hybrid + plain H16,31290,2.491715908050537,3.137824058532715,0.2203652560710907,34953.849143499654,89.97035314366425,131239772160.0,0.0003,129.81909656524658,152.921875,0,0,exported_float_payload,False
operand_hybrid_plain_h16,Operand hybrid + plain H16,31300,2.4737210273742676,3.2617249488830566,0.18759211897850037,34934.02523270369,89.9193268819304,131281715200.0,0.0003,129.81909656524658,152.921875,0,0,exported_float_payload,False
operand_hybrid_plain_h16,Operand hybrid + plain H16,31310,2.433720827102661,2.904923439025879,0.19954140484333038,34930.53642509363,89.9103467764365,131323658240.0,0.0003,129.81909656524658,152.921875,0,0,exported_float_payload,False
operand_hybrid_plain_h16,Operand hybrid + plain H16,31320,2.45884108543396,3.048781394958496,0.2500740885734558,35050.225746943404,90.21842416471326,131365601280.0,0.0003,129.81909656524658,152.921875,0,0,exported_float_payload,False
operand_hybrid_plain_h16,Operand hybrid + plain H16,31330,2.4673538208007812,2.9126362800598145,0.1495412439107895,34915.177705589085,89.87081380792176,131407544320.0,0.0003,129.81909656524658,152.921875,0,0,exported_float_payload,False
operand_hybrid_plain_h16,Operand hybrid + plain H16,31340,2.4838626384735107,3.2312893867492676,0.29629188776016235,34890.87330352871,89.80825487121237,131449487360.0,0.0003,129.81909656524658,152.921875,0,0,exported_float_payload,False
operand_hybrid_plain_h16,Operand hybrid + plain H16,31350,2.437405586242676,2.870090961456299,0.150782510638237,34904.77072103567,89.84402648411121,131491430400.0,0.0003,129.81909656524658,152.921875,0,0,exported_float_payload,False
operand_hybrid_plain_h16,Operand hybrid + plain H16,31360,2.436363935470581,3.2605223655700684,0.2854064404964447,34937.584116792525,89.92848736256747,131533373440.0,0.0003,129.81909656524658,152.921875,0,0,exported_float_payload,False
operand_hybrid_plain_h16,Operand hybrid + plain H16,31370,2.44130539894104,3.3132596015930176,0.1348867565393448,34910.79807563924,89.85954074750406,131575316480.0,0.0003,129.81909656524658,152.921875,0,0,exported_float_payload,False
operand_hybrid_plain_h16,Operand hybrid + plain H16,31380,2.448244333267212,2.8986639976501465,0.1539922058582306,34932.27747691279,89.91482820125375,131617259520.0,0.0003,129.81909656524658,152.921875,0,0,exported_float_payload,False
operand_hybrid_plain_h16,Operand hybrid + plain H16,31390,2.449446439743042,3.4451682567596436,0.13604328036308289,34972.16911146325,90.01750829331597,131659202560.0,0.0003,129.81909656524658,152.921875,0,0,exported_float_payload,False
operand_hybrid_plain_h16,Operand hybrid + plain H16,31400,2.4579029083251953,3.0504050254821777,0.4362107515335083,34960.39339563138,89.98719788865743,131701145600.0,0.0003,129.81909656524658,152.921875,0,0,exported_float_payload,False
operand_hybrid_plain_h16,Operand hybrid + plain H16,31410,2.474966287612915,2.9161782264709473,0.1399356871843338,34975.29789653971,90.02556170961024,131743088640.0,0.0003,129.81909656524658,152.921875,0,0,exported_float_payload,False
operand_hybrid_plain_h16,Operand hybrid + plain H16,31420,2.4592461585998535,2.9193005561828613,0.10683226585388184,34929.313802766424,89.90719977645693,131785031680.0,0.0003,129.81909656524658,152.921875,0,0,exported_float_payload,False
operand_hybrid_plain_h16,Operand hybrid + plain H16,31430,2.4513542652130127,3.0694215297698975,0.19812943041324615,34968.778337535274,90.008780524123,131826974720.0,0.0003,129.81909656524658,152.921875,0,0,exported_float_payload,False
operand_hybrid_plain_h16,Operand hybrid + plain H16,31440,2.454465866088867,2.9460866451263428,0.11200728267431259,34946.106256248,89.9504231411766,131868917760.0,0.0003,129.81909656524658,152.921875,0,0,exported_float_payload,False
operand_hybrid_plain_h16,Operand hybrid + plain H16,31450,2.466904401779175,3.011589527130127,0.14297419786453247,34950.52883566593,89.96180675247513,131910860800.0,0.0003,129.81909656524658,152.921875,0,0,exported_float_payload,False
operand_hybrid_plain_h16,Operand hybrid + plain H16,31460,2.4658114910125732,2.992220163345337,0.17694860696792603,34882.71065406566,89.78724441105493,131952803840.0,0.0003,129.81909656524658,152.921875,0,0,exported_float_payload,False
operand_hybrid_plain_h16,Operand hybrid + plain H16,31470,2.449491024017334,3.0396108627319336,0.2746184468269348,34980.52059129855,90.03900479823506,131994746880.0,0.0003,129.81909656524658,152.921875,0,0,exported_float_payload,False
operand_hybrid_plain_h16,Operand hybrid + plain H16,31480,2.461238384246826,3.1871440410614014,0.15593291819095612,34962.074407123626,89.9915247711411,132036689920.0,0.0003,129.81909656524658,152.921875,0,0,exported_float_payload,False
operand_hybrid_plain_h16,Operand hybrid + plain H16,31490,2.44983172416687,2.9330062866210938,0.15154701471328735,34924.48230398841,89.89476361672278,132078632960.0,0.0003,129.81909656524658,152.921875,0,0,exported_float_payload,False
operand_hybrid_plain_h16,Operand hybrid + plain H16,31500,2.4546194076538086,2.8857192993164062,0.1653178483247757,34869.90785754503,89.75429032581361,132120576000.0,0.0003,129.81909656524658,152.921875,0,0,exported_float_payload,False
operand_hybrid_plain_h16,Operand hybrid + plain H16,31510,2.481736183166504,3.28324031829834,0.2326515167951584,34930.69129316866,89.9107454030754,132162519040.0,0.0003,129.81909656524658,152.921875,0,0,exported_float_payload,False
operand_hybrid_plain_h16,Operand hybrid + plain H16,31520,2.4525251388549805,2.8718056678771973,0.18842406570911407,34969.650072428434,90.0110243484258,132204462080.0,0.0003,129.81909656524658,152.921875,0,0,exported_float_payload,False
operand_hybrid_plain_h16,Operand hybrid + plain H16,31530,2.4687795639038086,2.9416966438293457,0.1948160082101822,34887.94841527915,89.80072628036567,132246405120.0,0.0003,129.81909656524658,152.921875,0,0,exported_float_payload,False
operand_hybrid_plain_h16,Operand hybrid + plain H16,31540,2.4638068675994873,3.0127506256103516,0.15552397072315216,34995.48974263487,90.07753502780892,132288348160.0,0.0003,129.81909656524658,152.921875,0,0,exported_float_payload,False
operand_hybrid_plain_h16,Operand hybrid + plain H16,31550,2.4740419387817383,3.03558611869812,0.15432439744472504,34907.40585082764,89.85080924377212,132330291200.0,0.0003,129.81909656524658,152.921875,0,0,exported_float_payload,False
operand_hybrid_plain_h16,Operand hybrid + plain H16,31560,2.4445252418518066,2.817290782928467,0.24173228442668915,34927.66027905131,89.90294364683957,132372234240.0,0.0003,129.81909656524658,152.921875,0,0,exported_float_payload,False
operand_hybrid_plain_h16,Operand hybrid + plain H16,31570,2.4606986045837402,3.1008124351501465,0.27741000056266785,34835.60582585653,89.66599773486348,132414177280.0,0.0003,129.81909656524658,152.921875,0,0,exported_float_payload,False
operand_hybrid_plain_h16,Operand hybrid + plain H16,31580,2.4493086338043213,2.980764865875244,0.4745589792728424,34851.80699009156,89.70769913551838,132456120320.0,0.0003,129.81909656524658,152.921875,0,0,exported_float_payload,False
operand_hybrid_plain_h16,Operand hybrid + plain H16,31590,2.4535655975341797,2.9433341026306152,0.16810131072998047,34896.08682838004,89.82167435671943,132498063360.0,0.0003,129.81909656524658,152.921875,0,0,exported_float_payload,False
operand_hybrid_plain_h16,Operand hybrid + plain H16,31600,2.482897996902466,3.092738628387451,0.49358540773391724,34897.068054325675,89.82420000831449,132540006400.0,0.0003,129.81909656524658,152.921875,0,0,exported_float_payload,False
operand_hybrid_plain_h16,Operand hybrid + plain H16,31610,2.4593067169189453,3.419159412384033,0.19669340550899506,34896.65798632974,89.8231445033183,132581949440.0,0.0003,129.81909656524658,152.921875,0,0,exported_float_payload,False
operand_hybrid_plain_h16,Operand hybrid + plain H16,31620,2.4547536373138428,3.2161788940429688,0.15291619300842285,34890.622331843006,89.80760887622914,132623892480.0,0.0003,129.81909656524658,152.921875,0,0,exported_float_payload,False
operand_hybrid_plain_h16,Operand hybrid + plain H16,31630,2.4733517169952393,2.8243422508239746,0.2438916116952896,34948.71551319828,89.95713930477551,132665835520.0,0.0003,129.81909656524658,152.921875,0,0,exported_float_payload,False
operand_hybrid_plain_h16,Operand hybrid + plain H16,31640,2.439211845397949,4.237608909606934,0.11662489920854568,34910.16535670702,89.85791214444122,132707778560.0,0.0003,129.81909656524658,152.921875,0,0,exported_float_payload,False
operand_hybrid_plain_h16,Operand hybrid + plain H16,31650,2.473644733428955,3.1445367336273193,0.13523884117603302,35013.64923413954,90.1242771149787,132749721600.0,0.0003,129.81909656524658,152.921875,0,0,exported_float_payload,False
operand_hybrid_plain_h16,Operand hybrid + plain H16,31660,2.489330530166626,3.3318405151367188,0.49750110507011414,34881.17502539015,89.78329174038721,132791664640.0,0.0003,129.81909656524658,152.921875,0,0,exported_float_payload,False
operand_hybrid_plain_h16,Operand hybrid + plain H16,31670,2.478156328201294,3.1604037284851074,0.09036608040332794,34923.06788979272,89.89112294916269,132833607680.0,0.0003,129.81909656524658,152.921875,0,0,exported_float_payload,False
operand_hybrid_plain_h16,Operand hybrid + plain H16,31680,2.4384872913360596,2.8735508918762207,0.07735579460859299,34870.80463101732,89.75659859880697,132875550720.0,0.0003,129.81909656524658,152.921875,0,0,exported_float_payload,False
operand_hybrid_plain_h16,Operand hybrid + plain H16,31690,2.479604959487915,2.967864513397217,0.1286698579788208,34976.34915093899,90.02826761273293,132917493760.0,0.0003,129.81909656524658,152.921875,0,0,exported_float_payload,False
operand_hybrid_plain_h16,Operand hybrid + plain H16,31700,2.4792442321777344,3.0028462409973145,0.18771003186702728,34966.680244210496,90.0033800831992,132959436800.0,0.0003,129.81909656524658,152.921875,0,0,exported_float_payload,False
operand_hybrid_plain_h16,Operand hybrid + plain H16,31710,2.4545278549194336,2.982719898223877,0.2212754637002945,34965.29708398251,89.99981986258786,133001379840.0,0.0003,129.81909656524658,152.921875,0,0,exported_float_payload,False
operand_hybrid_plain_h16,Operand hybrid + plain H16,31720,2.4632797241210938,2.9510908126831055,0.23849588632583618,34952.90851140556,89.96793197965063,133043322880.0,0.0003,129.81909656524658,152.921875,0,0,exported_float_payload,False
operand_hybrid_plain_h16,Operand hybrid + plain H16,31730,2.4664833545684814,3.271775960922241,0.256817102432251,34904.88762371656,89.84432738875381,133085265920.0,0.0003,129.81909656524658,152.921875,0,0,exported_float_payload,False
operand_hybrid_plain_h16,Operand hybrid + plain H16,31740,2.432748317718506,2.8776333332061768,0.21201416850090027,34964.54790711286,89.99789149964126,133127208960.0,0.0003,129.81909656524658,152.921875,0,0,exported_float_payload,False
operand_hybrid_plain_h16,Operand hybrid + plain H16,31750,2.4631857872009277,2.959878921508789,0.334014356136322,34979.72434532996,90.03695528057851,133169152000.0,0.0003,129.81909656524658,152.921875,0,0,exported_float_payload,False
operand_hybrid_plain_h16,Operand hybrid + plain H16,31760,2.4789879322052,3.3010244369506836,0.2480686455965042,34988.41552840692,90.05932617333657,133211095040.0,0.0003,129.81909656524658,152.921875,0,0,exported_float_payload,False
operand_hybrid_plain_h16,Operand hybrid + plain H16,31770,2.4716315269470215,3.2176012992858887,0.41618263721466064,34853.923642062095,89.71314734594263,133253038080.0,0.0003,129.81909656524658,152.921875,0,0,exported_float_payload,False
operand_hybrid_plain_h16,Operand hybrid + plain H16,31780,2.4649674892425537,3.008430004119873,0.1679811328649521,34929.28117171569,89.90711578493008,133294981120.0,0.0003,129.81909656524658,152.921875,0,0,exported_float_payload,False
operand_hybrid_plain_h16,Operand hybrid + plain H16,31790,2.447955846786499,3.0316267013549805,0.19488507509231567,34944.77815142105,89.94700463182154,133336924160.0,0.0003,129.81909656524658,152.921875,0,0,exported_float_payload,False
operand_hybrid_plain_h16,Operand hybrid + plain H16,31800,2.4724228382110596,3.0174689292907715,0.22576211392879486,34909.80096644554,89.85697421281678,133378867200.0,0.0003,129.81909656524658,152.921875,0,0,exported_float_payload,False
operand_hybrid_plain_h16,Operand hybrid + plain H16,31810,2.4662904739379883,3.280506134033203,0.14873743057250977,34907.12825938334,89.85009473018104,133420810240.0,0.0003,129.81909656524658,152.921875,0,0,exported_float_payload,False
operand_hybrid_plain_h16,Operand hybrid + plain H16,31820,2.448925256729126,3.1656343936920166,0.2731679677963257,34898.44019267273,89.82773185887378,133462753280.0,0.0003,129.81909656524658,152.921875,0,0,exported_float_payload,False
operand_hybrid_plain_h16,Operand hybrid + plain H16,31830,2.4565494060516357,2.9271984100341797,0.12331459671258926,34981.1089274342,90.04051916106458,133504696320.0,0.0003,129.81909656524658,152.921875,0,0,exported_float_payload,False
operand_hybrid_plain_h16,Operand hybrid + plain H16,31840,2.4511048793792725,2.92343807220459,0.18358413875102997,34911.35358752727,89.86097062152268,133546639360.0,0.0003,129.81909656524658,152.921875,0,0,exported_float_payload,False
operand_hybrid_plain_h16,Operand hybrid + plain H16,31850,2.447375774383545,2.945892572402954,0.1945790946483612,34921.87707335235,89.88805781675826,133588582400.0,0.0003,129.81909656524658,152.921875,0,0,exported_float_payload,False
operand_hybrid_plain_h16,Operand hybrid + plain H16,31860,2.440037727355957,2.9324488639831543,0.355432391166687,34918.606971643596,89.87964065490738,133630525440.0,0.0003,129.81909656524658,152.921875,0,0,exported_float_payload,False
operand_hybrid_plain_h16,Operand hybrid + plain H16,31870,2.4779934883117676,3.679746150970459,0.2511817216873169,34905.20837519598,89.84515299522009,133672468480.0,0.0003,129.81909656524658,152.921875,0,0,exported_float_payload,False
operand_hybrid_plain_h16,Operand hybrid + plain H16,31880,2.444352865219116,2.8646669387817383,0.20352967083454132,34941.571066810924,89.93874967444187,133714411520.0,0.0003,129.81909656524658,152.921875,0,0,exported_float_payload,False
operand_hybrid_plain_h16,Operand hybrid + plain H16,31890,2.448281764984131,3.288613796234131,0.1568504124879837,34986.27337500703,90.05381232285663,133756354560.0,0.0003,129.81909656524658,152.921875,0,0,exported_float_payload,False
operand_hybrid_plain_h16,Operand hybrid + plain H16,31900,2.4050357341766357,3.1391868591308594,0.12916363775730133,34911.34483561886,89.86094809432441,133798297600.0,0.0003,129.81909656524658,152.921875,0,0,exported_float_payload,False
operand_hybrid_plain_h16,Operand hybrid + plain H16,31910,2.492661952972412,3.2109994888305664,0.26291900873184204,34889.836916084336,89.80558723526815,133840240640.0,0.0003,129.81909656524658,152.921875,0,0,exported_float_payload,False
operand_hybrid_plain_h16,Operand hybrid + plain H16,31920,2.4807658195495605,3.2754857540130615,0.2008085697889328,34963.34365972226,89.99479179629931,133882183680.0,0.0003,129.81909656524658,152.921875,0,0,exported_float_payload,False
operand_hybrid_plain_h16,Operand hybrid + plain H16,31930,2.4688210487365723,3.0634689331054688,0.16980423033237457,34966.2695048503,90.00232285012781,133924126720.0,0.0003,129.81909656524658,152.921875,0,0,exported_float_payload,False
operand_hybrid_plain_h16,Operand hybrid + plain H16,31940,2.459787607192993,2.9072861671447754,0.47911202907562256,34940.70474200201,89.93651977556365,133966069760.0,0.0003,129.81909656524658,152.921875,0,0,exported_float_payload,False
operand_hybrid_plain_h16,Operand hybrid + plain H16,31950,2.472043752670288,2.99320125579834,0.20424193143844604,34985.120990337375,90.05084611289043,134008012800.0,0.0003,129.81909656524658,152.921875,0,0,exported_float_payload,False
operand_hybrid_plain_h16,Operand hybrid + plain H16,31960,2.4707412719726562,3.195002317428589,0.2314770221710205,34903.462979167685,89.8406603885147,134049955840.0,0.0003,129.81909656524658,152.921875,0,0,exported_float_payload,False
operand_hybrid_plain_h16,Operand hybrid + plain H16,31970,2.444108486175537,3.1069703102111816,0.21259385347366333,34943.4602052453,89.9436122705863,134091898880.0,0.0003,129.81909656524658,152.921875,0,0,exported_float_payload,False
operand_hybrid_plain_h16,Operand hybrid + plain H16,31980,2.433866262435913,2.8546433448791504,0.14913149178028107,34912.42044802416,89.86371669435908,134133841920.0,0.0003,129.81909656524658,152.921875,0,0,exported_float_payload,False
operand_hybrid_plain_h16,Operand hybrid + plain H16,31990,2.4462156295776367,3.0936779975891113,0.26446589827537537,34970.73755509004,90.01382350221002,134175784960.0,0.0003,129.81909656524658,152.921875,0,0,exported_float_payload,False
operand_hybrid_plain_h16,Operand hybrid + plain H16,32000,2.457799196243286,3.9337148666381836,0.4031865894794464,34885.56364696053,89.79458794501636,134217728000.0,0.0003,129.81909656524658,152.921875,0,0,exported_float_payload,False
operand_hybrid_plain_h16,Operand hybrid + plain H16,32010,2.4490206241607666,3.0632195472717285,1.552617073059082,27499.478589256032,70.78298558149248,134259671040.0,0.0003,129.81909656524658,152.921875,0,0,exported_float_payload,False
operand_hybrid_plain_h16,Operand hybrid + plain H16,32020,2.447462320327759,2.966033935546875,0.16895727813243866,34894.50905394093,89.8176132038866,134301614080.0,0.0003,129.81909656524658,152.921875,0,0,exported_float_payload,False
operand_hybrid_plain_h16,Operand hybrid + plain H16,32030,2.4335358142852783,2.9312565326690674,0.3471430838108063,34961.3865708897,89.9897542974912,134343557120.0,0.0003,129.81909656524658,152.921875,0,0,exported_float_payload,False
operand_hybrid_plain_h16,Operand hybrid + plain H16,32040,2.447765588760376,2.907893657684326,0.2422555834054947,35007.28047988534,90.10788409723169,134385500160.0,0.0003,129.81909656524658,152.921875,0,0,exported_float_payload,False
operand_hybrid_plain_h16,Operand hybrid + plain H16,32050,2.47723650932312,2.8644866943359375,0.28280875086784363,34997.57047298334,90.08289077685619,134427443200.0,0.0003,129.81909656524658,152.921875,0,0,exported_float_payload,False
operand_hybrid_plain_h16,Operand hybrid + plain H16,32060,2.4896798133850098,2.9483859539031982,0.14161837100982666,34951.26996884323,89.96371441115429,134469386240.0,0.0003,129.81909656524658,152.921875,0,0,exported_float_payload,False
operand_hybrid_plain_h16,Operand hybrid + plain H16,32070,2.4643290042877197,3.395857810974121,0.4214915931224823,35050.48268277894,90.21908551127235,134511329280.0,0.0003,129.81909656524658,152.921875,0,0,exported_float_payload,False
operand_hybrid_plain_h16,Operand hybrid + plain H16,32080,2.44978404045105,2.9305663108825684,0.1553596705198288,34966.27487061121,90.00233666146522,134553272320.0,0.0003,129.81909656524658,152.921875,0,0,exported_float_payload,False
operand_hybrid_plain_h16,Operand hybrid + plain H16,32090,2.4424049854278564,3.1236770153045654,0.11953260749578476,34937.55091715973,89.92840190752432,134595215360.0,0.0003,129.81909656524658,152.921875,0,0,exported_float_payload,False
operand_hybrid_plain_h16,Operand hybrid + plain H16,32100,2.4374775886535645,2.8950836658477783,0.3402273654937744,34950.01767022392,89.96049102512437,134637158400.0,0.0003,129.81909656524658,152.921875,0,0,exported_float_payload,False
operand_hybrid_plain_h16,Operand hybrid + plain H16,32110,2.431501626968384,2.922840118408203,0.2955735921859741,34947.25296927892,89.95337475248334,134679101440.0,0.0003,129.81909656524658,152.921875,0,0,exported_float_payload,False
operand_hybrid_plain_h16,Operand hybrid + plain H16,32120,2.4484400749206543,2.8882949352264404,0.12807010114192963,34985.964151613756,90.05301638940223,134721044480.0,0.0003,129.81909656524658,152.921875,0,0,exported_float_payload,False
operand_hybrid_plain_h16,Operand hybrid + plain H16,32130,2.4801342487335205,2.8869547843933105,0.2709927558898926,34929.927984374975,89.90878066490183,134762987520.0,0.0003,129.81909656524658,152.921875,0,0,exported_float_payload,False
operand_hybrid_plain_h16,Operand hybrid + plain H16,32140,2.4724369049072266,2.976510524749756,0.35911303758621216,34931.42204123888,89.91262633074281,134804930560.0,0.0003,129.81909656524658,152.921875,0,0,exported_float_payload,False
operand_hybrid_plain_h16,Operand hybrid + plain H16,32150,2.462289333343506,2.9535069465637207,0.25598040223121643,34914.073810750546,89.86797240959538,134846873600.0,0.0003,129.81909656524658,152.921875,0,0,exported_float_payload,False
operand_hybrid_plain_h16,Operand hybrid + plain H16,32160,2.4902312755584717,3.1418182849884033,0.11598818004131317,34894.774813545075,89.81829726261037,134888816640.0,0.0003,129.81909656524658,152.921875,0,0,exported_float_payload,False
operand_hybrid_plain_h16,Operand hybrid + plain H16,32170,2.4582865238189697,2.8764731884002686,0.14385798573493958,35009.896853304555,90.11461857844766,134930759680.0,0.0003,129.81909656524658,152.921875,0,0,exported_float_payload,False
operand_hybrid_plain_h16,Operand hybrid + plain H16,32180,2.4882402420043945,3.0600314140319824,0.12022445350885391,35022.240433226136,90.14639065138996,134972702720.0,0.0003,129.81909656524658,152.921875,0,0,exported_float_payload,False
operand_hybrid_plain_h16,Operand hybrid + plain H16,32190,2.4756827354431152,3.0409038066864014,0.12522634863853455,34952.389642734815,89.96659642437743,135014645760.0,0.0003,129.81909656524658,152.921875,0,0,exported_float_payload,False
operand_hybrid_plain_h16,Operand hybrid + plain H16,32200,2.488435745239258,3.204383373260498,0.3207172751426697,34899.00267804683,89.82917968247509,135056588800.0,0.0003,129.81909656524658,152.921875,0,0,exported_float_payload,False
operand_hybrid_plain_h16,Operand hybrid + plain H16,32210,2.478660821914673,3.4727702140808105,0.2635970413684845,34880.784172268955,89.78228569400885,135098531840.0,0.0003,129.81909656524658,152.921875,0,0,exported_float_payload,False
operand_hybrid_plain_h16,Operand hybrid + plain H16,32220,2.4349992275238037,3.065398693084717,0.18797540664672852,9062.176967919491,23.32582196332226,135140474880.0,0.0003,129.81909656524658,152.921875,0,0,exported_float_payload,False
operand_hybrid_plain_h16,Operand hybrid + plain H16,32230,2.4644322395324707,3.584869861602783,0.2875988781452179,35217.04866677015,90.64782228186056,135182417920.0,0.0003,129.81909656524658,152.921875,0,0,exported_float_payload,False
operand_hybrid_plain_h16,Operand hybrid + plain H16,32240,2.458883762359619,2.8680527210235596,0.23601001501083374,35065.07396244479,90.25664310840465,135224360960.0,0.0003,129.81909656524658,152.921875,0,0,exported_float_payload,False
operand_hybrid_plain_h16,Operand hybrid + plain H16,32250,2.4450526237487793,2.8824756145477295,0.21037867665290833,35079.09638390411,90.29273647842078,135266304000.0,0.0003,129.81909656524658,152.921875,0,0,exported_float_payload,False
operand_hybrid_plain_h16,Operand hybrid + plain H16,32260,2.4894487857818604,3.1528849601745605,0.5136627554893494,35005.9872442109,90.1045553402227,135308247040.0,0.0003,129.81909656524658,152.921875,0,0,exported_float_payload,False
operand_hybrid_plain_h16,Operand hybrid + plain H16,32270,2.4382483959198,2.964468240737915,0.271879106760025,35012.70920623336,90.12185750612998,135350190080.0,0.0003,129.81909656524658,152.921875,0,0,exported_float_payload,False
operand_hybrid_plain_h16,Operand hybrid + plain H16,32280,2.4491584300994873,3.1449027061462402,0.1681402027606964,34975.323683153714,90.02562808372426,135392133120.0,0.0003,129.81909656524658,152.921875,0,0,exported_float_payload,False
operand_hybrid_plain_h16,Operand hybrid + plain H16,32290,2.434155225753784,2.930924654006958,0.42595985531806946,35002.38629873705,90.09528659460894,135434076160.0,0.0003,129.81909656524658,152.921875,0,0,exported_float_payload,False
operand_hybrid_plain_h16,Operand hybrid + plain H16,32300,2.4609272480010986,2.950352191925049,0.27070024609565735,34969.16104834801,90.00976561239847,135476019200.0,0.0003,129.81909656524658,152.921875,0,0,exported_float_payload,False
operand_hybrid_plain_h16,Operand hybrid + plain H16,32310,2.5181784629821777,3.0397591590881348,0.22864067554473877,34965.858066700406,90.00126381838884,135517962240.0,0.0003,129.81909656524658,152.921875,0,0,exported_float_payload,False
operand_hybrid_plain_h16,Operand hybrid + plain H16,32320,2.454159736633301,2.8825411796569824,0.255683571100235,34927.544227119644,89.90264493200469,135559905280.0,0.0003,129.81909656524658,152.921875,0,0,exported_float_payload,False
operand_hybrid_plain_h16,Operand hybrid + plain H16,32330,2.4662420749664307,2.89296293258667,0.1974380910396576,34948.47149334935,89.95651120365017,135601848320.0,0.0003,129.81909656524658,152.921875,0,0,exported_float_payload,False
operand_hybrid_plain_h16,Operand hybrid + plain H16,32340,2.458876371383667,2.8188676834106445,0.1547650396823883,34947.9350965445,89.9551305313883,135643791360.0,0.0003,129.81909656524658,152.921875,0,0,exported_float_payload,False
operand_hybrid_plain_h16,Operand hybrid + plain H16,32350,2.451331853866577,3.0004706382751465,0.2737227976322174,34972.29524288189,90.0178329525039,135685734400.0,0.0003,129.81909656524658,152.921875,0,0,exported_float_payload,False
operand_hybrid_plain_h16,Operand hybrid + plain H16,32360,2.4838101863861084,3.6547226905822754,0.3230920732021332,34966.93758384831,90.0040424691355,135727677440.0,0.0003,129.81909656524658,152.921875,0,0,exported_float_payload,False
operand_hybrid_plain_h16,Operand hybrid + plain H16,32370,2.457335948944092,2.946474313735962,0.2914411127567291,34976.374435161175,90.02833269370267,135769620480.0,0.0003,129.81909656524658,152.921875,0,0,exported_float_payload,False
operand_hybrid_plain_h16,Operand hybrid + plain H16,32380,2.4183456897735596,2.888061285018921,0.20328859984874725,34998.470980450846,90.08520866106194,135811563520.0,0.0003,129.81909656524658,152.921875,0,0,exported_float_payload,False
operand_hybrid_plain_h16,Operand hybrid + plain H16,32390,2.448028326034546,2.9632363319396973,0.2778281569480896,34896.73813913822,89.82335081468776,135853506560.0,0.0003,129.81909656524658,152.921875,0,0,exported_float_payload,False
operand_hybrid_plain_h16,Operand hybrid + plain H16,32400,2.429626941680908,2.9613850116729736,0.5849778652191162,34981.98113527175,90.0427642027147,135895449600.0,0.0003,129.81909656524658,152.921875,0,0,exported_float_payload,False
operand_hybrid_plain_h16,Operand hybrid + plain H16,32410,2.466897964477539,3.1212470531463623,0.16485843062400818,34963.825427550924,89.99603185491203,135937392640.0,0.0003,129.81909656524658,152.921875,0,0,exported_float_payload,False
operand_hybrid_plain_h16,Operand hybrid + plain H16,32420,2.4522414207458496,3.0156314373016357,0.1269749402999878,35087.30989964274,90.313877867128,135979335680.0,0.0003,129.81909656524658,152.921875,0,0,exported_float_payload,False
operand_hybrid_plain_h16,Operand hybrid + plain H16,32430,2.4527697563171387,2.945326805114746,0.1283881664276123,35005.22858780628,90.10260257718485,136021278720.0,0.0003,129.81909656524658,152.921875,0,0,exported_float_payload,False
operand_hybrid_plain_h16,Operand hybrid + plain H16,32440,2.452998399734497,3.1565048694610596,0.10395224392414093,34994.14414978925,90.07407150472136,136063221760.0,0.0003,129.81909656524658,152.921875,0,0,exported_float_payload,False
operand_hybrid_plain_h16,Operand hybrid + plain H16,32450,2.4810752868652344,2.9593701362609863,0.15650679171085358,34920.71065768985,89.88505549135952,136105164800.0,0.0003,129.81909656524658,152.921875,0,0,exported_float_payload,False
operand_hybrid_plain_h16,Operand hybrid + plain H16,32460,2.430602550506592,2.9401166439056396,0.19530430436134338,34978.19116843827,90.03300892074243,136147107840.0,0.0003,129.81909656524658,152.921875,0,0,exported_float_payload,False
operand_hybrid_plain_h16,Operand hybrid + plain H16,32470,2.4632365703582764,2.8900699615478516,0.3165988326072693,35047.86396632533,90.21234499914314,136189050880.0,0.0003,129.81909656524658,152.921875,0,0,exported_float_payload,False
operand_hybrid_plain_h16,Operand hybrid + plain H16,32480,2.4360690116882324,2.9296717643737793,0.16382168233394623,34967.455179092525,90.00537474663994,136230993920.0,0.0003,129.81909656524658,152.921875,0,0,exported_float_payload,False
operand_hybrid_plain_h16,Operand hybrid + plain H16,32490,2.477078676223755,3.0449814796447754,0.20974425971508026,34965.204395259345,89.99958128408049,136272936960.0,0.0003,129.81909656524658,152.921875,0,0,exported_float_payload,False
operand_hybrid_plain_h16,Operand hybrid + plain H16,32500,2.4479117393493652,2.9178662300109863,0.1227770671248436,34942.752644358356,89.94179102616177,136314880000.0,0.0003,129.81909656524658,152.921875,0,0,exported_float_payload,False
operand_hybrid_plain_h16,Operand hybrid + plain H16,32510,2.438422203063965,2.922067165374756,0.19853349030017853,34930.01972109236,89.90901679296958,136356823040.0,0.0003,129.81909656524658,152.921875,0,0,exported_float_payload,False
operand_hybrid_plain_h16,Operand hybrid + plain H16,32520,2.4596827030181885,3.0349159240722656,0.28643998503685,35037.58677989262,90.18589177252201,136398766080.0,0.0003,129.81909656524658,152.921875,0,0,exported_float_payload,False
operand_hybrid_plain_h16,Operand hybrid + plain H16,32530,2.4677717685699463,2.9096903800964355,0.28920605778694153,34978.70518588331,90.03433198907925,136440709120.0,0.0003,129.81909656524658,152.921875,0,0,exported_float_payload,False
operand_hybrid_plain_h16,Operand hybrid + plain H16,32540,2.4471333026885986,2.8962488174438477,0.15034212172031403,34979.27777073021,90.03580580847661,136482652160.0,0.0003,129.81909656524658,152.921875,0,0,exported_float_payload,False
operand_hybrid_plain_h16,Operand hybrid + plain H16,32550,2.4646403789520264,2.972295045852661,0.12070358544588089,34996.878617495604,90.08110995774524,136524595200.0,0.0003,129.81909656524658,152.921875,0,0,exported_float_payload,False
operand_hybrid_plain_h16,Operand hybrid + plain H16,32560,2.4455718994140625,3.1341726779937744,0.2757788300514221,34951.49229316046,89.96428666851145,136566538240.0,0.0003,129.81909656524658,152.921875,0,0,exported_float_payload,False
operand_hybrid_plain_h16,Operand hybrid + plain H16,32570,2.454237222671509,3.2057416439056396,0.16221144795417786,35032.261070429035,90.17218352656569,136608481280.0,0.0003,129.81909656524658,152.921875,0,0,exported_float_payload,False
operand_hybrid_plain_h16,Operand hybrid + plain H16,32580,2.4475252628326416,2.964508295059204,0.13212309777736664,34901.02892076402,89.83439518169155,136650424320.0,0.0003,129.81909656524658,152.921875,0,0,exported_float_payload,False
operand_hybrid_plain_h16,Operand hybrid + plain H16,32590,2.4627199172973633,3.276852607727051,0.2593899071216583,34940.62580106315,89.93631658351697,136692367360.0,0.0003,129.81909656524658,152.921875,0,0,exported_float_payload,False
operand_hybrid_plain_h16,Operand hybrid + plain H16,32600,2.468419075012207,2.9059576988220215,0.1928456872701645,34981.71259838919,90.04207299534417,136734310400.0,0.0003,129.81909656524658,152.921875,0,0,exported_float_payload,False
operand_hybrid_plain_h16,Operand hybrid + plain H16,32610,2.4738101959228516,3.1366448402404785,0.32491832971572876,34961.73881878529,89.99066097496271,136776253440.0,0.0003,129.81909656524658,152.921875,0,0,exported_float_payload,False
operand_hybrid_plain_h16,Operand hybrid + plain H16,32620,2.4572548866271973,2.8926429748535156,0.19879589974880219,34963.942429503346,89.9963330150771,136818196480.0,0.0003,129.81909656524658,152.921875,0,0,exported_float_payload,False
operand_hybrid_plain_h16,Operand hybrid + plain H16,32630,2.4542315006256104,2.8873209953308105,0.1568489819765091,34997.88992493275,90.08371303836402,136860139520.0,0.0003,129.81909656524658,152.921875,0,0,exported_float_payload,False
operand_hybrid_plain_h16,Operand hybrid + plain H16,32640,2.455591917037964,2.900636672973633,0.23248633742332458,34959.93683347149,89.98602270881992,136902082560.0,0.0003,129.81909656524658,152.921875,0,0,exported_float_payload,False
operand_hybrid_plain_h16,Operand hybrid + plain H16,32650,2.403071165084839,2.85042405128479,0.21825101971626282,34919.652372317556,89.8823314906842,136944025600.0,0.0003,129.81909656524658,152.921875,0,0,exported_float_payload,False
operand_hybrid_plain_h16,Operand hybrid + plain H16,32660,2.4645676612854004,3.1310486793518066,0.13853566348552704,34996.785404019814,90.08087002853745,136985968640.0,0.0003,129.81909656524658,152.921875,0,0,exported_float_payload,False
operand_hybrid_plain_h16,Operand hybrid + plain H16,32670,2.470724582672119,3.0192813873291016,0.33608463406562805,34949.09706550856,89.95812141109398,137027911680.0,0.0003,129.81909656524658,152.921875,0,0,exported_float_payload,False
operand_hybrid_plain_h16,Operand hybrid + plain H16,32680,2.4444997310638428,3.013546943664551,0.1798933893442154,34951.69354556829,89.96480468728898,137069854720.0,0.0003,129.81909656524658,152.921875,0,0,exported_float_payload,False
operand_hybrid_plain_h16,Operand hybrid + plain H16,32690,2.4545493125915527,2.996535539627075,0.3362504541873932,34929.91887681168,89.90875722225657,137111797760.0,0.0003,129.81909656524658,152.921875,0,0,exported_float_payload,False
operand_hybrid_plain_h16,Operand hybrid + plain H16,32700,2.4616782665252686,2.9453625679016113,0.19458621740341187,34975.8599301348,90.02700837034341,137153740800.0,0.0003,129.89795398712158,152.921875,0,0,exported_float_payload,False
operand_hybrid_plain_h16,Operand hybrid + plain H16,32710,2.4968788623809814,3.07381010055542,0.16075696051120758,34940.516795851494,89.93603600676713,137195683840.0,0.0003,129.81909656524658,152.921875,0,0,exported_float_payload,False
operand_hybrid_plain_h16,Operand hybrid + plain H16,32720,2.4116265773773193,2.8673911094665527,0.11698155850172043,34939.35039418341,89.93303371738966,137237626880.0,0.0003,129.81909656524658,152.921875,0,0,exported_float_payload,False
operand_hybrid_plain_h16,Operand hybrid + plain H16,32730,2.502270221710205,3.810816764831543,0.27052998542785645,34976.01663936174,90.02741173606232,137279569920.0,0.0003,129.81909656524658,152.921875,0,0,exported_float_payload,False
operand_hybrid_plain_h16,Operand hybrid + plain H16,32740,2.493100881576538,3.137310028076172,0.11517501622438431,34966.240077027796,90.00224710363214,137321512960.0,0.0003,129.81909656524658,152.921875,0,0,exported_float_payload,False
operand_hybrid_plain_h16,Operand hybrid + plain H16,32750,2.479870557785034,2.9390103816986084,0.20278476178646088,34999.96426573372,90.08905234087221,137363456000.0,0.0003,129.81909656524658,152.921875,0,0,exported_float_payload,False
operand_hybrid_plain_h16,Operand hybrid + plain H16,32760,2.483935594558716,3.3308000564575195,0.2198863923549652,34945.2852394574,89.94830986402981,137405399040.0,0.0003,129.81909656524658,152.921875,0,0,exported_float_payload,False
operand_hybrid_plain_h16,Operand hybrid + plain H16,32770,2.4697394371032715,2.905193328857422,0.17983278632164001,34951.32407894745,89.96385368923966,137447342080.0,0.0003,129.81909656524658,152.921875,0,0,exported_float_payload,False
operand_hybrid_plain_h16,Operand hybrid + plain H16,32780,2.4668967723846436,2.8397459983825684,0.13013377785682678,34954.93020493591,89.97313576937138,137489285120.0,0.0003,129.81909656524658,152.921875,0,0,exported_float_payload,False
operand_hybrid_plain_h16,Operand hybrid + plain H16,32790,2.4465153217315674,2.8526525497436523,0.2576366066932678,34930.17824851381,89.90942483867673,137531228160.0,0.0003,129.81909656524658,152.921875,0,0,exported_float_payload,False
operand_hybrid_plain_h16,Operand hybrid + plain H16,32800,2.480581045150757,2.9928178787231445,0.3134016692638397,34905.137943838694,89.84497170662836,137573171200.0,0.0003,129.81909656524658,152.921875,0,0,exported_float_payload,False
operand_hybrid_plain_h16,Operand hybrid + plain H16,32810,2.468010425567627,2.983957290649414,0.15920765697956085,35027.41771920091,90.15971685891475,137615114240.0,0.0003,129.81909656524658,152.921875,0,0,exported_float_payload,False
operand_hybrid_plain_h16,Operand hybrid + plain H16,32820,2.465240001678467,2.8828160762786865,0.3764784336090088,34960.45633115879,89.98735988316635,137657057280.0,0.0003,129.89795398712158,152.921875,0,0,exported_float_payload,False
operand_hybrid_plain_h16,Operand hybrid + plain H16,32830,2.4616150856018066,2.8738577365875244,0.186122864484787,34986.333562974076,90.05396724521233,137699000320.0,0.0003,129.81909656524658,152.921875,0,0,exported_float_payload,False
operand_hybrid_plain_h16,Operand hybrid + plain H16,32840,2.4638442993164062,3.1687464714050293,0.18916459381580353,35003.05435044195,90.09700614336481,137740943360.0,0.0003,129.89795398712158,152.921875,0,0,exported_float_payload,False
operand_hybrid_plain_h16,Operand hybrid + plain H16,32850,2.4440152645111084,2.9784107208251953,0.2659454941749573,34948.14863431881,89.9556801723988,137782886400.0,0.0003,129.81909656524658,152.921875,0,0,exported_float_payload,False
operand_hybrid_plain_h16,Operand hybrid + plain H16,32860,2.5015835762023926,3.183732032775879,1.3449738025665283,34968.18581496756,90.0072553855197,137824829440.0,0.0003,129.81909656524658,152.921875,0,0,exported_float_payload,False
operand_hybrid_plain_h16,Operand hybrid + plain H16,32870,2.4662857055664062,2.9765982627868652,0.22884264588356018,34897.88335232322,89.82629856542776,137866772480.0,0.0003,129.89795398712158,152.921875,0,0,exported_float_payload,False
operand_hybrid_plain_h16,Operand hybrid + plain H16,32880,2.471153497695923,3.5545654296875,0.13971345126628876,34940.76107915946,89.9366647860296,137908715520.0,0.0003,129.81909656524658,152.921875,0,0,exported_float_payload,False
operand_hybrid_plain_h16,Operand hybrid + plain H16,32890,2.4572246074676514,3.0222153663635254,0.5996427536010742,34951.63271656603,89.96464811492432,137950658560.0,0.0003,129.81909656524658,152.921875,0,0,exported_float_payload,False
operand_hybrid_plain_h16,Operand hybrid + plain H16,32900,2.5052077770233154,3.135669708251953,0.23912563920021057,34905.37343915102,89.84557786580488,137992601600.0,0.0003,129.81909656524658,152.921875,0,0,exported_float_payload,False
operand_hybrid_plain_h16,Operand hybrid + plain H16,32910,2.438819169998169,2.8890738487243652,0.18901483714580536,34940.941404740086,89.93712893966553,138034544640.0,0.0003,129.81909656524658,152.921875,0,0,exported_float_payload,False
operand_hybrid_plain_h16,Operand hybrid + plain H16,32920,2.4616646766662598,3.2360284328460693,0.15946246683597565,34964.47754944801,89.99771040073206,138076487680.0,0.0003,129.81909656524658,152.921875,0,0,exported_float_payload,False
operand_hybrid_plain_h16,Operand hybrid + plain H16,32930,2.442178964614868,2.847630023956299,0.19353795051574707,34977.81369096953,90.03203730296646,138118430720.0,0.0003,129.89795398712158,152.921875,0,0,exported_float_payload,False
operand_hybrid_plain_h16,Operand hybrid + plain H16,32940,2.463285207748413,3.184390068054199,0.2446027398109436,35013.405200852896,90.12364897926501,138160373760.0,0.0003,129.81909656524658,152.921875,0,0,exported_float_payload,False
operand_hybrid_plain_h16,Operand hybrid + plain H16,32950,2.4723312854766846,2.9567227363586426,0.13864269852638245,34939.93034391482,89.9345264938197,138202316800.0,0.0003,129.81909656524658,152.921875,0,0,exported_float_payload,False
operand_hybrid_plain_h16,Operand hybrid + plain H16,32960,2.4457883834838867,2.9175524711608887,0.2286083996295929,34912.768183870234,89.86461175792542,138244259840.0,0.0003,129.89795398712158,152.921875,0,0,exported_float_payload,False
operand_hybrid_plain_h16,Operand hybrid + plain H16,32970,2.468085289001465,2.9653708934783936,0.19218499958515167,34969.194671711135,90.00985215811312,138286202880.0,0.0003,129.81909656524658,152.921875,0,0,exported_float_payload,False
operand_hybrid_plain_h16,Operand hybrid + plain H16,32980,2.4374711513519287,2.9752423763275146,0.18367105722427368,34982.15665266446,90.04321598019247,138328145920.0,0.0003,129.81909656524658,152.921875,0,0,exported_float_payload,False
operand_hybrid_plain_h16,Operand hybrid + plain H16,32990,2.412259817123413,2.8772759437561035,0.30185845494270325,34957.08374250631,89.9786789224279,138370088960.0,0.0003,129.81909656524658,152.921875,0,0,exported_float_payload,False
operand_hybrid_plain_h16,Operand hybrid + plain H16,33000,2.4768197536468506,3.346872329711914,0.356221467256546,34947.65887671483,89.95441954829975,138412032000.0,0.0003,129.81909656524658,152.921875,0,0,exported_float_payload,False
operand_hybrid_plain_h16,Operand hybrid + plain H16,33010,2.466944694519043,2.9776675701141357,0.21162372827529907,27694.603190809863,71.28523153548578,138453975040.0,0.0003,129.81909656524658,152.921875,0,0,exported_float_payload,False
operand_hybrid_plain_h16,Operand hybrid + plain H16,33020,2.4684624671936035,3.1538333892822266,0.22767287492752075,34881.43241862301,89.78395426427585,138495918080.0,0.0003,129.81909656524658,152.921875,0,0,exported_float_payload,False
operand_hybrid_plain_h16,Operand hybrid + plain H16,33030,2.4426872730255127,2.948781967163086,0.13777944445610046,34966.00531733055,90.00164283791084,138537861120.0,0.0003,129.81909656524658,152.921875,0,0,exported_float_payload,False
operand_hybrid_plain_h16,Operand hybrid + plain H16,33040,2.454277276992798,3.041882038116455,0.3355763256549835,34909.03438462057,89.85500104994073,138579804160.0,0.0003,129.81909656524658,152.921875,0,0,exported_float_payload,False
operand_hybrid_plain_h16,Operand hybrid + plain H16,33050,2.4514358043670654,2.9095711708068848,0.22700491547584534,34898.03648131256,89.82669271570265,138621747200.0,0.0003,129.81909656524658,152.921875,0,0,exported_float_payload,False
operand_hybrid_plain_h16,Operand hybrid + plain H16,33060,2.464318037033081,3.082470417022705,0.3540594279766083,34866.07143028566,89.74441545584095,138663690240.0,0.0003,129.81909656524658,152.921875,0,0,exported_float_payload,False
operand_hybrid_plain_h16,Operand hybrid + plain H16,33070,2.4373602867126465,2.9179043769836426,0.2153991460800171,34867.95159170152,89.7492549453592,138705633280.0,0.0003,129.81909656524658,152.921875,0,0,exported_float_payload,False
operand_hybrid_plain_h16,Operand hybrid + plain H16,33080,2.4940402507781982,3.078428030014038,0.6114575266838074,34985.92337411582,90.05291142911946,138747576320.0,0.0003,129.89795398712158,152.921875,0,0,exported_float_payload,False
operand_hybrid_plain_h16,Operand hybrid + plain H16,33090,2.489966869354248,3.017198085784912,0.2471216470003128,34909.378346908095,89.85588640045961,138789519360.0,0.0003,129.81909656524658,152.921875,0,0,exported_float_payload,False
operand_hybrid_plain_h16,Operand hybrid + plain H16,33100,2.454441785812378,2.8942933082580566,0.22931869328022003,34915.06525074733,89.87052435190837,138831462400.0,0.0003,129.81909656524658,152.921875,0,0,exported_float_payload,False
operand_hybrid_plain_h16,Operand hybrid + plain H16,33110,2.449033737182617,3.1632328033447266,0.10329857468605042,34940.689917194955,89.93648161687271,138873405440.0,0.0003,129.81909656524658,152.921875,0,0,exported_float_payload,False
operand_hybrid_plain_h16,Operand hybrid + plain H16,33120,2.4635729789733887,2.866990327835083,0.27893155813217163,34989.50155928508,90.06212159026569,138915348480.0,0.0003,129.81909656524658,152.921875,0,0,exported_float_payload,False
operand_hybrid_plain_h16,Operand hybrid + plain H16,33130,2.4475669860839844,2.855867385864258,0.1282031536102295,34942.837139572424,89.94200851477703,138957291520.0,0.0003,129.81909656524658,152.921875,0,0,exported_float_payload,False
operand_hybrid_plain_h16,Operand hybrid + plain H16,33140,2.4688870906829834,2.929007053375244,0.2014978677034378,34951.408906399796,89.96407203302815,138999234560.0,0.0003,129.81909656524658,152.921875,0,0,exported_float_payload,False
operand_hybrid_plain_h16,Operand hybrid + plain H16,33150,2.453944206237793,3.0827860832214355,0.17648695409297943,35009.63891100788,90.11395464128219,139041177600.0,0.0003,129.89795398712158,152.921875,0,0,exported_float_payload,False
operand_hybrid_plain_h16,Operand hybrid + plain H16,33160,2.4650373458862305,2.8788673877716064,0.16861626505851746,34982.973781822126,90.04531925066713,139083120640.0,0.0003,129.81909656524658,152.921875,0,0,exported_float_payload,False
operand_hybrid_plain_h16,Operand hybrid + plain H16,33170,2.4492249488830566,3.014122247695923,0.3844589591026306,34955.36758918252,89.97426158572898,139125063680.0,0.0003,129.81909656524658,152.921875,0,0,exported_float_payload,False
operand_hybrid_plain_h16,Operand hybrid + plain H16,33180,2.4630579948425293,3.7023351192474365,0.15832775831222534,34959.36687156503,89.98455564080712,139167006720.0,0.0003,129.81909656524658,152.921875,0,0,exported_float_payload,False
operand_hybrid_plain_h16,Operand hybrid + plain H16,33190,2.432504177093506,2.965562343597412,0.23844924569129944,34744.21500495051,89.43075999617416,139208949760.0,0.0003,129.81909656524658,152.921875,0,0,exported_float_payload,False
operand_hybrid_plain_h16,Operand hybrid + plain H16,33200,2.4788570404052734,3.073580265045166,0.14099819958209991,34996.50729971895,90.08015419486611,139250892800.0,0.0003,129.81909656524658,152.921875,0,0,exported_float_payload,False
operand_hybrid_plain_h16,Operand hybrid + plain H16,33210,2.4617257118225098,2.9138705730438232,0.08402898907661438,34929.457406207956,89.90756940820461,139292835840.0,0.0003,129.81909656524658,152.921875,0,0,exported_float_payload,False
operand_hybrid_plain_h16,Operand hybrid + plain H16,33220,2.462174654006958,3.014127731323242,0.3052090108394623,34926.72235890887,89.9005294633232,139334778880.0,0.0003,129.81909656524658,152.921875,0,0,exported_float_payload,False
operand_hybrid_plain_h16,Operand hybrid + plain H16,33230,2.4139583110809326,2.8266525268554688,0.10244793444871902,34972.85150259268,90.01926475140003,139376721920.0,0.0003,129.81909656524658,152.921875,0,0,exported_float_payload,False
operand_hybrid_plain_h16,Operand hybrid + plain H16,33240,2.463441848754883,3.9587879180908203,0.17556537687778473,34941.25098784487,89.93792579900854,139418664960.0,0.0003,129.81909656524658,152.921875,0,0,exported_float_payload,False
operand_hybrid_plain_h16,Operand hybrid + plain H16,33250,2.474189281463623,4.231742858886719,0.16989406943321228,34946.98790599631,89.95269248607418,139460608000.0,0.0003,129.89795398712158,152.921875,0,0,exported_float_payload,False
operand_hybrid_plain_h16,Operand hybrid + plain H16,33260,2.4503860473632812,2.8900201320648193,0.16848225891590118,34961.794959112274,89.99080547879184,139502551040.0,0.0003,129.81909656524658,152.921875,0,0,exported_float_payload,False
operand_hybrid_plain_h16,Operand hybrid + plain H16,33270,2.4764227867126465,4.115126132965088,0.19425784051418304,34966.5268666768,90.00298529317726,139544494080.0,0.0003,129.81909656524658,152.921875,0,0,exported_float_payload,False
operand_hybrid_plain_h16,Operand hybrid + plain H16,33280,2.4747610092163086,3.452425479888916,0.13963820040225983,34983.56378619265,90.04683790749243,139586437120.0,0.0003,129.81909656524658,152.921875,0,0,exported_float_payload,False
operand_hybrid_plain_h16,Operand hybrid + plain H16,33290,2.463238000869751,3.063816785812378,0.1947285383939743,34942.12836312016,89.94018414151707,139628380160.0,0.0003,129.81909656524658,152.921875,0,0,exported_float_payload,False
operand_hybrid_plain_h16,Operand hybrid + plain H16,33300,2.452423334121704,3.197627544403076,0.10809360444545746,34957.919974120836,89.9808313621595,139670323200.0,0.0003,129.81909656524658,152.921875,0,0,exported_float_payload,False
operand_hybrid_plain_h16,Operand hybrid + plain H16,33310,2.441521167755127,2.9151294231414795,0.1935047060251236,34931.89204287961,89.91383610347546,139712266240.0,0.0003,129.81909656524658,152.921875,0,0,exported_float_payload,False
operand_hybrid_plain_h16,Operand hybrid + plain H16,33320,2.4648044109344482,2.9069533348083496,0.2763306200504303,34963.190589405436,89.99439779704606,139754209280.0,0.0003,129.81909656524658,152.921875,0,0,exported_float_payload,False
operand_hybrid_plain_h16,Operand hybrid + plain H16,33330,2.4513351917266846,3.028900384902954,0.12908560037612915,34930.573636715344,89.91044255824103,139796152320.0,0.0003,129.81909656524658,152.921875,0,0,exported_float_payload,False
operand_hybrid_plain_h16,Operand hybrid + plain H16,33340,2.4544382095336914,2.952449321746826,0.35182732343673706,34896.76419271457,89.82341787595631,139838095360.0,0.0003,129.81909656524658,152.921875,0,0,exported_float_payload,False
operand_hybrid_plain_h16,Operand hybrid + plain H16,33350,2.459862232208252,2.8682684898376465,0.1136922687292099,34911.96888037636,89.86255437027356,139880038400.0,0.0003,129.81909656524658,152.921875,0,0,exported_float_payload,False
operand_hybrid_plain_h16,Operand hybrid + plain H16,33360,2.4549765586853027,2.9963440895080566,0.209802508354187,35012.18953309441,90.12051988017531,139921981440.0,0.0003,129.81909656524658,152.921875,0,0,exported_float_payload,False
operand_hybrid_plain_h16,Operand hybrid + plain H16,33370,2.4346299171447754,2.859966516494751,0.3635551631450653,34926.91613359215,89.90102823462057,139963924480.0,0.0003,129.81909656524658,152.921875,0,0,exported_float_payload,False
operand_hybrid_plain_h16,Operand hybrid + plain H16,33380,2.4557790756225586,3.139573574066162,0.247383713722229,34950.54025232883,89.96183613868632,140005867520.0,0.0003,129.81909656524658,152.921875,0,0,exported_float_payload,False
operand_hybrid_plain_h16,Operand hybrid + plain H16,33390,2.503427505493164,3.2445290088653564,0.1224692314863205,34968.85278966465,90.0089721620838,140047810560.0,0.0003,129.81909656524658,152.921875,0,0,exported_float_payload,False
operand_hybrid_plain_h16,Operand hybrid + plain H16,33400,2.41686749458313,2.8613100051879883,0.24712999165058136,34969.86616524569,90.01158056605439,140089753600.0,0.0003,129.89795398712158,152.921875,0,0,exported_float_payload,False
operand_hybrid_plain_h16,Operand hybrid + plain H16,33410,2.450317144393921,3.1085426807403564,0.12322790920734406,34875.43827335619,89.76852548090392,140131696640.0,0.0003,129.81909656524658,152.921875,0,0,exported_float_payload,False
operand_hybrid_plain_h16,Operand hybrid + plain H16,33420,2.4591612815856934,2.854525566101074,0.13969576358795166,34945.671818816176,89.94930490984821,140173639680.0,0.0003,129.81909656524658,152.921875,0,0,exported_float_payload,False
operand_hybrid_plain_h16,Operand hybrid + plain H16,33430,2.462857961654663,2.9224019050598145,0.11362358927726746,34951.6637360453,89.96472795830559,140215582720.0,0.0003,129.89795398712158,152.921875,0,0,exported_float_payload,False
operand_hybrid_plain_h16,Operand hybrid + plain H16,33440,2.4514107704162598,2.9342093467712402,0.21596385538578033,34995.89528571004,90.07857888576969,140257525760.0,0.0003,129.81909656524658,152.921875,0,0,exported_float_payload,False
operand_hybrid_plain_h16,Operand hybrid + plain H16,33450,2.45752215385437,3.322662353515625,0.307017058134079,34960.79220426789,89.98822441233773,140299468800.0,0.0003,129.81909656524658,152.921875,0,0,exported_float_payload,False
operand_hybrid_plain_h16,Operand hybrid + plain H16,33460,2.4557926654815674,2.915740489959717,0.2273266315460205,34915.2023880061,89.87087733985973,140341411840.0,0.0003,129.81909656524658,152.921875,0,0,exported_float_payload,False
operand_hybrid_plain_h16,Operand hybrid + plain H16,33470,2.460707664489746,3.504558563232422,0.1442180871963501,34983.15096572008,90.04577531768868,140383354880.0,0.0003,129.81909656524658,152.921875,0,0,exported_float_payload,False
operand_hybrid_plain_h16,Operand hybrid + plain H16,33480,2.4818060398101807,3.457031488418579,0.447260320186615,34907.66266809566,89.85147028514132,140425297920.0,0.0003,129.81909656524658,152.921875,0,0,exported_float_payload,False
operand_hybrid_plain_h16,Operand hybrid + plain H16,33490,2.429161548614502,2.874905824661255,0.17177706956863403,34972.245572901564,90.01770510318886,140467240960.0,0.0003,129.81909656524658,152.921875,0,0,exported_float_payload,False
operand_hybrid_plain_h16,Operand hybrid + plain H16,33500,2.444580554962158,2.9997220039367676,0.1419800966978073,34974.70544613741,90.02403675675895,140509184000.0,0.0003,129.81909656524658,152.921875,0,0,exported_float_payload,False
operand_hybrid_plain_h16,Operand hybrid + plain H16,33510,2.4633278846740723,2.9727234840393066,0.11751919984817505,34981.67872857384,90.04198581526751,140551127040.0,0.0003,129.81909656524658,152.921875,0,0,exported_float_payload,False
operand_hybrid_plain_h16,Operand hybrid + plain H16,33520,2.4669883251190186,3.7823550701141357,0.1826910525560379,34890.765767827106,89.80797807694547,140593070080.0,0.0003,129.81909656524658,152.921875,0,0,exported_float_payload,False
operand_hybrid_plain_h16,Operand hybrid + plain H16,33530,2.4030754566192627,2.9048826694488525,0.11530375480651855,34905.5704760584,89.84608503398731,140635013120.0,0.0003,129.81909656524658,152.921875,0,0,exported_float_payload,False
operand_hybrid_plain_h16,Operand hybrid + plain H16,33540,2.4689273834228516,3.062194347381592,0.1086341068148613,34930.28677959351,89.90970419502251,140676956160.0,0.0003,129.89795398712158,152.921875,0,0,exported_float_payload,False
operand_hybrid_plain_h16,Operand hybrid + plain H16,33550,2.4712696075439453,2.975057601928711,0.22957223653793335,34957.93855212123,89.98087918147833,140718899200.0,0.0003,129.81909656524658,152.921875,0,0,exported_float_payload,False
operand_hybrid_plain_h16,Operand hybrid + plain H16,33560,2.4489481449127197,2.873819351196289,0.14814122021198273,34923.03428206383,89.89103644369018,140760842240.0,0.0003,129.89795398712158,152.921875,0,0,exported_float_payload,False
operand_hybrid_plain_h16,Operand hybrid + plain H16,33570,2.4287688732147217,2.9767873287200928,0.10632999986410141,34868.5039731129,89.75067676160747,140802785280.0,0.0003,129.81909656524658,152.921875,0,0,exported_float_payload,False
operand_hybrid_plain_h16,Operand hybrid + plain H16,33580,2.4585886001586914,2.9180757999420166,0.273097962141037,34931.34034745383,89.91241605293735,140844728320.0,0.0003,129.81909656524658,152.921875,0,0,exported_float_payload,False
operand_hybrid_plain_h16,Operand hybrid + plain H16,33590,2.4500572681427,3.0021464824676514,0.23133376240730286,34957.53638312676,89.97984400831879,140886671360.0,0.0003,129.81909656524658,152.921875,0,0,exported_float_payload,False
operand_hybrid_plain_h16,Operand hybrid + plain H16,33600,2.4617700576782227,3.0994787216186523,0.23612381517887115,34886.49554718164,89.79698663340241,140928614400.0,0.0003,129.81909656524658,152.921875,0,0,exported_float_payload,False
operand_hybrid_plain_h16,Operand hybrid + plain H16,33610,2.452253818511963,2.8411483764648438,0.2111147791147232,34896.50836817661,89.82275938985,140970557440.0,0.0003,129.81909656524658,152.921875,0,0,exported_float_payload,False
operand_hybrid_plain_h16,Operand hybrid + plain H16,33620,2.47062349319458,2.972085475921631,0.30458635091781616,34874.84804313239,89.76700624273782,141012500480.0,0.0003,129.81909656524658,152.921875,0,0,exported_float_payload,False
operand_hybrid_plain_h16,Operand hybrid + plain H16,33630,2.4514405727386475,3.0430219173431396,0.1751709133386612,34940.800091538964,89.93676520294066,141054443520.0,0.0003,129.89795398712158,152.921875,0,0,exported_float_payload,False
operand_hybrid_plain_h16,Operand hybrid + plain H16,33640,2.476003885269165,2.9774372577667236,0.3882867693901062,34940.83794722798,89.93686264255868,141096386560.0,0.0003,129.89795398712158,152.921875,0,0,exported_float_payload,False
operand_hybrid_plain_h16,Operand hybrid + plain H16,33650,2.4345202445983887,2.9066200256347656,0.18055735528469086,34990.08563765003,90.0636249936975,141138329600.0,0.0003,129.81909656524658,152.921875,0,0,exported_float_payload,False
operand_hybrid_plain_h16,Operand hybrid + plain H16,33660,2.454704761505127,3.425511598587036,0.1960834413766861,34966.01603327198,90.0016704204821,141180272640.0,0.0003,129.81909656524658,152.921875,0,0,exported_float_payload,False
operand_hybrid_plain_h16,Operand hybrid + plain H16,33670,2.4659476280212402,2.996778964996338,0.2828371226787567,34915.33045280418,89.87120697551904,141222215680.0,0.0003,129.81909656524658,152.921875,0,0,exported_float_payload,False
operand_hybrid_plain_h16,Operand hybrid + plain H16,33680,2.4429433345794678,2.950237274169922,0.11534597724676132,34959.66454731885,89.98532185091986,141264158720.0,0.0003,129.81909656524658,152.921875,0,0,exported_float_payload,False
operand_hybrid_plain_h16,Operand hybrid + plain H16,33690,2.481191635131836,3.441746234893799,0.08610326051712036,34945.17437347767,89.94802449770843,141306101760.0,0.0003,129.81909656524658,152.921875,0,0,exported_float_payload,False
operand_hybrid_plain_h16,Operand hybrid + plain H16,33700,2.4540627002716064,3.103714942932129,0.33904656767845154,34896.33391165518,89.82231034302896,141348044800.0,0.0003,129.81909656524658,152.921875,0,0,exported_float_payload,False
operand_hybrid_plain_h16,Operand hybrid + plain H16,33710,2.442911148071289,2.9929933547973633,0.16535189747810364,34932.07637542369,89.91431057093736,141389987840.0,0.0003,129.81909656524658,152.921875,0,0,exported_float_payload,False
operand_hybrid_plain_h16,Operand hybrid + plain H16,33720,2.4386281967163086,2.8754563331604004,0.12431906908750534,34941.805339981685,89.9393526878559,141431930880.0,0.0003,129.81909656524658,152.921875,0,0,exported_float_payload,False
operand_hybrid_plain_h16,Operand hybrid + plain H16,33730,2.4440958499908447,2.776808977127075,0.17513182759284973,34954.641815986884,89.97239346326712,141473873920.0,0.0003,129.81909656524658,152.921875,0,0,exported_float_payload,False
operand_hybrid_plain_h16,Operand hybrid + plain H16,33740,2.450516939163208,2.911592483520508,0.17369817197322845,34967.93388078618,90.0066069130961,141515816960.0,0.0003,129.81909656524658,152.921875,0,0,exported_float_payload,False
operand_hybrid_plain_h16,Operand hybrid + plain H16,33750,2.4433176517486572,2.8601481914520264,0.11232344061136246,34885.21585141294,89.79369272777977,141557760000.0,0.0003,129.81909656524658,152.921875,0,0,exported_float_payload,False
operand_hybrid_plain_h16,Operand hybrid + plain H16,33760,2.4851770401000977,3.006164073944092,0.12553620338439941,35032.67692130227,90.17325391654667,141599703040.0,0.0003,129.81909656524658,152.921875,0,0,exported_float_payload,False
operand_hybrid_plain_h16,Operand hybrid + plain H16,33770,2.4513332843780518,2.8914098739624023,0.12840601801872253,34958.02980952741,89.98111407581078,141641646080.0,0.0003,129.81909656524658,152.921875,0,0,exported_float_payload,False
operand_hybrid_plain_h16,Operand hybrid + plain H16,33780,2.4477086067199707,2.8460965156555176,0.1792161762714386,34928.475275802375,89.90504142855177,141683589120.0,0.0003,129.81909656524658,152.921875,0,0,exported_float_payload,False
operand_hybrid_plain_h16,Operand hybrid + plain H16,33790,2.445545196533203,3.1232752799987793,0.24751104414463043,34850.7113314958,89.70487893707956,141725532160.0,0.0003,129.81909656524658,152.921875,0,0,exported_float_payload,False
operand_hybrid_plain_h16,Operand hybrid + plain H16,33800,2.4495484828948975,2.921663284301758,0.16991685330867767,34987.14536224506,90.05605679668896,141767475200.0,0.0003,129.81909656524658,152.921875,0,0,exported_float_payload,False
operand_hybrid_plain_h16,Operand hybrid + plain H16,33810,2.4699130058288574,2.8481383323669434,0.25641822814941406,34977.89119832034,90.03223680499254,141809418240.0,0.0003,129.81909656524658,152.921875,0,0,exported_float_payload,False
operand_hybrid_plain_h16,Operand hybrid + plain H16,33820,2.4636874198913574,2.8905792236328125,0.5830346941947937,34921.043849124086,89.88591311796537,141851361280.0,0.0003,129.81909656524658,152.921875,0,0,exported_float_payload,False
operand_hybrid_plain_h16,Operand hybrid + plain H16,33830,2.460023880004883,3.4256815910339355,0.2811315655708313,34929.05572646527,89.9065354943672,141893304320.0,0.0003,129.81909656524658,152.921875,0,0,exported_float_payload,False
operand_hybrid_plain_h16,Operand hybrid + plain H16,33840,2.456359386444092,2.9554145336151123,0.18824592232704163,34953.06915383029,89.9683454693245,141935247360.0,0.0003,129.81909656524658,152.921875,0,0,exported_float_payload,False
operand_hybrid_plain_h16,Operand hybrid + plain H16,33850,2.460817575454712,3.070984125137329,0.08604155480861664,34944.1632706961,89.94542194386813,141977190400.0,0.0003,129.81909656524658,152.921875,0,0,exported_float_payload,False
operand_hybrid_plain_h16,Operand hybrid + plain H16,33860,2.475048780441284,3.1869029998779297,0.09183870255947113,34864.11515202117,89.73938004341525,142019133440.0,0.0003,129.81909656524658,152.921875,0,0,exported_float_payload,False
operand_hybrid_plain_h16,Operand hybrid + plain H16,33870,2.4581491947174072,2.974257230758667,0.15914925932884216,34970.194255194816,90.01242506156231,142061076480.0,0.0003,129.81909656524658,152.921875,0,0,exported_float_payload,False
operand_hybrid_plain_h16,Operand hybrid + plain H16,33880,2.4708092212677,2.957115411758423,0.1662002056837082,34937.66346507034,89.92869160309468,142103019520.0,0.0003,129.81909656524658,152.921875,0,0,exported_float_payload,False
operand_hybrid_plain_h16,Operand hybrid + plain H16,33890,2.443647623062134,2.9957938194274902,0.23572953045368195,34979.06860220605,90.03526741380918,142144962560.0,0.0003,129.81909656524658,152.921875,0,0,exported_float_payload,False
operand_hybrid_plain_h16,Operand hybrid + plain H16,33900,2.4390711784362793,2.9357333183288574,0.2639573812484741,34976.56913104634,90.02883383615115,142186905600.0,0.0003,129.81909656524658,152.921875,0,0,exported_float_payload,False
operand_hybrid_plain_h16,Operand hybrid + plain H16,33910,2.4440839290618896,2.9339537620544434,0.14041192829608917,34865.42538547663,89.74275255229702,142228848640.0,0.0003,129.81909656524658,152.921875,0,0,exported_float_payload,False
operand_hybrid_plain_h16,Operand hybrid + plain H16,33920,2.4530510902404785,2.9057652950286865,0.1793123036623001,34867.38525552952,89.74779720989827,142270791680.0,0.0003,129.81909656524658,152.921875,0,0,exported_float_payload,False
operand_hybrid_plain_h16,Operand hybrid + plain H16,33930,2.460951089859009,3.0019376277923584,0.1795819103717804,34932.06795928768,89.91428890800901,142312734720.0,0.0003,129.81909656524658,152.921875,0,0,exported_float_payload,False
operand_hybrid_plain_h16,Operand hybrid + plain H16,33940,2.467289686203003,2.924478054046631,0.17542603611946106,34871.006766254584,89.75711888996588,142354677760.0,0.0003,129.81909656524658,152.921875,0,0,exported_float_payload,False
operand_hybrid_plain_h16,Operand hybrid + plain H16,33950,2.4822185039520264,2.9507925510406494,0.1552368849515915,34982.42533809983,90.04390756993429,142396620800.0,0.0003,129.81909656524658,152.921875,0,0,exported_float_payload,False
operand_hybrid_plain_h16,Operand hybrid + plain H16,33960,2.455915927886963,2.9212098121643066,0.17308801412582397,34913.61840216244,89.86680019902343,142438563840.0,0.0003,129.81909656524658,152.921875,0,0,exported_float_payload,False
operand_hybrid_plain_h16,Operand hybrid + plain H16,33970,2.455519437789917,2.9236860275268555,0.10360436141490936,34900.613778630344,89.83332661598885,142480506880.0,0.0003,129.81909656524658,152.921875,0,0,exported_float_payload,False
operand_hybrid_plain_h16,Operand hybrid + plain H16,33980,2.4345200061798096,2.8485283851623535,0.1867363154888153,34924.42634127744,89.89461957007293,142522449920.0,0.0003,129.81909656524658,152.921875,0,0,exported_float_payload,False
operand_hybrid_plain_h16,Operand hybrid + plain H16,33990,2.464580535888672,3.037388324737549,0.17831523716449738,34933.71285065985,89.9185228181867,142564392960.0,0.0003,129.81909656524658,152.921875,0,0,exported_float_payload,False
operand_hybrid_plain_h16,Operand hybrid + plain H16,34000,2.4540205001831055,2.950374126434326,0.3257274925708771,34901.17323967212,89.83476665503268,142606336000.0,0.0003,129.81909656524658,152.921875,0,0,exported_float_payload,False
operand_hybrid_plain_h16,Operand hybrid + plain H16,34010,2.4244000911712646,3.0689005851745605,0.12867429852485657,28203.270977386557,72.59452998222415,142648279040.0,0.0003,129.81909656524658,152.921875,0,0,exported_float_payload,False
operand_hybrid_plain_h16,Operand hybrid + plain H16,34020,2.461575508117676,3.3468995094299316,0.13080823421478271,34913.45971039913,89.86639173030437,142690222080.0,0.0003,129.81909656524658,152.921875,0,0,exported_float_payload,False
operand_hybrid_plain_h16,Operand hybrid + plain H16,34030,2.4590089321136475,3.310817241668701,0.22882258892059326,34847.12369821337,89.69564445672104,142732165120.0,0.0003,129.81909656524658,152.921875,0,0,exported_float_payload,False
operand_hybrid_plain_h16,Operand hybrid + plain H16,34040,2.4350426197052,3.1074767112731934,0.21819046139717102,34936.03032213468,89.92448793310534,142774108160.0,0.0003,129.81909656524658,152.921875,0,0,exported_float_payload,False
operand_hybrid_plain_h16,Operand hybrid + plain H16,34050,2.4299328327178955,3.0951437950134277,0.1472608894109726,34920.80477799189,89.88529775471592,142816051200.0,0.0003,129.81909656524658,152.921875,0,0,exported_float_payload,False
operand_hybrid_plain_h16,Operand hybrid + plain H16,34060,2.458009719848633,2.9472250938415527,0.10871283710002899,34903.65458865036,89.84115358663864,142857994240.0,0.0003,129.81909656524658,152.921875,0,0,exported_float_payload,False
operand_hybrid_plain_h16,Operand hybrid + plain H16,34070,2.4686167240142822,2.9535491466522217,0.16026686131954193,34907.17251835789,89.85020865169949,142899937280.0,0.0003,129.81909656524658,152.921875,0,0,exported_float_payload,False
operand_hybrid_plain_h16,Operand hybrid + plain H16,34080,2.4579997062683105,2.85683536529541,0.2933844029903412,34884.06169514853,89.79072195777199,142941880320.0,0.0003,129.81909656524658,152.921875,0,0,exported_float_payload,False
operand_hybrid_plain_h16,Operand hybrid + plain H16,34090,2.4505209922790527,2.9387574195861816,0.11795388907194138,34917.85594508699,89.87770753091176,142983823360.0,0.0003,129.81909656524658,152.921875,0,0,exported_float_payload,False
operand_hybrid_plain_h16,Operand hybrid + plain H16,34100,2.462733268737793,2.8968992233276367,0.30068960785865784,34972.65664473435,90.01876319203656,143025766400.0,0.0003,129.81909656524658,152.921875,0,0,exported_float_payload,False
operand_hybrid_plain_h16,Operand hybrid + plain H16,34110,2.4166500568389893,2.887404441833496,0.11279857158660889,34905.99506712345,89.84717792100835,143067709440.0,0.0003,129.81909656524658,152.921875,0,0,exported_float_payload,False
operand_hybrid_plain_h16,Operand hybrid + plain H16,34120,2.4494788646698,2.871661424636841,0.12950082123279572,34893.032439261595,89.81381243380227,143109652480.0,0.0003,129.81909656524658,152.921875,0,0,exported_float_payload,False
operand_hybrid_plain_h16,Operand hybrid + plain H16,34130,2.436687469482422,2.8092446327209473,0.45679792761802673,34914.9458149241,89.87021692701936,143151595520.0,0.0003,129.81909656524658,152.921875,0,0,exported_float_payload,False
operand_hybrid_plain_h16,Operand hybrid + plain H16,34140,2.4281275272369385,3.056732654571533,0.22572094202041626,34874.689962009776,89.76659934579297,143193538560.0,0.0003,129.81909656524658,152.921875,0,0,exported_float_payload,False
operand_hybrid_plain_h16,Operand hybrid + plain H16,34150,2.4909369945526123,2.8944389820098877,0.1750887781381607,34927.21876872496,89.90180721005359,143235481600.0,0.0003,129.81909656524658,152.921875,0,0,exported_float_payload,False
operand_hybrid_plain_h16,Operand hybrid + plain H16,34160,2.453519821166992,2.9207234382629395,0.14608097076416016,34950.21606509779,89.96100168867935,143277424640.0,0.0003,129.81909656524658,152.921875,0,0,exported_float_payload,False
operand_hybrid_plain_h16,Operand hybrid + plain H16,34170,2.4761910438537598,3.3227124214172363,0.18098662793636322,34926.826047487906,89.90079635519065,143319367680.0,0.0003,129.81909656524658,152.921875,0,0,exported_float_payload,False
operand_hybrid_plain_h16,Operand hybrid + plain H16,34180,2.4529881477355957,2.9390697479248047,0.12099053710699081,34904.43823805151,89.84317068103853,143361310720.0,0.0003,129.81909656524658,152.921875,0,0,exported_float_payload,False
operand_hybrid_plain_h16,Operand hybrid + plain H16,34190,2.4523165225982666,2.859218120574951,0.16428977251052856,34940.76426646478,89.93667299007555,143403253760.0,0.0003,129.81909656524658,152.921875,0,0,exported_float_payload,False
operand_hybrid_plain_h16,Operand hybrid + plain H16,34200,2.424252510070801,3.0137033462524414,0.1412404477596283,34938.10816915262,89.92983626053032,143445196800.0,0.0003,129.81909656524658,152.921875,0,0,exported_float_payload,False
operand_hybrid_plain_h16,Operand hybrid + plain H16,34210,2.4467012882232666,2.9175312519073486,0.0923834964632988,34887.60153798235,89.79983342668417,143487139840.0,0.0003,129.81909656524658,152.921875,0,0,exported_float_payload,False
operand_hybrid_plain_h16,Operand hybrid + plain H16,34220,2.4233429431915283,2.841062068939209,0.22245590388774872,34945.65561641957,89.94926320527546,143529082880.0,0.0003,129.81909656524658,152.921875,0,0,exported_float_payload,False
operand_hybrid_plain_h16,Operand hybrid + plain H16,34230,2.4431893825531006,2.8655776977539062,0.15186744928359985,34906.34166723626,89.84807006122504,143571025920.0,0.0003,129.81909656524658,152.921875,0,0,exported_float_payload,False
operand_hybrid_plain_h16,Operand hybrid + plain H16,34240,2.440736770629883,3.2251651287078857,0.15937349200248718,34945.50916665579,89.9488862471639,143612968960.0,0.0003,129.81909656524658,152.921875,0,0,exported_float_payload,False
operand_hybrid_plain_h16,Operand hybrid + plain H16,34250,2.45150089263916,2.9855120182037354,0.11270829290151596,34921.64731177067,89.88746641606423,143654912000.0,0.0003,129.81909656524658,152.921875,0,0,exported_float_payload,False
operand_hybrid_plain_h16,Operand hybrid + plain H16,34260,2.467238187789917,3.0275092124938965,0.27530157566070557,34908.41275251255,89.85340098409233,143696855040.0,0.0003,129.81909656524658,152.921875,0,0,exported_float_payload,False
operand_hybrid_plain_h16,Operand hybrid + plain H16,34270,2.462630271911621,2.901740789413452,0.18373173475265503,34873.67284605283,89.76398131418625,143738798080.0,0.0003,129.81909656524658,152.921875,0,0,exported_float_payload,False
operand_hybrid_plain_h16,Operand hybrid + plain H16,34280,2.484210968017578,3.1293458938598633,0.10181841999292374,34903.28981925479,89.84021467913232,143780741120.0,0.0003,129.81909656524658,152.921875,0,0,exported_float_payload,False
operand_hybrid_plain_h16,Operand hybrid + plain H16,34290,2.4655680656433105,2.9181101322174072,0.18796172738075256,34941.031472588234,89.93736077210468,143822684160.0,0.0003,129.81909656524658,152.921875,0,0,exported_float_payload,False
operand_hybrid_plain_h16,Operand hybrid + plain H16,34300,2.4520716667175293,3.0057477951049805,0.23654767870903015,34966.43292869219,90.00274349910147,143864627200.0,0.0003,129.81909656524658,152.921875,0,0,exported_float_payload,False
operand_hybrid_plain_h16,Operand hybrid + plain H16,34310,2.5016818046569824,2.9973623752593994,0.09252386540174484,34949.1222393956,89.95818620806376,143906570240.0,0.0003,129.81909656524658,152.921875,0,0,exported_float_payload,False
operand_hybrid_plain_h16,Operand hybrid + plain H16,34320,2.4527907371520996,2.9626684188842773,0.1357114464044571,34894.29785260016,89.81706957679891,143948513280.0,0.0003,129.81909656524658,152.921875,0,0,exported_float_payload,False
operand_hybrid_plain_h16,Operand hybrid + plain H16,34330,2.506558418273926,3.3058063983917236,0.29980066418647766,34946.11009663257,89.95043302623259,143990456320.0,0.0003,129.81909656524658,152.921875,0,0,exported_float_payload,False
operand_hybrid_plain_h16,Operand hybrid + plain H16,34340,2.4518468379974365,3.017151355743408,0.14981628954410553,34957.52226950091,89.97980768019089,144032399360.0,0.0003,129.81909656524658,152.921875,0,0,exported_float_payload,False
operand_hybrid_plain_h16,Operand hybrid + plain H16,34350,2.449730157852173,3.022406578063965,0.2223527729511261,34889.00416899793,89.80344376462676,144074342400.0,0.0003,129.81909656524658,152.921875,0,0,exported_float_payload,False
operand_hybrid_plain_h16,Operand hybrid + plain H16,34360,2.461749315261841,3.398292064666748,0.11409150063991547,34970.66849897485,90.0136457534578,144116285440.0,0.0003,129.81909656524658,152.921875,0,0,exported_float_payload,False
operand_hybrid_plain_h16,Operand hybrid + plain H16,34370,2.451913595199585,2.8764467239379883,0.1635412722826004,34900.92067354899,89.83411655600649,144158228480.0,0.0003,129.81909656524658,152.921875,0,0,exported_float_payload,False
operand_hybrid_plain_h16,Operand hybrid + plain H16,34380,2.4575095176696777,2.964857339859009,0.18419578671455383,34939.04987142293,89.93226017915137,144200171520.0,0.0003,129.81909656524658,152.921875,0,0,exported_float_payload,False
operand_hybrid_plain_h16,Operand hybrid + plain H16,34390,2.4414546489715576,2.8359413146972656,0.22710980474948883,34941.896490837134,89.93958730792937,144242114560.0,0.0003,129.81909656524658,152.921875,0,0,exported_float_payload,False
operand_hybrid_plain_h16,Operand hybrid + plain H16,34400,2.4464077949523926,2.942072868347168,0.14906996488571167,34827.080217010196,89.64405302612711,144284057600.0,0.0003,129.81909656524658,152.921875,0,0,exported_float_payload,False
operand_hybrid_plain_h16,Operand hybrid + plain H16,34410,2.4537389278411865,2.9467287063598633,0.26967713236808777,34949.01985343267,89.95792266909831,144326000640.0,0.0003,129.81909656524658,152.921875,0,0,exported_float_payload,False
operand_hybrid_plain_h16,Operand hybrid + plain H16,34420,2.444894790649414,2.78433895111084,0.1800052672624588,34888.679946511176,89.80260922387244,144367943680.0,0.0003,129.81909656524658,152.921875,0,0,exported_float_payload,False
operand_hybrid_plain_h16,Operand hybrid + plain H16,34430,2.4358537197113037,2.962752342224121,0.24809135496616364,34896.83161368148,89.82359141587685,144409886720.0,0.0003,129.81909656524658,152.921875,0,0,exported_float_payload,False
operand_hybrid_plain_h16,Operand hybrid + plain H16,34440,2.468916177749634,3.376396894454956,0.1615971028804779,34905.48564976909,89.84586669319248,144451829760.0,0.0003,129.81909656524658,152.921875,0,0,exported_float_payload,False
operand_hybrid_plain_h16,Operand hybrid + plain H16,34450,2.482536792755127,3.0837106704711914,0.0743512511253357,34972.90329633996,90.01939806723927,144493772800.0,0.0003,129.81909656524658,152.921875,0,0,exported_float_payload,False
operand_hybrid_plain_h16,Operand hybrid + plain H16,34460,2.4342470169067383,3.3837995529174805,0.11023041605949402,34915.8883005218,89.87264286190594,144535715840.0,0.0003,129.81909656524658,152.921875,0,0,exported_float_payload,False
operand_hybrid_plain_h16,Operand hybrid + plain H16,34470,2.469412088394165,3.3887763023376465,0.35736986994743347,34920.29904762793,89.88399601712317,144577658880.0,0.0003,129.81909656524658,152.921875,0,0,exported_float_payload,False
operand_hybrid_plain_h16,Operand hybrid + plain H16,34480,2.4405927658081055,2.888031482696533,0.16049706935882568,34942.178042800864,89.94031201580063,144619601920.0,0.0003,129.81909656524658,152.921875,0,0,exported_float_payload,False
operand_hybrid_plain_h16,Operand hybrid + plain H16,34490,2.4498820304870605,3.0430312156677246,0.1250639110803604,34873.516952124315,89.76358004702554,144661544960.0,0.0003,129.81909656524658,152.921875,0,0,exported_float_payload,False
operand_hybrid_plain_h16,Operand hybrid + plain H16,34500,2.4396443367004395,2.909470319747925,0.2198389768600464,34942.9996827046,89.94242689682538,144703488000.0,0.0003,129.89795398712158,152.921875,0,0,exported_float_payload,False
operand_hybrid_plain_h16,Operand hybrid + plain H16,34510,2.4443087577819824,2.887932777404785,0.14692670106887817,34928.933695247644,89.90622138899646,144745431040.0,0.0003,129.81909656524658,152.921875,0,0,exported_float_payload,False
operand_hybrid_plain_h16,Operand hybrid + plain H16,34520,2.4555881023406982,2.9160072803497314,0.3248830735683441,34567.37937234058,88.97558940111377,144787374080.0,0.0003,129.81909656524658,152.921875,0,0,exported_float_payload,False
operand_hybrid_plain_h16,Operand hybrid + plain H16,34530,2.451213836669922,2.900362491607666,0.1707206517457962,34919.33332358705,89.88151026705198,144829317120.0,0.0003,129.81909656524658,152.921875,0,0,exported_float_payload,False
operand_hybrid_plain_h16,Operand hybrid + plain H16,34540,2.445711851119995,2.871647834777832,0.12281650304794312,34913.4296310883,89.86631430689367,144871260160.0,0.0003,129.81909656524658,152.921875,0,0,exported_float_payload,False
operand_hybrid_plain_h16,Operand hybrid + plain H16,34550,2.458965539932251,2.8625776767730713,0.15200059115886688,34954.34655412841,89.97163346646197,144913203200.0,0.0003,129.81909656524658,152.921875,0,0,exported_float_payload,False
operand_hybrid_plain_h16,Operand hybrid + plain H16,34560,2.4468274116516113,3.05820369720459,0.15449725091457367,34902.0267631838,89.8369636036848,144955146240.0,0.0003,129.81909656524658,152.921875,0,0,exported_float_payload,False
operand_hybrid_plain_h16,Operand hybrid + plain H16,34570,2.4375085830688477,3.019155502319336,0.29911723732948303,34913.26870215595,89.86590007975617,144997089280.0,0.0003,129.81909656524658,152.921875,0,0,exported_float_payload,False
operand_hybrid_plain_h16,Operand hybrid + plain H16,34580,2.4415218830108643,2.958804130554199,0.09385189414024353,34929.24149608631,89.90701366083006,145039032320.0,0.0003,129.81909656524658,152.921875,0,0,exported_float_payload,False
operand_hybrid_plain_h16,Operand hybrid + plain H16,34590,2.4644248485565186,2.858276844024658,0.18759851157665253,34895.94804974669,89.82131714391005,145080975360.0,0.0003,129.81909656524658,152.921875,0,0,exported_float_payload,False
operand_hybrid_plain_h16,Operand hybrid + plain H16,34600,2.4553606510162354,2.8833985328674316,0.28717470169067383,34945.15304371645,89.94796959542452,145122918400.0,0.0003,129.81909656524658,152.921875,0,0,exported_float_payload,False
operand_hybrid_plain_h16,Operand hybrid + plain H16,34610,2.461822032928467,3.087935447692871,0.09900710731744766,34940.3524910378,89.9356130901936,145164861440.0,0.0003,129.81909656524658,152.921875,0,0,exported_float_payload,False
operand_hybrid_plain_h16,Operand hybrid + plain H16,34620,2.4198758602142334,2.8383636474609375,0.1044885516166687,34967.68683141709,90.00597101405995,145206804480.0,0.0003,129.81909656524658,152.921875,0,0,exported_float_payload,False
operand_hybrid_plain_h16,Operand hybrid + plain H16,34630,2.460322380065918,3.792313575744629,0.16609562933444977,34972.184289533376,90.01754736129739,145248747520.0,0.0003,129.81909656524658,152.921875,0,0,exported_float_payload,False
operand_hybrid_plain_h16,Operand hybrid + plain H16,34640,2.4530766010284424,2.9027037620544434,0.23131485283374786,34957.184833351224,89.97893912779125,145290690560.0,0.0003,129.81909656524658,152.921875,0,0,exported_float_payload,False
operand_hybrid_plain_h16,Operand hybrid + plain H16,34650,2.4363396167755127,2.8776066303253174,0.2911100685596466,34965.632061523145,90.00068208658793,145332633600.0,0.0003,129.81909656524658,152.921875,0,0,exported_float_payload,False
operand_hybrid_plain_h16,Operand hybrid + plain H16,34660,2.4521615505218506,2.827113151550293,0.18125811219215393,34970.46034948741,90.01310998176598,145374576640.0,0.0003,129.81909656524658,152.921875,0,0,exported_float_payload,False
operand_hybrid_plain_h16,Operand hybrid + plain H16,34670,2.392951250076294,2.8996927738189697,0.13932932913303375,34908.60954470639,89.85390752238811,145416519680.0,0.0003,129.81909656524658,152.921875,0,0,exported_float_payload,False
operand_hybrid_plain_h16,Operand hybrid + plain H16,34680,2.4321911334991455,3.022092819213867,0.08859198540449142,34905.30012539174,89.84538915798088,145458462720.0,0.0003,129.81909656524658,152.921875,0,0,exported_float_payload,False
operand_hybrid_plain_h16,Operand hybrid + plain H16,34690,2.473771095275879,3.01911997795105,0.4091409146785736,34933.61146911968,89.91826186458086,145500405760.0,0.0003,129.81909656524658,152.921875,0,0,exported_float_payload,False
operand_hybrid_plain_h16,Operand hybrid + plain H16,34700,2.4191126823425293,2.851461410522461,0.10355305671691895,34982.57932013108,90.04430391591818,145542348800.0,0.0003,129.81909656524658,152.921875,0,0,exported_float_payload,False
operand_hybrid_plain_h16,Operand hybrid + plain H16,34710,2.471128225326538,4.627378463745117,0.09018693119287491,34909.56184660081,89.85635872418246,145584291840.0,0.0003,129.81909656524658,152.921875,0,0,exported_float_payload,False
operand_hybrid_plain_h16,Operand hybrid + plain H16,34720,2.460681915283203,2.8963463306427,0.16469715535640717,34953.07470695282,89.96835976292613,145626234880.0,0.0003,129.81909656524658,152.921875,0,0,exported_float_payload,False
operand_hybrid_plain_h16,Operand hybrid + plain H16,34730,2.47751522064209,2.9628617763519287,0.2360846847295761,34993.50951619052,90.07243797335374,145668177920.0,0.0003,129.81909656524658,152.921875,0,0,exported_float_payload,False
operand_hybrid_plain_h16,Operand hybrid + plain H16,34740,2.4746968746185303,3.05228328704834,0.1173379048705101,34914.51389505616,89.86910517583885,145710120960.0,0.0003,129.81909656524658,152.921875,0,0,exported_float_payload,False
operand_hybrid_plain_h16,Operand hybrid + plain H16,34750,2.446822166442871,2.8886024951934814,0.12915575504302979,34966.5726416487,90.00310311683582,145752064000.0,0.0003,129.81909656524658,152.921875,0,0,exported_float_payload,False
operand_hybrid_plain_h16,Operand hybrid + plain H16,34760,2.4373815059661865,2.8499081134796143,0.15088731050491333,34956.19664953077,89.97639556679651,145794007040.0,0.0003,129.81909656524658,152.921875,0,0,exported_float_payload,False
operand_hybrid_plain_h16,Operand hybrid + plain H16,34770,2.4845430850982666,3.351167678833008,0.10360913723707199,34890.8964713692,89.80831450466738,145835950080.0,0.0003,129.81909656524658,152.921875,0,0,exported_float_payload,False
operand_hybrid_plain_h16,Operand hybrid + plain H16,34780,2.454880714416504,2.872274398803711,0.10191870480775833,34886.04927744835,89.79583794601932,145877893120.0,0.0003,129.81909656524658,152.921875,0,0,exported_float_payload,False
operand_hybrid_plain_h16,Operand hybrid + plain H16,34790,2.458519458770752,2.869277238845825,0.1544782966375351,34870.349485876286,89.75542706634133,145919836160.0,0.0003,129.81909656524658,152.921875,0,0,exported_float_payload,False
operand_hybrid_plain_h16,Operand hybrid + plain H16,34800,2.451528787612915,3.3098931312561035,0.09624466300010681,34983.50658829064,90.04669068149104,145961779200.0,0.0003,129.81909656524658,152.921875,0,0,exported_float_payload,False
operand_hybrid_plain_h16,Operand hybrid + plain H16,34810,2.4403343200683594,2.95843505859375,0.4135197699069977,34941.219120652946,89.93784377363562,146003722240.0,0.0003,129.81909656524658,152.921875,0,0,exported_float_payload,False
operand_hybrid_plain_h16,Operand hybrid + plain H16,34820,2.4308674335479736,2.8868870735168457,0.16915608942508698,34894.02797197151,89.81637491065882,146045665280.0,0.0003,129.81909656524658,152.921875,0,0,exported_float_payload,False
operand_hybrid_plain_h16,Operand hybrid + plain H16,34830,2.4613842964172363,3.0246963500976562,0.11369816213846207,34988.72645764369,90.06012649759042,146087608320.0,0.0003,129.81909656524658,152.921875,0,0,exported_float_payload,False
operand_hybrid_plain_h16,Operand hybrid + plain H16,34840,2.4406344890594482,2.928783655166626,0.1481040120124817,34944.10572826462,89.94527383105628,146129551360.0,0.0003,129.81909656524658,152.921875,0,0,exported_float_payload,False
operand_hybrid_plain_h16,Operand hybrid + plain H16,34850,2.4578301906585693,2.864215850830078,0.21694640815258026,34919.41634357946,89.88172395848278,146171494400.0,0.0003,129.81909656524658,152.921875,0,0,exported_float_payload,False
operand_hybrid_plain_h16,Operand hybrid + plain H16,34860,2.4271278381347656,2.918362617492676,0.07842910289764404,34982.47214446446,90.04402804837254,146213437440.0,0.0003,129.81909656524658,152.921875,0,0,exported_float_payload,False
operand_hybrid_plain_h16,Operand hybrid + plain H16,34870,2.4559013843536377,3.247511863708496,0.33376431465148926,34941.6931323441,89.93906386814002,146255380480.0,0.0003,129.81909656524658,152.921875,0,0,exported_float_payload,False
operand_hybrid_plain_h16,Operand hybrid + plain H16,34880,2.4653372764587402,3.0508053302764893,0.0978599339723587,35019.32859183175,90.13889564282951,146297323520.0,0.0003,129.81909656524658,152.921875,0,0,exported_float_payload,False
operand_hybrid_plain_h16,Operand hybrid + plain H16,34890,2.4807541370391846,2.906075954437256,0.1949027180671692,34871.60363384208,89.75865521254387,146339266560.0,0.0003,129.81909656524658,152.921875,0,0,exported_float_payload,False
operand_hybrid_plain_h16,Operand hybrid + plain H16,34900,2.4487082958221436,2.9028258323669434,0.23894451558589935,34969.05303278927,90.00948758299103,146381209600.0,0.0003,129.81909656524658,152.921875,0,0,exported_float_payload,False
operand_hybrid_plain_h16,Operand hybrid + plain H16,34910,2.460249662399292,2.9285776615142822,0.10126993060112,34885.540575701256,89.79452856015904,146423152640.0,0.0003,129.81909656524658,152.921875,0,0,exported_float_payload,False
operand_hybrid_plain_h16,Operand hybrid + plain H16,34920,2.443735122680664,3.0096755027770996,0.136402890086174,34960.13599751005,89.986535352186,146465095680.0,0.0003,129.81909656524658,152.921875,0,0,exported_float_payload,False
operand_hybrid_plain_h16,Operand hybrid + plain H16,34930,2.472221851348877,2.92708420753479,0.11074388772249222,34930.07730275269,89.90916500675553,146507038720.0,0.0003,129.81909656524658,152.921875,0,0,exported_float_payload,False
operand_hybrid_plain_h16,Operand hybrid + plain H16,34940,2.433347702026367,2.8591928482055664,0.1484292447566986,34917.98893153909,89.87804983478823,146548981760.0,0.0003,129.81909656524658,152.921875,0,0,exported_float_payload,False
operand_hybrid_plain_h16,Operand hybrid + plain H16,34950,2.4665145874023438,2.917935848236084,0.11632713675498962,34903.12237901623,89.83978369205187,146590924800.0,0.0003,129.81909656524658,152.921875,0,0,exported_float_payload,False
operand_hybrid_plain_h16,Operand hybrid + plain H16,34960,2.4582231044769287,2.9329888820648193,0.12224618345499039,34908.757937082155,89.85428948073542,146632867840.0,0.0003,129.81909656524658,152.921875,0,0,exported_float_payload,False
operand_hybrid_plain_h16,Operand hybrid + plain H16,34970,2.4665212631225586,3.8810887336730957,0.11221138387918472,34932.67815234089,89.91585953001,146674810880.0,0.0003,129.81909656524658,152.921875,0,0,exported_float_payload,False
operand_hybrid_plain_h16,Operand hybrid + plain H16,34980,2.4204304218292236,2.817117691040039,0.11894790828227997,34952.921698542596,89.96796592301895,146716753920.0,0.0003,129.81909656524658,152.921875,0,0,exported_float_payload,False
operand_hybrid_plain_h16,Operand hybrid + plain H16,34990,2.436389207839966,3.0179901123046875,0.12203866243362427,34880.7558851381,89.7822128836256,146758696960.0,0.0003,129.81909656524658,152.921875,0,0,exported_float_payload,False
operand_hybrid_plain_h16,Operand hybrid + plain H16,35000,2.468536615371704,2.987006187438965,0.223079651594162,34890.21458875222,89.80655935548195,146800640000.0,0.0003,129.81909656524658,152.921875,0,0,exported_float_payload,False
operand_hybrid_plain_h16,Operand hybrid + plain H16,35010,2.444100856781006,3.0023858547210693,0.11959350854158401,28159.79059857151,72.48261255016251,146842583040.0,0.0003,129.81909656524658,152.921875,0,0,exported_float_payload,False
operand_hybrid_plain_h16,Operand hybrid + plain H16,35020,2.4530599117279053,3.0302631855010986,0.07955612242221832,34910.998112110865,89.86005563649152,146884526080.0,0.0003,129.81909656524658,152.921875,0,0,exported_float_payload,False
operand_hybrid_plain_h16,Operand hybrid + plain H16,35030,2.4792332649230957,2.9596450328826904,0.18856799602508545,34920.58995003753,89.8847447928135,146926469120.0,0.0003,129.81909656524658,152.921875,0,0,exported_float_payload,False
operand_hybrid_plain_h16,Operand hybrid + plain H16,35040,2.416637659072876,2.84517765045166,0.0932476744055748,34937.27238249917,89.92768496611767,146968412160.0,0.0003,129.81909656524658,152.921875,0,0,exported_float_payload,False
operand_hybrid_plain_h16,Operand hybrid + plain H16,35050,2.446359634399414,3.0505337715148926,0.25887179374694824,34950.268529790475,89.96113673151567,147010355200.0,0.0003,129.81909656524658,152.921875,0,0,exported_float_payload,False
operand_hybrid_plain_h16,Operand hybrid + plain H16,35060,2.475616216659546,2.8802056312561035,0.09120827913284302,34929.266896462876,89.90707904077836,147052298240.0,0.0003,129.81909656524658,152.921875,0,0,exported_float_payload,False
operand_hybrid_plain_h16,Operand hybrid + plain H16,35070,2.476994752883911,2.9287567138671875,0.14873391389846802,34971.52484471234,90.01584996645015,147094241280.0,0.0003,129.81909656524658,152.921875,0,0,exported_float_payload,False
operand_hybrid_plain_h16,Operand hybrid + plain H16,35080,2.452777147293091,2.9941132068634033,0.10433808714151382,34899.76611724004,89.83114475629382,147136184320.0,0.0003,129.81909656524658,152.921875,0,0,exported_float_payload,False
operand_hybrid_plain_h16,Operand hybrid + plain H16,35090,2.466705322265625,2.9892797470092773,0.28038227558135986,35015.053928048845,90.1278927627593,147178127360.0,0.0003,129.81909656524658,152.921875,0,0,exported_float_payload,False
operand_hybrid_plain_h16,Operand hybrid + plain H16,35100,2.4674603939056396,3.2945868968963623,0.16353578865528107,34970.45853013134,90.01310529878792,147220070400.0,0.0003,129.81909656524658,152.921875,0,0,exported_float_payload,False
operand_hybrid_plain_h16,Operand hybrid + plain H16,35110,2.429724931716919,2.8401660919189453,0.1699496954679489,34937.2435917084,89.9276108593261,147262013440.0,0.0003,129.81909656524658,152.921875,0,0,exported_float_payload,False
operand_hybrid_plain_h16,Operand hybrid + plain H16,35120,2.4721567630767822,3.401927947998047,0.1479375958442688,34944.17542091201,89.94545321822683,147303956480.0,0.0003,129.81909656524658,152.921875,0,0,exported_float_payload,False
operand_hybrid_plain_h16,Operand hybrid + plain H16,35130,2.4165964126586914,2.9095325469970703,0.12203472852706909,34912.009424173426,89.86265872901599,147345899520.0,0.0003,129.81909656524658,152.921875,0,0,exported_float_payload,False
operand_hybrid_plain_h16,Operand hybrid + plain H16,35140,2.4585280418395996,2.905688524246216,0.22740665078163147,34933.718669692964,89.91853779623565,147387842560.0,0.0003,129.81909656524658,152.921875,0,0,exported_float_payload,False
operand_hybrid_plain_h16,Operand hybrid + plain H16,35150,2.4743218421936035,3.2103211879730225,0.09964995086193085,34937.32466696887,89.92781954506441,147429785600.0,0.0003,129.81909656524658,152.921875,0,0,exported_float_payload,False
operand_hybrid_plain_h16,Operand hybrid + plain H16,35160,2.4123682975769043,2.8572921752929688,0.08947723358869553,34941.50432778831,89.9385778898293,147471728640.0,0.0003,129.81909656524658,152.921875,0,0,exported_float_payload,False
operand_hybrid_plain_h16,Operand hybrid + plain H16,35170,2.4161183834075928,2.799790859222412,0.13735809922218323,34863.85471275234,89.73870967910452,147513671680.0,0.0003,129.81909656524658,152.921875,0,0,exported_float_payload,False
operand_hybrid_plain_h16,Operand hybrid + plain H16,35180,2.484523296356201,3.5507450103759766,0.11823391169309616,34955.130217884194,89.97365059781035,147555614720.0,0.0003,129.81909656524658,152.921875,0,0,exported_float_payload,False
operand_hybrid_plain_h16,Operand hybrid + plain H16,35190,2.4278922080993652,3.081449508666992,0.08126749098300934,34946.59817813592,89.9516893360896,147597557760.0,0.0003,129.81909656524658,152.921875,0,0,exported_float_payload,False
operand_hybrid_plain_h16,Operand hybrid + plain H16,35200,2.3980610370635986,2.856372833251953,0.1854834258556366,34992.42714318665,90.06965197170364,147639500800.0,0.0003,129.81909656524658,152.921875,0,0,exported_float_payload,False
operand_hybrid_plain_h16,Operand hybrid + plain H16,35210,2.5016603469848633,5.1998701095581055,0.30943918228149414,34866.49648015896,89.74550952382322,147681443840.0,0.0003,129.81909656524658,152.921875,0,0,exported_float_payload,False
operand_hybrid_plain_h16,Operand hybrid + plain H16,35220,2.460233211517334,3.3249425888061523,0.10872832685709,34895.72972761054,89.82075518806914,147723386880.0,0.0003,129.81909656524658,152.921875,0,0,exported_float_payload,False
operand_hybrid_plain_h16,Operand hybrid + plain H16,35230,2.4409453868865967,2.900279998779297,0.08531781286001205,34903.43817960753,89.84059655505317,147765329920.0,0.0003,129.81909656524658,152.921875,0,0,exported_float_payload,False
operand_hybrid_plain_h16,Operand hybrid + plain H16,35240,2.4663898944854736,3.0867676734924316,0.3753814697265625,34941.047815784084,89.93740283909123,147807272960.0,0.0003,129.81909656524658,152.921875,0,0,exported_float_payload,False
operand_hybrid_plain_h16,Operand hybrid + plain H16,35250,2.454366445541382,2.923945903778076,0.13093988597393036,34996.891011737316,90.0811418602204,147849216000.0,0.0003,129.81909656524658,152.921875,0,0,exported_float_payload,False
operand_hybrid_plain_h16,Operand hybrid + plain H16,35260,2.443737030029297,3.0247552394866943,0.11995235085487366,34959.31475795532,89.98442150164979,147891159040.0,0.0003,129.81909656524658,152.921875,0,0,exported_float_payload,False
operand_hybrid_plain_h16,Operand hybrid + plain H16,35270,2.4474384784698486,3.0186142921447754,0.21657484769821167,34980.26192034375,90.03833898552138,147933102080.0,0.0003,129.81909656524658,152.921875,0,0,exported_float_payload,False
operand_hybrid_plain_h16,Operand hybrid + plain H16,35280,2.4644651412963867,2.9567902088165283,0.11106730252504349,34979.909597528786,90.03743211520926,147975045120.0,0.0003,129.81909656524658,152.921875,0,0,exported_float_payload,False
operand_hybrid_plain_h16,Operand hybrid + plain H16,35290,2.4798758029937744,2.929624557495117,0.12720143795013428,35025.62263934326,90.15509636724725,148016988160.0,0.0003,129.81909656524658,152.921875,0,0,exported_float_payload,False
operand_hybrid_plain_h16,Operand hybrid + plain H16,35300,2.4732742309570312,2.9792845249176025,0.12392881512641907,34994.62316766378,90.07530448501937,148058931200.0,0.0003,129.81909656524658,152.921875,0,0,exported_float_payload,False
operand_hybrid_plain_h16,Operand hybrid + plain H16,35310,2.4901459217071533,2.9429659843444824,0.31284043192863464,34980.21117637194,90.03820837177854,148100874240.0,0.0003,129.81909656524658,152.921875,0,0,exported_float_payload,False
operand_hybrid_plain_h16,Operand hybrid + plain H16,35320,2.483985662460327,2.960285186767578,0.1688886433839798,34938.82948413722,89.93169290766598,148142817280.0,0.0003,129.81909656524658,152.921875,0,0,exported_float_payload,False
operand_hybrid_plain_h16,Operand hybrid + plain H16,35330,2.4690327644348145,3.028747081756592,0.08614111691713333,34983.02153857327,90.04544217537703,148184760320.0,0.0003,129.81909656524658,152.921875,0,0,exported_float_payload,False
operand_hybrid_plain_h16,Operand hybrid + plain H16,35340,2.4533348083496094,3.058840751647949,0.1388131082057953,34947.045025764426,89.95283951096084,148226703360.0,0.0003,129.81909656524658,152.921875,0,0,exported_float_payload,False
operand_hybrid_plain_h16,Operand hybrid + plain H16,35350,2.4390718936920166,3.367849111557007,0.19382736086845398,34940.387825373844,89.93570403991072,148268646400.0,0.0003,129.81909656524658,152.921875,0,0,exported_float_payload,False
operand_hybrid_plain_h16,Operand hybrid + plain H16,35360,2.4579169750213623,3.105717182159424,0.12333464622497559,34919.0324606209,89.8807358531326,148310589440.0,0.0003,129.81909656524658,152.921875,0,0,exported_float_payload,False
operand_hybrid_plain_h16,Operand hybrid + plain H16,35370,2.445227861404419,3.0254132747650146,0.08316566795110703,34942.351624141746,89.94075880992835,148352532480.0,0.0003,129.81909656524658,152.921875,0,0,exported_float_payload,False
operand_hybrid_plain_h16,Operand hybrid + plain H16,35380,2.467129945755005,2.935600757598877,0.14531536400318146,34905.631646956805,89.84624248638431,148394475520.0,0.0003,129.81909656524658,152.921875,0,0,exported_float_payload,False
operand_hybrid_plain_h16,Operand hybrid + plain H16,35390,2.4610214233398438,2.920060157775879,0.1496795266866684,35000.05349222299,90.08928200767421,148436418560.0,0.0003,129.81909656524658,152.921875,0,0,exported_float_payload,False
operand_hybrid_plain_h16,Operand hybrid + plain H16,35400,2.4697697162628174,2.8666200637817383,0.20711228251457214,34959.67994770507,89.9853614911375,148478361600.0,0.0003,129.81909656524658,152.921875,0,0,exported_float_payload,False
operand_hybrid_plain_h16,Operand hybrid + plain H16,35410,2.431387186050415,2.789121150970459,0.15921424329280853,34935.83985255622,89.923997669067,148520304640.0,0.0003,129.81909656524658,152.921875,0,0,exported_float_payload,False
operand_hybrid_plain_h16,Operand hybrid + plain H16,35420,2.450713872909546,2.840055227279663,0.10443013906478882,35022.28398494756,90.14650275245614,148562247680.0,0.0003,129.81909656524658,152.921875,0,0,exported_float_payload,False
operand_hybrid_plain_h16,Operand hybrid + plain H16,35430,2.443788528442383,3.194380283355713,0.1388920098543167,34983.609419252636,90.0469553658732,148604190720.0,0.0003,129.81909656524658,152.921875,0,0,exported_float_payload,False
operand_hybrid_plain_h16,Operand hybrid + plain H16,35440,2.4528863430023193,2.8605265617370605,0.16693241894245148,35016.823375024025,90.13244727601396,148646133760.0,0.0003,129.81909656524658,152.921875,0,0,exported_float_payload,False
operand_hybrid_plain_h16,Operand hybrid + plain H16,35450,2.442776918411255,3.205799102783203,0.1599886268377304,34992.11649944571,90.06885238230907,148688076800.0,0.0003,129.81909656524658,152.921875,0,0,exported_float_payload,False
operand_hybrid_plain_h16,Operand hybrid + plain H16,35460,2.4640421867370605,3.2009334564208984,0.11216900497674942,34904.086643708295,89.84226568579489,148730019840.0,0.0003,129.81909656524658,152.921875,0,0,exported_float_payload,False
operand_hybrid_plain_h16,Operand hybrid + plain H16,35470,2.4559664726257324,2.8458263874053955,0.13999156653881073,34915.761230394666,89.87231578650531,148771962880.0,0.0003,129.81909656524658,152.921875,0,0,exported_float_payload,False
operand_hybrid_plain_h16,Operand hybrid + plain H16,35480,2.4838757514953613,3.134324789047241,0.1241707131266594,34929.63036227608,89.90801459289554,148813905920.0,0.0003,129.81909656524658,152.921875,0,0,exported_float_payload,False
operand_hybrid_plain_h16,Operand hybrid + plain H16,35490,2.4521725177764893,3.3067588806152344,0.12369091063737869,34930.519614900055,89.9103035074092,148855848960.0,0.0003,129.81909656524658,152.921875,0,0,exported_float_payload,False
operand_hybrid_plain_h16,Operand hybrid + plain H16,35500,2.4591424465179443,3.170448064804077,0.09105366468429565,34919.02539779193,89.8807176735835,148897792000.0,0.0003,129.81909656524658,152.921875,0,0,exported_float_payload,False
operand_hybrid_plain_h16,Operand hybrid + plain H16,35510,2.46081805229187,2.809122085571289,0.2643224895000458,34916.518324707264,89.8742645287565,148939735040.0,0.0003,129.81909656524658,152.921875,0,0,exported_float_payload,False
operand_hybrid_plain_h16,Operand hybrid + plain H16,35520,2.4791061878204346,3.1043546199798584,0.12579581141471863,34978.863453513455,90.03473936608992,148981678080.0,0.0003,129.81909656524658,152.921875,0,0,exported_float_payload,False
operand_hybrid_plain_h16,Operand hybrid + plain H16,35530,2.4845478534698486,3.0784287452697754,0.0986570194363594,34962.81213169684,89.99342365615666,149023621120.0,0.0003,129.81909656524658,152.921875,0,0,exported_float_payload,False
operand_hybrid_plain_h16,Operand hybrid + plain H16,35540,2.4399983882904053,3.268310308456421,0.14373043179512024,34918.58096536448,89.87957371538073,149065564160.0,0.0003,129.81909656524658,152.921875,0,0,exported_float_payload,False
operand_hybrid_plain_h16,Operand hybrid + plain H16,35550,2.469921112060547,2.9957828521728516,0.1551799327135086,34982.337592726035,90.04368171548735,149107507200.0,0.0003,129.81909656524658,152.921875,0,0,exported_float_payload,False
operand_hybrid_plain_h16,Operand hybrid + plain H16,35560,2.42645001411438,2.830204486846924,0.16644491255283356,34982.13477753792,90.04315967415157,149149450240.0,0.0003,129.81909656524658,152.921875,0,0,exported_float_payload,False
operand_hybrid_plain_h16,Operand hybrid + plain H16,35570,2.476292610168457,3.494252920150757,0.10129877924919128,34900.10280083949,89.83201137164758,149191393280.0,0.0003,129.81909656524658,152.921875,0,0,exported_float_payload,False
operand_hybrid_plain_h16,Operand hybrid + plain H16,35580,2.4573495388031006,3.2839179039001465,0.11271532624959946,34978.666049475476,90.0342312529223,149233336320.0,0.0003,129.81909656524658,152.921875,0,0,exported_float_payload,False
operand_hybrid_plain_h16,Operand hybrid + plain H16,35590,2.469513416290283,3.1395719051361084,0.15775944292545319,34956.161095023264,89.97630405036344,149275279360.0,0.0003,129.81909656524658,152.921875,0,0,exported_float_payload,False
operand_hybrid_plain_h16,Operand hybrid + plain H16,35600,2.469651699066162,2.998870372772217,0.1340208351612091,34880.83324304166,89.78241200097811,149317222400.0,0.0003,129.81909656524658,152.921875,0,0,exported_float_payload,False
operand_hybrid_plain_h16,Operand hybrid + plain H16,35610,2.4581284523010254,3.072403907775879,0.15186290442943573,34970.502886194925,90.01321947021117,149359165440.0,0.0003,129.81909656524658,152.921875,0,0,exported_float_payload,False
operand_hybrid_plain_h16,Operand hybrid + plain H16,35620,2.463284969329834,3.0187759399414062,0.23300735652446747,32658.333225629685,84.06175129184011,149401108480.0,0.0003,129.81909656524658,152.921875,0,0,exported_float_payload,False
operand_hybrid_plain_h16,Operand hybrid + plain H16,35630,2.459836959838867,3.1157727241516113,0.09420988708734512,34829.885656926184,89.65127415988346,149443051520.0,0.0003,129.81909656524658,152.921875,0,0,exported_float_payload,False
operand_hybrid_plain_h16,Operand hybrid + plain H16,35640,2.4559264183044434,2.8660271167755127,0.09216295927762985,34981.47148226034,90.04145236832333,149484994560.0,0.0003,129.81909656524658,152.921875,0,0,exported_float_payload,False
operand_hybrid_plain_h16,Operand hybrid + plain H16,35650,2.446263313293457,2.9267964363098145,0.09149226546287537,34999.16686714921,90.0869998564105,149526937600.0,0.0003,129.81909656524658,152.921875,0,0,exported_float_payload,False
operand_hybrid_plain_h16,Operand hybrid + plain H16,35660,2.4755969047546387,3.024667739868164,0.22863242030143738,34993.615189842596,90.07270997475068,149568880640.0,0.0003,129.81909656524658,152.921875,0,0,exported_float_payload,False
operand_hybrid_plain_h16,Operand hybrid + plain H16,35670,2.4466400146484375,3.0132431983947754,0.20578420162200928,35030.5291294966,90.1677255529481,149610823680.0,0.0003,129.81909656524658,152.921875,0,0,exported_float_payload,False
operand_hybrid_plain_h16,Operand hybrid + plain H16,35680,2.459636926651001,2.895862340927124,0.09784848242998123,34964.86526216853,89.99870836379587,149652766720.0,0.0003,129.81909656524658,152.921875,0,0,exported_float_payload,False
operand_hybrid_plain_h16,Operand hybrid + plain H16,35690,2.467261791229248,3.0347800254821777,0.07588106393814087,35001.66900293621,90.09344029275402,149694709760.0,0.0003,129.81909656524658,152.921875,0,0,exported_float_payload,False
operand_hybrid_plain_h16,Operand hybrid + plain H16,35700,2.456448554992676,3.1663122177124023,0.10796360671520233,34935.09772356592,89.92208744718954,149736652800.0,0.0003,129.81909656524658,152.921875,0,0,exported_float_payload,False
operand_hybrid_plain_h16,Operand hybrid + plain H16,35710,2.4884655475616455,3.1493678092956543,0.09967586398124695,35002.15332287722,90.09468692044152,149778595840.0,0.0003,129.81909656524658,152.921875,0,0,exported_float_payload,False
operand_hybrid_plain_h16,Operand hybrid + plain H16,35720,2.4691410064697266,2.9569406509399414,0.2812056839466095,34913.438361739565,89.86633677937657,149820538880.0,0.0003,129.81909656524658,152.921875,0,0,exported_float_payload,False
operand_hybrid_plain_h16,Operand hybrid + plain H16,35730,2.4445512294769287,2.9726364612579346,0.11903730034828186,35002.88493853215,90.09657008125079,149862481920.0,0.0003,129.81909656524658,152.921875,0,0,exported_float_payload,False
operand_hybrid_plain_h16,Operand hybrid + plain H16,35740,2.4468207359313965,2.883166790008545,0.09863235801458359,35021.42970134827,90.14430384735711,149904424960.0,0.0003,129.81909656524658,152.921875,0,0,exported_float_payload,False
operand_hybrid_plain_h16,Operand hybrid + plain H16,35750,2.4642393589019775,3.0186445713043213,0.10958728939294815,34934.00193883164,89.91926692407324,149946368000.0,0.0003,129.81909656524658,152.921875,0,0,exported_float_payload,False
operand_hybrid_plain_h16,Operand hybrid + plain H16,35760,2.4705522060394287,2.9285836219787598,0.09840965270996094,34994.642384662984,90.0753539491055,149988311040.0,0.0003,129.81909656524658,152.921875,0,0,exported_float_payload,False
operand_hybrid_plain_h16,Operand hybrid + plain H16,35770,2.456488609313965,3.4138805866241455,0.18182480335235596,34931.85917963315,89.91375151428251,150030254080.0,0.0003,129.81909656524658,152.921875,0,0,exported_float_payload,False
operand_hybrid_plain_h16,Operand hybrid + plain H16,35780,2.4423139095306396,2.9828882217407227,0.15363094210624695,34909.57813634156,89.85640065357688,150072197120.0,0.0003,129.81909656524658,152.921875,0,0,exported_float_payload,False
operand_hybrid_plain_h16,Operand hybrid + plain H16,35790,2.466524124145508,3.003096580505371,0.17048576474189758,34980.62009035882,90.03926090638363,150114140160.0,0.0003,129.81909656524658,152.921875,0,0,exported_float_payload,False
operand_hybrid_plain_h16,Operand hybrid + plain H16,35800,2.4494640827178955,3.2465877532958984,0.11018296331167221,34974.49399732977,90.02349249269759,150156083200.0,0.0003,129.81909656524658,152.921875,0,0,exported_float_payload,False
operand_hybrid_plain_h16,Operand hybrid + plain H16,35810,2.4327805042266846,2.9170777797698975,0.21662947535514832,34985.73052243397,90.05241503360523,150198026240.0,0.0003,129.81909656524658,152.921875,0,0,exported_float_payload,False
operand_hybrid_plain_h16,Operand hybrid + plain H16,35820,2.4920713901519775,4.0484619140625,0.11942948400974274,34893.39767405927,89.81475253924222,150239969280.0,0.0003,129.81909656524658,152.921875,0,0,exported_float_payload,False
operand_hybrid_plain_h16,Operand hybrid + plain H16,35830,2.4536492824554443,2.909946918487549,0.10230269283056259,34932.705382683474,89.91592962024608,150281912320.0,0.0003,129.81909656524658,152.921875,0,0,exported_float_payload,False
operand_hybrid_plain_h16,Operand hybrid + plain H16,35840,2.4549407958984375,3.040045738220215,0.09777674078941345,34928.76800269208,89.90579490040929,150323855360.0,0.0003,129.81909656524658,152.921875,0,0,exported_float_payload,False
operand_hybrid_plain_h16,Operand hybrid + plain H16,35850,2.494706869125366,3.0437731742858887,0.09929344803094864,34920.9520778808,89.88567690102877,150365798400.0,0.0003,129.81909656524658,152.921875,0,0,exported_float_payload,False
operand_hybrid_plain_h16,Operand hybrid + plain H16,35860,2.4669744968414307,2.92877197265625,0.19468620419502258,34953.75214905317,89.97010348233033,150407741440.0,0.0003,129.81909656524658,152.921875,0,0,exported_float_payload,False
operand_hybrid_plain_h16,Operand hybrid + plain H16,35870,2.4618847370147705,3.337310314178467,0.11741209775209427,35000.165289875746,90.08956977209915,150449684480.0,0.0003,129.81909656524658,152.921875,0,0,exported_float_payload,False
operand_hybrid_plain_h16,Operand hybrid + plain H16,35880,2.4503066539764404,2.8901615142822266,0.33509722352027893,34914.97808268078,89.87029998343615,150491627520.0,0.0003,129.81909656524658,152.921875,0,0,exported_float_payload,False
operand_hybrid_plain_h16,Operand hybrid + plain H16,35890,2.4589180946350098,2.932279586791992,0.13581693172454834,34966.97312487861,90.0041339508786,150533570560.0,0.0003,129.81909656524658,152.921875,0,0,exported_float_payload,False
operand_hybrid_plain_h16,Operand hybrid + plain H16,35900,2.4900436401367188,4.520089626312256,0.08097928762435913,34970.896030433854,90.01423141387059,150575513600.0,0.0003,129.81909656524658,152.921875,0,0,exported_float_payload,False
operand_hybrid_plain_h16,Operand hybrid + plain H16,35910,2.449444532394409,3.015449047088623,0.17796845734119415,34960.011007402354,89.98621363070455,150617456640.0,0.0003,129.81909656524658,152.921875,0,0,exported_float_payload,False
operand_hybrid_plain_h16,Operand hybrid + plain H16,35920,2.431464672088623,2.8771371841430664,0.1069960668683052,34944.59410973843,89.94653091302992,150659399680.0,0.0003,129.81909656524658,152.921875,0,0,exported_float_payload,False
operand_hybrid_plain_h16,Operand hybrid + plain H16,35930,2.4481475353240967,3.0951828956604004,0.14484912157058716,34930.97469397911,89.9114748698329,150701342720.0,0.0003,129.81909656524658,152.921875,0,0,exported_float_payload,False
operand_hybrid_plain_h16,Operand hybrid + plain H16,35940,2.4694952964782715,2.835966110229492,0.11950921267271042,34931.38861684036,89.91254029715819,150743285760.0,0.0003,129.81909656524658,152.921875,0,0,exported_float_payload,False
operand_hybrid_plain_h16,Operand hybrid + plain H16,35950,2.4719438552856445,3.403944253921509,0.2577176094055176,34974.9217861363,90.02459361062701,150785228800.0,0.0003,129.81909656524658,152.921875,0,0,exported_float_payload,False
operand_hybrid_plain_h16,Operand hybrid + plain H16,35960,2.4525585174560547,4.235747337341309,0.10525232553482056,34962.20831990801,89.99186945937421,150827171840.0,0.0003,129.81909656524658,152.921875,0,0,exported_float_payload,False
operand_hybrid_plain_h16,Operand hybrid + plain H16,35970,2.4629976749420166,3.1052377223968506,0.14304600656032562,34954.19627681407,89.97124665632884,150869114880.0,0.0003,129.81909656524658,152.921875,0,0,exported_float_payload,False
operand_hybrid_plain_h16,Operand hybrid + plain H16,35980,2.441012144088745,2.85701847076416,0.06188960373401642,34966.63229163701,90.0032566544474,150911057920.0,0.0003,129.81909656524658,152.921875,0,0,exported_float_payload,False
operand_hybrid_plain_h16,Operand hybrid + plain H16,35990,2.426173448562622,3.125800132751465,0.3584557771682739,34973.77151885324,90.02163285076215,150953000960.0,0.0003,129.81909656524658,152.921875,0,0,exported_float_payload,False
operand_hybrid_plain_h16,Operand hybrid + plain H16,36000,2.451436758041382,2.8998470306396484,0.13599999248981476,34987.7864073088,90.05770683101076,150994944000.0,0.0003,129.81909656524658,152.921875,0,0,exported_float_payload,False
operand_hybrid_plain_h16,Operand hybrid + plain H16,36010,2.476640224456787,3.0955634117126465,0.11253968626260757,27994.014926718053,72.05591002369535,151036887040.0,0.0003,129.81909656524658,152.921875,0,0,exported_float_payload,False
operand_hybrid_plain_h16,Operand hybrid + plain H16,36020,2.4497859477996826,2.8940744400024414,0.1960853785276413,34917.65201797658,89.87718262751518,151078830080.0,0.0003,129.81909656524658,152.921875,0,0,exported_float_payload,False
operand_hybrid_plain_h16,Operand hybrid + plain H16,36030,2.446791172027588,3.016141414642334,0.14424072206020355,34863.72317707907,89.7383711094973,151120773120.0,0.0003,129.81909656524658,152.921875,0,0,exported_float_payload,False
operand_hybrid_plain_h16,Operand hybrid + plain H16,36040,2.4575440883636475,5.001707077026367,0.11238657683134079,34907.050033506894,89.84989337868753,151162716160.0,0.0003,129.81909656524658,152.921875,0,0,exported_float_payload,False
operand_hybrid_plain_h16,Operand hybrid + plain H16,36050,2.4718129634857178,3.4643609523773193,0.13230158388614655,34931.28025188013,89.91226136839985,151204659200.0,0.0003,129.81909656524658,152.921875,0,0,exported_float_payload,False
operand_hybrid_plain_h16,Operand hybrid + plain H16,36060,2.522392988204956,5.245311737060547,0.1882154643535614,34944.98636622467,89.94754057163563,151246602240.0,0.0003,129.81909656524658,152.921875,0,0,exported_float_payload,False
operand_hybrid_plain_h16,Operand hybrid + plain H16,36070,2.452468156814575,2.905812978744507,0.24571460485458374,34904.02035077722,89.84209504941101,151288545280.0,0.0003,129.81909656524658,152.921875,0,0,exported_float_payload,False
operand_hybrid_plain_h16,Operand hybrid + plain H16,36080,2.4418694972991943,2.8742902278900146,0.07365711778402328,34915.561935607955,89.87180280659668,151330488320.0,0.0003,129.81909656524658,152.921875,0,0,exported_float_payload,False
operand_hybrid_plain_h16,Operand hybrid + plain H16,36090,2.4630775451660156,3.008416175842285,0.4647151231765747,34951.19602056969,89.96352407010608,151372431360.0,0.0003,129.81909656524658,152.921875,0,0,exported_float_payload,False
operand_hybrid_plain_h16,Operand hybrid + plain H16,36100,2.472933530807495,3.1010351181030273,0.1587195247411728,34945.97665553244,89.95008955210322,151414374400.0,0.0003,129.81909656524658,152.921875,0,0,exported_float_payload,False
operand_hybrid_plain_h16,Operand hybrid + plain H16,36110,2.4438138008117676,2.8452773094177246,0.08396166563034058,34952.983589350435,89.96812522844523,151456317440.0,0.0003,129.81909656524658,152.921875,0,0,exported_float_payload,False
operand_hybrid_plain_h16,Operand hybrid + plain H16,36120,2.4699673652648926,2.930084705352783,0.20556169748306274,34931.76302075018,89.91350400366862,151498260480.0,0.0003,129.81909656524658,152.921875,0,0,exported_float_payload,False
operand_hybrid_plain_h16,Operand hybrid + plain H16,36130,2.422353744506836,2.929593563079834,0.10898016393184662,34911.50244966585,89.86135378902802,151540203520.0,0.0003,129.81909656524658,152.921875,0,0,exported_float_payload,False
operand_hybrid_plain_h16,Operand hybrid + plain H16,36140,2.5241928100585938,5.201210975646973,0.134308859705925,34938.341043690176,89.93043567389668,151582146560.0,0.0003,129.81909656524658,152.921875,0,0,exported_float_payload,False
operand_hybrid_plain_h16,Operand hybrid + plain H16,36150,2.4426984786987305,3.2614049911499023,0.09350109100341797,34911.64595670326,89.86172317263384,151624089600.0,0.0003,129.81909656524658,152.921875,0,0,exported_float_payload,False
operand_hybrid_plain_h16,Operand hybrid + plain H16,36160,2.4281198978424072,2.930405855178833,0.21195542812347412,34916.47082948545,89.8741422772167,151666032640.0,0.0003,129.81909656524658,152.921875,0,0,exported_float_payload,False
operand_hybrid_plain_h16,Operand hybrid + plain H16,36170,2.446713447570801,2.9465060234069824,0.0886954814195633,34992.74247833539,90.0704636366672,151707975680.0,0.0003,129.81909656524658,152.921875,0,0,exported_float_payload,False
operand_hybrid_plain_h16,Operand hybrid + plain H16,36180,2.4469096660614014,2.9996116161346436,0.12945351004600525,34927.99316189713,89.9038004791464,151749918720.0,0.0003,129.81909656524658,152.921875,0,0,exported_float_payload,False
operand_hybrid_plain_h16,Operand hybrid + plain H16,36190,2.466726303100586,3.0598411560058594,0.11590954661369324,34914.23338767603,89.86838315670025,151791861760.0,0.0003,129.81909656524658,152.921875,0,0,exported_float_payload,False
operand_hybrid_plain_h16,Operand hybrid + plain H16,36200,2.4698920249938965,2.9751970767974854,0.09919244050979614,34928.9899701802,89.90636623929704,151833804800.0,0.0003,129.81909656524658,152.921875,0,0,exported_float_payload,False
operand_hybrid_plain_h16,Operand hybrid + plain H16,36210,2.4617152214050293,4.737839698791504,0.21763290464878082,34941.66189394516,89.93898346126485,151875747840.0,0.0003,129.81909656524658,152.921875,0,0,exported_float_payload,False
operand_hybrid_plain_h16,Operand hybrid + plain H16,36220,2.4487195014953613,3.0162224769592285,0.1256057620048523,34923.7578799098,89.89289896685517,151917690880.0,0.0003,129.81909656524658,152.921875,0,0,exported_float_payload,False
operand_hybrid_plain_h16,Operand hybrid + plain H16,36230,2.469672441482544,3.171590566635132,0.06901504844427109,34942.55160486397,89.94127355541822,151959633920.0,0.0003,129.81909656524658,152.921875,0,0,exported_float_payload,False
operand_hybrid_plain_h16,Operand hybrid + plain H16,36240,2.469275951385498,2.9432642459869385,0.10603982210159302,34919.71992420894,89.88250536760111,152001576960.0,0.0003,129.81909656524658,152.921875,0,0,exported_float_payload,False
operand_hybrid_plain_h16,Operand hybrid + plain H16,36250,2.4503250122070312,2.8943843841552734,0.09078013151884079,29381.92710786681,75.62836204629524,152043520000.0,0.0003,129.81909656524658,152.921875,0,0,exported_float_payload,False
operand_hybrid_plain_h16,Operand hybrid + plain H16,36260,2.4343438148498535,2.9245142936706543,0.15754275023937225,33495.11743552857,86.21561339041946,152085463040.0,0.0003,129.81909656524658,152.921875,0,0,exported_float_payload,False
operand_hybrid_plain_h16,Operand hybrid + plain H16,36270,2.452028274536133,2.837967872619629,0.16638508439064026,34909.311721713995,89.85571490883885,152127406080.0,0.0003,129.81909656524658,152.921875,0,0,exported_float_payload,False
operand_hybrid_plain_h16,Operand hybrid + plain H16,36280,2.4511609077453613,2.961132287979126,0.11926767975091934,34994.202068140985,90.07422058514273,152169349120.0,0.0003,129.81909656524658,152.921875,0,0,exported_float_payload,False
operand_hybrid_plain_h16,Operand hybrid + plain H16,36290,2.457430839538574,2.9747774600982666,0.07349033653736115,34948.615437043576,89.95688171119996,152211292160.0,0.0003,129.81909656524658,152.921875,0,0,exported_float_payload,False
operand_hybrid_plain_h16,Operand hybrid + plain H16,36300,2.496103525161743,3.2737183570861816,0.16065171360969543,34912.08473746012,89.86285258357469,152253235200.0,0.0003,129.81909656524658,152.921875,0,0,exported_float_payload,False
operand_hybrid_plain_h16,Operand hybrid + plain H16,36310,2.4740383625030518,3.1349616050720215,0.19343656301498413,34893.29170725556,89.81447978328015,152295178240.0,0.0003,129.81909656524658,152.921875,0,0,exported_float_payload,False
operand_hybrid_plain_h16,Operand hybrid + plain H16,36320,2.4630234241485596,3.104630470275879,0.1101294755935669,34982.02528145212,90.04287783390369,152337121280.0,0.0003,129.81909656524658,152.921875,0,0,exported_float_payload,False
operand_hybrid_plain_h16,Operand hybrid + plain H16,36330,2.4577088356018066,3.2927582263946533,0.11999063938856125,34930.4441531328,89.91010927066516,152379064320.0,0.0003,129.81909656524658,152.921875,0,0,exported_float_payload,False
operand_hybrid_plain_h16,Operand hybrid + plain H16,36340,2.483553409576416,3.072096586227417,0.1685894876718521,34978.75469512626,90.03445942466021,152421007360.0,0.0003,129.81909656524658,152.921875,0,0,exported_float_payload,False
operand_hybrid_plain_h16,Operand hybrid + plain H16,36350,2.447222948074341,2.873429298400879,0.11986955255270004,34969.652716509474,90.01103115422578,152462950400.0,0.0003,129.81909656524658,152.921875,0,0,exported_float_payload,False
operand_hybrid_plain_h16,Operand hybrid + plain H16,36360,2.4547531604766846,3.048529624938965,0.20636485517024994,34971.483988765955,90.01574480424301,152504893440.0,0.0003,129.81909656524658,152.921875,0,0,exported_float_payload,False
operand_hybrid_plain_h16,Operand hybrid + plain H16,36370,2.4601147174835205,2.8819456100463867,0.10476800054311752,34955.468453485686,89.97452120797941,152546836480.0,0.0003,129.81909656524658,152.921875,0,0,exported_float_payload,False
operand_hybrid_plain_h16,Operand hybrid + plain H16,36380,2.5043203830718994,3.1413733959198,0.07649726420640945,34896.09750323934,89.8217018335463,152588779520.0,0.0003,129.81909656524658,152.921875,0,0,exported_float_payload,False
operand_hybrid_plain_h16,Operand hybrid + plain H16,36390,2.445389986038208,3.0495285987854004,0.15656861662864685,34943.22279999549,89.94300119527739,152630722560.0,0.0003,129.81909656524658,152.921875,0,0,exported_float_payload,False
operand_hybrid_plain_h16,Operand hybrid + plain H16,36400,2.485421657562256,2.9637410640716553,0.1611398160457611,34912.972656305785,89.86513806497558,152672665600.0,0.0003,129.81909656524658,152.921875,0,0,exported_float_payload,False
operand_hybrid_plain_h16,Operand hybrid + plain H16,36410,2.4619204998016357,2.9899728298187256,0.10575477033853531,34902.69992657476,89.83869630979562,152714608640.0,0.0003,129.81909656524658,152.921875,0,0,exported_float_payload,False
operand_hybrid_plain_h16,Operand hybrid + plain H16,36420,2.4854233264923096,3.0976884365081787,0.266128808259964,34973.337356472315,90.02051532740805,152756551680.0,0.0003,129.81909656524658,152.921875,0,0,exported_float_payload,False
operand_hybrid_plain_h16,Operand hybrid + plain H16,36430,2.4590444564819336,2.949977397918701,0.20789435505867004,34959.423753702,89.98470205403702,152798494720.0,0.0003,129.81909656524658,152.921875,0,0,exported_float_payload,False
operand_hybrid_plain_h16,Operand hybrid + plain H16,36440,2.4708826541900635,2.8799777030944824,0.11025840044021606,34903.78289401303,89.84148384150534,152840437760.0,0.0003,129.81909656524658,152.921875,0,0,exported_float_payload,False
operand_hybrid_plain_h16,Operand hybrid + plain H16,36450,2.4604694843292236,3.087352752685547,0.18777529895305634,34915.51996057955,89.87169476389977,152882380800.0,0.0003,129.81909656524658,152.921875,0,0,exported_float_payload,False
operand_hybrid_plain_h16,Operand hybrid + plain H16,36460,2.4443747997283936,3.017282247543335,0.09981479495763779,34922.259241775806,89.88904150893698,152924323840.0,0.0003,129.81909656524658,152.921875,0,0,exported_float_payload,False
operand_hybrid_plain_h16,Operand hybrid + plain H16,36470,2.434338331222534,3.0361971855163574,0.11894528567790985,34949.1082796697,89.95815027607058,152966266880.0,0.0003,129.81909656524658,152.921875,0,0,exported_float_payload,False
operand_hybrid_plain_h16,Operand hybrid + plain H16,36480,2.4447503089904785,3.015955924987793,0.13934767246246338,34942.223726066135,89.94042960340859,153008209920.0,0.0003,129.81909656524658,152.921875,0,0,exported_float_payload,False
operand_hybrid_plain_h16,Operand hybrid + plain H16,36490,2.4542157649993896,2.9227516651153564,0.09309166669845581,34885.12040939564,89.7934470623606,153050152960.0,0.0003,129.81909656524658,152.921875,0,0,exported_float_payload,False
operand_hybrid_plain_h16,Operand hybrid + plain H16,36500,2.4611942768096924,2.9184188842773438,0.860166609287262,34948.38171149943,89.95628010736345,153092096000.0,0.0003,129.81909656524658,152.921875,0,0,exported_float_payload,False
operand_hybrid_plain_h16,Operand hybrid + plain H16,36510,2.4374659061431885,2.978966236114502,0.19974245131015778,34924.087215518426,89.89374666866019,153134039040.0,0.0003,129.81909656524658,152.921875,0,0,exported_float_payload,False
operand_hybrid_plain_h16,Operand hybrid + plain H16,36520,2.4648993015289307,2.9633517265319824,0.07946976274251938,34956.19197146762,89.97638352557634,153175982080.0,0.0003,129.81909656524658,152.921875,0,0,exported_float_payload,False
operand_hybrid_plain_h16,Operand hybrid + plain H16,36530,2.4395930767059326,2.9370718002319336,0.22135619819164276,34898.68723679949,89.82836774441631,153217925120.0,0.0003,129.81909656524658,152.921875,0,0,exported_float_payload,False
operand_hybrid_plain_h16,Operand hybrid + plain H16,36540,2.464581251144409,3.0192298889160156,0.13681989908218384,34901.42148034225,89.8354056204486,153259868160.0,0.0003,129.81909656524658,152.921875,0,0,exported_float_payload,False
operand_hybrid_plain_h16,Operand hybrid + plain H16,36550,2.4529671669006348,2.9032340049743652,0.1481345146894455,34920.85504821838,89.88542714904989,153301811200.0,0.0003,129.81909656524658,152.921875,0,0,exported_float_payload,False
operand_hybrid_plain_h16,Operand hybrid + plain H16,36560,2.42864727973938,3.0359394550323486,0.1647365540266037,34925.840980789515,89.8982608175919,153343754240.0,0.0003,129.81909656524658,152.921875,0,0,exported_float_payload,False
operand_hybrid_plain_h16,Operand hybrid + plain H16,36570,2.449768304824829,2.8437094688415527,0.1484397053718567,34909.26750948562,89.8556011076439,153385697280.0,0.0003,129.81909656524658,152.921875,0,0,exported_float_payload,False
operand_hybrid_plain_h16,Operand hybrid + plain H16,36580,2.4493563175201416,2.9375815391540527,0.13312989473342896,34863.82833346626,89.73864177946706,153427640320.0,0.0003,129.81909656524658,152.921875,0,0,exported_float_payload,False
operand_hybrid_plain_h16,Operand hybrid + plain H16,36590,2.443507194519043,2.893148899078369,0.1310162991285324,34978.0852443196,90.0327362746506,153469583360.0,0.0003,129.81909656524658,152.921875,0,0,exported_float_payload,False
operand_hybrid_plain_h16,Operand hybrid + plain H16,36600,2.476233720779419,3.1436100006103516,0.14355003833770752,34925.57859513219,89.89758544332476,153511526400.0,0.0003,129.81909656524658,152.921875,0,0,exported_float_payload,False
operand_hybrid_plain_h16,Operand hybrid + plain H16,36610,2.465001106262207,3.0385868549346924,0.2797694504261017,34960.479466224955,89.98741943226105,153553469440.0,0.0003,129.81909656524658,152.921875,0,0,exported_float_payload,False
operand_hybrid_plain_h16,Operand hybrid + plain H16,36620,2.467531204223633,3.0469350814819336,0.2528889775276184,34917.18777029618,89.87598766533576,153595412480.0,0.0003,129.81909656524658,152.921875,0,0,exported_float_payload,False
operand_hybrid_plain_h16,Operand hybrid + plain H16,36630,2.4890129566192627,2.9297993183135986,0.1555914282798767,34907.14532044759,89.8501386449433,153637355520.0,0.0003,129.81909656524658,152.921875,0,0,exported_float_payload,False
operand_hybrid_plain_h16,Operand hybrid + plain H16,36640,2.465263843536377,3.199091911315918,0.30988264083862305,34947.05848248012,89.95287414821804,153679298560.0,0.0003,129.81909656524658,152.921875,0,0,exported_float_payload,False
operand_hybrid_plain_h16,Operand hybrid + plain H16,36650,2.474853754043579,2.981708526611328,0.11962802708148956,34863.207585059194,89.73704398824333,153721241600.0,0.0003,129.81909656524658,152.921875,0,0,exported_float_payload,False
operand_hybrid_plain_h16,Operand hybrid + plain H16,36660,2.462886095046997,2.8921661376953125,0.12925495207309723,34899.538174206486,89.8305580364982,153763184640.0,0.0003,129.81909656524658,152.921875,0,0,exported_float_payload,False
operand_hybrid_plain_h16,Operand hybrid + plain H16,36670,2.5115272998809814,4.885243892669678,0.14561344683170319,34893.69504130135,89.8155179552533,153805127680.0,0.0003,129.81909656524658,152.921875,0,0,exported_float_payload,False
operand_hybrid_plain_h16,Operand hybrid + plain H16,36680,2.472411870956421,3.2860219478607178,0.20436252653598785,34948.10254004382,89.9555615268619,153847070720.0,0.0003,129.81909656524658,152.921875,0,0,exported_float_payload,False
operand_hybrid_plain_h16,Operand hybrid + plain H16,36690,2.4551098346710205,3.1296982765197754,0.13014428317546844,34862.22063500522,89.73450360293336,153889013760.0,0.0003,129.81909656524658,152.921875,0,0,exported_float_payload,False
operand_hybrid_plain_h16,Operand hybrid + plain H16,36700,2.4714155197143555,3.0984320640563965,0.10946893692016602,34916.930351341376,89.87532507523947,153930956800.0,0.0003,129.81909656524658,152.921875,0,0,exported_float_payload,False
operand_hybrid_plain_h16,Operand hybrid + plain H16,36710,2.491691827774048,2.9657058715820312,0.18069078028202057,34876.39381494867,89.77098502160189,153972899840.0,0.0003,129.81909656524658,152.921875,0,0,exported_float_payload,False
operand_hybrid_plain_h16,Operand hybrid + plain H16,36720,2.4316020011901855,2.857393264770508,0.20278353989124298,34927.77876298542,89.90324862158927,154014842880.0,0.0003,129.81909656524658,152.921875,0,0,exported_float_payload,False
operand_hybrid_plain_h16,Operand hybrid + plain H16,36730,2.460289716720581,3.1288158893585205,0.19642214477062225,34893.27514852046,89.81443716150083,154056785920.0,0.0003,129.81909656524658,152.921875,0,0,exported_float_payload,False
operand_hybrid_plain_h16,Operand hybrid + plain H16,36740,2.4422028064727783,2.930826187133789,0.10810460895299911,34902.91445678264,89.83924850530587,154098728960.0,0.0003,129.81909656524658,152.921875,0,0,exported_float_payload,False
operand_hybrid_plain_h16,Operand hybrid + plain H16,36750,2.4753758907318115,2.9077744483947754,1.220241665840149,34906.21908800456,89.84775454527947,154140672000.0,0.0003,129.81909656524658,152.921875,0,0,exported_float_payload,False
operand_hybrid_plain_h16,Operand hybrid + plain H16,36760,2.4354913234710693,3.0064070224761963,0.08587270975112915,34950.86764210066,89.96267883195499,154182615040.0,0.0003,129.81909656524658,152.921875,0,0,exported_float_payload,False
operand_hybrid_plain_h16,Operand hybrid + plain H16,36770,2.4426639080047607,3.4588093757629395,0.08553991466760635,34896.965220535465,89.82393531665257,154224558080.0,0.0003,129.81909656524658,152.921875,0,0,exported_float_payload,False
operand_hybrid_plain_h16,Operand hybrid + plain H16,36780,2.4955883026123047,3.1370677947998047,0.22276513278484344,34900.887454196825,89.83403105020615,154266501120.0,0.0003,129.81909656524658,152.921875,0,0,exported_float_payload,False
operand_hybrid_plain_h16,Operand hybrid + plain H16,36790,2.438717842102051,2.8630828857421875,0.10970209538936615,34870.307053364675,89.75531784609383,154308444160.0,0.0003,129.81909656524658,152.921875,0,0,exported_float_payload,False
operand_hybrid_plain_h16,Operand hybrid + plain H16,36800,2.455047845840454,3.4199390411376953,0.10128173232078552,34930.89114239556,89.91125981009951,154350387200.0,0.0003,129.81909656524658,152.921875,0,0,exported_float_payload,False
operand_hybrid_plain_h16,Operand hybrid + plain H16,36810,2.436574697494507,2.9928689002990723,0.3497680425643921,34869.401084527744,89.75298590445671,154392330240.0,0.0003,129.81909656524658,152.921875,0,0,exported_float_payload,False
operand_hybrid_plain_h16,Operand hybrid + plain H16,36820,2.4528920650482178,2.9929661750793457,0.13543318212032318,34891.66620070646,89.81029576916315,154434273280.0,0.0003,129.81909656524658,152.921875,0,0,exported_float_payload,False
operand_hybrid_plain_h16,Operand hybrid + plain H16,36830,2.4818711280822754,3.1061582565307617,0.19598892331123352,34954.79293035625,89.97278242795943,154476216320.0,0.0003,129.81909656524658,152.921875,0,0,exported_float_payload,False
operand_hybrid_plain_h16,Operand hybrid + plain H16,36840,2.464688539505005,2.8900203704833984,0.13760749995708466,34967.58372827332,90.00570562908854,154518159360.0,0.0003,129.81909656524658,152.921875,0,0,exported_float_payload,False
operand_hybrid_plain_h16,Operand hybrid + plain H16,36850,2.461259603500366,2.907970905303955,0.19125083088874817,34859.981550944205,89.72874025530143,154560102400.0,0.0003,129.81909656524658,152.921875,0,0,exported_float_payload,False
operand_hybrid_plain_h16,Operand hybrid + plain H16,36860,2.4548540115356445,3.2340009212493896,0.17054660618305206,34910.140915867356,89.85784923431747,154602045440.0,0.0003,129.81909656524658,152.921875,0,0,exported_float_payload,False
operand_hybrid_plain_h16,Operand hybrid + plain H16,36870,2.4599416255950928,2.937908411026001,0.14958706498146057,34899.89054322847,89.83146502574607,154643988480.0,0.0003,129.81909656524658,152.921875,0,0,exported_float_payload,False
operand_hybrid_plain_h16,Operand hybrid + plain H16,36880,2.456866979598999,3.0471224784851074,0.23272953927516937,34903.30953659353,89.8402654310802,154685931520.0,0.0003,129.81909656524658,152.921875,0,0,exported_float_payload,False
operand_hybrid_plain_h16,Operand hybrid + plain H16,36890,2.4659221172332764,2.8656539916992188,0.1198563203215599,34885.2692093871,89.79383006990078,154727874560.0,0.0003,129.81909656524658,152.921875,0,0,exported_float_payload,False
operand_hybrid_plain_h16,Operand hybrid + plain H16,36900,2.475792407989502,2.950862407684326,0.28896358609199524,34941.93730175461,89.93969235423322,154769817600.0,0.0003,129.81909656524658,152.921875,0,0,exported_float_payload,False
operand_hybrid_plain_h16,Operand hybrid + plain H16,36910,2.4702725410461426,2.8738179206848145,0.1405525654554367,34935.67812443693,89.92358138484187,154811760640.0,0.0003,129.81909656524658,152.921875,0,0,exported_float_payload,False
operand_hybrid_plain_h16,Operand hybrid + plain H16,36920,2.4549286365509033,2.926856517791748,0.28992408514022827,34953.557306690265,89.96960196285171,154853703680.0,0.0003,129.81909656524658,152.921875,0,0,exported_float_payload,False
operand_hybrid_plain_h16,Operand hybrid + plain H16,36930,2.467064380645752,3.033778667449951,0.13896901905536652,34907.27838139023,89.85048114055657,154895646720.0,0.0003,129.81909656524658,152.921875,0,0,exported_float_payload,False
operand_hybrid_plain_h16,Operand hybrid + plain H16,36940,2.5208089351654053,4.02331018447876,0.22919048368930817,34928.641680314395,89.90546974969745,154937589760.0,0.0003,129.81909656524658,152.921875,0,0,exported_float_payload,False
operand_hybrid_plain_h16,Operand hybrid + plain H16,36950,2.470979928970337,2.9857780933380127,0.1465693563222885,34896.79706610619,89.82350249126266,154979532800.0,0.0003,129.81909656524658,152.921875,0,0,exported_float_payload,False
operand_hybrid_plain_h16,Operand hybrid + plain H16,36960,2.487661361694336,3.1461291313171387,0.1950683295726776,34993.99821261215,90.07369586599536,155021475840.0,0.0003,129.81909656524658,152.921875,0,0,exported_float_payload,False
operand_hybrid_plain_h16,Operand hybrid + plain H16,36970,2.480905055999756,3.123776435852051,0.26066523790359497,34982.852118566036,90.04500609242038,155063418880.0,0.0003,129.81909656524658,152.921875,0,0,exported_float_payload,False
operand_hybrid_plain_h16,Operand hybrid + plain H16,36980,2.453415632247925,2.862773895263672,0.06878039985895157,34945.85217296116,89.9497691370081,155105361920.0,0.0003,129.81909656524658,152.921875,0,0,exported_float_payload,False
operand_hybrid_plain_h16,Operand hybrid + plain H16,36990,2.4797897338867188,3.0069003105163574,0.1558770388364792,34978.257356776885,90.03317928790784,155147304960.0,0.0003,129.81909656524658,152.921875,0,0,exported_float_payload,False
operand_hybrid_plain_h16,Operand hybrid + plain H16,37000,2.458416223526001,2.987337112426758,0.3116280138492584,34970.588357031724,90.01343947005552,155189248000.0,0.0003,129.81909656524658,152.921875,0,0,exported_float_payload,False
operand_hybrid_plain_h16,Operand hybrid + plain H16,37010,2.4775514602661133,2.965886116027832,0.14712409675121307,4467.930094102181,11.500342830264072,155231191040.0,0.0003,148.82070589065552,162.220703125,0,0,exported_float_payload,False
operand_hybrid_plain_h16,Operand hybrid + plain H16,37020,2.4946160316467285,3.000277042388916,0.12295364588499069,34520.84512782018,88.85581139338747,155273134080.0,0.0003,143.03017807006836,162.220703125,0,0,exported_float_payload,False
operand_hybrid_plain_h16,Operand hybrid + plain H16,37030,2.446275472640991,2.8867738246917725,0.1931307017803192,34396.79912195552,88.53652000696857,155315077120.0,0.0003,143.03017807006836,162.220703125,0,0,exported_float_payload,False
operand_hybrid_plain_h16,Operand hybrid + plain H16,37040,2.4697399139404297,2.986055374145508,0.18464520573616028,34397.423283024254,88.53812658230001,155357020160.0,0.0003,143.03017807006836,162.220703125,0,0,exported_float_payload,False
operand_hybrid_plain_h16,Operand hybrid + plain H16,37050,2.4507598876953125,2.8397274017333984,0.09913375973701477,34360.275693588635,88.44250959527699,155398963200.0,0.0003,143.03017807006836,162.220703125,0,0,exported_float_payload,False
operand_hybrid_plain_h16,Operand hybrid + plain H16,37060,2.479780912399292,3.088641405105591,0.09771709889173508,30132.755666007386,77.56097639869249,155440906240.0,0.0003,143.03017807006836,162.220703125,0,0,exported_float_payload,False
operand_hybrid_plain_h16,Operand hybrid + plain H16,37070,2.474701404571533,3.220120429992676,0.14294052124023438,34356.34154912979,88.43238320362188,155482849280.0,0.0003,143.03017807006836,162.220703125,0,0,exported_float_payload,False
operand_hybrid_plain_h16,Operand hybrid + plain H16,37080,2.4652113914489746,3.0052084922790527,0.24130475521087646,34352.75863220301,88.42316086304751,155524792320.0,0.0003,143.03017807006836,162.220703125,0,0,exported_float_payload,False
operand_hybrid_plain_h16,Operand hybrid + plain H16,37090,2.4596729278564453,2.9680376052856445,0.19366052746772766,34353.45106245734,88.42494316159362,155566735360.0,0.0003,143.03017807006836,162.220703125,0,0,exported_float_payload,False
operand_hybrid_plain_h16,Operand hybrid + plain H16,37100,2.4468777179718018,3.054265022277832,0.15633657574653625,34359.31940911516,88.4400481424215,155608678400.0,0.0003,143.03017807006836,162.220703125,0,0,exported_float_payload,False
operand_hybrid_plain_h16,Operand hybrid + plain H16,37110,2.4430360794067383,3.3008785247802734,0.3396190404891968,34322.40590218329,88.3450336780403,155650621440.0,0.0003,143.03017807006836,162.220703125,0,0,exported_float_payload,False
operand_hybrid_plain_h16,Operand hybrid + plain H16,37120,2.466740608215332,2.842867851257324,0.158145472407341,26806.56734824417,68.99944898742197,155692564480.0,0.0003,143.03017807006836,162.220703125,0,0,exported_float_payload,False
operand_hybrid_plain_h16,Operand hybrid + plain H16,37130,2.4845945835113525,2.93483304977417,0.11563735455274582,34399.685022388316,88.5439482441281,155734507520.0,0.0003,143.03017807006836,162.220703125,0,0,exported_float_payload,False
operand_hybrid_plain_h16,Operand hybrid + plain H16,37140,2.436098337173462,2.911736249923706,0.11929101496934891,34377.39640494976,88.48657788775337,155776450560.0,0.0003,143.03017807006836,162.220703125,0,0,exported_float_payload,False
operand_hybrid_plain_h16,Operand hybrid + plain H16,37150,2.492720127105713,2.929136276245117,0.16043588519096375,32136.650271261173,82.71895212140043,155818393600.0,0.0003,143.03017807006836,162.220703125,0,0,exported_float_payload,False
operand_hybrid_plain_h16,Operand hybrid + plain H16,37160,2.4537289142608643,3.086258888244629,0.13669908046722412,34320.02344466685,88.33890129063928,155860336640.0,0.0003,143.03017807006836,162.279296875,0,0,exported_float_payload,False
operand_hybrid_plain_h16,Operand hybrid + plain H16,37170,2.506948709487915,3.457852840423584,0.298348069190979,34358.923331725455,88.43902864890372,155902279680.0,0.0003,143.03017807006836,162.279296875,0,0,exported_float_payload,False
operand_hybrid_plain_h16,Operand hybrid + plain H16,37180,2.4499611854553223,3.404625415802002,0.1412808895111084,34309.61852210475,88.312119274344,155944222720.0,0.0003,143.03017807006836,162.279296875,0,0,exported_float_payload,False
operand_hybrid_plain_h16,Operand hybrid + plain H16,37190,2.422089099884033,3.0075736045837402,0.10453755408525467,34352.960381306395,88.42368016030726,155986165760.0,0.0003,143.03017807006836,162.279296875,0,0,exported_float_payload,False
operand_hybrid_plain_h16,Operand hybrid + plain H16,37200,2.4548633098602295,2.9721567630767822,0.20876958966255188,34333.65310682043,88.37398370780463,156028108800.0,0.0003,143.03017807006836,162.279296875,0,0,exported_float_payload,False
operand_hybrid_plain_h16,Operand hybrid + plain H16,37210,2.4659228324890137,2.929276704788208,0.16338571906089783,31312.694985673064,80.59811136035546,156070051840.0,0.0003,143.03017807006836,162.279296875,0,0,exported_float_payload,False
operand_hybrid_plain_h16,Operand hybrid + plain H16,37220,2.4585611820220947,2.901228427886963,0.13406723737716675,31241.98575827261,80.41610753772588,156111994880.0,0.0003,143.03017807006836,162.279296875,0,0,exported_float_payload,False
operand_hybrid_plain_h16,Operand hybrid + plain H16,37230,2.4499967098236084,3.0293922424316406,0.14596492052078247,30622.72542469959,78.82214657878556,156153937920.0,0.0003,143.03017807006836,162.279296875,0,0,exported_float_payload,False
operand_hybrid_plain_h16,Operand hybrid + plain H16,37240,2.479548454284668,3.055635929107666,0.2500592768192291,34362.10024897402,88.44720595623224,156195880960.0,0.0003,143.03017807006836,162.279296875,0,0,exported_float_payload,False
operand_hybrid_plain_h16,Operand hybrid + plain H16,37250,2.465888500213623,2.9769864082336426,0.16819727420806885,34332.995732087205,88.37229164131281,156237824000.0,0.0003,143.03017807006836,162.279296875,0,0,exported_float_payload,False
operand_hybrid_plain_h16,Operand hybrid + plain H16,37260,2.472177743911743,3.0170977115631104,0.200739324092865,34332.18544640189,88.37020598576868,156279767040.0,0.0003,143.03017807006836,162.279296875,0,0,exported_float_payload,False
operand_hybrid_plain_h16,Operand hybrid + plain H16,37270,2.464026689529419,3.444688558578491,0.09291955083608627,34333.31549868515,88.37311471271826,156321710080.0,0.0003,143.03017807006836,162.279296875,0,0,exported_float_payload,False
operand_hybrid_plain_h16,Operand hybrid + plain H16,37280,2.476876974105835,3.231320858001709,0.2941458821296692,30244.831768990116,77.84945754773348,156363653120.0,0.0003,143.03017807006836,162.279296875,0,0,exported_float_payload,False
operand_hybrid_plain_h16,Operand hybrid + plain H16,37290,2.451855182647705,3.0192959308624268,0.1035805195569992,32356.14933678248,83.28393734973912,156405596160.0,0.0003,143.03017807006836,162.279296875,0,0,exported_float_payload,False
operand_hybrid_plain_h16,Operand hybrid + plain H16,37300,2.4953482151031494,3.5917131900787354,0.2906319200992584,34375.50156308415,88.48170061111638,156447539200.0,0.0003,143.03017807006836,162.279296875,0,0,exported_float_payload,False
operand_hybrid_plain_h16,Operand hybrid + plain H16,37310,2.4892616271972656,3.442000389099121,0.202864870429039,33015.582249674895,84.98130154570835,156489482240.0,0.0003,143.03017807006836,162.279296875,0,0,exported_float_payload,False
operand_hybrid_plain_h16,Operand hybrid + plain H16,37320,2.431589126586914,2.9206790924072266,0.09239135682582855,34372.70267058697,88.47449633025597,156531425280.0,0.0003,143.03017807006836,162.279296875,0,0,exported_float_payload,False
operand_hybrid_plain_h16,Operand hybrid + plain H16,37330,2.485065460205078,3.996290683746338,0.4058627486228943,34333.17382411534,88.37275004583924,156573368320.0,0.0003,143.03017807006836,162.279296875,0,0,exported_float_payload,False
operand_hybrid_plain_h16,Operand hybrid + plain H16,37340,2.4867751598358154,2.936586856842041,0.12744255363941193,34317.80023821895,88.33317881159536,156615311360.0,0.0003,143.03017807006836,162.279296875,0,0,exported_float_payload,False
operand_hybrid_plain_h16,Operand hybrid + plain H16,37350,2.4500250816345215,2.8833110332489014,0.09494812041521072,34342.27454500358,88.39617507891113,156657254400.0,0.0003,143.03017807006836,162.279296875,0,0,exported_float_payload,False
operand_hybrid_plain_h16,Operand hybrid + plain H16,37360,2.488816499710083,2.897425651550293,0.15776939690113068,34315.57220751305,88.32744391502925,156699197440.0,0.0003,143.03017807006836,162.279296875,0,0,exported_float_payload,False
operand_hybrid_plain_h16,Operand hybrid + plain H16,37370,2.426647424697876,2.8792309761047363,0.19550655782222748,34308.604856825885,88.30951012469828,156741140480.0,0.0003,143.03017807006836,162.279296875,0,0,exported_float_payload,False
operand_hybrid_plain_h16,Operand hybrid + plain H16,37380,2.4416136741638184,2.9579243659973145,0.17014040052890778,30692.124171542895,79.00077725649967,156783083520.0,0.0003,143.03017807006836,162.279296875,0,0,exported_float_payload,False
operand_hybrid_plain_h16,Operand hybrid + plain H16,37390,2.4624762535095215,2.874882221221924,0.19039496779441833,34348.17509007622,88.4113629376716,156825026560.0,0.0003,143.03017807006836,162.279296875,0,0,exported_float_payload,False
operand_hybrid_plain_h16,Operand hybrid + plain H16,37400,2.439734697341919,2.93318772315979,0.117397740483284,30607.09917675227,78.78192499859966,156866969600.0,0.0003,143.03017807006836,162.279296875,0,0,exported_float_payload,False
operand_hybrid_plain_h16,Operand hybrid + plain H16,37410,2.460327386856079,2.8933510780334473,0.17197155952453613,34321.3965684003,88.34243567755907,156908912640.0,0.0003,143.03017807006836,162.279296875,0,0,exported_float_payload,False
operand_hybrid_plain_h16,Operand hybrid + plain H16,37420,2.4430091381073,2.922106981277466,0.08096826076507568,34305.401539980296,88.30126486545242,156950855680.0,0.0003,143.03017807006836,162.279296875,0,0,exported_float_payload,False
operand_hybrid_plain_h16,Operand hybrid + plain H16,37430,2.4777114391326904,3.1595141887664795,0.2989360988140106,34318.49303234486,88.334962046738,156992798720.0,0.0003,143.03017807006836,162.279296875,0,0,exported_float_payload,False
operand_hybrid_plain_h16,Operand hybrid + plain H16,37440,2.4421920776367188,2.8604090213775635,0.13325431942939758,34352.71893503375,88.42305868350435,157034741760.0,0.0003,143.03017807006836,162.279296875,0,0,exported_float_payload,False
operand_hybrid_plain_h16,Operand hybrid + plain H16,37450,2.4448201656341553,3.1513500213623047,0.126976877450943,34370.36764921865,88.46848604234053,157076684800.0,0.0003,143.03017807006836,162.279296875,0,0,exported_float_payload,False
operand_hybrid_plain_h16,Operand hybrid + plain H16,37460,2.4386918544769287,2.9031925201416016,0.16926923394203186,34371.61909939829,88.47170724450744,157118627840.0,0.0003,143.03017807006836,162.279296875,0,0,exported_float_payload,False
operand_hybrid_plain_h16,Operand hybrid + plain H16,37470,2.478019952774048,2.9562718868255615,0.11918431520462036,34372.66108882333,88.47438929981297,157160570880.0,0.0003,143.03017807006836,162.279296875,0,0,exported_float_payload,False
operand_hybrid_plain_h16,Operand hybrid + plain H16,37480,2.4437880516052246,2.9879493713378906,0.3733278214931488,34364.6966618138,88.45388905940474,157202513920.0,0.0003,143.03017807006836,162.279296875,0,0,exported_float_payload,False
operand_hybrid_plain_h16,Operand hybrid + plain H16,37490,2.497689962387085,4.540927410125732,0.1153656542301178,34350.523132361115,88.41740674110797,157244456960.0,0.0003,143.03017807006836,162.279296875,0,0,exported_float_payload,False
operand_hybrid_plain_h16,Operand hybrid + plain H16,37500,2.4800801277160645,3.1228809356689453,0.08772309124469757,34379.33381272383,88.4915647279981,157286400000.0,0.0003,143.03017807006836,162.279296875,0,0,exported_float_payload,False
operand_hybrid_plain_h16,Operand hybrid + plain H16,37510,2.461390256881714,3.97867488861084,0.18799075484275818,34333.37708037441,88.37327322248088,157328343040.0,0.0003,143.03017807006836,162.279296875,0,0,exported_float_payload,False
operand_hybrid_plain_h16,Operand hybrid + plain H16,37520,2.4306483268737793,2.9203834533691406,0.1332245022058487,34378.132021599056,88.48847134702432,157370286080.0,0.0003,143.03017807006836,162.279296875,0,0,exported_float_payload,False
operand_hybrid_plain_h16,Operand hybrid + plain H16,37530,2.4673404693603516,3.131273031234741,0.11934062093496323,34321.174575061654,88.34186427213268,157412229120.0,0.0003,143.03017807006836,162.279296875,0,0,exported_float_payload,False
operand_hybrid_plain_h16,Operand hybrid + plain H16,37540,2.4526467323303223,2.863767147064209,0.17339834570884705,34347.740393687505,88.41024403979449,157454172160.0,0.0003,143.03017807006836,162.279296875,0,0,exported_float_payload,False
operand_hybrid_plain_h16,Operand hybrid + plain H16,37550,2.4467601776123047,3.1760451793670654,0.09474218636751175,34345.646887409865,88.40485540581788,157496115200.0,0.0003,143.03017807006836,162.279296875,0,0,exported_float_payload,False
operand_hybrid_plain_h16,Operand hybrid + plain H16,37560,2.4819488525390625,3.0678930282592773,0.13569828867912292,34329.97620633773,88.36451945585502,157538058240.0,0.0003,143.03017807006836,162.279296875,0,0,exported_float_payload,False
operand_hybrid_plain_h16,Operand hybrid + plain H16,37570,2.4499943256378174,2.9074015617370605,0.18292799592018127,34384.15147651476,88.5039652768137,157580001280.0,0.0003,143.03017807006836,162.279296875,0,0,exported_float_payload,False
operand_hybrid_plain_h16,Operand hybrid + plain H16,37580,2.4767494201660156,2.9140725135803223,0.15392041206359863,34383.33637030895,88.50186721336765,157621944320.0,0.0003,143.03017807006836,162.279296875,0,0,exported_float_payload,False
operand_hybrid_plain_h16,Operand hybrid + plain H16,37590,2.491258382797241,3.574843168258667,0.14202384650707245,31421.294661387106,80.87764427059852,157663887360.0,0.0003,143.03017807006836,162.279296875,0,0,exported_float_payload,False
operand_hybrid_plain_h16,Operand hybrid + plain H16,37600,2.474527359008789,3.5725083351135254,0.15701965987682343,34425.45264894387,88.61027348491517,157705830400.0,0.0003,143.03017807006836,162.28125,0,0,exported_float_payload,False
operand_hybrid_plain_h16,Operand hybrid + plain H16,37610,2.4667036533355713,3.098050594329834,0.19420340657234192,34393.204879209756,88.52726851401303,157747773440.0,0.0003,143.03017807006836,162.28125,0,0,exported_float_payload,False
operand_hybrid_plain_h16,Operand hybrid + plain H16,37620,2.4503846168518066,2.9440011978149414,0.12177035957574844,30950.809464273163,79.66662687564934,157789716480.0,0.0003,143.03017807006836,162.28125,0,0,exported_float_payload,False
operand_hybrid_plain_h16,Operand hybrid + plain H16,37630,2.461132764816284,2.9327878952026367,0.14882634580135345,34358.1888136845,88.43713801742379,157831659520.0,0.0003,143.03017807006836,162.28125,0,0,exported_float_payload,False
operand_hybrid_plain_h16,Operand hybrid + plain H16,37640,2.4324865341186523,2.92152738571167,0.09526906907558441,34322.720840965245,88.34584432276543,157873602560.0,0.0003,143.03017807006836,162.28125,0,0,exported_float_payload,False
operand_hybrid_plain_h16,Operand hybrid + plain H16,37650,2.464956283569336,2.9411020278930664,0.15297602117061615,34347.30290182768,88.4091179464431,157915545600.0,0.0003,143.03017807006836,162.28125,0,0,exported_float_payload,False
operand_hybrid_plain_h16,Operand hybrid + plain H16,37660,2.441215991973877,2.9350547790527344,0.24149125814437866,34364.65703102852,88.4537870507323,157957488640.0,0.0003,143.03017807006836,162.28125,0,0,exported_float_payload,False
operand_hybrid_plain_h16,Operand hybrid + plain H16,37670,2.4519283771514893,2.9185829162597656,0.12507188320159912,34335.64597067534,88.37911329064563,157999431680.0,0.0003,143.03017807006836,162.28125,0,0,exported_float_payload,False
operand_hybrid_plain_h16,Operand hybrid + plain H16,37680,2.4554431438446045,3.02809739112854,0.17405515909194946,30239.028771184403,77.83452077325326,158041374720.0,0.0003,143.03017807006836,162.3203125,0,0,exported_float_payload,False
operand_hybrid_plain_h16,Operand hybrid + plain H16,37690,2.4314167499542236,2.8537344932556152,0.07438170164823532,34315.34079135567,88.32684825549784,158083317760.0,0.0003,143.03017807006836,162.3203125,0,0,exported_float_payload,False
operand_hybrid_plain_h16,Operand hybrid + plain H16,37700,2.4416470527648926,2.832721710205078,0.12598302960395813,34357.90044177377,88.43639575517568,158125260800.0,0.0003,143.03017807006836,162.3203125,0,0,exported_float_payload,False
operand_hybrid_plain_h16,Operand hybrid + plain H16,37710,2.462486505508423,3.6379637718200684,0.13019713759422302,34304.21214646093,88.29820339561188,158167203840.0,0.0003,143.03017807006836,162.3203125,0,0,exported_float_payload,False
operand_hybrid_plain_h16,Operand hybrid + plain H16,37720,2.4732437133789062,2.934154510498047,0.1546676754951477,34329.48908620122,88.36326562053274,158209146880.0,0.0003,143.03017807006836,162.3203125,0,0,exported_float_payload,False
operand_hybrid_plain_h16,Operand hybrid + plain H16,37730,2.422938585281372,2.8261823654174805,0.2680678367614746,34392.16157160441,88.52458306574364,158251089920.0,0.0003,143.03017807006836,162.3203125,0,0,exported_float_payload,False
operand_hybrid_plain_h16,Operand hybrid + plain H16,37740,2.4546241760253906,3.087646007537842,0.07384425401687622,34354.42467117232,88.4274492066232,158293032960.0,0.0003,143.03017807006836,162.3203125,0,0,exported_float_payload,False
operand_hybrid_plain_h16,Operand hybrid + plain H16,37750,2.4241514205932617,2.9264299869537354,0.26627856492996216,34345.5818536992,88.40468801063659,158334976000.0,0.0003,143.03017807006836,162.3203125,0,0,exported_float_payload,False
operand_hybrid_plain_h16,Operand hybrid + plain H16,37760,2.472773551940918,3.3349123001098633,0.11667407304048538,34346.9979008944,88.4083328814975,158376919040.0,0.0003,143.03017807006836,162.3203125,0,0,exported_float_payload,False
operand_hybrid_plain_h16,Operand hybrid + plain H16,37770,2.450904130935669,2.9409618377685547,0.19532223045825958,31224.852514040434,80.37200698594582,158418862080.0,0.0003,143.03017807006836,162.3203125,0,0,exported_float_payload,False
operand_hybrid_plain_h16,Operand hybrid + plain H16,37780,2.4611032009124756,2.918733596801758,0.5030332803726196,34370.627958002275,88.46915607078553,158460805120.0,0.0003,143.03017807006836,162.3203125,0,0,exported_float_payload,False
operand_hybrid_plain_h16,Operand hybrid + plain H16,37790,2.4641082286834717,2.9533677101135254,0.10079041123390198,34356.697399340184,88.4332991533636,158502748160.0,0.0003,143.03017807006836,162.3203125,0,0,exported_float_payload,False
operand_hybrid_plain_h16,Operand hybrid + plain H16,37800,2.4749062061309814,2.8784561157226562,0.09569739550352097,34356.77443859453,88.43349745052086,158544691200.0,0.0003,143.03017807006836,162.3203125,0,0,exported_float_payload,False
operand_hybrid_plain_h16,Operand hybrid + plain H16,37810,2.469907760620117,3.0233826637268066,0.18074439465999603,34316.78001787335,88.33055278936814,158586634240.0,0.0003,143.03017807006836,162.3203125,0,0,exported_float_payload,False
operand_hybrid_plain_h16,Operand hybrid + plain H16,37820,2.440964460372925,2.8370161056518555,0.2022334188222885,34382.55697478439,88.4998610683421,158628577280.0,0.0003,143.03017807006836,162.3203125,0,0,exported_float_payload,False
operand_hybrid_plain_h16,Operand hybrid + plain H16,37830,2.4743967056274414,3.1488566398620605,0.31398212909698486,34356.01083308929,88.431531948619,158670520320.0,0.0003,143.03017807006836,162.3203125,0,0,exported_float_payload,False
operand_hybrid_plain_h16,Operand hybrid + plain H16,37840,2.4588489532470703,3.4663429260253906,0.16932065784931183,30195.34094741145,77.72206938294158,158712463360.0,0.0003,143.03017807006836,162.3203125,0,0,exported_float_payload,False
operand_hybrid_plain_h16,Operand hybrid + plain H16,37850,2.466393232345581,3.581089735031128,0.13804171979427338,34412.85567773876,88.57784918900394,158754406400.0,0.0003,143.03017807006836,162.3203125,0,0,exported_float_payload,False
operand_hybrid_plain_h16,Operand hybrid + plain H16,37860,2.4585328102111816,2.936427116394043,0.348481684923172,34309.824681320424,88.31264992312497,158796349440.0,0.0003,143.03017807006836,162.3203125,0,0,exported_float_payload,False
operand_hybrid_plain_h16,Operand hybrid + plain H16,37870,2.426628828048706,2.948432445526123,0.18343332409858704,34320.572298991705,88.34031402825309,158838292480.0,0.0003,143.03017807006836,162.3203125,0,0,exported_float_payload,False
operand_hybrid_plain_h16,Operand hybrid + plain H16,37880,2.455578327178955,2.926300287246704,0.132036030292511,29443.311513700748,75.78636400618583,158880235520.0,0.0003,143.03017807006836,162.3203125,0,0,exported_float_payload,False
operand_hybrid_plain_h16,Operand hybrid + plain H16,37890,2.451810121536255,2.9291772842407227,0.23456577956676483,34364.370416660524,88.45304931235624,158922178560.0,0.0003,143.03017807006836,162.3203125,0,0,exported_float_payload,False
operand_hybrid_plain_h16,Operand hybrid + plain H16,37900,2.4370250701904297,2.8542940616607666,0.12321223318576813,34323.45125165565,88.34772438202545,158964121600.0,0.0003,143.03017807006836,162.3203125,0,0,exported_float_payload,False
operand_hybrid_plain_h16,Operand hybrid + plain H16,37910,2.463925838470459,2.970329761505127,0.23712337017059326,34301.18273019358,88.29040575220289,159006064640.0,0.0003,143.03017807006836,162.3203125,0,0,exported_float_payload,False
operand_hybrid_plain_h16,Operand hybrid + plain H16,37920,2.456998825073242,2.8858909606933594,0.11132392287254333,34350.470520481045,88.41727131941492,159048007680.0,0.0003,143.03017807006836,162.3203125,0,0,exported_float_payload,False
operand_hybrid_plain_h16,Operand hybrid + plain H16,37930,2.4862189292907715,3.048863172531128,0.12313838303089142,34319.79952243379,88.33832492028584,159089950720.0,0.0003,143.03017807006836,162.3203125,0,0,exported_float_payload,False
operand_hybrid_plain_h16,Operand hybrid + plain H16,37940,2.4436419010162354,2.9061779975891113,0.1690647155046463,32017.143929875612,82.41134572036503,159131893760.0,0.0003,143.03017807006836,162.3203125,0,0,exported_float_payload,False
operand_hybrid_plain_h16,Operand hybrid + plain H16,37950,2.434170722961426,2.865921974182129,0.14018934965133667,34385.600321993115,88.50769456965361,159173836800.0,0.0003,143.03017807006836,162.3203125,0,0,exported_float_payload,False
operand_hybrid_plain_h16,Operand hybrid + plain H16,37960,2.5134856700897217,5.777876853942871,0.18439295887947083,34350.30329907698,88.41684089560908,159215779840.0,0.0003,143.03017807006836,162.3203125,0,0,exported_float_payload,False
operand_hybrid_plain_h16,Operand hybrid + plain H16,37970,2.460273027420044,3.0815937519073486,0.1417066752910614,34357.07360116174,88.43426748765492,159257722880.0,0.0003,143.03017807006836,162.3203125,0,0,exported_float_payload,False
operand_hybrid_plain_h16,Operand hybrid + plain H16,37980,2.4473228454589844,3.0058088302612305,0.21009401977062225,34330.507171543446,88.36588614731349,159299665920.0,0.0003,143.03017807006836,162.3203125,0,0,exported_float_payload,False
operand_hybrid_plain_h16,Operand hybrid + plain H16,37990,2.46370267868042,2.995166778564453,0.13803482055664062,34308.19802316516,88.30846294480185,159341608960.0,0.0003,143.03017807006836,162.3203125,0,0,exported_float_payload,False
operand_hybrid_plain_h16,Operand hybrid + plain H16,38000,2.4564919471740723,2.8888025283813477,0.1446795016527176,34341.64688994118,88.39455951012543,159383552000.0,0.0003,143.03017807006836,162.3203125,0,0,exported_float_payload,False
operand_hybrid_plain_h16,Operand hybrid + plain H16,38010,2.470726728439331,3.0203003883361816,0.23111291229724884,25796.330797944487,66.39912480521377,159425495040.0,0.0003,143.03017807006836,162.3203125,0,0,exported_float_payload,False
operand_hybrid_plain_h16,Operand hybrid + plain H16,38020,2.468651294708252,3.0216143131256104,0.08990852534770966,34354.82715254814,88.42848518384469,159467438080.0,0.0003,143.03017807006836,162.3203125,0,0,exported_float_payload,False
operand_hybrid_plain_h16,Operand hybrid + plain H16,38030,2.4178693294525146,3.0960614681243896,0.10625448822975159,34318.80469580949,88.33576426087643,159509381120.0,0.0003,143.03017807006836,162.3203125,0,0,exported_float_payload,False
operand_hybrid_plain_h16,Operand hybrid + plain H16,38040,2.4342668056488037,2.9364664554595947,0.1107051894068718,34351.3389087694,88.4195065296388,159551324160.0,0.0003,143.03017807006836,162.3203125,0,0,exported_float_payload,False
operand_hybrid_plain_h16,Operand hybrid + plain H16,38050,2.4571352005004883,3.264864921569824,0.23893287777900696,34352.73703864884,88.423105281767,159593267200.0,0.0003,143.03017807006836,162.3203125,0,0,exported_float_payload,False
operand_hybrid_plain_h16,Operand hybrid + plain H16,38060,2.4493930339813232,3.272585391998291,0.20199169218540192,34384.6075945284,88.50513931342964,159635210240.0,0.0003,143.03017807006836,162.3203125,0,0,exported_float_payload,False
operand_hybrid_plain_h16,Operand hybrid + plain H16,38070,2.4288578033447266,3.0048553943634033,0.16647528111934662,28255.009839293158,72.72770454786004,159677153280.0,0.0003,143.03017807006836,162.3203125,0,0,exported_float_payload,False
operand_hybrid_plain_h16,Operand hybrid + plain H16,38080,2.464399576187134,3.4810903072357178,0.15099938213825226,34346.349932715,88.40666502724525,159719096320.0,0.0003,143.03017807006836,162.3203125,0,0,exported_float_payload,False
operand_hybrid_plain_h16,Operand hybrid + plain H16,38090,2.4575164318084717,2.8225040435791016,0.10311309248209,34300.57595412224,88.28884392542973,159761039360.0,0.0003,143.03017807006836,162.3203125,0,0,exported_float_payload,False
operand_hybrid_plain_h16,Operand hybrid + plain H16,38100,2.4436700344085693,3.027299404144287,0.12720447778701782,34337.00695921984,88.38261644188574,159802982400.0,0.0003,143.03017807006836,162.3203125,0,0,exported_float_payload,False
operand_hybrid_plain_h16,Operand hybrid + plain H16,38110,2.425642967224121,2.9252545833587646,0.28761643171310425,34326.94997605801,88.3567300131003,159844925440.0,0.0003,143.03017807006836,162.3203125,0,0,exported_float_payload,False
operand_hybrid_plain_h16,Operand hybrid + plain H16,38120,2.432313919067383,2.908139228820801,0.19454912841320038,34343.8085944063,88.4001236845693,159886868480.0,0.0003,143.03017807006836,162.3203125,0,0,exported_float_payload,False
operand_hybrid_plain_h16,Operand hybrid + plain H16,38130,2.475543975830078,3.049715042114258,0.1802615076303482,34367.31832505798,88.46063715650084,159928811520.0,0.0003,143.03017807006836,162.3203125,0,0,exported_float_payload,False
operand_hybrid_plain_h16,Operand hybrid + plain H16,38140,2.4626729488372803,3.1576623916625977,0.12204399704933167,30296.95266355499,77.98361545609181,159970754560.0,0.0003,143.03017807006836,162.3203125,0,0,exported_float_payload,False
