lineage,display_name,step,loss,global_max_loss,grad_norm,tps_per_gpu,total_tps,mfu,n_tokens_seen,lr,max_active_gib,max_reserved_gib,num_alloc_retries,num_ooms,value_precision,is_interpolated
operand_hybrid_fixed_h32,Operand hybrid + fixed H32,1,12.255767822265625,12.27364730834961,2.9363560676574707,1185.7557371953167,75888.36718050027,3.0521062781844823,4194304.0,1.5e-07,134.40364456176758,144.138671875,0,0,exported_float_payload,False
operand_hybrid_fixed_h32,Operand hybrid + fixed H32,10,11.569381713867188,12.000356674194336,6.019514083862305,36049.66214786669,2307178.3774634684,92.79094902646868,41943040.0,1.4999999999999998e-06,129.74023914337158,148.759765625,0,0,exported_float_payload,False
operand_hybrid_fixed_h32,Operand hybrid + fixed H32,20,10.223660469055176,11.576526641845703,7.318117618560791,36171.81711738634,2314996.2955127256,93.10537293156754,83886080.0,2.9999999999999997e-06,129.74023914337158,148.759765625,0,0,exported_float_payload,False
operand_hybrid_fixed_h32,Operand hybrid + fixed H32,30,9.39936351776123,10.745793342590332,3.4281773567199707,36180.463650232276,2315549.6736148656,93.12762889572255,125829120.0,4.499999999999999e-06,129.74023914337158,148.759765625,0,0,exported_float_payload,False
operand_hybrid_fixed_h32,Operand hybrid + fixed H32,40,8.930492401123047,10.423201560974121,1.4682615995407104,36151.262529908294,2313680.801914131,93.05246592591762,167772160.0,5.999999999999999e-06,129.74023914337158,148.759765625,0,0,exported_float_payload,False
operand_hybrid_fixed_h32,Operand hybrid + fixed H32,50,8.40831184387207,9.699991226196289,1.5014293193817139,36123.13733285145,2311880.789302493,92.98007235629812,209715200.0,7.499999999999999e-06,129.74023914337158,148.759765625,0,0,exported_float_payload,False
operand_hybrid_fixed_h32,Operand hybrid + fixed H32,60,8.035343170166016,10.21479606628418,3.4941723346710205,36101.0110015497,2310464.7040991806,92.92311972047195,251658240.0,8.999999999999999e-06,129.74023914337158,148.818359375,0,0,exported_float_payload,False
operand_hybrid_fixed_h32,Operand hybrid + fixed H32,70,7.6912760734558105,9.038339614868164,1.8188796043395996,36080.438256110036,2309148.0483910423,92.87016597667274,293601280.0,1.05e-05,129.74023914337158,148.818359375,0,0,exported_float_payload,False
operand_hybrid_fixed_h32,Operand hybrid + fixed H32,80,7.413816452026367,8.360140800476074,1.6710889339447021,36067.70803779847,2308333.314419102,92.83739870596715,335544320.0,1.1999999999999999e-05,129.74023914337158,148.818359375,0,0,exported_float_payload,False
operand_hybrid_fixed_h32,Operand hybrid + fixed H32,90,7.20202112197876,8.444334030151367,1.5983550548553467,36036.998111651745,2306367.8791457117,92.75835210686175,377487360.0,1.3499999999999998e-05,129.74023914337158,148.818359375,0,0,exported_float_payload,False
operand_hybrid_fixed_h32,Operand hybrid + fixed H32,100,6.993489742279053,7.942893981933594,2.500006675720215,36038.37953228464,2306456.290066217,92.76190784979786,419430400.0,1.4999999999999999e-05,129.74023914337158,148.818359375,0,0,exported_float_payload,False
operand_hybrid_fixed_h32,Operand hybrid + fixed H32,110,6.926485061645508,9.901016235351562,3.2865262031555176,36025.39802853932,2305625.4738265164,92.7284937765292,461373440.0,1.6499999999999998e-05,129.74023914337158,148.818359375,0,0,exported_float_payload,False
operand_hybrid_fixed_h32,Operand hybrid + fixed H32,120,6.767215728759766,8.039887428283691,1.4557207822799683,35997.50444824695,2303840.284687805,92.6566963827989,503316480.0,1.7999999999999997e-05,129.74023914337158,148.818359375,0,0,exported_float_payload,False
operand_hybrid_fixed_h32,Operand hybrid + fixed H32,130,6.75296688079834,7.739239692687988,4.43468713760376,35975.6733618792,2302443.0951602687,92.60050370021472,545259520.0,1.95e-05,129.74023914337158,148.818359375,0,0,exported_float_payload,False
operand_hybrid_fixed_h32,Operand hybrid + fixed H32,140,6.634322643280029,7.764863967895508,3.415304183959961,35969.9064948062,2302074.015667597,92.58565992535716,587202560.0,2.1e-05,129.74023914337158,148.818359375,0,0,exported_float_payload,False
operand_hybrid_fixed_h32,Operand hybrid + fixed H32,150,6.515565395355225,7.609720230102539,1.1654225587844849,35966.230011243395,2301838.7207195773,92.57619674654917,629145600.0,2.2499999999999998e-05,129.74023914337158,148.818359375,0,0,exported_float_payload,False
operand_hybrid_fixed_h32,Operand hybrid + fixed H32,160,6.407963752746582,7.454122543334961,2.0048069953918457,35938.15920374951,2300042.1890399684,92.50394317433502,671088640.0,2.3999999999999997e-05,129.74023914337158,148.837890625,0,0,exported_float_payload,False
operand_hybrid_fixed_h32,Operand hybrid + fixed H32,170,6.346124172210693,6.946799278259277,0.9703028798103333,35936.199534687505,2299916.7702200003,92.49889903407941,713031680.0,2.55e-05,129.74023914337158,148.837890625,0,0,exported_float_payload,False
operand_hybrid_fixed_h32,Operand hybrid + fixed H32,180,6.3096394538879395,7.194000244140625,2.836507797241211,35944.356837239415,2300438.8375833225,92.5198957314183,754974720.0,2.6999999999999996e-05,129.74023914337158,148.837890625,0,0,exported_float_payload,False
operand_hybrid_fixed_h32,Operand hybrid + fixed H32,190,6.243439197540283,6.852685928344727,2.3275904655456543,35929.25356020094,2299472.22785286,92.48102026556617,796917760.0,2.8499999999999998e-05,129.74023914337158,148.837890625,0,0,exported_float_payload,False
operand_hybrid_fixed_h32,Operand hybrid + fixed H32,200,6.136276721954346,6.756308555603027,2.0574910640716553,35923.62377372717,2299111.921518539,92.46652933281973,838860800.0,2.9999999999999997e-05,129.74023914337158,148.837890625,0,0,exported_float_payload,False
operand_hybrid_fixed_h32,Operand hybrid + fixed H32,210,6.138564586639404,6.9862213134765625,1.9990694522857666,35900.24356367468,2297615.5880751796,92.40634924374399,880803840.0,3.149999999999999e-05,129.74023914337158,148.837890625,0,0,exported_float_payload,False
operand_hybrid_fixed_h32,Operand hybrid + fixed H32,220,5.97550630569458,6.518765449523926,1.3237266540527344,35921.83214877238,2298997.2575214324,92.46191773398775,922746880.0,3.2999999999999996e-05,129.74023914337158,148.837890625,0,0,exported_float_payload,False
operand_hybrid_fixed_h32,Operand hybrid + fixed H32,230,5.955357074737549,6.457258224487305,1.951541781425476,35935.939286206514,2299900.114317217,92.49822916085189,964689920.0,3.45e-05,129.74023914337158,148.837890625,0,0,exported_float_payload,False
operand_hybrid_fixed_h32,Operand hybrid + fixed H32,240,5.8532609939575195,6.488218784332275,1.1984531879425049,35908.058722418325,2298115.758234773,92.42646527128512,1006632960.0,3.5999999999999994e-05,129.74023914337158,148.876953125,0,0,exported_float_payload,False
operand_hybrid_fixed_h32,Operand hybrid + fixed H32,250,5.821117877960205,6.4990234375,2.304757833480835,35911.81685248406,2298356.2785589797,92.43613860619556,1048576000.0,3.75e-05,129.74023914337158,148.876953125,0,0,exported_float_payload,False
operand_hybrid_fixed_h32,Operand hybrid + fixed H32,260,5.827088356018066,6.764585494995117,2.0217390060424805,35930.98318195213,2299582.923644936,92.48547226966794,1090519040.0,3.9e-05,129.74023914337158,148.876953125,0,0,exported_float_payload,False
operand_hybrid_fixed_h32,Operand hybrid + fixed H32,270,5.722726345062256,6.138132095336914,1.5239887237548828,35933.20791712293,2299725.3066958673,92.49119868360725,1132462080.0,4.05e-05,129.74023914337158,148.876953125,0,0,exported_float_payload,False
operand_hybrid_fixed_h32,Operand hybrid + fixed H32,280,5.708149433135986,6.783219337463379,1.5220582485198975,35875.8395285127,2296053.7298248126,92.34353385386689,1174405120.0,4.2e-05,129.74023914337158,148.876953125,0,0,exported_float_payload,False
operand_hybrid_fixed_h32,Operand hybrid + fixed H32,290,5.6318230628967285,6.677680969238281,1.2604279518127441,35874.00778565461,2295936.498281895,92.33881899253262,1216348160.0,4.3499999999999993e-05,129.74023914337158,148.876953125,0,0,exported_float_payload,False
operand_hybrid_fixed_h32,Operand hybrid + fixed H32,300,5.61045503616333,6.712821960449219,2.2978708744049072,35884.54303093264,2296610.753979689,92.3659364563126,1258291200.0,4.4999999999999996e-05,129.74023914337158,148.876953125,0,0,exported_float_payload,False
operand_hybrid_fixed_h32,Operand hybrid + fixed H32,310,5.5766472816467285,6.479072570800781,1.8225362300872803,35893.37501417799,2297176.0009073913,92.3886697652618,1300234240.0,4.65e-05,129.74023914337158,148.876953125,0,0,exported_float_payload,False
operand_hybrid_fixed_h32,Operand hybrid + fixed H32,320,5.506147384643555,6.948090553283691,1.2988356351852417,35919.299649367655,2298835.17755953,92.45539914243452,1342177280.0,4.7999999999999994e-05,129.74023914337158,148.876953125,0,0,exported_float_payload,False
operand_hybrid_fixed_h32,Operand hybrid + fixed H32,330,5.464052200317383,5.998002052307129,1.136763334274292,35876.53374127029,2296098.1594412983,92.34532074053281,1384120320.0,4.95e-05,129.74023914337158,148.876953125,0,0,exported_float_payload,False
operand_hybrid_fixed_h32,Operand hybrid + fixed H32,340,5.452625751495361,5.93203067779541,2.1042826175689697,35903.17340735938,2297803.0980710005,92.41389058975959,1426063360.0,5.1e-05,129.74023914337158,148.876953125,0,0,exported_float_payload,False
operand_hybrid_fixed_h32,Operand hybrid + fixed H32,350,5.347010612487793,6.041701316833496,1.2347921133041382,35901.63564234426,2297704.681110033,92.40993242020595,1468006400.0,5.2499999999999995e-05,129.74023914337158,148.876953125,0,0,exported_float_payload,False
operand_hybrid_fixed_h32,Operand hybrid + fixed H32,360,5.357345104217529,5.976247787475586,1.1034891605377197,35883.50194101606,2296544.124225028,92.36325671631988,1509949440.0,5.399999999999999e-05,129.74023914337158,148.876953125,0,0,exported_float_payload,False
operand_hybrid_fixed_h32,Operand hybrid + fixed H32,370,5.294039249420166,5.843809127807617,0.9451362490653992,35893.03309856845,2297154.1183083807,92.387789682842,1551892480.0,5.5499999999999994e-05,129.74023914337158,148.876953125,0,0,exported_float_payload,False
operand_hybrid_fixed_h32,Operand hybrid + fixed H32,380,5.297995567321777,6.076162815093994,1.1107559204101562,35876.96571978452,2296125.8060662095,92.34643264266745,1593835520.0,5.6999999999999996e-05,129.74023914337158,148.876953125,0,0,exported_float_payload,False
operand_hybrid_fixed_h32,Operand hybrid + fixed H32,390,5.196483612060547,5.8016557693481445,1.1746102571487427,25351.83791261911,1622517.626407623,65.25501098534829,1635778560.0,5.85e-05,129.74023914337158,148.876953125,0,0,exported_float_payload,False
operand_hybrid_fixed_h32,Operand hybrid + fixed H32,400,5.118953704833984,5.746814727783203,1.1591203212738037,35539.68843828171,2274540.0600500293,91.47828916583418,1677721600.0,5.9999999999999995e-05,129.74023914337158,148.876953125,0,0,exported_float_payload,False
operand_hybrid_fixed_h32,Operand hybrid + fixed H32,410,5.096752643585205,6.2195868492126465,1.2109026908874512,35569.86106391133,2276471.1080903253,91.55595276654448,1719664640.0,6.149999999999999e-05,129.74023914337158,148.876953125,0,0,exported_float_payload,False
operand_hybrid_fixed_h32,Operand hybrid + fixed H32,420,5.051373481750488,5.7368855476379395,1.0245137214660645,35671.01109181101,2282944.7098759045,91.81631046544236,1761607680.0,6.299999999999999e-05,129.74023914337158,148.876953125,0,0,exported_float_payload,False
operand_hybrid_fixed_h32,Operand hybrid + fixed H32,430,5.035362243652344,5.756570816040039,0.9527844190597534,35739.40946893428,2287322.206011794,91.99236621595415,1803550720.0,6.45e-05,129.74023914337158,148.876953125,0,0,exported_float_payload,False
operand_hybrid_fixed_h32,Operand hybrid + fixed H32,440,5.044236660003662,5.794276714324951,1.3560352325439453,35752.483840289635,2288158.9657785366,92.0260193281806,1845493760.0,6.599999999999999e-05,129.74023914337158,148.876953125,0,0,exported_float_payload,False
operand_hybrid_fixed_h32,Operand hybrid + fixed H32,450,5.00401496887207,5.621352195739746,1.1117901802062988,35822.61391975497,2292647.290864318,92.2065324381842,1887436800.0,6.75e-05,129.74023914337158,148.876953125,0,0,exported_float_payload,False
operand_hybrid_fixed_h32,Operand hybrid + fixed H32,460,4.980829238891602,6.277908802032471,1.2301138639450073,35840.98677700986,2293823.153728631,92.25382372357865,1929379840.0,6.9e-05,129.74023914337158,148.876953125,0,0,exported_float_payload,False
operand_hybrid_fixed_h32,Operand hybrid + fixed H32,470,4.983617305755615,5.445527076721191,0.8649352192878723,35876.61842289164,2296103.579065065,92.34553870895587,1971322880.0,7.049999999999999e-05,129.74023914337158,148.876953125,0,0,exported_float_payload,False
operand_hybrid_fixed_h32,Operand hybrid + fixed H32,480,4.935832977294922,5.595270156860352,0.827499508857727,35880.814237227976,2296372.1111825905,92.35633863247834,2013265920.0,7.199999999999999e-05,129.74023914337158,148.876953125,0,0,exported_float_payload,False
operand_hybrid_fixed_h32,Operand hybrid + fixed H32,490,4.937185287475586,5.5671916007995605,1.0452616214752197,35891.42440511587,2297051.1619274155,92.3836489452244,2055208960.0,7.35e-05,129.74023914337158,148.876953125,0,0,exported_float_payload,False
operand_hybrid_fixed_h32,Operand hybrid + fixed H32,500,4.897982597351074,5.504855155944824,0.898945152759552,28720.560614589693,1838115.8793337403,73.92602086168796,2097152000.0,7.5e-05,129.74023914337158,148.876953125,0,0,exported_float_payload,False
operand_hybrid_fixed_h32,Operand hybrid + fixed H32,510,4.776928901672363,5.639725685119629,0.7987369298934937,35947.984684943425,2300671.019836379,92.52923372271479,2139095040.0,7.649999999999999e-05,129.74023914337158,148.876953125,0,0,exported_float_payload,False
operand_hybrid_fixed_h32,Operand hybrid + fixed H32,520,4.742193698883057,5.110207557678223,0.9734729528427124,35711.037839681536,2285506.4217396183,91.91933833588718,2181038080.0,7.8e-05,129.74023914337158,148.876953125,0,0,exported_float_payload,False
operand_hybrid_fixed_h32,Operand hybrid + fixed H32,530,4.706845283508301,5.290227890014648,0.7597964406013489,35793.579370787156,2290789.079730378,92.13179821897768,2222981120.0,7.95e-05,129.74023914337158,148.876953125,0,0,exported_float_payload,False
operand_hybrid_fixed_h32,Operand hybrid + fixed H32,540,4.66425085067749,5.116029739379883,0.9077931046485901,35821.322204379816,2292564.621080308,92.20320759438839,2264924160.0,8.1e-05,129.74023914337158,148.876953125,0,0,exported_float_payload,False
operand_hybrid_fixed_h32,Operand hybrid + fixed H32,550,4.769062519073486,5.34397029876709,1.1543678045272827,35873.117193220234,2295879.500366095,92.33652662937975,2306867200.0,8.25e-05,129.74023914337158,148.876953125,0,0,exported_float_payload,False
operand_hybrid_fixed_h32,Operand hybrid + fixed H32,560,4.734999179840088,5.1747517585754395,1.31574547290802,6600.841171185384,422453.8349558646,16.990403797266225,2348810240.0,8.4e-05,129.74023914337158,148.876953125,0,0,exported_float_payload,False
operand_hybrid_fixed_h32,Operand hybrid + fixed H32,570,6.516782760620117,8.60091781616211,85.7079849243164,35990.00542046037,2303360.346909464,92.63739406861248,2390753280.0,8.549999999999999e-05,129.74023914337158,148.876953125,0,0,exported_float_payload,False
operand_hybrid_fixed_h32,Operand hybrid + fixed H32,580,4.912188529968262,5.295270919799805,2.613774538040161,35958.802786579436,2301363.378341084,92.55707925184494,2432696320.0,8.699999999999999e-05,129.74023914337158,148.876953125,0,0,exported_float_payload,False
operand_hybrid_fixed_h32,Operand hybrid + fixed H32,590,4.724856853485107,5.308391571044922,1.151461124420166,34570.36909091051,2212503.621818273,88.98328486362013,2474639360.0,8.849999999999998e-05,129.74023914337158,148.876953125,0,0,exported_float_payload,False
operand_hybrid_fixed_h32,Operand hybrid + fixed H32,600,4.684195518493652,5.089475631713867,1.1011866331100464,35817.95900960788,2292349.3766149045,92.19455081326882,2516582400.0,8.999999999999999e-05,129.74023914337158,148.876953125,0,0,exported_float_payload,False
operand_hybrid_fixed_h32,Operand hybrid + fixed H32,610,4.650601863861084,4.993766784667969,0.7880628108978271,35869.597976512676,2295654.2704968113,92.3274682516123,2558525440.0,9.149999999999999e-05,129.74023914337158,148.876953125,0,0,exported_float_payload,False
operand_hybrid_fixed_h32,Operand hybrid + fixed H32,620,4.559014320373535,4.8841094970703125,0.6035846471786499,35885.90350112578,2296697.82407205,92.36943827332897,2600468480.0,9.3e-05,129.74023914337158,148.876953125,0,0,exported_float_payload,False
operand_hybrid_fixed_h32,Operand hybrid + fixed H32,630,4.516079425811768,4.767472267150879,0.7298526763916016,35865.27391305271,2295377.5304353735,92.31633821798106,2642411520.0,9.449999999999999e-05,129.74023914337158,148.876953125,0,0,exported_float_payload,False
operand_hybrid_fixed_h32,Operand hybrid + fixed H32,640,4.529167652130127,4.893641471862793,1.3478269577026367,35899.385041645626,2297560.64266532,92.40413942903034,2684354560.0,9.599999999999999e-05,129.74023914337158,148.876953125,0,0,exported_float_payload,False
operand_hybrid_fixed_h32,Operand hybrid + fixed H32,650,4.476665019989014,4.977570533752441,0.8262603282928467,35853.933162248395,2294651.7223838973,92.2871474026694,2726297600.0,9.75e-05,129.74023914337158,148.876953125,0,0,exported_float_payload,False
operand_hybrid_fixed_h32,Operand hybrid + fixed H32,660,4.499953746795654,4.909329414367676,1.095893144607544,35867.375861303895,2295512.0551234493,92.32174858139118,2768240640.0,9.9e-05,129.74023914337158,148.876953125,0,0,exported_float_payload,False
operand_hybrid_fixed_h32,Operand hybrid + fixed H32,670,4.532763481140137,4.818204879760742,1.5008389949798584,35849.26780135783,2294353.1392869013,92.27513887779585,2810183680.0,0.0001005,129.74023914337158,148.876953125,0,0,exported_float_payload,False
operand_hybrid_fixed_h32,Operand hybrid + fixed H32,680,4.606810092926025,5.042562484741211,1.3959604501724243,35866.0941477463,2295430.025455763,92.31844948202924,2852126720.0,0.000102,129.74023914337158,148.876953125,0,0,exported_float_payload,False
operand_hybrid_fixed_h32,Operand hybrid + fixed H32,690,4.469518184661865,4.872383117675781,1.0876792669296265,35851.70679575331,2294509.2349282117,92.28141678974127,2894069760.0,0.00010349999999999998,129.74023914337158,148.876953125,0,0,exported_float_payload,False
operand_hybrid_fixed_h32,Operand hybrid + fixed H32,700,4.365183353424072,4.7480878829956055,0.6907320022583008,35863.20998376971,2295245.4389612614,92.31102571446554,2936012800.0,0.00010499999999999999,129.74023914337158,148.876953125,0,0,exported_float_payload,False
operand_hybrid_fixed_h32,Operand hybrid + fixed H32,710,4.356639862060547,5.162417888641357,0.4801918864250183,35874.67346804185,2295979.1019546785,92.34053244272279,2977955840.0,0.00010649999999999999,129.74023914337158,148.876953125,0,0,exported_float_payload,False
operand_hybrid_fixed_h32,Operand hybrid + fixed H32,720,4.334099769592285,4.641620635986328,0.7449079155921936,35874.7437268256,2295983.5985168386,92.34071328711447,3019898880.0,0.00010799999999999998,129.74023914337158,148.876953125,0,0,exported_float_payload,False
operand_hybrid_fixed_h32,Operand hybrid + fixed H32,730,4.294190406799316,4.575453758239746,0.619170069694519,35875.871518763546,2296055.777200867,92.34361619599048,3061841920.0,0.00010949999999999999,129.74023914337158,148.876953125,0,0,exported_float_payload,False
operand_hybrid_fixed_h32,Operand hybrid + fixed H32,740,4.268976211547852,4.611505508422852,0.6121967434883118,35857.73154813254,2294894.8190804827,92.29692435507226,3103784960.0,0.00011099999999999999,129.74023914337158,148.876953125,0,0,exported_float_payload,False
operand_hybrid_fixed_h32,Operand hybrid + fixed H32,750,4.214785099029541,4.916876792907715,0.504177987575531,35866.44014360256,2295452.1691905637,92.31934006690435,3145728000.0,0.0001125,129.74023914337158,148.876953125,0,0,exported_float_payload,False
operand_hybrid_fixed_h32,Operand hybrid + fixed H32,760,4.196147441864014,4.748023986816406,0.5905067324638367,35837.772152858226,2293617.4177829265,92.24554935960349,3187671040.0,0.00011399999999999999,129.74023914337158,148.876953125,0,0,exported_float_payload,False
operand_hybrid_fixed_h32,Operand hybrid + fixed H32,770,4.15593957901001,4.576005458831787,0.545081377029419,35865.180303302644,2295371.5394113692,92.31609726877295,3229614080.0,0.00011549999999999999,129.74023914337158,148.876953125,0,0,exported_float_payload,False
operand_hybrid_fixed_h32,Operand hybrid + fixed H32,780,4.109618186950684,5.0059051513671875,0.5937144160270691,35857.32607490098,2294868.8687936626,92.29588067688724,3271557120.0,0.000117,129.74023914337158,148.876953125,0,0,exported_float_payload,False
operand_hybrid_fixed_h32,Operand hybrid + fixed H32,790,4.168904781341553,4.587121963500977,0.8168302774429321,35850.68503508784,2294443.8422456216,92.27878680276835,3313500160.0,0.0001185,129.74023914337158,148.876953125,0,0,exported_float_payload,False
operand_hybrid_fixed_h32,Operand hybrid + fixed H32,800,4.217844009399414,4.528894424438477,1.9565578699111938,35830.569307358666,2293156.4356709546,92.22700941138278,3355443200.0,0.00011999999999999999,129.74023914337158,148.876953125,0,0,exported_float_payload,False
operand_hybrid_fixed_h32,Operand hybrid + fixed H32,810,4.26818323135376,4.653099060058594,1.258302927017212,35844.43760453797,2294044.00669043,92.26270606927017,3397386240.0,0.0001215,129.74023914337158,148.876953125,0,0,exported_float_payload,False
operand_hybrid_fixed_h32,Operand hybrid + fixed H32,820,4.232237339019775,4.602877140045166,0.999777615070343,35822.38874560943,2292632.8797190036,92.20595284543862,3439329280.0,0.00012299999999999998,129.74023914337158,148.876953125,0,0,exported_float_payload,False
operand_hybrid_fixed_h32,Operand hybrid + fixed H32,830,4.086962699890137,4.866044998168945,0.7052363753318787,35834.69577229119,2293420.529426636,92.23763083123528,3481272320.0,0.0001245,129.74023914337158,148.876953125,0,0,exported_float_payload,False
operand_hybrid_fixed_h32,Operand hybrid + fixed H32,840,4.117654323577881,4.902352333068848,0.45301657915115356,35804.28960641144,2291474.534810332,92.15936610363075,3523215360.0,0.00012599999999999997,129.74023914337158,148.876953125,0,0,exported_float_payload,False
operand_hybrid_fixed_h32,Operand hybrid + fixed H32,850,4.075490951538086,4.876398086547852,0.43502768874168396,35840.939701036106,2293820.140866311,92.25370255117312,3565158400.0,0.00012749999999999998,129.74023914337158,148.876953125,0,0,exported_float_payload,False
operand_hybrid_fixed_h32,Operand hybrid + fixed H32,860,4.002406597137451,4.543950080871582,0.5992348194122314,35831.17470348872,2293195.1810232783,92.22856768622083,3607101440.0,0.000129,129.74023914337158,148.876953125,0,0,exported_float_payload,False
operand_hybrid_fixed_h32,Operand hybrid + fixed H32,870,4.071356296539307,4.951700210571289,0.5810902714729309,35839.81225215462,2293747.9841378955,92.25080052531604,3649044480.0,0.0001305,129.74023914337158,148.876953125,0,0,exported_float_payload,False
operand_hybrid_fixed_h32,Operand hybrid + fixed H32,880,4.016656398773193,4.451560974121094,0.5095899105072021,35860.35402955509,2295062.657891526,92.30367455813949,3690987520.0,0.00013199999999999998,129.74023914337158,148.876953125,0,0,exported_float_payload,False
operand_hybrid_fixed_h32,Operand hybrid + fixed H32,890,3.946812868118286,4.454869747161865,0.46894919872283936,35842.26128029074,2293904.7219386073,92.25710426386458,3732930560.0,0.0001335,129.74023914337158,148.876953125,0,0,exported_float_payload,False
operand_hybrid_fixed_h32,Operand hybrid + fixed H32,900,3.9839141368865967,4.788351058959961,1.3232274055480957,35855.37744166077,2294744.1562662893,92.29086494256713,3774873600.0,0.000135,129.74023914337158,148.876953125,0,0,exported_float_payload,False
operand_hybrid_fixed_h32,Operand hybrid + fixed H32,910,4.114710330963135,4.557063579559326,0.8384295105934143,35844.34912228735,2294038.3438263903,92.26247831812029,3816816640.0,0.00013649999999999998,129.74023914337158,148.876953125,0,0,exported_float_payload,False
operand_hybrid_fixed_h32,Operand hybrid + fixed H32,920,4.120783805847168,4.583556652069092,0.7507205009460449,35850.75061271862,2294448.0392139917,92.27895559798675,3858759680.0,0.000138,129.74023914337158,148.876953125,0,0,exported_float_payload,False
operand_hybrid_fixed_h32,Operand hybrid + fixed H32,930,3.96673583984375,5.533333778381348,0.4351224899291992,35834.956235763595,2293437.19908887,92.23830125784545,3900702720.0,0.0001395,129.74023914337158,148.876953125,0,0,exported_float_payload,False
operand_hybrid_fixed_h32,Operand hybrid + fixed H32,940,3.951359510421753,4.404417037963867,0.44702690839767456,35851.99388857124,2294527.6088685594,92.28215575963578,3942645760.0,0.00014099999999999998,129.74023914337158,148.876953125,0,0,exported_float_payload,False
operand_hybrid_fixed_h32,Operand hybrid + fixed H32,950,3.9443299770355225,4.5028157234191895,0.47915247082710266,35831.42921938666,2293211.470040746,92.2292228039197,3984588800.0,0.0001425,129.74023914337158,148.876953125,0,0,exported_float_payload,False
operand_hybrid_fixed_h32,Operand hybrid + fixed H32,960,3.927203893661499,4.525582313537598,0.65194171667099,35847.02137552326,2294209.3680334887,92.26935663261828,4026531840.0,0.00014399999999999998,129.74023914337158,148.876953125,0,0,exported_float_payload,False
operand_hybrid_fixed_h32,Operand hybrid + fixed H32,970,3.8837192058563232,4.507970809936523,0.36903858184814453,35834.952591253474,2293436.9658402223,92.23829187696549,4068474880.0,0.00014549999999999999,129.74023914337158,148.876953125,0,0,exported_float_payload,False
operand_hybrid_fixed_h32,Operand hybrid + fixed H32,980,3.9152626991271973,4.561555862426758,0.49723726511001587,35814.93268620889,2292155.691917369,92.18676113082738,4110417920.0,0.000147,129.74023914337158,148.876953125,0,0,exported_float_payload,False
operand_hybrid_fixed_h32,Operand hybrid + fixed H32,990,3.855159044265747,4.274069786071777,0.3154135048389435,35845.713175174096,2294125.643211142,92.26598935690241,4152360960.0,0.00014849999999999998,129.74023914337158,148.876953125,0,0,exported_float_payload,False
operand_hybrid_fixed_h32,Operand hybrid + fixed H32,1000,3.8744988441467285,5.01029634475708,0.7154932618141174,35838.96733857153,2293693.909668578,92.24862573840963,4194304000.0,0.00015,129.74023914337158,148.876953125,0,0,exported_float_payload,False
operand_hybrid_fixed_h32,Operand hybrid + fixed H32,1010,3.827887535095215,4.324089050292969,0.572917103767395,24231.138153541135,1550792.8418266326,62.370357204349304,4236247040.0,0.0001515,129.74023914337158,148.884765625,0,0,exported_float_payload,False
operand_hybrid_fixed_h32,Operand hybrid + fixed H32,1020,3.875601053237915,4.340738296508789,0.7210030555725098,35780.85250827403,2289974.560529538,92.09903958601524,4278190080.0,0.00015299999999999998,129.74023914337158,148.884765625,0,0,exported_float_payload,False
operand_hybrid_fixed_h32,Operand hybrid + fixed H32,1030,3.9497177600860596,6.879261016845703,0.7622137665748596,35848.38887316569,2294296.8878826043,92.27287653811732,4320133120.0,0.0001545,129.74023914337158,148.884765625,0,0,exported_float_payload,False
operand_hybrid_fixed_h32,Operand hybrid + fixed H32,1040,3.8420228958129883,4.637180328369141,0.25413963198661804,35853.31360790516,2294612.0709059304,92.2855526849368,4362076160.0,0.000156,129.74023914337158,148.884765625,0,0,exported_float_payload,False
operand_hybrid_fixed_h32,Operand hybrid + fixed H32,1050,3.8060474395751953,4.665314674377441,0.4748079776763916,35868.42146558225,2295578.973797264,92.32443994124071,4404019200.0,0.00015749999999999998,129.74023914337158,148.884765625,0,0,exported_float_payload,False
operand_hybrid_fixed_h32,Operand hybrid + fixed H32,1060,3.8090944290161133,4.259702205657959,0.5213910341262817,35859.9797779844,2295038.7057910017,92.30271124374623,4445962240.0,0.000159,129.74023914337158,148.884765625,0,0,exported_float_payload,False
operand_hybrid_fixed_h32,Operand hybrid + fixed H32,1070,3.8012518882751465,4.600234508514404,0.4676932096481323,35816.54065658534,2292258.602021462,92.1909000072647,4487905280.0,0.0001605,129.74023914337158,148.884765625,0,0,exported_float_payload,False
operand_hybrid_fixed_h32,Operand hybrid + fixed H32,1080,3.8013789653778076,4.31583309173584,0.5170527696609497,35855.17480884775,2294731.187766256,92.29034337066038,4529848320.0,0.000162,129.74023914337158,148.884765625,0,0,exported_float_payload,False
operand_hybrid_fixed_h32,Operand hybrid + fixed H32,1090,3.821120262145996,4.941802978515625,0.5499337315559387,35838.18188206024,2293643.6404518555,92.24660399255241,4571791360.0,0.0001635,129.74023914337158,148.884765625,0,0,exported_float_payload,False
operand_hybrid_fixed_h32,Operand hybrid + fixed H32,1100,3.7778470516204834,4.432794094085693,0.6624694466590881,35808.49518293473,2291743.6917078225,92.17019115478375,4613734400.0,0.000165,129.74023914337158,148.884765625,0,0,exported_float_payload,False
operand_hybrid_fixed_h32,Operand hybrid + fixed H32,1110,3.7556397914886475,4.174741744995117,0.32219254970550537,35816.37101028949,2292247.7446585274,92.19046334184668,4655677440.0,0.0001665,129.74023914337158,148.884765625,0,0,exported_float_payload,False
operand_hybrid_fixed_h32,Operand hybrid + fixed H32,1120,3.738635540008545,4.22592830657959,0.4107785224914551,35854.00654702712,2294656.419009736,92.28733629329574,4697620480.0,0.000168,129.74023914337158,148.884765625,0,0,exported_float_payload,False
operand_hybrid_fixed_h32,Operand hybrid + fixed H32,1130,3.7112388610839844,4.2261061668396,0.3316018283367157,35848.58370097951,2294309.3568626884,92.27337802014694,4739563520.0,0.00016949999999999997,129.74023914337158,148.923828125,0,0,exported_float_payload,False
operand_hybrid_fixed_h32,Operand hybrid + fixed H32,1140,3.679051637649536,4.77271032333374,0.32583269476890564,35825.39994920552,2292825.5967491535,92.21370360987706,4781506560.0,0.00017099999999999998,129.74023914337158,148.923828125,0,0,exported_float_payload,False
operand_hybrid_fixed_h32,Operand hybrid + fixed H32,1150,3.7404251098632812,4.220859527587891,0.5018508434295654,35850.24501112157,2294415.6807117807,92.2776541918369,4823449600.0,0.00017249999999999996,129.74023914337158,148.923828125,0,0,exported_float_payload,False
operand_hybrid_fixed_h32,Operand hybrid + fixed H32,1160,3.6627731323242188,4.682448387145996,0.5802423357963562,35848.72575998179,2294318.4486388345,92.27374367654575,4865392640.0,0.00017399999999999997,129.74023914337158,148.923828125,0,0,exported_float_payload,False
operand_hybrid_fixed_h32,Operand hybrid + fixed H32,1170,3.6963179111480713,4.085664749145508,0.5344215631484985,35813.45488537262,2292061.112663848,92.1829573076041,4907335680.0,0.00017549999999999998,129.74023914337158,148.923828125,0,0,exported_float_payload,False
operand_hybrid_fixed_h32,Operand hybrid + fixed H32,1180,3.67621111869812,4.200965881347656,0.3284541666507721,35834.11922026899,2293383.6300972155,92.23614680042569,4949278720.0,0.00017699999999999997,129.74023914337158,148.923828125,0,0,exported_float_payload,False
operand_hybrid_fixed_h32,Operand hybrid + fixed H32,1190,3.656811237335205,4.28684139251709,0.3681034743785858,35837.9125268726,2293626.4017198463,92.24591067888461,4991221760.0,0.00017849999999999997,129.74023914337158,148.923828125,0,0,exported_float_payload,False
operand_hybrid_fixed_h32,Operand hybrid + fixed H32,1200,3.643583059310913,4.137126922607422,0.2602018415927887,35828.510299058726,2293024.6591397584,92.22170957435736,5033164800.0,0.00017999999999999998,129.74023914337158,148.923828125,0,0,exported_float_payload,False
operand_hybrid_fixed_h32,Operand hybrid + fixed H32,1210,3.6169509887695312,4.024275302886963,0.4048132300376892,35822.95380183626,2292669.0433175205,92.20740728635198,5075107840.0,0.00018149999999999997,129.74023914337158,148.923828125,0,0,exported_float_payload,False
operand_hybrid_fixed_h32,Operand hybrid + fixed H32,1220,3.612149238586426,4.206640243530273,0.44814857840538025,35819.1154775504,2292423.3905632254,92.19752753347953,5117050880.0,0.00018299999999999998,129.74023914337158,148.923828125,0,0,exported_float_payload,False
operand_hybrid_fixed_h32,Operand hybrid + fixed H32,1230,3.7481629848480225,9.429777145385742,1.6327999830245972,35807.01501192875,2291648.96076344,92.16638123080159,5158993920.0,0.00018449999999999999,129.74023914337158,148.923828125,0,0,exported_float_payload,False
operand_hybrid_fixed_h32,Operand hybrid + fixed H32,1240,3.768049478530884,4.167721748352051,0.9688288569450378,35851.53160131363,2294498.0224840725,92.28096584353669,5200936960.0,0.000186,129.74023914337158,148.923828125,0,0,exported_float_payload,False
operand_hybrid_fixed_h32,Operand hybrid + fixed H32,1250,3.879542350769043,4.3619184494018555,0.882148027420044,35824.384183338916,2292760.5877336906,92.21108905336986,5242880000.0,0.00018749999999999998,129.74023914337158,148.923828125,0,0,exported_float_payload,False
operand_hybrid_fixed_h32,Operand hybrid + fixed H32,1260,3.9355106353759766,4.359294891357422,1.4468134641647339,35817.27052088769,2292305.313336812,92.1927786601352,5284823040.0,0.00018899999999999999,129.74023914337158,148.923828125,0,0,exported_float_payload,False
operand_hybrid_fixed_h32,Operand hybrid + fixed H32,1270,3.8757638931274414,4.318686485290527,0.9783212542533875,35832.48255013259,2293278.883208486,92.23193405150789,5326766080.0,0.0001905,129.74023914337158,148.923828125,0,0,exported_float_payload,False
operand_hybrid_fixed_h32,Operand hybrid + fixed H32,1280,3.791395902633667,4.485908508300781,0.47679954767227173,35826.95611127601,2292925.191121665,92.21770913300145,5368709120.0,0.00019199999999999998,129.74023914337158,148.923828125,0,0,exported_float_payload,False
operand_hybrid_fixed_h32,Operand hybrid + fixed H32,1290,3.6733953952789307,4.158471584320068,0.4104696810245514,35810.02044363347,2291841.308392542,92.17411713853274,5410652160.0,0.0001935,129.74023914337158,148.923828125,0,0,exported_float_payload,False
operand_hybrid_fixed_h32,Operand hybrid + fixed H32,1300,3.620361804962158,4.342990398406982,0.22102120518684387,35836.810003095794,2293555.840198131,92.24307280963762,5452595200.0,0.000195,129.74023914337158,148.923828125,0,0,exported_float_payload,False
operand_hybrid_fixed_h32,Operand hybrid + fixed H32,1310,3.6365931034088135,4.172671794891357,0.3828127682209015,35834.5489886424,2293411.1352731134,92.23725301371186,5494538240.0,0.00019649999999999998,129.74023914337158,148.923828125,0,0,exported_float_payload,False
operand_hybrid_fixed_h32,Operand hybrid + fixed H32,1320,3.5923633575439453,3.9770591259002686,0.3805467486381531,35819.04856679444,2292419.108274844,92.19735530682952,5536481280.0,0.000198,129.74023914337158,148.923828125,0,0,exported_float_payload,False
operand_hybrid_fixed_h32,Operand hybrid + fixed H32,1330,3.5572052001953125,4.472084999084473,0.24908265471458435,35796.01690134891,2290945.08168633,92.13807236305088,5578424320.0,0.0001995,129.74023914337158,148.923828125,0,0,exported_float_payload,False
operand_hybrid_fixed_h32,Operand hybrid + fixed H32,1340,3.6059365272521973,4.44122314453125,0.2986430823802948,35798.367636749506,2291095.5287519684,92.14412309850125,5620367360.0,0.000201,129.74023914337158,148.923828125,0,0,exported_float_payload,False
operand_hybrid_fixed_h32,Operand hybrid + fixed H32,1350,3.6096458435058594,4.109346389770508,0.30166417360305786,35784.35552371024,2290198.7535174554,92.10805626210632,5662310400.0,0.0002025,129.74023914337158,148.923828125,0,0,exported_float_payload,False
operand_hybrid_fixed_h32,Operand hybrid + fixed H32,1360,3.5991194248199463,4.029903411865234,0.35158824920654297,35815.594964599186,2292198.077734348,92.18846581921261,5704253440.0,0.000204,129.74023914337158,148.923828125,0,0,exported_float_payload,False
operand_hybrid_fixed_h32,Operand hybrid + fixed H32,1370,3.601557970046997,4.260273456573486,0.33209365606307983,35827.41290531135,2292954.4259399264,92.21888490968071,5746196480.0,0.0002055,129.74023914337158,148.923828125,0,0,exported_float_payload,False
operand_hybrid_fixed_h32,Operand hybrid + fixed H32,1380,3.532579183578491,3.915233612060547,0.29995617270469666,35809.697008364645,2291820.6085353373,92.17328462405814,5788139520.0,0.00020699999999999996,129.74023914337158,148.923828125,0,0,exported_float_payload,False
operand_hybrid_fixed_h32,Operand hybrid + fixed H32,1390,3.517744541168213,3.9810609817504883,0.21557602286338806,35831.88296939907,2293240.5100415405,92.23039074535836,5830082560.0,0.00020849999999999997,129.74023914337158,148.923828125,0,0,exported_float_payload,False
operand_hybrid_fixed_h32,Operand hybrid + fixed H32,1400,3.5185680389404297,4.16964864730835,0.26582443714141846,35837.969201527056,2293630.0288977316,92.2460565580596,5872025600.0,0.00020999999999999998,129.74023914337158,148.923828125,0,0,exported_float_payload,False
operand_hybrid_fixed_h32,Operand hybrid + fixed H32,1410,3.538363218307495,3.9852426052093506,0.42842814326286316,35834.98478874791,2293439.0264798664,92.23837475252901,5913968640.0,0.00021149999999999996,129.74023914337158,148.923828125,0,0,exported_float_payload,False
operand_hybrid_fixed_h32,Operand hybrid + fixed H32,1420,3.5781772136688232,5.813618183135986,0.3202941417694092,35823.3518700761,2292694.5196848703,92.20843190426936,5955911680.0,0.00021299999999999997,129.74023914337158,148.923828125,0,0,exported_float_payload,False
operand_hybrid_fixed_h32,Operand hybrid + fixed H32,1430,3.543318748474121,4.27436637878418,0.27618634700775146,35800.12050693787,2291207.7124440237,92.14863494351192,5997854720.0,0.00021449999999999998,129.74023914337158,148.923828125,0,0,exported_float_payload,False
operand_hybrid_fixed_h32,Operand hybrid + fixed H32,1440,3.5143768787384033,4.007330894470215,0.5832087397575378,35840.20947166677,2293773.4061866733,92.2518229586291,6039797760.0,0.00021599999999999996,129.74023914337158,148.923828125,0,0,exported_float_payload,False
operand_hybrid_fixed_h32,Operand hybrid + fixed H32,1450,3.6259636878967285,4.229439735412598,0.5046871304512024,35814.31741660675,2292116.314662832,92.18517744191357,6081740800.0,0.00021749999999999997,129.74023914337158,148.923828125,0,0,exported_float_payload,False
operand_hybrid_fixed_h32,Operand hybrid + fixed H32,1460,3.5482466220855713,4.024831771850586,0.29504942893981934,15910.741899379433,1018287.4815602837,40.953860663184706,6123683840.0,0.00021899999999999998,129.74023914337158,148.923828125,0,0,exported_float_payload,False
operand_hybrid_fixed_h32,Operand hybrid + fixed H32,1470,3.4866042137145996,3.870898723602295,0.19604460895061493,35876.49554137497,2296095.714647998,92.34522241493617,6165626880.0,0.00022049999999999997,129.74023914337158,148.923828125,0,0,exported_float_payload,False
operand_hybrid_fixed_h32,Operand hybrid + fixed H32,1480,3.4979662895202637,4.087827682495117,0.33543041348457336,35809.26242946094,2291792.7954855002,92.17216602858458,6207569920.0,0.00022199999999999998,129.74023914337158,148.923828125,0,0,exported_float_payload,False
operand_hybrid_fixed_h32,Operand hybrid + fixed H32,1490,3.503166913986206,4.123091697692871,0.3837200403213501,35824.043841426,2292738.805851264,92.21021302160669,6249512960.0,0.00022349999999999998,129.74023914337158,148.923828125,0,0,exported_float_payload,False
operand_hybrid_fixed_h32,Operand hybrid + fixed H32,1500,3.452153205871582,4.058480739593506,0.282491534948349,35847.034794907784,2294210.226874098,92.26939117378598,6291456000.0,0.000225,129.74023914337158,148.923828125,0,0,exported_float_payload,False
operand_hybrid_fixed_h32,Operand hybrid + fixed H32,1510,3.460277557373047,3.8751888275146484,0.2616209089756012,35820.930558533946,2292539.5557461726,92.20219950755609,6333399040.0,0.00022649999999999998,129.74023914337158,148.923828125,0,0,exported_float_payload,False
operand_hybrid_fixed_h32,Operand hybrid + fixed H32,1520,3.4428741931915283,4.06326961517334,0.2501315772533417,35785.1322018328,2290248.460917299,92.11005541260555,6375342080.0,0.00022799999999999999,129.74023914337158,148.923828125,0,0,exported_float_payload,False
operand_hybrid_fixed_h32,Operand hybrid + fixed H32,1530,3.478980302810669,3.9726967811584473,0.31163668632507324,35842.64971742767,2293929.5819153707,92.25810409155852,6417285120.0,0.0002295,129.74023914337158,148.923828125,0,0,exported_float_payload,False
operand_hybrid_fixed_h32,Operand hybrid + fixed H32,1540,3.461418628692627,3.9396655559539795,0.23859596252441406,35806.04500333906,2291586.8802137,92.1638844524065,6459228160.0,0.00023099999999999998,129.74023914337158,148.923828125,0,0,exported_float_payload,False
operand_hybrid_fixed_h32,Operand hybrid + fixed H32,1550,3.4690325260162354,4.082396030426025,0.4195287823677063,35818.0567463195,2292355.631764448,92.19480238517505,6501171200.0,0.00023249999999999999,129.74023914337158,148.923828125,0,0,exported_float_payload,False
operand_hybrid_fixed_h32,Operand hybrid + fixed H32,1560,3.4460113048553467,3.9413270950317383,0.2616770267486572,35823.97224570981,2292734.223725428,92.21002873598358,6543114240.0,0.000234,129.74023914337158,148.923828125,0,0,exported_float_payload,False
operand_hybrid_fixed_h32,Operand hybrid + fixed H32,1570,3.4972684383392334,4.877931594848633,0.3408069610595703,35831.66768975165,2293226.7321441057,92.22983662080907,6585057280.0,0.00023549999999999998,129.74023914337158,148.923828125,0,0,exported_float_payload,False
operand_hybrid_fixed_h32,Operand hybrid + fixed H32,1580,3.4395973682403564,3.985511064529419,0.2584324777126312,35820.714971708774,2292525.7581893615,92.20164459233875,6627000320.0,0.000237,129.74023914337158,148.923828125,0,0,exported_float_payload,False
operand_hybrid_fixed_h32,Operand hybrid + fixed H32,1590,3.4580225944519043,4.101056098937988,0.3034473955631256,35828.26841340798,2293009.178458111,92.22108696660598,6668943360.0,0.0002385,129.74023914337158,148.923828125,0,0,exported_float_payload,False
operand_hybrid_fixed_h32,Operand hybrid + fixed H32,1600,3.429518222808838,4.371874809265137,0.28587883710861206,35828.687711004604,2293036.0135042947,92.22216622836869,6710886400.0,0.00023999999999999998,129.74023914337158,148.923828125,0,0,exported_float_payload,False
operand_hybrid_fixed_h32,Operand hybrid + fixed H32,1610,3.424046277999878,3.9659769535064697,0.38425639271736145,35812.549924790066,2292003.1951865642,92.18062796118906,6752829440.0,0.0002415,129.74023914337158,148.923828125,0,0,exported_float_payload,False
operand_hybrid_fixed_h32,Operand hybrid + fixed H32,1620,3.355116844177246,3.9026434421539307,0.2509538531303406,35813.38823863559,2292056.847272678,92.18278576053235,6794772480.0,0.000243,129.74023914337158,148.923828125,0,0,exported_float_payload,False
operand_hybrid_fixed_h32,Operand hybrid + fixed H32,1630,3.370523452758789,3.7830076217651367,0.2562524378299713,35819.880232734875,2292472.334895032,92.19949599462764,6836715520.0,0.0002445,129.74023914337158,148.923828125,0,0,exported_float_payload,False
operand_hybrid_fixed_h32,Operand hybrid + fixed H32,1640,3.38944411277771,3.900618553161621,0.25688064098358154,35797.479472242296,2291038.686223507,92.14183698477353,6878658560.0,0.00024599999999999996,129.74023914337158,148.923828125,0,0,exported_float_payload,False
operand_hybrid_fixed_h32,Operand hybrid + fixed H32,1650,3.4249625205993652,4.127155303955078,0.26607635617256165,35771.2239305044,2289358.3315522815,92.07425586223566,6920601600.0,0.00024749999999999994,129.74023914337158,148.923828125,0,0,exported_float_payload,False
operand_hybrid_fixed_h32,Operand hybrid + fixed H32,1660,3.3651576042175293,4.020968437194824,0.31189727783203125,35823.31009424618,2292691.8460317557,92.20832437430448,6962544640.0,0.000249,129.74023914337158,148.923828125,0,0,exported_float_payload,False
operand_hybrid_fixed_h32,Operand hybrid + fixed H32,1670,3.332895278930664,4.136518955230713,0.2743387520313263,35793.49600310624,2290783.744198799,92.13158363260517,7004487680.0,0.00025049999999999996,129.74023914337158,148.923828125,0,0,exported_float_payload,False
operand_hybrid_fixed_h32,Operand hybrid + fixed H32,1680,3.3159663677215576,3.8894548416137695,0.23841111361980438,35814.37837743893,2292120.2161560915,92.18533435360523,7046430720.0,0.00025199999999999995,129.74023914337158,148.923828125,0,0,exported_float_payload,False
operand_hybrid_fixed_h32,Operand hybrid + fixed H32,1690,3.36850905418396,3.895188808441162,0.2287878841161728,35823.2302752764,2292686.7376176897,92.20811892222768,7088373760.0,0.0002535,129.74023914337158,148.923828125,0,0,exported_float_payload,False
operand_hybrid_fixed_h32,Operand hybrid + fixed H32,1700,3.387258529663086,4.264035701751709,0.25516557693481445,35798.12151381801,2291079.776884353,92.1434895840928,7130316800.0,0.00025499999999999996,129.74023914337158,148.923828125,0,0,exported_float_payload,False
operand_hybrid_fixed_h32,Operand hybrid + fixed H32,1710,3.328852653503418,3.827025890350342,0.343599796295166,35839.659274446894,2293738.1935646012,92.25040676443636,7172259840.0,0.00025649999999999995,129.74023914337158,148.923828125,0,0,exported_float_payload,False
operand_hybrid_fixed_h32,Operand hybrid + fixed H32,1720,3.3390984535217285,3.862464666366577,0.2923925220966339,35813.83407892956,2292085.381051492,92.18393334254914,7214202880.0,0.000258,129.74023914337158,148.923828125,0,0,exported_float_payload,False
operand_hybrid_fixed_h32,Operand hybrid + fixed H32,1730,3.362436294555664,3.837566375732422,0.32878968119621277,35795.94152087307,2290940.2573358766,92.13787833554899,7256145920.0,0.00025949999999999997,129.74023914337158,148.923828125,0,0,exported_float_payload,False
operand_hybrid_fixed_h32,Operand hybrid + fixed H32,1740,3.335491418838501,4.0754475593566895,0.22515958547592163,35794.230265295024,2290830.7369788815,92.13347360552787,7298088960.0,0.000261,129.74023914337158,148.923828125,0,0,exported_float_payload,False
operand_hybrid_fixed_h32,Operand hybrid + fixed H32,1750,3.3310561180114746,3.99930477142334,0.22066891193389893,35816.14270666115,2292233.1332263136,92.18987569388891,7340032000.0,0.0002625,129.74023914337158,148.923828125,0,0,exported_float_payload,False
operand_hybrid_fixed_h32,Operand hybrid + fixed H32,1760,3.3359720706939697,3.7310590744018555,0.2909053862094879,35784.172544120185,2290187.042823692,92.10758527711499,7381975040.0,0.00026399999999999997,129.74023914337158,148.923828125,0,0,exported_float_payload,False
operand_hybrid_fixed_h32,Operand hybrid + fixed H32,1770,3.3388102054595947,4.288978576660156,0.30357274413108826,35829.915196213646,2293114.5725576733,92.22532574528721,7423918080.0,0.0002655,129.74023914337158,148.923828125,0,0,exported_float_payload,False
operand_hybrid_fixed_h32,Operand hybrid + fixed H32,1780,3.338667631149292,4.207029819488525,0.31801295280456543,35779.85215577375,2289910.53796952,92.09646470313612,7465861120.0,0.000267,129.74023914337158,148.923828125,0,0,exported_float_payload,False
operand_hybrid_fixed_h32,Operand hybrid + fixed H32,1790,3.337859630584717,4.071218490600586,0.22860439121723175,35809.630042587916,2291816.3227256266,92.17311225578601,7507804160.0,0.00026849999999999997,129.74023914337158,148.923828125,0,0,exported_float_payload,False
operand_hybrid_fixed_h32,Operand hybrid + fixed H32,1800,3.2510757446289062,3.711449146270752,0.23659135401248932,35088.89869166213,2245689.5162663762,90.31796737894311,7549747200.0,0.00027,129.74023914337158,148.923828125,0,0,exported_float_payload,False
operand_hybrid_fixed_h32,Operand hybrid + fixed H32,1810,3.2936465740203857,4.038155555725098,0.2607056200504303,35764.43905810075,2288924.099718448,92.05679176654522,7591690240.0,0.0002715,129.74023914337158,148.923828125,0,0,exported_float_payload,False
operand_hybrid_fixed_h32,Operand hybrid + fixed H32,1820,3.306303024291992,3.9333643913269043,0.2855360209941864,35853.64563647926,2294633.3207346727,92.2864073183691,7633633280.0,0.00027299999999999997,129.74023914337158,148.923828125,0,0,exported_float_payload,False
operand_hybrid_fixed_h32,Operand hybrid + fixed H32,1830,3.3020217418670654,3.8112218379974365,0.2714537978172302,35815.49365340503,2292191.593817922,92.18820504667569,7675576320.0,0.0002745,129.74023914337158,148.923828125,0,0,exported_float_payload,False
operand_hybrid_fixed_h32,Operand hybrid + fixed H32,1840,3.2938663959503174,3.7363080978393555,0.21706101298332214,35814.97548175117,2292158.430832075,92.18687128550692,7717519360.0,0.000276,129.74023914337158,148.923828125,0,0,exported_float_payload,False
operand_hybrid_fixed_h32,Operand hybrid + fixed H32,1850,3.277043104171753,3.9855663776397705,0.19101686775684357,35785.34771588161,2290262.253816423,92.11061014049831,7759462400.0,0.00027749999999999997,129.74023914337158,148.923828125,0,0,exported_float_payload,False
operand_hybrid_fixed_h32,Operand hybrid + fixed H32,1860,3.3262877464294434,4.465301036834717,0.23570208251476288,35833.814164421456,2293364.106522973,92.23536159413214,7801405440.0,0.000279,129.74023914337158,148.923828125,0,0,exported_float_payload,False
operand_hybrid_fixed_h32,Operand hybrid + fixed H32,1870,3.2841787338256836,3.7254669666290283,0.26786506175994873,35803.74856452759,2291439.9081297657,92.1579734750491,7843348480.0,0.0002805,129.74023914337158,148.923828125,0,0,exported_float_payload,False
operand_hybrid_fixed_h32,Operand hybrid + fixed H32,1880,3.2941689491271973,3.7744977474212646,0.2469693273305893,35813.5710767226,2292068.548910246,92.18325638129828,7885291520.0,0.00028199999999999997,129.74023914337158,148.923828125,0,0,exported_float_payload,False
operand_hybrid_fixed_h32,Operand hybrid + fixed H32,1890,3.2811245918273926,3.8383724689483643,0.2579174339771271,35837.26719764478,2293585.100649266,92.24424961722923,7927234560.0,0.00028349999999999995,129.74023914337158,148.982421875,0,0,exported_float_payload,False
operand_hybrid_fixed_h32,Operand hybrid + fixed H32,1900,3.2893853187561035,3.943875312805176,0.19221657514572144,35784.59470655742,2290214.061219675,92.10867191290743,7969177600.0,0.000285,129.74023914337158,148.982421875,0,0,exported_float_payload,False
operand_hybrid_fixed_h32,Operand hybrid + fixed H32,1910,3.252284049987793,3.6698787212371826,0.2648497521877289,35830.782910590424,2293170.106277787,92.22755922087914,8011120640.0,0.00028649999999999997,129.74023914337158,148.982421875,0,0,exported_float_payload,False
operand_hybrid_fixed_h32,Operand hybrid + fixed H32,1920,3.263124465942383,4.152165412902832,0.20246435701847076,35804.67056023862,2291498.9158552717,92.16034666946835,8053063680.0,0.00028799999999999995,129.74023914337158,148.982421875,0,0,exported_float_payload,False
operand_hybrid_fixed_h32,Operand hybrid + fixed H32,1930,3.267001152038574,3.9167137145996094,0.211537703871727,35812.56429119011,2292004.114636167,92.18066493995154,8095006720.0,0.0002895,129.74023914337158,148.982421875,0,0,exported_float_payload,False
operand_hybrid_fixed_h32,Operand hybrid + fixed H32,1940,3.2299017906188965,3.7641966342926025,0.2575152516365051,35823.366922419926,2292695.4830348752,92.20847064863437,8136949760.0,0.00029099999999999997,129.74023914337158,148.982421875,0,0,exported_float_payload,False
operand_hybrid_fixed_h32,Operand hybrid + fixed H32,1950,3.2814085483551025,4.238419532775879,0.35423120856285095,35796.192927992655,2290956.34739153,92.1385254513284,8178892800.0,0.00029249999999999995,129.74023914337158,148.982421875,0,0,exported_float_payload,False
operand_hybrid_fixed_h32,Operand hybrid + fixed H32,1960,3.3241872787475586,3.8937065601348877,0.41265690326690674,35808.68508540174,2291755.8454657113,92.17067995909112,8220835840.0,0.000294,129.74023914337158,148.982421875,0,0,exported_float_payload,False
operand_hybrid_fixed_h32,Operand hybrid + fixed H32,1970,3.313135862350464,3.9379656314849854,0.25987347960472107,35806.73387249427,2291630.967839633,92.16565758477053,8262778880.0,0.00029549999999999997,129.74023914337158,148.982421875,0,0,exported_float_payload,False
operand_hybrid_fixed_h32,Operand hybrid + fixed H32,1980,3.2560276985168457,3.686110496520996,0.2377099245786667,35801.91987465003,2291322.871977602,92.15326647201209,8304721920.0,0.00029699999999999996,129.74023914337158,148.982421875,0,0,exported_float_payload,False
operand_hybrid_fixed_h32,Operand hybrid + fixed H32,1990,3.235480308532715,4.00177526473999,0.1995214968919754,35805.46802491665,2291549.9535946655,92.16239932405318,8346664960.0,0.0002985,129.74023914337158,148.982421875,0,0,exported_float_payload,False
operand_hybrid_fixed_h32,Operand hybrid + fixed H32,2000,3.230050563812256,3.5307023525238037,0.2073691338300705,35826.45053603682,2292892.8343063565,92.21640779469607,8388608000.0,0.0003,129.74023914337158,148.982421875,0,0,exported_float_payload,False
operand_hybrid_fixed_h32,Operand hybrid + fixed H32,2010,3.2456064224243164,3.746769905090332,0.2414863407611847,7630.117237304532,488327.50318749005,19.639735227715647,8430551040.0,0.0003,135.18091440200806,148.759765625,0,0,exported_float_payload,False
operand_hybrid_fixed_h32,Operand hybrid + fixed H32,2020,3.2155613899230957,4.045388221740723,0.19280163943767548,36040.55871978967,2306595.7580665387,92.76751702515902,8472494080.0,0.0003,129.74023866653442,148.759765625,0,0,exported_float_payload,False
operand_hybrid_fixed_h32,Operand hybrid + fixed H32,2030,3.233105182647705,3.66934871673584,0.17310978472232819,35946.743363406305,2300591.5752580035,92.52603859142607,8514437120.0,0.0003,129.74023866653442,148.759765625,0,0,exported_float_payload,False
operand_hybrid_fixed_h32,Operand hybrid + fixed H32,2040,3.2190167903900146,3.6518936157226562,0.23828798532485962,35933.11447260789,2299719.326246905,92.49095815971009,8556380160.0,0.0003,129.74023866653442,148.759765625,0,0,exported_float_payload,False
operand_hybrid_fixed_h32,Operand hybrid + fixed H32,2050,3.1955742835998535,3.9368014335632324,0.2664819061756134,35933.178880098,2299723.448326272,92.49112394301498,8598323200.0,0.0003,129.74023866653442,148.759765625,0,0,exported_float_payload,False
operand_hybrid_fixed_h32,Operand hybrid + fixed H32,2060,3.2504618167877197,4.147913932800293,0.17590101063251495,35936.21890597081,2299918.009982132,92.49894889528906,8640266240.0,0.0003,129.74023866653442,148.759765625,0,0,exported_float_payload,False
operand_hybrid_fixed_h32,Operand hybrid + fixed H32,2070,3.218848943710327,3.6465675830841064,0.28182676434516907,35906.27039843152,2298001.3054996175,92.42186216906404,8682209280.0,0.0003,129.74023866653442,148.798828125,0,0,exported_float_payload,False
operand_hybrid_fixed_h32,Operand hybrid + fixed H32,2080,3.2122368812561035,3.925722122192383,0.20465563237667084,35917.651336709234,2298729.685549391,92.45115642594968,8724152320.0,0.0003,129.74023866653442,148.798828125,0,0,exported_float_payload,False
operand_hybrid_fixed_h32,Operand hybrid + fixed H32,2090,3.19175386428833,3.6951475143432617,0.15501822531223297,35908.44030424472,2298140.1794716623,92.42744745357736,8766095360.0,0.0003,129.74023866653442,148.798828125,0,0,exported_float_payload,False
operand_hybrid_fixed_h32,Operand hybrid + fixed H32,2100,3.2195279598236084,3.68127179145813,0.3240874409675598,35893.746156981,2297199.754046784,92.38962507776304,8808038400.0,0.0003,129.74023866653442,148.798828125,0,0,exported_float_payload,False
operand_hybrid_fixed_h32,Operand hybrid + fixed H32,2110,3.197162628173828,3.6571614742279053,0.21539612114429474,35888.54052061808,2296866.593319557,92.37622589703228,8849981440.0,0.0003,129.74023866653442,148.798828125,0,0,exported_float_payload,False
operand_hybrid_fixed_h32,Operand hybrid + fixed H32,2120,3.1598997116088867,3.7210021018981934,0.23907026648521423,35900.9713167198,2297662.164270067,92.40822246229,8891924480.0,0.0003,129.74023866653442,148.798828125,0,0,exported_float_payload,False
operand_hybrid_fixed_h32,Operand hybrid + fixed H32,2130,3.1700046062469482,3.6267685890197754,0.18595324456691742,35874.052855402915,2295939.3827457866,92.3389350009629,8933867520.0,0.0003,129.74023866653442,148.798828125,0,0,exported_float_payload,False
operand_hybrid_fixed_h32,Operand hybrid + fixed H32,2140,3.1670424938201904,3.607788562774658,0.15272672474384308,35894.213316234804,2297229.6522390274,92.39082753426123,8975810560.0,0.0003,129.74023866653442,148.798828125,0,0,exported_float_payload,False
operand_hybrid_fixed_h32,Operand hybrid + fixed H32,2150,3.2070107460021973,3.7344350814819336,0.25182703137397766,35883.432316493294,2296539.668255571,92.36307750450047,9017753600.0,0.0003,129.74023866653442,148.798828125,0,0,exported_float_payload,False
operand_hybrid_fixed_h32,Operand hybrid + fixed H32,2160,3.181244373321533,4.371662139892578,0.16323067247867584,35898.19784050047,2297484.66179203,92.4010836023074,9059696640.0,0.0003,129.74023866653442,148.818359375,0,0,exported_float_payload,False
operand_hybrid_fixed_h32,Operand hybrid + fixed H32,2170,3.1321184635162354,3.572753667831421,0.23068445920944214,35889.980040173985,2296958.722571135,92.3799311851758,9101639680.0,0.0003,129.74023866653442,148.818359375,0,0,exported_float_payload,False
operand_hybrid_fixed_h32,Operand hybrid + fixed H32,2180,3.1516098976135254,3.6844534873962402,0.17994707822799683,35311.197056265155,2259916.61160097,90.89015793468087,9143582720.0,0.0003,129.74023866653442,148.818359375,0,0,exported_float_payload,False
operand_hybrid_fixed_h32,Operand hybrid + fixed H32,2190,3.1747875213623047,3.760918617248535,0.15062546730041504,35875.47426078062,2296030.3526899596,92.34259366365458,9185525760.0,0.0003,129.74023866653442,148.818359375,0,0,exported_float_payload,False
operand_hybrid_fixed_h32,Operand hybrid + fixed H32,2200,3.1674675941467285,3.6341331005096436,0.2139228731393814,35877.1846637559,2296139.8184803776,92.34699619909703,9227468800.0,0.0003,129.74023866653442,148.818359375,0,0,exported_float_payload,False
operand_hybrid_fixed_h32,Operand hybrid + fixed H32,2210,3.188694715499878,3.687934637069702,0.23302723467350006,35859.75009756558,2295024.006244197,92.30212005196341,9269411840.0,0.0003,129.74023866653442,148.818359375,0,0,exported_float_payload,False
operand_hybrid_fixed_h32,Operand hybrid + fixed H32,2220,3.17580246925354,3.975996971130371,0.2426287829875946,35854.75936537287,2294704.5993838636,92.28927402931279,9311354880.0,0.0003,129.74023866653442,148.818359375,0,0,exported_float_payload,False
operand_hybrid_fixed_h32,Operand hybrid + fixed H32,2230,3.162048101425171,4.1261067390441895,0.17822067439556122,35889.27577780726,2296913.649779665,92.37811843106168,9353297920.0,0.0003,129.74023866653442,148.818359375,0,0,exported_float_payload,False
operand_hybrid_fixed_h32,Operand hybrid + fixed H32,2240,3.141231060028076,3.6164731979370117,0.20285113155841827,35897.365581054146,2297431.3971874653,92.39894138683965,9395240960.0,0.0003,129.74023866653442,148.818359375,0,0,exported_float_payload,False
operand_hybrid_fixed_h32,Operand hybrid + fixed H32,2250,3.1011037826538086,3.6324620246887207,0.19808661937713623,35884.230145419286,2296590.7293068343,92.36513109665066,9437184000.0,0.0003,129.74023866653442,148.818359375,0,0,exported_float_payload,False
operand_hybrid_fixed_h32,Operand hybrid + fixed H32,2260,3.1114282608032227,3.675114631652832,0.17824116349220276,35889.82984843439,2296949.110299801,92.37954459530998,9479127040.0,0.0003,129.74023866653442,148.857421875,0,0,exported_float_payload,False
operand_hybrid_fixed_h32,Operand hybrid + fixed H32,2270,3.1040141582489014,3.5337748527526855,0.14303359389305115,35861.75200772168,2295152.1284941877,92.30727291976253,9521070080.0,0.0003,129.74023866653442,148.857421875,0,0,exported_float_payload,False
operand_hybrid_fixed_h32,Operand hybrid + fixed H32,2280,3.137629985809326,3.8142354488372803,0.1935473084449768,35859.92911466993,2295035.4633388757,92.3025808376134,9563013120.0,0.0003,129.74023866653442,148.857421875,0,0,exported_float_payload,False
operand_hybrid_fixed_h32,Operand hybrid + fixed H32,2290,3.1279780864715576,3.8889575004577637,0.1710948497056961,35873.1239580601,2295879.9333158466,92.33654404191218,9604956160.0,0.0003,129.74023866653442,148.857421875,0,0,exported_float_payload,False
operand_hybrid_fixed_h32,Operand hybrid + fixed H32,2300,3.1268656253814697,3.6509761810302734,0.18082883954048157,35863.42309376459,2295259.078000934,92.31157425438226,9646899200.0,0.0003,129.74023866653442,148.857421875,0,0,exported_float_payload,False
operand_hybrid_fixed_h32,Operand hybrid + fixed H32,2310,3.085578203201294,3.5195465087890625,0.23708166182041168,35893.88467573172,2297208.61924683,92.3899816216409,9688842240.0,0.0003,129.74023866653442,148.857421875,0,0,exported_float_payload,False
operand_hybrid_fixed_h32,Operand hybrid + fixed H32,2320,3.1098008155822754,3.6930224895477295,0.17520271241664886,35873.43798037805,2295900.030744195,92.33735232768134,9730785280.0,0.0003,129.74023866653442,148.857421875,0,0,exported_float_payload,False
operand_hybrid_fixed_h32,Operand hybrid + fixed H32,2330,3.1086573600769043,3.70062518119812,0.20297856628894806,35876.97413986562,2296126.3449513996,92.34645431575034,9772728320.0,0.0003,129.74023866653442,148.857421875,0,0,exported_float_payload,False
operand_hybrid_fixed_h32,Operand hybrid + fixed H32,2340,3.107846260070801,3.5937094688415527,0.2918802797794342,35535.05507007233,2274243.5244846293,91.46636298933983,9814671360.0,0.0003,129.74023866653442,148.857421875,0,0,exported_float_payload,False
operand_hybrid_fixed_h32,Operand hybrid + fixed H32,2350,3.130540370941162,3.487588882446289,0.16184774041175842,35880.78133596551,2296370.0055017928,92.35625394543312,9856614400.0,0.0003,129.74023866653442,148.857421875,0,0,exported_float_payload,False
operand_hybrid_fixed_h32,Operand hybrid + fixed H32,2360,3.1156249046325684,3.6169872283935547,0.20681852102279663,35878.032554450736,2296194.083484847,92.34917864901631,9898557440.0,0.0003,129.74023866653442,148.857421875,0,0,exported_float_payload,False
operand_hybrid_fixed_h32,Operand hybrid + fixed H32,2370,3.109633445739746,3.7489514350891113,0.21187755465507507,35868.51698088425,2295585.086776592,92.3246857952929,9940500480.0,0.0003,129.74023866653442,148.857421875,0,0,exported_float_payload,False
operand_hybrid_fixed_h32,Operand hybrid + fixed H32,2380,3.125394582748413,3.5484976768493652,0.16442081332206726,35867.61402539873,2295527.297625519,92.32236160994864,9982443520.0,0.0003,129.74023866653442,148.857421875,0,0,exported_float_payload,False
operand_hybrid_fixed_h32,Operand hybrid + fixed H32,2390,3.07694935798645,3.484124183654785,0.21273177862167358,35872.44149314204,2295836.2555610905,92.33478739389798,10024386560.0,0.0003,129.74023866653442,148.857421875,0,0,exported_float_payload,False
operand_hybrid_fixed_h32,Operand hybrid + fixed H32,2400,3.1026134490966797,4.211573600769043,0.16660340130329132,35902.6252619211,2297768.0167629505,92.41247967680252,10066329600.0,0.0003,129.74023866653442,148.857421875,0,0,exported_float_payload,False
operand_hybrid_fixed_h32,Operand hybrid + fixed H32,2410,3.065559148788452,3.5037474632263184,0.1799706369638443,35878.030106889746,2296193.9268409437,92.34917234905416,10108272640.0,0.0003,129.74023866653442,148.857421875,0,0,exported_float_payload,False
operand_hybrid_fixed_h32,Operand hybrid + fixed H32,2420,3.0539073944091797,3.411903142929077,0.17474162578582764,35867.4603232785,2295517.460689824,92.32196598444888,10150215680.0,0.0003,129.74023866653442,148.857421875,0,0,exported_float_payload,False
operand_hybrid_fixed_h32,Operand hybrid + fixed H32,2430,3.0702755451202393,3.7526278495788574,0.18055866658687592,35878.8090252753,2296243.7776176194,92.35117726593558,10192158720.0,0.0003,129.74023866653442,148.857421875,0,0,exported_float_payload,False
operand_hybrid_fixed_h32,Operand hybrid + fixed H32,2440,3.0876028537750244,3.4816160202026367,0.17374947667121887,34920.22647154173,2234894.494178671,89.88380920805164,10234101760.0,0.0003,129.74023866653442,148.857421875,0,0,exported_float_payload,False
operand_hybrid_fixed_h32,Operand hybrid + fixed H32,2450,3.074754238128662,3.4872045516967773,0.26544272899627686,35851.3177488001,2294484.3359232065,92.28041539239514,10276044800.0,0.0003,129.74023866653442,148.857421875,0,0,exported_float_payload,False
operand_hybrid_fixed_h32,Operand hybrid + fixed H32,2460,3.199908494949341,3.668992757797241,1.4949085712432861,35881.170122028765,2296394.887809841,92.35725467125489,10317987840.0,0.0003,129.74023866653442,148.857421875,0,0,exported_float_payload,False
operand_hybrid_fixed_h32,Operand hybrid + fixed H32,2470,3.1165413856506348,3.7329325675964355,0.45731228590011597,35878.213752635296,2296205.680168659,92.34964504871343,10359930880.0,0.0003,129.74023866653442,148.857421875,0,0,exported_float_payload,False
operand_hybrid_fixed_h32,Operand hybrid + fixed H32,2480,3.098818063735962,4.086521148681641,0.1336369514465332,35903.22602889956,2297806.465849572,92.41402603631751,10401873920.0,0.0003,129.74023866653442,148.857421875,0,0,exported_float_payload,False
operand_hybrid_fixed_h32,Operand hybrid + fixed H32,2490,3.062746286392212,4.715481758117676,0.12365684658288956,35880.03045182178,2296321.948916594,92.35432118800477,10443816960.0,0.0003,129.74023866653442,148.857421875,0,0,exported_float_payload,False
operand_hybrid_fixed_h32,Operand hybrid + fixed H32,2500,3.078188896179199,3.599907875061035,0.159650057554245,35872.52225687183,2295841.424439797,92.33499527776395,10485760000.0,0.0003,129.74023866653442,148.857421875,0,0,exported_float_payload,False
operand_hybrid_fixed_h32,Operand hybrid + fixed H32,2510,3.089553117752075,4.028573036193848,0.17108583450317383,35835.34550437029,2293462.1122796987,92.23930322572224,10527703040.0,0.0003,129.74023866653442,148.857421875,0,0,exported_float_payload,False
operand_hybrid_fixed_h32,Operand hybrid + fixed H32,2520,3.046171188354492,3.603623867034912,0.20697417855262756,35879.0539015878,2296259.4497016193,92.35180757157721,10569646080.0,0.0003,129.74023866653442,148.857421875,0,0,exported_float_payload,False
operand_hybrid_fixed_h32,Operand hybrid + fixed H32,2530,3.032050609588623,3.493466854095459,0.22295793890953064,35874.422081879224,2295963.0132402703,92.33988538088606,10611589120.0,0.0003,129.74023866653442,148.857421875,0,0,exported_float_payload,False
operand_hybrid_fixed_h32,Operand hybrid + fixed H32,2540,3.075099229812622,3.5153260231018066,0.18522149324417114,35884.09557961886,2296582.117095607,92.36478472757021,10653532160.0,0.0003,129.74023866653442,148.857421875,0,0,exported_float_payload,False
operand_hybrid_fixed_h32,Operand hybrid + fixed H32,2550,3.076509952545166,3.5737624168395996,0.2635892629623413,35887.72187667084,2296814.2001069337,92.3741187275263,10695475200.0,0.0003,129.74023866653442,148.857421875,0,0,exported_float_payload,False
operand_hybrid_fixed_h32,Operand hybrid + fixed H32,2560,3.056969404220581,3.5966005325317383,0.18707489967346191,35842.721403337004,2293934.1698135682,92.25828860933657,10737418240.0,0.0003,129.74023866653442,148.857421875,0,0,exported_float_payload,False
operand_hybrid_fixed_h32,Operand hybrid + fixed H32,2570,3.1042861938476562,3.8215465545654297,0.29259127378463745,35892.69248679776,2297132.3191550565,92.3869129564715,10779361280.0,0.0003,129.74023866653442,148.857421875,0,0,exported_float_payload,False
operand_hybrid_fixed_h32,Operand hybrid + fixed H32,2580,3.05952787399292,4.224811553955078,0.1258918195962906,35863.92314359679,2295291.0811901945,92.31286137042511,10821304320.0,0.0003,129.74023866653442,148.857421875,0,0,exported_float_payload,False
operand_hybrid_fixed_h32,Operand hybrid + fixed H32,2590,3.0238659381866455,3.495349407196045,0.14974135160446167,35859.78369625827,2295026.1565605295,92.30220653417699,10863247360.0,0.0003,129.74023866653442,148.857421875,0,0,exported_float_payload,False
operand_hybrid_fixed_h32,Operand hybrid + fixed H32,2600,3.0370442867279053,3.480602741241455,0.14603722095489502,35878.477848729664,2296222.5823186985,92.3503248256037,10905190400.0,0.0003,129.74023866653442,148.857421875,0,0,exported_float_payload,False
operand_hybrid_fixed_h32,Operand hybrid + fixed H32,2610,3.0365641117095947,3.4792604446411133,0.18877722322940826,35828.37189039352,2293015.8009851854,92.22135331383696,10947133440.0,0.0003,129.74023866653442,148.857421875,0,0,exported_float_payload,False
operand_hybrid_fixed_h32,Operand hybrid + fixed H32,2620,3.033320188522339,3.729020833969116,0.1258878856897354,35844.34157839398,2294037.8610172146,92.26245890032318,10989076480.0,0.0003,129.74023866653442,148.857421875,0,0,exported_float_payload,False
operand_hybrid_fixed_h32,Operand hybrid + fixed H32,2630,3.042335033416748,3.563119888305664,0.159681037068367,35843.633504541045,2293992.544290627,92.26063633553673,11031019520.0,0.0003,129.74023866653442,148.857421875,0,0,exported_float_payload,False
operand_hybrid_fixed_h32,Operand hybrid + fixed H32,2640,3.0285961627960205,3.4622230529785156,0.19662262499332428,35885.71739826904,2296685.9134892183,92.36895924912555,11072962560.0,0.0003,129.74023866653442,148.857421875,0,0,exported_float_payload,False
operand_hybrid_fixed_h32,Operand hybrid + fixed H32,2650,3.060697078704834,3.4939303398132324,0.13666042685508728,35888.0155409992,2296832.994623949,92.37487461232799,11114905600.0,0.0003,129.74023866653442,148.857421875,0,0,exported_float_payload,False
operand_hybrid_fixed_h32,Operand hybrid + fixed H32,2660,3.0888051986694336,3.747058868408203,0.16242516040802002,35881.31718311621,2296404.2997194375,92.35763320289863,11156848640.0,0.0003,129.74023866653442,148.857421875,0,0,exported_float_payload,False
operand_hybrid_fixed_h32,Operand hybrid + fixed H32,2670,3.0528640747070312,3.706848621368408,0.15950614213943481,35870.659540731016,2295722.210606785,92.33020069195717,11198791680.0,0.0003,129.74023866653442,148.857421875,0,0,exported_float_payload,False
operand_hybrid_fixed_h32,Operand hybrid + fixed H32,2680,3.023630380630493,3.419248580932617,0.1565781831741333,35865.76291683008,2295408.826677125,92.31759690174881,11240734720.0,0.0003,129.74023866653442,148.857421875,0,0,exported_float_payload,False
operand_hybrid_fixed_h32,Operand hybrid + fixed H32,2690,3.0029256343841553,3.8647592067718506,0.14618347585201263,35867.545242929205,2295522.895547469,92.32218456555368,11282677760.0,0.0003,129.74023866653442,148.857421875,0,0,exported_float_payload,False
operand_hybrid_fixed_h32,Operand hybrid + fixed H32,2700,3.000657320022583,3.6694278717041016,0.15514011681079865,35848.04666721804,2294274.9867019546,92.27199570837432,11324620800.0,0.0003,129.74023866653442,148.857421875,0,0,exported_float_payload,False
operand_hybrid_fixed_h32,Operand hybrid + fixed H32,2710,3.019035577774048,3.549924373626709,0.1483338177204132,35886.98255791975,2296766.883706864,92.37221573913585,11366563840.0,0.0003,129.74023866653442,148.857421875,0,0,exported_float_payload,False
operand_hybrid_fixed_h32,Operand hybrid + fixed H32,2720,3.0288381576538086,3.675377607345581,0.1589345633983612,35873.42606666478,2295899.268266546,92.33732166207467,11408506880.0,0.0003,129.74023866653442,148.857421875,0,0,exported_float_payload,False
operand_hybrid_fixed_h32,Operand hybrid + fixed H32,2730,3.0380263328552246,3.510291337966919,0.1733357459306717,35891.08308705988,2297029.3175718323,92.38277040089281,11450449920.0,0.0003,129.74023866653442,148.857421875,0,0,exported_float_payload,False
operand_hybrid_fixed_h32,Operand hybrid + fixed H32,2740,2.9993975162506104,3.5732669830322266,0.1373424082994461,35887.83853669033,2296821.666348181,92.37441900756437,11492392960.0,0.0003,129.74023866653442,148.857421875,0,0,exported_float_payload,False
operand_hybrid_fixed_h32,Operand hybrid + fixed H32,2750,2.9769582748413086,3.5330843925476074,0.20704279839992523,35881.07741885446,2296388.9548066854,92.35701605555064,11534336000.0,0.0003,129.74023866653442,148.857421875,0,0,exported_float_payload,False
operand_hybrid_fixed_h32,Operand hybrid + fixed H32,2760,3.0296146869659424,3.5297319889068604,0.16193123161792755,35882.80014251824,2296499.209121167,92.36145030414406,11576279040.0,0.0003,129.74023866653442,148.857421875,0,0,exported_float_payload,False
operand_hybrid_fixed_h32,Operand hybrid + fixed H32,2770,2.9910202026367188,3.4638657569885254,0.12447624653577805,35885.19911668609,2296652.7434679097,92.36762520500199,11618222080.0,0.0003,129.74023866653442,148.857421875,0,0,exported_float_payload,False
operand_hybrid_fixed_h32,Operand hybrid + fixed H32,2780,2.9827795028686523,3.5308141708374023,0.11688968539237976,35861.80094932057,2295155.2607565164,92.30739889424153,11660165120.0,0.0003,129.74023866653442,148.857421875,0,0,exported_float_payload,False
operand_hybrid_fixed_h32,Operand hybrid + fixed H32,2790,3.0304229259490967,3.4975504875183105,0.2064126878976822,35896.7715401691,2297393.3785708225,92.39741234012466,11702108160.0,0.0003,129.74023866653442,148.857421875,0,0,exported_float_payload,False
operand_hybrid_fixed_h32,Operand hybrid + fixed H32,2800,3.0020294189453125,3.478264570236206,0.1618807464838028,35895.153633922404,2297289.832571034,92.39324788900022,11744051200.0,0.0003,129.74023866653442,148.857421875,0,0,exported_float_payload,False
operand_hybrid_fixed_h32,Operand hybrid + fixed H32,2810,2.991909980773926,3.706998825073242,0.15483470261096954,35895.9050349167,2297337.922234669,92.39518197678929,11785994240.0,0.0003,129.74023866653442,148.857421875,0,0,exported_float_payload,False
operand_hybrid_fixed_h32,Operand hybrid + fixed H32,2820,3.001991033554077,3.8535687923431396,0.18069782853126526,35896.69566448017,2297388.522526731,92.39721703795635,11827937280.0,0.0003,129.74023866653442,148.857421875,0,0,exported_float_payload,False
operand_hybrid_fixed_h32,Operand hybrid + fixed H32,2830,3.0182158946990967,3.5380682945251465,0.19807088375091553,35894.70629788591,2297261.2030646983,92.39209645697876,11869880320.0,0.0003,129.74023866653442,148.857421875,0,0,exported_float_payload,False
operand_hybrid_fixed_h32,Operand hybrid + fixed H32,2840,2.9816818237304688,3.767728328704834,0.13090749084949493,35886.88906976302,2296760.9004648332,92.37197510290603,11911823360.0,0.0003,129.74023866653442,148.857421875,0,0,exported_float_payload,False
operand_hybrid_fixed_h32,Operand hybrid + fixed H32,2850,3.0086679458618164,3.5408382415771484,0.1582511067390442,35870.11962994168,2295687.6563162673,92.32881097478517,11953766400.0,0.0003,129.74023866653442,148.857421875,0,0,exported_float_payload,False
operand_hybrid_fixed_h32,Operand hybrid + fixed H32,2860,2.9715332984924316,3.4823074340820312,0.1573568731546402,35877.18800018412,2296140.0320117837,92.3470047869817,11995709440.0,0.0003,129.74023866653442,148.857421875,0,0,exported_float_payload,False
operand_hybrid_fixed_h32,Operand hybrid + fixed H32,2870,3.012763023376465,3.4334452152252197,0.15797582268714905,35918.43435250529,2298779.7985603386,92.45317188946557,12037652480.0,0.0003,129.74023866653442,148.857421875,0,0,exported_float_payload,False
operand_hybrid_fixed_h32,Operand hybrid + fixed H32,2880,2.9944045543670654,3.5221123695373535,0.158368781208992,35893.497765330794,2297183.856981171,92.3889857237281,12079595520.0,0.0003,129.74023866653442,148.857421875,0,0,exported_float_payload,False
operand_hybrid_fixed_h32,Operand hybrid + fixed H32,2890,2.9693479537963867,3.6022417545318604,0.16246972978115082,35897.3566711563,2297430.8269540034,92.39891845298042,12121538560.0,0.0003,129.74023866653442,148.857421875,0,0,exported_float_payload,False
operand_hybrid_fixed_h32,Operand hybrid + fixed H32,2900,2.990720510482788,3.7207822799682617,0.11425072699785233,35896.02782099927,2297345.780543953,92.39549802516395,12163481600.0,0.0003,129.74023866653442,148.857421875,0,0,exported_float_payload,False
operand_hybrid_fixed_h32,Operand hybrid + fixed H32,2910,2.9655580520629883,3.336146116256714,0.17773403227329254,35878.402344874674,2296217.750071979,92.35013048052687,12205424640.0,0.0003,129.74023866653442,148.857421875,0,0,exported_float_payload,False
operand_hybrid_fixed_h32,Operand hybrid + fixed H32,2920,2.998391628265381,3.6736929416656494,0.17933343350887299,35902.655222491405,2297769.93423945,92.412556794578,12247367680.0,0.0003,129.74023866653442,148.857421875,0,0,exported_float_payload,False
operand_hybrid_fixed_h32,Operand hybrid + fixed H32,2930,2.9982357025146484,3.528909206390381,0.1819092482328415,35907.76373068975,2298096.878764144,92.42570596978773,12289310720.0,0.0003,129.74023866653442,148.857421875,0,0,exported_float_payload,False
operand_hybrid_fixed_h32,Operand hybrid + fixed H32,2940,2.9853029251098633,3.634613513946533,0.12104158848524094,35890.21759867962,2296973.9263154957,92.38054265496149,12331253760.0,0.0003,129.74023866653442,148.857421875,0,0,exported_float_payload,False
operand_hybrid_fixed_h32,Operand hybrid + fixed H32,2950,2.9846317768096924,3.565185070037842,0.1950388252735138,35883.30186641983,2296531.319450869,92.36274172920061,12373196800.0,0.0003,129.74023866653442,148.857421875,0,0,exported_float_payload,False
operand_hybrid_fixed_h32,Operand hybrid + fixed H32,2960,2.977226495742798,3.551912307739258,0.145151287317276,35888.34717825935,2296854.2194085983,92.37572823852774,12415139840.0,0.0003,129.74023866653442,148.857421875,0,0,exported_float_payload,False
operand_hybrid_fixed_h32,Operand hybrid + fixed H32,2970,3.001009225845337,3.857064723968506,0.12641839683055878,35874.522307723506,2295969.4276943044,92.34014335975893,12457082880.0,0.0003,129.74023866653442,148.857421875,0,0,exported_float_payload,False
operand_hybrid_fixed_h32,Operand hybrid + fixed H32,2980,2.9566264152526855,3.5591676235198975,0.11100266128778458,35891.78442721214,2297074.2033415767,92.38457563329835,12499025920.0,0.0003,129.74023866653442,148.857421875,0,0,exported_float_payload,False
operand_hybrid_fixed_h32,Operand hybrid + fixed H32,2990,2.9439611434936523,3.795804023742676,0.12911544740200043,35885.24902632602,2296655.937684865,92.36775367119498,12540968960.0,0.0003,129.74023866653442,148.857421875,0,0,exported_float_payload,False
operand_hybrid_fixed_h32,Operand hybrid + fixed H32,3000,2.986429214477539,3.4383325576782227,0.16150052845478058,35906.83595418153,2298037.501067618,92.42331789573785,12582912000.0,0.0003,129.74023866653442,148.857421875,0,0,exported_float_payload,False
operand_hybrid_fixed_h32,Operand hybrid + fixed H32,3010,2.9489808082580566,3.5365962982177734,0.10141835361719131,26813.878256786677,1716088.2084343473,69.01826708727329,12624855040.0,0.0003,129.74023866653442,148.865234375,0,0,exported_float_payload,False
operand_hybrid_fixed_h32,Operand hybrid + fixed H32,3020,2.9088454246520996,3.589005470275879,0.11236270517110825,35925.07227872826,2299204.6258386085,92.47025774927945,12666798080.0,0.0003,129.74023866653442,148.865234375,0,0,exported_float_payload,False
operand_hybrid_fixed_h32,Operand hybrid + fixed H32,3030,2.942556619644165,3.6421866416931152,0.1520254909992218,35862.85519629155,2295222.7325626593,92.3101125001706,12708741120.0,0.0003,129.74023866653442,148.865234375,0,0,exported_float_payload,False
operand_hybrid_fixed_h32,Operand hybrid + fixed H32,3040,2.9236605167388916,3.476062297821045,0.1742246299982071,35905.08258589811,2297925.285497479,92.41880476864267,12750684160.0,0.0003,129.74023866653442,148.865234375,0,0,exported_float_payload,False
operand_hybrid_fixed_h32,Operand hybrid + fixed H32,3050,2.9429104328155518,3.479109764099121,0.14516834914684296,35891.965930005805,2297085.8195203715,92.3850428170519,12792627200.0,0.0003,129.74023866653442,148.865234375,0,0,exported_float_payload,False
operand_hybrid_fixed_h32,Operand hybrid + fixed H32,3060,2.9529922008514404,3.428035259246826,0.14787009358406067,35918.036644990825,2298754.345279413,92.4521482000465,12834570240.0,0.0003,129.74023866653442,148.865234375,0,0,exported_float_payload,False
operand_hybrid_fixed_h32,Operand hybrid + fixed H32,3070,2.9309957027435303,3.560141086578369,0.15878668427467346,35884.661957716584,2296618.3652938614,92.36624257094694,12876513280.0,0.0003,129.74023866653442,148.865234375,0,0,exported_float_payload,False
operand_hybrid_fixed_h32,Operand hybrid + fixed H32,3080,2.944223165512085,3.3539252281188965,0.1422896832227707,35857.717276344505,2294893.9056860483,92.29688761983878,12918456320.0,0.0003,129.74023866653442,148.865234375,0,0,exported_float_payload,False
operand_hybrid_fixed_h32,Operand hybrid + fixed H32,3090,3.035839319229126,5.852786540985107,0.1443406492471695,35918.099749924644,2298758.383995177,92.45231063060335,12960399360.0,0.0003,129.74023866653442,148.865234375,0,0,exported_float_payload,False
operand_hybrid_fixed_h32,Operand hybrid + fixed H32,3100,2.9249467849731445,3.6963510513305664,0.15026600658893585,35895.794928984025,2297330.8754549776,92.39489856681045,13002342400.0,0.0003,129.74023866653442,148.865234375,0,0,exported_float_payload,False
operand_hybrid_fixed_h32,Operand hybrid + fixed H32,3110,2.940436840057373,3.618105888366699,0.24110567569732666,35896.50945356263,2297376.605028008,92.39673773560708,13044285440.0,0.0003,129.74023866653442,148.865234375,0,0,exported_float_payload,False
operand_hybrid_fixed_h32,Operand hybrid + fixed H32,3120,2.939917802810669,4.364101886749268,0.14482803642749786,35913.59680188744,2298470.195320796,92.44072015244366,13086228480.0,0.0003,129.74023866653442,148.865234375,0,0,exported_float_payload,False
operand_hybrid_fixed_h32,Operand hybrid + fixed H32,3130,3.004121780395508,4.502052307128906,0.212890625,35887.36836426147,2296791.575312734,92.37320879522726,13128171520.0,0.0003,129.74023866653442,148.865234375,0,0,exported_float_payload,False
operand_hybrid_fixed_h32,Operand hybrid + fixed H32,3140,2.934767723083496,3.395948648452759,0.17712542414665222,35896.290191722575,2297362.572270245,92.3961733609913,13170114560.0,0.0003,129.74023866653442,148.865234375,0,0,exported_float_payload,False
operand_hybrid_fixed_h32,Operand hybrid + fixed H32,3150,2.9133012294769287,3.47567081451416,0.1282714158296585,35926.31007628624,2299283.844882319,92.47344380993204,13212057600.0,0.0003,129.74023866653442,148.865234375,0,0,exported_float_payload,False
operand_hybrid_fixed_h32,Operand hybrid + fixed H32,3160,2.935044288635254,3.5294742584228516,0.16165681183338165,35912.70960920947,2298413.4149894062,92.43843654018065,13254000640.0,0.0003,129.74023866653442,148.865234375,0,0,exported_float_payload,False
operand_hybrid_fixed_h32,Operand hybrid + fixed H32,3170,2.9273266792297363,3.50972843170166,0.1401287168264389,35881.886962674886,2296440.7656111927,92.3590998015527,13295943680.0,0.0003,129.74023866653442,148.865234375,0,0,exported_float_payload,False
operand_hybrid_fixed_h32,Operand hybrid + fixed H32,3180,2.9025657176971436,3.5047874450683594,0.2328438013792038,35889.11755650875,2296903.52361656,92.37771117330749,13337886720.0,0.0003,129.74023866653442,148.865234375,0,0,exported_float_payload,False
operand_hybrid_fixed_h32,Operand hybrid + fixed H32,3190,2.9486544132232666,3.7474114894866943,0.17973969876766205,35923.410704389455,2299098.285080925,92.46598089755355,13379829760.0,0.0003,129.74023866653442,148.865234375,0,0,exported_float_payload,False
operand_hybrid_fixed_h32,Operand hybrid + fixed H32,3200,2.9200291633605957,3.4531545639038086,0.113731749355793,35910.19823184646,2298252.6868381733,92.43197231624642,13421772800.0,0.0003,129.74023866653442,148.865234375,0,0,exported_float_payload,False
operand_hybrid_fixed_h32,Operand hybrid + fixed H32,3210,2.9599809646606445,3.9730935096740723,0.19334779679775238,35900.49883302522,2297631.9253136143,92.40700630081145,13463715840.0,0.0003,129.74023866653442,148.865234375,0,0,exported_float_payload,False
operand_hybrid_fixed_h32,Operand hybrid + fixed H32,3220,2.9488837718963623,3.8635685443878174,0.11797289550304413,35889.80253964917,2296947.362537547,92.37947430316447,13505658880.0,0.0003,129.74023866653442,148.865234375,0,0,exported_float_payload,False
operand_hybrid_fixed_h32,Operand hybrid + fixed H32,3230,2.9294917583465576,3.383072853088379,0.12473290413618088,35908.53943759294,2298146.524005948,92.42770262039205,13547601920.0,0.0003,129.74023866653442,148.865234375,0,0,exported_float_payload,False
operand_hybrid_fixed_h32,Operand hybrid + fixed H32,3240,2.914665937423706,3.4077916145324707,0.2162640243768692,35896.65456661781,2297385.89226354,92.39711125306341,13589544960.0,0.0003,129.74023866653442,148.865234375,0,0,exported_float_payload,False
operand_hybrid_fixed_h32,Operand hybrid + fixed H32,3250,2.92684268951416,3.483412027359009,0.13937486708164215,35907.545799914275,2298082.9311945136,92.42514502129963,13631488000.0,0.0003,129.74023866653442,148.865234375,0,0,exported_float_payload,False
operand_hybrid_fixed_h32,Operand hybrid + fixed H32,3260,2.9151833057403564,3.39603328704834,0.16832329332828522,35909.063025990275,2298180.0336633776,92.42905032412611,13673431040.0,0.0003,129.74023866653442,148.865234375,0,0,exported_float_payload,False
operand_hybrid_fixed_h32,Operand hybrid + fixed H32,3270,2.8918373584747314,3.5227160453796387,0.19723789393901825,35912.79761069877,2298419.0470847213,92.43866305386264,13715374080.0,0.0003,129.74023866653442,148.865234375,0,0,exported_float_payload,False
operand_hybrid_fixed_h32,Operand hybrid + fixed H32,3280,2.9400899410247803,3.8981354236602783,0.14878210425376892,35903.35994319355,2297815.0363643873,92.41437072843631,13757317120.0,0.0003,129.74023866653442,148.865234375,0,0,exported_float_payload,False
operand_hybrid_fixed_h32,Operand hybrid + fixed H32,3290,2.901691436767578,3.553990364074707,0.1134219840168953,35897.81033167392,2297459.861227131,92.40008616406168,13799260160.0,0.0003,129.74023866653442,148.865234375,0,0,exported_float_payload,False
operand_hybrid_fixed_h32,Operand hybrid + fixed H32,3300,2.9614083766937256,3.4337635040283203,0.27421846985816956,35937.18801294337,2299980.0328283757,92.5014433529437,13841203200.0,0.0003,129.74023866653442,148.865234375,0,0,exported_float_payload,False
operand_hybrid_fixed_h32,Operand hybrid + fixed H32,3310,2.9041731357574463,3.8190486431121826,0.12275431305170059,35925.300440105806,2299219.2281667716,92.4708450310872,13883146240.0,0.0003,129.74023866653442,148.865234375,0,0,exported_float_payload,False
operand_hybrid_fixed_h32,Operand hybrid + fixed H32,3320,2.918241262435913,3.5343728065490723,0.17472907900810242,35905.89759753654,2297977.4462423385,92.4209025886746,13925089280.0,0.0003,129.74023866653442,148.865234375,0,0,exported_float_payload,False
operand_hybrid_fixed_h32,Operand hybrid + fixed H32,3330,2.912264108657837,3.368067502975464,0.1965576559305191,35911.19901705874,2298316.737091759,92.43454831291562,13967032320.0,0.0003,129.74023866653442,148.865234375,0,0,exported_float_payload,False
operand_hybrid_fixed_h32,Operand hybrid + fixed H32,3340,2.8899919986724854,3.8007395267486572,0.14019373059272766,35904.97040202632,2297918.1057296847,92.41851601009937,14008975360.0,0.0003,129.74023866653442,148.865234375,0,0,exported_float_payload,False
operand_hybrid_fixed_h32,Operand hybrid + fixed H32,3350,2.8929476737976074,3.32534122467041,0.14004133641719818,35892.09371808067,2297093.997957163,92.38537174043243,14050918400.0,0.0003,129.74023866653442,148.865234375,0,0,exported_float_payload,False
operand_hybrid_fixed_h32,Operand hybrid + fixed H32,3360,2.910458564758301,3.4041271209716797,0.13365712761878967,35910.41441172701,2298266.5223505287,92.43252875797378,14092861440.0,0.0003,129.74023866653442,148.865234375,0,0,exported_float_payload,False
operand_hybrid_fixed_h32,Operand hybrid + fixed H32,3370,2.9636592864990234,3.667630434036255,0.12700317800045013,35943.483950496135,2300382.9728317526,92.51764894228143,14134804480.0,0.0003,129.74023866653442,148.865234375,0,0,exported_float_payload,False
operand_hybrid_fixed_h32,Operand hybrid + fixed H32,3380,2.9283244609832764,3.6137309074401855,0.16703976690769196,35929.21915198257,2299470.0257268846,92.48093169965333,14176747520.0,0.0003,129.74023866653442,148.865234375,0,0,exported_float_payload,False
operand_hybrid_fixed_h32,Operand hybrid + fixed H32,3390,2.899202346801758,3.435178279876709,0.22264719009399414,35924.622474528536,2299175.8383698263,92.46909996426619,14218690560.0,0.0003,129.74023866653442,148.865234375,0,0,exported_float_payload,False
operand_hybrid_fixed_h32,Operand hybrid + fixed H32,3400,2.908781051635742,3.3284831047058105,0.15949216485023499,35894.2544844907,2297232.287007405,92.39093350034543,14260633600.0,0.0003,129.74023866653442,148.865234375,0,0,exported_float_payload,False
operand_hybrid_fixed_h32,Operand hybrid + fixed H32,3410,2.9069995880126953,3.393439769744873,0.21784430742263794,35905.26990805384,2297937.2741154456,92.41928693129186,14302576640.0,0.0003,129.74023866653442,148.865234375,0,0,exported_float_payload,False
operand_hybrid_fixed_h32,Operand hybrid + fixed H32,3420,2.90276837348938,3.3959851264953613,0.12078636884689331,35949.415088305585,2300762.5656515574,92.53291554599849,14344519680.0,0.0003,129.74023866653442,148.865234375,0,0,exported_float_payload,False
operand_hybrid_fixed_h32,Operand hybrid + fixed H32,3430,2.9097275733947754,3.675200939178467,0.1592540144920349,35921.80185499659,2298995.318719782,92.46183975854947,14386462720.0,0.0003,129.74023866653442,148.865234375,0,0,exported_float_payload,False
operand_hybrid_fixed_h32,Operand hybrid + fixed H32,3440,2.9179177284240723,3.433598518371582,0.2201329916715622,35927.52844381245,2299361.820403997,92.47657985815785,14428405760.0,0.0003,129.74023866653442,148.865234375,0,0,exported_float_payload,False
operand_hybrid_fixed_h32,Operand hybrid + fixed H32,3450,2.9095892906188965,4.041216850280762,0.16653847694396973,35917.694277479146,2298732.4337586653,92.45126695444164,14470348800.0,0.0003,129.74023866653442,148.865234375,0,0,exported_float_payload,False
operand_hybrid_fixed_h32,Operand hybrid + fixed H32,3460,2.882556676864624,3.4348955154418945,0.1497100442647934,35925.45706028792,2299229.2518584267,92.47124816760689,14512291840.0,0.0003,129.74023866653442,148.865234375,0,0,exported_float_payload,False
operand_hybrid_fixed_h32,Operand hybrid + fixed H32,3470,2.89418888092041,3.309636116027832,0.15275974571704865,35944.24360041982,2300431.5904268683,92.51960426261306,14554234880.0,0.0003,129.74023866653442,148.865234375,0,0,exported_float_payload,False
operand_hybrid_fixed_h32,Operand hybrid + fixed H32,3480,2.8861052989959717,3.3060340881347656,0.1258227825164795,35920.78578860064,2298930.290470441,92.45922442848708,14596177920.0,0.0003,129.74023866653442,148.865234375,0,0,exported_float_payload,False
operand_hybrid_fixed_h32,Operand hybrid + fixed H32,3490,2.9426491260528564,3.544989585876465,0.12558189034461975,35933.27898863846,2299729.8552728617,92.49138161995069,14638120960.0,0.0003,129.74023866653442,148.865234375,0,0,exported_float_payload,False
operand_hybrid_fixed_h32,Operand hybrid + fixed H32,3500,2.9047954082489014,3.4743828773498535,0.11429900676012039,35924.25197557231,2299152.126436628,92.46814630901083,14680064000.0,0.0003,129.74023866653442,148.865234375,0,0,exported_float_payload,False
operand_hybrid_fixed_h32,Operand hybrid + fixed H32,3510,2.89224910736084,3.271223545074463,0.1270904839038849,35930.04420698131,2299522.8292468037,92.48305537104912,14722007040.0,0.0003,129.74023866653442,148.865234375,0,0,exported_float_payload,False
operand_hybrid_fixed_h32,Operand hybrid + fixed H32,3520,2.868683099746704,3.33784818649292,0.130135640501976,35933.63931555938,2299752.9161958005,92.49230909263586,14763950080.0,0.0003,129.74023866653442,148.865234375,0,0,exported_float_payload,False
operand_hybrid_fixed_h32,Operand hybrid + fixed H32,3530,2.8964099884033203,3.490478992462158,0.14153923094272614,35901.51101553767,2297696.7049944107,92.40961163385265,14805893120.0,0.0003,129.74023866653442,148.865234375,0,0,exported_float_payload,False
operand_hybrid_fixed_h32,Operand hybrid + fixed H32,3540,2.8684535026550293,3.398847818374634,0.1450885534286499,35931.38577424404,2299608.6895516184,92.48650853238473,14847836160.0,0.0003,129.74023866653442,148.865234375,0,0,exported_float_payload,False
operand_hybrid_fixed_h32,Operand hybrid + fixed H32,3550,2.876983642578125,3.3576502799987793,0.13758015632629395,35930.30894283196,2299539.7723412453,92.48373679465642,14889779200.0,0.0003,129.74023866653442,148.865234375,0,0,exported_float_payload,False
operand_hybrid_fixed_h32,Operand hybrid + fixed H32,3560,2.8828957080841064,3.3104825019836426,0.1303439885377884,35917.3505891995,2298710.437708768,92.45038230921232,14931722240.0,0.0003,129.74023866653442,148.865234375,0,0,exported_float_payload,False
operand_hybrid_fixed_h32,Operand hybrid + fixed H32,3570,2.877706527709961,3.3592684268951416,0.25855132937431335,35912.32360970858,2298388.7110213493,92.43744298690228,14973665280.0,0.0003,129.74023866653442,148.865234375,0,0,exported_float_payload,False
operand_hybrid_fixed_h32,Operand hybrid + fixed H32,3580,2.8661184310913086,3.3631649017333984,0.13118405640125275,35945.11770514141,2300487.5331290504,92.52185418679635,15015608320.0,0.0003,129.74023866653442,148.865234375,0,0,exported_float_payload,False
operand_hybrid_fixed_h32,Operand hybrid + fixed H32,3590,2.9168503284454346,3.964599132537842,0.14112736284732819,35964.41277547078,2301722.41763013,92.57151922609826,15057551360.0,0.0003,129.74023866653442,148.865234375,0,0,exported_float_payload,False
operand_hybrid_fixed_h32,Operand hybrid + fixed H32,3600,2.904449701309204,3.5685975551605225,0.21380269527435303,35946.81514930941,2300596.1695558024,92.52622336658565,15099494400.0,0.0003,129.74023866653442,148.865234375,0,0,exported_float_payload,False
operand_hybrid_fixed_h32,Operand hybrid + fixed H32,3610,2.849428653717041,3.2994675636291504,0.13415293395519257,35938.66427867936,2300074.513835479,92.50524322485639,15141437440.0,0.0003,129.74023866653442,148.865234375,0,0,exported_float_payload,False
operand_hybrid_fixed_h32,Operand hybrid + fixed H32,3620,2.8429722785949707,3.5499050617218018,0.11885162442922592,35923.02097123135,2299073.3421588065,92.4649777339328,15183380480.0,0.0003,129.74023866653442,148.865234375,0,0,exported_float_payload,False
operand_hybrid_fixed_h32,Operand hybrid + fixed H32,3630,2.8528482913970947,3.3013038635253906,0.1526280790567398,35907.54504409913,2298082.8828223445,92.42514307584993,15225323520.0,0.0003,129.74023866653442,148.865234375,0,0,exported_float_payload,False
operand_hybrid_fixed_h32,Operand hybrid + fixed H32,3640,2.8738558292388916,3.3950510025024414,0.13624262809753418,35949.33935997056,2300757.719038116,92.53272062311555,15267266560.0,0.0003,129.74023866653442,148.865234375,0,0,exported_float_payload,False
operand_hybrid_fixed_h32,Operand hybrid + fixed H32,3650,2.8985064029693604,3.3362882137298584,0.10810188949108124,35938.94203676602,2300092.2903530253,92.50595816738083,15309209600.0,0.0003,129.74023866653442,148.865234375,0,0,exported_float_payload,False
operand_hybrid_fixed_h32,Operand hybrid + fixed H32,3660,2.8572821617126465,3.4545469284057617,0.1472499519586563,35952.068768643294,2300932.401193171,92.53974605431058,15351152640.0,0.0003,129.74023866653442,148.865234375,0,0,exported_float_payload,False
operand_hybrid_fixed_h32,Operand hybrid + fixed H32,3670,2.910612106323242,3.3918819427490234,0.20465216040611267,35939.32162544176,2300116.5840282724,92.50693521935197,15393095680.0,0.0003,129.74023866653442,148.865234375,0,0,exported_float_payload,False
operand_hybrid_fixed_h32,Operand hybrid + fixed H32,3680,2.886610507965088,3.346130847930908,0.1591545194387436,35956.25534353476,2301200.3419862245,92.55052219572782,15435038720.0,0.0003,129.74023866653442,148.865234375,0,0,exported_float_payload,False
operand_hybrid_fixed_h32,Operand hybrid + fixed H32,3690,2.8842227458953857,4.360088348388672,0.15960019826889038,35930.6806491726,2299563.5615470465,92.48469355768977,15476981760.0,0.0003,129.74023866653442,148.865234375,0,0,exported_float_payload,False
operand_hybrid_fixed_h32,Operand hybrid + fixed H32,3700,2.8426828384399414,3.228604555130005,0.1424674093723297,35949.00414737062,2300736.26543172,92.53185779407859,15518924800.0,0.0003,129.74023866653442,148.865234375,0,0,exported_float_payload,False
operand_hybrid_fixed_h32,Operand hybrid + fixed H32,3710,2.8861749172210693,3.3445920944213867,0.15559199452400208,35936.06541453538,2299908.186530264,92.4985538120868,15560867840.0,0.0003,129.74023866653442,148.865234375,0,0,exported_float_payload,False
operand_hybrid_fixed_h32,Operand hybrid + fixed H32,3720,2.8427677154541016,3.3595879077911377,0.1836751401424408,35925.862033970676,2299255.1701741233,92.47229055996551,15602810880.0,0.0003,129.74023866653442,148.865234375,0,0,exported_float_payload,False
operand_hybrid_fixed_h32,Operand hybrid + fixed H32,3730,2.8581488132476807,3.323579788208008,0.1641107052564621,35946.84463370817,2300598.056557323,92.52629925870723,15644753920.0,0.0003,129.74023866653442,148.865234375,0,0,exported_float_payload,False
operand_hybrid_fixed_h32,Operand hybrid + fixed H32,3740,2.8636388778686523,3.3731045722961426,0.16260379552841187,35930.326065190035,2299540.868172162,92.48378086718752,15686696960.0,0.0003,129.74023866653442,148.865234375,0,0,exported_float_payload,False
operand_hybrid_fixed_h32,Operand hybrid + fixed H32,3750,2.8720452785491943,3.4004852771759033,0.1399253010749817,35900.718860600085,2297646.0070784055,92.40757264640992,15728640000.0,0.0003,129.74023866653442,148.865234375,0,0,exported_float_payload,False
operand_hybrid_fixed_h32,Operand hybrid + fixed H32,3760,2.860975980758667,3.363370180130005,0.2134622484445572,35952.644493254935,2300969.247568316,92.54122795538562,15770583040.0,0.0003,129.74023866653442,148.865234375,0,0,exported_float_payload,False
operand_hybrid_fixed_h32,Operand hybrid + fixed H32,3770,2.867569923400879,3.397231101989746,0.11251597106456757,35931.40756422596,2299610.0841104616,92.4865646192655,15812526080.0,0.0003,129.74023866653442,148.865234375,0,0,exported_float_payload,False
operand_hybrid_fixed_h32,Operand hybrid + fixed H32,3780,2.8473095893859863,3.2586779594421387,0.17924779653549194,35932.32061326705,2299668.5192490914,92.48891478517504,15854469120.0,0.0003,129.74023866653442,148.865234375,0,0,exported_float_payload,False
operand_hybrid_fixed_h32,Operand hybrid + fixed H32,3790,2.862795829772949,3.6659181118011475,0.2489182949066162,35932.90503953819,2299705.9225304443,92.4904190841089,15896412160.0,0.0003,129.74023866653442,148.865234375,0,0,exported_float_payload,False
operand_hybrid_fixed_h32,Operand hybrid + fixed H32,3800,2.8426055908203125,3.597670793533325,0.11451514810323715,35929.07010198274,2299460.4865268953,92.48054804859771,15938355200.0,0.0003,129.74023866653442,148.865234375,0,0,exported_float_payload,False
operand_hybrid_fixed_h32,Operand hybrid + fixed H32,3810,2.849255323410034,3.3019328117370605,0.19840802252292633,35928.18172550205,2299403.6304321312,92.47826138925545,15980298240.0,0.0003,129.74023866653442,148.865234375,0,0,exported_float_payload,False
operand_hybrid_fixed_h32,Operand hybrid + fixed H32,3820,2.8858137130737305,4.114642143249512,0.1350829154253006,35918.29846852651,2298771.1019856967,92.45282212742627,16022241280.0,0.0003,129.74023866653442,148.865234375,0,0,exported_float_payload,False
operand_hybrid_fixed_h32,Operand hybrid + fixed H32,3830,2.8558437824249268,3.208946704864502,0.23138049244880676,35933.30339749646,2299731.417439773,92.4914444477544,16064184320.0,0.0003,129.74023866653442,148.865234375,0,0,exported_float_payload,False
operand_hybrid_fixed_h32,Operand hybrid + fixed H32,3840,2.8461873531341553,3.2711000442504883,0.2204032838344574,35918.18074046051,2298763.567389473,92.45251909826261,16106127360.0,0.0003,129.74023866653442,148.865234375,0,0,exported_float_payload,False
operand_hybrid_fixed_h32,Operand hybrid + fixed H32,3850,2.838416337966919,3.407472848892212,0.10747181624174118,35951.37368678878,2300887.915954482,92.53795693061042,16148070400.0,0.0003,129.74023866653442,148.865234375,0,0,exported_float_payload,False
operand_hybrid_fixed_h32,Operand hybrid + fixed H32,3860,2.851051092147827,4.039968490600586,0.13506662845611572,35925.13197499897,2299208.446399934,92.47041140602082,16190013440.0,0.0003,129.74023866653442,148.865234375,0,0,exported_float_payload,False
operand_hybrid_fixed_h32,Operand hybrid + fixed H32,3870,2.8577661514282227,3.308253288269043,0.11835984140634537,35938.03063433478,2300033.9605974257,92.50361223980477,16231956480.0,0.0003,129.74023866653442,148.865234375,0,0,exported_float_payload,False
operand_hybrid_fixed_h32,Operand hybrid + fixed H32,3880,2.8613123893737793,3.248608112335205,0.19605784118175507,35938.09975348138,2300038.3842228083,92.5037901507983,16273899520.0,0.0003,129.74023866653442,148.865234375,0,0,exported_float_payload,False
operand_hybrid_fixed_h32,Operand hybrid + fixed H32,3890,2.825275182723999,3.417816162109375,0.1623135209083557,35950.92724704315,2300859.343810762,92.53680780561974,16315842560.0,0.0003,129.74023866653442,148.865234375,0,0,exported_float_payload,False
operand_hybrid_fixed_h32,Operand hybrid + fixed H32,3900,2.8540077209472656,3.5024471282958984,0.13014884293079376,35908.27328628602,2298129.4903223054,92.42701755343491,16357785600.0,0.0003,129.74023866653442,148.865234375,0,0,exported_float_payload,False
operand_hybrid_fixed_h32,Operand hybrid + fixed H32,3910,2.840770959854126,3.2996630668640137,0.16606943309307098,35942.34649877699,2300310.1759217274,92.51472116936478,16399728640.0,0.0003,129.74023866653442,148.865234375,0,0,exported_float_payload,False
operand_hybrid_fixed_h32,Operand hybrid + fixed H32,3920,2.8822615146636963,3.3288047313690186,0.09303499758243561,35937.60756135368,2300006.8839266356,92.50252326029471,16441671680.0,0.0003,129.74023866653442,148.865234375,0,0,exported_float_payload,False
operand_hybrid_fixed_h32,Operand hybrid + fixed H32,3930,2.8233649730682373,3.2547755241394043,0.1843504011631012,35935.96051991705,2299901.473274691,92.49828381590369,16483614720.0,0.0003,129.74023866653442,148.865234375,0,0,exported_float_payload,False
operand_hybrid_fixed_h32,Operand hybrid + fixed H32,3940,2.855534315109253,3.4062561988830566,0.13039040565490723,35943.82254026145,2300404.6425767327,92.5185204640595,16525557760.0,0.0003,129.74023866653442,148.865234375,0,0,exported_float_payload,False
operand_hybrid_fixed_h32,Operand hybrid + fixed H32,3950,2.815345287322998,3.4404616355895996,0.1453462839126587,35944.256345200876,2300432.406092856,92.51963706736792,16567500800.0,0.0003,129.74023866653442,148.865234375,0,0,exported_float_payload,False
operand_hybrid_fixed_h32,Operand hybrid + fixed H32,3960,2.8145718574523926,3.3517448902130127,0.1743447184562683,35933.81742703173,2299764.315330031,92.49276754721122,16609443840.0,0.0003,129.74023866653442,148.865234375,0,0,exported_float_payload,False
operand_hybrid_fixed_h32,Operand hybrid + fixed H32,3970,2.803197145462036,3.25083065032959,0.14714907109737396,35926.0093690066,2299264.5996164223,92.47266979674593,16651386880.0,0.0003,129.74023866653442,148.865234375,0,0,exported_float_payload,False
operand_hybrid_fixed_h32,Operand hybrid + fixed H32,3980,2.8434395790100098,3.242351531982422,0.11998479068279266,35954.46134294895,2301085.5259487326,92.54590448207968,16693329920.0,0.0003,129.74023866653442,148.865234375,0,0,exported_float_payload,False
operand_hybrid_fixed_h32,Operand hybrid + fixed H32,3990,2.855691432952881,3.7102527618408203,0.2515026032924652,35925.967441901426,2299261.9162816913,92.47256187740226,16735272960.0,0.0003,129.74023866653442,148.865234375,0,0,exported_float_payload,False
operand_hybrid_fixed_h32,Operand hybrid + fixed H32,4000,2.8648552894592285,3.4116616249084473,0.11397971957921982,35916.43589654986,2298651.897379191,92.44802791269454,16777216000.0,0.0003,129.74023866653442,148.865234375,0,0,exported_float_payload,False
operand_hybrid_fixed_h32,Operand hybrid + fixed H32,4010,2.817654609680176,3.25250244140625,0.24257516860961914,28568.122097139778,1828359.8142169458,73.53364784458876,16819159040.0,0.0003,129.74023866653442,148.865234375,0,0,exported_float_payload,False
operand_hybrid_fixed_h32,Operand hybrid + fixed H32,4020,2.842543601989746,3.5475106239318848,0.13312792778015137,35948.221924778205,2300686.203185805,92.52984437224949,16861102080.0,0.0003,129.74023866653442,148.865234375,0,0,exported_float_payload,False
operand_hybrid_fixed_h32,Operand hybrid + fixed H32,4030,2.8490092754364014,4.262232780456543,0.13834092020988464,35906.09588983412,2297990.1369493837,92.4214129882007,16903045120.0,0.0003,129.74023866653442,148.865234375,0,0,exported_float_payload,False
operand_hybrid_fixed_h32,Operand hybrid + fixed H32,4040,2.8194897174835205,3.2448160648345947,0.15728896856307983,35946.13058094769,2300552.357180652,92.52446130435891,16944988160.0,0.0003,129.74023866653442,148.865234375,0,0,exported_float_payload,False
operand_hybrid_fixed_h32,Operand hybrid + fixed H32,4050,2.8360495567321777,3.317007064819336,0.11567357927560806,35967.197431475084,2301900.6356144054,92.57868686257406,16986931200.0,0.0003,129.74023866653442,148.865234375,0,0,exported_float_payload,False
operand_hybrid_fixed_h32,Operand hybrid + fixed H32,4060,2.823317527770996,3.3992905616760254,0.25538840889930725,27698.813643595182,1772724.0731900916,71.29606913801804,17028874240.0,0.0003,129.74023866653442,148.865234375,0,0,exported_float_payload,False
operand_hybrid_fixed_h32,Operand hybrid + fixed H32,4070,2.818502426147461,3.6439971923828125,0.11078426986932755,35973.946549663655,2302332.579178474,92.596058927789,17070817280.0,0.0003,129.74023866653442,148.865234375,0,0,exported_float_payload,False
operand_hybrid_fixed_h32,Operand hybrid + fixed H32,4080,2.854278326034546,3.4487504959106445,0.18388736248016357,35955.63190529502,2301160.4419388813,92.54891748094056,17112760320.0,0.0003,129.74023866653442,148.865234375,0,0,exported_float_payload,False
operand_hybrid_fixed_h32,Operand hybrid + fixed H32,4090,2.8223044872283936,3.2302942276000977,0.15069152414798737,35952.012325830285,2300928.788853138,92.53960077188981,17154703360.0,0.0003,129.74023866653442,148.865234375,0,0,exported_float_payload,False
operand_hybrid_fixed_h32,Operand hybrid + fixed H32,4100,2.8366847038269043,3.211426019668579,0.15157349407672882,35940.79727163316,2300211.025384522,92.51073349657204,17196646400.0,0.0003,129.74023866653442,148.865234375,0,0,exported_float_payload,False
operand_hybrid_fixed_h32,Operand hybrid + fixed H32,4110,2.8281469345092773,3.286046028137207,0.11358945816755295,35922.03586303156,2299010.29523402,92.46244208951046,17238589440.0,0.0003,129.74023866653442,148.865234375,0,0,exported_float_payload,False
operand_hybrid_fixed_h32,Operand hybrid + fixed H32,4120,2.8209311962127686,3.4444282054901123,0.1855996698141098,35932.1948550186,2299660.4707211903,92.48859108651806,17280532480.0,0.0003,129.74023866653442,148.865234375,0,0,exported_float_payload,False
operand_hybrid_fixed_h32,Operand hybrid + fixed H32,4130,2.8195481300354004,3.6599059104919434,0.10368302464485168,35945.0222549256,2300481.4243152384,92.5216085002744,17322475520.0,0.0003,129.74023866653442,148.865234375,0,0,exported_float_payload,False
operand_hybrid_fixed_h32,Operand hybrid + fixed H32,4140,2.813049793243408,3.130256175994873,0.16951684653759003,35928.86519579475,2299447.372530864,92.48002062507938,17364418560.0,0.0003,129.74023866653442,148.865234375,0,0,exported_float_payload,False
operand_hybrid_fixed_h32,Operand hybrid + fixed H32,4150,2.800274133682251,3.252289056777954,0.14814327657222748,35943.246103081015,2300367.750597185,92.5170367288498,17406361600.0,0.0003,129.74023866653442,148.865234375,0,0,exported_float_payload,False
operand_hybrid_fixed_h32,Operand hybrid + fixed H32,4160,2.825957775115967,3.2971582412719727,0.19711323082447052,35950.62294823703,2300839.86868717,92.53602454793229,17448304640.0,0.0003,129.74023866653442,148.865234375,0,0,exported_float_payload,False
operand_hybrid_fixed_h32,Operand hybrid + fixed H32,4170,2.8258371353149414,3.5704925060272217,0.14999066293239594,35944.32840208448,2300437.0177334067,92.51982254002468,17490247680.0,0.0003,129.74023866653442,148.865234375,0,0,exported_float_payload,False
operand_hybrid_fixed_h32,Operand hybrid + fixed H32,4180,2.798006772994995,3.2686526775360107,0.146437868475914,4596.638100181433,294184.83841161174,11.831634091258737,17532190720.0,0.0003,129.74023866653442,148.865234375,0,0,exported_float_payload,False
operand_hybrid_fixed_h32,Operand hybrid + fixed H32,4190,2.8254339694976807,3.260864019393921,0.18718048930168152,36173.6974940891,2315116.6396217025,93.11021297522902,17574133760.0,0.0003,129.74023866653442,148.865234375,0,0,exported_float_payload,False
operand_hybrid_fixed_h32,Operand hybrid + fixed H32,4200,2.823230504989624,3.6232476234436035,0.12061677873134613,36084.86749713722,2309431.519816782,92.88156673479062,17616076800.0,0.0003,129.74023866653442,148.865234375,0,0,exported_float_payload,False
operand_hybrid_fixed_h32,Operand hybrid + fixed H32,4210,2.8333210945129395,3.357773780822754,0.11311449110507965,36044.520512184536,2306849.3127798103,92.77771458192552,17658019840.0,0.0003,129.74023866653442,148.865234375,0,0,exported_float_payload,False
operand_hybrid_fixed_h32,Operand hybrid + fixed H32,4220,2.8336660861968994,3.836249828338623,0.11110507696866989,35975.805965030464,2302451.5817619497,92.60084501748418,17699962880.0,0.0003,129.74023866653442,148.865234375,0,0,exported_float_payload,False
operand_hybrid_fixed_h32,Operand hybrid + fixed H32,4230,2.858563184738159,4.444191932678223,0.14461715519428253,35984.881092188174,2303032.389900043,92.62420417291942,17741905920.0,0.0003,129.74023866653442,153.572265625,0,0,exported_float_payload,False
operand_hybrid_fixed_h32,Operand hybrid + fixed H32,4240,2.800290822982788,3.323047637939453,0.13829201459884644,35961.71680304531,2301549.8753949,92.56457985898622,17783848960.0,0.0003,129.74023866653442,153.572265625,0,0,exported_float_payload,False
operand_hybrid_fixed_h32,Operand hybrid + fixed H32,4250,2.8064346313476562,3.3888611793518066,0.10775668174028397,35936.21567692511,2299917.803323207,92.49894058380436,17825792000.0,0.0003,129.74023866653442,153.572265625,0,0,exported_float_payload,False
operand_hybrid_fixed_h32,Operand hybrid + fixed H32,4260,2.830132246017456,3.863671064376831,0.17700153589248657,35969.5309025092,2302049.9777605888,92.58469315996717,17867735040.0,0.0003,129.74023866653442,153.572265625,0,0,exported_float_payload,False
operand_hybrid_fixed_h32,Operand hybrid + fixed H32,4270,2.7779886722564697,3.391524314880371,0.13552714884281158,35957.849945536276,2301302.3965143217,92.55462666229491,17909678080.0,0.0003,129.74023866653442,153.572265625,0,0,exported_float_payload,False
operand_hybrid_fixed_h32,Operand hybrid + fixed H32,4280,2.8231348991394043,3.238194227218628,0.13733595609664917,35954.912828849,2301114.421046336,92.54706659574849,17951621120.0,0.0003,129.74023866653442,153.572265625,0,0,exported_float_payload,False
operand_hybrid_fixed_h32,Operand hybrid + fixed H32,4290,2.854952812194824,4.049831867218018,0.14321622252464294,35949.45087452689,2300764.855969721,92.53300765885723,17993564160.0,0.0003,129.74023866653442,153.572265625,0,0,exported_float_payload,False
operand_hybrid_fixed_h32,Operand hybrid + fixed H32,4300,2.7859559059143066,3.3088479042053223,0.12801390886306763,35960.252516291686,2301456.161042668,92.56081082068128,18035507200.0,0.0003,129.74023866653442,153.572265625,0,0,exported_float_payload,False
operand_hybrid_fixed_h32,Operand hybrid + fixed H32,4310,2.810086488723755,3.6685800552368164,0.20247304439544678,35942.97661343155,2300350.503259619,92.51634306908056,18077450240.0,0.0003,129.74023866653442,153.572265625,0,0,exported_float_payload,False
operand_hybrid_fixed_h32,Operand hybrid + fixed H32,4320,2.7985007762908936,3.3670408725738525,0.12016849964857101,35930.100671649496,2299526.4429855677,92.48320070972458,18119393280.0,0.0003,129.74023866653442,153.572265625,0,0,exported_float_payload,False
operand_hybrid_fixed_h32,Operand hybrid + fixed H32,4330,2.802063226699829,3.211275339126587,0.1520715355873108,35919.32853768467,2298837.026411819,92.45547350025625,18161336320.0,0.0003,129.74023866653442,153.572265625,0,0,exported_float_payload,False
operand_hybrid_fixed_h32,Operand hybrid + fixed H32,4340,2.816263437271118,3.235506057739258,0.19027818739414215,35943.126085432246,2300360.0694676638,92.51672780635607,18203279360.0,0.0003,129.74023866653442,153.572265625,0,0,exported_float_payload,False
operand_hybrid_fixed_h32,Operand hybrid + fixed H32,4350,2.85101318359375,3.820359230041504,0.1153862252831459,35928.21054556028,2299405.474915858,92.47833557138074,18245222400.0,0.0003,129.74023866653442,153.572265625,0,0,exported_float_payload,False
operand_hybrid_fixed_h32,Operand hybrid + fixed H32,4360,2.81532883644104,3.253760814666748,0.20398972928524017,35939.65445665895,2300137.885226173,92.50779191876799,18287165440.0,0.0003,129.74023866653442,153.572265625,0,0,exported_float_payload,False
operand_hybrid_fixed_h32,Operand hybrid + fixed H32,4370,2.8044817447662354,3.280400037765503,0.13409653306007385,35924.00112675432,2299136.0721122767,92.46750063028608,18329108480.0,0.0003,129.74023866653442,153.572265625,0,0,exported_float_payload,False
operand_hybrid_fixed_h32,Operand hybrid + fixed H32,4380,2.8013455867767334,3.2842798233032227,0.23273958265781403,35962.00781738343,2301568.5003125397,92.56532892277784,18371051520.0,0.0003,129.74023866653442,153.572265625,0,0,exported_float_payload,False
operand_hybrid_fixed_h32,Operand hybrid + fixed H32,4390,2.824415445327759,3.6819024085998535,0.12282364070415497,35932.93750572433,2299708.000366357,92.49050265127829,18412994560.0,0.0003,129.74023866653442,153.572265625,0,0,exported_float_payload,False
operand_hybrid_fixed_h32,Operand hybrid + fixed H32,4400,2.821303606033325,3.3252978324890137,0.15021848678588867,35961.83525499972,2301557.456319982,92.56488475142098,18454937600.0,0.0003,129.74023866653442,153.572265625,0,0,exported_float_payload,False
operand_hybrid_fixed_h32,Operand hybrid + fixed H32,4410,2.80649733543396,3.2681970596313477,0.1752740740776062,35929.04558788994,2299458.917624956,92.48048494992216,18496880640.0,0.0003,129.74023866653442,153.572265625,0,0,exported_float_payload,False
operand_hybrid_fixed_h32,Operand hybrid + fixed H32,4420,2.816361904144287,3.3755197525024414,0.15390609204769135,35929.7387315805,2299503.278821152,92.48226908483569,18538823680.0,0.0003,129.74023866653442,153.572265625,0,0,exported_float_payload,False
operand_hybrid_fixed_h32,Operand hybrid + fixed H32,4430,2.8120646476745605,3.8362197875976562,0.15263783931732178,35954.3239122461,2301076.7303837505,92.54555073881045,18580766720.0,0.0003,129.74023866653442,153.572265625,0,0,exported_float_payload,False
operand_hybrid_fixed_h32,Operand hybrid + fixed H32,4440,2.7603235244750977,3.2490243911743164,0.17145127058029175,35924.24427742391,2299151.63375513,92.46812649416505,18622709760.0,0.0003,129.74023866653442,153.572265625,0,0,exported_float_payload,False
operand_hybrid_fixed_h32,Operand hybrid + fixed H32,4450,2.779912233352661,3.167912483215332,0.17991867661476135,35937.324517066685,2299988.769092268,92.50179471121986,18664652800.0,0.0003,129.74023866653442,153.572265625,0,0,exported_float_payload,False
operand_hybrid_fixed_h32,Operand hybrid + fixed H32,4460,2.811044216156006,3.407179117202759,0.2156413346529007,35939.506181853496,2300128.3956386237,92.50741026304377,18706595840.0,0.0003,129.74023866653442,153.572265625,0,0,exported_float_payload,False
operand_hybrid_fixed_h32,Operand hybrid + fixed H32,4470,2.811495542526245,3.3274855613708496,0.12553058564662933,35951.52623726731,2300897.679185108,92.5383495918126,18748538880.0,0.0003,129.74023866653442,153.572265625,0,0,exported_float_payload,False
operand_hybrid_fixed_h32,Operand hybrid + fixed H32,4480,2.82029128074646,3.2856736183166504,0.1579030603170395,35940.92624656796,2300219.279780349,92.51106547490105,18790481920.0,0.0003,129.74023866653442,153.572265625,0,0,exported_float_payload,False
operand_hybrid_fixed_h32,Operand hybrid + fixed H32,4490,2.8062267303466797,3.868349075317383,0.15950247645378113,35956.16405890187,2301194.49976972,92.5502872313145,18832424960.0,0.0003,129.74023866653442,153.572265625,0,0,exported_float_payload,False
operand_hybrid_fixed_h32,Operand hybrid + fixed H32,4500,2.807856559753418,3.4678049087524414,0.20563867688179016,35940.304161228196,2300179.4663186045,92.50946424244525,18874368000.0,0.0003,129.74023866653442,153.572265625,0,0,exported_float_payload,False
operand_hybrid_fixed_h32,Operand hybrid + fixed H32,4510,2.811326503753662,3.50081467628479,0.10813181847333908,35903.660670781865,2297834.2829300393,92.41514479389643,18916311040.0,0.0003,129.74023866653442,153.572265625,0,0,exported_float_payload,False
operand_hybrid_fixed_h32,Operand hybrid + fixed H32,4520,2.813843011856079,3.4189767837524414,0.17450952529907227,35956.519334014934,2301217.237376956,92.55120170076977,18958254080.0,0.0003,129.74023866653442,153.572265625,0,0,exported_float_payload,False
operand_hybrid_fixed_h32,Operand hybrid + fixed H32,4530,2.817455530166626,4.586574554443359,0.3512089252471924,35939.63619837776,2300136.7166961767,92.50774492239857,19000197120.0,0.0003,129.74023866653442,153.572265625,0,0,exported_float_payload,False
operand_hybrid_fixed_h32,Operand hybrid + fixed H32,4540,2.794161796569824,3.274754047393799,0.13419988751411438,35957.715835756404,2301293.81348841,92.55428146700024,19042140160.0,0.0003,129.74023866653442,153.572265625,0,0,exported_float_payload,False
operand_hybrid_fixed_h32,Operand hybrid + fixed H32,4550,2.806915521621704,3.4349112510681152,0.2347903847694397,35935.77493460763,2299889.5958148884,92.49780612385443,19084083200.0,0.0003,129.74023866653442,153.572265625,0,0,exported_float_payload,False
operand_hybrid_fixed_h32,Operand hybrid + fixed H32,4560,2.8237109184265137,3.528705596923828,0.09931524842977524,35923.95420864469,2299133.06935326,92.46737986421894,19126026240.0,0.0003,129.74023866653442,153.572265625,0,0,exported_float_payload,False
operand_hybrid_fixed_h32,Operand hybrid + fixed H32,4570,2.8041799068450928,3.3777594566345215,0.15702518820762634,35950.12490130877,2300807.9936837615,92.5347425873152,19167969280.0,0.0003,129.74023866653442,153.572265625,0,0,exported_float_payload,False
operand_hybrid_fixed_h32,Operand hybrid + fixed H32,4580,2.8075358867645264,3.5010905265808105,0.3016582429409027,35945.45820223329,2300509.3249429306,92.52273061798635,19209912320.0,0.0003,129.74023866653442,153.572265625,0,0,exported_float_payload,False
operand_hybrid_fixed_h32,Operand hybrid + fixed H32,4590,2.7649810314178467,3.414700508117676,0.1368415802717209,35915.95117648184,2298620.8752948376,92.44678025508989,19251855360.0,0.0003,129.74023866653442,153.572265625,0,0,exported_float_payload,False
operand_hybrid_fixed_h32,Operand hybrid + fixed H32,4600,2.8255362510681152,3.2593822479248047,0.14391878247261047,35954.142336686986,2301065.109547967,92.54508336776045,19293798400.0,0.0003,129.74023866653442,153.572265625,0,0,exported_float_payload,False
operand_hybrid_fixed_h32,Operand hybrid + fixed H32,4610,2.820849895477295,3.931614875793457,0.11953682452440262,35976.04800396041,2302467.072253466,92.60146801977248,19335741440.0,0.0003,129.74023866653442,153.572265625,0,0,exported_float_payload,False
operand_hybrid_fixed_h32,Operand hybrid + fixed H32,4620,2.8032991886138916,3.419997215270996,0.1685320883989334,35939.21095105738,2300109.5008676723,92.50665034619236,19377684480.0,0.0003,129.74023866653442,153.572265625,0,0,exported_float_payload,False
operand_hybrid_fixed_h32,Operand hybrid + fixed H32,4630,2.7882769107818604,3.3906443119049072,0.12120702862739563,35935.847756706054,2299894.2564291875,92.49799356615543,19419627520.0,0.0003,129.74023866653442,153.572265625,0,0,exported_float_payload,False
operand_hybrid_fixed_h32,Operand hybrid + fixed H32,4640,2.8176920413970947,3.6210579872131348,0.32640114426612854,35944.75511177305,2300464.327153475,92.52092088033085,19461570560.0,0.0003,129.74023866653442,153.572265625,0,0,exported_float_payload,False
operand_hybrid_fixed_h32,Operand hybrid + fixed H32,4650,2.7995989322662354,3.243238925933838,0.09775149822235107,35933.49344000797,2299743.5801605103,92.4919336125329,19503513600.0,0.0003,129.74023866653442,153.572265625,0,0,exported_float_payload,False
operand_hybrid_fixed_h32,Operand hybrid + fixed H32,4660,2.7773525714874268,3.1799230575561523,0.13573607802391052,35931.64455228273,2299625.2513460945,92.48717462072973,19545456640.0,0.0003,129.74023866653442,153.572265625,0,0,exported_float_payload,False
operand_hybrid_fixed_h32,Operand hybrid + fixed H32,4670,2.811917304992676,3.811347484588623,0.2682940661907196,35964.22730422305,2301710.5474702753,92.571041827641,19587399680.0,0.0003,129.74023866653442,153.572265625,0,0,exported_float_payload,False
operand_hybrid_fixed_h32,Operand hybrid + fixed H32,4680,2.771662950515747,3.354292869567871,0.11009583622217178,35938.27439068065,2300049.5610035616,92.5042396626797,19629342720.0,0.0003,129.74023866653442,153.572265625,0,0,exported_float_payload,False
operand_hybrid_fixed_h32,Operand hybrid + fixed H32,4690,2.7824251651763916,3.2145543098449707,0.16887739300727844,35931.67614010151,2299627.2729664966,92.487255927003,19671285760.0,0.0003,129.74023866653442,153.572265625,0,0,exported_float_payload,False
operand_hybrid_fixed_h32,Operand hybrid + fixed H32,4700,2.782599687576294,3.448322296142578,0.2017998844385147,35952.20753677609,2300941.28235367,92.54010324009181,19713228800.0,0.0003,129.74023866653442,153.572265625,0,0,exported_float_payload,False
operand_hybrid_fixed_h32,Operand hybrid + fixed H32,4710,2.7517457008361816,3.323103904724121,0.13247528672218323,35925.77964785832,2299249.8974629324,92.47207850012647,19755171840.0,0.0003,129.74023866653442,153.572265625,0,0,exported_float_payload,False
operand_hybrid_fixed_h32,Operand hybrid + fixed H32,4720,2.76621675491333,3.268929958343506,0.21496202051639557,35943.465657112676,2300381.8020552113,92.51760185555963,19797114880.0,0.0003,129.74023866653442,153.572265625,0,0,exported_float_payload,False
operand_hybrid_fixed_h32,Operand hybrid + fixed H32,4730,2.7852792739868164,3.290891408920288,0.10986175388097763,35929.15023576413,2299465.6150889043,92.4807543109919,19839057920.0,0.0003,129.74023866653442,153.572265625,0,0,exported_float_payload,False
operand_hybrid_fixed_h32,Operand hybrid + fixed H32,4740,2.7932472229003906,3.265109062194824,0.15969796478748322,35963.69944170409,2301676.764269062,92.56968312242239,19881000960.0,0.0003,129.74023866653442,153.572265625,0,0,exported_float_payload,False
operand_hybrid_fixed_h32,Operand hybrid + fixed H32,4750,2.783761739730835,3.784453868865967,0.14165055751800537,35927.6258675144,2299368.0555209215,92.47683062438486,19922944000.0,0.0003,129.74023866653442,153.572265625,0,0,exported_float_payload,False
operand_hybrid_fixed_h32,Operand hybrid + fixed H32,4760,2.8000056743621826,3.744450807571411,0.10464490205049515,35918.05540750431,2298755.546080276,92.4521964942975,19964887040.0,0.0003,129.74023866653442,153.572265625,0,0,exported_float_payload,False
operand_hybrid_fixed_h32,Operand hybrid + fixed H32,4770,2.774754047393799,3.241201162338257,0.20299819111824036,35952.088331767125,2300933.653233096,92.53979640931304,20006830080.0,0.0003,129.74023866653442,153.572265625,0,0,exported_float_payload,False
operand_hybrid_fixed_h32,Operand hybrid + fixed H32,4780,2.7741646766662598,3.46016263961792,0.1546207219362259,35931.22219931821,2299598.2207563655,92.48608749452474,20048773120.0,0.0003,129.74023866653442,153.572265625,0,0,exported_float_payload,False
operand_hybrid_fixed_h32,Operand hybrid + fixed H32,4790,2.801185369491577,3.4724111557006836,0.1710497885942459,35946.93525494818,2300603.8563166833,92.52653251556349,20090716160.0,0.0003,129.74023866653442,153.572265625,0,0,exported_float_payload,False
operand_hybrid_fixed_h32,Operand hybrid + fixed H32,4800,2.812927484512329,3.3015265464782715,0.12328390032052994,35949.866882754875,2300791.480496312,92.5340784538655,20132659200.0,0.0003,129.74023866653442,153.572265625,0,0,exported_float_payload,False
operand_hybrid_fixed_h32,Operand hybrid + fixed H32,4810,2.778522253036499,4.3664727210998535,0.14696961641311646,35915.35349116363,2298582.6234344724,92.44524182769302,20174602240.0,0.0003,129.74023866653442,153.572265625,0,0,exported_float_payload,False
operand_hybrid_fixed_h32,Operand hybrid + fixed H32,4820,2.7622416019439697,3.274191379547119,0.10931974649429321,35850.046311968785,2294402.963966002,92.27714274507541,20216545280.0,0.0003,129.74023866653442,153.572265625,0,0,exported_float_payload,False
operand_hybrid_fixed_h32,Operand hybrid + fixed H32,4830,2.7961301803588867,3.191939115524292,0.10689883679151535,35930.262591646635,2299536.8058653846,92.48361748783859,20258488320.0,0.0003,129.74023866653442,153.572265625,0,0,exported_float_payload,False
operand_hybrid_fixed_h32,Operand hybrid + fixed H32,4840,2.743035078048706,3.315056324005127,0.17339792847633362,35916.77766352392,2298673.770465531,92.44890761253025,20300431360.0,0.0003,129.74023866653442,153.572265625,0,0,exported_float_payload,False
operand_hybrid_fixed_h32,Operand hybrid + fixed H32,4850,2.768907308578491,3.2181668281555176,0.12509115040302277,35917.72791975808,2298734.586864517,92.45135354884512,20342374400.0,0.0003,129.74023866653442,153.572265625,0,0,exported_float_payload,False
operand_hybrid_fixed_h32,Operand hybrid + fixed H32,4860,2.7572171688079834,3.192404270172119,0.11510567367076874,35930.8104587462,2299571.869359757,92.48502768435863,20384317440.0,0.0003,129.74023866653442,153.572265625,0,0,exported_float_payload,False
operand_hybrid_fixed_h32,Operand hybrid + fixed H32,4870,2.8384816646575928,5.936944007873535,0.13170990347862244,35944.80500635895,2300467.5204069726,92.52104930777513,20426260480.0,0.0003,129.74023866653442,153.572265625,0,0,exported_float_payload,False
operand_hybrid_fixed_h32,Operand hybrid + fixed H32,4880,2.7717270851135254,3.195240020751953,0.1266850382089615,35942.34083156298,2300309.8132200306,92.51470658209445,20468203520.0,0.0003,129.74023866653442,153.572265625,0,0,exported_float_payload,False
operand_hybrid_fixed_h32,Operand hybrid + fixed H32,4890,2.7691268920898438,3.1803064346313477,0.14476776123046875,35947.82816210064,2300661.002374441,92.52883083674413,20510146560.0,0.0003,129.74023866653442,153.572265625,0,0,exported_float_payload,False
operand_hybrid_fixed_h32,Operand hybrid + fixed H32,4900,2.7429518699645996,3.1535654067993164,0.14953093230724335,35944.02499068827,2300417.599404049,92.51904156650863,20552089600.0,0.0003,129.74023866653442,153.572265625,0,0,exported_float_payload,False
operand_hybrid_fixed_h32,Operand hybrid + fixed H32,4910,2.7695930004119873,3.2240400314331055,0.14936326444149017,35934.180618173654,2299787.559563114,92.49370239233123,20594032640.0,0.0003,129.74023866653442,153.572265625,0,0,exported_float_payload,False
operand_hybrid_fixed_h32,Operand hybrid + fixed H32,4920,2.7569739818573,3.4229257106781006,0.10986904054880142,35914.69195902348,2298540.285377503,92.44353906013743,20635975680.0,0.0003,129.74023866653442,153.572265625,0,0,exported_float_payload,False
operand_hybrid_fixed_h32,Operand hybrid + fixed H32,4930,2.7474465370178223,3.4845340251922607,0.15046969056129456,35925.73592291885,2299247.0990668065,92.47196595320128,20677918720.0,0.0003,129.74023866653442,153.572265625,0,0,exported_float_payload,False
operand_hybrid_fixed_h32,Operand hybrid + fixed H32,4940,2.735706329345703,3.244892120361328,0.0959046259522438,35939.22125746133,2300110.160477525,92.50667687462416,20719861760.0,0.0003,129.74023866653442,153.572265625,0,0,exported_float_payload,False
operand_hybrid_fixed_h32,Operand hybrid + fixed H32,4950,2.776799440383911,3.3339357376098633,0.1287958174943924,35926.65020339512,2299305.6130172876,92.47431928879486,20761804800.0,0.0003,129.74023866653442,153.572265625,0,0,exported_float_payload,False
operand_hybrid_fixed_h32,Operand hybrid + fixed H32,4960,2.7674643993377686,3.923153877258301,0.1514972299337387,35938.91292783725,2300090.427381584,92.50588324170982,20803747840.0,0.0003,129.74023866653442,153.572265625,0,0,exported_float_payload,False
operand_hybrid_fixed_h32,Operand hybrid + fixed H32,4970,2.782822370529175,3.5365662574768066,0.17345258593559265,35942.17736340724,2300299.351258063,92.51428581905805,20845690880.0,0.0003,129.74023866653442,153.572265625,0,0,exported_float_payload,False
operand_hybrid_fixed_h32,Operand hybrid + fixed H32,4980,2.800675630569458,3.4014816284179688,0.1331087052822113,35937.77498261687,2300017.59888748,92.50295419853305,20887633920.0,0.0003,129.74023866653442,153.572265625,0,0,exported_float_payload,False
operand_hybrid_fixed_h32,Operand hybrid + fixed H32,4990,2.760876178741455,3.2400624752044678,0.1546875685453415,35924.712683895676,2299181.6117693232,92.46933216097177,20929576960.0,0.0003,129.74023866653442,153.572265625,0,0,exported_float_payload,False
operand_hybrid_fixed_h32,Operand hybrid + fixed H32,5000,2.8030850887298584,3.6920523643493652,0.294098824262619,35931.22120399551,2299598.157055713,92.48608493258845,20971520000.0,0.0003,129.74023866653442,153.572265625,0,0,exported_float_payload,False
operand_hybrid_fixed_h32,Operand hybrid + fixed H32,5010,2.7668137550354004,3.2245655059814453,0.11975187063217163,28440.19226402998,1820172.3048979188,73.2043595817927,21013463040.0,0.0003,129.74023866653442,153.572265625,0,0,exported_float_payload,False
operand_hybrid_fixed_h32,Operand hybrid + fixed H32,5020,2.7719573974609375,3.2246317863464355,0.1178489476442337,35927.20485541538,2299341.1107465844,92.4757469495349,21055406080.0,0.0003,129.74023866653442,153.572265625,0,0,exported_float_payload,False
operand_hybrid_fixed_h32,Operand hybrid + fixed H32,5030,2.722621440887451,3.3219120502471924,0.15884126722812653,35938.811831621904,2300083.957223802,92.50562302252312,21097349120.0,0.0003,129.74023866653442,153.572265625,0,0,exported_float_payload,False
operand_hybrid_fixed_h32,Operand hybrid + fixed H32,5040,2.775940179824829,3.400143623352051,0.22420412302017212,35948.779087825525,2300721.8616208336,92.53127849631177,21139292160.0,0.0003,129.74023866653442,153.572265625,0,0,exported_float_payload,False
operand_hybrid_fixed_h32,Operand hybrid + fixed H32,5050,2.737300395965576,3.207331657409668,0.12063337117433548,35939.19408087267,2300108.421175851,92.50660692274937,21181235200.0,0.0003,129.74023866653442,153.572265625,0,0,exported_float_payload,False
operand_hybrid_fixed_h32,Operand hybrid + fixed H32,5060,2.736473321914673,3.300197124481201,0.14672072231769562,35951.332020054964,2300885.2492835177,92.53784968145625,21223178240.0,0.0003,129.74023866653442,153.572265625,0,0,exported_float_payload,False
operand_hybrid_fixed_h32,Operand hybrid + fixed H32,5070,2.7171897888183594,3.1316733360290527,0.13800249993801117,35962.76980814156,2301617.2677210597,92.56729026836011,21265121280.0,0.0003,129.74023866653442,153.572265625,0,0,exported_float_payload,False
operand_hybrid_fixed_h32,Operand hybrid + fixed H32,5080,2.7806003093719482,3.2225399017333984,0.11626315861940384,35938.72145598911,2300078.173183303,92.50539039785382,21307064320.0,0.0003,129.74023866653442,153.572265625,0,0,exported_float_payload,False
operand_hybrid_fixed_h32,Operand hybrid + fixed H32,5090,2.7258970737457275,3.336118698120117,0.18356622755527496,35954.289754973295,2301074.544318291,92.54546281882533,21349007360.0,0.0003,129.74023866653442,153.572265625,0,0,exported_float_payload,False
operand_hybrid_fixed_h32,Operand hybrid + fixed H32,5100,2.7350568771362305,3.2208142280578613,0.14207643270492554,35935.128592349894,2299848.2299103932,92.4961424546848,21390950400.0,0.0003,129.74023866653442,153.572265625,0,0,exported_float_payload,False
operand_hybrid_fixed_h32,Operand hybrid + fixed H32,5110,2.7579948902130127,3.2329466342926025,0.15597613155841827,35918.39751880964,2298777.441203817,92.45307708043346,21432893440.0,0.0003,129.74023866653442,153.572265625,0,0,exported_float_payload,False
operand_hybrid_fixed_h32,Operand hybrid + fixed H32,5120,2.731431722640991,3.073965072631836,0.12049344927072525,35930.2749384973,2299537.596063827,92.48364926833035,21474836480.0,0.0003,129.74023866653442,153.572265625,0,0,exported_float_payload,False
operand_hybrid_fixed_h32,Operand hybrid + fixed H32,5130,2.790785074234009,3.3220248222351074,0.2752048075199127,35936.21917299337,2299918.0270715756,92.49894958259858,21516779520.0,0.0003,129.74023866653442,153.572265625,0,0,exported_float_payload,False
operand_hybrid_fixed_h32,Operand hybrid + fixed H32,5140,2.749495506286621,3.183140277862549,0.12424817681312561,35905.712483830495,2297965.5989651517,92.42042611052089,21558722560.0,0.0003,129.74023866653442,153.572265625,0,0,exported_float_payload,False
operand_hybrid_fixed_h32,Operand hybrid + fixed H32,5150,2.7643840312957764,3.1691741943359375,0.25302180647850037,35914.160393494676,2298506.2651836593,92.442170823462,21600665600.0,0.0003,129.74023866653442,153.572265625,0,0,exported_float_payload,False
operand_hybrid_fixed_h32,Operand hybrid + fixed H32,5160,2.7514328956604004,3.279898166656494,0.12421422451734543,35917.887812422916,2298744.8199950666,92.45176510865535,21642608640.0,0.0003,129.74023866653442,153.572265625,0,0,exported_float_payload,False
operand_hybrid_fixed_h32,Operand hybrid + fixed H32,5170,2.7517406940460205,4.224117755889893,0.11908497661352158,35955.24667090812,2301135.7869381197,92.54792589704688,21684551680.0,0.0003,129.74023866653442,153.572265625,0,0,exported_float_payload,False
operand_hybrid_fixed_h32,Operand hybrid + fixed H32,5180,2.7481377124786377,3.2289538383483887,0.1453331708908081,35904.63957223384,2297896.932622966,92.41766446230166,21726494720.0,0.0003,129.74023866653442,153.572265625,0,0,exported_float_payload,False
operand_hybrid_fixed_h32,Operand hybrid + fixed H32,5190,2.7412917613983154,3.5258240699768066,0.14542895555496216,35935.19699932496,2299852.6079567974,92.4963185325662,21768437760.0,0.0003,129.74023866653442,153.572265625,0,0,exported_float_payload,False
operand_hybrid_fixed_h32,Operand hybrid + fixed H32,5200,2.7575700283050537,3.2410593032836914,0.2899836003780365,35973.97534204129,2302334.4218906425,92.59613303866512,21810380800.0,0.0003,129.74023866653442,153.572265625,0,0,exported_float_payload,False
operand_hybrid_fixed_h32,Operand hybrid + fixed H32,5210,2.734360694885254,3.201186418533325,0.10303439944982529,35955.32607915984,2301140.8690662296,92.54813029194544,21852323840.0,0.0003,129.74023866653442,153.572265625,0,0,exported_float_payload,False
operand_hybrid_fixed_h32,Operand hybrid + fixed H32,5220,2.714811325073242,3.2263379096984863,0.1368146389722824,35939.256135000236,2300112.392640015,92.50676664855662,21894266880.0,0.0003,129.74023866653442,153.572265625,0,0,exported_float_payload,False
operand_hybrid_fixed_h32,Operand hybrid + fixed H32,5230,2.7726073265075684,3.473348379135132,0.133478581905365,35951.36454342583,2300887.330779253,92.53793339581773,21936209920.0,0.0003,129.74023866653442,153.572265625,0,0,exported_float_payload,False
operand_hybrid_fixed_h32,Operand hybrid + fixed H32,5240,2.7276835441589355,3.418227434158325,0.21098479628562927,35947.76149933965,2300656.7359577375,92.52865924842712,21978152960.0,0.0003,129.74023866653442,153.572265625,0,0,exported_float_payload,False
operand_hybrid_fixed_h32,Operand hybrid + fixed H32,5250,2.7595162391662598,3.2540154457092285,0.1552666872739792,35932.162058077054,2299658.3717169315,92.48850666799235,22020096000.0,0.0003,129.74023866653442,153.572265625,0,0,exported_float_payload,False
operand_hybrid_fixed_h32,Operand hybrid + fixed H32,5260,2.7407901287078857,3.129838228225708,0.18656134605407715,35927.37346377917,2299351.901681867,92.47618094334113,22062039040.0,0.0003,129.74023866653442,153.572265625,0,0,exported_float_payload,False
operand_hybrid_fixed_h32,Operand hybrid + fixed H32,5270,2.7500345706939697,3.167381525039673,0.19687533378601074,35948.2297865485,2300686.706339104,92.52986460825403,22103982080.0,0.0003,129.74023866653442,153.572265625,0,0,exported_float_payload,False
operand_hybrid_fixed_h32,Operand hybrid + fixed H32,5280,2.7513537406921387,3.0970499515533447,0.12095166742801666,35934.39227180688,2299801.1053956402,92.49424718360865,22145925120.0,0.0003,129.74023866653442,153.572265625,0,0,exported_float_payload,False
operand_hybrid_fixed_h32,Operand hybrid + fixed H32,5290,2.7661073207855225,3.2092151641845703,0.13001970946788788,35959.71843161646,2301421.979623453,92.55943609978455,22187868160.0,0.0003,129.74023866653442,153.572265625,0,0,exported_float_payload,False
operand_hybrid_fixed_h32,Operand hybrid + fixed H32,5300,2.7470037937164307,3.2900588512420654,0.16298024356365204,35933.46141411668,2299741.5305034677,92.49185117867168,22229811200.0,0.0003,129.74023866653442,153.572265625,0,0,exported_float_payload,False
operand_hybrid_fixed_h32,Operand hybrid + fixed H32,5310,2.778207778930664,4.878152847290039,0.12662993371486664,35943.30155175511,2300371.299312327,92.51717945238131,22271754240.0,0.0003,129.74023866653442,153.572265625,0,0,exported_float_payload,False
operand_hybrid_fixed_h32,Operand hybrid + fixed H32,5320,2.754750967025757,3.730192184448242,0.18270720541477203,35920.16142896837,2298890.3314539758,92.45761734205797,22313697280.0,0.0003,129.74023866653442,153.572265625,0,0,exported_float_payload,False
operand_hybrid_fixed_h32,Operand hybrid + fixed H32,5330,2.7324955463409424,3.113842725753784,0.39986857771873474,35943.79091823121,2300402.6187667972,92.51843906972677,22355640320.0,0.0003,129.74023866653442,153.572265625,0,0,exported_float_payload,False
operand_hybrid_fixed_h32,Operand hybrid + fixed H32,5340,2.7407045364379883,3.312478542327881,0.1224168911576271,35950.464927579094,2300829.755365062,92.53561780662204,22397583360.0,0.0003,129.74023866653442,153.572265625,0,0,exported_float_payload,False
operand_hybrid_fixed_h32,Operand hybrid + fixed H32,5350,2.785545825958252,3.2439212799072266,1.0961984395980835,35912.69933725002,2298412.7575840014,92.43841010040816,22439526400.0,0.0003,129.74023866653442,153.572265625,0,0,exported_float_payload,False
operand_hybrid_fixed_h32,Operand hybrid + fixed H32,5360,2.764785051345825,3.645219326019287,0.2711328864097595,35952.130412622864,2300936.3464078633,92.53990472440692,22481469440.0,0.0003,129.74023866653442,153.572265625,0,0,exported_float_payload,False
operand_hybrid_fixed_h32,Operand hybrid + fixed H32,5370,2.7447569370269775,3.3562557697296143,0.14894625544548035,35953.17159502721,2301002.9820817416,92.54258470246089,22523412480.0,0.0003,129.74023866653442,153.572265625,0,0,exported_float_payload,False
operand_hybrid_fixed_h32,Operand hybrid + fixed H32,5380,2.72694730758667,3.2901644706726074,0.16031870245933533,35946.31488687371,2300564.1527599175,92.52493570330658,22565355520.0,0.0003,129.74023866653442,153.572265625,0,0,exported_float_payload,False
operand_hybrid_fixed_h32,Operand hybrid + fixed H32,5390,2.813530921936035,4.423773765563965,0.385714590549469,35925.47017324479,2299230.0910876663,92.47128192003728,22607298560.0,0.0003,129.74023866653442,153.572265625,0,0,exported_float_payload,False
operand_hybrid_fixed_h32,Operand hybrid + fixed H32,5400,2.7506115436553955,3.2135732173919678,0.11861985921859741,35965.39791801901,2301785.4667532165,92.57405495893262,22649241600.0,0.0003,129.74023866653442,153.572265625,0,0,exported_float_payload,False
operand_hybrid_fixed_h32,Operand hybrid + fixed H32,5410,2.7520289421081543,3.1637661457061768,0.10736671090126038,35951.4167357804,2300890.671089946,92.5380677376624,22691184640.0,0.0003,129.74023866653442,153.572265625,0,0,exported_float_payload,False
operand_hybrid_fixed_h32,Operand hybrid + fixed H32,5420,2.683223009109497,3.0936622619628906,0.0962943285703659,35962.362137424476,2301591.1767951665,92.56624093390107,22733127680.0,0.0003,129.74023866653442,153.572265625,0,0,exported_float_payload,False
operand_hybrid_fixed_h32,Operand hybrid + fixed H32,5430,2.761889934539795,5.407341480255127,0.09221641719341278,35954.393929025566,2301081.211457636,92.54573096028902,22775070720.0,0.0003,129.74023866653442,153.572265625,0,0,exported_float_payload,False
operand_hybrid_fixed_h32,Operand hybrid + fixed H32,5440,2.7400963306427,3.890981435775757,0.16040290892124176,35942.001100309404,2300288.070419802,92.5138321221535,22817013760.0,0.0003,129.74023866653442,153.572265625,0,0,exported_float_payload,False
operand_hybrid_fixed_h32,Operand hybrid + fixed H32,5450,2.6895735263824463,3.313249111175537,0.13558417558670044,35955.50659835693,2301152.4222948435,92.54859494394542,22858956800.0,0.0003,129.74023866653442,153.572265625,0,0,exported_float_payload,False
operand_hybrid_fixed_h32,Operand hybrid + fixed H32,5460,2.735668659210205,3.9396684169769287,0.12991300225257874,35950.763231500176,2300848.8468160112,92.53638563362198,22900899840.0,0.0003,129.74023866653442,153.572265625,0,0,exported_float_payload,False
operand_hybrid_fixed_h32,Operand hybrid + fixed H32,5470,2.7176120281219482,3.2563116550445557,0.21468102931976318,35955.7517612083,2301168.1127173314,92.54922598713111,22942842880.0,0.0003,129.74023866653442,153.572265625,0,0,exported_float_payload,False
operand_hybrid_fixed_h32,Operand hybrid + fixed H32,5480,2.669717311859131,3.360741376876831,0.13702888786792755,35950.42392506681,2300827.131204276,92.53551226715784,22984785920.0,0.0003,129.74023866653442,153.572265625,0,0,exported_float_payload,False
operand_hybrid_fixed_h32,Operand hybrid + fixed H32,5490,2.6556451320648193,3.292004108428955,0.1167936846613884,35945.95615475356,2300541.193904228,92.52401233559961,23026728960.0,0.0003,129.74023866653442,153.572265625,0,0,exported_float_payload,False
operand_hybrid_fixed_h32,Operand hybrid + fixed H32,5500,2.730340003967285,3.2226548194885254,0.19068360328674316,35963.67911235689,2301675.463190841,92.5696307951797,23068672000.0,0.0003,129.74023866653442,153.572265625,0,0,exported_float_payload,False
operand_hybrid_fixed_h32,Operand hybrid + fixed H32,5510,2.7144577503204346,3.285712242126465,0.1411523073911667,35928.27723030038,2299409.7427392243,92.47850721627145,23110615040.0,0.0003,129.74023866653442,153.572265625,0,0,exported_float_payload,False
operand_hybrid_fixed_h32,Operand hybrid + fixed H32,5520,2.747694730758667,3.395440101623535,0.13277915120124817,35962.24861391225,2301583.911290384,92.56594872715601,23152558080.0,0.0003,129.74023866653442,153.572265625,0,0,exported_float_payload,False
operand_hybrid_fixed_h32,Operand hybrid + fixed H32,5530,2.7101006507873535,3.135650873184204,0.2326555997133255,35978.33437591382,2302613.4000584846,92.60735308528335,23194501120.0,0.0003,129.74023866653442,153.572265625,0,0,exported_float_payload,False
operand_hybrid_fixed_h32,Operand hybrid + fixed H32,5540,2.707932472229004,3.1954104900360107,0.16872675716876984,35972.556130011144,2302243.592320713,92.59248002159642,23236444160.0,0.0003,129.74023866653442,153.572265625,0,0,exported_float_payload,False
operand_hybrid_fixed_h32,Operand hybrid + fixed H32,5550,2.662675619125366,3.1491031646728516,0.1681082397699356,35924.451133641145,2299164.8725530333,92.46865893701099,23278387200.0,0.0003,129.74023866653442,153.572265625,0,0,exported_float_payload,False
operand_hybrid_fixed_h32,Operand hybrid + fixed H32,5560,2.6887989044189453,3.0658199787139893,0.2677685618400574,35958.993139792634,2301375.5609467286,92.55756921636196,23320330240.0,0.0003,129.74023866653442,153.572265625,0,0,exported_float_payload,False
operand_hybrid_fixed_h32,Operand hybrid + fixed H32,5570,2.690145969390869,3.5375096797943115,0.09048408269882202,35952.51580433372,2300961.011477358,92.54089671324861,23362273280.0,0.0003,129.74023866653442,153.572265625,0,0,exported_float_payload,False
operand_hybrid_fixed_h32,Operand hybrid + fixed H32,5580,2.6604888439178467,3.1303534507751465,0.14038684964179993,35954.26455521983,2301072.931534069,92.545397955276,23404216320.0,0.0003,129.74023866653442,153.572265625,0,0,exported_float_payload,False
operand_hybrid_fixed_h32,Operand hybrid + fixed H32,5590,2.719508409500122,3.4709553718566895,0.10003036260604858,35958.29040540963,2301330.5859462162,92.55576039524055,23446159360.0,0.0003,129.74023866653442,153.572265625,0,0,exported_float_payload,False
operand_hybrid_fixed_h32,Operand hybrid + fixed H32,5600,2.709808588027954,3.165403366088867,0.11301887780427933,35957.55194567922,2301283.32452347,92.55385961794833,23488102400.0,0.0003,129.74023866653442,153.572265625,0,0,exported_float_payload,False
operand_hybrid_fixed_h32,Operand hybrid + fixed H32,5610,2.7323951721191406,4.0046706199646,0.10047714412212372,35962.377656470875,2301592.170014136,92.5662808795471,23530045440.0,0.0003,129.74023866653442,153.572265625,0,0,exported_float_payload,False
operand_hybrid_fixed_h32,Operand hybrid + fixed H32,5620,2.7057645320892334,3.4027974605560303,0.20791834592819214,35959.65198293175,2301417.726907632,92.55926506249463,23571988480.0,0.0003,129.74023866653442,153.572265625,0,0,exported_float_payload,False
operand_hybrid_fixed_h32,Operand hybrid + fixed H32,5630,2.6925086975097656,3.3181514739990234,0.11028120666742325,35934.255596365125,2299792.358167368,92.49389538436301,23613931520.0,0.0003,129.74023866653442,153.572265625,0,0,exported_float_payload,False
operand_hybrid_fixed_h32,Operand hybrid + fixed H32,5640,2.717478036880493,3.1289806365966797,0.25887539982795715,35944.27939378812,2300433.88120244,92.519696393868,23655874560.0,0.0003,129.74023866653442,153.572265625,0,0,exported_float_payload,False
operand_hybrid_fixed_h32,Operand hybrid + fixed H32,5650,2.691140651702881,3.5943007469177246,0.13647831976413727,35954.84670196494,2301110.188925756,92.54689638676558,23697817600.0,0.0003,129.74023866653442,153.572265625,0,0,exported_float_payload,False
operand_hybrid_fixed_h32,Operand hybrid + fixed H32,5660,2.715397834777832,3.104753017425537,0.11830010265111923,35935.57697226701,2299876.9262250885,92.49729657362947,23739760640.0,0.0003,129.74023866653442,153.572265625,0,0,exported_float_payload,False
operand_hybrid_fixed_h32,Operand hybrid + fixed H32,5670,2.7268242835998535,3.3192710876464844,0.1805061399936676,35925.01344833331,2299200.860693332,92.47010632128115,23781703680.0,0.0003,129.74023866653442,153.572265625,0,0,exported_float_payload,False
operand_hybrid_fixed_h32,Operand hybrid + fixed H32,5680,2.6965582370758057,3.0965051651000977,0.16340459883213043,35966.58339169976,2301861.3370687845,92.57710633920442,23823646720.0,0.0003,129.74023866653442,153.572265625,0,0,exported_float_payload,False
operand_hybrid_fixed_h32,Operand hybrid + fixed H32,5690,2.677380084991455,3.2105531692504883,0.16253389418125153,35963.547709657396,2301667.0534180733,92.56929256784373,23865589760.0,0.0003,129.74023866653442,153.572265625,0,0,exported_float_payload,False
operand_hybrid_fixed_h32,Operand hybrid + fixed H32,5700,2.7039718627929688,3.2542724609375,0.09242242574691772,35965.466523923424,2301789.857531099,92.57423154885332,23907532800.0,0.0003,129.74023866653442,153.572265625,0,0,exported_float_payload,False
operand_hybrid_fixed_h32,Operand hybrid + fixed H32,5710,2.7110893726348877,3.419227123260498,0.09804888814687729,35943.21270489343,2300365.6131131793,92.51695076273148,23949475840.0,0.0003,129.74023866653442,153.572265625,0,0,exported_float_payload,False
operand_hybrid_fixed_h32,Operand hybrid + fixed H32,5720,2.7253916263580322,3.3234198093414307,0.13681629300117493,35955.61977157838,2301159.665381016,92.54888624905057,23991418880.0,0.0003,129.74023866653442,153.572265625,0,0,exported_float_payload,False
operand_hybrid_fixed_h32,Operand hybrid + fixed H32,5730,2.6739726066589355,3.2253737449645996,0.16228066384792328,35934.77876145907,2299825.8407333805,92.49524199852449,24033361920.0,0.0003,129.74023866653442,153.572265625,0,0,exported_float_payload,False
operand_hybrid_fixed_h32,Operand hybrid + fixed H32,5740,2.7318549156188965,3.2450084686279297,0.1187332272529602,35963.99164609947,2301695.465350366,92.57043524939228,24075304960.0,0.0003,129.74023866653442,153.572265625,0,0,exported_float_payload,False
operand_hybrid_fixed_h32,Operand hybrid + fixed H32,5750,2.6944496631622314,3.281257152557373,0.1752414107322693,35948.209232277775,2300685.3908657776,92.52981170206368,24117248000.0,0.0003,129.74023866653442,153.572265625,0,0,exported_float_payload,False
operand_hybrid_fixed_h32,Operand hybrid + fixed H32,5760,2.713315725326538,3.2074196338653564,0.09261428564786911,35963.45637328962,2301661.2078905357,92.56905747026607,24159191040.0,0.0003,129.74023866653442,153.572265625,0,0,exported_float_payload,False
operand_hybrid_fixed_h32,Operand hybrid + fixed H32,5770,2.728893518447876,3.2047171592712402,0.11973781138658524,35946.2002665148,2300556.8170569474,92.52464067330499,24201134080.0,0.0003,129.74023866653442,153.572265625,0,0,exported_float_payload,False
operand_hybrid_fixed_h32,Operand hybrid + fixed H32,5780,2.724595546722412,4.216826915740967,0.12980085611343384,35982.59950547325,2302886.368350288,92.61833142449544,24243077120.0,0.0003,129.74023866653442,153.572265625,0,0,exported_float_payload,False
operand_hybrid_fixed_h32,Operand hybrid + fixed H32,5790,2.694597005844116,3.284731864929199,0.11453964561223984,35966.117714477,2301831.533726528,92.57590769741792,24285020160.0,0.0003,129.74023866653442,153.572265625,0,0,exported_float_payload,False
operand_hybrid_fixed_h32,Operand hybrid + fixed H32,5800,2.661895513534546,3.13576602935791,0.13880740106105804,35939.251656339766,2300112.106005745,92.50675512059406,24326963200.0,0.0003,129.74023866653442,153.572265625,0,0,exported_float_payload,False
operand_hybrid_fixed_h32,Operand hybrid + fixed H32,5810,2.729905366897583,3.4844970703125,0.13459821045398712,35960.615704476564,2301479.4050865,92.56174565818993,24368906240.0,0.0003,129.74023866653442,153.572265625,0,0,exported_float_payload,False
operand_hybrid_fixed_h32,Operand hybrid + fixed H32,5820,2.6542699337005615,3.066255807876587,0.10577044636011124,35970.116921365,2302087.48296736,92.58620155817502,24410849280.0,0.0003,129.74023866653442,153.572265625,0,0,exported_float_payload,False
operand_hybrid_fixed_h32,Operand hybrid + fixed H32,5830,2.708613634109497,3.721649169921875,0.14299209415912628,35960.47187752025,2301470.200161296,92.56137545112065,24452792320.0,0.0003,129.74023866653442,153.572265625,0,0,exported_float_payload,False
operand_hybrid_fixed_h32,Operand hybrid + fixed H32,5840,2.6878879070281982,3.2508063316345215,0.14197492599487305,35974.899554766496,2302393.5715050558,92.59851193962464,24494735360.0,0.0003,129.74023866653442,153.572265625,0,0,exported_float_payload,False
operand_hybrid_fixed_h32,Operand hybrid + fixed H32,5850,2.7210161685943604,3.4572951793670654,0.16290588676929474,35967.70433385028,2301933.0773664177,92.57999161689506,24536678400.0,0.0003,129.74023866653442,153.572265625,0,0,exported_float_payload,False
operand_hybrid_fixed_h32,Operand hybrid + fixed H32,5860,2.6725001335144043,3.1613149642944336,0.20527055859565735,35952.79314283977,2300978.7611417454,92.54161057578281,24578621440.0,0.0003,129.74023866653442,153.572265625,0,0,exported_float_payload,False
operand_hybrid_fixed_h32,Operand hybrid + fixed H32,5870,2.6639299392700195,3.176356792449951,0.10494659841060638,35974.685380407864,2302379.8643461033,92.59796066006167,24620564480.0,0.0003,129.74023866653442,153.572265625,0,0,exported_float_payload,False
operand_hybrid_fixed_h32,Operand hybrid + fixed H32,5880,2.6848134994506836,3.1478185653686523,0.11303623765707016,35960.260432941875,2301456.66770828,92.56083119794533,24662507520.0,0.0003,129.74023866653442,153.572265625,0,0,exported_float_payload,False
operand_hybrid_fixed_h32,Operand hybrid + fixed H32,5890,2.665357828140259,3.118741512298584,0.09803743660449982,35938.143257989366,2300041.1685113194,92.50390213033826,24704450560.0,0.0003,129.74023866653442,153.572265625,0,0,exported_float_payload,False
operand_hybrid_fixed_h32,Operand hybrid + fixed H32,5900,2.695194721221924,3.426574468612671,0.2622511088848114,35983.66413847893,2302954.5048626517,92.62107176382392,24746393600.0,0.0003,129.74023866653442,153.572265625,0,0,exported_float_payload,False
operand_hybrid_fixed_h32,Operand hybrid + fixed H32,5910,2.7234134674072266,3.3352537155151367,0.10139352083206177,35951.781293927954,2300914.002811389,92.53900610142148,24788336640.0,0.0003,129.74023866653442,153.572265625,0,0,exported_float_payload,False
operand_hybrid_fixed_h32,Operand hybrid + fixed H32,5920,2.6638970375061035,3.12752628326416,0.13408678770065308,35972.221224451445,2302222.1583648925,92.59161798287353,24830279680.0,0.0003,129.74023866653442,153.572265625,0,0,exported_float_payload,False
operand_hybrid_fixed_h32,Operand hybrid + fixed H32,5930,2.672700881958008,3.596067428588867,0.18582914769649506,35945.575051551175,2300516.803299275,92.52303138527387,24872222720.0,0.0003,129.74023866653442,153.572265625,0,0,exported_float_payload,False
operand_hybrid_fixed_h32,Operand hybrid + fixed H32,5940,2.6999237537384033,3.21811580657959,0.11879979819059372,35961.55021996199,2301539.214077567,92.56415107820239,24914165760.0,0.0003,129.74023866653442,153.572265625,0,0,exported_float_payload,False
operand_hybrid_fixed_h32,Operand hybrid + fixed H32,5950,2.6511645317077637,3.4273414611816406,0.11762722581624985,35964.94195573896,2301756.2851672936,92.57288132317116,24956108800.0,0.0003,129.74023866653442,153.572265625,0,0,exported_float_payload,False
operand_hybrid_fixed_h32,Operand hybrid + fixed H32,5960,2.6864707469940186,3.251068115234375,0.20125380158424377,35961.18798323654,2301516.0309271384,92.56321868972704,24998051840.0,0.0003,129.74023866653442,153.572265625,0,0,exported_float_payload,False
operand_hybrid_fixed_h32,Operand hybrid + fixed H32,5970,2.708059787750244,3.134575843811035,0.10557790845632553,35971.71920005987,2302190.028803832,92.5903257843631,25039994880.0,0.0003,129.74023866653442,153.572265625,0,0,exported_float_payload,False
operand_hybrid_fixed_h32,Operand hybrid + fixed H32,5980,2.682361364364624,3.1174161434173584,0.11889047920703888,35908.0345816958,2298114.213228531,92.42640313365554,25081937920.0,0.0003,129.74023866653442,153.572265625,0,0,exported_float_payload,False
operand_hybrid_fixed_h32,Operand hybrid + fixed H32,5990,2.6719961166381836,3.1671009063720703,0.13670824468135834,35951.31140529733,2300883.9299390293,92.5377966195741,25123880960.0,0.0003,129.74023866653442,153.572265625,0,0,exported_float_payload,False
operand_hybrid_fixed_h32,Operand hybrid + fixed H32,6000,2.6909379959106445,3.1245040893554688,0.29286989569664,35950.27158413683,2300817.3813847573,92.53512014532852,25165824000.0,0.0003,129.74023866653442,153.572265625,0,0,exported_float_payload,False
operand_hybrid_fixed_h32,Operand hybrid + fixed H32,6010,2.6686878204345703,3.197971820831299,0.1050403043627739,28614.585323926793,1831333.4607313147,73.65324305440556,25207767040.0,0.0003,129.74023866653442,153.572265625,0,0,exported_float_payload,False
operand_hybrid_fixed_h32,Operand hybrid + fixed H32,6020,2.69594144821167,3.373073101043701,0.19755443930625916,35945.1198836927,2300487.672556333,92.52185979433409,25249710080.0,0.0003,129.74023866653442,153.572265625,0,0,exported_float_payload,False
operand_hybrid_fixed_h32,Operand hybrid + fixed H32,6030,2.7099530696868896,3.2585530281066895,0.11476394534111023,35925.639259624004,2299240.9126159362,92.47171714424357,25291653120.0,0.0003,129.74023866653442,153.572265625,0,0,exported_float_payload,False
operand_hybrid_fixed_h32,Operand hybrid + fixed H32,6040,2.7128708362579346,3.1534836292266846,0.2755676805973053,7893.545290587279,505186.89859758585,20.317792596576393,25333596160.0,0.0003,129.74023866653442,153.572265625,0,0,exported_float_payload,False
operand_hybrid_fixed_h32,Operand hybrid + fixed H32,6050,2.669495105743408,3.146608591079712,0.10942547023296356,36179.83881785626,2315509.6843428006,93.1260205924626,25375539200.0,0.0003,129.74023866653442,153.572265625,0,0,exported_float_payload,False
operand_hybrid_fixed_h32,Operand hybrid + fixed H32,6060,2.696749448776245,3.25262451171875,0.10765127837657928,36074.51231621371,2308768.7882376774,92.85491275225698,25417482240.0,0.0003,129.74023866653442,153.572265625,0,0,exported_float_payload,False
operand_hybrid_fixed_h32,Operand hybrid + fixed H32,6070,2.696429491043091,3.185305118560791,0.16189993917942047,36029.62324820899,2305895.8878853754,92.73936938866076,25459425280.0,0.0003,129.74023866653442,153.572265625,0,0,exported_float_payload,False
operand_hybrid_fixed_h32,Operand hybrid + fixed H32,6080,2.7149689197540283,3.140422821044922,0.11141583323478699,36020.93429519407,2305339.7948924205,92.71700423602789,25501368320.0,0.0003,129.74023866653442,153.572265625,0,0,exported_float_payload,False
operand_hybrid_fixed_h32,Operand hybrid + fixed H32,6090,2.7123422622680664,3.712773084640503,0.14823395013809204,35990.24824803825,2303375.887874448,92.6380191008613,25543311360.0,0.0003,129.74023866653442,153.572265625,0,0,exported_float_payload,False
operand_hybrid_fixed_h32,Operand hybrid + fixed H32,6100,2.6712682247161865,3.19881534576416,0.13811451196670532,36006.49895392773,2304415.9330513747,92.67984802052355,25585254400.0,0.0003,129.74023866653442,153.572265625,0,0,exported_float_payload,False
operand_hybrid_fixed_h32,Operand hybrid + fixed H32,6110,2.689424753189087,3.284010887145996,0.18030238151550293,36004.114273878076,2304263.313528197,92.67370991237641,25627197440.0,0.0003,129.74023866653442,153.572265625,0,0,exported_float_payload,False
operand_hybrid_fixed_h32,Operand hybrid + fixed H32,6120,2.6641151905059814,3.210672378540039,0.15534567832946777,35983.783667053875,2302962.154691448,92.62137942745358,25669140480.0,0.0003,129.74023866653442,153.572265625,0,0,exported_float_payload,False
operand_hybrid_fixed_h32,Operand hybrid + fixed H32,6130,2.6930065155029297,3.2066006660461426,0.11128707230091095,35959.14615828257,2301385.3541300846,92.55796308221406,25711083520.0,0.0003,129.74023866653442,153.572265625,0,0,exported_float_payload,False
operand_hybrid_fixed_h32,Operand hybrid + fixed H32,6140,2.720032215118408,3.1231672763824463,0.1522621512413025,35992.60779317165,2303526.8987629856,92.64409251234851,25753026560.0,0.0003,129.74023866653442,153.572265625,0,0,exported_float_payload,False
operand_hybrid_fixed_h32,Operand hybrid + fixed H32,6150,2.700042247772217,3.1538257598876953,0.13766592741012573,35969.378002467325,2302040.192157909,92.58429959899749,25794969600.0,0.0003,129.74023866653442,153.572265625,0,0,exported_float_payload,False
operand_hybrid_fixed_h32,Operand hybrid + fixed H32,6160,2.7007479667663574,3.3830995559692383,0.134180948138237,35983.46824629603,2302941.967762946,92.6205675421343,25836912640.0,0.0003,129.74023866653442,153.572265625,0,0,exported_float_payload,False
operand_hybrid_fixed_h32,Operand hybrid + fixed H32,6170,2.6759328842163086,3.527003526687622,0.09991981834173203,35983.40866051989,2302938.154273273,92.62041416980327,25878855680.0,0.0003,129.74023866653442,153.767578125,0,0,exported_float_payload,False
operand_hybrid_fixed_h32,Operand hybrid + fixed H32,6180,2.6197381019592285,3.1027045249938965,0.11080271750688553,23417.290066086887,1498706.5642295608,60.27553212420011,25920798720.0,0.0003,129.74023866653442,153.767578125,0,0,exported_float_payload,False
operand_hybrid_fixed_h32,Operand hybrid + fixed H32,6190,2.638758659362793,3.2916409969329834,0.17068983614444733,35480.94514912662,2270780.489544104,91.32708537570491,25962741760.0,0.0003,129.74023866653442,153.767578125,0,0,exported_float_payload,False
operand_hybrid_fixed_h32,Operand hybrid + fixed H32,6200,2.6217727661132812,3.229218006134033,0.12659722566604614,35605.14132878657,2278729.0450423406,91.64676330580143,26004684800.0,0.0003,129.74023866653442,153.767578125,0,0,exported_float_payload,False
operand_hybrid_fixed_h32,Operand hybrid + fixed H32,6210,2.6242306232452393,3.388667106628418,0.1693115234375,35650.593110609996,2281637.9590790397,91.76375508100976,26046627840.0,0.0003,129.74023866653442,153.767578125,0,0,exported_float_payload,False
operand_hybrid_fixed_h32,Operand hybrid + fixed H32,6220,2.6319828033447266,3.0699234008789062,0.11298772692680359,35707.34632872716,2285270.165038538,91.90983647694065,26088570880.0,0.0003,129.74023866653442,153.767578125,0,0,exported_float_payload,False
operand_hybrid_fixed_h32,Operand hybrid + fixed H32,6230,2.666289806365967,3.246890068054199,0.12628887593746185,35757.5693638244,2288484.4392847614,92.0391093414282,26130513920.0,0.0003,129.74023866653442,153.767578125,0,0,exported_float_payload,False
operand_hybrid_fixed_h32,Operand hybrid + fixed H32,6240,2.649439573287964,3.2071564197540283,0.125660240650177,35826.94421085977,2292924.4294950254,92.217678501621,26172456960.0,0.0003,129.74023866653442,153.767578125,0,0,exported_float_payload,False
operand_hybrid_fixed_h32,Operand hybrid + fixed H32,6250,2.635503053665161,3.1898481845855713,0.12200099229812622,35875.28376425287,2296018.1609121836,92.34210333024942,26214400000.0,0.0003,129.74023866653442,153.767578125,0,0,exported_float_payload,False
operand_hybrid_fixed_h32,Operand hybrid + fixed H32,6260,2.6616127490997314,3.2946932315826416,0.10940411686897278,35892.10715178099,2297094.8577139834,92.38540631844863,26256343040.0,0.0003,129.74023866653442,153.767578125,0,0,exported_float_payload,False
operand_hybrid_fixed_h32,Operand hybrid + fixed H32,6270,2.697619676589966,3.190342426300049,0.16208572685718536,35954.929168169896,2301115.4667628733,92.547108652761,26298286080.0,0.0003,129.74023866653442,153.767578125,0,0,exported_float_payload,False
operand_hybrid_fixed_h32,Operand hybrid + fixed H32,6280,2.697988986968994,3.1343414783477783,0.11465095728635788,35939.35640589253,2300118.809977122,92.50702474338198,26340229120.0,0.0003,129.74023866653442,153.767578125,0,0,exported_float_payload,False
operand_hybrid_fixed_h32,Operand hybrid + fixed H32,6290,2.669431447982788,3.1019818782806396,0.14424262940883636,35971.68669685472,2302187.948598702,92.59024212190768,26382172160.0,0.0003,129.74023866653442,153.767578125,0,0,exported_float_payload,False
operand_hybrid_fixed_h32,Operand hybrid + fixed H32,6300,2.7021281719207764,3.4114861488342285,0.10954688489437103,35963.33691630983,2301653.5626438293,92.56874999092058,26424115200.0,0.0003,129.74023866653442,153.767578125,0,0,exported_float_payload,False
operand_hybrid_fixed_h32,Operand hybrid + fixed H32,6310,2.6949033737182617,3.1859540939331055,0.24483652412891388,35954.45574631519,2301085.167764172,92.54589007648121,26466058240.0,0.0003,129.74023866653442,153.767578125,0,0,exported_float_payload,False
operand_hybrid_fixed_h32,Operand hybrid + fixed H32,6320,2.648266553878784,3.1629834175109863,0.11347363889217377,35955.14950244155,2301129.568156259,92.54767578778952,26508001280.0,0.0003,129.74023866653442,153.767578125,0,0,exported_float_payload,False
operand_hybrid_fixed_h32,Operand hybrid + fixed H32,6330,2.6834185123443604,3.2831368446350098,0.12262187898159027,35945.397573568,2300505.444708352,92.52257456128416,26549944320.0,0.0003,129.74023866653442,153.767578125,0,0,exported_float_payload,False
operand_hybrid_fixed_h32,Operand hybrid + fixed H32,6340,2.6812801361083984,3.138000011444092,0.10603751987218857,35949.383955058074,2300760.5731237167,92.53283540978055,26591887360.0,0.0003,129.74023866653442,153.767578125,0,0,exported_float_payload,False
operand_hybrid_fixed_h32,Operand hybrid + fixed H32,6350,2.67501163482666,3.2978103160858154,0.1420867145061493,35990.886059097895,2303416.7077822653,92.63966081093561,26633830400.0,0.0003,129.74023866653442,153.767578125,0,0,exported_float_payload,False
operand_hybrid_fixed_h32,Operand hybrid + fixed H32,6360,2.6847176551818848,3.224121570587158,0.14503347873687744,35966.784166520796,2301874.186657331,92.57762312868523,26675773440.0,0.0003,129.74023866653442,153.767578125,0,0,exported_float_payload,False
operand_hybrid_fixed_h32,Operand hybrid + fixed H32,6370,2.6877872943878174,3.203036308288574,0.16130603849887848,35977.21972953636,2302542.062690327,92.60448401275865,26717716480.0,0.0003,129.74023866653442,153.767578125,0,0,exported_float_payload,False
operand_hybrid_fixed_h32,Operand hybrid + fixed H32,6380,2.6617469787597656,3.2877416610717773,0.14379961788654327,35931.30169596638,2299603.3085418483,92.4862921169536,26759659520.0,0.0003,129.74023866653442,153.767578125,0,0,exported_float_payload,False
operand_hybrid_fixed_h32,Operand hybrid + fixed H32,6390,2.6528537273406982,3.090379476547241,0.11396085470914841,35953.87332106375,2301047.89254808,92.54439092812314,26801602560.0,0.0003,129.74023866653442,153.767578125,0,0,exported_float_payload,False
operand_hybrid_fixed_h32,Operand hybrid + fixed H32,6400,2.6668272018432617,3.2271666526794434,0.10273538529872894,35959.001143171205,2301376.073162957,92.55758981686273,26843545600.0,0.0003,129.74023866653442,153.767578125,0,0,exported_float_payload,False
operand_hybrid_fixed_h32,Operand hybrid + fixed H32,6410,2.693849563598633,3.1794729232788086,0.1285916417837143,35951.3265006205,2300884.896039712,92.53783547456688,26885488640.0,0.0003,129.74023866653442,153.767578125,0,0,exported_float_payload,False
operand_hybrid_fixed_h32,Operand hybrid + fixed H32,6420,2.6487488746643066,3.1395633220672607,0.09847210347652435,35958.518057317684,2301345.155668332,92.55634636568625,26927431680.0,0.0003,129.74023866653442,153.767578125,0,0,exported_float_payload,False
operand_hybrid_fixed_h32,Operand hybrid + fixed H32,6430,2.6926748752593994,3.332852840423584,0.1017584428191185,35982.946328671016,2302908.565034945,92.61922413892735,26969374720.0,0.0003,129.74023866653442,153.767578125,0,0,exported_float_payload,False
operand_hybrid_fixed_h32,Operand hybrid + fixed H32,6440,2.682196617126465,3.408257007598877,0.1617376208305359,35956.38786145211,2301208.823132935,92.55086329360729,27011317760.0,0.0003,129.74023866653442,153.767578125,0,0,exported_float_payload,False
operand_hybrid_fixed_h32,Operand hybrid + fixed H32,6450,2.6577835083007812,3.180034637451172,0.15455873310565948,35959.26306904609,2301392.8364189495,92.55826400766111,27053260800.0,0.0003,129.74023866653442,153.767578125,0,0,exported_float_payload,False
operand_hybrid_fixed_h32,Operand hybrid + fixed H32,6460,2.65517520904541,3.052757501602173,0.1029670313000679,35968.7902491291,2302002.5759442626,92.5827867362743,27095203840.0,0.0003,129.74023866653442,153.767578125,0,0,exported_float_payload,False
operand_hybrid_fixed_h32,Operand hybrid + fixed H32,6470,2.676987409591675,3.1138014793395996,0.11943073570728302,35958.39308948788,2301337.1577272243,92.55602470154754,27137146880.0,0.0003,129.74023866653442,153.767578125,0,0,exported_float_payload,False
operand_hybrid_fixed_h32,Operand hybrid + fixed H32,6480,2.660956621170044,3.1369428634643555,0.23186750710010529,35963.39962085553,2301657.575734754,92.5689113908882,27179089920.0,0.0003,129.74023866653442,153.767578125,0,0,exported_float_payload,False
operand_hybrid_fixed_h32,Operand hybrid + fixed H32,6490,2.689131498336792,3.0808258056640625,0.1494705229997635,35967.265470670776,2301904.9901229297,92.57886199380034,27221032960.0,0.0003,129.74023866653442,153.767578125,0,0,exported_float_payload,False
operand_hybrid_fixed_h32,Operand hybrid + fixed H32,6500,2.7001307010650635,3.1420059204101562,0.10529986023902893,35971.457806151586,2302173.2995937015,92.58965296283374,27262976000.0,0.0003,129.74023866653442,153.767578125,0,0,exported_float_payload,False
operand_hybrid_fixed_h32,Operand hybrid + fixed H32,6510,2.681058406829834,3.5997366905212402,0.17941564321517944,35944.26414097575,2300432.905022448,92.51965713350185,27304919040.0,0.0003,129.74023866653442,153.767578125,0,0,exported_float_payload,False
operand_hybrid_fixed_h32,Operand hybrid + fixed H32,6520,2.6697065830230713,3.273944854736328,0.10100263357162476,35991.93865518037,2303484.0739315436,92.64237016751802,27346862080.0,0.0003,129.74023866653442,153.767578125,0,0,exported_float_payload,False
operand_hybrid_fixed_h32,Operand hybrid + fixed H32,6530,2.668790817260742,3.312556505203247,0.13198979198932648,35946.42950337297,2300571.48821587,92.52523072337353,27388805120.0,0.0003,129.74023866653442,153.767578125,0,0,exported_float_payload,False
operand_hybrid_fixed_h32,Operand hybrid + fixed H32,6540,2.6965537071228027,3.105062961578369,0.1830226480960846,35951.664432727186,2300906.52369454,92.53870530354772,27430748160.0,0.0003,129.74023866653442,153.767578125,0,0,exported_float_payload,False
operand_hybrid_fixed_h32,Operand hybrid + fixed H32,6550,2.6799542903900146,4.914735794067383,0.12736226618289948,35970.145082463794,2302089.285277683,92.58627404415482,27472691200.0,0.0003,129.74023866653442,153.767578125,0,0,exported_float_payload,False
operand_hybrid_fixed_h32,Operand hybrid + fixed H32,6560,2.652737855911255,3.085460662841797,0.1454283446073532,35971.25726324124,2302160.4648474394,92.58913677028538,27514634240.0,0.0003,129.74023866653442,153.767578125,0,0,exported_float_payload,False
operand_hybrid_fixed_h32,Operand hybrid + fixed H32,6570,2.7037415504455566,3.5840206146240234,0.11088110506534576,35996.82856841103,2303797.028378306,92.65495668462515,27556577280.0,0.0003,129.74023866653442,153.767578125,0,0,exported_float_payload,False
operand_hybrid_fixed_h32,Operand hybrid + fixed H32,6580,2.70481538772583,3.1769704818725586,0.11498209089040756,35945.21217629131,2300493.5792826437,92.52209735322654,27598520320.0,0.0003,129.74023866653442,153.767578125,0,0,exported_float_payload,False
operand_hybrid_fixed_h32,Operand hybrid + fixed H32,6590,2.663884162902832,3.0920252799987793,0.09318932890892029,35672.678080502585,2283051.3971521654,91.82060125357995,27640463360.0,0.0003,129.74023866653442,153.767578125,0,0,exported_float_payload,False
operand_hybrid_fixed_h32,Operand hybrid + fixed H32,6600,2.6795191764831543,3.1961443424224854,0.12649647891521454,34425.62127143437,2203239.7613717997,88.61070751508322,27682406400.0,0.0003,129.74023866653442,153.767578125,0,0,exported_float_payload,False
operand_hybrid_fixed_h32,Operand hybrid + fixed H32,6610,2.668907403945923,3.1386330127716064,0.14607402682304382,35936.75480805021,2299952.3077152134,92.50032829413969,27724349440.0,0.0003,129.74023866653442,153.767578125,0,0,exported_float_payload,False
operand_hybrid_fixed_h32,Operand hybrid + fixed H32,6620,2.6870806217193604,3.235757350921631,0.10503607243299484,35926.27446818329,2299281.5659637307,92.4733521555456,27766292480.0,0.0003,129.74023866653442,153.767578125,0,0,exported_float_payload,False
operand_hybrid_fixed_h32,Operand hybrid + fixed H32,6630,2.6679415702819824,3.608273983001709,0.1546880304813385,35969.012509139706,2302016.800584941,92.58335882810778,27808235520.0,0.0003,129.74023866653442,153.767578125,0,0,exported_float_payload,False
operand_hybrid_fixed_h32,Operand hybrid + fixed H32,6640,2.6686489582061768,3.3950891494750977,0.17428958415985107,35945.28802494922,2300498.4335967503,92.52229258581767,27850178560.0,0.0003,129.74023866653442,153.767578125,0,0,exported_float_payload,False
operand_hybrid_fixed_h32,Operand hybrid + fixed H32,6650,2.640920400619507,3.148934841156006,0.10885018110275269,35977.52892097887,2302561.8509426476,92.60527986397256,27892121600.0,0.0003,129.74023866653442,153.767578125,0,0,exported_float_payload,False
operand_hybrid_fixed_h32,Operand hybrid + fixed H32,6660,2.6425914764404297,3.112612724304199,0.14590059220790863,35967.05906050439,2301891.779872281,92.57833069907839,27934064640.0,0.0003,129.74023866653442,153.767578125,0,0,exported_float_payload,False
operand_hybrid_fixed_h32,Operand hybrid + fixed H32,6670,2.6542208194732666,3.1213502883911133,0.1091981828212738,35972.31560918001,2302228.1989875208,92.59186092685735,27976007680.0,0.0003,129.74023866653442,153.767578125,0,0,exported_float_payload,False
operand_hybrid_fixed_h32,Operand hybrid + fixed H32,6680,2.707261085510254,3.4032390117645264,0.12776072323322296,35984.10466148555,2302982.6983350753,92.62220565927305,28017950720.0,0.0003,129.74023866653442,153.767578125,0,0,exported_float_payload,False
operand_hybrid_fixed_h32,Operand hybrid + fixed H32,6690,2.693779468536377,4.2825422286987305,0.10299132019281387,35946.044067694165,2300546.8203324266,92.52423862135942,28059893760.0,0.0003,129.74023866653442,153.767578125,0,0,exported_float_payload,False
operand_hybrid_fixed_h32,Operand hybrid + fixed H32,6700,2.7090213298797607,3.8574142456054688,0.1496533453464508,35942.84915490783,2300342.345914101,92.51601499395662,28101836800.0,0.0003,129.74023866653442,153.767578125,0,0,exported_float_payload,False
operand_hybrid_fixed_h32,Operand hybrid + fixed H32,6710,2.6550369262695312,3.264732837677002,0.11585915088653564,35975.82430054413,2302452.7552348245,92.60089221264809,28143779840.0,0.0003,129.74023866653442,153.767578125,0,0,exported_float_payload,False
operand_hybrid_fixed_h32,Operand hybrid + fixed H32,6720,2.680344820022583,3.0796444416046143,0.11494956910610199,35964.63805654393,2301736.8356188117,92.57209909407287,28185722880.0,0.0003,129.74023866653442,153.767578125,0,0,exported_float_payload,False
operand_hybrid_fixed_h32,Operand hybrid + fixed H32,6730,2.6521055698394775,3.056398868560791,0.1611451655626297,35958.56352318182,2301348.0654836367,92.556463393709,28227665920.0,0.0003,129.74023866653442,153.767578125,0,0,exported_float_payload,False
operand_hybrid_fixed_h32,Operand hybrid + fixed H32,6740,2.649503231048584,3.2598330974578857,0.18892596662044525,35944.80859039459,2300467.749785254,92.52105853299526,28269608960.0,0.0003,129.74023866653442,153.767578125,0,0,exported_float_payload,False
operand_hybrid_fixed_h32,Operand hybrid + fixed H32,6750,2.704674005508423,3.465742588043213,0.09280643612146378,35954.721293948096,2301102.162812678,92.5465735895962,28311552000.0,0.0003,129.74023866653442,153.767578125,0,0,exported_float_payload,False
operand_hybrid_fixed_h32,Operand hybrid + fixed H32,6760,2.6491196155548096,3.1519615650177,0.12199348956346512,35963.746584998196,2301679.7814398846,92.56980446810884,28353495040.0,0.0003,129.74023866653442,153.767578125,0,0,exported_float_payload,False
operand_hybrid_fixed_h32,Operand hybrid + fixed H32,6770,2.681636095046997,3.317172050476074,0.25348010659217834,35974.65254447626,2302377.7628464806,92.59787614117649,28395438080.0,0.0003,129.74023866653442,153.767578125,0,0,exported_float_payload,False
operand_hybrid_fixed_h32,Operand hybrid + fixed H32,6780,2.6779842376708984,3.4762091636657715,0.104275181889534,35943.06266304154,2300356.0104346587,92.51656455867294,28437381120.0,0.0003,129.74023866653442,153.767578125,0,0,exported_float_payload,False
operand_hybrid_fixed_h32,Operand hybrid + fixed H32,6790,2.6675219535827637,3.150787353515625,0.19819574058055878,35977.10953713735,2302535.0103767905,92.60420038021759,28479324160.0,0.0003,129.74023866653442,153.767578125,0,0,exported_float_payload,False
operand_hybrid_fixed_h32,Operand hybrid + fixed H32,6800,2.6540770530700684,3.1165080070495605,0.10813883692026138,35961.90322153145,2301561.806178013,92.56505969561199,28521267200.0,0.0003,129.74023866653442,153.767578125,0,0,exported_float_payload,False
operand_hybrid_fixed_h32,Operand hybrid + fixed H32,6810,2.6516830921173096,3.39143705368042,0.12818163633346558,35960.97117691228,2301502.155322386,92.56266063554887,28563210240.0,0.0003,129.74023866653442,153.767578125,0,0,exported_float_payload,False
operand_hybrid_fixed_h32,Operand hybrid + fixed H32,6820,2.6194887161254883,3.078991651535034,0.11973170936107635,35941.75414414012,2300272.2652249676,92.51319646301135,28605153280.0,0.0003,129.74023866653442,153.767578125,0,0,exported_float_payload,False
operand_hybrid_fixed_h32,Operand hybrid + fixed H32,6830,2.6714494228363037,3.2461812496185303,0.11416129767894745,35966.20243464028,2301836.955816978,92.57612576504697,28647096320.0,0.0003,129.74023866653442,153.767578125,0,0,exported_float_payload,False
operand_hybrid_fixed_h32,Operand hybrid + fixed H32,6840,2.6368019580841064,3.0909833908081055,0.2768508791923523,35944.83985617846,2300469.7507954217,92.52113901035855,28689039360.0,0.0003,129.74023866653442,153.767578125,0,0,exported_float_payload,False
operand_hybrid_fixed_h32,Operand hybrid + fixed H32,6850,2.6718175411224365,3.1449592113494873,0.13366103172302246,35958.14889018694,2301321.528971964,92.55539613851711,28730982400.0,0.0003,129.74023866653442,153.767578125,0,0,exported_float_payload,False
operand_hybrid_fixed_h32,Operand hybrid + fixed H32,6860,2.6621949672698975,3.396700859069824,0.09861103445291519,35942.274559070924,2300305.571780539,92.51453599832014,28772925440.0,0.0003,129.74023866653442,153.767578125,0,0,exported_float_payload,False
operand_hybrid_fixed_h32,Operand hybrid + fixed H32,6870,2.6227810382843018,3.189635753631592,0.13808754086494446,35967.15439339965,2301897.8811775777,92.57857608362009,28814868480.0,0.0003,129.74023866653442,153.767578125,0,0,exported_float_payload,False
operand_hybrid_fixed_h32,Operand hybrid + fixed H32,6880,2.6738994121551514,3.184333562850952,0.15065084397792816,35967.763954033595,2301936.89305815,92.58014507778933,28856811520.0,0.0003,129.74023866653442,153.767578125,0,0,exported_float_payload,False
operand_hybrid_fixed_h32,Operand hybrid + fixed H32,6890,2.645092248916626,3.0675389766693115,0.1751316487789154,35950.174842026056,2300811.1898896676,92.53487113350053,28898754560.0,0.0003,129.74023866653442,153.767578125,0,0,exported_float_payload,False
operand_hybrid_fixed_h32,Operand hybrid + fixed H32,6900,2.6846306324005127,3.3241498470306396,0.10953208059072495,35959.259820238534,2301392.628495266,92.5582556453099,28940697600.0,0.0003,129.74023866653442,153.767578125,0,0,exported_float_payload,False
operand_hybrid_fixed_h32,Operand hybrid + fixed H32,6910,2.731659412384033,5.448495864868164,0.23270806670188904,35952.706625984916,2300973.2240630346,92.54138788351358,28982640640.0,0.0003,129.74023866653442,153.767578125,0,0,exported_float_payload,False
operand_hybrid_fixed_h32,Operand hybrid + fixed H32,6920,2.6590003967285156,3.60829496383667,0.09123505651950836,29542.39416233526,1890713.2263894565,76.04140032139847,29024583680.0,0.0003,129.74023866653442,153.767578125,0,0,exported_float_payload,False
operand_hybrid_fixed_h32,Operand hybrid + fixed H32,6930,2.5876357555389404,3.0760385990142822,0.13059955835342407,35772.48290820733,2289438.906125269,92.07749644006351,29066526720.0,0.0003,129.74023866653442,153.767578125,0,0,exported_float_payload,False
operand_hybrid_fixed_h32,Operand hybrid + fixed H32,6940,2.6570801734924316,3.2114973068237305,0.16352330148220062,35805.5460064064,2291554.94441001,92.16260004650132,29108469760.0,0.0003,129.74023866653442,153.767578125,0,0,exported_float_payload,False
operand_hybrid_fixed_h32,Operand hybrid + fixed H32,6950,2.6316139698028564,3.09293794631958,0.10170843452215195,35889.07245278954,2296900.636978531,92.37759507743695,29150412800.0,0.0003,129.74023866653442,153.767578125,0,0,exported_float_payload,False
operand_hybrid_fixed_h32,Operand hybrid + fixed H32,6960,2.6373839378356934,3.193464517593384,0.1240626722574234,35930.21806233239,2299533.955989273,92.48350287047238,29192355840.0,0.0003,129.74023866653442,153.767578125,0,0,exported_float_payload,False
operand_hybrid_fixed_h32,Operand hybrid + fixed H32,6970,2.677563190460205,3.1607677936553955,0.1474471092224121,35976.79642864227,2302514.9714331054,92.60339444660612,29234298880.0,0.0003,129.74023866653442,153.767578125,0,0,exported_float_payload,False
operand_hybrid_fixed_h32,Operand hybrid + fixed H32,6980,2.6556787490844727,3.1996326446533203,0.11369174718856812,35964.218393269686,2301709.97716926,92.5710188910649,29276241920.0,0.0003,129.74023866653442,153.767578125,0,0,exported_float_payload,False
operand_hybrid_fixed_h32,Operand hybrid + fixed H32,6990,2.6467015743255615,3.2186036109924316,0.17530809342861176,35948.19860209749,2300684.710534239,92.5297843402395,29318184960.0,0.0003,129.74023866653442,153.767578125,0,0,exported_float_payload,False
operand_hybrid_fixed_h32,Operand hybrid + fixed H32,7000,2.6422173976898193,3.0688204765319824,0.11632361263036728,35944.07129935791,2300420.563158906,92.51916076389213,29360128000.0,0.0003,129.74023866653442,153.767578125,0,0,exported_float_payload,False
operand_hybrid_fixed_h32,Operand hybrid + fixed H32,7010,2.6570217609405518,3.0993738174438477,0.16561143100261688,27640.476269083716,1768990.4812213578,71.14591016225766,29402071040.0,0.0003,129.74023866653442,153.767578125,0,0,exported_float_payload,False
operand_hybrid_fixed_h32,Operand hybrid + fixed H32,7020,2.6443893909454346,3.048252582550049,0.2159053534269333,35987.86548070961,2303223.390765415,92.63188591601127,29444014080.0,0.0003,129.74023866653442,153.767578125,0,0,exported_float_payload,False
operand_hybrid_fixed_h32,Operand hybrid + fixed H32,7030,2.674139976501465,3.125262498855591,0.11797185242176056,35952.38728348787,2300952.7861432238,92.54056590373348,29485957120.0,0.0003,129.74023866653442,153.767578125,0,0,exported_float_payload,False
operand_hybrid_fixed_h32,Operand hybrid + fixed H32,7040,2.619577407836914,3.1155571937561035,0.16753339767456055,35959.65995444557,2301418.2370845163,92.55928558097632,29527900160.0,0.0003,129.74023866653442,153.767578125,0,0,exported_float_payload,False
operand_hybrid_fixed_h32,Operand hybrid + fixed H32,7050,2.6472244262695312,3.028740406036377,0.32704633474349976,35953.40604317875,2301017.98676344,92.54318816627116,29569843200.0,0.0003,129.74023866653442,153.767578125,0,0,exported_float_payload,False
operand_hybrid_fixed_h32,Operand hybrid + fixed H32,7060,2.6403255462646484,3.112159252166748,0.10412607342004776,35990.24850297924,2303375.904190671,92.63801975707315,29611786240.0,0.0003,129.74023866653442,153.767578125,0,0,exported_float_payload,False
operand_hybrid_fixed_h32,Operand hybrid + fixed H32,7070,2.6531808376312256,3.24932861328125,0.09673459827899933,35984.702208244256,2303020.9413276324,92.62374373002113,29653729280.0,0.0003,129.74023866653442,153.767578125,0,0,exported_float_payload,False
operand_hybrid_fixed_h32,Operand hybrid + fixed H32,7080,2.6588149070739746,3.2834227085113525,0.11531483381986618,35950.558882265206,2300835.768464973,92.53585964368709,29695672320.0,0.0003,129.74023866653442,153.767578125,0,0,exported_float_payload,False
operand_hybrid_fixed_h32,Operand hybrid + fixed H32,7090,2.6658804416656494,3.0552778244018555,0.1569359451532364,35958.30747176102,2301331.6781927054,92.55580432361181,29737615360.0,0.0003,129.74023866653442,153.767578125,0,0,exported_float_payload,False
operand_hybrid_fixed_h32,Operand hybrid + fixed H32,7100,2.6473472118377686,3.1590988636016846,0.10710608959197998,35972.93685756713,2302267.9588842965,92.5934600050175,29779558400.0,0.0003,129.74023866653442,153.767578125,0,0,exported_float_payload,False
operand_hybrid_fixed_h32,Operand hybrid + fixed H32,7110,2.6707603931427,3.212662696838379,0.22724422812461853,35946.47963764801,2300574.6968094725,92.52535976777179,29821501440.0,0.0003,129.74023866653442,153.767578125,0,0,exported_float_payload,False
operand_hybrid_fixed_h32,Operand hybrid + fixed H32,7120,2.623246431350708,3.1748032569885254,0.09134488552808762,35975.54518580095,2302434.8918912606,92.60017377812294,29863444480.0,0.0003,129.74023866653442,153.767578125,0,0,exported_float_payload,False
operand_hybrid_fixed_h32,Operand hybrid + fixed H32,7130,2.6407976150512695,3.2582836151123047,0.19459104537963867,35969.31126159566,2302035.9207421225,92.58412780962551,29905387520.0,0.0003,129.74023866653442,153.767578125,0,0,exported_float_payload,False
operand_hybrid_fixed_h32,Operand hybrid + fixed H32,7140,2.667677402496338,3.182600259780884,0.11258441209793091,35954.91986133205,2301114.871125251,92.54708469718793,29947330560.0,0.0003,129.74023866653442,153.767578125,0,0,exported_float_payload,False
operand_hybrid_fixed_h32,Operand hybrid + fixed H32,7150,2.6577110290527344,3.585829734802246,0.09960060566663742,35952.754423788625,2300976.283122472,92.54151091389177,29989273600.0,0.0003,129.74023866653442,153.767578125,0,0,exported_float_payload,False
operand_hybrid_fixed_h32,Operand hybrid + fixed H32,7160,2.6226279735565186,3.129631757736206,0.08930850028991699,35945.575674010215,2300516.843136654,92.52303298746821,30031216640.0,0.0003,129.74023866653442,153.767578125,0,0,exported_float_payload,False
operand_hybrid_fixed_h32,Operand hybrid + fixed H32,7170,2.656839609146118,3.481396198272705,0.19464509189128876,35959.51386755226,2301408.8875233447,92.55890955688449,30073159680.0,0.0003,129.74023866653442,153.767578125,0,0,exported_float_payload,False
operand_hybrid_fixed_h32,Operand hybrid + fixed H32,7180,2.659512519836426,3.3126590251922607,0.1683167666196823,35968.32386209545,2301972.727174109,92.58158626745191,30115102720.0,0.0003,129.74023866653442,153.767578125,0,0,exported_float_payload,False
operand_hybrid_fixed_h32,Operand hybrid + fixed H32,7190,2.637967109680176,3.1667048931121826,0.17276115715503693,35949.61258421341,2300775.2053896585,92.53342389563686,30157045760.0,0.0003,129.74023866653442,153.767578125,0,0,exported_float_payload,False
operand_hybrid_fixed_h32,Operand hybrid + fixed H32,7200,2.672501802444458,3.503861904144287,0.1228342279791832,35974.68335827626,2302379.734929681,92.59795545514436,30198988800.0,0.0003,129.74023866653442,153.767578125,0,0,exported_float_payload,False
operand_hybrid_fixed_h32,Operand hybrid + fixed H32,7210,2.6814606189727783,3.5132503509521484,0.14442309737205505,35965.610292491394,2301799.058719449,92.57460160563241,30240931840.0,0.0003,129.74023866653442,153.767578125,0,0,exported_float_payload,False
operand_hybrid_fixed_h32,Operand hybrid + fixed H32,7220,2.706441640853882,5.733855247497559,0.15279316902160645,35969.254602834895,2302032.2945814333,92.58398197136049,30282874880.0,0.0003,129.74023866653442,153.767578125,0,0,exported_float_payload,False
operand_hybrid_fixed_h32,Operand hybrid + fixed H32,7230,2.67266845703125,3.3515548706054688,0.5037437677383423,35961.388800740366,2301528.8832473834,92.5637355890723,30324817920.0,0.0003,129.74023866653442,153.767578125,0,0,exported_float_payload,False
operand_hybrid_fixed_h32,Operand hybrid + fixed H32,7240,2.6429836750030518,3.256995439529419,0.39419132471084595,35962.59925554233,2301606.352354709,92.56685127013935,30366760960.0,0.0003,129.74023866653442,153.767578125,0,0,exported_float_payload,False
operand_hybrid_fixed_h32,Operand hybrid + fixed H32,7250,2.6772665977478027,3.221747875213623,0.12571465969085693,35931.22780431621,2299598.5794762373,92.48610192165256,30408704000.0,0.0003,129.74023866653442,153.767578125,0,0,exported_float_payload,False
operand_hybrid_fixed_h32,Operand hybrid + fixed H32,7260,2.6784281730651855,3.290011405944824,0.09232576936483383,35967.79879323345,2301939.122766941,92.58023475303801,30450647040.0,0.0003,129.74023866653442,153.767578125,0,0,exported_float_payload,False
operand_hybrid_fixed_h32,Operand hybrid + fixed H32,7270,2.6495587825775146,3.14003324508667,0.13778811693191528,35984.57674828609,2303012.91189031,92.62342079915605,30492590080.0,0.0003,129.74023866653442,153.767578125,0,0,exported_float_payload,False
operand_hybrid_fixed_h32,Operand hybrid + fixed H32,7280,2.629055976867676,3.0827231407165527,0.1319502592086792,35955.533803296035,2301154.1634109463,92.54866496879357,30534533120.0,0.0003,129.74023866653442,153.767578125,0,0,exported_float_payload,False
operand_hybrid_fixed_h32,Operand hybrid + fixed H32,7290,2.661726236343384,3.2202320098876953,0.11154812574386597,35965.40933684681,2301786.197558196,92.57408435071622,30576476160.0,0.0003,129.74023866653442,153.767578125,0,0,exported_float_payload,False
operand_hybrid_fixed_h32,Operand hybrid + fixed H32,7300,2.685936689376831,3.193620204925537,0.1432182788848877,35963.04091892158,2301634.618810981,92.56798810087976,30618419200.0,0.0003,129.74023866653442,153.767578125,0,0,exported_float_payload,False
operand_hybrid_fixed_h32,Operand hybrid + fixed H32,7310,2.623119354248047,3.1804401874542236,0.09749544411897659,35924.84029901647,2299189.779137054,92.46966063917276,30660362240.0,0.0003,129.74023866653442,153.767578125,0,0,exported_float_payload,False
operand_hybrid_fixed_h32,Operand hybrid + fixed H32,7320,2.647813558578491,3.070883274078369,0.1063697338104248,35987.62761886908,2303208.1676076213,92.63127366544899,30702305280.0,0.0003,129.74023866653442,153.767578125,0,0,exported_float_payload,False
operand_hybrid_fixed_h32,Operand hybrid + fixed H32,7330,2.638566493988037,3.1341657638549805,0.10857170075178146,35965.05385019024,2301763.4464121754,92.57316933675315,30744248320.0,0.0003,129.74023866653442,153.767578125,0,0,exported_float_payload,False
operand_hybrid_fixed_h32,Operand hybrid + fixed H32,7340,2.641497850418091,3.339038372039795,0.15624704957008362,35958.168345087695,2301322.7740856125,92.55544621495604,30786191360.0,0.0003,129.74023866653442,153.767578125,0,0,exported_float_payload,False
operand_hybrid_fixed_h32,Operand hybrid + fixed H32,7350,2.6668097972869873,3.4107940196990967,0.16008725762367249,35961.676616578756,2301547.3034610404,92.5644764200038,30828134400.0,0.0003,129.74023866653442,153.767578125,0,0,exported_float_payload,False
operand_hybrid_fixed_h32,Operand hybrid + fixed H32,7360,2.660284996032715,3.097181797027588,0.20661282539367676,35976.22376519642,2302478.3209725707,92.60192042489696,30870077440.0,0.0003,129.74023866653442,153.767578125,0,0,exported_float_payload,False
operand_hybrid_fixed_h32,Operand hybrid + fixed H32,7370,2.6333789825439453,3.18021821975708,0.09778603166341782,35953.31746047532,2301012.3174704206,92.54296015655821,30912020480.0,0.0003,129.74023866653442,153.767578125,0,0,exported_float_payload,False
operand_hybrid_fixed_h32,Operand hybrid + fixed H32,7380,2.6530187129974365,3.128817558288574,0.13238836824893951,35959.03981412071,2301378.5481037255,92.55768935494135,30953963520.0,0.0003,129.74023866653442,153.767578125,0,0,exported_float_payload,False
operand_hybrid_fixed_h32,Operand hybrid + fixed H32,7390,2.64054012298584,3.15639066696167,0.08500436693429947,35948.436854805856,2300699.9587075748,92.53039759688605,30995906560.0,0.0003,129.74023866653442,153.767578125,0,0,exported_float_payload,False
operand_hybrid_fixed_h32,Operand hybrid + fixed H32,7400,2.692155599594116,3.2208526134490967,0.13183553516864777,35965.80059967845,2301811.2383794207,92.57509145167926,31037849600.0,0.0003,129.74023866653442,153.767578125,0,0,exported_float_payload,False
operand_hybrid_fixed_h32,Operand hybrid + fixed H32,7410,2.6688644886016846,3.250147819519043,0.1792740374803543,35980.430229488265,2302747.534687249,92.61274776114455,31079792640.0,0.0003,129.74023866653442,153.767578125,0,0,exported_float_payload,False
operand_hybrid_fixed_h32,Operand hybrid + fixed H32,7420,2.594163417816162,3.06105375289917,0.096751868724823,35971.94147144491,2302204.254172474,92.59089790547411,31121735680.0,0.0003,129.74023866653442,153.767578125,0,0,exported_float_payload,False
operand_hybrid_fixed_h32,Operand hybrid + fixed H32,7430,2.653779983520508,3.126767158508301,0.14279921352863312,35961.81532840518,2301556.1810179316,92.56483346085379,31163678720.0,0.0003,129.74023866653442,153.767578125,0,0,exported_float_payload,False
operand_hybrid_fixed_h32,Operand hybrid + fixed H32,7440,2.6884922981262207,3.2361550331115723,0.12071669846773148,35969.97241531818,2302078.2345803636,92.5858296031434,31205621760.0,0.0003,129.74023866653442,153.767578125,0,0,exported_float_payload,False
operand_hybrid_fixed_h32,Operand hybrid + fixed H32,7450,2.655670404434204,3.300692558288574,0.18085505068302155,35961.74193789579,2301551.4840253307,92.56464455547687,31247564800.0,0.0003,129.74023866653442,153.767578125,0,0,exported_float_payload,False
operand_hybrid_fixed_h32,Operand hybrid + fixed H32,7460,2.6569910049438477,3.291863203048706,0.13429909944534302,35963.10557250391,2301638.7566402503,92.56815451762003,31289507840.0,0.0003,129.74023866653442,153.767578125,0,0,exported_float_payload,False
operand_hybrid_fixed_h32,Operand hybrid + fixed H32,7470,2.634378433227539,3.077845811843872,0.21741983294487,35953.9180247625,2301050.7535848,92.5445059943508,31331450880.0,0.0003,129.74023866653442,153.767578125,0,0,exported_float_payload,False
operand_hybrid_fixed_h32,Operand hybrid + fixed H32,7480,2.6207058429718018,3.131989002227783,0.3204158842563629,35981.60738750758,2302822.872800485,92.6157777371071,31373393920.0,0.0003,129.74023866653442,153.767578125,0,0,exported_float_payload,False
operand_hybrid_fixed_h32,Operand hybrid + fixed H32,7490,2.6310126781463623,3.318901300430298,0.12489839643239975,35972.35601067336,2302230.784683095,92.59196491931347,31415336960.0,0.0003,129.74023866653442,153.767578125,0,0,exported_float_payload,False
operand_hybrid_fixed_h32,Operand hybrid + fixed H32,7500,2.6518518924713135,3.2062745094299316,0.13258448243141174,35973.14932660043,2302281.5569024277,92.59400689511477,31457280000.0,0.0003,129.74023866653442,153.767578125,0,0,exported_float_payload,False
operand_hybrid_fixed_h32,Operand hybrid + fixed H32,7510,2.6562702655792236,3.064999580383301,0.18307499587535858,35957.25040650271,2301264.0260161734,92.55308346348004,31499223040.0,0.0003,129.74023866653442,153.767578125,0,0,exported_float_payload,False
operand_hybrid_fixed_h32,Operand hybrid + fixed H32,7520,2.6907989978790283,3.2749416828155518,0.1329408884048462,35980.11117985377,2302727.115510641,92.61192653518548,31541166080.0,0.0003,129.74023866653442,153.767578125,0,0,exported_float_payload,False
operand_hybrid_fixed_h32,Operand hybrid + fixed H32,7530,2.6508443355560303,3.1253819465637207,0.09574783593416214,35982.02603171013,2302849.666029448,92.61685531704944,31583109120.0,0.0003,129.74023866653442,153.767578125,0,0,exported_float_payload,False
operand_hybrid_fixed_h32,Operand hybrid + fixed H32,7540,2.6220433712005615,3.1513657569885254,0.10484592616558075,35979.76958074358,2302705.253167589,92.61104726742727,31625052160.0,0.0003,129.74023866653442,153.767578125,0,0,exported_float_payload,False
operand_hybrid_fixed_h32,Operand hybrid + fixed H32,7550,2.69433331489563,5.856716156005859,0.2017505019903183,35960.04885670222,2301443.126828942,92.56028660587707,31666995200.0,0.0003,129.74023866653442,153.767578125,0,0,exported_float_payload,False
operand_hybrid_fixed_h32,Operand hybrid + fixed H32,7560,2.625607490539551,3.0839784145355225,0.10125526040792465,35959.929415926585,2301435.4826193014,92.55997916824067,31708938240.0,0.0003,129.74023866653442,153.767578125,0,0,exported_float_payload,False
operand_hybrid_fixed_h32,Operand hybrid + fixed H32,7570,2.6679646968841553,3.094034433364868,0.16444630920886993,35988.850049542314,2303286.403170708,92.63442017211591,31750881280.0,0.0003,129.74023866653442,153.767578125,0,0,exported_float_payload,False
operand_hybrid_fixed_h32,Operand hybrid + fixed H32,7580,2.633396863937378,3.419255018234253,0.14408406615257263,35992.714212626546,2303533.709608099,92.64436643342366,31792824320.0,0.0003,129.74023866653442,153.767578125,0,0,exported_float_payload,False
operand_hybrid_fixed_h32,Operand hybrid + fixed H32,7590,2.6380107402801514,3.1035428047180176,0.10624267905950546,35950.975844596505,2300862.4540541763,92.53693289453396,31834767360.0,0.0003,129.74023866653442,153.767578125,0,0,exported_float_payload,False
operand_hybrid_fixed_h32,Operand hybrid + fixed H32,7600,2.609280824661255,3.0750463008880615,0.0843832790851593,35983.613374174005,2302951.2559471363,92.62094109774411,31876710400.0,0.0003,129.74023866653442,153.767578125,0,0,exported_float_payload,False
operand_hybrid_fixed_h32,Operand hybrid + fixed H32,7610,2.6729347705841064,3.599114179611206,0.19113749265670776,35989.7342547799,2303342.9923059135,92.6366960947804,31918653440.0,0.0003,129.74023866653442,153.767578125,0,0,exported_float_payload,False
operand_hybrid_fixed_h32,Operand hybrid + fixed H32,7620,2.6247200965881348,3.1174099445343018,0.1005437895655632,35959.94637265714,2301436.567850057,92.56002281445056,31960596480.0,0.0003,129.74023866653442,153.767578125,0,0,exported_float_payload,False
operand_hybrid_fixed_h32,Operand hybrid + fixed H32,7630,2.6551215648651123,3.3186161518096924,0.11165593564510345,35991.62505288647,2303464.003384734,92.64156296288049,32002539520.0,0.0003,129.74023866653442,153.767578125,0,0,exported_float_payload,False
operand_hybrid_fixed_h32,Operand hybrid + fixed H32,7640,2.6259241104125977,3.125913143157959,0.11484291404485703,35971.66601829321,2302186.6251707654,92.5901888957959,32044482560.0,0.0003,129.74023866653442,153.767578125,0,0,exported_float_payload,False
operand_hybrid_fixed_h32,Operand hybrid + fixed H32,7650,2.631194829940796,3.096679210662842,0.15651226043701172,35989.19434090905,2303308.4378181794,92.63530636967666,32086425600.0,0.0003,129.74023866653442,153.767578125,0,0,exported_float_payload,False
operand_hybrid_fixed_h32,Operand hybrid + fixed H32,7660,2.6607120037078857,3.12916898727417,0.1812991201877594,35956.99030593595,2301247.3795799008,92.55241397098014,32128368640.0,0.0003,129.74023866653442,153.767578125,0,0,exported_float_payload,False
operand_hybrid_fixed_h32,Operand hybrid + fixed H32,7670,2.650627851486206,3.076472759246826,0.0939665138721466,35995.34082933078,2303701.81307717,92.65112728060483,32170311680.0,0.0003,129.74023866653442,153.767578125,0,0,exported_float_payload,False
operand_hybrid_fixed_h32,Operand hybrid + fixed H32,7680,2.6550066471099854,3.1205239295959473,0.24975353479385376,35923.13223729338,2299080.4631867763,92.46526413005623,32212254720.0,0.0003,129.74023866653442,153.767578125,0,0,exported_float_payload,False
operand_hybrid_fixed_h32,Operand hybrid + fixed H32,7690,2.641422748565674,3.2285757064819336,0.13328810036182404,35955.39483311678,2301145.2693194738,92.5483072629497,32254197760.0,0.0003,129.74023866653442,153.767578125,0,0,exported_float_payload,False
operand_hybrid_fixed_h32,Operand hybrid + fixed H32,7700,2.6559956073760986,3.240657329559326,0.11178474873304367,35981.64779055692,2302825.458595643,92.61588173356833,32296140800.0,0.0003,129.74023866653442,153.767578125,0,0,exported_float_payload,False
operand_hybrid_fixed_h32,Operand hybrid + fixed H32,7710,2.5929200649261475,3.1427183151245117,0.1111048236489296,35945.370490461624,2300503.711389544,92.52250485003046,32338083840.0,0.0003,129.74023866653442,153.767578125,0,0,exported_float_payload,False
operand_hybrid_fixed_h32,Operand hybrid + fixed H32,7720,2.643871545791626,3.171994924545288,0.09897837042808533,35950.68813665153,2300844.040745698,92.53619234131747,32380026880.0,0.0003,129.74023866653442,153.767578125,0,0,exported_float_payload,False
operand_hybrid_fixed_h32,Operand hybrid + fixed H32,7730,2.6411454677581787,3.263068437576294,0.10220307111740112,35973.43905847026,2302300.099742097,92.59475265786436,32421969920.0,0.0003,129.74023866653442,153.767578125,0,0,exported_float_payload,False
operand_hybrid_fixed_h32,Operand hybrid + fixed H32,7740,2.667175054550171,3.6532721519470215,0.11822532117366791,35971.135523999,2302152.673535936,92.58882341645214,32463912960.0,0.0003,129.74023866653442,153.767578125,0,0,exported_float_payload,False
operand_hybrid_fixed_h32,Operand hybrid + fixed H32,7750,2.639801263809204,3.2448220252990723,0.2565840482711792,35988.721116027256,2303278.1514257444,92.63408830040031,32505856000.0,0.0003,129.74023866653442,153.767578125,0,0,exported_float_payload,False
operand_hybrid_fixed_h32,Operand hybrid + fixed H32,7760,2.60329008102417,3.1733434200286865,0.09590441733598709,35968.56493074287,2301988.1555675436,92.58220677225671,32547799040.0,0.0003,129.74023866653442,153.767578125,0,0,exported_float_payload,False
operand_hybrid_fixed_h32,Operand hybrid + fixed H32,7770,2.6356871128082275,3.1372289657592773,0.14335957169532776,35950.88388147385,2300856.5684143263,92.53669618370455,32589742080.0,0.0003,129.74023866653442,153.767578125,0,0,exported_float_payload,False
operand_hybrid_fixed_h32,Operand hybrid + fixed H32,7780,2.631915330886841,3.165302276611328,0.14234289526939392,35990.33159368495,2303381.2219958366,92.63823363051824,32631685120.0,0.0003,129.74023866653442,153.767578125,0,0,exported_float_payload,False
operand_hybrid_fixed_h32,Operand hybrid + fixed H32,7790,2.662306547164917,3.250476360321045,0.15139071643352509,35968.61349601681,2301991.263745076,92.58233177808452,32673628160.0,0.0003,129.74023866653442,153.767578125,0,0,exported_float_payload,False
operand_hybrid_fixed_h32,Operand hybrid + fixed H32,7800,2.6365950107574463,3.299468755722046,0.14556865394115448,35969.575783968,2302052.850173952,92.58480868374487,32715571200.0,0.0003,129.74023866653442,153.767578125,0,0,exported_float_payload,False
operand_hybrid_fixed_h32,Operand hybrid + fixed H32,7810,2.6224746704101562,3.1318869590759277,0.08195715397596359,35978.330607676646,2302613.1588913053,92.60734338593298,32757514240.0,0.0003,129.74023866653442,153.767578125,0,0,exported_float_payload,False
operand_hybrid_fixed_h32,Operand hybrid + fixed H32,7820,2.6242353916168213,3.1262683868408203,0.17330658435821533,35975.938471678186,2302460.062187404,92.6011860863559,32799457280.0,0.0003,129.74023866653442,153.767578125,0,0,exported_float_payload,False
operand_hybrid_fixed_h32,Operand hybrid + fixed H32,7830,2.5925323963165283,2.9654312133789062,0.2022123485803604,35961.59324370772,2301541.967597294,92.56426182027205,32841400320.0,0.0003,129.74023866653442,153.767578125,0,0,exported_float_payload,False
operand_hybrid_fixed_h32,Operand hybrid + fixed H32,7840,2.6272220611572266,3.08587646484375,0.10740084201097488,35970.61024801157,2302119.0558727407,92.58747136890244,32883343360.0,0.0003,129.74023866653442,153.767578125,0,0,exported_float_payload,False
operand_hybrid_fixed_h32,Operand hybrid + fixed H32,7850,2.611259698867798,3.198441505432129,0.12801042199134827,35959.93021253882,2301435.5336024845,92.55998121870108,32925286400.0,0.0003,129.74023866653442,153.767578125,0,0,exported_float_payload,False
operand_hybrid_fixed_h32,Operand hybrid + fixed H32,7860,2.5960052013397217,3.067206621170044,0.12666217982769012,35914.04452366293,2298498.8495144276,92.44187257734787,32967229440.0,0.0003,129.74023866653442,153.767578125,0,0,exported_float_payload,False
operand_hybrid_fixed_h32,Operand hybrid + fixed H32,7870,2.6099002361297607,3.2805516719818115,0.16211813688278198,35952.73265291204,2300974.8897863706,92.54145487618769,33009172480.0,0.0003,129.74023866653442,153.767578125,0,0,exported_float_payload,False
operand_hybrid_fixed_h32,Operand hybrid + fixed H32,7880,2.6437556743621826,3.6475396156311035,0.18543952703475952,35953.43484126212,2301019.8298407756,92.5432622918337,33051115520.0,0.0003,129.74023866653442,153.767578125,0,0,exported_float_payload,False
operand_hybrid_fixed_h32,Operand hybrid + fixed H32,7890,2.613588809967041,3.340991497039795,0.11985495686531067,35965.34141680254,2301781.8506753626,92.57390952618279,33093058560.0,0.0003,129.74023866653442,153.767578125,0,0,exported_float_payload,False
operand_hybrid_fixed_h32,Operand hybrid + fixed H32,7900,2.6778740882873535,3.5642178058624268,0.12115709483623505,35974.32606250058,2302356.868000037,92.59703578455292,33135001600.0,0.0003,129.74023866653442,153.767578125,0,0,exported_float_payload,False
operand_hybrid_fixed_h32,Operand hybrid + fixed H32,7910,2.672441244125366,4.716931343078613,0.12425648421049118,35957.994688610015,2301311.660071041,92.55499922742803,33176944640.0,0.0003,129.74023866653442,153.767578125,0,0,exported_float_payload,False
operand_hybrid_fixed_h32,Operand hybrid + fixed H32,7920,2.687354326248169,4.924210548400879,0.10911482572555542,35995.75524333769,2303728.3355736122,92.65219397212704,33218887680.0,0.0003,129.74023866653442,153.767578125,0,0,exported_float_payload,False
operand_hybrid_fixed_h32,Operand hybrid + fixed H32,7930,2.643618583679199,3.5787367820739746,0.1150907501578331,35997.40039367201,2303833.6251950087,92.65642854886693,33260830720.0,0.0003,129.74023866653442,153.767578125,0,0,exported_float_payload,False
operand_hybrid_fixed_h32,Operand hybrid + fixed H32,7940,2.657439708709717,3.2207722663879395,0.13151319324970245,35972.540992029426,2302242.6234898833,92.59244105680156,33302773760.0,0.0003,129.74023866653442,153.767578125,0,0,exported_float_payload,False
operand_hybrid_fixed_h32,Operand hybrid + fixed H32,7950,2.6492700576782227,3.39670991897583,0.1093963012099266,35963.486508992224,2301663.1365755023,92.56913503882782,33344716800.0,0.0003,129.74023866653442,153.767578125,0,0,exported_float_payload,False
operand_hybrid_fixed_h32,Operand hybrid + fixed H32,7960,2.626981258392334,3.087965488433838,0.1555488109588623,35963.7447828204,2301679.6661005057,92.56979982934728,33386659840.0,0.0003,129.74023866653442,153.767578125,0,0,exported_float_payload,False
operand_hybrid_fixed_h32,Operand hybrid + fixed H32,7970,2.6251437664031982,3.439067840576172,0.10360749065876007,35956.76964594727,2301233.2573406254,92.55184599756397,33428602880.0,0.0003,129.74023866653442,153.767578125,0,0,exported_float_payload,False
operand_hybrid_fixed_h32,Operand hybrid + fixed H32,7980,2.6263504028320312,3.1500864028930664,0.11384989321231842,35969.48747090327,2302047.198137809,92.58458136807532,33470545920.0,0.0003,129.74023866653442,153.767578125,0,0,exported_float_payload,False
operand_hybrid_fixed_h32,Operand hybrid + fixed H32,7990,2.6028053760528564,3.130958318710327,0.21586178243160248,35952.58387891967,2300965.368250859,92.54107193556857,33512488960.0,0.0003,129.74023866653442,153.767578125,0,0,exported_float_payload,False
operand_hybrid_fixed_h32,Operand hybrid + fixed H32,8000,2.631768226623535,3.205193042755127,0.12361704558134079,35943.12557872051,2300360.0370381125,92.51672650209244,33554432000.0,0.0003,129.74023866653442,153.767578125,0,0,exported_float_payload,False
operand_hybrid_fixed_h32,Operand hybrid + fixed H32,8010,2.636819362640381,3.095466375350952,0.1357555091381073,28421.628775772737,1818984.2416494552,73.15657761685871,33596375040.0,0.0003,129.74023866653442,153.767578125,0,0,exported_float_payload,False
operand_hybrid_fixed_h32,Operand hybrid + fixed H32,8020,2.660820722579956,3.1053621768951416,0.08774643391370773,35999.11648583527,2303943.4550934574,92.66084572814015,33638318080.0,0.0003,129.74023866653442,153.767578125,0,0,exported_float_payload,False
operand_hybrid_fixed_h32,Operand hybrid + fixed H32,8030,2.593376636505127,3.090635299682617,0.24543729424476624,35977.30595054236,2302547.580834711,92.60470594352016,33680261120.0,0.0003,129.74023866653442,153.767578125,0,0,exported_float_payload,False
operand_hybrid_fixed_h32,Operand hybrid + fixed H32,8040,2.6436095237731934,3.1904296875,0.10002975910902023,35952.72480386723,2300974.387447503,92.54143467293825,33722204160.0,0.0003,129.74023866653442,153.767578125,0,0,exported_float_payload,False
operand_hybrid_fixed_h32,Operand hybrid + fixed H32,8050,2.6560637950897217,3.602809429168701,0.10248497128486633,35973.69013383602,2302316.168565505,92.59539891971752,33764147200.0,0.0003,129.74023866653442,153.767578125,0,0,exported_float_payload,False
operand_hybrid_fixed_h32,Operand hybrid + fixed H32,8060,2.6335978507995605,3.337522029876709,0.10691088438034058,35982.43285490227,2302875.702713745,92.61790247,33806090240.0,0.0003,129.74023866653442,153.767578125,0,0,exported_float_payload,False
operand_hybrid_fixed_h32,Operand hybrid + fixed H32,8070,2.625178813934326,3.255511522293091,0.11289618164300919,35987.220265949494,2303182.0970207676,92.63022514899293,33848033280.0,0.0003,129.74023866653442,153.767578125,0,0,exported_float_payload,False
operand_hybrid_fixed_h32,Operand hybrid + fixed H32,8080,2.6218228340148926,3.347135543823242,0.09681274741888046,35947.90712347936,2300666.055902679,92.52903408140251,33889976320.0,0.0003,129.74023866653442,153.767578125,0,0,exported_float_payload,False
operand_hybrid_fixed_h32,Operand hybrid + fixed H32,8090,2.6313388347625732,3.0822176933288574,0.10866541415452957,35955.71708864406,2301165.8936732197,92.54913674079842,33931919360.0,0.0003,129.74023866653442,153.767578125,0,0,exported_float_payload,False
operand_hybrid_fixed_h32,Operand hybrid + fixed H32,8100,2.659780740737915,3.1904079914093018,0.13241301476955414,35962.72409730586,2301614.342227575,92.56717260978655,33973862400.0,0.0003,129.74023866653442,153.767578125,0,0,exported_float_payload,False
operand_hybrid_fixed_h32,Operand hybrid + fixed H32,8110,2.644646167755127,3.2809929847717285,0.08513864129781723,35941.28442395836,2300242.203133335,92.51198741474722,34015805440.0,0.0003,129.74023866653442,153.767578125,0,0,exported_float_payload,False
operand_hybrid_fixed_h32,Operand hybrid + fixed H32,8120,2.599949598312378,3.051626682281494,0.1181434616446495,35953.56274961737,2301028.0159755116,92.543591524813,34057748480.0,0.0003,129.74023866653442,153.767578125,0,0,exported_float_payload,False
operand_hybrid_fixed_h32,Operand hybrid + fixed H32,8130,2.6254448890686035,3.362473487854004,0.09991572797298431,35960.53546243685,2301474.2695959583,92.56153911714146,34099691520.0,0.0003,129.74023866653442,153.767578125,0,0,exported_float_payload,False
operand_hybrid_fixed_h32,Operand hybrid + fixed H32,8140,2.6392269134521484,3.107516050338745,0.24479439854621887,35963.506547718505,2301664.4190539843,92.56918661801936,34141634560.0,0.0003,129.74023866653442,153.767578125,0,0,exported_float_payload,False
operand_hybrid_fixed_h32,Operand hybrid + fixed H32,8150,2.6441633701324463,3.33555269241333,0.11238882690668106,35953.672697706985,2301035.052653247,92.54387452850766,34183577600.0,0.0003,129.74023866653442,153.767578125,0,0,exported_float_payload,False
operand_hybrid_fixed_h32,Operand hybrid + fixed H32,8160,2.6482245922088623,3.1878998279571533,0.07915394753217697,35940.73751319337,2300207.200844376,92.51057967980903,34225520640.0,0.0003,129.74023866653442,153.767578125,0,0,exported_float_payload,False
operand_hybrid_fixed_h32,Operand hybrid + fixed H32,8170,2.6313135623931885,3.130359649658203,0.2416486144065857,35949.72283138379,2300782.2612085626,92.5337076691581,34267463680.0,0.0003,129.74023866653442,153.767578125,0,0,exported_float_payload,False
operand_hybrid_fixed_h32,Operand hybrid + fixed H32,8180,2.615562915802002,3.1051483154296875,0.08696267753839493,35938.53251266814,2300066.080810761,92.50490406236493,34309406720.0,0.0003,129.74023866653442,153.767578125,0,0,exported_float_payload,False
operand_hybrid_fixed_h32,Operand hybrid + fixed H32,8190,2.6022961139678955,3.092571258544922,0.13232837617397308,35977.08598474234,2302533.50302351,92.60413975692863,34351349760.0,0.0003,129.74023866653442,153.767578125,0,0,exported_float_payload,False
operand_hybrid_fixed_h32,Operand hybrid + fixed H32,8200,2.642559289932251,3.1380934715270996,0.1646028459072113,35962.91082398068,2301626.2927347636,92.56765323968244,34393292800.0,0.0003,129.74023866653442,153.767578125,0,0,exported_float_payload,False
operand_hybrid_fixed_h32,Operand hybrid + fixed H32,8210,2.6236772537231445,3.054368257522583,0.16575050354003906,35954.32206784173,2301076.6123418706,92.5455459913587,34435235840.0,0.0003,129.74023866653442,153.767578125,0,0,exported_float_payload,False
operand_hybrid_fixed_h32,Operand hybrid + fixed H32,8220,2.658480644226074,4.481693267822266,0.11575829237699509,35966.66181138512,2301866.355928648,92.57730818955733,34477178880.0,0.0003,129.74023866653442,153.767578125,0,0,exported_float_payload,False
operand_hybrid_fixed_h32,Operand hybrid + fixed H32,8230,2.6506364345550537,3.4384353160858154,0.14672626554965973,35955.16087342695,2301130.2958993246,92.54770505642793,34519121920.0,0.0003,129.74023866653442,153.767578125,0,0,exported_float_payload,False
operand_hybrid_fixed_h32,Operand hybrid + fixed H32,8240,2.64097261428833,4.061952590942383,0.09236277639865875,35938.006622839726,2300032.4238617425,92.50355043480354,34561064960.0,0.0003,129.74023866653442,153.767578125,0,0,exported_float_payload,False
operand_hybrid_fixed_h32,Operand hybrid + fixed H32,8250,2.6422863006591797,3.152313470840454,0.08768544346094131,35961.91408679067,2301562.5015546028,92.5650876625236,34603008000.0,0.0003,129.74023866653442,153.767578125,0,0,exported_float_payload,False
operand_hybrid_fixed_h32,Operand hybrid + fixed H32,8260,2.645859479904175,4.037555694580078,0.15981659293174744,35965.18238532797,2301771.67266099,92.57350018305524,34644951040.0,0.0003,129.74023866653442,153.767578125,0,0,exported_float_payload,False
operand_hybrid_fixed_h32,Operand hybrid + fixed H32,8270,2.6295132637023926,3.216947555541992,0.11039169132709503,35932.819221125574,2299700.4301520367,92.49019818961291,34686894080.0,0.0003,129.74023866653442,153.767578125,0,0,exported_float_payload,False
operand_hybrid_fixed_h32,Operand hybrid + fixed H32,8280,2.6486165523529053,3.3107211589813232,0.14659583568572998,35943.46820540705,2300381.9651460513,92.51760841480707,34728837120.0,0.0003,129.74023866653442,153.767578125,0,0,exported_float_payload,False
operand_hybrid_fixed_h32,Operand hybrid + fixed H32,8290,2.599501132965088,3.0551936626434326,0.089997798204422,35941.53273763449,2300258.095208607,92.5126265680788,34770780160.0,0.0003,129.74023866653442,153.767578125,0,0,exported_float_payload,False
operand_hybrid_fixed_h32,Operand hybrid + fixed H32,8300,2.642880439758301,3.5029714107513428,0.14108963310718536,35972.36066492828,2302231.08255541,92.59197689925186,34812723200.0,0.0003,129.74023866653442,153.767578125,0,0,exported_float_payload,False
operand_hybrid_fixed_h32,Operand hybrid + fixed H32,8310,2.62785005569458,3.1047921180725098,0.1403714120388031,35949.859367385914,2300790.9995126985,92.53405910948953,34854666240.0,0.0003,129.74023866653442,153.767578125,0,0,exported_float_payload,False
operand_hybrid_fixed_h32,Operand hybrid + fixed H32,8320,2.6282176971435547,3.2167136669158936,0.12731152772903442,35959.76326102712,2301424.8487057355,92.5595514895916,34896609280.0,0.0003,129.74023866653442,153.767578125,0,0,exported_float_payload,False
operand_hybrid_fixed_h32,Operand hybrid + fixed H32,8330,2.598734140396118,3.258450508117676,0.1408095806837082,35967.7773460813,2301937.750149203,92.5801795485927,34938552320.0,0.0003,129.74023866653442,153.767578125,0,0,exported_float_payload,False
operand_hybrid_fixed_h32,Operand hybrid + fixed H32,8340,2.628852128982544,3.209221363067627,0.1422254890203476,35958.33282417931,2301333.300747476,92.55586958011666,34980495360.0,0.0003,129.74023866653442,153.767578125,0,0,exported_float_payload,False
operand_hybrid_fixed_h32,Operand hybrid + fixed H32,8350,2.6361145973205566,3.3198978900909424,0.11395285278558731,30616.67448987776,1959467.1673521767,78.80657162048742,35022438400.0,0.0003,129.74023866653442,153.767578125,0,0,exported_float_payload,False
operand_hybrid_fixed_h32,Operand hybrid + fixed H32,8360,2.640465259552002,3.301726818084717,0.130041241645813,35935.616504000864,2299879.4562560553,92.49739832734593,35064381440.0,0.0003,129.74023866653442,153.767578125,0,0,exported_float_payload,False
operand_hybrid_fixed_h32,Operand hybrid + fixed H32,8370,2.6213693618774414,3.1165125370025635,0.14153964817523956,35960.35629947867,2301462.803166635,92.56107795606728,35106324480.0,0.0003,129.74023866653442,153.767578125,0,0,exported_float_payload,False
operand_hybrid_fixed_h32,Operand hybrid + fixed H32,8380,2.622371196746826,3.189056873321533,0.13322412967681885,35965.64920743413,2301801.5492757843,92.57470177174363,35148267520.0,0.0003,129.74023866653442,153.767578125,0,0,exported_float_payload,False
operand_hybrid_fixed_h32,Operand hybrid + fixed H32,8390,2.6332273483276367,3.046013355255127,0.12996062636375427,35970.36900209346,2302103.6161339814,92.5868504078072,35190210560.0,0.0003,129.74023866653442,153.767578125,0,0,exported_float_payload,False
operand_hybrid_fixed_h32,Operand hybrid + fixed H32,8400,2.64860463142395,3.0729684829711914,0.10011104494333267,35927.029413232696,2299329.8824468926,92.47529536564586,35232153600.0,0.0003,129.74023866653442,153.767578125,0,0,exported_float_payload,False
operand_hybrid_fixed_h32,Operand hybrid + fixed H32,8410,2.618558883666992,3.0646276473999023,0.18227340281009674,35970.35796900012,2302102.9100160077,92.58682200889467,35274096640.0,0.0003,129.74023866653442,153.767578125,0,0,exported_float_payload,False
operand_hybrid_fixed_h32,Operand hybrid + fixed H32,8420,2.641451120376587,3.052361011505127,0.10570097714662552,35977.02743083899,2302529.7555736955,92.60398904061293,35316039680.0,0.0003,129.74023866653442,153.767578125,0,0,exported_float_payload,False
operand_hybrid_fixed_h32,Operand hybrid + fixed H32,8430,2.6110270023345947,3.2166175842285156,0.23979859054088593,35922.77009100793,2299057.2858245075,92.46433197437123,35357982720.0,0.0003,129.74023866653442,153.767578125,0,0,exported_float_payload,False
operand_hybrid_fixed_h32,Operand hybrid + fixed H32,8440,2.626497745513916,3.120636463165283,0.17855432629585266,35947.96977790356,2300670.065785828,92.52919535235864,35399925760.0,0.0003,129.74023866653442,153.767578125,0,0,exported_float_payload,False
operand_hybrid_fixed_h32,Operand hybrid + fixed H32,8450,2.6414949893951416,3.128048896789551,0.1382923573255539,35956.754698549084,2301232.3007071414,92.55180752332647,35441868800.0,0.0003,129.74023866653442,153.767578125,0,0,exported_float_payload,False
operand_hybrid_fixed_h32,Operand hybrid + fixed H32,8460,2.636232376098633,3.0489416122436523,0.12761661410331726,35988.62325763277,2303271.888488497,92.63383641528534,35483811840.0,0.0003,129.74023866653442,153.767578125,0,0,exported_float_payload,False
operand_hybrid_fixed_h32,Operand hybrid + fixed H32,8470,2.627876043319702,3.281521797180176,0.09524577856063843,35962.431272085676,2301595.6014134833,92.56641888482879,35525754880.0,0.0003,129.74023866653442,153.767578125,0,0,exported_float_payload,False
operand_hybrid_fixed_h32,Operand hybrid + fixed H32,8480,2.602384567260742,3.2557313442230225,0.18482160568237305,35947.30662776616,2300627.624177034,92.52748842011765,35567697920.0,0.0003,129.74023866653442,153.767578125,0,0,exported_float_payload,False
operand_hybrid_fixed_h32,Operand hybrid + fixed H32,8490,2.6724462509155273,3.179953098297119,0.1676478385925293,35962.93586492758,2301627.8953553652,92.56771769446758,35609640960.0,0.0003,129.74023866653442,153.767578125,0,0,exported_float_payload,False
operand_hybrid_fixed_h32,Operand hybrid + fixed H32,8500,2.6260924339294434,3.025641441345215,0.1451169103384018,35967.46883238165,2301918.0052724257,92.57938544187236,35651584000.0,0.0003,129.74023866653442,153.767578125,0,0,exported_float_payload,False
operand_hybrid_fixed_h32,Operand hybrid + fixed H32,8510,2.5930564403533936,3.222182273864746,0.11507797241210938,35956.75387176201,2301232.2477927688,92.55180539519675,35693527040.0,0.0003,129.74023866653442,153.767578125,0,0,exported_float_payload,False
operand_hybrid_fixed_h32,Operand hybrid + fixed H32,8520,2.6217598915100098,3.107740879058838,0.11203528195619583,35944.55221705779,2300451.3418916985,92.52039863429414,35735470080.0,0.0003,129.74023866653442,153.767578125,0,0,exported_float_payload,False
operand_hybrid_fixed_h32,Operand hybrid + fixed H32,8530,2.585796356201172,3.1951141357421875,0.12259937822818756,35928.501185710265,2299424.075885457,92.47908367202123,35777413120.0,0.0003,129.74023866653442,153.767578125,0,0,exported_float_payload,False
operand_hybrid_fixed_h32,Operand hybrid + fixed H32,8540,2.6074330806732178,3.1959595680236816,0.17440035939216614,35923.63346576979,2299112.5418092664,92.46655427990046,35819356160.0,0.0003,129.74023866653442,153.767578125,0,0,exported_float_payload,False
operand_hybrid_fixed_h32,Operand hybrid + fixed H32,8550,2.5830135345458984,3.276771306991577,0.1794649213552475,35971.17662249693,2302155.3038398037,92.58892920298103,35861299200.0,0.0003,129.74023866653442,153.767578125,0,0,exported_float_payload,False
operand_hybrid_fixed_h32,Operand hybrid + fixed H32,8560,2.617875814437866,3.3244261741638184,0.10376766324043274,35943.708770245525,2300397.3612957136,92.51822762281996,35903242240.0,0.0003,129.74023866653442,153.767578125,0,0,exported_float_payload,False
operand_hybrid_fixed_h32,Operand hybrid + fixed H32,8570,2.57136607170105,3.5275919437408447,0.2072710394859314,35971.92251835587,2302203.0411747755,92.59084912068626,35945185280.0,0.0003,129.74023866653442,153.767578125,0,0,exported_float_payload,False
operand_hybrid_fixed_h32,Operand hybrid + fixed H32,8580,2.6159486770629883,3.008862257003784,0.10925552248954773,35940.623288188945,2300199.8904440925,92.5102856674402,35987128320.0,0.0003,129.74023866653442,153.767578125,0,0,exported_float_payload,False
operand_hybrid_fixed_h32,Operand hybrid + fixed H32,8590,2.5662364959716797,3.078658103942871,0.10567258298397064,35967.608308634444,2301926.9317526044,92.57974445033712,36029071360.0,0.0003,129.74023866653442,153.767578125,0,0,exported_float_payload,False
operand_hybrid_fixed_h32,Operand hybrid + fixed H32,8600,2.622018814086914,3.3201403617858887,0.33225515484809875,35966.134902231446,2301832.6337428126,92.57595193827764,36071014400.0,0.0003,129.74023866653442,153.767578125,0,0,exported_float_payload,False
operand_hybrid_fixed_h32,Operand hybrid + fixed H32,8610,2.644744634628296,3.1576528549194336,0.11964816600084305,35974.391290006846,2302361.042560438,92.59720367855935,36112957440.0,0.0003,129.74023866653442,153.767578125,0,0,exported_float_payload,False
operand_hybrid_fixed_h32,Operand hybrid + fixed H32,8620,2.617335557937622,3.373037815093994,0.08071471750736237,35955.06444854394,2301124.124706812,92.54745686113647,36154900480.0,0.0003,129.74023866653442,153.767578125,0,0,exported_float_payload,False
operand_hybrid_fixed_h32,Operand hybrid + fixed H32,8630,2.6431634426116943,3.1427817344665527,0.2752974033355713,35975.6117125477,2302439.149603053,92.60034501634264,36196843520.0,0.0003,129.74023866653442,153.767578125,0,0,exported_float_payload,False
operand_hybrid_fixed_h32,Operand hybrid + fixed H32,8640,2.6213178634643555,3.3307437896728516,0.12365628033876419,35974.1635400582,2302346.466563725,92.59661745575958,36238786560.0,0.0003,129.74023866653442,153.767578125,0,0,exported_float_payload,False
operand_hybrid_fixed_h32,Operand hybrid + fixed H32,8650,2.609471559524536,3.0524985790252686,0.1315775364637375,35992.95272347001,2303548.9743020805,92.6449803545036,36280729600.0,0.0003,129.74023866653442,153.767578125,0,0,exported_float_payload,False
operand_hybrid_fixed_h32,Operand hybrid + fixed H32,8660,2.592373847961426,2.9871907234191895,0.12854713201522827,35980.611271294714,2302759.1213628617,92.61321375832823,36322672640.0,0.0003,129.74023866653442,153.767578125,0,0,exported_float_payload,False
operand_hybrid_fixed_h32,Operand hybrid + fixed H32,8670,2.6225574016571045,3.214571475982666,0.1474284678697586,35947.4405102489,2300636.19265593,92.52783303035508,36364615680.0,0.0003,129.74023866653442,153.767578125,0,0,exported_float_payload,False
operand_hybrid_fixed_h32,Operand hybrid + fixed H32,8680,2.6306161880493164,3.78139328956604,0.16129976511001587,35964.61258310928,2301735.205318994,92.57203352607485,36406558720.0,0.0003,129.74023866653442,153.767578125,0,0,exported_float_payload,False
operand_hybrid_fixed_h32,Operand hybrid + fixed H32,8690,2.6036369800567627,3.2688236236572266,0.1272052675485611,35984.92000099949,2303034.8800639673,92.6243043232485,36448501760.0,0.0003,129.74023866653442,153.767578125,0,0,exported_float_payload,False
operand_hybrid_fixed_h32,Operand hybrid + fixed H32,8700,2.5890185832977295,3.193160057067871,0.19592313468456268,35945.3604238191,2300503.067124422,92.52247893873871,36490444800.0,0.0003,129.74023866653442,153.767578125,0,0,exported_float_payload,False
operand_hybrid_fixed_h32,Operand hybrid + fixed H32,8710,2.6250698566436768,3.32321834564209,0.13709454238414764,35972.84496135468,2302262.0775266998,92.59322346641333,36532387840.0,0.0003,129.74023866653442,153.767578125,0,0,exported_float_payload,False
operand_hybrid_fixed_h32,Operand hybrid + fixed H32,8720,2.61932373046875,3.0239968299865723,0.1323200762271881,35962.324178856485,2301588.747446815,92.56614322947507,36574330880.0,0.0003,129.74023866653442,153.767578125,0,0,exported_float_payload,False
operand_hybrid_fixed_h32,Operand hybrid + fixed H32,8730,2.6194007396698,3.117936372756958,0.12410539388656616,35960.18504022149,2301451.8425741754,92.56063713892625,36616273920.0,0.0003,129.74023866653442,153.767578125,0,0,exported_float_payload,False
operand_hybrid_fixed_h32,Operand hybrid + fixed H32,8740,2.581211805343628,3.0950372219085693,0.15047919750213623,35974.898265515774,2302393.4889930096,92.59850862112481,36658216960.0,0.0003,129.74023866653442,153.767578125,0,0,exported_float_payload,False
operand_hybrid_fixed_h32,Operand hybrid + fixed H32,8750,2.622976541519165,3.0701494216918945,0.15944334864616394,35975.02911114116,2302401.863113034,92.59884541456563,36700160000.0,0.0003,129.74023866653442,153.767578125,0,0,exported_float_payload,False
operand_hybrid_fixed_h32,Operand hybrid + fixed H32,8760,2.592710494995117,3.1150431632995605,0.12491121888160706,35932.438679909166,2299676.0755141866,92.48921868582535,36742103040.0,0.0003,129.74023866653442,153.767578125,0,0,exported_float_payload,False
operand_hybrid_fixed_h32,Operand hybrid + fixed H32,8770,2.700333833694458,7.274369716644287,0.7204900979995728,35960.271151114146,2301457.3536713053,92.56085878625872,36784046080.0,0.0003,129.74023866653442,153.767578125,0,0,exported_float_payload,False
operand_hybrid_fixed_h32,Operand hybrid + fixed H32,8780,2.601458787918091,3.179307460784912,0.1065298467874527,35961.740984989076,2301551.423039301,92.56464210271828,36825989120.0,0.0003,129.74023866653442,153.767578125,0,0,exported_float_payload,False
operand_hybrid_fixed_h32,Operand hybrid + fixed H32,8790,2.625296115875244,3.2210311889648438,0.2939882278442383,35968.4394573467,2301980.125270189,92.58188380680255,36867932160.0,0.0003,129.74023866653442,153.767578125,0,0,exported_float_payload,False
operand_hybrid_fixed_h32,Operand hybrid + fixed H32,8800,2.6077351570129395,3.300157070159912,0.150175079703331,35966.56110221413,2301859.9105417044,92.57704896661335,36909875200.0,0.0003,129.74023866653442,153.767578125,0,0,exported_float_payload,False
operand_hybrid_fixed_h32,Operand hybrid + fixed H32,8810,2.5836706161499023,3.410189151763916,0.09236403554677963,35940.3642780104,2300183.3137926655,92.5096189815729,36951818240.0,0.0003,129.74023866653442,153.767578125,0,0,exported_float_payload,False
operand_hybrid_fixed_h32,Operand hybrid + fixed H32,8820,2.6004395484924316,3.127290964126587,0.08330833166837692,35977.96518071709,2302589.7715658937,92.60640278587306,36993761280.0,0.0003,129.74023866653442,153.767578125,0,0,exported_float_payload,False
operand_hybrid_fixed_h32,Operand hybrid + fixed H32,8830,2.6119399070739746,3.129960536956787,0.1882791519165039,35993.2856439086,2303570.2812101506,92.64583728357331,37035704320.0,0.0003,129.74023866653442,153.767578125,0,0,exported_float_payload,False
operand_hybrid_fixed_h32,Operand hybrid + fixed H32,8840,2.623612403869629,3.1702523231506348,0.13351070880889893,35978.17295130063,2302603.06888324,92.60693758227549,37077647360.0,0.0003,129.74023866653442,153.767578125,0,0,exported_float_payload,False
operand_hybrid_fixed_h32,Operand hybrid + fixed H32,8850,2.6032063961029053,3.0280909538269043,0.09586086124181747,35947.85622679113,2300662.7985146325,92.52890307457135,37119590400.0,0.0003,129.74023866653442,153.767578125,0,0,exported_float_payload,False
operand_hybrid_fixed_h32,Operand hybrid + fixed H32,8860,2.652951240539551,3.3023345470428467,0.17572520673274994,35974.22648006579,2302350.4947242104,92.59677946180035,37161533440.0,0.0003,129.74023866653442,153.767578125,0,0,exported_float_payload,False
operand_hybrid_fixed_h32,Operand hybrid + fixed H32,8870,2.5757689476013184,3.0838122367858887,0.0982792004942894,35923.05310321775,2299075.398605936,92.46506044088022,37203476480.0,0.0003,129.74023866653442,153.767578125,0,0,exported_float_payload,False
operand_hybrid_fixed_h32,Operand hybrid + fixed H32,8880,2.6158831119537354,3.335836410522461,0.12138441950082779,35980.09955208205,2302726.3713332512,92.61189660558536,37245419520.0,0.0003,129.74023866653442,153.767578125,0,0,exported_float_payload,False
operand_hybrid_fixed_h32,Operand hybrid + fixed H32,8890,2.647414445877075,4.617206573486328,0.223893940448761,35950.26926629457,2300817.2330428525,92.53511417925921,37287362560.0,0.0003,129.74023866653442,153.767578125,0,0,exported_float_payload,False
operand_hybrid_fixed_h32,Operand hybrid + fixed H32,8900,2.6011133193969727,3.2001771926879883,0.10978762060403824,35946.89473057893,2300601.2627570517,92.5264282068278,37329305600.0,0.0003,129.74023866653442,153.767578125,0,0,exported_float_payload,False
operand_hybrid_fixed_h32,Operand hybrid + fixed H32,8910,2.621915102005005,3.019594669342041,0.1054665744304657,35959.0877482057,2301381.6158851646,92.5578127361042,37371248640.0,0.0003,129.74023866653442,153.767578125,0,0,exported_float_payload,False
operand_hybrid_fixed_h32,Operand hybrid + fixed H32,8920,2.5653865337371826,2.936061382293701,0.13396407663822174,35960.55150824337,2301475.2965275757,92.56158041865515,37413191680.0,0.0003,129.74023866653442,153.767578125,0,0,exported_float_payload,False
operand_hybrid_fixed_h32,Operand hybrid + fixed H32,8930,2.588716506958008,3.1627044677734375,0.10578157007694244,35935.88065580511,2299896.361971527,92.49807824763207,37455134720.0,0.0003,129.74023866653442,153.767578125,0,0,exported_float_payload,False
operand_hybrid_fixed_h32,Operand hybrid + fixed H32,8940,2.6050662994384766,3.091179847717285,0.20490731298923492,35953.991653383615,2301055.4658165514,92.54469551262149,37497077760.0,0.0003,129.74023866653442,153.767578125,0,0,exported_float_payload,False
operand_hybrid_fixed_h32,Operand hybrid + fixed H32,8950,2.616898536682129,3.7582297325134277,0.07933233678340912,35955.510580438735,2301152.677148079,92.54860519372663,37539020800.0,0.0003,129.74023866653442,153.767578125,0,0,exported_float_payload,False
operand_hybrid_fixed_h32,Operand hybrid + fixed H32,8960,2.609825611114502,3.092470169067383,0.09443051367998123,35984.04422439803,2302978.830361474,92.62205009568733,37580963840.0,0.0003,129.74023866653442,153.767578125,0,0,exported_float_payload,False
operand_hybrid_fixed_h32,Operand hybrid + fixed H32,8970,2.6178605556488037,3.112349510192871,0.20139525830745697,35946.079398250055,2300549.0814880035,92.52432956134652,37622906880.0,0.0003,129.74023866653442,153.767578125,0,0,exported_float_payload,False
operand_hybrid_fixed_h32,Operand hybrid + fixed H32,8980,2.6139473915100098,3.433267116546631,0.14331786334514618,35968.555724397396,2301987.5663614334,92.58218307534855,37664849920.0,0.0003,129.74023866653442,153.767578125,0,0,exported_float_payload,False
operand_hybrid_fixed_h32,Operand hybrid + fixed H32,8990,2.635976791381836,3.67647385597229,0.11749128997325897,35947.38293333208,2300632.5077332533,92.52768482877882,37706792960.0,0.0003,129.74023866653442,153.767578125,0,0,exported_float_payload,False
operand_hybrid_fixed_h32,Operand hybrid + fixed H32,9000,2.6218607425689697,3.0642623901367188,0.12903791666030884,35950.95965305043,2300861.4177952274,92.5368912178902,37748736000.0,0.0003,129.74023866653442,153.767578125,0,0,exported_float_payload,False
operand_hybrid_fixed_h32,Operand hybrid + fixed H32,9010,2.5978565216064453,3.0691449642181396,0.10460416972637177,28431.136626161817,1819592.7440743563,73.18105059131229,37790679040.0,0.0003,129.74023866653442,153.767578125,0,0,exported_float_payload,False
operand_hybrid_fixed_h32,Operand hybrid + fixed H32,9020,2.6323201656341553,3.1730709075927734,0.17889593541622162,35992.326088230875,2303508.869646776,92.64336741071807,37832622080.0,0.0003,129.74023866653442,153.767578125,0,0,exported_float_payload,False
operand_hybrid_fixed_h32,Operand hybrid + fixed H32,9030,2.621642589569092,3.00547194480896,0.1303500533103943,35970.49805972553,2302111.8758224337,92.58718259899695,37874565120.0,0.0003,129.74023866653442,153.767578125,0,0,exported_float_payload,False
operand_hybrid_fixed_h32,Operand hybrid + fixed H32,9040,2.6007487773895264,3.1741795539855957,0.10843111574649811,35993.49448715608,2303583.647177989,92.64637484098652,37916508160.0,0.0003,129.74023866653442,153.767578125,0,0,exported_float_payload,False
operand_hybrid_fixed_h32,Operand hybrid + fixed H32,9050,2.646467447280884,3.1636853218078613,0.15864397585391998,35951.884792194134,2300920.6267004246,92.5392725034283,37958451200.0,0.0003,129.74023866653442,153.767578125,0,0,exported_float_payload,False
operand_hybrid_fixed_h32,Operand hybrid + fixed H32,9060,2.5793540477752686,3.0022852420806885,0.1316414177417755,35985.07669888162,2303044.9087284235,92.62470765976614,38000394240.0,0.0003,129.74023866653442,153.767578125,0,0,exported_float_payload,False
operand_hybrid_fixed_h32,Operand hybrid + fixed H32,9070,2.574599266052246,2.9874489307403564,0.13511300086975098,35959.16860763337,2301386.790888536,92.55802086629417,38042337280.0,0.0003,129.74023866653442,153.767578125,0,0,exported_float_payload,False
operand_hybrid_fixed_h32,Operand hybrid + fixed H32,9080,2.613797187805176,3.45733642578125,0.11347202956676483,35992.47055210625,2303518.1153348,92.64373925720142,38084280320.0,0.0003,129.74023866653442,153.767578125,0,0,exported_float_payload,False
operand_hybrid_fixed_h32,Operand hybrid + fixed H32,9090,2.5929651260375977,3.0522422790527344,0.12915609776973724,35991.649206957445,2303465.5492452765,92.64162513486865,38126223360.0,0.0003,129.74023866653442,153.767578125,0,0,exported_float_payload,False
operand_hybrid_fixed_h32,Operand hybrid + fixed H32,9100,2.6501686573028564,4.563250541687012,0.11799521744251251,35989.18662318551,2303307.9438838726,92.63528650444495,38168166400.0,0.0003,129.74023866653442,153.767578125,0,0,exported_float_payload,False
operand_hybrid_fixed_h32,Operand hybrid + fixed H32,9110,2.603093147277832,3.322345495223999,0.11817166209220886,35969.11787442387,2302023.543963128,92.58363003577325,38210109440.0,0.0003,129.74023866653442,153.767578125,0,0,exported_float_payload,False
operand_hybrid_fixed_h32,Operand hybrid + fixed H32,9120,2.611539363861084,3.2057552337646484,0.2380678355693817,35956.21354973804,2301197.6671832344,92.55041461951684,38252052480.0,0.0003,129.74023866653442,153.767578125,0,0,exported_float_payload,False
operand_hybrid_fixed_h32,Operand hybrid + fixed H32,9130,2.6317813396453857,3.16351318359375,0.10200927406549454,35954.351929212695,2301078.5234696125,92.54562285379751,38293995520.0,0.0003,129.74023866653442,153.767578125,0,0,exported_float_payload,False
operand_hybrid_fixed_h32,Operand hybrid + fixed H32,9140,2.572165012359619,3.1334526538848877,0.08322548866271973,35976.47698453778,2302494.527010418,92.60257220529094,38335938560.0,0.0003,129.74023866653442,153.767578125,0,0,exported_float_payload,False
operand_hybrid_fixed_h32,Operand hybrid + fixed H32,9150,2.6004903316497803,3.358424663543701,0.12930282950401306,35985.6370034704,2303080.7682221057,92.62614987007935,38377881600.0,0.0003,129.74023866653442,153.767578125,0,0,exported_float_payload,False
operand_hybrid_fixed_h32,Operand hybrid + fixed H32,9160,2.594984769821167,3.106815814971924,0.1654471755027771,35945.977630976275,2300542.5683824816,92.52406761487181,38419824640.0,0.0003,129.74023866653442,153.767578125,0,0,exported_float_payload,False
operand_hybrid_fixed_h32,Operand hybrid + fixed H32,9170,2.595430374145508,3.009941816329956,0.16202278435230255,35977.575864169776,2302564.8553068656,92.60540069459827,38461767680.0,0.0003,129.74023866653442,153.767578125,0,0,exported_float_payload,False
operand_hybrid_fixed_h32,Operand hybrid + fixed H32,9180,2.6094589233398438,3.163273572921753,0.12215771526098251,35974.31879621479,2302356.4029577468,92.59701708131095,38503710720.0,0.0003,129.74023866653442,153.767578125,0,0,exported_float_payload,False
operand_hybrid_fixed_h32,Operand hybrid + fixed H32,9190,2.5721449851989746,3.233337640762329,0.11984614282846451,35967.60100737471,2301926.4644719814,92.57972565707307,38545653760.0,0.0003,129.74023866653442,153.767578125,0,0,exported_float_payload,False
operand_hybrid_fixed_h32,Operand hybrid + fixed H32,9200,2.597135305404663,3.0405144691467285,0.10535115748643875,35947.81826578412,2300660.3690101835,92.52880536386735,38587596800.0,0.0003,129.74023866653442,153.767578125,0,0,exported_float_payload,False
operand_hybrid_fixed_h32,Operand hybrid + fixed H32,9210,2.5979104042053223,3.212191104888916,0.09442340582609177,35969.31769022008,2302036.332174085,92.58414435674759,38629539840.0,0.0003,129.74023866653442,153.767578125,0,0,exported_float_payload,False
operand_hybrid_fixed_h32,Operand hybrid + fixed H32,9220,2.6215455532073975,3.1923179626464844,0.2179773896932602,35974.36916095986,2302359.626301431,92.59714671893343,38671482880.0,0.0003,129.74023866653442,153.767578125,0,0,exported_float_payload,False
operand_hybrid_fixed_h32,Operand hybrid + fixed H32,9230,2.602445602416992,3.1363461017608643,0.14285191893577576,35950.1361084113,2300808.7109383233,92.5347714341231,38713425920.0,0.0003,129.74023866653442,153.767578125,0,0,exported_float_payload,False
operand_hybrid_fixed_h32,Operand hybrid + fixed H32,9240,2.583089590072632,3.2195539474487305,0.2011694461107254,36008.974575556815,2304574.372835636,92.68622021007282,38755368960.0,0.0003,129.74023866653442,153.767578125,0,0,exported_float_payload,False
operand_hybrid_fixed_h32,Operand hybrid + fixed H32,9250,2.607577085494995,3.33036470413208,0.12535041570663452,35982.222556758265,2302862.243632529,92.6173611677187,38797312000.0,0.0003,129.74023866653442,153.767578125,0,0,exported_float_payload,False
operand_hybrid_fixed_h32,Operand hybrid + fixed H32,9260,2.636796712875366,3.734915018081665,0.09821254014968872,35943.980041695424,2300414.722668507,92.51892586889997,38839255040.0,0.0003,129.74023866653442,153.767578125,0,0,exported_float_payload,False
operand_hybrid_fixed_h32,Operand hybrid + fixed H32,9270,2.601853847503662,3.2710187435150146,0.23392795026302338,35983.445515429856,2302940.5129875108,92.62050903344048,38881198080.0,0.0003,129.74023866653442,153.767578125,0,0,exported_float_payload,False
operand_hybrid_fixed_h32,Operand hybrid + fixed H32,9280,2.5907952785491943,3.071793794631958,0.10969670861959457,35963.797071782006,2301683.0125940484,92.56993441985607,38923141120.0,0.0003,129.74023866653442,153.767578125,0,0,exported_float_payload,False
operand_hybrid_fixed_h32,Operand hybrid + fixed H32,9290,2.5766234397888184,3.1189329624176025,0.15981364250183105,35965.97923600423,2301822.6711042705,92.57555125721453,38965084160.0,0.0003,129.74023866653442,153.767578125,0,0,exported_float_payload,False
operand_hybrid_fixed_h32,Operand hybrid + fixed H32,9300,2.5995092391967773,3.1033082008361816,0.09567151218652725,35963.25872984096,2301648.5587098217,92.56854874086122,39007027200.0,0.0003,129.74023866653442,153.767578125,0,0,exported_float_payload,False
operand_hybrid_fixed_h32,Operand hybrid + fixed H32,9310,2.610114574432373,3.2968292236328125,0.21513879299163818,35976.67567181886,2302507.242996407,92.60308362149493,39048970240.0,0.0003,129.74023866653442,153.767578125,0,0,exported_float_payload,False
operand_hybrid_fixed_h32,Operand hybrid + fixed H32,9320,2.6489033699035645,3.2700822353363037,0.12608657777309418,35962.68761657311,2301612.007460679,92.56707870927234,39090913280.0,0.0003,129.74023866653442,153.767578125,0,0,exported_float_payload,False
operand_hybrid_fixed_h32,Operand hybrid + fixed H32,9330,2.6072163581848145,3.0571236610412598,0.11634420603513718,35973.6735484995,2302315.107103968,92.59535622946679,39132856320.0,0.0003,129.74023866653442,153.767578125,0,0,exported_float_payload,False
operand_hybrid_fixed_h32,Operand hybrid + fixed H32,9340,2.6236047744750977,3.111274480819702,0.14007115364074707,35961.11075163347,2301511.088104542,92.56301989746889,39174799360.0,0.0003,129.74023866653442,153.767578125,0,0,exported_float_payload,False
operand_hybrid_fixed_h32,Operand hybrid + fixed H32,9350,2.6278884410858154,3.1670877933502197,0.15797992050647736,35972.222663379485,2302222.250456287,92.59162168663912,39216742400.0,0.0003,129.74023866653442,153.767578125,0,0,exported_float_payload,False
operand_hybrid_fixed_h32,Operand hybrid + fixed H32,9360,2.611889600753784,2.995612621307373,0.09928321093320847,35951.57052552889,2300900.513633849,92.53846358871516,39258685440.0,0.0003,129.74023866653442,153.767578125,0,0,exported_float_payload,False
operand_hybrid_fixed_h32,Operand hybrid + fixed H32,9370,2.6130547523498535,3.346790313720703,0.11612699180841446,35969.668632433466,2302058.792475742,92.58504767342501,39300628480.0,0.0003,129.74023866653442,153.767578125,0,0,exported_float_payload,False
operand_hybrid_fixed_h32,Operand hybrid + fixed H32,9380,2.6209259033203125,3.230271339416504,0.27673059701919556,35985.24220356507,2303055.5010281643,92.62513366477508,39342571520.0,0.0003,129.74023866653442,153.767578125,0,0,exported_float_payload,False
operand_hybrid_fixed_h32,Operand hybrid + fixed H32,9390,2.621342658996582,3.408233642578125,0.1211329996585846,35974.0702196517,2302340.494057709,92.59637725131475,39384514560.0,0.0003,129.74023866653442,153.767578125,0,0,exported_float_payload,False
operand_hybrid_fixed_h32,Operand hybrid + fixed H32,9400,2.6050236225128174,3.1489524841308594,0.08498833328485489,35979.2648290624,2302672.9490599935,92.60974804894008,39426457600.0,0.0003,129.74023866653442,153.767578125,0,0,exported_float_payload,False
operand_hybrid_fixed_h32,Operand hybrid + fixed H32,9410,2.632720708847046,3.5386223793029785,0.1925099939107895,35965.593110752976,2301797.9590881905,92.57455738025779,39468400640.0,0.0003,129.74023866653442,153.767578125,0,0,exported_float_payload,False
operand_hybrid_fixed_h32,Operand hybrid + fixed H32,9420,2.605992317199707,3.2333312034606934,0.0877670869231224,35990.266896474684,2303377.08137438,92.63806710148074,39510343680.0,0.0003,129.74023866653442,153.767578125,0,0,exported_float_payload,False
operand_hybrid_fixed_h32,Operand hybrid + fixed H32,9430,2.6247568130493164,3.8846435546875,0.14326214790344238,35987.82255788058,2303220.643704357,92.63177543369872,39552286720.0,0.0003,129.74023866653442,153.767578125,0,0,exported_float_payload,False
operand_hybrid_fixed_h32,Operand hybrid + fixed H32,9440,2.6190478801727295,3.0917439460754395,0.15244150161743164,35963.58794074194,2301669.6282074843,92.56939612167179,39594229760.0,0.0003,129.74023866653442,153.767578125,0,0,exported_float_payload,False
operand_hybrid_fixed_h32,Operand hybrid + fixed H32,9450,2.605952501296997,3.1672732830047607,0.10834871977567673,35957.290880729684,2301266.6163667,92.55318764315076,39636172800.0,0.0003,129.74023866653442,153.767578125,0,0,exported_float_payload,False
operand_hybrid_fixed_h32,Operand hybrid + fixed H32,9460,2.6495237350463867,3.946737766265869,0.2662964463233948,35979.279780464734,2302673.905949743,92.60978653348415,39678115840.0,0.0003,129.74023866653442,153.767578125,0,0,exported_float_payload,False
operand_hybrid_fixed_h32,Operand hybrid + fixed H32,9470,2.6252143383026123,3.175344705581665,0.09856375306844711,35955.43332545332,2301147.7328290124,92.5484063412829,39720058880.0,0.0003,129.74023866653442,153.767578125,0,0,exported_float_payload,False
operand_hybrid_fixed_h32,Operand hybrid + fixed H32,9480,2.61836576461792,3.348942756652832,0.09558843821287155,35957.473807329276,2301278.3236690736,92.55365849174592,39762001920.0,0.0003,129.74023866653442,153.767578125,0,0,exported_float_payload,False
operand_hybrid_fixed_h32,Operand hybrid + fixed H32,9490,2.6000382900238037,3.0570383071899414,0.3286772668361664,35942.534951642345,2300322.23690511,92.5152062424329,39803944960.0,0.0003,129.74023866653442,153.767578125,0,0,exported_float_payload,False
operand_hybrid_fixed_h32,Operand hybrid + fixed H32,9500,2.5939011573791504,3.4309210777282715,0.11555136740207672,35956.95446795618,2301245.0859491955,92.55232172489637,39845888000.0,0.0003,129.74023866653442,153.767578125,0,0,exported_float_payload,False
operand_hybrid_fixed_h32,Operand hybrid + fixed H32,9510,2.668414831161499,4.388009071350098,0.09270769357681274,35978.60374851238,2302630.6399047924,92.60804644376643,39887831040.0,0.0003,129.74023866653442,153.767578125,0,0,exported_float_payload,False
operand_hybrid_fixed_h32,Operand hybrid + fixed H32,9520,2.584890604019165,3.6608381271362305,0.23277920484542847,35950.93807444691,2300860.036764602,92.53683567509229,39929774080.0,0.0003,129.74023866653442,153.767578125,0,0,exported_float_payload,False
operand_hybrid_fixed_h32,Operand hybrid + fixed H32,9530,2.5890002250671387,3.0747766494750977,0.11296162754297256,35947.449359635735,2300636.759016687,92.52785580846044,39971717120.0,0.0003,129.74023866653442,153.767578125,0,0,exported_float_payload,False
operand_hybrid_fixed_h32,Operand hybrid + fixed H32,9540,2.627645492553711,3.114781379699707,0.15551798045635223,35948.37609764113,2300696.070249032,92.53024120942943,40013660160.0,0.0003,129.74023866653442,153.767578125,0,0,exported_float_payload,False
operand_hybrid_fixed_h32,Operand hybrid + fixed H32,9550,2.624600410461426,3.198082447052002,0.1281406730413437,35955.7055317499,2301165.154031994,92.54910699363542,40055603200.0,0.0003,129.74023866653442,153.767578125,0,0,exported_float_payload,False
operand_hybrid_fixed_h32,Operand hybrid + fixed H32,9560,2.61448335647583,3.1385889053344727,0.1157885193824768,35942.76510008056,2300336.966405156,92.5157986388862,40097546240.0,0.0003,129.74023866653442,153.767578125,0,0,exported_float_payload,False
operand_hybrid_fixed_h32,Operand hybrid + fixed H32,9570,2.619422197341919,3.296074867248535,0.12402055412530899,35954.65490965741,2301097.914218074,92.54640271805494,40139489280.0,0.0003,129.74023866653442,153.767578125,0,0,exported_float_payload,False
operand_hybrid_fixed_h32,Operand hybrid + fixed H32,9580,2.605149507522583,3.230717182159424,0.10954643785953522,35958.37654581554,2301336.0989321945,92.5559821185394,40181432320.0,0.0003,129.74023866653442,153.767578125,0,0,exported_float_payload,False
operand_hybrid_fixed_h32,Operand hybrid + fixed H32,9590,2.6125268936157227,3.07785964012146,0.15712253749370575,35966.22482294808,2301838.3886686773,92.5761833920039,40223375360.0,0.0003,129.74023866653442,153.767578125,0,0,exported_float_payload,False
operand_hybrid_fixed_h32,Operand hybrid + fixed H32,9600,2.577820062637329,3.028270721435547,0.13691341876983643,35979.53254796639,2302690.083069849,92.61043715085374,40265318400.0,0.0003,129.74023866653442,153.767578125,0,0,exported_float_payload,False
operand_hybrid_fixed_h32,Operand hybrid + fixed H32,9610,2.567758798599243,3.1104166507720947,0.1721917688846588,35968.23019785362,2301966.7326626317,92.58134517798335,40307261440.0,0.0003,129.74023866653442,153.767578125,0,0,exported_float_payload,False
operand_hybrid_fixed_h32,Operand hybrid + fixed H32,9620,2.635423183441162,3.5007967948913574,0.13586044311523438,35949.275227866696,2300753.6145834685,92.5325555486481,40349204480.0,0.0003,129.74023866653442,153.767578125,0,0,exported_float_payload,False
operand_hybrid_fixed_h32,Operand hybrid + fixed H32,9630,2.6068782806396484,3.2055320739746094,0.08908261358737946,35964.1164690405,2301703.454018592,92.5707565405908,40391147520.0,0.0003,129.74023866653442,153.767578125,0,0,exported_float_payload,False
operand_hybrid_fixed_h32,Operand hybrid + fixed H32,9640,2.603257179260254,3.071038246154785,0.19688135385513306,35934.141885068966,2299785.080644414,92.49360269426671,40433090560.0,0.0003,129.74023866653442,153.767578125,0,0,exported_float_payload,False
operand_hybrid_fixed_h32,Operand hybrid + fixed H32,9650,2.6058688163757324,3.0381991863250732,0.2266404926776886,35966.21560677087,2301837.7988333357,92.57615966978906,40475033600.0,0.0003,129.74023866653442,153.767578125,0,0,exported_float_payload,False
operand_hybrid_fixed_h32,Operand hybrid + fixed H32,9660,2.61844539642334,3.252192258834839,0.11530385911464691,35961.090884649755,2301509.8166175843,92.56296876033852,40516976640.0,0.0003,129.74023866653442,153.767578125,0,0,exported_float_payload,False
operand_hybrid_fixed_h32,Operand hybrid + fixed H32,9670,2.577789545059204,3.1500515937805176,0.07727199047803879,35924.77841662432,2299185.8186639566,92.46950135540827,40558919680.0,0.0003,129.74023866653442,153.767578125,0,0,exported_float_payload,False
operand_hybrid_fixed_h32,Operand hybrid + fixed H32,9680,2.6191294193267822,3.217543840408325,0.2660735845565796,35965.422529535674,2301787.041890283,92.57411830837482,40600862720.0,0.0003,129.74023866653442,153.767578125,0,0,exported_float_payload,False
operand_hybrid_fixed_h32,Operand hybrid + fixed H32,9690,2.610443353652954,3.042269706726074,0.11080875992774963,35962.97495144429,2301630.3968924345,92.56781830220598,40642805760.0,0.0003,129.74023866653442,153.767578125,0,0,exported_float_payload,False
operand_hybrid_fixed_h32,Operand hybrid + fixed H32,9700,2.5863277912139893,3.051785707473755,0.08437254279851913,35923.15097762273,2299081.662567855,92.46531236720581,40684748800.0,0.0003,129.74023866653442,153.767578125,0,0,exported_float_payload,False
operand_hybrid_fixed_h32,Operand hybrid + fixed H32,9710,2.597550630569458,3.3988022804260254,0.10589514672756195,35946.94445573812,2300604.4451672398,92.52655619817187,40726691840.0,0.0003,129.74023866653442,153.767578125,0,0,exported_float_payload,False
operand_hybrid_fixed_h32,Operand hybrid + fixed H32,9720,2.5863068103790283,3.1672754287719727,0.16210167109966278,35969.774936507805,2302065.5959364995,92.58532129751345,40768634880.0,0.0003,129.74023866653442,153.767578125,0,0,exported_float_payload,False
operand_hybrid_fixed_h32,Operand hybrid + fixed H32,9730,2.6046509742736816,3.6213557720184326,0.24170871078968048,35896.00194294217,2297344.124348299,92.39543141567765,40810577920.0,0.0003,129.74023866653442,153.767578125,0,0,exported_float_payload,False
operand_hybrid_fixed_h32,Operand hybrid + fixed H32,9740,2.6110756397247314,3.0287652015686035,0.128292515873909,35963.06379586402,2301636.0829352974,92.5680469855703,40852520960.0,0.0003,129.74023866653442,153.767578125,0,0,exported_float_payload,False
operand_hybrid_fixed_h32,Operand hybrid + fixed H32,9750,2.5910704135894775,2.99318528175354,0.15558059513568878,35960.82295863556,2301492.669352676,92.56227912532825,40894464000.0,0.0003,129.74023866653442,153.767578125,0,0,exported_float_payload,False
operand_hybrid_fixed_h32,Operand hybrid + fixed H32,9760,2.5797109603881836,3.195197343826294,0.10287558287382126,35935.66383887735,2299882.4856881504,92.49752016616077,40936407040.0,0.0003,129.74023866653442,153.767578125,0,0,exported_float_payload,False
operand_hybrid_fixed_h32,Operand hybrid + fixed H32,9770,2.5955591201782227,3.19191837310791,0.15048809349536896,35949.64293271984,2300777.14769407,92.53350201195045,40978350080.0,0.0003,129.74023866653442,153.767578125,0,0,exported_float_payload,False
operand_hybrid_fixed_h32,Operand hybrid + fixed H32,9780,2.619288206100464,3.7140953540802,0.1446642279624939,35969.332504655045,2302037.280297923,92.584182488741,41020293120.0,0.0003,129.74023866653442,153.767578125,0,0,exported_float_payload,False
operand_hybrid_fixed_h32,Operand hybrid + fixed H32,9790,2.598126173019409,3.1459484100341797,0.13492262363433838,35942.552469348244,2300323.3580382876,92.51525133257961,41062236160.0,0.0003,129.74023866653442,153.767578125,0,0,exported_float_payload,False
operand_hybrid_fixed_h32,Operand hybrid + fixed H32,9800,2.5626275539398193,2.997363805770874,0.15641382336616516,35968.50698278289,2301984.446898105,92.58205761562445,41104179200.0,0.0003,129.74023866653442,153.767578125,0,0,exported_float_payload,False
operand_hybrid_fixed_h32,Operand hybrid + fixed H32,9810,2.592689037322998,4.172457695007324,0.08906208723783493,35979.6190734812,2302695.6207027966,92.6106598654135,41146122240.0,0.0003,129.74023866653442,153.767578125,0,0,exported_float_payload,False
operand_hybrid_fixed_h32,Operand hybrid + fixed H32,9820,2.5595455169677734,3.081941843032837,0.1302396059036255,35965.88712625481,2301816.776080308,92.57531416897142,41188065280.0,0.0003,129.74023866653442,153.767578125,0,0,exported_float_payload,False
operand_hybrid_fixed_h32,Operand hybrid + fixed H32,9830,2.57963228225708,3.3744640350341797,0.10294921696186066,24510.8613954931,1568695.1293115583,63.09035799045984,41230008320.0,0.0003,129.74023866653442,153.767578125,0,0,exported_float_payload,False
operand_hybrid_fixed_h32,Operand hybrid + fixed H32,9840,2.6228866577148438,3.1885054111480713,0.13731089234352112,36054.09132617797,2307461.84487539,92.80234962315737,41271951360.0,0.0003,129.74023866653442,153.767578125,0,0,exported_float_payload,False
operand_hybrid_fixed_h32,Operand hybrid + fixed H32,9850,2.5849711894989014,3.12246036529541,0.10094326734542847,35984.439799395994,2303004.1471613436,92.62306829606106,41313894400.0,0.0003,129.74023866653442,153.767578125,0,0,exported_float_payload,False
operand_hybrid_fixed_h32,Operand hybrid + fixed H32,9860,2.5841455459594727,3.3516035079956055,0.23155875504016876,35989.99749093815,2303359.8394200415,92.63737365821613,41355837440.0,0.0003,129.74023866653442,153.767578125,0,0,exported_float_payload,False
operand_hybrid_fixed_h32,Operand hybrid + fixed H32,9870,2.6147215366363525,3.128385543823242,0.09521058946847916,35930.81446930079,2299572.1260352507,92.4850380074281,41397780480.0,0.0003,129.74023866653442,153.767578125,0,0,exported_float_payload,False
operand_hybrid_fixed_h32,Operand hybrid + fixed H32,9880,2.572007179260254,3.137601375579834,0.16728965938091278,35962.406057242646,2301593.9876635293,92.56635398243928,41439723520.0,0.0003,129.74023866653442,153.767578125,0,0,exported_float_payload,False
operand_hybrid_fixed_h32,Operand hybrid + fixed H32,9890,2.6122820377349854,3.3117289543151855,0.12320772558450699,35953.375098654455,2301016.006313885,92.54310851582215,41481666560.0,0.0003,129.74023866653442,153.767578125,0,0,exported_float_payload,False
operand_hybrid_fixed_h32,Operand hybrid + fixed H32,9900,2.5931992530822754,3.2466344833374023,0.10305773466825485,35964.56550555456,2301732.1923554917,92.57191234959996,41523609600.0,0.0003,129.74023866653442,153.767578125,0,0,exported_float_payload,False
operand_hybrid_fixed_h32,Operand hybrid + fixed H32,9910,2.5903234481811523,3.0958609580993652,0.10616161674261093,35970.95445250161,2302141.084960103,92.58835734284469,41565552640.0,0.0003,129.74023866653442,153.767578125,0,0,exported_float_payload,False
operand_hybrid_fixed_h32,Operand hybrid + fixed H32,9920,2.5997252464294434,3.32369327545166,0.13131467998027802,35960.5164653157,2301473.0537802046,92.56149021901606,41607495680.0,0.0003,129.74023866653442,153.767578125,0,0,exported_float_payload,False
operand_hybrid_fixed_h32,Operand hybrid + fixed H32,9930,2.6286630630493164,3.5801312923431396,0.12222655862569809,35948.94993451676,2300732.7958090724,92.53171825151814,41649438720.0,0.0003,129.74023866653442,153.767578125,0,0,exported_float_payload,False
operand_hybrid_fixed_h32,Operand hybrid + fixed H32,9940,2.5636563301086426,3.1047723293304443,0.151131272315979,26300.918640133554,1683258.7929685474,67.69792157484486,41691381760.0,0.0003,129.74023866653442,153.767578125,0,0,exported_float_payload,False
operand_hybrid_fixed_h32,Operand hybrid + fixed H32,9950,2.604649305343628,3.3064610958099365,0.11246316879987717,35996.30118102859,2303763.2755858297,92.65359920239632,41733324800.0,0.0003,129.74023866653442,153.767578125,0,0,exported_float_payload,False
operand_hybrid_fixed_h32,Operand hybrid + fixed H32,9960,2.5702898502349854,3.248363971710205,0.16325195133686066,35999.75429540641,2303984.2749060104,92.6624874343831,41775267840.0,0.0003,129.74023866653442,153.767578125,0,0,exported_float_payload,False
operand_hybrid_fixed_h32,Operand hybrid + fixed H32,9970,2.6093640327453613,3.449329376220703,0.1252044141292572,35976.046244692174,2302466.959660299,92.60146349145907,41817210880.0,0.0003,129.74023866653442,153.767578125,0,0,exported_float_payload,False
operand_hybrid_fixed_h32,Operand hybrid + fixed H32,9980,2.5632894039154053,3.028728723526001,0.1718658208847046,35951.50203783405,2300896.130421379,92.53828730306303,41859153920.0,0.0003,129.74023866653442,153.767578125,0,0,exported_float_payload,False
operand_hybrid_fixed_h32,Operand hybrid + fixed H32,9990,2.5588736534118652,3.0349550247192383,0.12183631956577301,35973.702672386324,2302316.9710327247,92.59543119363947,41901096960.0,0.0003,129.74023866653442,153.767578125,0,0,exported_float_payload,False
operand_hybrid_fixed_h32,Operand hybrid + fixed H32,10000,2.6033828258514404,3.3661859035491943,0.26267221570014954,36000.36646625874,2304023.4538405593,92.66406314719063,41943040000.0,0.0003,129.74023866653442,153.767578125,0,0,exported_float_payload,False
operand_hybrid_fixed_h32,Operand hybrid + fixed H32,10010,2.613032102584839,3.234325408935547,0.10704819858074188,28174.75485078623,1803184.3104503187,72.52113016951716,41984983040.0,0.0003,129.74023866653442,153.767578125,0,0,exported_float_payload,False
operand_hybrid_fixed_h32,Operand hybrid + fixed H32,10020,2.6094744205474854,3.254189968109131,0.155499666929245,35965.48738836861,2301791.192855591,92.57428525342512,42026926080.0,0.0003,129.74023866653442,153.767578125,0,0,exported_float_payload,False
operand_hybrid_fixed_h32,Operand hybrid + fixed H32,10030,2.6159417629241943,3.1753010749816895,0.2422194480895996,35983.68581434808,2302955.892118277,92.62112755698116,42068869120.0,0.0003,129.74023866653442,153.767578125,0,0,exported_float_payload,False
operand_hybrid_fixed_h32,Operand hybrid + fixed H32,10040,2.634237051010132,3.0758843421936035,0.11332907527685165,35975.02199538346,2302401.4077045415,92.59882709877928,42110812160.0,0.0003,129.74023866653442,153.767578125,0,0,exported_float_payload,False
operand_hybrid_fixed_h32,Operand hybrid + fixed H32,10050,2.59210467338562,2.99912166595459,0.1078120768070221,35998.07682649318,2303876.9168955637,92.6581696704112,42152755200.0,0.0003,129.74023866653442,153.767578125,0,0,exported_float_payload,False
operand_hybrid_fixed_h32,Operand hybrid + fixed H32,10060,2.600074052810669,3.155130386352539,0.13423499464988708,35979.27918903098,2302673.868097983,92.60978501114813,42194698240.0,0.0003,129.74023866653442,153.767578125,0,0,exported_float_payload,False
operand_hybrid_fixed_h32,Operand hybrid + fixed H32,10070,2.564502239227295,2.9995810985565186,0.0877697542309761,35967.80982199925,2301939.828607952,92.58026314081155,42236641280.0,0.0003,129.74023866653442,153.767578125,0,0,exported_float_payload,False
operand_hybrid_fixed_h32,Operand hybrid + fixed H32,10080,2.583439588546753,3.064579963684082,0.1563500612974167,35952.60772896511,2300966.894653767,92.54113332500242,42278584320.0,0.0003,129.74023866653442,153.767578125,0,0,exported_float_payload,False
operand_hybrid_fixed_h32,Operand hybrid + fixed H32,10090,2.6013295650482178,3.049436092376709,0.09202549606561661,35967.689086888786,2301932.1015608823,92.57995237158893,42320527360.0,0.0003,129.74023866653442,153.767578125,0,0,exported_float_payload,False
operand_hybrid_fixed_h32,Operand hybrid + fixed H32,10100,2.606919527053833,3.3280203342437744,0.145147904753685,35975.56763724002,2302436.3287833612,92.6002315675782,42362470400.0,0.0003,129.74023866653442,153.767578125,0,0,exported_float_payload,False
operand_hybrid_fixed_h32,Operand hybrid + fixed H32,10110,2.571742534637451,3.129757881164551,0.11766815185546875,35964.5481419233,2301731.081083091,92.57186765603758,42404413440.0,0.0003,129.74023866653442,153.767578125,0,0,exported_float_payload,False
operand_hybrid_fixed_h32,Operand hybrid + fixed H32,10120,2.5943257808685303,3.305997610092163,0.10442516952753067,35950.865623719765,2300855.399918065,92.53664918869191,42446356480.0,0.0003,129.74023866653442,153.767578125,0,0,exported_float_payload,False
operand_hybrid_fixed_h32,Operand hybrid + fixed H32,10130,2.576720714569092,3.2151598930358887,0.10630761086940765,35977.20054831808,2302540.835092357,92.60443464077173,42488299520.0,0.0003,129.74023866653442,153.767578125,0,0,exported_float_payload,False
operand_hybrid_fixed_h32,Operand hybrid + fixed H32,10140,2.577042579650879,3.2683377265930176,0.2480684369802475,35972.85494133565,2302262.7162454817,92.59324915464038,42530242560.0,0.0003,129.74023866653442,153.767578125,0,0,exported_float_payload,False
operand_hybrid_fixed_h32,Operand hybrid + fixed H32,10150,2.57474946975708,3.0972323417663574,0.12180863320827484,35969.0871841483,2302021.5797854913,92.58355103975425,42572185600.0,0.0003,129.74023866653442,153.767578125,0,0,exported_float_payload,False
operand_hybrid_fixed_h32,Operand hybrid + fixed H32,10160,2.596254825592041,3.4201011657714844,0.09743739664554596,35967.7654560309,2301936.9891859777,92.58014894389368,42614128640.0,0.0003,129.74023866653442,153.767578125,0,0,exported_float_payload,False
operand_hybrid_fixed_h32,Operand hybrid + fixed H32,10170,2.5755908489227295,3.0590295791625977,0.1295556277036667,35955.02513947527,2301121.6089264173,92.54735568055474,42656071680.0,0.0003,129.74023866653442,153.767578125,0,0,exported_float_payload,False
operand_hybrid_fixed_h32,Operand hybrid + fixed H32,10180,2.558332681655884,3.3045268058776855,0.1730472445487976,35948.115477187624,2300679.390540008,92.52957037875376,42698014720.0,0.0003,129.74023866653442,153.767578125,0,0,exported_float_payload,False
operand_hybrid_fixed_h32,Operand hybrid + fixed H32,10190,2.5873663425445557,3.015070915222168,0.09818735718727112,35962.70435719338,2301613.0788603765,92.56712179921963,42739957760.0,0.0003,129.74023866653442,153.767578125,0,0,exported_float_payload,False
operand_hybrid_fixed_h32,Operand hybrid + fixed H32,10200,2.5582544803619385,3.1087498664855957,0.17169299721717834,35953.18502488954,2301003.8415929307,92.5426192705982,42781900800.0,0.0003,129.74023866653442,153.767578125,0,0,exported_float_payload,False
operand_hybrid_fixed_h32,Operand hybrid + fixed H32,10210,2.6002492904663086,3.18526554107666,0.16225214302539825,35959.476122643624,2301406.471849192,92.55881240241244,42823843840.0,0.0003,129.74023866653442,153.767578125,0,0,exported_float_payload,False
operand_hybrid_fixed_h32,Operand hybrid + fixed H32,10220,2.612967014312744,3.3274834156036377,0.17997771501541138,35966.796256300506,2301874.9604032324,92.57765424748263,42865786880.0,0.0003,129.74023866653442,153.767578125,0,0,exported_float_payload,False
operand_hybrid_fixed_h32,Operand hybrid + fixed H32,10230,2.5885796546936035,3.266054630279541,0.15621991455554962,35987.26054725408,2303184.675024261,92.63032883208615,42907729920.0,0.0003,129.74023866653442,153.767578125,0,0,exported_float_payload,False
operand_hybrid_fixed_h32,Operand hybrid + fixed H32,10240,2.582047462463379,3.3880810737609863,0.16810250282287598,35956.168401229275,2301194.7776786736,92.55029840835908,42949672960.0,0.0003,129.74023866653442,153.767578125,0,0,exported_float_payload,False
operand_hybrid_fixed_h32,Operand hybrid + fixed H32,10250,2.5503931045532227,3.0488247871398926,0.12117873877286911,35972.23518987352,2302223.0521519054,92.59165392952852,42991616000.0,0.0003,129.74023866653442,153.767578125,0,0,exported_float_payload,False
operand_hybrid_fixed_h32,Operand hybrid + fixed H32,10260,2.5786633491516113,3.0426292419433594,0.21177144348621368,35966.14098688429,2301833.0231605945,92.57596760002532,43033559040.0,0.0003,129.74023866653442,153.767578125,0,0,exported_float_payload,False
operand_hybrid_fixed_h32,Operand hybrid + fixed H32,10270,2.6000728607177734,3.032090187072754,0.10654045641422272,35957.471670458624,2301278.186909352,92.55365299149311,43075502080.0,0.0003,129.74023866653442,153.767578125,0,0,exported_float_payload,False
operand_hybrid_fixed_h32,Operand hybrid + fixed H32,10280,2.567699909210205,2.9959211349487305,0.08462339639663696,35974.48297894331,2302366.910652372,92.59743968364022,43117445120.0,0.0003,129.74023866653442,153.767578125,0,0,exported_float_payload,False
operand_hybrid_fixed_h32,Operand hybrid + fixed H32,10290,2.5794765949249268,3.1749801635742188,0.20640821754932404,35967.306558487406,2301907.619743194,92.57896775283584,43159388160.0,0.0003,129.74023866653442,153.767578125,0,0,exported_float_payload,False
operand_hybrid_fixed_h32,Operand hybrid + fixed H32,10300,2.591367721557617,2.9988646507263184,0.08717089891433716,35953.71332369853,2301037.652716706,92.54397909881668,43201331200.0,0.0003,129.74023866653442,153.767578125,0,0,exported_float_payload,False
operand_hybrid_fixed_h32,Operand hybrid + fixed H32,10310,2.5940048694610596,3.1093950271606445,0.1614656001329422,35988.229713695655,2303246.701676522,92.63282344281257,43243274240.0,0.0003,129.74023866653442,153.767578125,0,0,exported_float_payload,False
operand_hybrid_fixed_h32,Operand hybrid + fixed H32,10320,2.569974422454834,3.0432052612304688,0.10798971354961395,35958.9795613446,2301374.691926054,92.55753426576868,43285217280.0,0.0003,129.74023866653442,153.767578125,0,0,exported_float_payload,False
operand_hybrid_fixed_h32,Operand hybrid + fixed H32,10330,2.5772531032562256,3.068331241607666,0.09939155727624893,35953.37975718381,2301016.3044597637,92.54312050676282,43327160320.0,0.0003,129.74023866653442,153.767578125,0,0,exported_float_payload,False
operand_hybrid_fixed_h32,Operand hybrid + fixed H32,10340,2.579902172088623,3.267465829849243,0.1079205796122551,35960.593016255974,2301477.9530403824,92.56168725926481,43369103360.0,0.0003,129.74023866653442,153.767578125,0,0,exported_float_payload,False
operand_hybrid_fixed_h32,Operand hybrid + fixed H32,10350,2.584045171737671,3.6562225818634033,0.17515058815479279,35973.60889829205,2302310.969490691,92.59518982141338,43411046400.0,0.0003,129.74023866653442,153.767578125,0,0,exported_float_payload,False
operand_hybrid_fixed_h32,Operand hybrid + fixed H32,10360,2.564467430114746,3.1393849849700928,0.11864514648914337,36003.67149055613,2304234.9753955924,92.67257019893088,43452989440.0,0.0003,129.74023866653442,153.767578125,0,0,exported_float_payload,False
operand_hybrid_fixed_h32,Operand hybrid + fixed H32,10370,2.591684579849243,3.622236490249634,0.2080743908882141,35958.591546756135,2301349.8589923927,92.55653552570416,43494932480.0,0.0003,129.74023866653442,153.767578125,0,0,exported_float_payload,False
operand_hybrid_fixed_h32,Operand hybrid + fixed H32,10380,2.572795867919922,3.110074996948242,0.1256493628025055,35957.58586202169,2301285.495169388,92.55394691778467,43536875520.0,0.0003,129.74023866653442,153.767578125,0,0,exported_float_payload,False
operand_hybrid_fixed_h32,Operand hybrid + fixed H32,10390,2.604050636291504,3.269263744354248,0.13149765133857727,35975.03216968559,2302402.0588598778,92.59885328718423,43578818560.0,0.0003,129.74023866653442,153.767578125,0,0,exported_float_payload,False
operand_hybrid_fixed_h32,Operand hybrid + fixed H32,10400,2.6515707969665527,4.202220916748047,0.14258936047554016,35971.94711397848,2302204.6152946227,92.59091242921757,43620761600.0,0.0003,129.74023866653442,153.767578125,0,0,exported_float_payload,False
operand_hybrid_fixed_h32,Operand hybrid + fixed H32,10410,2.5544047355651855,3.214977741241455,0.10762017220258713,35961.5133069732,2301536.8516462846,92.56405606507167,43662704640.0,0.0003,129.74023866653442,153.767578125,0,0,exported_float_payload,False
operand_hybrid_fixed_h32,Operand hybrid + fixed H32,10420,2.5600292682647705,3.0485739707946777,0.13110969960689545,35968.35661385467,2301974.8232866987,92.58167056967942,43704647680.0,0.0003,129.74023866653442,153.767578125,0,0,exported_float_payload,False
operand_hybrid_fixed_h32,Operand hybrid + fixed H32,10430,2.5511884689331055,3.162520408630371,0.14354155957698822,35995.30114307022,2303699.273156494,92.6510251291404,43746590720.0,0.0003,129.74023866653442,153.767578125,0,0,exported_float_payload,False
operand_hybrid_fixed_h32,Operand hybrid + fixed H32,10440,2.5914363861083984,3.1217312812805176,0.18212243914604187,35967.62154246252,2301927.778717601,92.57977851388705,43788533760.0,0.0003,129.74023866653442,153.767578125,0,0,exported_float_payload,False
operand_hybrid_fixed_h32,Operand hybrid + fixed H32,10450,2.5724070072174072,3.0743112564086914,0.17374224960803986,35971.97044817675,2302206.108683312,92.59097249087343,43830476800.0,0.0003,129.74023866653442,153.767578125,0,0,exported_float_payload,False
operand_hybrid_fixed_h32,Operand hybrid + fixed H32,10460,2.583880662918091,3.0337562561035156,0.08124785870313644,35995.50964053331,2303712.616994132,92.65156179651305,43872419840.0,0.0003,129.74023866653442,153.767578125,0,0,exported_float_payload,False
operand_hybrid_fixed_h32,Operand hybrid + fixed H32,10470,2.6107640266418457,3.0844838619232178,0.12258023768663406,35994.738196426406,2303663.24457129,92.64957611824215,43914362880.0,0.0003,129.74023866653442,153.767578125,0,0,exported_float_payload,False
operand_hybrid_fixed_h32,Operand hybrid + fixed H32,10480,2.5901851654052734,3.2358899116516113,0.10883176326751709,35942.82859026673,2300341.0297770705,92.51596206107318,43956305920.0,0.0003,129.74023866653442,153.767578125,0,0,exported_float_payload,False
operand_hybrid_fixed_h32,Operand hybrid + fixed H32,10490,2.6094303131103516,3.2959225177764893,0.08957681059837341,25962.62795026212,1661608.1888167756,66.82716960964656,43998248960.0,0.0003,129.74023866653442,153.767578125,0,0,exported_float_payload,False
operand_hybrid_fixed_h32,Operand hybrid + fixed H32,10500,2.604382276535034,3.197890520095825,0.2873319685459137,36024.80324172288,2305587.4074702645,92.72696280980504,44040192000.0,0.0003,129.74023866653442,153.767578125,0,0,exported_float_payload,False
operand_hybrid_fixed_h32,Operand hybrid + fixed H32,10510,2.602407455444336,3.062666416168213,0.11536682397127151,35986.38603789572,2303128.706425326,92.62807786637772,44082135040.0,0.0003,129.74023866653442,153.767578125,0,0,exported_float_payload,False
operand_hybrid_fixed_h32,Operand hybrid + fixed H32,10520,2.5724167823791504,3.021029472351074,0.17504996061325073,35979.00911923528,2302656.5836310578,92.60908985809665,44124078080.0,0.0003,129.74023866653442,153.767578125,0,0,exported_float_payload,False
operand_hybrid_fixed_h32,Operand hybrid + fixed H32,10530,2.5660064220428467,3.030073642730713,0.09531720727682114,36003.148368692666,2304201.4955963306,92.67122369604361,44166021120.0,0.0003,129.74023866653442,153.767578125,0,0,exported_float_payload,False
operand_hybrid_fixed_h32,Operand hybrid + fixed H32,10540,2.59540057182312,2.9893734455108643,0.19901277124881744,36020.2206664357,2305294.122651885,92.71516737305063,44207964160.0,0.0003,129.74023866653442,153.767578125,0,0,exported_float_payload,False
operand_hybrid_fixed_h32,Operand hybrid + fixed H32,10550,2.5414600372314453,3.0498194694519043,0.0988498330116272,35970.15606210498,2302089.9879747187,92.5863023054828,44249907200.0,0.0003,129.74023866653442,153.767578125,0,0,exported_float_payload,False
operand_hybrid_fixed_h32,Operand hybrid + fixed H32,10560,2.5721611976623535,3.3376922607421875,0.0858379378914833,35973.641003142795,2302313.024201139,92.5952724585143,44291850240.0,0.0003,129.74023866653442,153.767578125,0,0,exported_float_payload,False
operand_hybrid_fixed_h32,Operand hybrid + fixed H32,10570,2.5799105167388916,3.0835485458374023,0.14772602915763855,35968.72335508295,2301998.2947253087,92.58261455263492,44333793280.0,0.0003,129.74023866653442,153.767578125,0,0,exported_float_payload,False
operand_hybrid_fixed_h32,Operand hybrid + fixed H32,10580,2.592937707901001,3.106828451156616,0.12236711382865906,35964.18009901253,2301707.5263368017,92.57092032258318,44375736320.0,0.0003,129.74023866653442,153.767578125,0,0,exported_float_payload,False
operand_hybrid_fixed_h32,Operand hybrid + fixed H32,10590,2.595078706741333,3.062532901763916,0.1103706881403923,35955.65965974437,2301162.2182236398,92.54898892021465,44417679360.0,0.0003,129.74023866653442,153.767578125,0,0,exported_float_payload,False
operand_hybrid_fixed_h32,Operand hybrid + fixed H32,10600,2.572355270385742,3.2733914852142334,0.18513630330562592,35991.70326333718,2303469.0088535794,92.64176427466852,44459622400.0,0.0003,129.74023866653442,153.767578125,0,0,exported_float_payload,False
operand_hybrid_fixed_h32,Operand hybrid + fixed H32,10610,2.6054394245147705,3.1986935138702393,0.1386277824640274,35977.41269983699,2302554.4127895674,92.60498071359473,44501565440.0,0.0003,129.74023866653442,153.767578125,0,0,exported_float_payload,False
operand_hybrid_fixed_h32,Operand hybrid + fixed H32,10620,2.612307071685791,3.496817111968994,0.1306643784046173,35966.92011060093,2301882.8870784594,92.57797304542393,44543508480.0,0.0003,129.74023866653442,153.767578125,0,0,exported_float_payload,False
operand_hybrid_fixed_h32,Operand hybrid + fixed H32,10630,2.5727460384368896,3.654405355453491,0.12619663774967194,35966.1945438668,2301836.450807475,92.57610545438892,44585451520.0,0.0003,129.74023866653442,153.767578125,0,0,exported_float_payload,False
operand_hybrid_fixed_h32,Operand hybrid + fixed H32,10640,2.6047236919403076,3.032140016555786,0.2878618836402893,35988.76565978756,2303281.002226404,92.63420295495033,44627394560.0,0.0003,129.74023866653442,153.767578125,0,0,exported_float_payload,False
operand_hybrid_fixed_h32,Operand hybrid + fixed H32,10650,2.6149532794952393,3.1763339042663574,0.07936025410890579,35972.880908253326,2302264.378128213,92.59331599285161,44669337600.0,0.0003,129.74023866653442,153.767578125,0,0,exported_float_payload,False
operand_hybrid_fixed_h32,Operand hybrid + fixed H32,10660,2.5791068077087402,3.2409472465515137,0.1253660023212433,35986.0755522911,2303108.8353466303,92.62727868402219,44711280640.0,0.0003,129.74023866653442,153.767578125,0,0,exported_float_payload,False
operand_hybrid_fixed_h32,Operand hybrid + fixed H32,10670,2.5664865970611572,2.9974923133850098,0.15046991407871246,35939.10238450979,2300102.5526086264,92.5063708985531,44753223680.0,0.0003,129.74023866653442,153.767578125,0,0,exported_float_payload,False
operand_hybrid_fixed_h32,Operand hybrid + fixed H32,10680,2.5899083614349365,3.0909950733184814,0.08355871587991714,35981.28862240529,2302802.4718339387,92.61495724352699,44795166720.0,0.0003,129.74023866653442,153.767578125,0,0,exported_float_payload,False
operand_hybrid_fixed_h32,Operand hybrid + fixed H32,10690,2.5516109466552734,3.103055477142334,0.1969454288482666,35967.53860530256,2301922.4707393637,92.57956503566497,44837109760.0,0.0003,129.74023866653442,153.767578125,0,0,exported_float_payload,False
operand_hybrid_fixed_h32,Operand hybrid + fixed H32,10700,2.575859308242798,2.986300468444824,0.1437786966562271,35970.73193129449,2302126.8436028473,92.58778457869775,44879052800.0,0.0003,129.74023866653442,153.767578125,0,0,exported_float_payload,False
operand_hybrid_fixed_h32,Operand hybrid + fixed H32,10710,2.5751044750213623,3.1128711700439453,0.09120055288076401,35983.000979907825,2302912.062714101,92.61936480987478,44920995840.0,0.0003,129.74023866653442,153.767578125,0,0,exported_float_payload,False
operand_hybrid_fixed_h32,Operand hybrid + fixed H32,10720,2.570582151412964,3.040736198425293,0.11789015680551529,35956.723646290025,2301230.3133625616,92.55172759557081,44962938880.0,0.0003,129.74023866653442,153.767578125,0,0,exported_float_payload,False
operand_hybrid_fixed_h32,Operand hybrid + fixed H32,10730,2.591141939163208,2.990720510482788,0.08791571855545044,35958.702464569025,2301356.9577324176,92.55682102544282,45004881920.0,0.0003,129.74023866653442,153.767578125,0,0,exported_float_payload,False
operand_hybrid_fixed_h32,Operand hybrid + fixed H32,10740,2.586764335632324,3.2066574096679688,0.21686068177223206,35971.00248639091,2302144.1591290184,92.58848098090142,45046824960.0,0.0003,129.74023866653442,153.767578125,0,0,exported_float_payload,False
operand_hybrid_fixed_h32,Operand hybrid + fixed H32,10750,2.5775551795959473,3.2380971908569336,0.08804930746555328,25526.103923347087,1633670.6510942136,65.70356743650667,45088768000.0,0.0003,129.74023866653442,153.767578125,0,0,exported_float_payload,False
operand_hybrid_fixed_h32,Operand hybrid + fixed H32,10760,2.5785911083221436,3.0390946865081787,0.14863085746765137,36060.7082546379,2307885.3282968258,92.81938143524255,45130711040.0,0.0003,129.74023866653442,153.767578125,0,0,exported_float_payload,False
operand_hybrid_fixed_h32,Operand hybrid + fixed H32,10770,2.5741710662841797,3.0801987648010254,0.18937170505523682,35998.987005451716,2303935.16834891,92.66051244879841,45172654080.0,0.0003,129.74023866653442,153.767578125,0,0,exported_float_payload,False
operand_hybrid_fixed_h32,Operand hybrid + fixed H32,10780,2.604288339614868,3.2329368591308594,0.23344886302947998,35983.835521162604,2302965.4733544067,92.62151289866172,45214597120.0,0.0003,129.74023866653442,153.767578125,0,0,exported_float_payload,False
operand_hybrid_fixed_h32,Operand hybrid + fixed H32,10790,2.592381715774536,2.9882938861846924,0.1395135223865509,35994.95394357709,2303677.052388934,92.65013144613341,45256540160.0,0.0003,129.74023866653442,153.767578125,0,0,exported_float_payload,False
operand_hybrid_fixed_h32,Operand hybrid + fixed H32,10800,2.5474843978881836,3.1267218589782715,0.15310883522033691,35987.44359762912,2303196.3902482637,92.63079999927629,45298483200.0,0.0003,129.74023866653442,153.767578125,0,0,exported_float_payload,False
operand_hybrid_fixed_h32,Operand hybrid + fixed H32,10810,2.5968713760375977,3.1085288524627686,0.1279841810464859,35984.75269591601,2303024.1725386246,92.6238736840539,45340426240.0,0.0003,129.74023866653442,153.767578125,0,0,exported_float_payload,False
operand_hybrid_fixed_h32,Operand hybrid + fixed H32,10820,2.5689592361450195,3.2293965816497803,0.20613722503185272,35986.99282191552,2303167.540602593,92.62963971361005,45382369280.0,0.0003,129.74023866653442,153.767578125,0,0,exported_float_payload,False
operand_hybrid_fixed_h32,Operand hybrid + fixed H32,10830,2.573693037033081,3.194030284881592,0.10538441687822342,35952.557976197066,2300963.710476612,92.54100526259384,45424312320.0,0.0003,129.74023866653442,153.767578125,0,0,exported_float_payload,False
operand_hybrid_fixed_h32,Operand hybrid + fixed H32,10840,2.563775062561035,3.1056272983551025,0.11528534442186356,35951.91408561607,2300922.5014794283,92.53934790398019,45466255360.0,0.0003,129.74023866653442,153.767578125,0,0,exported_float_payload,False
operand_hybrid_fixed_h32,Operand hybrid + fixed H32,10850,2.5616352558135986,3.357553005218506,0.13379694521427155,35984.79562982419,2303026.9203087483,92.62398419488392,45508198400.0,0.0003,129.74023866653442,153.767578125,0,0,exported_float_payload,False
operand_hybrid_fixed_h32,Operand hybrid + fixed H32,10860,2.5660958290100098,3.5954389572143555,0.19001083076000214,35949.40742895604,2300762.0754531864,92.53289583102001,45550141440.0,0.0003,129.74023866653442,153.767578125,0,0,exported_float_payload,False
operand_hybrid_fixed_h32,Operand hybrid + fixed H32,10870,2.5569844245910645,3.2099099159240723,0.12866035103797913,35986.766315665926,2303153.044202619,92.62905669206121,45592084480.0,0.0003,129.74023866653442,153.767578125,0,0,exported_float_payload,False
operand_hybrid_fixed_h32,Operand hybrid + fixed H32,10880,2.584688901901245,2.997891664505005,0.1563827246427536,35987.75405898879,2303216.2597752823,92.6315991192259,45634027520.0,0.0003,129.74023866653442,153.767578125,0,0,exported_float_payload,False
operand_hybrid_fixed_h32,Operand hybrid + fixed H32,10890,2.556941509246826,2.98718523979187,0.21561789512634277,35948.98435344802,2300734.998620673,92.53180684500572,45675970560.0,0.0003,129.74023866653442,153.767578125,0,0,exported_float_payload,False
operand_hybrid_fixed_h32,Operand hybrid + fixed H32,10900,2.578404426574707,4.059622764587402,0.09055539220571518,35970.06681950346,2302084.2764482214,92.5860725972083,45717913600.0,0.0003,129.74023866653442,153.767578125,0,0,exported_float_payload,False
operand_hybrid_fixed_h32,Operand hybrid + fixed H32,10910,2.5568108558654785,3.0073444843292236,0.1410200148820877,35962.42981188625,2301595.50796072,92.56641512631117,45759856640.0,0.0003,129.74023866653442,153.767578125,0,0,exported_float_payload,False
operand_hybrid_fixed_h32,Operand hybrid + fixed H32,10920,2.5668892860412598,3.0480504035949707,0.08203019946813583,35977.31032097033,2302547.8605421013,92.60471719289491,45801799680.0,0.0003,129.74023866653442,153.767578125,0,0,exported_float_payload,False
operand_hybrid_fixed_h32,Operand hybrid + fixed H32,10930,2.572517156600952,3.8286123275756836,0.16146354377269745,35987.600695704474,2303206.4445250863,92.6312043658815,45843742720.0,0.0003,129.74023866653442,153.767578125,0,0,exported_float_payload,False
operand_hybrid_fixed_h32,Operand hybrid + fixed H32,10940,2.519984483718872,3.0029821395874023,0.11572198569774628,35983.911262416026,2302970.3207946257,92.6217078547963,45885685760.0,0.0003,129.74023866653442,153.767578125,0,0,exported_float_payload,False
operand_hybrid_fixed_h32,Operand hybrid + fixed H32,10950,2.5790414810180664,3.1221063137054443,0.17715492844581604,35944.510642330504,2300448.6811091523,92.52029162196254,45927628800.0,0.0003,129.74023866653442,153.767578125,0,0,exported_float_payload,False
operand_hybrid_fixed_h32,Operand hybrid + fixed H32,10960,2.5567731857299805,3.0377297401428223,0.11396323889493942,35966.53175918247,2301858.032587678,92.57697343836723,45969571840.0,0.0003,129.74023866653442,153.767578125,0,0,exported_float_payload,False
operand_hybrid_fixed_h32,Operand hybrid + fixed H32,10970,2.563016653060913,2.9926419258117676,0.11139702051877975,35976.84772368306,2302518.2543157157,92.60352647878705,46011514880.0,0.0003,129.74023866653442,153.767578125,0,0,exported_float_payload,False
operand_hybrid_fixed_h32,Operand hybrid + fixed H32,10980,2.574863910675049,3.1291046142578125,0.11440929025411606,35975.52999288554,2302433.9195446745,92.6001346719301,46053457920.0,0.0003,129.74023866653442,153.767578125,0,0,exported_float_payload,False
operand_hybrid_fixed_h32,Operand hybrid + fixed H32,10990,2.5473408699035645,3.251883029937744,0.1574852019548416,35946.68325833482,2300587.7285334286,92.52588388244153,46095400960.0,0.0003,129.74023866653442,153.767578125,0,0,exported_float_payload,False
operand_hybrid_fixed_h32,Operand hybrid + fixed H32,11000,2.5539238452911377,3.3508005142211914,0.14932018518447876,35959.23863868917,2301391.2728761067,92.55820112451968,46137344000.0,0.0003,129.74023866653442,153.767578125,0,0,exported_float_payload,False
operand_hybrid_fixed_h32,Operand hybrid + fixed H32,11010,2.56597900390625,3.16276216506958,0.1436767876148224,28434.889316908942,1819832.9162821723,73.1907099255496,46179287040.0,0.0003,129.74023866653442,153.767578125,0,0,exported_float_payload,False
operand_hybrid_fixed_h32,Operand hybrid + fixed H32,11020,2.599757432937622,3.316631317138672,0.16439533233642578,35951.11015114524,2300871.0496732956,92.53727859630689,46221230080.0,0.0003,129.74023866653442,153.767578125,0,0,exported_float_payload,False
operand_hybrid_fixed_h32,Operand hybrid + fixed H32,11030,2.5880069732666016,3.3805084228515625,0.10482873767614365,35939.70087337922,2300140.85589627,92.50791139427115,46263173120.0,0.0003,129.74023866653442,153.767578125,0,0,exported_float_payload,False
operand_hybrid_fixed_h32,Operand hybrid + fixed H32,11040,2.5692555904388428,3.993960380554199,0.16817642748355865,35963.03421317274,2301634.189643055,92.56797084044618,46305116160.0,0.0003,129.74023866653442,153.767578125,0,0,exported_float_payload,False
operand_hybrid_fixed_h32,Operand hybrid + fixed H32,11050,2.5783448219299316,3.0920448303222656,0.09163306653499603,35950.676595846744,2300843.3021341916,92.5361626355681,46347059200.0,0.0003,129.74023866653442,153.767578125,0,0,exported_float_payload,False
operand_hybrid_fixed_h32,Operand hybrid + fixed H32,11060,2.560055732727051,3.092564821243286,0.10137810558080673,35949.23456782733,2300751.012340949,92.53245089070083,46389002240.0,0.0003,129.74023866653442,153.767578125,0,0,exported_float_payload,False
operand_hybrid_fixed_h32,Operand hybrid + fixed H32,11070,2.5776889324188232,3.052098274230957,0.1568283587694168,35965.47654668481,2301790.498987828,92.5742573471961,46430945280.0,0.0003,129.74023866653442,153.767578125,0,0,exported_float_payload,False
operand_hybrid_fixed_h32,Operand hybrid + fixed H32,11080,2.587489128112793,3.037519931793213,0.10999394953250885,35956.6069523028,2301222.844947379,92.55142722810064,46472888320.0,0.0003,129.74023866653442,153.767578125,0,0,exported_float_payload,False
operand_hybrid_fixed_h32,Operand hybrid + fixed H32,11090,2.583927869796753,3.13460111618042,0.09895715862512589,35999.80050191795,2303987.2321227486,92.66260636881412,46514831360.0,0.0003,129.74023866653442,153.767578125,0,0,exported_float_payload,False
operand_hybrid_fixed_h32,Operand hybrid + fixed H32,11100,2.5786826610565186,3.158766269683838,0.20329107344150543,35974.637603356394,2302376.806614809,92.59783768309923,46556774400.0,0.0003,129.74023866653442,153.767578125,0,0,exported_float_payload,False
operand_hybrid_fixed_h32,Operand hybrid + fixed H32,11110,2.543691396713257,2.9838216304779053,0.09339620918035507,35980.07399511066,2302724.735687082,92.6118308225658,46598717440.0,0.0003,129.74023866653442,153.767578125,0,0,exported_float_payload,False
operand_hybrid_fixed_h32,Operand hybrid + fixed H32,11120,2.5398054122924805,3.003831386566162,0.11114657670259476,35964.55577555916,2301731.569635786,92.57188730482967,46640660480.0,0.0003,129.74023866653442,153.767578125,0,0,exported_float_payload,False
operand_hybrid_fixed_h32,Operand hybrid + fixed H32,11130,2.56691312789917,3.1187233924865723,0.2069479078054428,36001.159479275055,2304074.2066736035,92.66610434330704,46682603520.0,0.0003,129.74023866653442,153.767578125,0,0,exported_float_payload,False
operand_hybrid_fixed_h32,Operand hybrid + fixed H32,11140,2.5464744567871094,2.9171223640441895,0.09027648717164993,35962.89401975953,2301625.21726461,92.56760998602803,46724546560.0,0.0003,129.74023866653442,153.767578125,0,0,exported_float_payload,False
operand_hybrid_fixed_h32,Operand hybrid + fixed H32,11150,2.609804391860962,3.3381104469299316,0.32727688550949097,35986.4710569302,2303134.1476435326,92.62829670329393,46766489600.0,0.0003,129.74023866653442,153.767578125,0,0,exported_float_payload,False
operand_hybrid_fixed_h32,Operand hybrid + fixed H32,11160,2.570114850997925,3.1876213550567627,0.11062484979629517,35951.54375179965,2300898.8001151774,92.53839467379065,46808432640.0,0.0003,129.74023866653442,153.767578125,0,0,exported_float_payload,False
operand_hybrid_fixed_h32,Operand hybrid + fixed H32,11170,2.561864137649536,3.3078255653381348,0.13660572469234467,35955.34682161159,2301142.1965831416,92.54818368250913,46850375680.0,0.0003,129.74023866653442,153.767578125,0,0,exported_float_payload,False
operand_hybrid_fixed_h32,Operand hybrid + fixed H32,11180,2.5777738094329834,3.090054988861084,0.18595875799655914,35950.549889923685,2300835.192955116,92.53583649761985,46892318720.0,0.0003,129.74023866653442,153.767578125,0,0,exported_float_payload,False
operand_hybrid_fixed_h32,Operand hybrid + fixed H32,11190,2.5650417804718018,3.093080520629883,0.10772503167390823,35956.15470181914,2301193.900916425,92.55026314641232,46934261760.0,0.0003,129.74023866653442,153.767578125,0,0,exported_float_payload,False
operand_hybrid_fixed_h32,Operand hybrid + fixed H32,11200,2.627967596054077,4.003836631774902,0.19513647258281708,35980.54442893867,2302754.843452075,92.61304170773793,46976204800.0,0.0003,129.74023866653442,153.767578125,0,0,exported_float_payload,False
operand_hybrid_fixed_h32,Operand hybrid + fixed H32,11210,2.5828697681427,3.167233943939209,0.22006414830684662,35949.836043498755,2300789.5067839203,92.53399907437421,47018147840.0,0.0003,129.74023866653442,153.767578125,0,0,exported_float_payload,False
operand_hybrid_fixed_h32,Operand hybrid + fixed H32,11220,2.5510387420654297,3.3971610069274902,0.10847222805023193,35970.81423870304,2302132.1112769945,92.58799643595512,47060090880.0,0.0003,129.74023866653442,153.767578125,0,0,exported_float_payload,False
operand_hybrid_fixed_h32,Operand hybrid + fixed H32,11230,2.572252035140991,3.154886484146118,0.13408271968364716,35959.49057891314,2301407.397050441,92.55884961249674,47102033920.0,0.0003,129.74023866653442,153.767578125,0,0,exported_float_payload,False
operand_hybrid_fixed_h32,Operand hybrid + fixed H32,11240,2.5890769958496094,3.0560574531555176,0.11840810626745224,35954.19605358628,2301068.547429522,92.54522163374598,47143976960.0,0.0003,129.74023866653442,153.767578125,0,0,exported_float_payload,False
operand_hybrid_fixed_h32,Operand hybrid + fixed H32,11250,2.5821406841278076,3.089012861251831,0.10603450238704681,14608.009160566735,934912.586276271,37.600658442690815,47185920000.0,0.0003,129.74023866653442,153.767578125,0,0,exported_float_payload,False
operand_hybrid_fixed_h32,Operand hybrid + fixed H32,11260,2.5776610374450684,3.390352725982666,0.2077026665210724,36028.934684773994,2305851.8198255356,92.73759704321309,47227863040.0,0.0003,129.74023866653442,153.767578125,0,0,exported_float_payload,False
operand_hybrid_fixed_h32,Operand hybrid + fixed H32,11270,2.552842617034912,3.100708246231079,0.11826743930578232,36004.11981505939,2304263.668163801,92.67372417524165,47269806080.0,0.0003,129.74023866653442,153.767578125,0,0,exported_float_payload,False
operand_hybrid_fixed_h32,Operand hybrid + fixed H32,11280,2.5775110721588135,3.7720398902893066,0.10587529838085175,36001.91587476978,2304122.615985266,92.6680512868181,47311749120.0,0.0003,129.74023866653442,153.767578125,0,0,exported_float_payload,False
operand_hybrid_fixed_h32,Operand hybrid + fixed H32,11290,2.5619421005249023,3.0425596237182617,0.17756426334381104,35977.79489323919,2302578.873167308,92.60596447006813,47353692160.0,0.0003,129.74023866653442,153.767578125,0,0,exported_float_payload,False
operand_hybrid_fixed_h32,Operand hybrid + fixed H32,11300,2.6039841175079346,3.361217975616455,0.12920790910720825,35955.66128198564,2301162.322047081,92.54899309582402,47395635200.0,0.0003,129.74023866653442,153.767578125,0,0,exported_float_payload,False
operand_hybrid_fixed_h32,Operand hybrid + fixed H32,11310,2.586960792541504,3.4584178924560547,0.1717754751443863,35953.89010675227,2301048.966832145,92.544434134075,47437578240.0,0.0003,129.74023866653442,153.767578125,0,0,exported_float_payload,False
operand_hybrid_fixed_h32,Operand hybrid + fixed H32,11320,2.5417933464050293,3.0966053009033203,0.1137828677892685,35946.873249587756,2300599.8879736164,92.52637291528168,47479521280.0,0.0003,129.74023866653442,153.767578125,0,0,exported_float_payload,False
operand_hybrid_fixed_h32,Operand hybrid + fixed H32,11330,2.5628724098205566,3.0692763328552246,0.17390328645706177,35949.287315979425,2300754.388222683,92.53258666315475,47521464320.0,0.0003,129.74023866653442,153.767578125,0,0,exported_float_payload,False
operand_hybrid_fixed_h32,Operand hybrid + fixed H32,11340,2.5302810668945312,3.062161684036255,0.11691612005233765,35949.96878959486,2300798.002534071,92.5343407595802,47563407360.0,0.0003,129.74023866653442,153.767578125,0,0,exported_float_payload,False
operand_hybrid_fixed_h32,Operand hybrid + fixed H32,11350,2.5605413913726807,3.2646050453186035,0.24301458895206451,35975.13008752234,2302408.3256014297,92.59910532530212,47605350400.0,0.0003,129.74023866653442,153.767578125,0,0,exported_float_payload,False
operand_hybrid_fixed_h32,Operand hybrid + fixed H32,11360,2.547003746032715,3.0993473529815674,0.12048215419054031,35951.50767120205,2300896.4909569314,92.53830180321454,47647293440.0,0.0003,129.74023866653442,153.767578125,0,0,exported_float_payload,False
operand_hybrid_fixed_h32,Operand hybrid + fixed H32,11370,2.588620662689209,3.0747361183166504,0.11812533438205719,35918.566574370496,2298788.2607597117,92.45351222531404,47689236480.0,0.0003,129.74023866653442,153.767578125,0,0,exported_float_payload,False
operand_hybrid_fixed_h32,Operand hybrid + fixed H32,11380,2.5729198455810547,3.416259765625,0.12454745918512344,35960.373829966265,2301463.925117841,92.56112307911377,47731179520.0,0.0003,129.74023866653442,153.767578125,0,0,exported_float_payload,False
operand_hybrid_fixed_h32,Operand hybrid + fixed H32,11390,2.566014051437378,3.061856746673584,0.13332442939281464,35962.88565257553,2301624.681764834,92.56758844910098,47773122560.0,0.0003,129.74023866653442,153.767578125,0,0,exported_float_payload,False
operand_hybrid_fixed_h32,Operand hybrid + fixed H32,11400,2.5724093914031982,2.9903087615966797,0.11208971589803696,35972.513011989984,2302240.832767359,92.5923690368641,47815065600.0,0.0003,129.74023866653442,153.767578125,0,0,exported_float_payload,False
operand_hybrid_fixed_h32,Operand hybrid + fixed H32,11410,2.542614698410034,3.3463785648345947,0.21590177714824677,35943.86557943308,2300407.397083717,92.51863124583505,47857008640.0,0.0003,129.74023866653442,153.767578125,0,0,exported_float_payload,False
operand_hybrid_fixed_h32,Operand hybrid + fixed H32,11420,2.5784718990325928,3.6913299560546875,0.16730892658233643,35955.43629891258,2301147.923130405,92.54841399489435,47898951680.0,0.0003,129.74023866653442,153.767578125,0,0,exported_float_payload,False
operand_hybrid_fixed_h32,Operand hybrid + fixed H32,11430,2.564479351043701,3.1877710819244385,0.15590736269950867,35942.21181618444,2300301.556235804,92.51437449966427,47940894720.0,0.0003,129.74023866653442,153.767578125,0,0,exported_float_payload,False
operand_hybrid_fixed_h32,Operand hybrid + fixed H32,11440,2.564415693283081,3.143233299255371,0.13411559164524078,35962.204681613606,2301581.099623271,92.56583564649337,47982837760.0,0.0003,129.74023866653442,153.767578125,0,0,exported_float_payload,False
operand_hybrid_fixed_h32,Operand hybrid + fixed H32,11450,2.5213959217071533,2.9268288612365723,0.10158885270357132,35964.26852571112,2301713.185645512,92.5711479307435,48024780800.0,0.0003,129.74023866653442,153.767578125,0,0,exported_float_payload,False
operand_hybrid_fixed_h32,Operand hybrid + fixed H32,11460,2.573169708251953,2.9875998497009277,0.099627785384655,35939.88085574736,2300152.374767831,92.50837466448654,48066723840.0,0.0003,129.74023866653442,153.767578125,0,0,exported_float_payload,False
operand_hybrid_fixed_h32,Operand hybrid + fixed H32,11470,2.56364107131958,3.048475980758667,0.12890155613422394,35937.94567425674,2300028.5231524315,92.50339355464101,48108666880.0,0.0003,129.74023866653442,153.767578125,0,0,exported_float_payload,False
operand_hybrid_fixed_h32,Operand hybrid + fixed H32,11480,2.590039014816284,3.070176601409912,0.25213995575904846,35946.004053045224,2300544.2593948944,92.52413562463133,48150609920.0,0.0003,129.74023866653442,153.767578125,0,0,exported_float_payload,False
operand_hybrid_fixed_h32,Operand hybrid + fixed H32,11490,2.5945382118225098,2.9965994358062744,0.11433731019496918,35947.66285998871,2300650.4230392775,92.52840535314934,48192552960.0,0.0003,129.74023866653442,153.767578125,0,0,exported_float_payload,False
operand_hybrid_fixed_h32,Operand hybrid + fixed H32,11500,2.5707223415374756,2.9983513355255127,0.24889619648456573,35938.76060460501,2300080.678694721,92.50549116543404,48234496000.0,0.0003,129.74023866653442,153.767578125,0,0,exported_float_payload,False
operand_hybrid_fixed_h32,Operand hybrid + fixed H32,11510,2.58296537399292,3.13716983795166,0.17783650755882263,35957.36767608774,2301271.5312696155,92.5533853125249,48276439040.0,0.0003,129.74023866653442,153.767578125,0,0,exported_float_payload,False
operand_hybrid_fixed_h32,Operand hybrid + fixed H32,11520,2.5693464279174805,3.0872998237609863,0.12478116154670715,35926.74105759268,2299311.4276859313,92.47455314527818,48318382080.0,0.0003,129.74023866653442,153.767578125,0,0,exported_float_payload,False
operand_hybrid_fixed_h32,Operand hybrid + fixed H32,11530,2.5738673210144043,3.545823574066162,0.0971079096198082,35964.80785003467,2301747.7024022187,92.57253613836691,48360325120.0,0.0003,129.74023866653442,153.767578125,0,0,exported_float_payload,False
operand_hybrid_fixed_h32,Operand hybrid + fixed H32,11540,2.5791945457458496,3.0094828605651855,0.23391492664813995,35950.01808430779,2300801.1573956986,92.53446764296613,48402268160.0,0.0003,129.74023866653442,153.767578125,0,0,exported_float_payload,False
operand_hybrid_fixed_h32,Operand hybrid + fixed H32,11550,2.5658950805664062,3.23376202583313,0.10346806794404984,35909.293436806096,2298194.77995559,92.42964339593294,48444211200.0,0.0003,129.74023866653442,153.767578125,0,0,exported_float_payload,False
operand_hybrid_fixed_h32,Operand hybrid + fixed H32,11560,2.5459556579589844,3.095970630645752,0.16415224969387054,35938.08281275939,2300037.300016601,92.50374654579406,48486154240.0,0.0003,129.74023866653442,153.767578125,0,0,exported_float_payload,False
operand_hybrid_fixed_h32,Operand hybrid + fixed H32,11570,2.544673442840576,3.107691764831543,0.14375394582748413,35933.029608250356,2299713.8949280228,92.49073972092856,48528097280.0,0.0003,129.74023866653442,153.767578125,0,0,exported_float_payload,False
operand_hybrid_fixed_h32,Operand hybrid + fixed H32,11580,2.549914598464966,3.1587114334106445,0.21661025285720825,35946.838046011726,2300597.6349447505,92.52628230213763,48570040320.0,0.0003,129.74023866653442,153.767578125,0,0,exported_float_payload,False
operand_hybrid_fixed_h32,Operand hybrid + fixed H32,11590,2.576495885848999,3.0124120712280273,0.17209811508655548,35963.52369621743,2301665.5165579156,92.56923075783635,48611983360.0,0.0003,129.74023866653442,153.767578125,0,0,exported_float_payload,False
operand_hybrid_fixed_h32,Operand hybrid + fixed H32,11600,2.5613224506378174,4.414018154144287,0.13189628720283508,35983.37847578018,2302936.2224499313,92.6203364750212,48653926400.0,0.0003,129.74023866653442,153.767578125,0,0,exported_float_payload,False
operand_hybrid_fixed_h32,Operand hybrid + fixed H32,11610,2.5736443996429443,2.976517677307129,0.15793509781360626,32864.79347866744,2103346.782634716,84.59317493561902,48695869440.0,0.0003,129.74023866653442,153.767578125,0,0,exported_float_payload,False
operand_hybrid_fixed_h32,Operand hybrid + fixed H32,11620,2.5525784492492676,3.0860228538513184,0.11676978319883347,35976.943538888554,2302524.3864888675,92.6037731047835,48737812480.0,0.0003,129.74023866653442,153.767578125,0,0,exported_float_payload,False
operand_hybrid_fixed_h32,Operand hybrid + fixed H32,11630,2.5509867668151855,3.1105217933654785,0.15077978372573853,35933.90988730048,2299770.2327872305,92.4930055376825,48779755520.0,0.0003,129.74023866653442,153.767578125,0,0,exported_float_payload,False
operand_hybrid_fixed_h32,Operand hybrid + fixed H32,11640,2.5404882431030273,3.16904878616333,0.10385282337665558,35958.83751792373,2301365.6011471185,92.55716864947604,48821698560.0,0.0003,129.74023866653442,153.767578125,0,0,exported_float_payload,False
operand_hybrid_fixed_h32,Operand hybrid + fixed H32,11650,2.564852476119995,3.1556811332702637,0.14683203399181366,35959.29095221835,2301394.620941974,92.55833577826483,48863641600.0,0.0003,129.74023866653442,153.767578125,0,0,exported_float_payload,False
operand_hybrid_fixed_h32,Operand hybrid + fixed H32,11660,2.5433802604675293,3.2557499408721924,0.19795945286750793,35957.285402643334,2301266.2657691734,92.55317354269042,48905584640.0,0.0003,129.74023866653442,153.767578125,0,0,exported_float_payload,False
operand_hybrid_fixed_h32,Operand hybrid + fixed H32,11670,2.51926851272583,3.034576177597046,0.09037550538778305,35943.598487438256,2300390.3031960484,92.51794375757025,48947527680.0,0.0003,129.74023866653442,153.767578125,0,0,exported_float_payload,False
operand_hybrid_fixed_h32,Operand hybrid + fixed H32,11680,2.5574798583984375,3.085235357284546,0.20732949674129486,35968.94199324157,2302012.2875674604,92.58317732190994,48989470720.0,0.0003,129.74023866653442,153.767578125,0,0,exported_float_payload,False
operand_hybrid_fixed_h32,Operand hybrid + fixed H32,11690,2.5818777084350586,3.1432597637176514,0.11469319462776184,6712.030288449602,429569.93846077455,17.276601866752785,49031413760.0,0.0003,129.74023866653442,153.767578125,0,0,exported_float_payload,False
operand_hybrid_fixed_h32,Operand hybrid + fixed H32,11700,2.5419273376464844,3.08831524848938,0.21378399431705475,36217.76783650481,2317937.141536308,93.22364895917532,49073356800.0,0.0003,129.74023866653442,153.767578125,0,0,exported_float_payload,False
operand_hybrid_fixed_h32,Operand hybrid + fixed H32,11710,2.523131847381592,3.098874092102051,0.15635454654693604,36087.081746238335,2309573.2317592534,92.88726615784294,49115299840.0,0.0003,129.74023866653442,153.767578125,0,0,exported_float_payload,False
operand_hybrid_fixed_h32,Operand hybrid + fixed H32,11720,2.5530989170074463,3.0255136489868164,0.10384798049926758,36026.8344338128,2305717.4037640193,92.73219104858592,49157242880.0,0.0003,129.74023866653442,153.767578125,0,0,exported_float_payload,False
operand_hybrid_fixed_h32,Operand hybrid + fixed H32,11730,2.575178861618042,4.393775939941406,0.22693511843681335,36001.25847965894,2304080.5426981724,92.66635916787482,49199185920.0,0.0003,129.74023866653442,153.767578125,0,0,exported_float_payload,False
operand_hybrid_fixed_h32,Operand hybrid + fixed H32,11740,2.547231435775757,3.0613975524902344,0.17408211529254913,35983.647105091426,2302953.4147258513,92.6210279203009,49241128960.0,0.0003,129.74023866653442,153.767578125,0,0,exported_float_payload,False
operand_hybrid_fixed_h32,Operand hybrid + fixed H32,11750,2.6010749340057373,3.2223148345947266,0.14989063143730164,35980.246969897984,2302735.806073471,92.6122760554395,49283072000.0,0.0003,129.74023866653442,153.767578125,0,0,exported_float_payload,False
operand_hybrid_fixed_h32,Operand hybrid + fixed H32,11760,2.5603718757629395,3.1250996589660645,0.11743875592947006,35989.17982301423,2303307.5086729107,92.63526900097031,49325015040.0,0.0003,129.74023866653442,153.767578125,0,0,exported_float_payload,False
operand_hybrid_fixed_h32,Operand hybrid + fixed H32,11770,2.5455164909362793,3.015347957611084,0.12238911539316177,35993.480988500436,2303582.783264028,92.6463400957769,49366958080.0,0.0003,129.74023866653442,153.767578125,0,0,exported_float_payload,False
operand_hybrid_fixed_h32,Operand hybrid + fixed H32,11780,2.551511287689209,3.0537896156311035,0.13978223502635956,36000.42815902124,2304027.4021773594,92.66422194285305,49408901120.0,0.0003,129.74023866653442,153.767578125,0,0,exported_float_payload,False
operand_hybrid_fixed_h32,Operand hybrid + fixed H32,11790,2.5233945846557617,3.0045971870422363,0.0839792788028717,35988.04830901624,2303235.091777039,92.63235651160274,49450844160.0,0.0003,129.74023866653442,153.767578125,0,0,exported_float_payload,False
operand_hybrid_fixed_h32,Operand hybrid + fixed H32,11800,2.604058027267456,4.539974212646484,0.20267081260681152,35973.95809621809,2302333.318157958,92.59608864833784,49492787200.0,0.0003,129.74023866653442,153.767578125,0,0,exported_float_payload,False
operand_hybrid_fixed_h32,Operand hybrid + fixed H32,11810,2.51352596282959,2.9730958938598633,0.14322909712791443,35926.02595719317,2299265.6612603627,92.47271249433261,49534730240.0,0.0003,129.74023866653442,153.767578125,0,0,exported_float_payload,False
operand_hybrid_fixed_h32,Operand hybrid + fixed H32,11820,2.560774326324463,3.672865152359009,0.1993580460548401,35985.99707921073,2303103.8130694865,92.62707669623182,49576673280.0,0.0003,129.74023866653442,153.767578125,0,0,exported_float_payload,False
operand_hybrid_fixed_h32,Operand hybrid + fixed H32,11830,2.543999671936035,2.963409185409546,0.30171042680740356,35977.93592852309,2302587.8994254777,92.60632749144085,49618616320.0,0.0003,129.74023866653442,153.767578125,0,0,exported_float_payload,False
operand_hybrid_fixed_h32,Operand hybrid + fixed H32,11840,2.56310772895813,3.0259976387023926,0.1345665156841278,35943.16832614827,2300362.772873489,92.5168365329264,49660559360.0,0.0003,129.74023866653442,153.767578125,0,0,exported_float_payload,False
operand_hybrid_fixed_h32,Operand hybrid + fixed H32,11850,2.536978006362915,2.940809726715088,0.12495077401399612,35953.35669600574,2301014.8285443676,92.54306114785427,49702502400.0,0.0003,129.74023866653442,153.767578125,0,0,exported_float_payload,False
operand_hybrid_fixed_h32,Operand hybrid + fixed H32,11860,2.5888476371765137,3.035667896270752,0.28155195713043213,35964.41686981082,2301722.6796678924,92.5715297648294,49744445440.0,0.0003,129.74023866653442,153.767578125,0,0,exported_float_payload,False
operand_hybrid_fixed_h32,Operand hybrid + fixed H32,11870,2.540377378463745,2.963827133178711,0.16166619956493378,35944.190729366324,2300428.2066794448,92.51946817381398,49786388480.0,0.0003,129.74023866653442,153.767578125,0,0,exported_float_payload,False
operand_hybrid_fixed_h32,Operand hybrid + fixed H32,11880,2.5512068271636963,3.4879744052886963,0.10964836925268173,35954.104344950705,2301062.678076845,92.54498557796009,49828331520.0,0.0003,129.74023866653442,153.767578125,0,0,exported_float_payload,False
operand_hybrid_fixed_h32,Operand hybrid + fixed H32,11890,2.5590410232543945,3.03238844871521,0.14516057074069977,35942.89709724248,2300345.4142235187,92.51613839635391,49870274560.0,0.0003,129.74023866653442,153.767578125,0,0,exported_float_payload,False
operand_hybrid_fixed_h32,Operand hybrid + fixed H32,11900,2.5366933345794678,3.0167603492736816,0.11168240010738373,35940.810262704435,2300211.856813084,92.5107669352719,49912217600.0,0.0003,129.74023866653442,153.767578125,0,0,exported_float_payload,False
operand_hybrid_fixed_h32,Operand hybrid + fixed H32,11910,2.5725855827331543,3.0179603099823,0.219514399766922,35956.862149039334,2301239.1775385174,92.55208409826143,49954160640.0,0.0003,129.74023866653442,153.767578125,0,0,exported_float_payload,False
operand_hybrid_fixed_h32,Operand hybrid + fixed H32,11920,2.567424774169922,3.4930665493011475,0.1317518651485443,28725.757241329196,1838448.4634450686,73.93939685186831,49996103680.0,0.0003,129.74023866653442,153.767578125,0,0,exported_float_payload,False
operand_hybrid_fixed_h32,Operand hybrid + fixed H32,11930,2.540332317352295,2.9871199131011963,0.16529157757759094,35962.9781292435,2301630.600271584,92.56782648178347,50038046720.0,0.0003,129.74023866653442,153.767578125,0,0,exported_float_payload,False
operand_hybrid_fixed_h32,Operand hybrid + fixed H32,11940,2.5540549755096436,2.9792351722717285,0.14763247966766357,35994.51828438242,2303649.170200475,92.64901007001734,50079989760.0,0.0003,129.74023866653442,153.767578125,0,0,exported_float_payload,False
operand_hybrid_fixed_h32,Operand hybrid + fixed H32,11950,2.537928342819214,2.957674264907837,0.18904908001422882,35978.203360923784,2302605.015099122,92.60701585590205,50121932800.0,0.0003,129.74023866653442,153.767578125,0,0,exported_float_payload,False
operand_hybrid_fixed_h32,Operand hybrid + fixed H32,11960,2.5805044174194336,3.257631301879883,0.11978936940431595,35959.58851047628,2301413.664670482,92.55910168594605,50163875840.0,0.0003,129.74023866653442,153.767578125,0,0,exported_float_payload,False
operand_hybrid_fixed_h32,Operand hybrid + fixed H32,11970,2.5587713718414307,2.9672136306762695,0.14556574821472168,35937.425013020664,2299995.2008333225,92.50205338534846,50205818880.0,0.0003,129.74023866653442,153.767578125,0,0,exported_float_payload,False
operand_hybrid_fixed_h32,Operand hybrid + fixed H32,11980,2.595848560333252,3.02705979347229,0.09711406379938126,35950.37850090519,2300824.2240579324,92.53539534647638,50247761920.0,0.0003,129.74023866653442,153.767578125,0,0,exported_float_payload,False
operand_hybrid_fixed_h32,Operand hybrid + fixed H32,11990,2.562032461166382,3.0821523666381836,0.16033311188220978,35944.50464761657,2300448.2974474607,92.52027619171544,50289704960.0,0.0003,129.74023866653442,153.767578125,0,0,exported_float_payload,False
operand_hybrid_fixed_h32,Operand hybrid + fixed H32,12000,2.552676200866699,3.0315356254577637,0.18579691648483276,35944.84201908933,2300469.889221717,92.52114457763825,50331648000.0,0.0003,129.74023866653442,153.767578125,0,0,exported_float_payload,False
operand_hybrid_fixed_h32,Operand hybrid + fixed H32,12010,2.5544869899749756,3.001159429550171,0.13456414639949799,28058.781322563587,1795762.0046440696,72.2226171431929,50373591040.0,0.0003,129.74023866653442,153.767578125,0,0,exported_float_payload,False
operand_hybrid_fixed_h32,Operand hybrid + fixed H32,12020,2.5852551460266113,3.010941505432129,0.1519850194454193,35973.08486217457,2302277.4311791724,92.59384096525862,50415534080.0,0.0003,129.74023866653442,153.767578125,0,0,exported_float_payload,False
operand_hybrid_fixed_h32,Operand hybrid + fixed H32,12030,2.56099534034729,2.9523684978485107,0.12015356868505478,35966.00277110204,2301824.1773505304,92.5756118359809,50457477120.0,0.0003,129.74023866653442,153.767578125,0,0,exported_float_payload,False
operand_hybrid_fixed_h32,Operand hybrid + fixed H32,12040,2.604767084121704,5.16109561920166,0.12636302411556244,35969.60304237736,2302054.594712151,92.58487884622416,50499420160.0,0.0003,129.74023866653442,153.767578125,0,0,exported_float_payload,False
operand_hybrid_fixed_h32,Operand hybrid + fixed H32,12050,2.54378080368042,2.9829273223876953,0.0883524939417839,35992.161311818796,2303498.323956403,92.64294328026183,50541363200.0,0.0003,129.74023866653442,153.767578125,0,0,exported_float_payload,False
operand_hybrid_fixed_h32,Operand hybrid + fixed H32,12060,2.55373477935791,3.1321864128112793,0.11343393474817276,35987.93528493473,2303227.8582358225,92.63206559038015,50583306240.0,0.0003,129.74023866653442,153.767578125,0,0,exported_float_payload,False
operand_hybrid_fixed_h32,Operand hybrid + fixed H32,12070,2.574551582336426,3.050767660140991,0.20510023832321167,35942.439278319114,2300316.1138124233,92.51495998163793,50625249280.0,0.0003,129.74023866653442,153.767578125,0,0,exported_float_payload,False
operand_hybrid_fixed_h32,Operand hybrid + fixed H32,12080,2.577270746231079,3.165562152862549,0.11816206574440002,35962.532393711415,2301602.0731975306,92.56667916942122,50667192320.0,0.0003,129.74023866653442,153.767578125,0,0,exported_float_payload,False
operand_hybrid_fixed_h32,Operand hybrid + fixed H32,12090,2.550262689590454,3.1601860523223877,0.10394760966300964,35959.04213860667,2301378.6968708267,92.55769533811136,50709135360.0,0.0003,129.74023866653442,153.767578125,0,0,exported_float_payload,False
operand_hybrid_fixed_h32,Operand hybrid + fixed H32,12100,2.575057029724121,3.055284023284912,0.2120034247636795,35972.634222669854,2302248.5902508707,92.59268103019073,50751078400.0,0.0003,129.74023866653442,153.767578125,0,0,exported_float_payload,False
operand_hybrid_fixed_h32,Operand hybrid + fixed H32,12110,2.5723583698272705,3.1495535373687744,0.18238630890846252,35948.7460787905,2300719.749042592,92.53119353186261,50793021440.0,0.0003,129.74023866653442,153.767578125,0,0,exported_float_payload,False
operand_hybrid_fixed_h32,Operand hybrid + fixed H32,12120,2.5615410804748535,3.0217525959014893,0.1371362954378128,35967.763912668925,2301936.890410811,92.58014497131768,50834964480.0,0.0003,129.74023866653442,153.767578125,0,0,exported_float_payload,False
operand_hybrid_fixed_h32,Operand hybrid + fixed H32,12130,2.5456225872039795,2.985017776489258,0.11961062997579575,35960.6384671527,2301480.8618977726,92.5618042487618,50876907520.0,0.0003,129.74023866653442,153.767578125,0,0,exported_float_payload,False
operand_hybrid_fixed_h32,Operand hybrid + fixed H32,12140,2.579280376434326,3.048686981201172,0.3883829116821289,35971.21658931788,2302157.8617163445,92.58903207660106,50918850560.0,0.0003,129.74023866653442,153.767578125,0,0,exported_float_payload,False
operand_hybrid_fixed_h32,Operand hybrid + fixed H32,12150,2.558067798614502,3.163792610168457,0.13838563859462738,35993.11976882498,2303559.665204799,92.6454103251634,50960793600.0,0.0003,129.74023866653442,153.767578125,0,0,exported_float_payload,False
operand_hybrid_fixed_h32,Operand hybrid + fixed H32,12160,2.4918277263641357,3.062232494354248,0.12176602333784103,35949.57601069942,2300772.864684763,92.533329756306,51002736640.0,0.0003,129.74023866653442,153.767578125,0,0,exported_float_payload,False
operand_hybrid_fixed_h32,Operand hybrid + fixed H32,12170,2.55954647064209,3.1870474815368652,0.1513073444366455,35975.696171210606,2302444.554957479,92.60056241087611,51044679680.0,0.0003,129.74023866653442,153.767578125,0,0,exported_float_payload,False
operand_hybrid_fixed_h32,Operand hybrid + fixed H32,12180,2.5406012535095215,3.016153573989868,0.18298736214637756,35971.73514092121,2302191.0490189577,92.59036681575047,51086622720.0,0.0003,129.74023866653442,153.767578125,0,0,exported_float_payload,False
operand_hybrid_fixed_h32,Operand hybrid + fixed H32,12190,2.5576024055480957,2.972480535507202,0.15445415675640106,35979.01766960352,2302657.1308546253,92.60911186653547,51128565760.0,0.0003,129.74023866653442,153.767578125,0,0,exported_float_payload,False
operand_hybrid_fixed_h32,Operand hybrid + fixed H32,12200,2.5475640296936035,3.022861957550049,0.1885424554347992,35957.29998392936,2301267.198971479,92.55321107456416,51170508800.0,0.0003,129.74023866653442,153.767578125,0,0,exported_float_payload,False
operand_hybrid_fixed_h32,Operand hybrid + fixed H32,12210,2.5622050762176514,3.2794244289398193,0.2114739716053009,35972.679998238855,2302251.5198872867,92.5927988553862,51212451840.0,0.0003,129.74023866653442,153.767578125,0,0,exported_float_payload,False
operand_hybrid_fixed_h32,Operand hybrid + fixed H32,12220,2.543545722961426,3.141653060913086,0.15290683507919312,35959.063964901296,2301380.093753683,92.55775151846012,51254394880.0,0.0003,129.74023866653442,153.767578125,0,0,exported_float_payload,False
operand_hybrid_fixed_h32,Operand hybrid + fixed H32,12230,2.553864002227783,3.111314058303833,0.11306417733430862,35933.44859808789,2299740.710277625,92.4918181905269,51296337920.0,0.0003,129.74023866653442,153.767578125,0,0,exported_float_payload,False
operand_hybrid_fixed_h32,Operand hybrid + fixed H32,12240,2.5759689807891846,3.5049328804016113,0.3452827036380768,35986.678973616945,2303147.4543114845,92.62883187576247,51338280960.0,0.0003,129.74023866653442,153.767578125,0,0,exported_float_payload,False
operand_hybrid_fixed_h32,Operand hybrid + fixed H32,12250,2.596662998199463,3.2036373615264893,0.1102905422449112,35954.71123125291,2301101.5188001865,92.54654768846481,51380224000.0,0.0003,129.74023866653442,153.767578125,0,0,exported_float_payload,False
operand_hybrid_fixed_h32,Operand hybrid + fixed H32,12260,2.548210859298706,3.031815767288208,0.09235607087612152,35963.72596611,2301678.46183104,92.56975139559472,51422167040.0,0.0003,129.74023866653442,153.767578125,0,0,exported_float_payload,False
operand_hybrid_fixed_h32,Operand hybrid + fixed H32,12270,2.5372650623321533,3.1166720390319824,0.16430868208408356,35979.70633527254,2302701.2054574424,92.61088447513102,51464110080.0,0.0003,129.74023866653442,153.767578125,0,0,exported_float_payload,False
operand_hybrid_fixed_h32,Operand hybrid + fixed H32,12280,2.5579028129577637,3.1324219703674316,0.1287771314382553,35970.68500596166,2302123.8403815464,92.5876637940383,51506053120.0,0.0003,129.74023866653442,153.767578125,0,0,exported_float_payload,False
operand_hybrid_fixed_h32,Operand hybrid + fixed H32,12290,2.544400453567505,2.9513015747070312,0.10686740279197693,35964.07340065797,2301700.6976421103,92.57064568362712,51547996160.0,0.0003,129.74023866653442,153.767578125,0,0,exported_float_payload,False
operand_hybrid_fixed_h32,Operand hybrid + fixed H32,12300,2.5559189319610596,2.9937429428100586,0.1830310970544815,35951.02744715393,2300865.7566178516,92.53706571825519,51589939200.0,0.0003,129.74023866653442,153.767578125,0,0,exported_float_payload,False
operand_hybrid_fixed_h32,Operand hybrid + fixed H32,12310,2.5621955394744873,3.4970669746398926,0.21802279353141785,35973.698292720095,2302316.690734086,92.59541992048565,51631882240.0,0.0003,129.74023866653442,153.767578125,0,0,exported_float_payload,False
operand_hybrid_fixed_h32,Operand hybrid + fixed H32,12320,2.5703940391540527,3.1406283378601074,0.11180505156517029,35964.73072971278,2301742.7667016177,92.57233763254382,51673825280.0,0.0003,129.74023866653442,153.767578125,0,0,exported_float_payload,False
operand_hybrid_fixed_h32,Operand hybrid + fixed H32,12330,2.5324928760528564,3.1058497428894043,0.12076912075281143,35987.03197822642,2303170.046606491,92.629740500997,51715768320.0,0.0003,129.74023866653442,153.767578125,0,0,exported_float_payload,False
operand_hybrid_fixed_h32,Operand hybrid + fixed H32,12340,2.5412497520446777,2.968590497970581,0.1465272456407547,35981.46168154483,2302813.547618869,92.6154026935212,51757711360.0,0.0003,129.74023866653442,153.767578125,0,0,exported_float_payload,False
operand_hybrid_fixed_h32,Operand hybrid + fixed H32,12350,2.5464017391204834,3.958740711212158,0.33873364329338074,35963.16287539781,2301642.4240254597,92.56830201386798,51799654400.0,0.0003,129.74023866653442,153.767578125,0,0,exported_float_payload,False
operand_hybrid_fixed_h32,Operand hybrid + fixed H32,12360,2.5491273403167725,3.081989288330078,0.15115368366241455,35942.581367541985,2300325.207522687,92.5153257158238,51841597440.0,0.0003,129.74023866653442,153.767578125,0,0,exported_float_payload,False
operand_hybrid_fixed_h32,Operand hybrid + fixed H32,12370,2.5371313095092773,3.1042652130126953,0.12681828439235687,35968.36763285086,2301975.528502455,92.58169893230622,51883540480.0,0.0003,129.74023866653442,153.767578125,0,0,exported_float_payload,False
operand_hybrid_fixed_h32,Operand hybrid + fixed H32,12380,2.5647547245025635,3.1971397399902344,0.16852225363254547,35961.58913990267,2301541.704953771,92.56425125717819,51925483520.0,0.0003,129.74023866653442,153.767578125,0,0,exported_float_payload,False
operand_hybrid_fixed_h32,Operand hybrid + fixed H32,12390,2.5731353759765625,3.1769752502441406,0.1806550770998001,35973.56823100402,2302308.3667842573,92.59508514480824,51967426560.0,0.0003,129.74023866653442,153.767578125,0,0,exported_float_payload,False
operand_hybrid_fixed_h32,Operand hybrid + fixed H32,12400,2.5743777751922607,3.337698459625244,0.14903874695301056,35935.270504494554,2299857.3122876515,92.49650773307569,52009369600.0,0.0003,129.74023866653442,153.767578125,0,0,exported_float_payload,False
operand_hybrid_fixed_h32,Operand hybrid + fixed H32,12410,2.576978921890259,3.191671848297119,0.14848102629184723,35973.233132814305,2302286.9205001155,92.59422261026039,52051312640.0,0.0003,129.74023866653442,153.767578125,0,0,exported_float_payload,False
operand_hybrid_fixed_h32,Operand hybrid + fixed H32,12420,2.5976881980895996,3.386439800262451,0.1703653186559677,35967.694956972024,2301932.4772462095,92.57996748103969,52093255680.0,0.0003,129.74023866653442,153.767578125,0,0,exported_float_payload,False
operand_hybrid_fixed_h32,Operand hybrid + fixed H32,12430,2.5615711212158203,2.9996912479400635,0.10657888650894165,35997.764946753574,2303856.9565922287,92.65736689958628,52135198720.0,0.0003,129.74023866653442,153.767578125,0,0,exported_float_payload,False
operand_hybrid_fixed_h32,Operand hybrid + fixed H32,12440,2.5517001152038574,3.1562912464141846,0.3091704845428467,35958.32463918919,2301332.776908108,92.5558485121522,52177141760.0,0.0003,129.74023866653442,153.767578125,0,0,exported_float_payload,False
operand_hybrid_fixed_h32,Operand hybrid + fixed H32,12450,2.535325527191162,3.0298361778259277,0.10601363331079483,35986.640059161386,2303144.9637863287,92.62873171090524,52219084800.0,0.0003,129.74023866653442,153.767578125,0,0,exported_float_payload,False
operand_hybrid_fixed_h32,Operand hybrid + fixed H32,12460,2.588921070098877,3.1319894790649414,0.21072813868522644,35962.196681403606,2301580.587609831,92.5658150541484,52261027840.0,0.0003,129.74023866653442,153.767578125,0,0,exported_float_payload,False
operand_hybrid_fixed_h32,Operand hybrid + fixed H32,12470,2.560518741607666,3.046112060546875,0.1035761833190918,35954.624610556464,2301095.9750756137,92.54632472890987,52302970880.0,0.0003,129.74023866653442,153.767578125,0,0,exported_float_payload,False
operand_hybrid_fixed_h32,Operand hybrid + fixed H32,12480,2.5621960163116455,3.1068174839019775,0.1260865181684494,35952.90567167492,2300985.962987195,92.54190022225339,52344913920.0,0.0003,129.74023866653442,153.767578125,0,0,exported_float_payload,False
operand_hybrid_fixed_h32,Operand hybrid + fixed H32,12490,2.595452308654785,3.299795150756836,0.13183864951133728,35940.16479294433,2300170.546748437,92.50910551188984,52386856960.0,0.0003,129.74023866653442,153.767578125,0,0,exported_float_payload,False
operand_hybrid_fixed_h32,Operand hybrid + fixed H32,12500,2.568293333053589,3.744546413421631,0.15388524532318115,35928.517821141315,2299425.140553044,92.47912649121405,52428800000.0,0.0003,129.74023866653442,153.767578125,0,0,exported_float_payload,False
operand_hybrid_fixed_h32,Operand hybrid + fixed H32,12510,2.541477918624878,2.951279640197754,0.14261263608932495,35970.628800714956,2302120.243245757,92.58751912310737,52470743040.0,0.0003,129.74023866653442,153.767578125,0,0,exported_float_payload,False
operand_hybrid_fixed_h32,Operand hybrid + fixed H32,12520,2.534179210662842,3.0162620544433594,0.1662382185459137,35976.00998154966,2302464.638819178,92.6013701510168,52512686080.0,0.0003,129.74023866653442,153.767578125,0,0,exported_float_payload,False
operand_hybrid_fixed_h32,Operand hybrid + fixed H32,12530,2.549412488937378,3.119162082672119,0.16682355105876923,35960.87700331804,2301496.1282123546,92.56241823501966,52554629120.0,0.0003,129.74023866653442,153.767578125,0,0,exported_float_payload,False
operand_hybrid_fixed_h32,Operand hybrid + fixed H32,12540,2.530791997909546,3.02662992477417,0.14401669800281525,35971.37008237401,2302167.6852719365,92.58942716397493,52596572160.0,0.0003,129.74023866653442,153.767578125,0,0,exported_float_payload,False
operand_hybrid_fixed_h32,Operand hybrid + fixed H32,12550,2.5581369400024414,3.093308448791504,0.2528029680252075,35972.4896899602,2302239.340157453,92.59230900652962,52638515200.0,0.0003,129.74023866653442,153.767578125,0,0,exported_float_payload,False
operand_hybrid_fixed_h32,Operand hybrid + fixed H32,12560,2.586393117904663,3.2335710525512695,0.1131671816110611,35960.882406233155,2301496.473998922,92.56243214199107,52680458240.0,0.0003,129.74023866653442,153.767578125,0,0,exported_float_payload,False
operand_hybrid_fixed_h32,Operand hybrid + fixed H32,12570,2.5678467750549316,3.324692964553833,0.1598334014415741,35982.5264836522,2302881.6949537406,92.61814346811327,52722401280.0,0.0003,129.74023866653442,153.767578125,0,0,exported_float_payload,False
operand_hybrid_fixed_h32,Operand hybrid + fixed H32,12580,2.595000743865967,3.923707962036133,0.10554616153240204,35961.5551544416,2301539.5298842625,92.56416377943226,52764344320.0,0.0003,129.74023866653442,153.767578125,0,0,exported_float_payload,False
operand_hybrid_fixed_h32,Operand hybrid + fixed H32,12590,2.50199556350708,2.943253993988037,0.24172697961330414,35970.477732804335,2302110.5748994774,92.58713027799875,52806287360.0,0.0003,129.74023866653442,153.767578125,0,0,exported_float_payload,False
operand_hybrid_fixed_h32,Operand hybrid + fixed H32,12600,2.5618796348571777,3.406118154525757,0.10417153686285019,35947.14020019425,2300616.972812432,92.52706003961639,52848230400.0,0.0003,129.74023866653442,153.767578125,0,0,exported_float_payload,False
operand_hybrid_fixed_h32,Operand hybrid + fixed H32,12610,2.559321403503418,3.151031970977783,0.18833687901496887,35955.84024200044,2301173.7754880283,92.5494537345269,52890173440.0,0.0003,129.74023866653442,153.767578125,0,0,exported_float_payload,False
operand_hybrid_fixed_h32,Operand hybrid + fixed H32,12620,2.5611231327056885,3.1496658325195312,0.21165329217910767,35970.09542640085,2302086.107289654,92.58614623066279,52932116480.0,0.0003,129.74023866653442,153.767578125,0,0,exported_float_payload,False
operand_hybrid_fixed_h32,Operand hybrid + fixed H32,12630,2.538090705871582,2.9611001014709473,0.09694433957338333,35965.34244434646,2301781.9164381735,92.57391217105571,52974059520.0,0.0003,129.74023866653442,153.767578125,0,0,exported_float_payload,False
operand_hybrid_fixed_h32,Operand hybrid + fixed H32,12640,2.5215816497802734,3.1773996353149414,0.15454088151454926,35957.029690957694,2301249.9002212924,92.55251534706322,53016002560.0,0.0003,129.74023866653442,153.767578125,0,0,exported_float_payload,False
operand_hybrid_fixed_h32,Operand hybrid + fixed H32,12650,2.558624744415283,3.2707314491271973,0.1927812546491623,35961.52482349411,2301537.588703623,92.56408570831495,53057945600.0,0.0003,129.74023866653442,153.767578125,0,0,exported_float_payload,False
operand_hybrid_fixed_h32,Operand hybrid + fixed H32,12660,2.5352253913879395,3.218308925628662,0.11072184890508652,35973.956707725454,2302333.229294429,92.59608507439172,53099888640.0,0.0003,129.74023866653442,153.767578125,0,0,exported_float_payload,False
operand_hybrid_fixed_h32,Operand hybrid + fixed H32,12670,2.5173206329345703,3.2710487842559814,0.23144565522670746,35966.34598022531,2301846.14273442,92.57649524787344,53141831680.0,0.0003,129.74023866653442,153.767578125,0,0,exported_float_payload,False
operand_hybrid_fixed_h32,Operand hybrid + fixed H32,12680,2.5673446655273438,3.2209854125976562,0.10962451249361038,35984.837217746266,2303029.581935761,92.62409124117859,53183774720.0,0.0003,129.74023866653442,153.767578125,0,0,exported_float_payload,False
operand_hybrid_fixed_h32,Operand hybrid + fixed H32,12690,2.562511920928955,3.3607654571533203,0.29680249094963074,35954.606323283515,2301094.804690145,92.54627765791638,53225717760.0,0.0003,129.74023866653442,153.767578125,0,0,exported_float_payload,False
operand_hybrid_fixed_h32,Operand hybrid + fixed H32,12700,2.532874822616577,3.065277576446533,0.1290542185306549,35961.52595006075,2301537.660803888,92.56408860806995,53267660800.0,0.0003,129.74023866653442,153.767578125,0,0,exported_float_payload,False
operand_hybrid_fixed_h32,Operand hybrid + fixed H32,12710,2.511319398880005,3.055335521697998,0.13939738273620605,35979.07465254006,2302660.777762564,92.609258539221,53309603840.0,0.0003,129.74023866653442,153.767578125,0,0,exported_float_payload,False
operand_hybrid_fixed_h32,Operand hybrid + fixed H32,12720,2.5298149585723877,3.0538201332092285,0.16563668847084045,35953.49331747653,2301023.572318498,92.54341280817997,53351546880.0,0.0003,129.74023866653442,153.767578125,0,0,exported_float_payload,False
operand_hybrid_fixed_h32,Operand hybrid + fixed H32,12730,2.534060478210449,3.042917251586914,0.11462976038455963,35968.481361383296,2301982.807128531,92.58199166676829,53393489920.0,0.0003,129.74023866653442,153.767578125,0,0,exported_float_payload,False
operand_hybrid_fixed_h32,Operand hybrid + fixed H32,12740,2.544814348220825,3.0404951572418213,0.17998987436294556,35962.67652110773,2301611.2973508947,92.56705014981571,53435432960.0,0.0003,129.74023866653442,153.767578125,0,0,exported_float_payload,False
operand_hybrid_fixed_h32,Operand hybrid + fixed H32,12750,2.5158276557922363,3.384326457977295,0.10574908554553986,35938.22075071247,2300046.128045598,92.50410159471299,53477376000.0,0.0003,129.74023866653442,153.767578125,0,0,exported_float_payload,False
operand_hybrid_fixed_h32,Operand hybrid + fixed H32,12760,2.5521066188812256,3.219167709350586,0.12310647964477539,35971.90157932554,2302201.7010768345,92.59079522413413,53519319040.0,0.0003,129.74023866653442,153.767578125,0,0,exported_float_payload,False
operand_hybrid_fixed_h32,Operand hybrid + fixed H32,12770,2.5342483520507812,3.0008933544158936,0.13939614593982697,35941.189628338834,2300236.1362136854,92.51174341314012,53561262080.0,0.0003,129.74023866653442,153.767578125,0,0,exported_float_payload,False
operand_hybrid_fixed_h32,Operand hybrid + fixed H32,12780,2.519082546234131,3.070801019668579,0.23801881074905396,35959.31619025678,2301396.236176434,92.55840074035873,53603205120.0,0.0003,129.74023866653442,153.767578125,0,0,exported_float_payload,False
operand_hybrid_fixed_h32,Operand hybrid + fixed H32,12790,2.5618159770965576,3.015223979949951,0.11556250602006912,35972.853231111876,2302262.60679116,92.59324475256618,53645148160.0,0.0003,129.74023866653442,153.767578125,0,0,exported_float_payload,False
operand_hybrid_fixed_h32,Operand hybrid + fixed H32,12800,2.520249605178833,3.335468292236328,0.105420783162117,35979.34753700938,2302678.2423686003,92.60996093717355,53687091200.0,0.0003,129.74023866653442,153.767578125,0,0,exported_float_payload,False
operand_hybrid_fixed_h32,Operand hybrid + fixed H32,12810,2.547976493835449,3.245514392852783,0.1428212970495224,35990.16472054624,2303370.5421149596,92.63780410313895,53729034240.0,0.0003,129.74023866653442,153.767578125,0,0,exported_float_payload,False
operand_hybrid_fixed_h32,Operand hybrid + fixed H32,12820,2.5358245372772217,3.0048911571502686,0.22009441256523132,35936.76274647482,2299952.8157743886,92.50034872745057,53770977280.0,0.0003,129.74023866653442,153.767578125,0,0,exported_float_payload,False
operand_hybrid_fixed_h32,Operand hybrid + fixed H32,12830,2.5315492153167725,3.0712337493896484,0.11145789176225662,35970.53158954248,2302114.0217307187,92.58726890392605,53812920320.0,0.0003,129.74023866653442,153.767578125,0,0,exported_float_payload,False
operand_hybrid_fixed_h32,Operand hybrid + fixed H32,12840,2.540956497192383,3.068936347961426,0.08061755448579788,35987.56267003539,2303204.010882265,92.63110648873894,53854863360.0,0.0003,129.74023866653442,153.767578125,0,0,exported_float_payload,False
operand_hybrid_fixed_h32,Operand hybrid + fixed H32,12850,2.546523332595825,3.104033946990967,0.35481736063957214,35923.575939416194,2299108.8601226364,92.46640620847272,53896806400.0,0.0003,129.74023866653442,153.767578125,0,0,exported_float_payload,False
operand_hybrid_fixed_h32,Operand hybrid + fixed H32,12860,2.542764186859131,3.0969386100769043,0.15879912674427032,35950.96582899717,2300861.813055819,92.53690711462613,53938749440.0,0.0003,129.74023866653442,153.767578125,0,0,exported_float_payload,False
operand_hybrid_fixed_h32,Operand hybrid + fixed H32,12870,2.5220141410827637,2.9743332862854004,0.1153268963098526,35970.89795497093,2302137.4691181397,92.58821191958198,53980692480.0,0.0003,129.74023866653442,153.767578125,0,0,exported_float_payload,False
operand_hybrid_fixed_h32,Operand hybrid + fixed H32,12880,2.5731191635131836,3.1562557220458984,0.19477365911006927,35984.17019495295,2302986.892476989,92.62237434081597,54022635520.0,0.0003,129.74023866653442,153.767578125,0,0,exported_float_payload,False
operand_hybrid_fixed_h32,Operand hybrid + fixed H32,12890,2.5406880378723145,3.1809520721435547,0.15899789333343506,35969.70077254001,2302060.8494425607,92.5851304012735,54064578560.0,0.0003,129.74023866653442,153.767578125,0,0,exported_float_payload,False
operand_hybrid_fixed_h32,Operand hybrid + fixed H32,12900,2.5455074310302734,3.3435442447662354,0.14058145880699158,35972.37479044303,2302231.9865883538,92.59201325798148,54106521600.0,0.0003,129.74023866653442,153.767578125,0,0,exported_float_payload,False
operand_hybrid_fixed_h32,Operand hybrid + fixed H32,12910,2.5802032947540283,3.127779722213745,0.12197192758321762,35953.04938208787,2300995.1604536236,92.54227012934288,54148464640.0,0.0003,129.74023866653442,153.767578125,0,0,exported_float_payload,False
operand_hybrid_fixed_h32,Operand hybrid + fixed H32,12920,2.5465197563171387,3.1791131496429443,0.13214650750160217,35950.29102500467,2300818.625600299,92.53517018564705,54190407680.0,0.0003,129.74023866653442,153.767578125,0,0,exported_float_payload,False
operand_hybrid_fixed_h32,Operand hybrid + fixed H32,12930,2.539806842803955,3.1091699600219727,0.13206666707992554,35980.74678455069,2302767.794211244,92.6135625661361,54232350720.0,0.0003,129.74023866653442,153.767578125,0,0,exported_float_payload,False
operand_hybrid_fixed_h32,Operand hybrid + fixed H32,12940,2.5633180141448975,3.0494370460510254,0.3281693160533905,35960.9373984452,2301499.993500493,92.56257369060043,54274293760.0,0.0003,129.74023866653442,153.767578125,0,0,exported_float_payload,False
operand_hybrid_fixed_h32,Operand hybrid + fixed H32,12950,2.56619930267334,3.071561098098755,0.10997996479272842,35943.27081555832,2300369.3321957323,92.51710033816221,54316236800.0,0.0003,129.74023866653442,153.767578125,0,0,exported_float_payload,False
operand_hybrid_fixed_h32,Operand hybrid + fixed H32,12960,2.5299479961395264,3.1644325256347656,0.11144289374351501,35959.68334161589,2301419.733863417,92.55934577898097,54358179840.0,0.0003,129.74023866653442,153.767578125,0,0,exported_float_payload,False
operand_hybrid_fixed_h32,Operand hybrid + fixed H32,12970,2.5517776012420654,2.962581157684326,0.28218862414360046,35960.01906029186,2301441.219858679,92.56020991064526,54400122880.0,0.0003,129.74023866653442,153.767578125,0,0,exported_float_payload,False
operand_hybrid_fixed_h32,Operand hybrid + fixed H32,12980,2.525496006011963,2.9812827110290527,0.17012184858322144,35928.24458450981,2299407.653408628,92.47842318680465,54442065920.0,0.0003,129.74023866653442,153.767578125,0,0,exported_float_payload,False
operand_hybrid_fixed_h32,Operand hybrid + fixed H32,12990,2.530851125717163,3.267791509628296,0.18274985253810883,35955.945993106594,2301180.543558822,92.54972593528873,54484008960.0,0.0003,129.74023866653442,153.767578125,0,0,exported_float_payload,False
operand_hybrid_fixed_h32,Operand hybrid + fixed H32,13000,2.5358879566192627,2.9982571601867676,0.11909272521734238,35953.037453094366,2300994.3969980394,92.54223942440525,54525952000.0,0.0003,129.74023866653442,153.767578125,0,0,exported_float_payload,False
operand_hybrid_fixed_h32,Operand hybrid + fixed H32,13010,2.614387273788452,4.00990104675293,0.2722264528274536,22831.111946195393,1461191.1645565052,58.76672397448208,54567895040.0,0.0003,129.74023866653442,153.767578125,0,0,exported_float_payload,False
operand_hybrid_fixed_h32,Operand hybrid + fixed H32,13020,2.5750980377197266,3.0560178756713867,0.11881992965936661,36010.32501698869,2304660.801087276,92.68969621330287,54609838080.0,0.0003,129.74023866653442,153.767578125,0,0,exported_float_payload,False
operand_hybrid_fixed_h32,Operand hybrid + fixed H32,13030,2.578585147857666,2.9753336906433105,0.11058822274208069,35940.555700362806,2300195.5648232196,92.5101116980281,54651781120.0,0.0003,129.74023866653442,153.767578125,0,0,exported_float_payload,False
operand_hybrid_fixed_h32,Operand hybrid + fixed H32,13040,2.5456578731536865,3.068031072616577,0.3258180618286133,36022.23693181883,2305423.163636405,92.72035719085315,54693724160.0,0.0003,129.74023866653442,153.767578125,0,0,exported_float_payload,False
operand_hybrid_fixed_h32,Operand hybrid + fixed H32,13050,2.520665168762207,3.0277609825134277,0.19065538048744202,35949.719871725545,2300782.071790435,92.53370005107013,54735667200.0,0.0003,129.74023866653442,153.767578125,0,0,exported_float_payload,False
operand_hybrid_fixed_h32,Operand hybrid + fixed H32,13060,2.5369861125946045,3.015446186065674,0.16343720257282257,35987.67063601708,2303210.920705093,92.63138439053625,54777610240.0,0.0003,129.74023866653442,153.767578125,0,0,exported_float_payload,False
operand_hybrid_fixed_h32,Operand hybrid + fixed H32,13070,2.529489517211914,2.9384407997131348,0.3151097893714905,35969.58293066645,2302053.307562653,92.58482707917196,54819553280.0,0.0003,129.74023866653442,153.767578125,0,0,exported_float_payload,False
operand_hybrid_fixed_h32,Operand hybrid + fixed H32,13080,2.5475399494171143,2.9242801666259766,0.15675902366638184,35955.4928838351,2301151.544565446,92.54855964310151,54861496320.0,0.0003,129.74023866653442,153.767578125,0,0,exported_float_payload,False
operand_hybrid_fixed_h32,Operand hybrid + fixed H32,13090,2.5192577838897705,3.003387689590454,0.13726195693016052,35954.36246750534,2301079.197920342,92.54564997910515,54903439360.0,0.0003,129.74023866653442,153.767578125,0,0,exported_float_payload,False
operand_hybrid_fixed_h32,Operand hybrid + fixed H32,13100,2.5422658920288086,2.9825267791748047,0.36041316390037537,35984.17644303889,2302987.2923544887,92.62239042323641,54945382400.0,0.0003,129.74023866653442,153.767578125,0,0,exported_float_payload,False
operand_hybrid_fixed_h32,Operand hybrid + fixed H32,13110,2.592320680618286,3.0592470169067383,0.16363286972045898,35977.91868717991,2302586.7959795143,92.60628311264502,54987325440.0,0.0003,129.74023866653442,153.767578125,0,0,exported_float_payload,False
operand_hybrid_fixed_h32,Operand hybrid + fixed H32,13120,2.5621092319488525,3.2989392280578613,0.10729120671749115,35964.275199753996,2301713.6127842558,92.5711651095667,55029268480.0,0.0003,129.74023866653442,153.767578125,0,0,exported_float_payload,False
operand_hybrid_fixed_h32,Operand hybrid + fixed H32,13130,2.566844940185547,3.6557116508483887,0.24796678125858307,35966.19672681194,2301836.590515964,92.57611107323635,55071211520.0,0.0003,129.74023866653442,153.767578125,0,0,exported_float_payload,False
operand_hybrid_fixed_h32,Operand hybrid + fixed H32,13140,2.5499138832092285,2.937530517578125,0.13236738741397858,35950.510412569114,2300832.6664044233,92.53573488387433,55113154560.0,0.0003,129.74023866653442,153.767578125,0,0,exported_float_payload,False
operand_hybrid_fixed_h32,Operand hybrid + fixed H32,13150,2.554945945739746,3.2923378944396973,0.27133676409721375,35961.94238666825,2301564.312746768,92.5651605057166,55155097600.0,0.0003,129.74023866653442,153.767578125,0,0,exported_float_payload,False
operand_hybrid_fixed_h32,Operand hybrid + fixed H32,13160,2.593118190765381,3.4573206901550293,0.09074617177248001,35965.74936278856,2301807.959218468,92.57495956917734,55197040640.0,0.0003,129.74023866653442,153.767578125,0,0,exported_float_payload,False
operand_hybrid_fixed_h32,Operand hybrid + fixed H32,13170,2.5466701984405518,3.093146562576294,0.09310828894376755,35953.312733076375,2301012.014916888,92.54294798834889,55238983680.0,0.0003,129.74023866653442,153.767578125,0,0,exported_float_payload,False
operand_hybrid_fixed_h32,Operand hybrid + fixed H32,13180,2.516942024230957,2.946749210357666,0.20430393517017365,35952.79322182646,2300978.7661968935,92.54161077909262,55280926720.0,0.0003,129.74023866653442,153.767578125,0,0,exported_float_payload,False
operand_hybrid_fixed_h32,Operand hybrid + fixed H32,13190,2.5552589893341064,3.15441632270813,0.09363190084695816,35975.91577791312,2302458.6097864397,92.60112767315944,55322869760.0,0.0003,129.74023866653442,153.767578125,0,0,exported_float_payload,False
operand_hybrid_fixed_h32,Operand hybrid + fixed H32,13200,2.5304832458496094,3.4244418144226074,0.1771067976951599,35898.681348021695,2297515.6062733885,92.40232813884624,55364812800.0,0.0003,129.74023866653442,153.767578125,0,0,exported_float_payload,False
operand_hybrid_fixed_h32,Operand hybrid + fixed H32,13210,2.5494461059570312,2.9566025733947754,0.11085421591997147,35950.07059232516,2300804.51790881,92.53460279731911,55406755840.0,0.0003,129.74023866653442,153.767578125,0,0,exported_float_payload,False
operand_hybrid_fixed_h32,Operand hybrid + fixed H32,13220,2.5248348712921143,3.314931869506836,0.1468672752380371,35967.17598228255,2301899.262866083,92.57863165287685,55448698880.0,0.0003,129.74023866653442,153.767578125,0,0,exported_float_payload,False
operand_hybrid_fixed_h32,Operand hybrid + fixed H32,13230,2.563149929046631,3.0252811908721924,0.16509461402893066,35951.12485507605,2300871.990724867,92.53731644386531,55490641920.0,0.0003,129.74023866653442,153.767578125,0,0,exported_float_payload,False
operand_hybrid_fixed_h32,Operand hybrid + fixed H32,13240,2.565418243408203,3.1320488452911377,0.17407256364822388,35955.521596158454,2301153.382154141,92.54863354791988,55532584960.0,0.0003,129.74023866653442,153.767578125,0,0,exported_float_payload,False
operand_hybrid_fixed_h32,Operand hybrid + fixed H32,13250,2.5756545066833496,3.365530490875244,0.1307724416255951,35973.64524210918,2302313.2954949876,92.59528336951016,55574528000.0,0.0003,129.74023866653442,153.767578125,0,0,exported_float_payload,False
operand_hybrid_fixed_h32,Operand hybrid + fixed H32,13260,2.5514299869537354,3.6823015213012695,0.13084723055362701,35957.5329847831,2301282.1110261185,92.55381081306528,55616471040.0,0.0003,129.74023866653442,153.767578125,0,0,exported_float_payload,False
operand_hybrid_fixed_h32,Operand hybrid + fixed H32,13270,2.5619611740112305,2.959124803543091,0.212283194065094,35993.68698033921,2303595.9667417095,92.64687031373383,55658414080.0,0.0003,129.74023866653442,153.767578125,0,0,exported_float_payload,False
operand_hybrid_fixed_h32,Operand hybrid + fixed H32,13280,2.5500242710113525,2.9255154132843018,0.10369043797254562,35982.11624441296,2302855.4396424294,92.61708752234101,55700357120.0,0.0003,129.74023866653442,153.767578125,0,0,exported_float_payload,False
operand_hybrid_fixed_h32,Operand hybrid + fixed H32,13290,2.5357611179351807,3.04055118560791,0.29178380966186523,35980.02118140948,2302721.3556102067,92.61169488139016,55742300160.0,0.0003,129.74023866653442,153.767578125,0,0,exported_float_payload,False
operand_hybrid_fixed_h32,Operand hybrid + fixed H32,13300,2.551013469696045,3.0970497131347656,0.08878407627344131,35967.870357156564,2301943.70285802,92.5804189568265,55784243200.0,0.0003,129.74023866653442,153.767578125,0,0,exported_float_payload,False
operand_hybrid_fixed_h32,Operand hybrid + fixed H32,13310,2.545684814453125,2.9269795417785645,0.1580757051706314,35967.29450605146,2301906.8483872935,92.57893673016038,55826186240.0,0.0003,129.74023866653442,153.767578125,0,0,exported_float_payload,False
operand_hybrid_fixed_h32,Operand hybrid + fixed H32,13320,2.5410568714141846,3.112229347229004,0.1557224839925766,35976.21972702506,2302478.062529604,92.60191003074263,55868129280.0,0.0003,129.74023866653442,153.767578125,0,0,exported_float_payload,False
operand_hybrid_fixed_h32,Operand hybrid + fixed H32,13330,2.5323867797851562,3.1421079635620117,0.3002304434776306,35974.082076169805,2302341.2528748675,92.59640776970248,55910072320.0,0.0003,129.74023866653442,153.767578125,0,0,exported_float_payload,False
operand_hybrid_fixed_h32,Operand hybrid + fixed H32,13340,2.545365333557129,3.00771427154541,0.12994574010372162,35974.962534132865,2302397.6021845033,92.59867404697397,55952015360.0,0.0003,129.74023866653442,153.767578125,0,0,exported_float_payload,False
operand_hybrid_fixed_h32,Operand hybrid + fixed H32,13350,2.5700342655181885,3.041757583618164,0.15997865796089172,35961.06576081694,2301508.2086922843,92.56290409220709,55993958400.0,0.0003,129.74023866653442,153.767578125,0,0,exported_float_payload,False
operand_hybrid_fixed_h32,Operand hybrid + fixed H32,13360,2.549506664276123,3.08560848236084,0.17817293107509613,35990.93536208138,2303419.863173208,92.63978771560973,56035901440.0,0.0003,129.74023866653442,153.767578125,0,0,exported_float_payload,False
operand_hybrid_fixed_h32,Operand hybrid + fixed H32,13370,2.5576491355895996,2.93595552444458,0.09519259631633759,35972.07321683668,2302212.6858775476,92.5912370148916,56077844480.0,0.0003,129.74023866653442,153.767578125,0,0,exported_float_payload,False
operand_hybrid_fixed_h32,Operand hybrid + fixed H32,13380,2.5515668392181396,2.959599018096924,0.110715351998806,35972.274478657106,2302225.5666340548,92.59175505789693,56119787520.0,0.0003,129.74023866653442,153.767578125,0,0,exported_float_payload,False
operand_hybrid_fixed_h32,Operand hybrid + fixed H32,13390,2.530898094177246,3.210233211517334,0.8220953345298767,35968.84179804258,2302005.875074725,92.58291942191732,56161730560.0,0.0003,129.74023866653442,153.767578125,0,0,exported_float_payload,False
operand_hybrid_fixed_h32,Operand hybrid + fixed H32,13400,2.5537495613098145,3.2893192768096924,0.10620170831680298,35945.134502852794,2300488.608182579,92.52189742369477,56203673600.0,0.0003,129.74023866653442,153.767578125,0,0,exported_float_payload,False
operand_hybrid_fixed_h32,Operand hybrid + fixed H32,13410,2.56589674949646,3.0773227214813232,0.2565836012363434,35955.43934585915,2301148.1181349857,92.54842183766033,56245616640.0,0.0003,129.74023866653442,153.767578125,0,0,exported_float_payload,False
operand_hybrid_fixed_h32,Operand hybrid + fixed H32,13420,2.543642997741699,3.407449960708618,0.1275802105665207,35954.87773077399,2301112.174769535,92.54697625416148,56287559680.0,0.0003,129.74023866653442,153.767578125,0,0,exported_float_payload,False
operand_hybrid_fixed_h32,Operand hybrid + fixed H32,13430,2.5528974533081055,3.4403467178344727,0.1273530125617981,18649.02070555469,1193537.3251555,48.00212336483956,56329502720.0,0.0003,129.74023866653442,153.767578125,0,0,exported_float_payload,False
operand_hybrid_fixed_h32,Operand hybrid + fixed H32,13440,2.5334722995758057,3.1166186332702637,0.16786903142929077,22663.24465812064,1450447.6581197209,58.33463767899712,56371445760.0,0.0003,129.74023866653442,153.767578125,0,0,exported_float_payload,False
operand_hybrid_fixed_h32,Operand hybrid + fixed H32,13450,2.5149941444396973,2.9911129474639893,0.10029818117618561,36054.996695558606,2307519.788515751,92.80468002180864,56413388800.0,0.0003,129.74023866653442,153.767578125,0,0,exported_float_payload,False
operand_hybrid_fixed_h32,Operand hybrid + fixed H32,13460,2.6030311584472656,3.056885242462158,0.21379977464675903,36020.794631851495,2305330.8564384957,92.7166447459986,56455331840.0,0.0003,129.74023866653442,153.767578125,0,0,exported_float_payload,False
operand_hybrid_fixed_h32,Operand hybrid + fixed H32,13470,2.5695865154266357,3.177353858947754,0.13549505174160004,35996.44086533459,2303772.2153814137,92.65395874638496,56497274880.0,0.0003,129.74023866653442,153.767578125,0,0,exported_float_payload,False
operand_hybrid_fixed_h32,Operand hybrid + fixed H32,13480,2.537139892578125,3.169668436050415,0.13652484118938446,36000.071079162175,2304004.549066379,92.6633028280257,56539217920.0,0.0003,129.74023866653442,153.767578125,0,0,exported_float_payload,False
operand_hybrid_fixed_h32,Operand hybrid + fixed H32,13490,2.5613253116607666,3.004453420639038,0.11130984127521515,35939.063729815745,2300100.0787082077,92.50627140231566,56581160960.0,0.0003,129.74023866653442,153.767578125,0,0,exported_float_payload,False
operand_hybrid_fixed_h32,Operand hybrid + fixed H32,13500,2.573974370956421,3.0060315132141113,0.4454815685749054,16603.92750356511,1062651.3602281671,42.73810346135699,56623104000.0,0.0003,129.74023866653442,153.767578125,0,0,exported_float_payload,False
operand_hybrid_fixed_h32,Operand hybrid + fixed H32,13510,2.552400827407837,3.2108869552612305,0.13846193253993988,36125.05468135415,2312003.4996066657,92.98500756446873,56665047040.0,0.0003,129.74023866653442,153.767578125,0,0,exported_float_payload,False
operand_hybrid_fixed_h32,Operand hybrid + fixed H32,13520,2.5474693775177,3.1032865047454834,0.09704046696424484,36011.12867090388,2304712.2349378485,92.69176479883285,56706990080.0,0.0003,129.74023866653442,153.767578125,0,0,exported_float_payload,False
operand_hybrid_fixed_h32,Operand hybrid + fixed H32,13530,2.5467259883880615,3.1427881717681885,0.14036495983600616,36019.29530359968,2305234.8994303797,92.712785511734,56748933120.0,0.0003,129.74023866653442,153.767578125,0,0,exported_float_payload,False
operand_hybrid_fixed_h32,Operand hybrid + fixed H32,13540,2.5591752529144287,2.991325855255127,0.2574196755886078,36004.20008961495,2304268.8057353566,92.67393079998509,56790876160.0,0.0003,129.74023866653442,153.767578125,0,0,exported_float_payload,False
operand_hybrid_fixed_h32,Operand hybrid + fixed H32,13550,2.509349822998047,3.1504933834075928,0.14464406669139862,35973.738451807425,2302319.260915675,92.59552328899464,56832819200.0,0.0003,129.74023866653442,153.767578125,0,0,exported_float_payload,False
operand_hybrid_fixed_h32,Operand hybrid + fixed H32,13560,2.5438201427459717,2.961652994155884,0.15012159943580627,35990.83951191132,2303413.7287623244,92.63954099961535,56874762240.0,0.0003,129.74023866653442,153.767578125,0,0,exported_float_payload,False
operand_hybrid_fixed_h32,Operand hybrid + fixed H32,13570,2.5155370235443115,2.9937095642089844,0.1654115617275238,35968.26515745799,2301968.970077311,92.58143516315029,56916705280.0,0.0003,129.74023866653442,153.767578125,0,0,exported_float_payload,False
operand_hybrid_fixed_h32,Operand hybrid + fixed H32,13580,2.528386354446411,3.2915573120117188,0.22473971545696259,34368.56286067357,2199588.0230831085,88.46384056074896,56958648320.0,0.0003,129.74023866653442,153.767578125,0,0,exported_float_payload,False
operand_hybrid_fixed_h32,Operand hybrid + fixed H32,13590,2.5593302249908447,3.151458740234375,0.2716771364212036,35884.39677784386,2296601.393782007,92.36556000443767,57000591360.0,0.0003,129.74023866653442,153.767578125,0,0,exported_float_payload,False
operand_hybrid_fixed_h32,Operand hybrid + fixed H32,13600,2.543858528137207,3.0014538764953613,0.13176800310611725,35930.05425403946,2299523.4722585254,92.48308123193117,57042534400.0,0.0003,129.74023866653442,153.767578125,0,0,exported_float_payload,False
operand_hybrid_fixed_h32,Operand hybrid + fixed H32,13610,2.5415823459625244,3.067784547805786,0.2643280625343323,35958.3132349657,2301332.047037805,92.55581915795975,57084477440.0,0.0003,129.74023866653442,153.767578125,0,0,exported_float_payload,False
operand_hybrid_fixed_h32,Operand hybrid + fixed H32,13620,2.56268310546875,3.22176456451416,0.1213473230600357,35938.46018902164,2300061.452097385,92.504717903067,57126420480.0,0.0003,129.74023866653442,153.767578125,0,0,exported_float_payload,False
operand_hybrid_fixed_h32,Operand hybrid + fixed H32,13630,2.580449342727661,3.0518219470977783,0.14083388447761536,35964.2869808886,2301714.3667768706,92.57119543391916,57168363520.0,0.0003,129.74023866653442,153.767578125,0,0,exported_float_payload,False
operand_hybrid_fixed_h32,Operand hybrid + fixed H32,13640,2.5426788330078125,3.1539435386657715,0.19037288427352905,35975.12293494105,2302407.867836227,92.59908691473274,57210306560.0,0.0003,129.74023866653442,153.767578125,0,0,exported_float_payload,False
operand_hybrid_fixed_h32,Operand hybrid + fixed H32,13650,2.55203914642334,3.0871007442474365,0.12796323001384735,35970.72354207561,2302126.306692839,92.58776298505347,57252249600.0,0.0003,129.74023866653442,153.767578125,0,0,exported_float_payload,False
operand_hybrid_fixed_h32,Operand hybrid + fixed H32,13660,2.5426840782165527,3.003328323364258,0.16299651563167572,35965.50593211149,2301792.3796551353,92.57433298456594,57294192640.0,0.0003,129.74023866653442,153.767578125,0,0,exported_float_payload,False
operand_hybrid_fixed_h32,Operand hybrid + fixed H32,13670,2.5569660663604736,3.151951313018799,0.20719604194164276,35941.97419029613,2300286.3481789525,92.51376285643724,57336135680.0,0.0003,129.74023866653442,153.767578125,0,0,exported_float_payload,False
operand_hybrid_fixed_h32,Operand hybrid + fixed H32,13680,2.5384037494659424,3.0994420051574707,0.22916735708713531,35968.4232758053,2301979.089651539,92.58184215591058,57378078720.0,0.0003,129.74023866653442,153.767578125,0,0,exported_float_payload,False
operand_hybrid_fixed_h32,Operand hybrid + fixed H32,13690,2.526850938796997,2.895979881286621,0.11254211515188217,35972.97240375563,2302270.2338403603,92.59355150003766,57420021760.0,0.0003,129.74023866653442,153.767578125,0,0,exported_float_payload,False
operand_hybrid_fixed_h32,Operand hybrid + fixed H32,13700,2.5751476287841797,3.4475347995758057,0.27595508098602295,35988.565625099014,2303268.200006337,92.63368807055247,57461964800.0,0.0003,129.74023866653442,153.767578125,0,0,exported_float_payload,False
operand_hybrid_fixed_h32,Operand hybrid + fixed H32,13710,2.513465642929077,3.44278883934021,0.14511100947856903,35955.34676649676,2301142.1930557927,92.54818354064493,57503907840.0,0.0003,129.74023866653442,153.767578125,0,0,exported_float_payload,False
operand_hybrid_fixed_h32,Operand hybrid + fixed H32,13720,2.5128931999206543,2.961043357849121,0.13032197952270508,35970.68187001042,2302123.639680667,92.58765572217645,57545850880.0,0.0003,129.74023866653442,153.767578125,0,0,exported_float_payload,False
operand_hybrid_fixed_h32,Operand hybrid + fixed H32,13730,2.5542640686035156,3.1151599884033203,0.17978236079216003,35965.00475778918,2301760.3044985076,92.57304297411304,57587793920.0,0.0003,129.74023866653442,153.767578125,0,0,exported_float_payload,False
operand_hybrid_fixed_h32,Operand hybrid + fixed H32,13740,2.570190906524658,3.036975860595703,0.08981417119503021,35960.23844531829,2301455.2605003705,92.56077460233976,57629736960.0,0.0003,129.74023866653442,153.767578125,0,0,exported_float_payload,False
operand_hybrid_fixed_h32,Operand hybrid + fixed H32,13750,2.523566722869873,2.9388694763183594,0.24764300882816315,35942.87699060023,2300344.1273984145,92.51608664234831,57671680000.0,0.0003,129.74023866653442,153.767578125,0,0,exported_float_payload,False
operand_hybrid_fixed_h32,Operand hybrid + fixed H32,13760,2.5500001907348633,3.2389914989471436,0.14417193830013275,35965.08701968957,2301765.5692601325,92.5732547142335,57713623040.0,0.0003,129.74023866653442,153.767578125,0,0,exported_float_payload,False
operand_hybrid_fixed_h32,Operand hybrid + fixed H32,13770,2.520535707473755,2.9918017387390137,0.33103325963020325,35960.31010963382,2301459.8470165646,92.5609590645359,57755566080.0,0.0003,129.74023866653442,153.767578125,0,0,exported_float_payload,False
operand_hybrid_fixed_h32,Operand hybrid + fixed H32,13780,2.5525877475738525,2.994662046432495,0.24680262804031372,35944.69372809968,2300460.3985983795,92.52076288025631,57797509120.0,0.0003,129.74023866653442,153.767578125,0,0,exported_float_payload,False
operand_hybrid_fixed_h32,Operand hybrid + fixed H32,13790,2.552657127380371,3.098076105117798,0.17268845438957214,35945.767162896824,2300529.0984253967,92.52352587518082,57839452160.0,0.0003,129.74023866653442,153.767578125,0,0,exported_float_payload,False
operand_hybrid_fixed_h32,Operand hybrid + fixed H32,13800,2.573082447052002,3.280184745788574,0.12399627268314362,35996.13936130241,2303752.9191233544,92.6531826823773,57881395200.0,0.0003,129.74023866653442,153.767578125,0,0,exported_float_payload,False
operand_hybrid_fixed_h32,Operand hybrid + fixed H32,13810,2.5460410118103027,3.2760612964630127,0.19873109459877014,35925.0348481847,2299202.230283821,92.47016140397545,57923338240.0,0.0003,129.74023866653442,153.767578125,0,0,exported_float_payload,False
operand_hybrid_fixed_h32,Operand hybrid + fixed H32,13820,2.552633047103882,2.9421379566192627,0.20556050539016724,35944.722957476144,2300462.269278473,92.52083811595674,57965281280.0,0.0003,129.74023866653442,153.767578125,0,0,exported_float_payload,False
operand_hybrid_fixed_h32,Operand hybrid + fixed H32,13830,2.5489232540130615,3.0400242805480957,0.11454156041145325,35965.64639680555,2301801.369395555,92.57469453725437,58007224320.0,0.0003,129.74023866653442,153.767578125,0,0,exported_float_payload,False
operand_hybrid_fixed_h32,Operand hybrid + fixed H32,13840,2.5118823051452637,2.9489850997924805,0.20045624673366547,35969.84676478555,2302070.192946275,92.5855061817443,58049167360.0,0.0003,129.74023866653442,153.767578125,0,0,exported_float_payload,False
operand_hybrid_fixed_h32,Operand hybrid + fixed H32,13850,2.5265743732452393,3.1831021308898926,0.11122691631317139,35955.31691908912,2301140.2828217037,92.54810671414735,58091110400.0,0.0003,129.74023866653442,153.767578125,0,0,exported_float_payload,False
operand_hybrid_fixed_h32,Operand hybrid + fixed H32,13860,2.531482219696045,3.039015531539917,0.16342060267925262,31006.19188723679,1984396.2807831545,79.80917987836824,58133053440.0,0.0003,129.74023866653442,153.767578125,0,0,exported_float_payload,False
operand_hybrid_fixed_h32,Operand hybrid + fixed H32,13870,2.51690411567688,3.1219685077667236,0.14744240045547485,35888.97457088795,2296894.3725368287,92.37734313181527,58174996480.0,0.0003,129.74023866653442,153.767578125,0,0,exported_float_payload,False
operand_hybrid_fixed_h32,Operand hybrid + fixed H32,13880,2.500657558441162,2.999295473098755,0.1680098921060562,35910.5088856407,2298272.568681005,92.43277193151792,58216939520.0,0.0003,129.74023866653442,153.767578125,0,0,exported_float_payload,False
operand_hybrid_fixed_h32,Operand hybrid + fixed H32,13890,2.552149772644043,2.986931562423706,0.08947823941707611,35964.94487654596,2301756.4720989414,92.57288884125695,58258882560.0,0.0003,129.74023866653442,153.767578125,0,0,exported_float_payload,False
operand_hybrid_fixed_h32,Operand hybrid + fixed H32,13900,2.5652801990509033,3.263284683227539,0.1403173953294754,35956.60601528516,2301222.78497825,92.55142481624013,58300825600.0,0.0003,129.74023866653442,153.767578125,0,0,exported_float_payload,False
operand_hybrid_fixed_h32,Operand hybrid + fixed H32,13910,2.558627128601074,2.9748334884643555,0.16597707569599152,35965.43327835823,2301787.7298149266,92.5741459755813,58342768640.0,0.0003,129.74023866653442,153.767578125,0,0,exported_float_payload,False
operand_hybrid_fixed_h32,Operand hybrid + fixed H32,13920,2.53304123878479,3.5279459953308105,0.14870460331439972,35964.80963761398,2301747.8168072947,92.57254073955237,58384711680.0,0.0003,129.74023866653442,153.767578125,0,0,exported_float_payload,False
operand_hybrid_fixed_h32,Operand hybrid + fixed H32,13930,2.503734588623047,2.986541748046875,0.11857113242149353,35956.229835123624,2301198.709447912,92.55045653770121,58426654720.0,0.0003,129.74023866653442,153.767578125,0,0,exported_float_payload,False
operand_hybrid_fixed_h32,Operand hybrid + fixed H32,13940,2.558154344558716,3.1243836879730225,0.19323335587978363,35972.6871158285,2302251.975413024,92.59281717588794,58468597760.0,0.0003,129.74023866653442,153.767578125,0,0,exported_float_payload,False
operand_hybrid_fixed_h32,Operand hybrid + fixed H32,13950,2.5428526401519775,3.301900863647461,0.1225142553448677,19453.504917064773,1245024.3146921454,50.07284605723652,58510540800.0,0.0003,129.74023866653442,153.767578125,0,0,exported_float_payload,False
operand_hybrid_fixed_h32,Operand hybrid + fixed H32,13960,2.55505633354187,3.052293300628662,0.28499874472618103,36095.40606522176,2310105.9881741926,92.90869275139332,58552483840.0,0.0003,129.74023866653442,153.767578125,0,0,exported_float_payload,False
operand_hybrid_fixed_h32,Operand hybrid + fixed H32,13970,2.5220181941986084,3.043612003326416,0.16235099732875824,36021.8401381533,2305397.768841811,92.71933585365889,58594426880.0,0.0003,129.74023866653442,153.767578125,0,0,exported_float_payload,False
operand_hybrid_fixed_h32,Operand hybrid + fixed H32,13980,2.579338550567627,3.3676297664642334,0.10924235731363297,36004.078467166604,2304261.0218986627,92.67361774677647,58636369920.0,0.0003,129.74023866653442,153.767578125,0,0,exported_float_payload,False
operand_hybrid_fixed_h32,Operand hybrid + fixed H32,13990,2.5641252994537354,3.051091432571411,0.10016552358865738,36006.01955983307,2304385.2518293164,92.67861407184412,58678312960.0,0.0003,129.74023866653442,153.767578125,0,0,exported_float_payload,False
operand_hybrid_fixed_h32,Operand hybrid + fixed H32,14000,2.5686092376708984,3.0430073738098145,0.1003652960062027,35981.858402120066,2302838.937735684,92.61642384258285,58720256000.0,0.0003,129.74023866653442,153.767578125,0,0,exported_float_payload,False
operand_hybrid_fixed_h32,Operand hybrid + fixed H32,14010,2.5331764221191406,2.982879161834717,0.1025792732834816,28430.839922686493,1819573.7550519356,73.1802868838206,58762199040.0,0.0003,129.74023866653442,153.767578125,0,0,exported_float_payload,False
operand_hybrid_fixed_h32,Operand hybrid + fixed H32,14020,2.564474105834961,2.9459214210510254,0.28658527135849,35985.278016985605,2303057.7930870787,92.62522584764399,58804142080.0,0.0003,129.74023866653442,153.767578125,0,0,exported_float_payload,False
operand_hybrid_fixed_h32,Operand hybrid + fixed H32,14030,2.5134780406951904,3.1338725090026855,0.08588657528162003,35958.83826763088,2301365.6491283765,92.55717057920393,58846085120.0,0.0003,129.74023866653442,153.767578125,0,0,exported_float_payload,False
operand_hybrid_fixed_h32,Operand hybrid + fixed H32,14040,2.5300962924957275,3.0184226036071777,0.13573291897773743,35956.582319778674,2301221.268465835,92.55136382458576,58888028160.0,0.0003,129.74023866653442,153.767578125,0,0,exported_float_payload,False
operand_hybrid_fixed_h32,Operand hybrid + fixed H32,14050,2.547685146331787,3.105682373046875,0.22702330350875854,35946.37341429787,2300567.898515064,92.52508635146549,58929971200.0,0.0003,129.74023866653442,153.767578125,0,0,exported_float_payload,False
operand_hybrid_fixed_h32,Operand hybrid + fixed H32,14060,2.5631189346313477,4.257320880889893,0.10188357532024384,35944.48973061045,2300447.3427590686,92.52023779570635,58971914240.0,0.0003,129.74023866653442,153.767578125,0,0,exported_float_payload,False
operand_hybrid_fixed_h32,Operand hybrid + fixed H32,14070,2.548062562942505,3.0152878761291504,0.16501282155513763,35964.71761473241,2301741.9273428745,92.57230387490499,59013857280.0,0.0003,129.74023866653442,153.767578125,0,0,exported_float_payload,False
operand_hybrid_fixed_h32,Operand hybrid + fixed H32,14080,2.572380781173706,3.2885117530822754,0.14871104061603546,35973.55398593507,2302307.4550998444,92.59504847834901,59055800320.0,0.0003,129.74023866653442,153.767578125,0,0,exported_float_payload,False
operand_hybrid_fixed_h32,Operand hybrid + fixed H32,14090,2.5475382804870605,3.010310411453247,0.12969762086868286,36000.135009547834,2304008.6406110614,92.6634673832754,59097743360.0,0.0003,129.74023866653442,153.767578125,0,0,exported_float_payload,False
operand_hybrid_fixed_h32,Operand hybrid + fixed H32,14100,2.553898811340332,3.0655360221862793,0.23663577437400818,35946.284462273616,2300562.2055855114,92.52485739112976,59139686400.0,0.0003,129.74023866653442,153.767578125,0,0,exported_float_payload,False
operand_hybrid_fixed_h32,Operand hybrid + fixed H32,14110,2.535322666168213,2.9196927547454834,0.11125438660383224,35958.15858088572,2301322.149176686,92.55542108213885,59181629440.0,0.0003,129.74023866653442,153.767578125,0,0,exported_float_payload,False
operand_hybrid_fixed_h32,Operand hybrid + fixed H32,14120,2.5413832664489746,3.0028252601623535,0.0930904746055603,35959.219815668475,2301390.0682027824,92.5581526745246,59223572480.0,0.0003,129.74023866653442,153.767578125,0,0,exported_float_payload,False
operand_hybrid_fixed_h32,Operand hybrid + fixed H32,14130,2.5534706115722656,3.377108335494995,0.2883911728858948,35954.468253090155,2301085.96819777,92.54592226861422,59265515520.0,0.0003,129.74023866653442,153.767578125,0,0,exported_float_payload,False
operand_hybrid_fixed_h32,Operand hybrid + fixed H32,14140,2.5523273944854736,3.0833446979522705,0.11095307767391205,35973.61529443073,2302311.378843567,92.59520628491799,59307458560.0,0.0003,129.74023866653442,153.767578125,0,0,exported_float_payload,False
operand_hybrid_fixed_h32,Operand hybrid + fixed H32,14150,2.5241787433624268,3.0447115898132324,0.18097743391990662,35957.62622400415,2301288.0783362654,92.55405080854074,59349401600.0,0.0003,129.74023866653442,153.767578125,0,0,exported_float_payload,False
operand_hybrid_fixed_h32,Operand hybrid + fixed H32,14160,2.5603463649749756,3.053380012512207,0.14820224046707153,35940.98422501273,2300222.990400815,92.51121471000044,59391344640.0,0.0003,129.74023866653442,153.767578125,0,0,exported_float_payload,False
operand_hybrid_fixed_h32,Operand hybrid + fixed H32,14170,2.5176143646240234,2.8993520736694336,0.08050670474767685,35970.70863088078,2302125.3523763698,92.58772460400252,59433287680.0,0.0003,129.74023866653442,153.767578125,0,0,exported_float_payload,False
operand_hybrid_fixed_h32,Operand hybrid + fixed H32,14180,2.5635602474212646,3.362938165664673,0.18353711068630219,35951.556356652975,2300899.6068257904,92.53842711837495,59475230720.0,0.0003,129.74023866653442,153.767578125,0,0,exported_float_payload,False
operand_hybrid_fixed_h32,Operand hybrid + fixed H32,14190,2.550189256668091,3.2820653915405273,0.09696998447179794,35944.96059217073,2300477.477898927,92.5214497818509,59517173760.0,0.0003,129.74023866653442,153.767578125,0,0,exported_float_payload,False
operand_hybrid_fixed_h32,Operand hybrid + fixed H32,14200,2.5180366039276123,3.2395646572113037,0.1749219447374344,35976.18357205096,2302475.7486112616,92.60181696872321,59559116800.0,0.0003,129.74023866653442,153.767578125,0,0,exported_float_payload,False
operand_hybrid_fixed_h32,Operand hybrid + fixed H32,14210,2.5197625160217285,3.0074429512023926,0.1334589421749115,35951.06589340548,2300868.217177951,92.53716467796674,59601059840.0,0.0003,129.74023866653442,153.767578125,0,0,exported_float_payload,False
operand_hybrid_fixed_h32,Operand hybrid + fixed H32,14220,2.5339715480804443,2.998196601867676,0.13781864941120148,35989.64585006343,2303337.3344040597,92.63646854320153,59643002880.0,0.0003,129.74023866653442,153.767578125,0,0,exported_float_payload,False
operand_hybrid_fixed_h32,Operand hybrid + fixed H32,14230,2.5203323364257812,3.032153844833374,0.1796615570783615,35950.21061139363,2300813.4791291924,92.53496320297818,59684945920.0,0.0003,129.74023866653442,153.767578125,0,0,exported_float_payload,False
operand_hybrid_fixed_h32,Operand hybrid + fixed H32,14240,2.536695957183838,3.0733470916748047,0.11195657402276993,35958.49747290532,2301343.8382659405,92.55629338191208,59726888960.0,0.0003,129.74023866653442,153.767578125,0,0,exported_float_payload,False
operand_hybrid_fixed_h32,Operand hybrid + fixed H32,14250,2.532994508743286,2.921099901199341,0.27757591009140015,35978.31160646539,2302611.942813785,92.60729447727975,59768832000.0,0.0003,129.74023866653442,153.767578125,0,0,exported_float_payload,False
operand_hybrid_fixed_h32,Operand hybrid + fixed H32,14260,2.533207893371582,3.1582889556884766,0.12058185040950775,35934.94550216159,2299836.5121383416,92.49567118501629,59810775040.0,0.0003,129.74023866653442,153.767578125,0,0,exported_float_payload,False
operand_hybrid_fixed_h32,Operand hybrid + fixed H32,14270,2.5307741165161133,3.042041301727295,0.10105617344379425,35958.77079411172,2301361.33082315,92.5569969040152,59852718080.0,0.0003,129.74023866653442,153.767578125,0,0,exported_float_payload,False
operand_hybrid_fixed_h32,Operand hybrid + fixed H32,14280,2.527031660079956,3.0854339599609375,0.09831540286540985,35948.120706399655,2300679.725209578,92.52958383861768,59894661120.0,0.0003,129.74023866653442,153.767578125,0,0,exported_float_payload,False
operand_hybrid_fixed_h32,Operand hybrid + fixed H32,14290,2.547471046447754,3.233797550201416,0.20171763002872467,35966.831784839516,2301877.234229729,92.57774569707344,59936604160.0,0.0003,129.74023866653442,153.767578125,0,0,exported_float_payload,False
operand_hybrid_fixed_h32,Operand hybrid + fixed H32,14300,2.558748245239258,3.1120476722717285,0.09713338315486908,35964.18252893273,2301707.681851695,92.5709265771384,59978547200.0,0.0003,129.74023866653442,153.767578125,0,0,exported_float_payload,False
operand_hybrid_fixed_h32,Operand hybrid + fixed H32,14310,2.5838894844055176,3.182178497314453,0.3568570911884308,35950.98175606189,2300862.832387961,92.53694811050133,60020490240.0,0.0003,129.74023866653442,153.767578125,0,0,exported_float_payload,False
operand_hybrid_fixed_h32,Operand hybrid + fixed H32,14320,2.529860496520996,3.2708115577697754,0.13633528351783752,35932.54199711423,2299682.687815311,92.48948462178528,60062433280.0,0.0003,129.74023866653442,153.767578125,0,0,exported_float_payload,False
operand_hybrid_fixed_h32,Operand hybrid + fixed H32,14330,2.5535988807678223,3.0486390590667725,0.14433909952640533,35957.93278749106,2301307.698399428,92.5548398954612,60104376320.0,0.0003,129.74023866653442,153.767578125,0,0,exported_float_payload,False
operand_hybrid_fixed_h32,Operand hybrid + fixed H32,14340,2.56386399269104,2.9876811504364014,0.12247278541326523,35957.58653726238,2301285.5383847924,92.55394865583771,60146319360.0,0.0003,129.74023866653442,153.767578125,0,0,exported_float_payload,False
operand_hybrid_fixed_h32,Operand hybrid + fixed H32,14350,2.552199602127075,3.080864906311035,0.2858790159225464,35968.86249082332,2302007.1994126923,92.58297268462906,60188262400.0,0.0003,129.74023866653442,153.767578125,0,0,exported_float_payload,False
operand_hybrid_fixed_h32,Operand hybrid + fixed H32,14360,2.560075044631958,2.966369152069092,0.17164786159992218,35970.24561404817,2302095.719299083,92.58653280999522,60230205440.0,0.0003,129.74023866653442,153.767578125,0,0,exported_float_payload,False
operand_hybrid_fixed_h32,Operand hybrid + fixed H32,14370,2.5489399433135986,3.0245890617370605,0.13537749648094177,35960.7762052509,2301489.6771360575,92.56215878325915,60272148480.0,0.0003,129.74023866653442,153.767578125,0,0,exported_float_payload,False
operand_hybrid_fixed_h32,Operand hybrid + fixed H32,14380,2.547775983810425,2.974916934967041,0.11591418087482452,35957.66706563806,2301290.692200836,92.55415593390794,60314091520.0,0.0003,129.74023866653442,153.767578125,0,0,exported_float_payload,False
operand_hybrid_fixed_h32,Operand hybrid + fixed H32,14390,2.541135787963867,3.0317437648773193,0.1473468840122223,35944.117522772256,2300423.5214574244,92.51927974183059,60356034560.0,0.0003,129.74023866653442,153.767578125,0,0,exported_float_payload,False
operand_hybrid_fixed_h32,Operand hybrid + fixed H32,14400,2.5956599712371826,3.175933837890625,0.24650698900222778,35967.776205334725,2301937.6771414224,92.58017661233892,60397977600.0,0.0003,129.74023866653442,153.767578125,0,0,exported_float_payload,False
operand_hybrid_fixed_h32,Operand hybrid + fixed H32,14410,2.549348831176758,3.0116851329803467,0.12191980332136154,35937.422087505234,2299995.013600335,92.50204585514328,60439920640.0,0.0003,129.74023866653442,153.767578125,0,0,exported_float_payload,False
operand_hybrid_fixed_h32,Operand hybrid + fixed H32,14420,2.5558507442474365,3.234093427658081,0.25244927406311035,35965.58429562865,2301797.3949202336,92.57453469034328,60481863680.0,0.0003,129.74023866653442,153.767578125,0,0,exported_float_payload,False
operand_hybrid_fixed_h32,Operand hybrid + fixed H32,14430,2.5349316596984863,2.9998714923858643,0.12393996864557266,35963.3041856384,2301651.4678808576,92.56866574297251,60523806720.0,0.0003,129.74023866653442,153.767578125,0,0,exported_float_payload,False
operand_hybrid_fixed_h32,Operand hybrid + fixed H32,14440,2.5319902896881104,2.981192111968994,0.19659176468849182,35960.87581798484,2301496.0523510296,92.56241518400097,60565749760.0,0.0003,129.74023866653442,153.767578125,0,0,exported_float_payload,False
operand_hybrid_fixed_h32,Operand hybrid + fixed H32,14450,2.568690538406372,3.1973350048065186,0.11477401107549667,35949.572664467196,2300772.6505259005,92.53332114318606,60607692800.0,0.0003,129.74023866653442,153.767578125,0,0,exported_float_payload,False
operand_hybrid_fixed_h32,Operand hybrid + fixed H32,14460,2.54439640045166,3.046074867248535,0.168014258146286,35939.091457775,2300101.8532976,92.5063427734049,60649635840.0,0.0003,129.74023866653442,153.767578125,0,0,exported_float_payload,False
operand_hybrid_fixed_h32,Operand hybrid + fixed H32,14470,2.555386543273926,3.0884127616882324,0.13595281541347504,35957.00979632966,2301248.626965098,92.55246413877703,60691578880.0,0.0003,129.74023866653442,153.767578125,0,0,exported_float_payload,False
operand_hybrid_fixed_h32,Operand hybrid + fixed H32,14480,2.539742946624756,3.0807271003723145,0.09237533807754517,35977.25286077975,2302544.183089904,92.60456929176912,60733521920.0,0.0003,129.74023866653442,153.767578125,0,0,exported_float_payload,False
operand_hybrid_fixed_h32,Operand hybrid + fixed H32,14490,2.535332441329956,3.0052669048309326,0.20224305987358093,35972.45769106282,2302237.2922280203,92.59222664215005,60775464960.0,0.0003,129.74023866653442,153.767578125,0,0,exported_float_payload,False
operand_hybrid_fixed_h32,Operand hybrid + fixed H32,14500,2.5464677810668945,3.1572704315185547,0.14190565049648285,35974.10543704598,2302342.747970943,92.59646790002664,60817408000.0,0.0003,129.74023866653442,153.767578125,0,0,exported_float_payload,False
operand_hybrid_fixed_h32,Operand hybrid + fixed H32,14510,2.521036148071289,2.971310615539551,0.158576101064682,35950.14983996821,2300809.5897579654,92.5348067788149,60859351040.0,0.0003,129.74023866653442,153.767578125,0,0,exported_float_payload,False
operand_hybrid_fixed_h32,Operand hybrid + fixed H32,14520,2.526309013366699,2.9472618103027344,0.16312196850776672,35976.96548532639,2302525.791060889,92.60382959437796,60901294080.0,0.0003,129.74023866653442,153.767578125,0,0,exported_float_payload,False
operand_hybrid_fixed_h32,Operand hybrid + fixed H32,14530,2.533132553100586,3.2231645584106445,0.1452239453792572,35948.31118389514,2300691.915769289,92.53007412303425,60943237120.0,0.0003,129.74023866653442,153.767578125,0,0,exported_float_payload,False
operand_hybrid_fixed_h32,Operand hybrid + fixed H32,14540,2.5022904872894287,2.9761135578155518,0.2405964732170105,35980.358341458734,2302742.933853359,92.61256272311405,60985180160.0,0.0003,129.74023866653442,153.767578125,0,0,exported_float_payload,False
operand_hybrid_fixed_h32,Operand hybrid + fixed H32,14550,2.5337984561920166,2.993717670440674,0.11155038326978683,35949.38378976844,2300760.5625451803,92.53283498432907,61027123200.0,0.0003,129.74023866653442,153.767578125,0,0,exported_float_payload,False
operand_hybrid_fixed_h32,Operand hybrid + fixed H32,14560,2.567784547805786,4.2261152267456055,0.1197500079870224,35920.54642621877,2298914.971278001,92.45860831556807,61069066240.0,0.0003,129.74023866653442,153.767578125,0,0,exported_float_payload,False
operand_hybrid_fixed_h32,Operand hybrid + fixed H32,14570,2.5446736812591553,4.7464399337768555,0.14952854812145233,35975.74550799545,2302447.712511709,92.60068940255411,61111009280.0,0.0003,129.74023866653442,153.767578125,0,0,exported_float_payload,False
operand_hybrid_fixed_h32,Operand hybrid + fixed H32,14580,2.538078784942627,3.2286949157714844,0.10412775725126266,35958.605002717806,2301350.7201739396,92.55657016102053,61152952320.0,0.0003,129.74023866653442,153.767578125,0,0,exported_float_payload,False
operand_hybrid_fixed_h32,Operand hybrid + fixed H32,14590,2.5533640384674072,3.495993137359619,0.12611857056617737,35956.66894715234,2301226.81261775,92.55158680132772,61194895360.0,0.0003,129.74023866653442,153.767578125,0,0,exported_float_payload,False
operand_hybrid_fixed_h32,Operand hybrid + fixed H32,14600,2.524322509765625,3.280958652496338,0.07104674726724625,35949.01405903221,2300736.8997780615,92.5318833064532,61236838400.0,0.0003,129.74023866653442,153.767578125,0,0,exported_float_payload,False
operand_hybrid_fixed_h32,Operand hybrid + fixed H32,14610,2.5392701625823975,3.130716562271118,0.2608751654624939,35981.22391170755,2302798.3303492833,92.61479067977304,61278781440.0,0.0003,129.74023866653442,153.767578125,0,0,exported_float_payload,False
operand_hybrid_fixed_h32,Operand hybrid + fixed H32,14620,2.5529556274414062,3.0898470878601074,0.11591500788927078,35943.78526800349,2300402.2571522235,92.51842452617876,61320724480.0,0.0003,129.74023866653442,153.767578125,0,0,exported_float_payload,False
operand_hybrid_fixed_h32,Operand hybrid + fixed H32,14630,2.5208346843719482,2.9643383026123047,0.08984294533729553,35948.54485152205,2300706.870497411,92.53067557779322,61362667520.0,0.0003,129.74023866653442,153.767578125,0,0,exported_float_payload,False
operand_hybrid_fixed_h32,Operand hybrid + fixed H32,14640,2.5715208053588867,3.2068960666656494,0.14181403815746307,35947.84928429974,2300662.354195183,92.52888520476822,61404610560.0,0.0003,129.74023866653442,153.767578125,0,0,exported_float_payload,False
operand_hybrid_fixed_h32,Operand hybrid + fixed H32,14650,2.514512538909912,2.9728755950927734,0.1915874183177948,35924.76295568829,2299184.8291640505,92.46946155933692,61446553600.0,0.0003,129.74023866653442,153.767578125,0,0,exported_float_payload,False
operand_hybrid_fixed_h32,Operand hybrid + fixed H32,14660,2.5253047943115234,3.0300841331481934,0.12199108302593231,35979.16488907583,2302666.552900853,92.60949080585797,61488496640.0,0.0003,129.74023866653442,153.767578125,0,0,exported_float_payload,False
operand_hybrid_fixed_h32,Operand hybrid + fixed H32,14670,2.542060613632202,3.0480332374572754,0.12319464981555939,35947.22287711992,2300622.264135675,92.52727284800177,61530439680.0,0.0003,129.74023866653442,153.767578125,0,0,exported_float_payload,False
operand_hybrid_fixed_h32,Operand hybrid + fixed H32,14680,2.5212624073028564,3.055360794067383,0.13492518663406372,35974.919894961764,2302394.873277553,92.59856429478998,61572382720.0,0.0003,129.74023866653442,153.767578125,0,0,exported_float_payload,False
operand_hybrid_fixed_h32,Operand hybrid + fixed H32,14690,2.5290610790252686,2.9813945293426514,0.11829708516597748,35970.153055872484,2302089.795575839,92.58629456751387,61614325760.0,0.0003,129.74023866653442,153.767578125,0,0,exported_float_payload,False
operand_hybrid_fixed_h32,Operand hybrid + fixed H32,14700,2.5500235557556152,3.249703884124756,0.08665195852518082,35977.835070670786,2302581.4445229303,92.6060678857948,61656268800.0,0.0003,129.74023866653442,153.767578125,0,0,exported_float_payload,False
operand_hybrid_fixed_h32,Operand hybrid + fixed H32,14710,2.5053837299346924,2.977661609649658,0.17115820944309235,35938.17724234606,2300043.3435101476,92.50398960524153,61698211840.0,0.0003,129.74023866653442,153.767578125,0,0,exported_float_payload,False
operand_hybrid_fixed_h32,Operand hybrid + fixed H32,14720,2.5298616886138916,2.9431498050689697,0.1155419796705246,35970.50257559644,2302112.164838172,92.58719422273826,61740154880.0,0.0003,129.74023866653442,153.767578125,0,0,exported_float_payload,False
operand_hybrid_fixed_h32,Operand hybrid + fixed H32,14730,2.5379717350006104,3.435729503631592,0.15863177180290222,35976.19932006503,2302476.756484162,92.60185750372642,61782097920.0,0.0003,129.74023866653442,153.767578125,0,0,exported_float_payload,False
operand_hybrid_fixed_h32,Operand hybrid + fixed H32,14740,2.5938761234283447,4.048602104187012,0.11024664342403412,35980.65697793996,2302762.0465881573,92.61333140611565,61824040960.0,0.0003,129.74023866653442,153.767578125,0,0,exported_float_payload,False
operand_hybrid_fixed_h32,Operand hybrid + fixed H32,14750,2.5559659004211426,3.040879726409912,0.3670962452888489,35962.9257728217,2301627.2494605887,92.56769171763376,61865984000.0,0.0003,129.74023866653442,153.767578125,0,0,exported_float_payload,False
operand_hybrid_fixed_h32,Operand hybrid + fixed H32,14760,2.5440163612365723,3.0845835208892822,0.14087997376918793,35959.42000754716,2301402.8804830182,92.55866796352605,61907927040.0,0.0003,129.74023866653442,153.767578125,0,0,exported_float_payload,False
operand_hybrid_fixed_h32,Operand hybrid + fixed H32,14770,2.518418550491333,3.2962732315063477,0.09606891870498657,35960.70865278817,2301485.353778443,92.56198490487161,61949870080.0,0.0003,129.74023866653442,153.767578125,0,0,exported_float_payload,False
operand_hybrid_fixed_h32,Operand hybrid + fixed H32,14780,2.5484955310821533,3.1499295234680176,0.3034763038158417,33787.59561772246,2162406.1195342373,86.96844508087995,61991813120.0,0.0003,129.74023866653442,153.767578125,0,0,exported_float_payload,False
operand_hybrid_fixed_h32,Operand hybrid + fixed H32,14790,2.540316104888916,3.3549177646636963,0.14899805188179016,35855.39424124158,2294745.231439461,92.29090818427741,62033756160.0,0.0003,129.74023866653442,153.767578125,0,0,exported_float_payload,False
operand_hybrid_fixed_h32,Operand hybrid + fixed H32,14800,2.5254533290863037,3.103860378265381,0.09354052692651749,35961.28259676708,2301522.086193093,92.56346222264153,62075699200.0,0.0003,129.74023866653442,153.767578125,0,0,exported_float_payload,False
operand_hybrid_fixed_h32,Operand hybrid + fixed H32,14810,2.56650710105896,3.0189321041107178,0.14243119955062866,35976.77074852825,2302513.327905808,92.60332834662046,62117642240.0,0.0003,129.74023866653442,153.767578125,0,0,exported_float_payload,False
operand_hybrid_fixed_h32,Operand hybrid + fixed H32,14820,2.520949363708496,3.1727538108825684,0.09066364914178848,35984.61156025912,2303015.139856584,92.62351040432355,62159585280.0,0.0003,129.74023866653442,153.767578125,0,0,exported_float_payload,False
operand_hybrid_fixed_h32,Operand hybrid + fixed H32,14830,2.539547920227051,3.15704345703125,0.16621676087379456,35960.15454987175,2301449.891191792,92.56055865751145,62201528320.0,0.0003,129.74023866653442,153.767578125,0,0,exported_float_payload,False
operand_hybrid_fixed_h32,Operand hybrid + fixed H32,14840,2.5488834381103516,2.9918532371520996,0.11202391237020493,35992.1845544301,2303499.8114835266,92.6430031061751,62243471360.0,0.0003,129.74023866653442,153.767578125,0,0,exported_float_payload,False
operand_hybrid_fixed_h32,Operand hybrid + fixed H32,14850,2.561887741088867,3.155700445175171,0.1737908571958542,36002.79595594791,2304178.9411806664,92.67031659425439,62285414400.0,0.0003,129.74023866653442,153.767578125,0,0,exported_float_payload,False
operand_hybrid_fixed_h32,Operand hybrid + fixed H32,14860,2.527357816696167,2.9793853759765625,0.19103093445301056,35979.00500501587,2302656.3203210155,92.60907926819648,62327357440.0,0.0003,129.74023866653442,153.767578125,0,0,exported_float_payload,False
operand_hybrid_fixed_h32,Operand hybrid + fixed H32,14870,2.52778959274292,2.962592363357544,0.08675581961870193,35968.13367803979,2301960.5553945466,92.58109673834225,62369300480.0,0.0003,129.74023866653442,153.767578125,0,0,exported_float_payload,False
operand_hybrid_fixed_h32,Operand hybrid + fixed H32,14880,2.5196192264556885,3.04822039604187,0.2011193335056305,35974.367114035886,2302359.4952982967,92.59714145020116,62411243520.0,0.0003,129.74023866653442,153.767578125,0,0,exported_float_payload,False
operand_hybrid_fixed_h32,Operand hybrid + fixed H32,14890,2.531193494796753,3.016887664794922,0.13015201687812805,35896.82098666892,2297396.543146811,92.39753961420632,62453186560.0,0.0003,129.74023866653442,153.767578125,0,0,exported_float_payload,False
operand_hybrid_fixed_h32,Operand hybrid + fixed H32,14900,2.535506248474121,3.6070597171783447,0.12477097660303116,35987.32303710294,2303188.6743745883,92.63048967942936,62495129600.0,0.0003,129.74023866653442,153.767578125,0,0,exported_float_payload,False
operand_hybrid_fixed_h32,Operand hybrid + fixed H32,14910,2.545377492904663,3.5585808753967285,0.12437999248504639,35958.78528380811,2301362.258163719,92.55703420013946,62537072640.0,0.0003,129.74023866653442,153.767578125,0,0,exported_float_payload,False
operand_hybrid_fixed_h32,Operand hybrid + fixed H32,14920,2.527536630630493,3.415306568145752,0.1181677058339119,35968.727056040174,2301998.531586571,92.58262407880835,62579015680.0,0.0003,129.74023866653442,153.767578125,0,0,exported_float_payload,False
operand_hybrid_fixed_h32,Operand hybrid + fixed H32,14930,2.4953010082244873,3.022677421569824,0.1627454310655594,35973.63537846811,2302312.664221959,92.59525798073919,62620958720.0,0.0003,129.74023866653442,153.767578125,0,0,exported_float_payload,False
operand_hybrid_fixed_h32,Operand hybrid + fixed H32,14940,2.566591739654541,2.969721794128418,0.13755597174167633,35974.18560724283,2302347.878863541,92.59667425615332,62662901760.0,0.0003,129.74023866653442,153.767578125,0,0,exported_float_payload,False
operand_hybrid_fixed_h32,Operand hybrid + fixed H32,14950,2.538593053817749,3.137465000152588,0.134719580411911,35970.18179161444,2302091.6346633243,92.58636853261113,62704844800.0,0.0003,129.74023866653442,153.767578125,0,0,exported_float_payload,False
operand_hybrid_fixed_h32,Operand hybrid + fixed H32,14960,2.5404794216156006,3.1621453762054443,0.09071758389472961,35970.62847158358,2302120.222181349,92.58751827593126,62746787840.0,0.0003,129.74023866653442,153.767578125,0,0,exported_float_payload,False
operand_hybrid_fixed_h32,Operand hybrid + fixed H32,14970,2.5347654819488525,2.9483654499053955,0.321974515914917,35958.38130670197,2301336.4036289263,92.5559943729447,62788730880.0,0.0003,129.74023866653442,153.767578125,0,0,exported_float_payload,False
operand_hybrid_fixed_h32,Operand hybrid + fixed H32,14980,2.535001754760742,3.100405693054199,0.10499773919582367,35967.98745978175,2301951.197426032,92.58072037612081,62830673920.0,0.0003,129.74023866653442,153.767578125,0,0,exported_float_payload,False
operand_hybrid_fixed_h32,Operand hybrid + fixed H32,14990,2.550136089324951,3.0425593852996826,0.18732410669326782,35958.56207248392,2301347.9726389707,92.55645965964806,62872616960.0,0.0003,129.74023866653442,153.767578125,0,0,exported_float_payload,False
operand_hybrid_fixed_h32,Operand hybrid + fixed H32,15000,2.5110795497894287,2.9964935779571533,0.15702034533023834,35971.94002334509,2302204.1614940856,92.59089417810057,62914560000.0,0.0003,129.74023866653442,153.767578125,0,0,exported_float_payload,False
operand_hybrid_fixed_h32,Operand hybrid + fixed H32,15010,2.5311946868896484,3.279550790786743,0.11078133434057236,28456.31179633521,1821203.9549654534,73.24585086385603,62956503040.0,0.0003,129.74023866653442,153.767578125,0,0,exported_float_payload,False
operand_hybrid_fixed_h32,Operand hybrid + fixed H32,15020,2.6187477111816406,5.068449974060059,0.17523370683193207,35955.797789611424,2301171.058535131,92.54934446311545,62998446080.0,0.0003,129.74023866653442,153.767578125,0,0,exported_float_payload,False
operand_hybrid_fixed_h32,Operand hybrid + fixed H32,15030,2.53458309173584,2.957077741622925,0.17938101291656494,35981.0085912848,2302784.5498422273,92.61423645026905,63040389120.0,0.0003,129.74023866653442,153.767578125,0,0,exported_float_payload,False
operand_hybrid_fixed_h32,Operand hybrid + fixed H32,15040,2.550006628036499,3.0092391967773438,0.15168720483779907,35989.64176470237,2303337.0729409517,92.63645802758204,63082332160.0,0.0003,129.74023866653442,153.767578125,0,0,exported_float_payload,False
operand_hybrid_fixed_h32,Operand hybrid + fixed H32,15050,2.515549659729004,3.0032832622528076,0.11330999433994293,35959.580321239315,2301413.140559316,92.55908060705029,63124275200.0,0.0003,129.74023866653442,153.767578125,0,0,exported_float_payload,False
operand_hybrid_fixed_h32,Operand hybrid + fixed H32,15060,2.5696170330047607,3.0908150672912598,0.3901546895503998,35975.33771409023,2302421.6137017747,92.59963975101182,63166218240.0,0.0003,129.74023866653442,153.767578125,0,0,exported_float_payload,False
operand_hybrid_fixed_h32,Operand hybrid + fixed H32,15070,2.5416457653045654,2.9804012775421143,0.11566399782896042,35937.015510647805,2299968.9926814595,92.50099933625225,63208161280.0,0.0003,129.74023866653442,153.767578125,0,0,exported_float_payload,False
operand_hybrid_fixed_h32,Operand hybrid + fixed H32,15080,2.5195841789245605,3.0150747299194336,0.12927019596099854,35968.98599991717,2302015.1039946987,92.58329059401707,63250104320.0,0.0003,129.74023866653442,153.767578125,0,0,exported_float_payload,False
operand_hybrid_fixed_h32,Operand hybrid + fixed H32,15090,2.5416860580444336,3.1794583797454834,0.15754015743732452,35960.88620665197,2301496.717225726,92.5624419241762,63292047360.0,0.0003,129.74023866653442,153.767578125,0,0,exported_float_payload,False
operand_hybrid_fixed_h32,Operand hybrid + fixed H32,15100,2.526062250137329,2.94256591796875,0.1413518786430359,35959.57099269871,2301412.5435327175,92.55905659561485,63333990400.0,0.0003,129.74023866653442,153.767578125,0,0,exported_float_payload,False
operand_hybrid_fixed_h32,Operand hybrid + fixed H32,15110,2.519249439239502,2.949930191040039,0.11709179729223251,35973.49175170405,2302303.4721090593,92.59488828895988,63375933440.0,0.0003,129.74023866653442,153.767578125,0,0,exported_float_payload,False
operand_hybrid_fixed_h32,Operand hybrid + fixed H32,15120,2.5721232891082764,3.1030561923980713,0.08816992491483688,35976.87102101462,2302519.7453449355,92.6035864455489,63417876480.0,0.0003,129.74023866653442,153.767578125,0,0,exported_float_payload,False
operand_hybrid_fixed_h32,Operand hybrid + fixed H32,15130,2.5235464572906494,2.996175765991211,0.12154718488454819,35945.2285894224,2300494.6297230334,92.52213960022469,63459819520.0,0.0003,129.74023866653442,153.767578125,0,0,exported_float_payload,False
operand_hybrid_fixed_h32,Operand hybrid + fixed H32,15140,2.524035930633545,2.9878454208374023,0.08297973871231079,35983.88536237499,2302968.6631919993,92.62164118872388,63501762560.0,0.0003,129.74023866653442,153.767578125,0,0,exported_float_payload,False
operand_hybrid_fixed_h32,Operand hybrid + fixed H32,15150,2.5091354846954346,2.9474005699157715,0.11185180395841599,35965.65179931569,2301801.715156204,92.57470844318338,63543705600.0,0.0003,129.74023866653442,153.767578125,0,0,exported_float_payload,False
operand_hybrid_fixed_h32,Operand hybrid + fixed H32,15160,2.5523977279663086,3.0746209621429443,0.1807326376438141,35975.008787374914,2302400.5623919945,92.59879310168819,63585648640.0,0.0003,129.74023866653442,153.767578125,0,0,exported_float_payload,False
operand_hybrid_fixed_h32,Operand hybrid + fixed H32,15170,2.5197055339813232,3.079033374786377,0.09565366059541702,35972.75077429268,2302256.0495547317,92.59298103121843,63627591680.0,0.0003,129.74023866653442,153.767578125,0,0,exported_float_payload,False
operand_hybrid_fixed_h32,Operand hybrid + fixed H32,15180,2.533942461013794,2.9338579177856445,0.11648736149072647,35969.263707496764,2302032.877279793,92.58400540653756,63669534720.0,0.0003,129.74023866653442,153.767578125,0,0,exported_float_payload,False
operand_hybrid_fixed_h32,Operand hybrid + fixed H32,15190,2.557962656021118,4.020753860473633,0.20993678271770477,35980.40957306814,2302746.2126763607,92.61269459202414,63711477760.0,0.0003,129.74023866653442,153.767578125,0,0,exported_float_payload,False
operand_hybrid_fixed_h32,Operand hybrid + fixed H32,15200,2.5303778648376465,3.020383834838867,0.1813342273235321,35970.50536124213,2302112.3431194965,92.58720139292218,63753420800.0,0.0003,129.74023866653442,153.767578125,0,0,exported_float_payload,False
operand_hybrid_fixed_h32,Operand hybrid + fixed H32,15210,2.505925178527832,2.964992046356201,0.09832591563463211,35978.03484720909,2302594.230221382,92.60658210572026,63795363840.0,0.0003,129.74023866653442,153.767578125,0,0,exported_float_payload,False
operand_hybrid_fixed_h32,Operand hybrid + fixed H32,15220,2.522733688354492,3.024547815322876,0.14039665460586548,35953.051501900605,2300995.2961216387,92.54227558568904,63837306880.0,0.0003,129.74023866653442,153.767578125,0,0,exported_float_payload,False
operand_hybrid_fixed_h32,Operand hybrid + fixed H32,15230,2.513824701309204,3.21048641204834,0.1360238790512085,35942.06639330953,2300292.2491718098,92.51400018473954,63879249920.0,0.0003,129.74023866653442,153.767578125,0,0,exported_float_payload,False
operand_hybrid_fixed_h32,Operand hybrid + fixed H32,15240,2.5385544300079346,3.031709909439087,0.16553601622581482,35916.07130968968,2298628.5638201395,92.44708947502986,63921192960.0,0.0003,129.74023866653442,153.767578125,0,0,exported_float_payload,False
operand_hybrid_fixed_h32,Operand hybrid + fixed H32,15250,2.5188426971435547,3.085982084274292,0.1511678546667099,35969.25465983095,2302032.2982291807,92.58398211806694,63963136000.0,0.0003,129.74023866653442,153.767578125,0,0,exported_float_payload,False
operand_hybrid_fixed_h32,Operand hybrid + fixed H32,15260,2.5282211303710938,3.040449380874634,0.14637860655784607,35966.64990368909,2301865.5938361017,92.57727753943888,64005079040.0,0.0003,129.74023866653442,153.767578125,0,0,exported_float_payload,False
operand_hybrid_fixed_h32,Operand hybrid + fixed H32,15270,2.5179362297058105,2.961836814880371,0.09668898582458496,35944.08276707187,2300421.2970926,92.51919028150752,64047022080.0,0.0003,129.74023866653442,153.767578125,0,0,exported_float_payload,False
operand_hybrid_fixed_h32,Operand hybrid + fixed H32,15280,2.5451254844665527,4.270865440368652,0.10814085602760315,35961.64599229655,2301545.3435069793,92.5643975938501,64088965120.0,0.0003,129.74023866653442,153.767578125,0,0,exported_float_payload,False
operand_hybrid_fixed_h32,Operand hybrid + fixed H32,15290,2.5498595237731934,2.9866151809692383,0.115456223487854,35978.04162109555,2302594.6637501153,92.6065995415384,64130908160.0,0.0003,129.74023866653442,153.767578125,0,0,exported_float_payload,False
operand_hybrid_fixed_h32,Operand hybrid + fixed H32,15300,2.556161403656006,3.0713653564453125,0.13206326961517334,35971.799170220576,2302195.146894117,92.59053162560166,64172851200.0,0.0003,129.74023866653442,153.767578125,0,0,exported_float_payload,False
operand_hybrid_fixed_h32,Operand hybrid + fixed H32,15310,2.548344850540161,3.307525157928467,0.09922188520431519,35975.595749858076,2302438.127990917,92.60030392876979,64214794240.0,0.0003,129.74023866653442,153.767578125,0,0,exported_float_payload,False
operand_hybrid_fixed_h32,Operand hybrid + fixed H32,15320,2.543274402618408,2.9335098266601562,0.19894452393054962,35969.84292478039,2302069.9471859448,92.58549629766489,64256737280.0,0.0003,129.74023866653442,153.767578125,0,0,exported_float_payload,False
operand_hybrid_fixed_h32,Operand hybrid + fixed H32,15330,2.5512638092041016,3.3272716999053955,0.16245833039283752,35933.486994823725,2299743.1676687184,92.49191702278623,64298680320.0,0.0003,129.74023866653442,153.767578125,0,0,exported_float_payload,False
operand_hybrid_fixed_h32,Operand hybrid + fixed H32,15340,2.5400986671447754,3.0508761405944824,0.10347417742013931,35948.10266355861,2300678.570467751,92.52953739678595,64340623360.0,0.0003,129.74023866653442,153.767578125,0,0,exported_float_payload,False
operand_hybrid_fixed_h32,Operand hybrid + fixed H32,15350,2.538114547729492,3.075448989868164,0.1320502907037735,35985.647296953495,2303081.4270050237,92.62617636525317,64382566400.0,0.0003,129.74023866653442,153.767578125,0,0,exported_float_payload,False
operand_hybrid_fixed_h32,Operand hybrid + fixed H32,15360,2.542788505554199,3.13265061378479,0.09294035285711288,35963.463763847285,2301661.6808862262,92.5690764933808,64424509440.0,0.0003,129.74023866653442,153.767578125,0,0,exported_float_payload,False
operand_hybrid_fixed_h32,Operand hybrid + fixed H32,15370,2.5160834789276123,2.9500794410705566,0.08519457280635834,35951.42663407833,2300891.304581013,92.53809321563926,64466452480.0,0.0003,129.74023866653442,153.767578125,0,0,exported_float_payload,False
operand_hybrid_fixed_h32,Operand hybrid + fixed H32,15380,2.556431293487549,3.11737060546875,0.1255965679883957,35967.1759850401,2301899.2630425664,92.57863165997473,64508395520.0,0.0003,129.74023866653442,153.767578125,0,0,exported_float_payload,False
operand_hybrid_fixed_h32,Operand hybrid + fixed H32,15390,2.532994508743286,2.9832568168640137,0.22116072475910187,35969.1446752543,2302025.259216275,92.58369902045554,64550338560.0,0.0003,129.74023866653442,153.767578125,0,0,exported_float_payload,False
operand_hybrid_fixed_h32,Operand hybrid + fixed H32,15400,2.5487184524536133,3.39435076713562,0.15202365815639496,35932.32278568039,2299668.658283545,92.48892037691387,64592281600.0,0.0003,129.74023866653442,153.767578125,0,0,exported_float_payload,False
operand_hybrid_fixed_h32,Operand hybrid + fixed H32,15410,2.523730754852295,3.2651026248931885,0.09979589283466339,35962.71383898764,2301613.685695209,92.56714620512626,64634224640.0,0.0003,129.74023866653442,153.767578125,0,0,exported_float_payload,False
operand_hybrid_fixed_h32,Operand hybrid + fixed H32,15420,2.5708162784576416,4.14362096786499,0.11901915073394775,35990.81393599871,2303412.0919039175,92.63947516784158,64676167680.0,0.0003,129.74023866653442,153.767578125,0,0,exported_float_payload,False
operand_hybrid_fixed_h32,Operand hybrid + fixed H32,15430,2.5345826148986816,2.9775924682617188,0.18235617876052856,35929.86274264951,2299511.2155295685,92.4825882862955,64718110720.0,0.0003,129.74023866653442,153.767578125,0,0,exported_float_payload,False
operand_hybrid_fixed_h32,Operand hybrid + fixed H32,15440,2.4992756843566895,2.993074417114258,0.17779088020324707,35945.94579399096,2300540.5308154216,92.52398566724996,64760053760.0,0.0003,129.74023866653442,153.767578125,0,0,exported_float_payload,False
operand_hybrid_fixed_h32,Operand hybrid + fixed H32,15450,2.530414581298828,3.3783531188964844,0.09606964886188507,21090.81452840062,1349812.1298176397,54.2872409678696,64801996800.0,0.0003,129.74023866653442,153.767578125,0,0,exported_float_payload,False
operand_hybrid_fixed_h32,Operand hybrid + fixed H32,15460,2.5267155170440674,3.0859436988830566,0.08965557813644409,36019.461459672595,2305245.533419046,92.71321319340349,64843939840.0,0.0003,129.74023866653442,153.767578125,0,0,exported_float_payload,False
operand_hybrid_fixed_h32,Operand hybrid + fixed H32,15470,2.536273717880249,3.0468404293060303,0.08142523467540741,35997.09664819783,2303814.1854846613,92.65564671544236,64885882880.0,0.0003,129.74023866653442,153.767578125,0,0,exported_float_payload,False
operand_hybrid_fixed_h32,Operand hybrid + fixed H32,15480,2.524702787399292,3.0664615631103516,0.10803359001874924,36011.62953280754,2304744.2900996828,92.69305400512779,64927825920.0,0.0003,129.74023866653442,153.767578125,0,0,exported_float_payload,False
operand_hybrid_fixed_h32,Operand hybrid + fixed H32,15490,2.5255706310272217,2.93886137008667,0.09549819678068161,35998.71166832587,2303917.546772856,92.65980373776792,64969768960.0,0.0003,129.74023866653442,153.767578125,0,0,exported_float_payload,False
operand_hybrid_fixed_h32,Operand hybrid + fixed H32,15500,2.5439181327819824,3.054978847503662,0.14296716451644897,35960.95201852908,2301500.9291858613,92.5626113223389,65011712000.0,0.0003,129.74023866653442,153.767578125,0,0,exported_float_payload,False
operand_hybrid_fixed_h32,Operand hybrid + fixed H32,15510,2.521561861038208,2.9589085578918457,0.08216933161020279,35970.64461649599,2302121.2554557435,92.5875598325411,65053655040.0,0.0003,129.74023866653442,153.767578125,0,0,exported_float_payload,False
operand_hybrid_fixed_h32,Operand hybrid + fixed H32,15520,2.530946731567383,3.0890016555786133,0.14641958475112915,35983.687861412625,2302956.023130408,92.62113282607527,65095598080.0,0.0003,129.74023866653442,153.767578125,0,0,exported_float_payload,False
operand_hybrid_fixed_h32,Operand hybrid + fixed H32,15530,2.540987491607666,3.1915531158447266,0.1337192803621292,35979.886986223166,2302712.7671182826,92.61134946626139,65137541120.0,0.0003,129.74023866653442,153.767578125,0,0,exported_float_payload,False
operand_hybrid_fixed_h32,Operand hybrid + fixed H32,15540,2.5303266048431396,3.0227389335632324,0.11144575476646423,35953.17581631236,2301003.252243991,92.54259556794565,65179484160.0,0.0003,129.74023866653442,153.767578125,0,0,exported_float_payload,False
operand_hybrid_fixed_h32,Operand hybrid + fixed H32,15550,2.547682285308838,3.0477075576782227,0.23356877267360687,35949.866864388874,2300791.479320888,92.53407840659186,65221427200.0,0.0003,129.74023866653442,153.767578125,0,0,exported_float_payload,False
operand_hybrid_fixed_h32,Operand hybrid + fixed H32,15560,2.5192511081695557,2.9253478050231934,0.12381462752819061,35965.42296978232,2301787.0700660683,92.57411944155892,65263370240.0,0.0003,129.74023866653442,153.767578125,0,0,exported_float_payload,False
operand_hybrid_fixed_h32,Operand hybrid + fixed H32,15570,2.5154483318328857,2.96641206741333,0.16444911062717438,35950.31890620284,2300820.4099969817,92.5352419511695,65305313280.0,0.0003,129.74023866653442,153.767578125,0,0,exported_float_payload,False
operand_hybrid_fixed_h32,Operand hybrid + fixed H32,15580,2.543844223022461,3.1304845809936523,0.15251708030700684,35970.0057952238,2302080.370894323,92.58591552220437,65347256320.0,0.0003,129.74023866653442,153.767578125,0,0,exported_float_payload,False
operand_hybrid_fixed_h32,Operand hybrid + fixed H32,15590,2.50785231590271,3.0654964447021484,0.15692543983459473,36003.16179170815,2304202.354669322,92.6712582465573,65389199360.0,0.0003,129.74023866653442,153.767578125,0,0,exported_float_payload,False
operand_hybrid_fixed_h32,Operand hybrid + fixed H32,15600,2.5035452842712402,2.9280335903167725,0.10936885327100754,35965.47047328595,2301790.110290301,92.57424171441592,65431142400.0,0.0003,129.74023866653442,153.767578125,0,0,exported_float_payload,False
operand_hybrid_fixed_h32,Operand hybrid + fixed H32,15610,2.549760580062866,3.2049498558044434,0.16599789261817932,35981.10698136868,2302790.8468075953,92.6144897039395,65473085440.0,0.0003,129.74023866653442,153.767578125,0,0,exported_float_payload,False
operand_hybrid_fixed_h32,Operand hybrid + fixed H32,15620,2.543773651123047,2.957810163497925,0.15528947114944458,35997.16048883793,2303818.2712856275,92.6558110396892,65515028480.0,0.0003,129.74023866653442,153.767578125,0,0,exported_float_payload,False
operand_hybrid_fixed_h32,Operand hybrid + fixed H32,15630,2.519113779067993,2.909982681274414,0.17850232124328613,35965.684078382554,2301803.7810164834,92.57479152871235,65556971520.0,0.0003,129.74023866653442,153.767578125,0,0,exported_float_payload,False
operand_hybrid_fixed_h32,Operand hybrid + fixed H32,15640,2.531761407852173,3.052946090698242,0.14070118963718414,35974.03113567993,2302337.9926835154,92.59627665012694,65598914560.0,0.0003,129.74023866653442,153.767578125,0,0,exported_float_payload,False
operand_hybrid_fixed_h32,Operand hybrid + fixed H32,15650,2.5269651412963867,2.954977512359619,0.1603943109512329,35962.31017793881,2301587.851388084,92.56610719145526,65640857600.0,0.0003,129.74023866653442,153.767578125,0,0,exported_float_payload,False
operand_hybrid_fixed_h32,Operand hybrid + fixed H32,15660,2.493227005004883,3.120962619781494,0.13006536662578583,35969.28795382949,2302034.429045087,92.5840678160052,65682800640.0,0.0003,129.74023866653442,153.767578125,0,0,exported_float_payload,False
operand_hybrid_fixed_h32,Operand hybrid + fixed H32,15670,2.5302422046661377,3.065429210662842,0.17257879674434662,35958.259638060284,2301328.616835858,92.55568120083554,65724743680.0,0.0003,129.74023866653442,153.767578125,0,0,exported_float_payload,False
operand_hybrid_fixed_h32,Operand hybrid + fixed H32,15680,2.5357367992401123,3.028538227081299,0.1455679088830948,35959.98931997874,2301439.3164786394,92.56013335980637,65766686720.0,0.0003,129.74023866653442,153.767578125,0,0,exported_float_payload,False
operand_hybrid_fixed_h32,Operand hybrid + fixed H32,15690,2.533328056335449,3.8884661197662354,0.10554664582014084,35945.879715694056,2300536.3018044196,92.52381558332921,65808629760.0,0.0003,129.74023866653442,153.767578125,0,0,exported_float_payload,False
operand_hybrid_fixed_h32,Operand hybrid + fixed H32,15700,2.5321993827819824,3.050537586212158,0.13308456540107727,35978.05148255437,2302595.29488348,92.60662492469231,65850572800.0,0.0003,129.74023866653442,153.767578125,0,0,exported_float_payload,False
operand_hybrid_fixed_h32,Operand hybrid + fixed H32,15710,2.503955602645874,3.2264018058776855,0.1223817691206932,35963.77737184709,2301681.751798214,92.56988371270522,65892515840.0,0.0003,129.74023866653442,153.767578125,0,0,exported_float_payload,False
operand_hybrid_fixed_h32,Operand hybrid + fixed H32,15720,2.5230777263641357,2.9772114753723145,0.19502313435077667,35955.51153760825,2301152.738406928,92.54860765745755,65934458880.0,0.0003,129.74023866653442,153.767578125,0,0,exported_float_payload,False
operand_hybrid_fixed_h32,Operand hybrid + fixed H32,15730,2.527585983276367,3.0249669551849365,0.12703493237495422,35951.08875878872,2300869.680562478,92.53722353290419,65976401920.0,0.0003,129.74023866653442,153.767578125,0,0,exported_float_payload,False
operand_hybrid_fixed_h32,Operand hybrid + fixed H32,15740,2.5189614295959473,3.3054866790771484,0.1600106954574585,35976.55567360953,2302499.56311101,92.60277474903782,66018344960.0,0.0003,129.74023866653442,153.767578125,0,0,exported_float_payload,False
operand_hybrid_fixed_h32,Operand hybrid + fixed H32,15750,2.4996073246002197,2.9659230709075928,0.11432354152202606,35963.169103324966,2301642.822612798,92.56831804440023,66060288000.0,0.0003,129.74023866653442,153.767578125,0,0,exported_float_payload,False
operand_hybrid_fixed_h32,Operand hybrid + fixed H32,15760,2.4947171211242676,3.0588903427124023,0.1348637342453003,35971.23094470158,2302158.780460901,92.58906902700772,66102231040.0,0.0003,129.74023866653442,153.767578125,0,0,exported_float_payload,False
operand_hybrid_fixed_h32,Operand hybrid + fixed H32,15770,2.5053272247314453,2.879312515258789,0.2675340473651886,35938.21952741105,2300046.049754307,92.50409844596503,66144174080.0,0.0003,129.74023866653442,153.787109375,0,0,exported_float_payload,False
operand_hybrid_fixed_h32,Operand hybrid + fixed H32,15780,2.495868682861328,2.9724206924438477,0.0845160186290741,35966.08207705323,2301829.2529314067,92.57581596756039,66186117120.0,0.0003,129.74023866653442,153.787109375,0,0,exported_float_payload,False
operand_hybrid_fixed_h32,Operand hybrid + fixed H32,15790,2.5464649200439453,3.07346248626709,0.20336465537548065,35978.09884743163,2302598.3262356245,92.6067468407284,66228060160.0,0.0003,129.74023866653442,153.787109375,0,0,exported_float_payload,False
operand_hybrid_fixed_h32,Operand hybrid + fixed H32,15800,2.4877989292144775,3.0150644779205322,0.12166167795658112,35970.94079238785,2302140.2107128226,92.58832218204584,66270003200.0,0.0003,129.74023866653442,153.787109375,0,0,exported_float_payload,False
operand_hybrid_fixed_h32,Operand hybrid + fixed H32,15810,2.5223426818847656,3.0561251640319824,0.1534287929534912,35920.17572254479,2298891.2462428664,92.45765413337422,66311946240.0,0.0003,129.74023866653442,153.787109375,0,0,exported_float_payload,False
operand_hybrid_fixed_h32,Operand hybrid + fixed H32,15820,2.5058646202087402,2.8948781490325928,0.1509915143251419,35960.47064259628,2301470.121126162,92.56137227245655,66353889280.0,0.0003,129.74023866653442,153.787109375,0,0,exported_float_payload,False
operand_hybrid_fixed_h32,Operand hybrid + fixed H32,15830,2.527716636657715,3.0237841606140137,0.24266695976257324,35970.46568743655,2302109.803995939,92.58709927351654,66395832320.0,0.0003,129.74023866653442,153.787109375,0,0,exported_float_payload,False
operand_hybrid_fixed_h32,Operand hybrid + fixed H32,15840,2.5404226779937744,3.121044397354126,0.12491831183433533,35961.58497728901,2301541.4385464964,92.56424054271238,66437775360.0,0.0003,129.74023866653442,153.787109375,0,0,exported_float_payload,False
operand_hybrid_fixed_h32,Operand hybrid + fixed H32,15850,2.510845899581909,3.069408893585205,0.1761147677898407,35964.92888563898,2301755.448680895,92.57284768105335,66479718400.0,0.0003,129.74023866653442,153.787109375,0,0,exported_float_payload,False
operand_hybrid_fixed_h32,Operand hybrid + fixed H32,15860,2.543200731277466,3.0693235397338867,0.22216519713401794,35972.199275526385,2302220.7536336887,92.59156148687703,66521661440.0,0.0003,129.74023866653442,153.787109375,0,0,exported_float_payload,False
operand_hybrid_fixed_h32,Operand hybrid + fixed H32,15870,2.5265018939971924,2.9928650856018066,0.11818188428878784,35965.76527446234,2301808.97756559,92.57500052543664,66563604480.0,0.0003,129.74023866653442,153.787109375,0,0,exported_float_payload,False
operand_hybrid_fixed_h32,Operand hybrid + fixed H32,15880,2.5233161449432373,3.1245899200439453,0.23705947399139404,35970.66749116152,2302122.719434337,92.58761871137092,66605547520.0,0.0003,129.74023866653442,153.787109375,0,0,exported_float_payload,False
operand_hybrid_fixed_h32,Operand hybrid + fixed H32,15890,2.505807876586914,2.930053234100342,0.17098794877529144,35956.569552475616,2301220.4513584394,92.55133096185982,66647490560.0,0.0003,129.74023866653442,153.787109375,0,0,exported_float_payload,False
operand_hybrid_fixed_h32,Operand hybrid + fixed H32,15900,2.5354127883911133,3.0239040851593018,0.16355453431606293,35968.38231872798,2301976.4683985906,92.58173673339489,66689433600.0,0.0003,129.74023866653442,153.787109375,0,0,exported_float_payload,False
operand_hybrid_fixed_h32,Operand hybrid + fixed H32,15910,2.525325298309326,3.1186635494232178,0.08943484723567963,35982.04285565539,2302850.742761945,92.61689862147324,66731376640.0,0.0003,129.74023866653442,153.787109375,0,0,exported_float_payload,False
operand_hybrid_fixed_h32,Operand hybrid + fixed H32,15920,2.5364999771118164,3.268796443939209,0.16516491770744324,35980.734499575214,2302767.0079728137,92.61353094490956,66773319680.0,0.0003,129.74023866653442,153.787109375,0,0,exported_float_payload,False
operand_hybrid_fixed_h32,Operand hybrid + fixed H32,15930,2.4855244159698486,3.101442813873291,0.09300125390291214,35984.98541138361,2303039.066328551,92.62447268797808,66815262720.0,0.0003,129.74023866653442,153.787109375,0,0,exported_float_payload,False
operand_hybrid_fixed_h32,Operand hybrid + fixed H32,15940,2.5309133529663086,3.076812982559204,0.1503242552280426,35957.82355841614,2301300.707738633,92.55455874249279,66857205760.0,0.0003,129.74023866653442,153.787109375,0,0,exported_float_payload,False
operand_hybrid_fixed_h32,Operand hybrid + fixed H32,15950,2.5082719326019287,3.0346193313598633,0.15276989340782166,35928.51135205997,2299424.726531838,92.47910983995682,66899148800.0,0.0003,129.74023866653442,153.787109375,0,0,exported_float_payload,False
operand_hybrid_fixed_h32,Operand hybrid + fixed H32,15960,2.4804470539093018,3.073911666870117,0.09544967114925385,35992.74870252523,2303535.9169616145,92.64445520957965,66941091840.0,0.0003,129.74023866653442,153.787109375,0,0,exported_float_payload,False
operand_hybrid_fixed_h32,Operand hybrid + fixed H32,15970,2.4929964542388916,2.949869155883789,0.09470205754041672,35950.514298956,2300832.915133184,92.53574488733915,66983034880.0,0.0003,129.74023866653442,153.787109375,0,0,exported_float_payload,False
operand_hybrid_fixed_h32,Operand hybrid + fixed H32,15980,2.4989867210388184,3.1030373573303223,0.09252600371837616,35970.23936804102,2302095.319554625,92.58651673292552,67024977920.0,0.0003,129.74023866653442,153.787109375,0,0,exported_float_payload,False
operand_hybrid_fixed_h32,Operand hybrid + fixed H32,15990,2.5203301906585693,3.352823495864868,0.14771093428134918,35953.31377187328,2301012.08139989,92.54295066218674,67066920960.0,0.0003,129.74023866653442,153.787109375,0,0,exported_float_payload,False
operand_hybrid_fixed_h32,Operand hybrid + fixed H32,16000,2.493807077407837,2.908294916152954,0.16390374302864075,35959.24054331866,2301391.394772394,92.55820602698942,67108864000.0,0.0003,129.74023866653442,153.787109375,0,0,exported_float_payload,False
operand_hybrid_fixed_h32,Operand hybrid + fixed H32,16010,2.525841236114502,3.0230891704559326,0.09691512584686279,28213.297442800784,1805651.0363392502,72.62033785907333,67150807040.0,0.0003,129.74023866653442,153.787109375,0,0,exported_float_payload,False
operand_hybrid_fixed_h32,Operand hybrid + fixed H32,16020,2.5128135681152344,3.0548670291900635,0.2720119059085846,35957.08096363859,2301253.1816728697,92.55264732169033,67192750080.0,0.0003,129.74023866653442,153.787109375,0,0,exported_float_payload,False
operand_hybrid_fixed_h32,Operand hybrid + fixed H32,16030,2.522308826446533,3.0648622512817383,0.10910411924123764,35959.19202080911,2301388.289331783,92.55808113123612,67234693120.0,0.0003,129.74023866653442,153.787109375,0,0,exported_float_payload,False
operand_hybrid_fixed_h32,Operand hybrid + fixed H32,16040,2.5449376106262207,3.0594568252563477,0.1333131492137909,35983.71001112589,2302957.440712057,92.62118983889569,67276636160.0,0.0003,129.74023866653442,153.787109375,0,0,exported_float_payload,False
operand_hybrid_fixed_h32,Operand hybrid + fixed H32,16050,2.509071111679077,3.0525598526000977,0.2118626832962036,35985.918990172286,2303098.8153710263,92.62687569695599,67318579200.0,0.0003,129.74023866653442,153.787109375,0,0,exported_float_payload,False
operand_hybrid_fixed_h32,Operand hybrid + fixed H32,16060,2.5089402198791504,3.1196742057800293,0.11482451856136322,35969.85423243499,2302070.6708758394,92.5855254032914,67360522240.0,0.0003,129.74023866653442,153.787109375,0,0,exported_float_payload,False
operand_hybrid_fixed_h32,Operand hybrid + fixed H32,16070,2.4860572814941406,2.9612538814544678,0.13575395941734314,35948.17544472555,2300683.2284624353,92.5297247337303,67402465280.0,0.0003,129.74023866653442,153.787109375,0,0,exported_float_payload,False
operand_hybrid_fixed_h32,Operand hybrid + fixed H32,16080,2.4856057167053223,3.1912918090820312,0.14571954309940338,35957.242199038425,2301263.500738459,92.55306233766763,67444408320.0,0.0003,129.74023866653442,153.787109375,0,0,exported_float_payload,False
operand_hybrid_fixed_h32,Operand hybrid + fixed H32,16090,2.5009524822235107,3.109849452972412,0.13044148683547974,35940.753329316976,2300208.2130762865,92.5106203901245,67486351360.0,0.0003,129.74023866653442,153.787109375,0,0,exported_float_payload,False
operand_hybrid_fixed_h32,Operand hybrid + fixed H32,16100,2.524670124053955,4.555868148803711,0.11523589491844177,35972.62129409247,2302247.762821918,92.59264775234861,67528294400.0,0.0003,129.74023866653442,153.787109375,0,0,exported_float_payload,False
operand_hybrid_fixed_h32,Operand hybrid + fixed H32,16110,2.487131357192993,2.9026148319244385,0.10824000090360641,35977.66932048952,2302570.8365113293,92.60564124888049,67570237440.0,0.0003,129.74023866653442,153.787109375,0,0,exported_float_payload,False
operand_hybrid_fixed_h32,Operand hybrid + fixed H32,16120,2.505067825317383,3.032299041748047,0.10687239468097687,35914.6126082586,2298535.2069285503,92.4433348132086,67612180480.0,0.0003,129.74023866653442,153.787109375,0,0,exported_float_payload,False
operand_hybrid_fixed_h32,Operand hybrid + fixed H32,16130,2.551041603088379,3.3481264114379883,0.1255066990852356,35955.15013074365,2301129.6083675935,92.54767740502376,67654123520.0,0.0003,129.74023866653442,153.787109375,0,0,exported_float_payload,False
operand_hybrid_fixed_h32,Operand hybrid + fixed H32,16140,2.5033018589019775,2.9583311080932617,0.13957393169403076,35952.356524402734,2300950.817561775,92.54048673060034,67696066560.0,0.0003,129.74023866653442,153.787109375,0,0,exported_float_payload,False
operand_hybrid_fixed_h32,Operand hybrid + fixed H32,16150,2.5695698261260986,3.6031341552734375,0.18284234404563904,35981.062169557656,2302787.97885169,92.61437435943348,67738009600.0,0.0003,129.74023866653442,153.787109375,0,0,exported_float_payload,False
operand_hybrid_fixed_h32,Operand hybrid + fixed H32,16160,2.554835557937622,3.261573314666748,0.1989109367132187,35966.31413931965,2301844.1049164576,92.5764132901607,67779952640.0,0.0003,129.74023866653442,153.787109375,0,0,exported_float_payload,False
operand_hybrid_fixed_h32,Operand hybrid + fixed H32,16170,2.4968206882476807,2.985907793045044,0.130052387714386,35967.74994887996,2301935.9967283173,92.58010902886626,67821895680.0,0.0003,129.74023866653442,153.787109375,0,0,exported_float_payload,False
operand_hybrid_fixed_h32,Operand hybrid + fixed H32,16180,2.485461950302124,3.0337305068969727,0.16366951167583466,35976.88248207676,2302520.478852913,92.60361594604267,67863838720.0,0.0003,129.74023866653442,153.787109375,0,0,exported_float_payload,False
operand_hybrid_fixed_h32,Operand hybrid + fixed H32,16190,2.537771463394165,3.6391587257385254,0.09674488008022308,35935.93691768003,2299899.962731522,92.49822306432264,67905781760.0,0.0003,129.74023866653442,153.787109375,0,0,exported_float_payload,False
operand_hybrid_fixed_h32,Operand hybrid + fixed H32,16200,2.5180697441101074,2.9470834732055664,0.15887883305549622,35952.5406416086,2300962.60106295,92.54096064378692,67947724800.0,0.0003,129.74023866653442,153.787109375,0,0,exported_float_payload,False
operand_hybrid_fixed_h32,Operand hybrid + fixed H32,16210,2.513518810272217,3.0281262397766113,0.12048862874507904,35979.364888259406,2302679.352848602,92.61000559886693,67989667840.0,0.0003,129.74023866653442,153.787109375,0,0,exported_float_payload,False
operand_hybrid_fixed_h32,Operand hybrid + fixed H32,16220,2.5046300888061523,2.929081439971924,0.09070567786693573,35989.38048666706,2303320.351146692,92.63578550430687,68031610880.0,0.0003,129.74023866653442,153.787109375,0,0,exported_float_payload,False
operand_hybrid_fixed_h32,Operand hybrid + fixed H32,16230,2.5304486751556396,3.1309092044830322,0.09636155515909195,35945.83205827445,2300533.2517295647,92.52369291429628,68073553920.0,0.0003,129.74023866653442,153.787109375,0,0,exported_float_payload,False
operand_hybrid_fixed_h32,Operand hybrid + fixed H32,16240,2.5383822917938232,3.061054229736328,0.14726310968399048,35927.88361827245,2299384.5515694367,92.47749406853458,68115496960.0,0.0003,129.74023866653442,153.787109375,0,0,exported_float_payload,False
operand_hybrid_fixed_h32,Operand hybrid + fixed H32,16250,2.497690439224243,3.1111814975738525,0.1407461017370224,35970.071999024454,2302084.607937565,92.58608592916872,68157440000.0,0.0003,129.74023866653442,153.787109375,0,0,exported_float_payload,False
operand_hybrid_fixed_h32,Operand hybrid + fixed H32,16260,2.50856614112854,3.5859451293945312,0.198245570063591,35971.48398343484,2302174.9749398297,92.58972034252085,68199383040.0,0.0003,129.74023866653442,153.787109375,0,0,exported_float_payload,False
operand_hybrid_fixed_h32,Operand hybrid + fixed H32,16270,2.5268678665161133,3.1236464977264404,0.10543444752693176,35969.313727142464,2302036.0785371177,92.5841341558827,68241326080.0,0.0003,129.74023866653442,153.787109375,0,0,exported_float_payload,False
operand_hybrid_fixed_h32,Operand hybrid + fixed H32,16280,2.6033759117126465,3.870196580886841,0.14742138981819153,35934.30742710376,2299795.675334641,92.49402879541711,68283269120.0,0.0003,129.74023866653442,153.787109375,0,0,exported_float_payload,False
operand_hybrid_fixed_h32,Operand hybrid + fixed H32,16290,2.523023843765259,2.9928689002990723,0.19093817472457886,35953.76743151527,2301041.115616977,92.54411837101414,68325212160.0,0.0003,129.74023866653442,153.787109375,0,0,exported_float_payload,False
operand_hybrid_fixed_h32,Operand hybrid + fixed H32,16300,2.4969675540924072,3.0981810092926025,0.10378888994455338,35934.42271206238,2299803.053571992,92.49432553608209,68367155200.0,0.0003,129.74023866653442,153.787109375,0,0,exported_float_payload,False
operand_hybrid_fixed_h32,Operand hybrid + fixed H32,16310,2.527132272720337,3.049337387084961,0.31763607263565063,35940.7418830019,2300207.4805121217,92.51059092758933,68409098240.0,0.0003,129.74023866653442,153.787109375,0,0,exported_float_payload,False
operand_hybrid_fixed_h32,Operand hybrid + fixed H32,16320,2.492858648300171,2.9960737228393555,0.13563530147075653,35962.92838360907,2301627.4165509804,92.56769843773662,68451041280.0,0.0003,129.74023866653442,153.787109375,0,0,exported_float_payload,False
operand_hybrid_fixed_h32,Operand hybrid + fixed H32,16330,2.520408868789673,2.9475927352905273,0.12136471271514893,35979.775277243665,2302705.6177435946,92.61106193007922,68492984320.0,0.0003,129.74023866653442,153.787109375,0,0,exported_float_payload,False
operand_hybrid_fixed_h32,Operand hybrid + fixed H32,16340,2.5203332901000977,2.947399616241455,0.13448569178581238,35971.92939383623,2302203.481205519,92.59086681800464,68534927360.0,0.0003,129.74023866653442,153.787109375,0,0,exported_float_payload,False
operand_hybrid_fixed_h32,Operand hybrid + fixed H32,16350,2.542405605316162,2.9585812091827393,0.14069001376628876,35952.99063637182,2300991.4007277964,92.54211891930598,68576870400.0,0.0003,129.74023866653442,153.787109375,0,0,exported_float_payload,False
operand_hybrid_fixed_h32,Operand hybrid + fixed H32,16360,2.518103837966919,3.01265025138855,0.15842406451702118,35940.855290964624,2300214.738621736,92.51088283691278,68618813440.0,0.0003,129.74023866653442,153.787109375,0,0,exported_float_payload,False
operand_hybrid_fixed_h32,Operand hybrid + fixed H32,16370,2.5289831161499023,3.180544853210449,0.10909434407949448,35961.173706621215,2301515.117223758,92.56318194206823,68660756480.0,0.0003,129.74023866653442,153.787109375,0,0,exported_float_payload,False
operand_hybrid_fixed_h32,Operand hybrid + fixed H32,16380,2.5535709857940674,3.061737537384033,0.15944457054138184,35964.39223209923,2301721.1028543506,92.57146634796213,68702699520.0,0.0003,129.74023866653442,153.787109375,0,0,exported_float_payload,False
operand_hybrid_fixed_h32,Operand hybrid + fixed H32,16390,2.480914831161499,2.95173978805542,0.194819837808609,35967.880706661985,2301944.365226367,92.58044559620043,68744642560.0,0.0003,129.74023866653442,153.787109375,0,0,exported_float_payload,False
operand_hybrid_fixed_h32,Operand hybrid + fixed H32,16400,2.5109267234802246,3.008305072784424,0.10533226281404495,35964.23565089356,2301711.081657188,92.57106331176684,68786585600.0,0.0003,129.74023866653442,153.787109375,0,0,exported_float_payload,False
operand_hybrid_fixed_h32,Operand hybrid + fixed H32,16410,2.5446386337280273,3.124906063079834,0.16172899305820465,35997.84617817995,2303862.1554035167,92.65757598729182,68828528640.0,0.0003,129.74023866653442,153.787109375,0,0,exported_float_payload,False
operand_hybrid_fixed_h32,Operand hybrid + fixed H32,16420,2.5114517211914062,2.9093868732452393,0.145314022898674,35973.17210974408,2302283.0150236213,92.59406553836952,68870471680.0,0.0003,129.74023866653442,153.787109375,0,0,exported_float_payload,False
operand_hybrid_fixed_h32,Operand hybrid + fixed H32,16430,2.5064523220062256,3.202404022216797,0.11634902656078339,35964.91278078165,2301754.4179700254,92.57280622754429,68912414720.0,0.0003,129.74023866653442,153.787109375,0,0,exported_float_payload,False
operand_hybrid_fixed_h32,Operand hybrid + fixed H32,16440,2.516085386276245,3.043837547302246,0.16808243095874786,35975.768716535225,2302449.1978582544,92.60074914076809,68954357760.0,0.0003,129.74023866653442,153.787109375,0,0,exported_float_payload,False
operand_hybrid_fixed_h32,Operand hybrid + fixed H32,16450,2.5123977661132812,3.1719467639923096,0.11988415569067001,35966.53547991006,2301858.270714244,92.57698301542908,68996300800.0,0.0003,129.74023866653442,153.787109375,0,0,exported_float_payload,False
operand_hybrid_fixed_h32,Operand hybrid + fixed H32,16460,2.5468177795410156,2.954482078552246,0.11689689755439758,35976.02364735305,2302465.5134305954,92.60140532646064,69038243840.0,0.0003,129.74023866653442,153.787109375,0,0,exported_float_payload,False
operand_hybrid_fixed_h32,Operand hybrid + fixed H32,16470,2.5335850715637207,3.106997489929199,0.11334531754255295,35956.384553452895,2301208.6114209853,92.55085477889818,69080186880.0,0.0003,129.74023866653442,153.787109375,0,0,exported_float_payload,False
operand_hybrid_fixed_h32,Operand hybrid + fixed H32,16480,2.512500047683716,2.8989241123199463,0.16438604891300201,35956.40046327198,2301209.6296494068,92.55089573038356,69122129920.0,0.0003,129.74023866653442,153.787109375,0,0,exported_float_payload,False
operand_hybrid_fixed_h32,Operand hybrid + fixed H32,16490,2.4871771335601807,2.9285643100738525,0.17357002198696136,35963.21508179685,2301645.7652349984,92.56843639186278,69164072960.0,0.0003,129.74023866653442,153.787109375,0,0,exported_float_payload,False
operand_hybrid_fixed_h32,Operand hybrid + fixed H32,16500,2.5114054679870605,3.0735368728637695,0.12585657835006714,35964.03172653826,2301698.0304984488,92.57053841546183,69206016000.0,0.0003,129.74023866653442,153.787109375,0,0,exported_float_payload,False
operand_hybrid_fixed_h32,Operand hybrid + fixed H32,16510,2.507617235183716,2.948209285736084,0.16510683298110962,35994.59412400823,2303654.023936527,92.64920527936005,69247959040.0,0.0003,129.74023866653442,153.787109375,0,0,exported_float_payload,False
operand_hybrid_fixed_h32,Operand hybrid + fixed H32,16520,2.5114314556121826,3.0705883502960205,0.18180620670318604,35995.260137647354,2303696.6488094307,92.65091958218444,69289902080.0,0.0003,129.74023866653442,153.787109375,0,0,exported_float_payload,False
operand_hybrid_fixed_h32,Operand hybrid + fixed H32,16530,2.5240540504455566,3.0136189460754395,0.0970989465713501,35961.47894582791,2301534.6525329864,92.56396762032378,69331845120.0,0.0003,129.74023866653442,153.787109375,0,0,exported_float_payload,False
operand_hybrid_fixed_h32,Operand hybrid + fixed H32,16540,2.567403793334961,3.3502256870269775,0.29872962832450867,35965.92503168265,2301819.2020276897,92.57541173661596,69373788160.0,0.0003,129.74023866653442,153.787109375,0,0,exported_float_payload,False
operand_hybrid_fixed_h32,Operand hybrid + fixed H32,16550,2.528188705444336,3.029726028442383,0.12657974660396576,35988.15664141362,2303242.0250504715,92.63263535654508,69415731200.0,0.0003,129.74023866653442,153.787109375,0,0,exported_float_payload,False
operand_hybrid_fixed_h32,Operand hybrid + fixed H32,16560,2.5161497592926025,3.1138734817504883,0.1895049810409546,36001.41892072622,2304090.810926478,92.6667721392595,69457674240.0,0.0003,129.74023866653442,153.787109375,0,0,exported_float_payload,False
operand_hybrid_fixed_h32,Operand hybrid + fixed H32,16570,2.495788335800171,3.084460735321045,0.09024343639612198,35970.780973137465,2302129.982280798,92.5879108112026,69499617280.0,0.0003,129.74023866653442,153.787109375,0,0,exported_float_payload,False
operand_hybrid_fixed_h32,Operand hybrid + fixed H32,16580,2.5188026428222656,3.4415340423583984,0.1395120769739151,35947.62698918125,2300648.1273076,92.52831302256791,69541560320.0,0.0003,129.74023866653442,153.787109375,0,0,exported_float_payload,False
operand_hybrid_fixed_h32,Operand hybrid + fixed H32,16590,2.5434353351593018,3.160682201385498,0.11282333731651306,35965.13348374476,2301768.5429596645,92.57337431157559,69583503360.0,0.0003,129.74023866653442,153.787109375,0,0,exported_float_payload,False
operand_hybrid_fixed_h32,Operand hybrid + fixed H32,16600,2.505808115005493,3.035727024078369,0.1351018249988556,35978.20806359913,2302605.3160703443,92.60702796047342,69625446400.0,0.0003,129.74023866653442,153.787109375,0,0,exported_float_payload,False
operand_hybrid_fixed_h32,Operand hybrid + fixed H32,16610,2.497036933898926,2.99173903465271,0.16876494884490967,35973.49512537829,2302303.6880242107,92.59489697271489,69667389440.0,0.0003,129.74023866653442,153.787109375,0,0,exported_float_payload,False
operand_hybrid_fixed_h32,Operand hybrid + fixed H32,16620,2.5065739154815674,3.2180309295654297,0.10064654797315598,35971.07880524727,2302149.0435358253,92.58867742377184,69709332480.0,0.0003,129.74023866653442,153.787109375,0,0,exported_float_payload,False
operand_hybrid_fixed_h32,Operand hybrid + fixed H32,16630,2.559129476547241,3.2998123168945312,0.2643827497959137,35973.9057096603,2302329.965418259,92.59595380661882,69751275520.0,0.0003,129.74023866653442,153.787109375,0,0,exported_float_payload,False
operand_hybrid_fixed_h32,Operand hybrid + fixed H32,16640,2.515897035598755,2.9629406929016113,0.10160043090581894,35987.67803100885,2303211.3939845664,92.63140342506428,69793218560.0,0.0003,129.74023866653442,153.787109375,0,0,exported_float_payload,False
operand_hybrid_fixed_h32,Operand hybrid + fixed H32,16650,2.520545721054077,2.984217643737793,0.20309141278266907,35956.01760816297,2301185.12692243,92.54991027069299,69835161600.0,0.0003,129.74023866653442,153.787109375,0,0,exported_float_payload,False
operand_hybrid_fixed_h32,Operand hybrid + fixed H32,16660,2.540559768676758,3.044461965560913,0.0886458083987236,35949.67411875848,2300779.1436005426,92.53358228405148,69877104640.0,0.0003,129.74023866653442,153.787109375,0,0,exported_float_payload,False
operand_hybrid_fixed_h32,Operand hybrid + fixed H32,16670,2.5239765644073486,3.108372211456299,0.09573034197092056,35986.73606732115,2303151.1083085537,92.62897883356128,69919047680.0,0.0003,129.74023866653442,153.787109375,0,0,exported_float_payload,False
operand_hybrid_fixed_h32,Operand hybrid + fixed H32,16680,2.5455539226531982,3.520296096801758,0.16009841859340668,35948.15609429419,2300681.990034828,92.52967492619304,69960990720.0,0.0003,129.74023866653442,153.787109375,0,0,exported_float_payload,False
operand_hybrid_fixed_h32,Operand hybrid + fixed H32,16690,2.510226249694824,2.94663667678833,0.16044366359710693,36030.06269453592,2305924.0124502988,92.7405005127627,70002933760.0,0.0003,129.74023866653442,153.787109375,0,0,exported_float_payload,False
operand_hybrid_fixed_h32,Operand hybrid + fixed H32,16700,2.5590877532958984,5.649552345275879,0.20377439260482788,35979.33191685152,2302677.2426784975,92.60992073126911,70044876800.0,0.0003,129.74023866653442,153.787109375,0,0,exported_float_payload,False
operand_hybrid_fixed_h32,Operand hybrid + fixed H32,16710,2.5302019119262695,3.1154656410217285,0.12154972553253174,35970.53291065771,2302114.1062820936,92.58727230444434,70086819840.0,0.0003,129.74023866653442,153.787109375,0,0,exported_float_payload,False
operand_hybrid_fixed_h32,Operand hybrid + fixed H32,16720,2.5287671089172363,2.9950811862945557,0.10695880651473999,36002.34267268347,2304149.9310517423,92.6691498542136,70128762880.0,0.0003,129.74023866653442,153.787109375,0,0,exported_float_payload,False
operand_hybrid_fixed_h32,Operand hybrid + fixed H32,16730,2.5109493732452393,3.2044930458068848,0.17685899138450623,35988.08155223198,2303237.219342847,92.63244207882734,70170705920.0,0.0003,129.74023866653442,153.787109375,0,0,exported_float_payload,False
operand_hybrid_fixed_h32,Operand hybrid + fixed H32,16740,2.517835855484009,3.585549831390381,0.10631977021694183,35933.50443214889,2299744.283657529,92.49196190603489,70212648960.0,0.0003,129.74023866653442,153.787109375,0,0,exported_float_payload,False
operand_hybrid_fixed_h32,Operand hybrid + fixed H32,16750,2.4959614276885986,3.228546380996704,0.21043738722801208,35963.198677967346,2301644.71538991,92.56839416880668,70254592000.0,0.0003,129.74023866653442,153.787109375,0,0,exported_float_payload,False
operand_hybrid_fixed_h32,Operand hybrid + fixed H32,16760,2.5178980827331543,3.235283374786377,0.10775299370288849,36000.1414786628,2304009.0546344193,92.66348403461917,70296535040.0,0.0003,129.74023866653442,153.787109375,0,0,exported_float_payload,False
operand_hybrid_fixed_h32,Operand hybrid + fixed H32,16770,2.559556484222412,3.0898423194885254,0.16307063400745392,35965.867398294795,2301815.513490867,92.57526338968465,70338478080.0,0.0003,129.74023866653442,153.787109375,0,0,exported_float_payload,False
operand_hybrid_fixed_h32,Operand hybrid + fixed H32,16780,2.5251691341400146,3.27193021774292,0.12313045561313629,35962.37495478846,2301591.9971064613,92.56627392548259,70380421120.0,0.0003,129.74023866653442,153.787109375,0,0,exported_float_payload,False
operand_hybrid_fixed_h32,Operand hybrid + fixed H32,16790,2.5597076416015625,3.3371872901916504,0.23261092603206635,35987.65119243013,2303209.6763155283,92.6313343432188,70422364160.0,0.0003,129.74023866653442,153.787109375,0,0,exported_float_payload,False
operand_hybrid_fixed_h32,Operand hybrid + fixed H32,16800,2.5245254039764404,3.0447540283203125,0.14648571610450745,35976.31749222675,2302484.319502512,92.6021616759816,70464307200.0,0.0003,129.74023866653442,153.787109375,0,0,exported_float_payload,False
operand_hybrid_fixed_h32,Operand hybrid + fixed H32,16810,2.5011441707611084,2.9902830123901367,0.19812364876270294,35957.71461296483,2301293.735229749,92.55427831956462,70506250240.0,0.0003,129.74023866653442,153.787109375,0,0,exported_float_payload,False
operand_hybrid_fixed_h32,Operand hybrid + fixed H32,16820,2.5172696113586426,2.90749454498291,0.09474680572748184,35936.746240134766,2299951.759368625,92.50030624053481,70548193280.0,0.0003,129.74023866653442,153.787109375,0,0,exported_float_payload,False
operand_hybrid_fixed_h32,Operand hybrid + fixed H32,16830,2.502960443496704,2.966228485107422,0.1024918183684349,35963.213840251585,2301645.6857761014,92.56843319615562,70590136320.0,0.0003,129.74023866653442,153.787109375,0,0,exported_float_payload,False
operand_hybrid_fixed_h32,Operand hybrid + fixed H32,16840,2.5189826488494873,3.0691349506378174,0.10692177712917328,35990.712733496155,2303405.614943754,92.63921467507419,70632079360.0,0.0003,129.74023866653442,153.787109375,0,0,exported_float_payload,False
operand_hybrid_fixed_h32,Operand hybrid + fixed H32,16850,2.512603998184204,3.144683837890625,0.14912937581539154,35980.214547864416,2302733.7310633226,92.61219260191774,70674022400.0,0.0003,129.74023866653442,153.787109375,0,0,exported_float_payload,False
operand_hybrid_fixed_h32,Operand hybrid + fixed H32,16860,2.5216786861419678,3.060875415802002,0.10991057008504868,35985.225831161064,2303054.453194308,92.62509152260746,70715965440.0,0.0003,129.74023866653442,153.787109375,0,0,exported_float_payload,False
operand_hybrid_fixed_h32,Operand hybrid + fixed H32,16870,2.486337900161743,2.9876489639282227,0.11074457317590714,35968.670814625984,2301994.932136063,92.5824793147832,70757908480.0,0.0003,129.74023866653442,153.787109375,0,0,exported_float_payload,False
operand_hybrid_fixed_h32,Operand hybrid + fixed H32,16880,2.5156302452087402,2.977396011352539,0.35981157422065735,35974.864906875264,2302391.354040017,92.59842275679969,70799851520.0,0.0003,129.74023866653442,153.787109375,0,0,exported_float_payload,False
operand_hybrid_fixed_h32,Operand hybrid + fixed H32,16890,2.529057264328003,2.9860920906066895,0.08742912113666534,35945.00351563911,2300480.225000903,92.52156026580913,70841794560.0,0.0003,129.74023866653442,153.787109375,0,0,exported_float_payload,False
operand_hybrid_fixed_h32,Operand hybrid + fixed H32,16900,2.549522638320923,2.9823060035705566,0.21427564322948456,35987.614154981165,2303207.3059187946,92.63123900973066,70883737600.0,0.0003,129.74023866653442,153.787109375,0,0,exported_float_payload,False
operand_hybrid_fixed_h32,Operand hybrid + fixed H32,16910,2.4785287380218506,2.9511401653289795,0.1160850077867508,35955.05350291531,2301123.42418658,92.54742868735597,70925680640.0,0.0003,129.74023866653442,153.787109375,0,0,exported_float_payload,False
operand_hybrid_fixed_h32,Operand hybrid + fixed H32,16920,2.524677038192749,2.963932514190674,0.19244128465652466,35976.219817150486,2302478.068297631,92.60191026272325,70967623680.0,0.0003,129.74023866653442,153.787109375,0,0,exported_float_payload,False
operand_hybrid_fixed_h32,Operand hybrid + fixed H32,16930,2.528956651687622,3.0012688636779785,0.11565086245536804,35960.99084528807,2301503.4140984365,92.56271126146731,71009566720.0,0.0003,129.74023866653442,153.787109375,0,0,exported_float_payload,False
operand_hybrid_fixed_h32,Operand hybrid + fixed H32,16940,2.5198652744293213,2.90366268157959,0.15426628291606903,35975.28278909839,2302418.098502297,92.59949837542563,71051509760.0,0.0003,129.74023866653442,153.787109375,0,0,exported_float_payload,False
operand_hybrid_fixed_h32,Operand hybrid + fixed H32,16950,2.4767348766326904,2.9734253883361816,0.2199966311454773,35965.758732218615,2301808.5588619914,92.57498368586123,71093452800.0,0.0003,129.74023866653442,153.787109375,0,0,exported_float_payload,False
operand_hybrid_fixed_h32,Operand hybrid + fixed H32,16960,2.530294895172119,3.0227513313293457,0.09625186026096344,35988.554176838035,2303267.4673176343,92.63365860300858,71135395840.0,0.0003,129.74023866653442,153.787109375,0,0,exported_float_payload,False
operand_hybrid_fixed_h32,Operand hybrid + fixed H32,16970,2.557619333267212,4.331479072570801,0.2706541121006012,35984.19141324448,2302988.2504476467,92.62242895617963,71177338880.0,0.0003,129.74023866653442,153.787109375,0,0,exported_float_payload,False
operand_hybrid_fixed_h32,Operand hybrid + fixed H32,16980,2.504776954650879,3.0830836296081543,0.09584707766771317,35980.78955803992,2302770.531714555,92.61367266405163,71219281920.0,0.0003,129.74023866653442,153.787109375,0,0,exported_float_payload,False
operand_hybrid_fixed_h32,Operand hybrid + fixed H32,16990,2.5100910663604736,2.9768099784851074,0.1758444756269455,35971.53026910586,2302177.937222775,92.58983948070646,71261224960.0,0.0003,129.74023866653442,153.787109375,0,0,exported_float_payload,False
operand_hybrid_fixed_h32,Operand hybrid + fixed H32,17000,2.507155179977417,3.067098379135132,0.1616547852754593,35971.41930891804,2302170.8357707546,92.58955387189577,71303168000.0,0.0003,129.74023866653442,153.787109375,0,0,exported_float_payload,False
operand_hybrid_fixed_h32,Operand hybrid + fixed H32,17010,2.51633620262146,3.0184803009033203,0.08357124775648117,28415.946433734356,1818620.5717589988,73.14195140737382,71345111040.0,0.0003,129.74023866653442,153.787109375,0,0,exported_float_payload,False
operand_hybrid_fixed_h32,Operand hybrid + fixed H32,17020,2.459012508392334,2.966836929321289,0.16359907388687134,35932.28265020292,2299666.089612987,92.48881706917608,71387054080.0,0.0003,129.74023866653442,153.787109375,0,0,exported_float_payload,False
operand_hybrid_fixed_h32,Operand hybrid + fixed H32,17030,2.535773515701294,2.945405960083008,0.09234944730997086,35993.43558065836,2303579.877162135,92.64622321710155,71428997120.0,0.0003,129.74023866653442,153.787109375,0,0,exported_float_payload,False
operand_hybrid_fixed_h32,Operand hybrid + fixed H32,17040,2.5021328926086426,3.334787368774414,0.12289673089981079,11849.819208614485,758388.429351327,30.501144938593672,71470940160.0,0.0003,129.74023866653442,153.787109375,0,0,exported_float_payload,False
operand_hybrid_fixed_h32,Operand hybrid + fixed H32,17050,2.5229098796844482,2.985307455062866,0.11880681663751602,36117.70791558568,2311533.3065974833,92.96609716899442,71512883200.0,0.0003,129.74023866653442,153.787109375,0,0,exported_float_payload,False
operand_hybrid_fixed_h32,Operand hybrid + fixed H32,17060,2.5107312202453613,2.9299778938293457,0.11146169900894165,36035.78589683688,2306290.2973975604,92.75523189556453,71554826240.0,0.0003,129.74023866653442,153.787109375,0,0,exported_float_payload,False
operand_hybrid_fixed_h32,Operand hybrid + fixed H32,17070,2.5216615200042725,2.972126007080078,0.11147314310073853,36009.751262632104,2304624.0808084547,92.68821938361617,71596769280.0,0.0003,129.74023866653442,153.787109375,0,0,exported_float_payload,False
operand_hybrid_fixed_h32,Operand hybrid + fixed H32,17080,2.5450189113616943,3.23909330368042,0.1436493843793869,36009.36462261467,2304599.3358473387,92.68722418166385,71638712320.0,0.0003,129.74023866653442,153.787109375,0,0,exported_float_payload,False
operand_hybrid_fixed_h32,Operand hybrid + fixed H32,17090,2.5175704956054688,3.0035250186920166,0.14446009695529938,35973.27943677927,2302289.883953873,92.59434179553416,71680655360.0,0.0003,129.74023866653442,153.787109375,0,0,exported_float_payload,False
operand_hybrid_fixed_h32,Operand hybrid + fixed H32,17100,2.530449867248535,3.186443328857422,0.1798102855682373,35969.79110363699,2302066.6306327675,92.58536291130872,71722598400.0,0.0003,129.74023866653442,153.787109375,0,0,exported_float_payload,False
operand_hybrid_fixed_h32,Operand hybrid + fixed H32,17110,2.5074892044067383,3.1460533142089844,0.12963226437568665,35977.88686073022,2302584.759086734,92.60620119214163,71764541440.0,0.0003,129.74023866653442,153.787109375,0,0,exported_float_payload,False
operand_hybrid_fixed_h32,Operand hybrid + fixed H32,17120,2.5076382160186768,3.054435968399048,0.13130468130111694,35988.070574528356,2303236.516769815,92.63241382248658,71806484480.0,0.0003,129.74023866653442,153.787109375,0,0,exported_float_payload,False
operand_hybrid_fixed_h32,Operand hybrid + fixed H32,17130,2.4940097332000732,3.1552579402923584,0.15536314249038696,35968.3551182427,2301974.727567533,92.5816667200108,71848427520.0,0.0003,129.74023866653442,153.787109375,0,0,exported_float_payload,False
operand_hybrid_fixed_h32,Operand hybrid + fixed H32,17140,2.54074764251709,2.9217143058776855,0.1398094743490219,35959.31213750448,2301395.9768002867,92.5583903086734,71890370560.0,0.0003,129.74023866653442,153.787109375,0,0,exported_float_payload,False
operand_hybrid_fixed_h32,Operand hybrid + fixed H32,17150,2.56790828704834,3.6525750160217285,0.08876361697912216,35956.14386300537,2301193.2072323435,92.55023524757064,71932313600.0,0.0003,129.74023866653442,153.787109375,0,0,exported_float_payload,False
operand_hybrid_fixed_h32,Operand hybrid + fixed H32,17160,2.5252912044525146,3.256502866744995,0.10696453601121902,35944.523968412315,2300449.533978388,92.52032592297132,71974256640.0,0.0003,129.74023866653442,153.787109375,0,0,exported_float_payload,False
operand_hybrid_fixed_h32,Operand hybrid + fixed H32,17170,2.532376766204834,2.9973506927490234,0.1222301572561264,35963.602722887474,2301670.5742647983,92.569434170553,72016199680.0,0.0003,129.74023866653442,153.787109375,0,0,exported_float_payload,False
operand_hybrid_fixed_h32,Operand hybrid + fixed H32,17180,2.492591619491577,3.0693302154541016,0.10659363865852356,35987.90340395122,2303225.817852878,92.631983529508,72058142720.0,0.0003,129.74023866653442,153.787109375,0,0,exported_float_payload,False
operand_hybrid_fixed_h32,Operand hybrid + fixed H32,17190,2.4900963306427,3.245546817779541,0.24139180779457092,35952.955074554244,2300989.1247714716,92.54202738405696,72100085760.0,0.0003,129.74023866653442,153.787109375,0,0,exported_float_payload,False
operand_hybrid_fixed_h32,Operand hybrid + fixed H32,17200,2.544631004333496,3.2407243251800537,0.13390856981277466,35975.14876351587,2302409.5208650157,92.59915339685288,72142028800.0,0.0003,129.74023866653442,153.787109375,0,0,exported_float_payload,False
operand_hybrid_fixed_h32,Operand hybrid + fixed H32,17210,2.5438034534454346,3.058985710144043,0.07804857939481735,35982.36608213483,2302871.429256629,92.61773059852908,72183971840.0,0.0003,129.74023866653442,153.787109375,0,0,exported_float_payload,False
operand_hybrid_fixed_h32,Operand hybrid + fixed H32,17220,2.528045892715454,2.940061569213867,0.20975390076637268,35966.37024836063,2301847.6958950805,92.57655771346043,72225914880.0,0.0003,129.74023866653442,153.787109375,0,0,exported_float_payload,False
operand_hybrid_fixed_h32,Operand hybrid + fixed H32,17230,2.552135705947876,3.3520216941833496,0.11354587227106094,35953.73515730217,2301039.050067339,92.54403529797867,72267857920.0,0.0003,129.74023866653442,153.787109375,0,0,exported_float_payload,False
operand_hybrid_fixed_h32,Operand hybrid + fixed H32,17240,2.5192222595214844,3.1674325466156006,0.07814053446054459,35975.776459772256,2302449.6934254244,92.6007690716709,72309800960.0,0.0003,129.74023866653442,153.787109375,0,0,exported_float_payload,False
operand_hybrid_fixed_h32,Operand hybrid + fixed H32,17250,2.491114854812622,2.9895784854888916,0.15318456292152405,35933.32696324588,2299732.9256477365,92.4915051054173,72351744000.0,0.0003,129.74023866653442,153.787109375,0,0,exported_float_payload,False
operand_hybrid_fixed_h32,Operand hybrid + fixed H32,17260,2.5061841011047363,3.1551504135131836,0.17388217151165009,35949.53773292542,2300770.414907227,92.53323123025153,72393687040.0,0.0003,129.74023866653442,153.787109375,0,0,exported_float_payload,False
operand_hybrid_fixed_h32,Operand hybrid + fixed H32,17270,2.526360273361206,2.9861626625061035,0.14288125932216644,35970.956693945416,2302141.2284125066,92.58836311226625,72435630080.0,0.0003,129.74023866653442,153.787109375,0,0,exported_float_payload,False
operand_hybrid_fixed_h32,Operand hybrid + fixed H32,17280,2.5508577823638916,4.2313079833984375,0.15454819798469543,35972.46642404744,2302237.851139036,92.59224912063898,72477573120.0,0.0003,129.74023866653442,153.787109375,0,0,exported_float_payload,False
operand_hybrid_fixed_h32,Operand hybrid + fixed H32,17290,2.523592948913574,3.0777885913848877,0.15779419243335724,35964.95568666079,2301757.1639462905,92.57291666622824,72519516160.0,0.0003,129.74023866653442,153.787109375,0,0,exported_float_payload,False
operand_hybrid_fixed_h32,Operand hybrid + fixed H32,17300,2.5202295780181885,3.012514352798462,0.1335802972316742,35967.83179498307,2301941.2348789163,92.5803196987347,72561459200.0,0.0003,129.74023866653442,153.787109375,0,0,exported_float_payload,False
operand_hybrid_fixed_h32,Operand hybrid + fixed H32,17310,2.5052571296691895,2.92801833152771,0.1929592490196228,35946.88925749612,2300600.9124797517,92.52641411924645,72603402240.0,0.0003,129.74023866653442,153.787109375,0,0,exported_float_payload,False
operand_hybrid_fixed_h32,Operand hybrid + fixed H32,17320,2.5001769065856934,2.9373884201049805,0.18980900943279266,35983.785376477055,2302962.2640945315,92.62138382746706,72645345280.0,0.0003,129.74023866653442,153.787109375,0,0,exported_float_payload,False
operand_hybrid_fixed_h32,Operand hybrid + fixed H32,17330,2.5094072818756104,2.911038398742676,0.0920996442437172,35965.36587659163,2301783.4161018645,92.57397248508191,72687288320.0,0.0003,129.74023866653442,153.787109375,0,0,exported_float_payload,False
operand_hybrid_fixed_h32,Operand hybrid + fixed H32,17340,2.486328363418579,3.148841381072998,0.19953693449497223,35993.40831004927,2303578.1318431534,92.64615302322046,72729231360.0,0.0003,129.74023866653442,153.787109375,0,0,exported_float_payload,False
operand_hybrid_fixed_h32,Operand hybrid + fixed H32,17350,2.504790782928467,3.214475393295288,0.13527290523052216,35970.25122295342,2302096.078269019,92.5865472471802,72771174400.0,0.0003,129.74023866653442,153.787109375,0,0,exported_float_payload,False
operand_hybrid_fixed_h32,Operand hybrid + fixed H32,17360,2.5009891986846924,3.187889575958252,0.11496327072381973,35975.63996317728,2302440.957643346,92.6004177327725,72813117440.0,0.0003,129.74023866653442,153.787109375,0,0,exported_float_payload,False
operand_hybrid_fixed_h32,Operand hybrid + fixed H32,17370,2.5221240520477295,3.1568803787231445,0.10763783752918243,35964.411059616315,2301722.307815444,92.57151480953081,72855060480.0,0.0003,129.74023866653442,153.787109375,0,0,exported_float_payload,False
operand_hybrid_fixed_h32,Operand hybrid + fixed H32,17380,2.5453410148620605,3.095541000366211,0.11809118837118149,35949.71094683909,2300781.500597702,92.5336770786306,72897003520.0,0.0003,129.74023866653442,153.787109375,0,0,exported_float_payload,False
operand_hybrid_fixed_h32,Operand hybrid + fixed H32,17390,2.4882516860961914,3.0399675369262695,0.3373933732509613,35966.14676914466,2301833.393225258,92.57598248342214,72938946560.0,0.0003,129.74023866653442,153.787109375,0,0,exported_float_payload,False
operand_hybrid_fixed_h32,Operand hybrid + fixed H32,17400,2.5035340785980225,2.967360496520996,0.12549951672554016,35967.70104491036,2301932.866874263,92.57998315124414,72980889600.0,0.0003,129.74023866653442,153.787109375,0,0,exported_float_payload,False
operand_hybrid_fixed_h32,Operand hybrid + fixed H32,17410,2.5460922718048096,3.06783390045166,0.08849392831325531,35960.1074527474,2301446.8769758334,92.56043743066479,73022832640.0,0.0003,129.74023866653442,153.787109375,0,0,exported_float_payload,False
operand_hybrid_fixed_h32,Operand hybrid + fixed H32,17420,2.5105626583099365,3.3334226608276367,0.10382118076086044,35979.535343289215,2302690.26197051,92.61044434594636,73064775680.0,0.0003,129.74023866653442,153.787109375,0,0,exported_float_payload,False
operand_hybrid_fixed_h32,Operand hybrid + fixed H32,17430,2.5433967113494873,3.2396240234375,0.1141844391822815,35993.233685236875,2303566.95585516,92.64570354322258,73106718720.0,0.0003,129.74023866653442,153.787109375,0,0,exported_float_payload,False
operand_hybrid_fixed_h32,Operand hybrid + fixed H32,17440,2.5415594577789307,3.487819194793701,0.21347472071647644,35966.043145548596,2301826.76131511,92.57571575881926,73148661760.0,0.0003,129.74023866653442,153.787109375,0,0,exported_float_payload,False
operand_hybrid_fixed_h32,Operand hybrid + fixed H32,17450,2.5098650455474854,3.0573678016662598,0.12982942163944244,29706.14400567595,1901193.2163632608,76.46288841480124,73190604800.0,0.0003,129.74023866653442,153.787109375,0,0,exported_float_payload,False
operand_hybrid_fixed_h32,Operand hybrid + fixed H32,17460,2.518252372741699,2.9446187019348145,0.17544735968112946,36025.78127026397,2305650.001296894,92.72948023135896,73232547840.0,0.0003,129.74023866653442,153.787109375,0,0,exported_float_payload,False
operand_hybrid_fixed_h32,Operand hybrid + fixed H32,17470,2.525064706802368,3.198516368865967,0.12545551359653473,35982.025385909394,2302849.624698201,92.61685365477415,73274490880.0,0.0003,129.74023866653442,153.787109375,0,0,exported_float_payload,False
operand_hybrid_fixed_h32,Operand hybrid + fixed H32,17480,2.5392119884490967,3.108483076095581,0.08057758957147598,35981.290072177806,2302802.5646193796,92.61496097520599,73316433920.0,0.0003,129.74023866653442,153.787109375,0,0,exported_float_payload,False
operand_hybrid_fixed_h32,Operand hybrid + fixed H32,17490,2.5361170768737793,3.0539379119873047,0.10024943947792053,35953.85657213107,2301046.8206163887,92.5443478167799,73358376960.0,0.0003,129.74023866653442,153.787109375,0,0,exported_float_payload,False
operand_hybrid_fixed_h32,Operand hybrid + fixed H32,17500,2.5076777935028076,3.2866857051849365,0.21988429129123688,35982.68252958494,2302891.6818934362,92.61854512652916,73400320000.0,0.0003,129.74023866653442,153.787109375,0,0,exported_float_payload,False
operand_hybrid_fixed_h32,Operand hybrid + fixed H32,17510,2.5247042179107666,3.181199550628662,0.10541871190071106,35961.87472690574,2301559.9825219675,92.56498635114205,73442263040.0,0.0003,129.74023866653442,153.787109375,0,0,exported_float_payload,False
operand_hybrid_fixed_h32,Operand hybrid + fixed H32,17520,2.5086963176727295,2.967944383621216,0.08010847866535187,35970.961546423976,2302141.5389711345,92.58837560242742,73484206080.0,0.0003,129.74023866653442,153.787109375,0,0,exported_float_payload,False
operand_hybrid_fixed_h32,Operand hybrid + fixed H32,17530,2.5236976146698,3.01474666595459,0.20185384154319763,35969.95740086212,2302077.2736551757,92.58579095630056,73526149120.0,0.0003,129.74023866653442,153.787109375,0,0,exported_float_payload,False
operand_hybrid_fixed_h32,Operand hybrid + fixed H32,17540,2.54899001121521,2.937178134918213,0.10437189042568207,35967.29738220022,2301907.032460814,92.57894413329696,73568092160.0,0.0003,129.74023866653442,153.787109375,0,0,exported_float_payload,False
operand_hybrid_fixed_h32,Operand hybrid + fixed H32,17550,2.551433801651001,3.0607638359069824,0.12984994053840637,35950.94928756658,2300860.7544042612,92.5368645373882,73610035200.0,0.0003,129.74023866653442,153.787109375,0,0,exported_float_payload,False
operand_hybrid_fixed_h32,Operand hybrid + fixed H32,17560,2.53008770942688,3.2344207763671875,0.1610029637813568,35949.98304813178,2300798.9150804337,92.53437746070564,73651978240.0,0.0003,129.74023866653442,153.787109375,0,0,exported_float_payload,False
operand_hybrid_fixed_h32,Operand hybrid + fixed H32,17570,2.5158820152282715,3.083122730255127,0.09608235955238342,35961.26513063412,2301520.9683605838,92.56341726524231,73693921280.0,0.0003,129.74023866653442,153.787109375,0,0,exported_float_payload,False
operand_hybrid_fixed_h32,Operand hybrid + fixed H32,17580,2.5211517810821533,2.8941776752471924,0.12389390170574188,35955.839322476255,2301173.7166384803,92.54945136769412,73735864320.0,0.0003,129.74023866653442,153.787109375,0,0,exported_float_payload,False
operand_hybrid_fixed_h32,Operand hybrid + fixed H32,17590,2.514233350753784,3.0089492797851562,0.1259913444519043,35967.40590774523,2301913.978095695,92.57922347539659,73777807360.0,0.0003,129.74023866653442,153.787109375,0,0,exported_float_payload,False
operand_hybrid_fixed_h32,Operand hybrid + fixed H32,17600,2.51501727104187,3.632342576980591,0.12299717962741852,35975.03768628583,2302402.4119222932,92.59886748677839,73819750400.0,0.0003,129.74023866653442,153.787109375,0,0,exported_float_payload,False
operand_hybrid_fixed_h32,Operand hybrid + fixed H32,17610,2.4727087020874023,2.949955940246582,0.21403534710407257,35950.90978729436,2300858.226386839,92.5367628646532,73861693440.0,0.0003,129.74023866653442,153.787109375,0,0,exported_float_payload,False
operand_hybrid_fixed_h32,Operand hybrid + fixed H32,17620,2.489392042160034,3.007577657699585,0.10082659870386124,35963.12195051711,2301639.804833095,92.56819667422559,73903636480.0,0.0003,129.74023866653442,153.787109375,0,0,exported_float_payload,False
operand_hybrid_fixed_h32,Operand hybrid + fixed H32,17630,2.5160019397735596,3.1481075286865234,0.17536713182926178,35934.6750845666,2299819.2054122626,92.49497513673796,73945579520.0,0.0003,129.74023866653442,153.787109375,0,0,exported_float_payload,False
operand_hybrid_fixed_h32,Operand hybrid + fixed H32,17640,2.535238265991211,3.1276841163635254,0.11138381063938141,35960.59574707382,2301478.1278127246,92.56169428832318,73987522560.0,0.0003,129.74023866653442,153.787109375,0,0,exported_float_payload,False
operand_hybrid_fixed_h32,Operand hybrid + fixed H32,17650,2.479050636291504,2.9967639446258545,0.15011568367481232,35962.70856601402,2301613.3482248974,92.56713263262107,74029465600.0,0.0003,129.74023866653442,153.787109375,0,0,exported_float_payload,False
operand_hybrid_fixed_h32,Operand hybrid + fixed H32,17660,2.4652740955352783,2.868354320526123,0.16583827137947083,35970.53173939758,2302114.031321445,92.58726928964941,74071408640.0,0.0003,129.74023866653442,153.787109375,0,0,exported_float_payload,False
operand_hybrid_fixed_h32,Operand hybrid + fixed H32,17670,2.489163875579834,3.1657047271728516,0.10815854370594025,35954.67371595826,2301099.117821329,92.54645112501356,74113351680.0,0.0003,129.74023866653442,153.787109375,0,0,exported_float_payload,False
operand_hybrid_fixed_h32,Operand hybrid + fixed H32,17680,2.5205843448638916,2.9830172061920166,0.12291471660137177,35974.963511649556,2302397.6647455716,92.59867656307803,74155294720.0,0.0003,129.74023866653442,153.787109375,0,0,exported_float_payload,False
operand_hybrid_fixed_h32,Operand hybrid + fixed H32,17690,2.494586706161499,3.131328582763672,0.34657248854637146,35967.805598196246,2301939.5582845598,92.58025226884587,74197237760.0,0.0003,129.74023866653442,153.787109375,0,0,exported_float_payload,False
operand_hybrid_fixed_h32,Operand hybrid + fixed H32,17700,2.518371105194092,2.9264655113220215,0.11359851062297821,35966.25678410267,2301840.434182571,92.57626565923442,74239180800.0,0.0003,129.74023866653442,153.787109375,0,0,exported_float_payload,False
operand_hybrid_fixed_h32,Operand hybrid + fixed H32,17710,2.532897710800171,2.931389331817627,0.2942797839641571,35955.782361673446,2301170.0711471005,92.54930475198027,74281123840.0,0.0003,129.74023866653442,153.787109375,0,0,exported_float_payload,False
operand_hybrid_fixed_h32,Operand hybrid + fixed H32,17720,2.492034912109375,3.0632143020629883,0.1049467995762825,35957.96052987453,2301309.47391197,92.55491130367801,74323066880.0,0.0003,129.74023866653442,153.787109375,0,0,exported_float_payload,False
operand_hybrid_fixed_h32,Operand hybrid + fixed H32,17730,2.4977762699127197,2.9674923419952393,0.13893872499465942,35975.58276949266,2302437.2972475304,92.60027051762657,74365009920.0,0.0003,129.74023866653442,153.787109375,0,0,exported_float_payload,False
operand_hybrid_fixed_h32,Operand hybrid + fixed H32,17740,2.5187435150146484,3.0158824920654297,0.18839305639266968,35952.34694061326,2300950.2041992485,92.54046206216053,74406952960.0,0.0003,129.74023866653442,153.787109375,0,0,exported_float_payload,False
operand_hybrid_fixed_h32,Operand hybrid + fixed H32,17750,2.5170388221740723,3.0515637397766113,0.08632925152778625,35985.28197622099,2303058.0464781434,92.62523603861908,74448896000.0,0.0003,129.74023866653442,153.787109375,0,0,exported_float_payload,False
operand_hybrid_fixed_h32,Operand hybrid + fixed H32,17760,2.4985036849975586,3.0218868255615234,0.19142860174179077,35974.548283342236,2302371.090133903,92.59760777556647,74490839040.0,0.0003,129.74023866653442,153.787109375,0,0,exported_float_payload,False
operand_hybrid_fixed_h32,Operand hybrid + fixed H32,17770,2.5050415992736816,2.9466748237609863,0.11576846241950989,35966.14840152369,2301833.4976975163,92.57598668512586,74532782080.0,0.0003,129.74023866653442,153.787109375,0,0,exported_float_payload,False
operand_hybrid_fixed_h32,Operand hybrid + fixed H32,17780,2.485255479812622,3.0849928855895996,0.08374446630477905,35943.01626701167,2300353.041088747,92.51644513642634,74574725120.0,0.0003,129.74023866653442,153.787109375,0,0,exported_float_payload,False
operand_hybrid_fixed_h32,Operand hybrid + fixed H32,17790,2.5503554344177246,3.3468825817108154,0.14669951796531677,35975.07576273632,2302404.8488151245,92.59896549463105,74616668160.0,0.0003,129.74023866653442,153.787109375,0,0,exported_float_payload,False
operand_hybrid_fixed_h32,Operand hybrid + fixed H32,17800,2.539487361907959,3.4602527618408203,0.16547703742980957,35956.44317981415,2301212.3635081057,92.55100568171876,74658611200.0,0.0003,129.74023866653442,153.787109375,0,0,exported_float_payload,False
operand_hybrid_fixed_h32,Operand hybrid + fixed H32,17810,2.509323835372925,3.073392629623413,0.10216009616851807,35951.29144995528,2300882.652797138,92.53774525501152,74700554240.0,0.0003,129.74023866653442,153.787109375,0,0,exported_float_payload,False
operand_hybrid_fixed_h32,Operand hybrid + fixed H32,17820,2.4714603424072266,2.9479146003723145,0.21884343028068542,35975.20687265716,2302413.239850058,92.59930296836191,74742497280.0,0.0003,129.74023866653442,153.787109375,0,0,exported_float_payload,False
operand_hybrid_fixed_h32,Operand hybrid + fixed H32,17830,2.494457483291626,2.881854295730591,0.09178529679775238,35962.353628052515,2301590.632195361,92.56621903098566,74784440320.0,0.0003,129.74023866653442,153.787109375,0,0,exported_float_payload,False
operand_hybrid_fixed_h32,Operand hybrid + fixed H32,17840,2.5191593170166016,3.279667854309082,0.15519197285175323,35976.03788058341,2302466.4243573383,92.6014419624476,74826383360.0,0.0003,129.74023866653442,153.787109375,0,0,exported_float_payload,False
operand_hybrid_fixed_h32,Operand hybrid + fixed H32,17850,2.516251564025879,3.6274404525756836,0.0940885990858078,35994.30177745895,2303635.313757373,92.64845278648949,74868326400.0,0.0003,129.74023866653442,153.787109375,0,0,exported_float_payload,False
operand_hybrid_fixed_h32,Operand hybrid + fixed H32,17860,2.5042638778686523,2.900845527648926,0.1053287535905838,35967.505494705954,2301920.351661181,92.5794798097988,74910269440.0,0.0003,129.74023866653442,153.787109375,0,0,exported_float_payload,False
operand_hybrid_fixed_h32,Operand hybrid + fixed H32,17870,2.4891130924224854,2.928574800491333,0.14368438720703125,35955.21728754641,2301133.90640297,92.5478502649922,74952212480.0,0.0003,129.74023866653442,153.787109375,0,0,exported_float_payload,False
operand_hybrid_fixed_h32,Operand hybrid + fixed H32,17880,2.5007684230804443,2.9344518184661865,0.13468147814273834,35963.78015828927,2301681.9301305134,92.56989088493928,74994155520.0,0.0003,129.74023866653442,153.787109375,0,0,exported_float_payload,False
operand_hybrid_fixed_h32,Operand hybrid + fixed H32,17890,2.523041009902954,2.9615750312805176,0.2223500907421112,35915.22601492288,2298574.4649550645,92.44491370696589,75036098560.0,0.0003,129.74023866653442,153.787109375,0,0,exported_float_payload,False
operand_hybrid_fixed_h32,Operand hybrid + fixed H32,17900,2.5208065509796143,2.878438949584961,0.10870330780744553,35957.63907657779,2301288.9009009786,92.55408389075109,75078041600.0,0.0003,129.74023866653442,153.787109375,0,0,exported_float_payload,False
operand_hybrid_fixed_h32,Operand hybrid + fixed H32,17910,2.49737548828125,2.9509363174438477,0.13237625360488892,35973.13290359271,2302280.5058299336,92.59396462269441,75119984640.0,0.0003,129.74023866653442,153.787109375,0,0,exported_float_payload,False
operand_hybrid_fixed_h32,Operand hybrid + fixed H32,17920,2.4826152324676514,3.1562938690185547,0.2538694441318512,35969.73596115478,2302063.101513906,92.58522097590763,75161927680.0,0.0003,129.74023866653442,153.787109375,0,0,exported_float_payload,False
operand_hybrid_fixed_h32,Operand hybrid + fixed H32,17930,2.4801197052001953,3.0002477169036865,0.10989779233932495,35960.38792217889,2301464.827019449,92.56115935212455,75203870720.0,0.0003,129.74023866653442,153.787109375,0,0,exported_float_payload,False
operand_hybrid_fixed_h32,Operand hybrid + fixed H32,17940,2.4721412658691406,3.059753894805908,0.142928346991539,35978.58080488686,2302629.171512759,92.60798738743524,75245813760.0,0.0003,129.74023866653442,153.787109375,0,0,exported_float_payload,False
operand_hybrid_fixed_h32,Operand hybrid + fixed H32,17950,2.5110108852386475,3.2198665142059326,0.09632624685764313,35972.59105573002,2302245.8275667215,92.59256991954295,75287756800.0,0.0003,129.74023866653442,153.787109375,0,0,exported_float_payload,False
operand_hybrid_fixed_h32,Operand hybrid + fixed H32,17960,2.523587703704834,3.325363874435425,0.07188132405281067,35973.417201848424,2302298.700918299,92.5946963994541,75329699840.0,0.0003,129.74023866653442,153.787109375,0,0,exported_float_payload,False
operand_hybrid_fixed_h32,Operand hybrid + fixed H32,17970,2.5018177032470703,3.132164239883423,0.09865090250968933,35977.559757181145,2302563.8244595933,92.60535923560333,75371642880.0,0.0003,129.74023866653442,153.787109375,0,0,exported_float_payload,False
operand_hybrid_fixed_h32,Operand hybrid + fixed H32,17980,2.491839647293091,3.089672327041626,0.11598983407020569,35976.78261050524,2302514.087072335,92.60335887905921,75413585920.0,0.0003,129.74023866653442,153.787109375,0,0,exported_float_payload,False
operand_hybrid_fixed_h32,Operand hybrid + fixed H32,17990,2.4883127212524414,2.9288687705993652,0.10605684667825699,35960.26484792762,2301456.9502673675,92.56084256201068,75455528960.0,0.0003,129.74023866653442,153.787109375,0,0,exported_float_payload,False
operand_hybrid_fixed_h32,Operand hybrid + fixed H32,18000,2.5093212127685547,2.9559240341186523,0.09549908339977264,35984.18302786689,2302987.713783481,92.62240737242271,75497472000.0,0.0003,129.74023866653442,153.787109375,0,0,exported_float_payload,False
operand_hybrid_fixed_h32,Operand hybrid + fixed H32,18010,2.4973456859588623,3.0221714973449707,0.1637081503868103,28398.575144546016,1817508.809250945,73.09723813369631,75539415040.0,0.0003,129.74023866653442,153.787109375,0,0,exported_float_payload,False
operand_hybrid_fixed_h32,Operand hybrid + fixed H32,18020,2.49062180519104,3.22495174407959,0.07560209929943085,35974.20713008428,2302349.256325394,92.59672965542102,75581358080.0,0.0003,129.74023866653442,153.787109375,0,0,exported_float_payload,False
operand_hybrid_fixed_h32,Operand hybrid + fixed H32,18030,2.495175838470459,3.025597095489502,0.18296243250370026,35978.151277473924,2302601.681758331,92.60688179437545,75623301120.0,0.0003,129.74023866653442,153.787109375,0,0,exported_float_payload,False
operand_hybrid_fixed_h32,Operand hybrid + fixed H32,18040,2.53227162361145,2.9999735355377197,0.14527857303619385,35995.490539235914,2303711.3945110985,92.65151263024055,75665244160.0,0.0003,129.74023866653442,153.787109375,0,0,exported_float_payload,False
operand_hybrid_fixed_h32,Operand hybrid + fixed H32,18050,2.506518840789795,3.015641689300537,0.09838809818029404,35986.17621987022,2303115.278071694,92.62753779990972,75707187200.0,0.0003,129.74023866653442,153.787109375,0,0,exported_float_payload,False
operand_hybrid_fixed_h32,Operand hybrid + fixed H32,18060,2.4824206829071045,2.9126498699188232,0.12408407032489777,35941.66723615089,2300266.703113657,92.5129727639718,75749130240.0,0.0003,129.74023866653442,153.787109375,0,0,exported_float_payload,False
operand_hybrid_fixed_h32,Operand hybrid + fixed H32,18070,2.4945526123046875,2.9544901847839355,0.12925350666046143,35999.416717425556,2303962.6699152356,92.66161851691348,75791073280.0,0.0003,129.74023866653442,153.787109375,0,0,exported_float_payload,False
operand_hybrid_fixed_h32,Operand hybrid + fixed H32,18080,2.500112533569336,2.9070963859558105,0.19185298681259155,36005.16940137556,2304330.841688036,92.67642578475918,75833016320.0,0.0003,129.74023866653442,153.787109375,0,0,exported_float_payload,False
operand_hybrid_fixed_h32,Operand hybrid + fixed H32,18090,2.529393434524536,2.9777913093566895,0.1376165896654129,35992.91347695164,2303546.462524905,92.64487933492482,75874959360.0,0.0003,129.74023866653442,153.787109375,0,0,exported_float_payload,False
operand_hybrid_fixed_h32,Operand hybrid + fixed H32,18100,2.5160300731658936,3.0157203674316406,0.14279606938362122,35975.987294131824,2302463.1868244368,92.60131175415795,75916902400.0,0.0003,129.74023866653442,153.787109375,0,0,exported_float_payload,False
operand_hybrid_fixed_h32,Operand hybrid + fixed H32,18110,2.511176347732544,2.916959524154663,0.16916930675506592,35939.3293401487,2300117.077769517,92.50695507681905,75958845440.0,0.0003,129.74023866653442,153.787109375,0,0,exported_float_payload,False
operand_hybrid_fixed_h32,Operand hybrid + fixed H32,18120,2.459670305252075,3.031313896179199,0.10019829124212265,32041.015661639824,2050625.0023449487,82.47279097431002,76000788480.0,0.0003,129.74023866653442,153.787109375,0,0,exported_float_payload,False
operand_hybrid_fixed_h32,Operand hybrid + fixed H32,18130,2.4653823375701904,3.248793601989746,0.1676117479801178,35874.12552540688,2295944.0336260404,92.33912205177647,76042731520.0,0.0003,129.74023866653442,153.787109375,0,0,exported_float_payload,False
operand_hybrid_fixed_h32,Operand hybrid + fixed H32,18140,2.493004322052002,3.007476329803467,0.13002978265285492,35929.62732919396,2299496.1490684133,92.4819823378163,76084674560.0,0.0003,129.74023866653442,153.787109375,0,0,exported_float_payload,False
operand_hybrid_fixed_h32,Operand hybrid + fixed H32,18150,2.5070669651031494,3.04664945602417,0.1390773355960846,35978.67647664154,2302635.294505059,92.60823364419284,76126617600.0,0.0003,129.74023866653442,153.787109375,0,0,exported_float_payload,False
operand_hybrid_fixed_h32,Operand hybrid + fixed H32,18160,2.5174341201782227,3.1710660457611084,0.11578584462404251,35980.72203891155,2302766.210490339,92.61349887146591,76168560640.0,0.0003,129.74023866653442,153.787109375,0,0,exported_float_payload,False
operand_hybrid_fixed_h32,Operand hybrid + fixed H32,18170,2.514446496963501,2.855569839477539,0.12052331864833832,35984.73264546727,2303022.8893099055,92.62382207468904,76210503680.0,0.0003,129.74023866653442,153.787109375,0,0,exported_float_payload,False
operand_hybrid_fixed_h32,Operand hybrid + fixed H32,18180,2.50941801071167,3.1338884830474854,0.14861606061458588,36005.87737575179,2304376.1520481147,92.67824809349503,76252446720.0,0.0003,129.74023866653442,153.787109375,0,0,exported_float_payload,False
operand_hybrid_fixed_h32,Operand hybrid + fixed H32,18190,2.4828994274139404,3.070142984390259,0.12748436629772186,36001.90708787918,2304122.0536242677,92.66802866957653,76294389760.0,0.0003,129.74023866653442,153.787109375,0,0,exported_float_payload,False
operand_hybrid_fixed_h32,Operand hybrid + fixed H32,18200,2.4988932609558105,2.9736123085021973,0.10476064682006836,35983.454082627104,2302941.0612881347,92.62053108519676,76336332800.0,0.0003,129.74023866653442,153.787109375,0,0,exported_float_payload,False
operand_hybrid_fixed_h32,Operand hybrid + fixed H32,18210,2.528257369995117,2.8932576179504395,0.2662668228149414,35964.39005948259,2301720.9638068858,92.57146075570002,76378275840.0,0.0003,129.74023866653442,153.787109375,0,0,exported_float_payload,False
operand_hybrid_fixed_h32,Operand hybrid + fixed H32,18220,2.5086352825164795,2.897317409515381,0.10641859471797943,36002.96629505098,2304189.842883263,92.67075504294124,76420218880.0,0.0003,129.74023866653442,153.787109375,0,0,exported_float_payload,False
operand_hybrid_fixed_h32,Operand hybrid + fixed H32,18230,2.522228240966797,2.9553322792053223,0.15227031707763672,35955.24142033265,2301135.4509012895,92.54791238219399,76462161920.0,0.0003,129.74023866653442,153.787109375,0,0,exported_float_payload,False
operand_hybrid_fixed_h32,Operand hybrid + fixed H32,18240,2.5225579738616943,3.106949806213379,0.11137869209051132,35966.05592417587,2301827.5791472555,92.57574865069344,76504104960.0,0.0003,129.74023866653442,153.787109375,0,0,exported_float_payload,False
operand_hybrid_fixed_h32,Operand hybrid + fixed H32,18250,2.494842290878296,3.2801196575164795,0.10255716741085052,35964.420871328344,2301722.935765014,92.5715400646377,76546048000.0,0.0003,129.74023866653442,153.787109375,0,0,exported_float_payload,False
operand_hybrid_fixed_h32,Operand hybrid + fixed H32,18260,2.527890682220459,3.6128690242767334,0.08888029307126999,35993.597249962426,2303590.2239975953,92.64663934993771,76587991040.0,0.0003,129.74023866653442,153.787109375,0,0,exported_float_payload,False
operand_hybrid_fixed_h32,Operand hybrid + fixed H32,18270,2.478665590286255,3.001767158508301,0.1330646276473999,35980.896587416144,2302777.381594633,92.61394815504939,76629934080.0,0.0003,129.74023866653442,153.787109375,0,0,exported_float_payload,False
operand_hybrid_fixed_h32,Operand hybrid + fixed H32,18280,2.514134168624878,3.229593276977539,0.09706586599349976,35972.035808733766,2302210.291758961,92.59114072734926,76671877120.0,0.0003,129.74023866653442,153.787109375,0,0,exported_float_payload,False
operand_hybrid_fixed_h32,Operand hybrid + fixed H32,18290,2.508904218673706,3.1278533935546875,0.22525683045387268,35993.72821047246,2303598.6054702373,92.64697643908882,76713820160.0,0.0003,129.74023866653442,153.787109375,0,0,exported_float_payload,False
operand_hybrid_fixed_h32,Operand hybrid + fixed H32,18300,2.493119239807129,2.9017953872680664,0.09602571278810501,35293.856745374316,2258806.8317039562,90.84552439838377,76755763200.0,0.0003,129.74023866653442,153.787109375,0,0,exported_float_payload,False
operand_hybrid_fixed_h32,Operand hybrid + fixed H32,18310,2.482795000076294,4.626229286193848,0.10165516287088394,35944.36926492501,2300439.6329552005,92.51992771997719,76797706240.0,0.0003,129.74023866653442,153.787109375,0,0,exported_float_payload,False
operand_hybrid_fixed_h32,Operand hybrid + fixed H32,18320,2.5016965866088867,3.2699310779571533,0.13199765980243683,35945.39000590132,2300504.9603776843,92.52255508229513,76839649280.0,0.0003,129.74023866653442,153.787109375,0,0,exported_float_payload,False
operand_hybrid_fixed_h32,Operand hybrid + fixed H32,18330,2.4945390224456787,3.1128129959106445,0.16810141503810883,35998.31160560497,2303891.942758718,92.65877398610506,76881592320.0,0.0003,129.74023866653442,153.787109375,0,0,exported_float_payload,False
operand_hybrid_fixed_h32,Operand hybrid + fixed H32,18340,2.5303964614868164,3.0161924362182617,0.11765515804290771,14933.13155976319,955720.4198248441,38.43751554963007,76923535360.0,0.0003,129.74023866653442,153.787109375,0,0,exported_float_payload,False
operand_hybrid_fixed_h32,Operand hybrid + fixed H32,18350,2.5085222721099854,2.957437515258789,0.1775168925523758,36080.17869314261,2309131.436361127,92.8694978679404,76965478400.0,0.0003,129.74023866653442,153.787109375,0,0,exported_float_payload,False
operand_hybrid_fixed_h32,Operand hybrid + fixed H32,18360,2.4869213104248047,2.9750711917877197,0.11467447131872177,36014.05272517942,2304899.374411483,92.6992912430508,77007421440.0,0.0003,129.74023866653442,153.787109375,0,0,exported_float_payload,False
operand_hybrid_fixed_h32,Operand hybrid + fixed H32,18370,2.5241525173187256,2.9933598041534424,0.13840767741203308,36031.71550905398,2306029.792579455,92.74475481692419,77049364480.0,0.0003,129.74023866653442,153.787109375,0,0,exported_float_payload,False
operand_hybrid_fixed_h32,Operand hybrid + fixed H32,18380,2.5364134311676025,3.1011099815368652,0.09560677409172058,35981.18700155468,2302795.9680994996,92.61469567394192,77091307520.0,0.0003,129.74023866653442,153.787109375,0,0,exported_float_payload,False
operand_hybrid_fixed_h32,Operand hybrid + fixed H32,18390,2.504966974258423,3.058959484100342,0.08567249774932861,35991.84530696175,2303478.099645552,92.64212989148548,77133250560.0,0.0003,129.74023866653442,153.787109375,0,0,exported_float_payload,False
operand_hybrid_fixed_h32,Operand hybrid + fixed H32,18400,2.520996332168579,3.039419412612915,0.11942806094884872,35983.558963962896,2302947.7736936253,92.62080104719094,77175193600.0,0.0003,129.74023866653442,153.787109375,0,0,exported_float_payload,False
operand_hybrid_fixed_h32,Operand hybrid + fixed H32,18410,2.4772069454193115,3.0073814392089844,0.11100737005472183,35984.174385798164,2302987.1606910825,92.62238512794909,77217136640.0,0.0003,129.74023866653442,153.787109375,0,0,exported_float_payload,False
operand_hybrid_fixed_h32,Operand hybrid + fixed H32,18420,2.496281862258911,3.033249855041504,0.08745896071195602,35984.66761507467,2303018.727364779,92.62365468804836,77259079680.0,0.0003,129.74023866653442,153.787109375,0,0,exported_float_payload,False
operand_hybrid_fixed_h32,Operand hybrid + fixed H32,18430,2.4906606674194336,2.9308295249938965,0.19994671642780304,35981.784025487665,2302834.1776312105,92.61623239894939,77301022720.0,0.0003,129.74023866653442,153.787109375,0,0,exported_float_payload,False
operand_hybrid_fixed_h32,Operand hybrid + fixed H32,18440,2.505735158920288,3.49100923538208,0.15463675558567047,35984.485906798305,2303007.0980350915,92.6231869753874,77342965760.0,0.0003,129.74023866653442,153.787109375,0,0,exported_float_payload,False
operand_hybrid_fixed_h32,Operand hybrid + fixed H32,18450,2.5186767578125,3.7687761783599854,0.11094202846288681,35969.23278255337,2302030.898083416,92.58392580648932,77384908800.0,0.0003,129.74023866653442,153.787109375,0,0,exported_float_payload,False
operand_hybrid_fixed_h32,Operand hybrid + fixed H32,18460,2.526319980621338,3.1152398586273193,0.08737771958112717,35988.36741108434,2303255.514309398,92.63317787252463,77426851840.0,0.0003,129.74023866653442,153.787109375,0,0,exported_float_payload,False
operand_hybrid_fixed_h32,Operand hybrid + fixed H32,18470,2.511413097381592,2.9848999977111816,0.2629319727420807,35946.294029977566,2300562.817918564,92.5248820181658,77468794880.0,0.0003,129.74023866653442,153.787109375,0,0,exported_float_payload,False
operand_hybrid_fixed_h32,Operand hybrid + fixed H32,18480,2.505063772201538,2.8770089149475098,0.12707632780075073,35983.9164919269,2302970.6554833218,92.62172131542945,77510737920.0,0.0003,129.74023866653442,153.787109375,0,0,exported_float_payload,False
operand_hybrid_fixed_h32,Operand hybrid + fixed H32,18490,2.5182366371154785,2.903542995452881,0.09358031302690506,35962.10778521364,2301574.8982536728,92.56558623752878,77552680960.0,0.0003,129.74023866653442,153.787109375,0,0,exported_float_payload,False
operand_hybrid_fixed_h32,Operand hybrid + fixed H32,18500,2.5248353481292725,3.3603901863098145,0.10989264398813248,35945.64574944804,2300521.3279646747,92.52321335993197,77594624000.0,0.0003,129.74023866653442,153.787109375,0,0,exported_float_payload,False
operand_hybrid_fixed_h32,Operand hybrid + fixed H32,18510,2.492509365081787,3.0106115341186523,0.06762547045946121,35994.58328502197,2303653.330241406,92.64917738007439,77636567040.0,0.0003,129.74023866653442,153.787109375,0,0,exported_float_payload,False
operand_hybrid_fixed_h32,Operand hybrid + fixed H32,18520,2.4888973236083984,2.969590187072754,0.23468343913555145,35971.05387891474,2302147.4482505433,92.58861326400131,77678510080.0,0.0003,129.74023866653442,153.787109375,0,0,exported_float_payload,False
operand_hybrid_fixed_h32,Operand hybrid + fixed H32,18530,2.516238212585449,3.0666661262512207,0.07847566902637482,35987.00454892355,2303168.291131107,92.629669898642,77720453120.0,0.0003,129.74023866653442,153.787109375,0,0,exported_float_payload,False
operand_hybrid_fixed_h32,Operand hybrid + fixed H32,18540,2.5281026363372803,3.182765007019043,0.39805319905281067,35968.227339021214,2301966.5496973577,92.58133781941862,77762396160.0,0.0003,129.74023866653442,153.787109375,0,0,exported_float_payload,False
operand_hybrid_fixed_h32,Operand hybrid + fixed H32,18550,2.5183229446411133,2.8980236053466797,0.11178082227706909,35965.382022294856,2301784.449426871,92.57401404372727,77804339200.0,0.0003,129.74023866653442,153.787109375,0,0,exported_float_payload,False
operand_hybrid_fixed_h32,Operand hybrid + fixed H32,18560,2.522759437561035,3.8979008197784424,0.2009989321231842,35966.84829493035,2301878.2908755424,92.5777881936436,77846282240.0,0.0003,129.74023866653442,153.787109375,0,0,exported_float_payload,False
operand_hybrid_fixed_h32,Operand hybrid + fixed H32,18570,2.5127480030059814,5.088113784790039,0.10119164735078812,35970.073497537196,2302084.7038423805,92.58608978630387,77888225280.0,0.0003,129.74023866653442,153.787109375,0,0,exported_float_payload,False
operand_hybrid_fixed_h32,Operand hybrid + fixed H32,18580,2.4941017627716064,2.951810836791992,0.14105196297168732,35973.171369553515,2302282.967651425,92.59406363313711,77930168320.0,0.0003,129.74023866653442,153.787109375,0,0,exported_float_payload,False
operand_hybrid_fixed_h32,Operand hybrid + fixed H32,18590,2.5029079914093018,3.0714762210845947,0.09607543051242828,35982.16851413392,2302858.784904571,92.61722206332487,77972111360.0,0.0003,129.74023866653442,153.787109375,0,0,exported_float_payload,False
operand_hybrid_fixed_h32,Operand hybrid + fixed H32,18600,2.490345001220703,3.147310733795166,0.12650835514068604,35990.07392631228,2303364.731283986,92.63757040100046,78014054400.0,0.0003,129.74023866653442,153.787109375,0,0,exported_float_payload,False
operand_hybrid_fixed_h32,Operand hybrid + fixed H32,18610,2.5129053592681885,3.0565695762634277,0.254705011844635,35979.99426226604,2302719.6327850264,92.61162559217306,78055997440.0,0.0003,129.74023866653442,153.787109375,0,0,exported_float_payload,False
operand_hybrid_fixed_h32,Operand hybrid + fixed H32,18620,2.5049476623535156,2.979419231414795,0.07107202708721161,35977.87809660189,2302584.198182521,92.60617863348956,78097940480.0,0.0003,129.74023866653442,153.787109375,0,0,exported_float_payload,False
operand_hybrid_fixed_h32,Operand hybrid + fixed H32,18630,2.49723744392395,2.9321036338806152,0.11057557910680771,35992.44438384978,2303516.440566386,92.64367190074904,78139883520.0,0.0003,129.74023866653442,153.787109375,0,0,exported_float_payload,False
operand_hybrid_fixed_h32,Operand hybrid + fixed H32,18640,2.5551207065582275,6.165308952331543,0.08437024801969528,35943.01821857445,2300353.1659887647,92.51645015970122,78181826560.0,0.0003,129.74023866653442,153.787109375,0,0,exported_float_payload,False
operand_hybrid_fixed_h32,Operand hybrid + fixed H32,18650,2.521070718765259,2.9899768829345703,0.26213252544403076,35976.05211566431,2302467.3354025157,92.6014786031978,78223769600.0,0.0003,129.74023866653442,153.787109375,0,0,exported_float_payload,False
operand_hybrid_fixed_h32,Operand hybrid + fixed H32,18660,2.5094926357269287,2.944131374359131,0.09715177118778229,35850.33101043616,2294421.184667914,92.27787555197013,78265712640.0,0.0003,129.74023866653442,153.787109375,0,0,exported_float_payload,False
operand_hybrid_fixed_h32,Operand hybrid + fixed H32,18670,2.4885244369506836,2.9043874740600586,0.12464983761310577,35988.070822076465,2303236.5326128937,92.63241445966936,78307655680.0,0.0003,129.74023866653442,153.787109375,0,0,exported_float_payload,False
operand_hybrid_fixed_h32,Operand hybrid + fixed H32,18680,2.5000219345092773,3.134512186050415,0.15821868181228638,35959.80082461457,2301427.2527753324,92.55964817734734,78349598720.0,0.0003,129.74023866653442,153.787109375,0,0,exported_float_payload,False
operand_hybrid_fixed_h32,Operand hybrid + fixed H32,18690,2.521397352218628,2.9756782054901123,0.13922318816184998,35958.7182312765,2301357.966801696,92.55686160856239,78391541760.0,0.0003,129.74023866653442,153.787109375,0,0,exported_float_payload,False
operand_hybrid_fixed_h32,Operand hybrid + fixed H32,18700,2.5165233612060547,3.10139799118042,0.13750025629997253,35932.88188902184,2299704.4408973977,92.4903594952458,78433484800.0,0.0003,129.74023866653442,153.787109375,0,0,exported_float_payload,False
operand_hybrid_fixed_h32,Operand hybrid + fixed H32,18710,2.502514123916626,2.9070305824279785,0.16088420152664185,35960.498833616235,2301471.925351439,92.5614448354527,78475427840.0,0.0003,129.74023866653442,153.787109375,0,0,exported_float_payload,False
operand_hybrid_fixed_h32,Operand hybrid + fixed H32,18720,2.480860471725464,3.093905448913574,0.11670195311307907,35982.615743931194,2302887.4076115964,92.61837322188919,78517370880.0,0.0003,129.74023866653442,153.787109375,0,0,exported_float_payload,False
operand_hybrid_fixed_h32,Operand hybrid + fixed H32,18730,2.544323682785034,6.226040840148926,0.1463344246149063,35971.6229732006,2302183.8702848386,92.5900780987799,78559313920.0,0.0003,129.74023866653442,153.787109375,0,0,exported_float_payload,False
operand_hybrid_fixed_h32,Operand hybrid + fixed H32,18740,2.4881677627563477,2.932767152786255,0.17567019164562225,35972.72850106839,2302254.624068377,92.59292370048364,78601256960.0,0.0003,129.74023866653442,153.787109375,0,0,exported_float_payload,False
operand_hybrid_fixed_h32,Operand hybrid + fixed H32,18750,2.4618115425109863,2.9642629623413086,0.08260596543550491,35966.21774743832,2301837.9358360525,92.57616517981474,78643200000.0,0.0003,129.74023866653442,153.787109375,0,0,exported_float_payload,False
operand_hybrid_fixed_h32,Operand hybrid + fixed H32,18760,2.512856960296631,2.8496928215026855,0.13408634066581726,35968.18236256914,2301963.671204425,92.58122205113057,78685143040.0,0.0003,129.74023866653442,153.787109375,0,0,exported_float_payload,False
operand_hybrid_fixed_h32,Operand hybrid + fixed H32,18770,2.4949119091033936,2.981656074523926,0.09693535417318344,35932.147653128806,2299657.4498002436,92.48846959000772,78727086080.0,0.0003,129.74023866653442,153.787109375,0,0,exported_float_payload,False
operand_hybrid_fixed_h32,Operand hybrid + fixed H32,18780,2.4807937145233154,3.1918082237243652,0.21123473346233368,35987.012070629055,2303168.7725202595,92.62968925932809,78769029120.0,0.0003,129.74023866653442,153.787109375,0,0,exported_float_payload,False
operand_hybrid_fixed_h32,Operand hybrid + fixed H32,18790,2.477311134338379,3.1683473587036133,0.08825314044952393,35988.69412128481,2303276.423762228,92.63401881659323,78810972160.0,0.0003,129.74023866653442,153.787109375,0,0,exported_float_payload,False
operand_hybrid_fixed_h32,Operand hybrid + fixed H32,18800,2.498581886291504,3.0432357788085938,0.11128363013267517,35972.80018299337,2302259.2117115757,92.59310820800606,78852915200.0,0.0003,129.74023866653442,153.787109375,0,0,exported_float_payload,False
operand_hybrid_fixed_h32,Operand hybrid + fixed H32,18810,2.5424201488494873,3.3281912803649902,0.08568446338176727,36005.63596144892,2304360.701532731,92.67762669898153,78894858240.0,0.0003,129.74023866653442,153.787109375,0,0,exported_float_payload,False
operand_hybrid_fixed_h32,Operand hybrid + fixed H32,18820,2.5233469009399414,3.110135316848755,0.11189091205596924,35969.52581967106,2302049.6524589476,92.58468007686606,78936801280.0,0.0003,129.74023866653442,153.787109375,0,0,exported_float_payload,False
operand_hybrid_fixed_h32,Operand hybrid + fixed H32,18830,2.494297504425049,3.096062183380127,0.16001524031162262,36008.51779146189,2304545.138653561,92.68504445897995,78978744320.0,0.0003,129.74023866653442,153.787109375,0,0,exported_float_payload,False
operand_hybrid_fixed_h32,Operand hybrid + fixed H32,18840,2.5087764263153076,2.9854848384857178,0.10688243806362152,35996.86861895541,2303799.591613146,92.65505977374721,79020687360.0,0.0003,129.74023866653442,153.787109375,0,0,exported_float_payload,False
operand_hybrid_fixed_h32,Operand hybrid + fixed H32,18850,2.512669801712036,3.019258975982666,0.16728968918323517,35373.36709353877,2263895.4939864813,91.05018209069009,79062630400.0,0.0003,129.74023866653442,153.787109375,0,0,exported_float_payload,False
operand_hybrid_fixed_h32,Operand hybrid + fixed H32,18860,2.4975147247314453,2.925936222076416,0.1536107212305069,35989.56642819682,2303332.2514045965,92.63626411325858,79104573440.0,0.0003,129.74023866653442,153.787109375,0,0,exported_float_payload,False
operand_hybrid_fixed_h32,Operand hybrid + fixed H32,18870,2.505377769470215,3.096588134765625,0.1214161366224289,35960.136294644915,2301448.7228572746,92.56051166900387,79146516480.0,0.0003,129.74023866653442,153.787109375,0,0,exported_float_payload,False
operand_hybrid_fixed_h32,Operand hybrid + fixed H32,18880,2.48490834236145,2.9282383918762207,0.19276148080825806,35978.77910334563,2302641.8626141204,92.60849780282014,79188459520.0,0.0003,129.74023866653442,153.787109375,0,0,exported_float_payload,False
operand_hybrid_fixed_h32,Operand hybrid + fixed H32,18890,2.496695041656494,2.990286111831665,0.11402606964111328,35957.17423542504,2301259.1510672024,92.55288740098834,79230402560.0,0.0003,129.74023866653442,153.787109375,0,0,exported_float_payload,False
operand_hybrid_fixed_h32,Operand hybrid + fixed H32,18900,2.5227417945861816,3.1133291721343994,0.13157907128334045,35991.83003124234,2303477.1219995096,92.64209057215717,79272345600.0,0.0003,129.74023866653442,153.787109375,0,0,exported_float_payload,False
operand_hybrid_fixed_h32,Operand hybrid + fixed H32,18910,2.5197830200195312,3.1387815475463867,0.12460124492645264,35997.12115948549,2303815.7542070714,92.65570980689755,79314288640.0,0.0003,129.74023866653442,153.787109375,0,0,exported_float_payload,False
operand_hybrid_fixed_h32,Operand hybrid + fixed H32,18920,2.5127923488616943,3.0712759494781494,0.10333073139190674,35993.561929036296,2303587.963458323,92.64654843473738,79356231680.0,0.0003,129.74023866653442,153.787109375,0,0,exported_float_payload,False
operand_hybrid_fixed_h32,Operand hybrid + fixed H32,18930,2.4960718154907227,2.9151811599731445,0.1674264520406723,35985.196107106116,2303052.5508547914,92.62501501361672,79398174720.0,0.0003,129.74023866653442,153.787109375,0,0,exported_float_payload,False
operand_hybrid_fixed_h32,Operand hybrid + fixed H32,18940,2.504638671875,2.9439759254455566,0.09601428359746933,36000.20255551053,2304012.963552674,92.66364124493202,79440117760.0,0.0003,129.74023866653442,153.787109375,0,0,exported_float_payload,False
operand_hybrid_fixed_h32,Operand hybrid + fixed H32,18950,2.5019688606262207,3.259549140930176,0.11346348375082016,35955.20498968501,2301133.1193398405,92.54781861059762,79482060800.0,0.0003,129.74023866653442,153.787109375,0,0,exported_float_payload,False
operand_hybrid_fixed_h32,Operand hybrid + fixed H32,18960,2.512899875640869,2.992088556289673,0.11624785512685776,36002.05877631302,2304131.761684033,92.66841911189675,79524003840.0,0.0003,129.74023866653442,153.787109375,0,0,exported_float_payload,False
operand_hybrid_fixed_h32,Operand hybrid + fixed H32,18970,2.5077996253967285,3.0702106952667236,0.11880035698413849,35990.41154630241,2303386.3389633545,92.63843942660093,79565946880.0,0.0003,129.74023866653442,153.787109375,0,0,exported_float_payload,False
operand_hybrid_fixed_h32,Operand hybrid + fixed H32,18980,2.521975517272949,3.2231366634368896,0.12757959961891174,35969.812030097884,2302067.9699262646,92.58541677550744,79607889920.0,0.0003,129.74023866653442,153.787109375,0,0,exported_float_payload,False
operand_hybrid_fixed_h32,Operand hybrid + fixed H32,18990,2.4951624870300293,3.1005663871765137,0.16162461042404175,35980.327545531974,2302740.9629140464,92.61248345515148,79649832960.0,0.0003,129.74023866653442,153.787109375,0,0,exported_float_payload,False
operand_hybrid_fixed_h32,Operand hybrid + fixed H32,19000,2.5074801445007324,3.044459819793701,0.1458871066570282,35976.080986822984,2302469.183156671,92.6015529168544,79691776000.0,0.0003,129.74023866653442,153.787109375,0,0,exported_float_payload,False
operand_hybrid_fixed_h32,Operand hybrid + fixed H32,19010,2.5364251136779785,4.978635787963867,0.10898815840482712,28444.81463039325,1820468.136345168,73.21625743980415,79733719040.0,0.0003,129.74023866653442,153.787109375,0,0,exported_float_payload,False
operand_hybrid_fixed_h32,Operand hybrid + fixed H32,19020,2.4884567260742188,3.0793066024780273,0.12193533033132553,36001.17867039352,2304075.4349051854,92.66615374077679,79775662080.0,0.0003,129.74023866653442,153.787109375,0,0,exported_float_payload,False
operand_hybrid_fixed_h32,Operand hybrid + fixed H32,19030,2.5015344619750977,3.174788236618042,0.18127110600471497,35984.87803748937,2303032.1943993196,92.62419631019937,79817605120.0,0.0003,129.74023866653442,153.787109375,0,0,exported_float_payload,False
operand_hybrid_fixed_h32,Operand hybrid + fixed H32,19040,2.484724998474121,2.939992666244507,0.08675232529640198,36012.40688086767,2304794.0403755307,92.69505488002996,79859548160.0,0.0003,129.74023866653442,153.787109375,0,0,exported_float_payload,False
operand_hybrid_fixed_h32,Operand hybrid + fixed H32,19050,2.511253833770752,3.3365092277526855,0.11579025536775589,35994.08054421974,2303621.154830063,92.64788333754046,79901491200.0,0.0003,129.74023866653442,153.787109375,0,0,exported_float_payload,False
operand_hybrid_fixed_h32,Operand hybrid + fixed H32,19060,2.4808900356292725,3.0391619205474854,0.15221427381038666,36006.91642540295,2304442.651225789,92.68092258189442,79943434240.0,0.0003,129.74023866653442,153.787109375,0,0,exported_float_payload,False
operand_hybrid_fixed_h32,Operand hybrid + fixed H32,19070,2.5029916763305664,3.1209287643432617,0.14800488948822021,35989.92943657796,2303355.4839409892,92.6371984879568,79985377280.0,0.0003,129.74023866653442,153.787109375,0,0,exported_float_payload,False
operand_hybrid_fixed_h32,Operand hybrid + fixed H32,19080,2.497429132461548,3.1134376525878906,0.0773746445775032,35974.817632354745,2302388.3284707037,92.59830107333963,80027320320.0,0.0003,129.74023866653442,153.787109375,0,0,exported_float_payload,False
operand_hybrid_fixed_h32,Operand hybrid + fixed H32,19090,2.5084781646728516,2.872410535812378,0.14178290963172913,36029.18255358421,2305867.6834293893,92.73823505147068,80069263360.0,0.0003,129.74023866653442,153.787109375,0,0,exported_float_payload,False
operand_hybrid_fixed_h32,Operand hybrid + fixed H32,19100,2.5143940448760986,3.076779842376709,0.12217433005571365,35972.73115465534,2302254.7938979417,92.59293053075157,80111206400.0,0.0003,129.74023866653442,153.787109375,0,0,exported_float_payload,False
operand_hybrid_fixed_h32,Operand hybrid + fixed H32,19110,2.527564287185669,2.958803415298462,0.07272499799728394,36006.3930913278,2304409.1578449793,92.67957553277947,80153149440.0,0.0003,129.74023866653442,153.787109375,0,0,exported_float_payload,False
operand_hybrid_fixed_h32,Operand hybrid + fixed H32,19120,2.5289134979248047,3.0695948600769043,0.13777323067188263,35954.419947373295,2301082.876631891,92.54579793087998,80195092480.0,0.0003,129.74023866653442,153.787109375,0,0,exported_float_payload,False
operand_hybrid_fixed_h32,Operand hybrid + fixed H32,19130,2.5103490352630615,3.1560120582580566,0.13092753291130066,35990.227010638504,2303374.5286808643,92.63796443631355,80237035520.0,0.0003,129.74023866653442,153.787109375,0,0,exported_float_payload,False
operand_hybrid_fixed_h32,Operand hybrid + fixed H32,19140,2.5128626823425293,2.944504499435425,0.09468798339366913,35981.51549666606,2302816.991786628,92.61554121232759,80278978560.0,0.0003,129.74023866653442,153.787109375,0,0,exported_float_payload,False
operand_hybrid_fixed_h32,Operand hybrid + fixed H32,19150,2.479461431503296,3.145709753036499,0.12067970633506775,36007.78136877186,2304498.007601399,92.68314892497986,80320921600.0,0.0003,129.74023866653442,153.787109375,0,0,exported_float_payload,False
operand_hybrid_fixed_h32,Operand hybrid + fixed H32,19160,2.5084927082061768,3.3424630165100098,0.16944707930088043,35974.46991018378,2302366.074251762,92.5974060449727,80362864640.0,0.0003,129.74023866653442,153.787109375,0,0,exported_float_payload,False
operand_hybrid_fixed_h32,Operand hybrid + fixed H32,19170,2.486922025680542,3.000429153442383,0.09774666279554367,35954.61315173013,2301095.2417107285,92.54629523417103,80404807680.0,0.0003,129.74023866653442,153.787109375,0,0,exported_float_payload,False
operand_hybrid_fixed_h32,Operand hybrid + fixed H32,19180,2.522573232650757,3.0506796836853027,0.07331934571266174,35990.17883887864,2303371.445688233,92.63784044338136,80446750720.0,0.0003,129.74023866653442,153.787109375,0,0,exported_float_payload,False
operand_hybrid_fixed_h32,Operand hybrid + fixed H32,19190,2.4747140407562256,3.0407421588897705,0.15308445692062378,35993.64653183748,2303593.378037599,92.64676620027927,80488693760.0,0.0003,129.74023866653442,153.787109375,0,0,exported_float_payload,False
operand_hybrid_fixed_h32,Operand hybrid + fixed H32,19200,2.5067882537841797,2.996175527572632,0.0943920910358429,36017.87062943131,2305143.7202836038,92.70911843525504,80530636800.0,0.0003,129.74023866653442,153.787109375,0,0,exported_float_payload,False
operand_hybrid_fixed_h32,Operand hybrid + fixed H32,19210,2.491708755493164,2.868474006652832,0.12814666330814362,35975.45735656287,2302429.2708200235,92.59994770781137,80572579840.0,0.0003,129.74023866653442,153.787109375,0,0,exported_float_payload,False
operand_hybrid_fixed_h32,Operand hybrid + fixed H32,19220,2.5214734077453613,3.3081414699554443,0.09615542739629745,35971.269599667736,2302161.254378735,92.58916852394559,80614522880.0,0.0003,129.74023866653442,153.787109375,0,0,exported_float_payload,False
operand_hybrid_fixed_h32,Operand hybrid + fixed H32,19230,2.509451389312744,3.2499396800994873,0.27698567509651184,35984.84530532015,2303030.0995404897,92.62411205839605,80656465920.0,0.0003,129.74023866653442,153.787109375,0,0,exported_float_payload,False
operand_hybrid_fixed_h32,Operand hybrid + fixed H32,19240,2.4668829441070557,2.9146952629089355,0.14140845835208893,35948.417004577925,2300698.688292987,92.53034650288465,80698408960.0,0.0003,129.74023866653442,153.787109375,0,0,exported_float_payload,False
operand_hybrid_fixed_h32,Operand hybrid + fixed H32,19250,2.517646551132202,2.9913787841796875,0.085390605032444,36004.10550157258,2304262.752100645,92.67368733267652,80740352000.0,0.0003,129.74023866653442,153.787109375,0,0,exported_float_payload,False
operand_hybrid_fixed_h32,Operand hybrid + fixed H32,19260,2.4882054328918457,2.998749256134033,0.15852107107639313,35960.24109154988,2301455.429859192,92.56078141367517,80782295040.0,0.0003,129.74023866653442,153.787109375,0,0,exported_float_payload,False
operand_hybrid_fixed_h32,Operand hybrid + fixed H32,19270,2.5276825428009033,3.0746989250183105,0.11556650698184967,35991.586138778424,2303461.512881819,92.64146279891774,80824238080.0,0.0003,129.74023866653442,153.787109375,0,0,exported_float_payload,False
operand_hybrid_fixed_h32,Operand hybrid + fixed H32,19280,2.4771809577941895,3.0944790840148926,0.13279972970485687,35999.585250090895,2303973.4560058173,92.66205231587377,80866181120.0,0.0003,129.74023866653442,153.787109375,0,0,exported_float_payload,False
operand_hybrid_fixed_h32,Operand hybrid + fixed H32,19290,2.4968836307525635,3.202606678009033,0.10047678649425507,36002.89189560134,2304185.0813184856,92.67056354057678,80908124160.0,0.0003,129.74023866653442,153.787109375,0,0,exported_float_payload,False
operand_hybrid_fixed_h32,Operand hybrid + fixed H32,19300,2.4842121601104736,2.9326698780059814,0.11254633963108063,35955.32765727919,2301140.970065868,92.54813435398606,80950067200.0,0.0003,129.74023866653442,153.787109375,0,0,exported_float_payload,False
operand_hybrid_fixed_h32,Operand hybrid + fixed H32,19310,2.502248525619507,3.0565884113311768,0.13186423480510712,35990.261395450834,2303376.7293088534,92.63805294197985,80992010240.0,0.0003,129.74023866653442,153.787109375,0,0,exported_float_payload,False
operand_hybrid_fixed_h32,Operand hybrid + fixed H32,19320,2.5129785537719727,3.051056385040283,0.12790440022945404,36011.869493241196,2304759.6475674366,92.69367165741747,81033953280.0,0.0003,129.74023866653442,153.787109375,0,0,exported_float_payload,False
operand_hybrid_fixed_h32,Operand hybrid + fixed H32,19330,2.4817192554473877,2.987943649291992,0.08129529654979706,36021.28631634195,2305362.324245885,92.71791032985632,81075896320.0,0.0003,129.74023866653442,153.787109375,0,0,exported_float_payload,False
operand_hybrid_fixed_h32,Operand hybrid + fixed H32,19340,2.480621099472046,3.1148157119750977,0.11116756498813629,36006.26799593772,2304401.151740014,92.67925354030373,81117839360.0,0.0003,129.74023866653442,153.787109375,0,0,exported_float_payload,False
operand_hybrid_fixed_h32,Operand hybrid + fixed H32,19350,2.5073416233062744,2.986952304840088,0.2605416178703308,35982.823415514315,2302900.698592916,92.61890776346698,81159782400.0,0.0003,129.74023866653442,153.787109375,0,0,exported_float_payload,False
operand_hybrid_fixed_h32,Operand hybrid + fixed H32,19360,2.4758806228637695,2.9580421447753906,0.11762905865907669,35996.87994637037,2303800.3165677036,92.6550889302364,81201725440.0,0.0003,129.74023866653442,153.787109375,0,0,exported_float_payload,False
operand_hybrid_fixed_h32,Operand hybrid + fixed H32,19370,2.4794294834136963,2.944495439529419,0.07316175848245621,35977.83682735478,2302581.556950706,92.60607240745645,81243668480.0,0.0003,129.74023866653442,153.787109375,0,0,exported_float_payload,False
operand_hybrid_fixed_h32,Operand hybrid + fixed H32,19380,2.5539536476135254,3.262155532836914,0.1190393716096878,35992.45256781165,2303516.9643399455,92.64369296606681,81285611520.0,0.0003,129.74023866653442,153.787109375,0,0,exported_float_payload,False
operand_hybrid_fixed_h32,Operand hybrid + fixed H32,19390,2.503889322280884,3.0208678245544434,0.1490967571735382,35985.24713718776,2303055.8167800168,92.6251463637993,81327554560.0,0.0003,129.74023866653442,153.787109375,0,0,exported_float_payload,False
operand_hybrid_fixed_h32,Operand hybrid + fixed H32,19400,2.492750644683838,2.9772109985351562,0.13467010855674744,35949.328372832,2300757.015861248,92.53269234248951,81369497600.0,0.0003,129.74023866653442,153.787109375,0,0,exported_float_payload,False
operand_hybrid_fixed_h32,Operand hybrid + fixed H32,19410,2.4935836791992188,3.0752718448638916,0.0819186419248581,35979.850794443075,2302710.450844357,92.61125630950426,81411440640.0,0.0003,129.74023866653442,153.787109375,0,0,exported_float_payload,False
operand_hybrid_fixed_h32,Operand hybrid + fixed H32,19420,2.5059731006622314,3.0243871212005615,0.11840212345123291,35991.816717924055,2303476.2699471395,92.6420563040014,81453383680.0,0.0003,129.74023866653442,153.787109375,0,0,exported_float_payload,False
operand_hybrid_fixed_h32,Operand hybrid + fixed H32,19430,2.4712698459625244,2.9028940200805664,0.09751291573047638,35970.70182298072,2302124.916670766,92.58770708063422,81495326720.0,0.0003,129.74023866653442,153.787109375,0,0,exported_float_payload,False
operand_hybrid_fixed_h32,Operand hybrid + fixed H32,19440,2.5209298133850098,3.2716526985168457,0.14180420339107513,36000.86497152436,2304055.358177559,92.66534628755687,81537269760.0,0.0003,129.74023866653442,153.787109375,0,0,exported_float_payload,False
operand_hybrid_fixed_h32,Operand hybrid + fixed H32,19450,2.527230978012085,3.2827250957489014,0.11641156673431396,35957.773353907985,2301297.494650111,92.5544295173162,81579212800.0,0.0003,129.74023866653442,153.787109375,0,0,exported_float_payload,False
operand_hybrid_fixed_h32,Operand hybrid + fixed H32,19460,2.495028257369995,2.935462236404419,0.08190284669399261,35973.319254716815,2302292.432301876,92.59444428593194,81621155840.0,0.0003,129.74023866653442,153.787109375,0,0,exported_float_payload,False
operand_hybrid_fixed_h32,Operand hybrid + fixed H32,19470,2.485706329345703,3.0895752906799316,0.29638636112213135,35996.74011318657,2303791.3672439405,92.65472900303995,81663098880.0,0.0003,129.74023866653442,153.787109375,0,0,exported_float_payload,False
operand_hybrid_fixed_h32,Operand hybrid + fixed H32,19480,2.507023811340332,2.874441623687744,0.11601327359676361,35981.03106058226,2302785.9878772646,92.61429428569136,81705041920.0,0.0003,129.74023866653442,153.787109375,0,0,exported_float_payload,False
operand_hybrid_fixed_h32,Operand hybrid + fixed H32,19490,2.517082691192627,2.970944881439209,0.10314790904521942,35995.31123954563,2303699.91933092,92.65105111722126,81746984960.0,0.0003,129.74023866653442,153.787109375,0,0,exported_float_payload,False
operand_hybrid_fixed_h32,Operand hybrid + fixed H32,19500,2.512296676635742,3.0516390800476074,0.1673380732536316,35987.028421653486,2303169.818985823,92.62973134646522,81788928000.0,0.0003,129.74023866653442,153.787109375,0,0,exported_float_payload,False
operand_hybrid_fixed_h32,Operand hybrid + fixed H32,19510,2.50347900390625,3.1022214889526367,0.1377207487821579,35997.45422977956,2303837.070705892,92.6565671216916,81830871040.0,0.0003,129.74023866653442,153.787109375,0,0,exported_float_payload,False
operand_hybrid_fixed_h32,Operand hybrid + fixed H32,19520,2.5138330459594727,3.0239996910095215,0.12074469029903412,36012.802163710614,2304819.3384774793,92.69607232840383,81872814080.0,0.0003,129.74023866653442,153.787109375,0,0,exported_float_payload,False
operand_hybrid_fixed_h32,Operand hybrid + fixed H32,19530,2.4755802154541016,3.328677177429199,0.12194494158029556,35980.3276954687,2302740.972509997,92.61248384108494,81914757120.0,0.0003,129.74023866653442,153.787109375,0,0,exported_float_payload,False
operand_hybrid_fixed_h32,Operand hybrid + fixed H32,19540,2.4845187664031982,2.948871612548828,0.13380062580108643,35980.46908728124,2302750.0215859995,92.61284778015367,81956700160.0,0.0003,129.74023866653442,153.787109375,0,0,exported_float_payload,False
operand_hybrid_fixed_h32,Operand hybrid + fixed H32,19550,2.4789509773254395,2.9174065589904785,0.10625267773866653,35998.26508064429,2303888.9651612346,92.65865423199371,81998643200.0,0.0003,129.74023866653442,153.787109375,0,0,exported_float_payload,False
operand_hybrid_fixed_h32,Operand hybrid + fixed H32,19560,2.5233192443847656,3.098504066467285,0.2940269112586975,35964.661917070596,2301738.362692518,92.57216051048516,82040586240.0,0.0003,129.74023866653442,153.787109375,0,0,exported_float_payload,False
operand_hybrid_fixed_h32,Operand hybrid + fixed H32,19570,2.484550714492798,2.890061140060425,0.09874889999628067,35973.301006350324,2302291.2644064208,92.59439731508274,82082529280.0,0.0003,129.74023866653442,153.787109375,0,0,exported_float_payload,False
operand_hybrid_fixed_h32,Operand hybrid + fixed H32,19580,2.4523186683654785,2.9240899085998535,0.07426705211400986,36028.77467904841,2305841.579459098,92.73718519238726,82124472320.0,0.0003,129.74023866653442,153.787109375,0,0,exported_float_payload,False
operand_hybrid_fixed_h32,Operand hybrid + fixed H32,19590,2.5015339851379395,2.9845104217529297,0.13208507001399994,36007.77972616265,2304497.9024744094,92.68314469694391,82166415360.0,0.0003,129.74023866653442,153.787109375,0,0,exported_float_payload,False
operand_hybrid_fixed_h32,Operand hybrid + fixed H32,19600,2.5059564113616943,2.8659276962280273,0.2303730845451355,36018.62633997531,2305192.0857584197,92.71106361571968,82208358400.0,0.0003,129.74023866653442,153.787109375,0,0,exported_float_payload,False
operand_hybrid_fixed_h32,Operand hybrid + fixed H32,19610,2.5081191062927246,3.161891460418701,0.09642712771892548,35988.52211346356,2303265.4152616677,92.63357607266657,82250301440.0,0.0003,129.74023866653442,153.787109375,0,0,exported_float_payload,False
operand_hybrid_fixed_h32,Operand hybrid + fixed H32,19620,2.4955153465270996,3.02608060836792,0.10328645259141922,36009.276372036395,2304593.6878103293,92.68699702683294,82292244480.0,0.0003,129.74023866653442,153.787109375,0,0,exported_float_payload,False
operand_hybrid_fixed_h32,Operand hybrid + fixed H32,19630,2.507920265197754,3.046571731567383,0.12640155851840973,35965.89066578254,2301817.0026100827,92.57532327962927,82334187520.0,0.0003,129.74023866653442,153.787109375,0,0,exported_float_payload,False
operand_hybrid_fixed_h32,Operand hybrid + fixed H32,19640,2.498502016067505,3.053830146789551,0.09962701797485352,35982.6364525632,2302888.732964045,92.61842652540169,82376130560.0,0.0003,129.74023866653442,153.787109375,0,0,exported_float_payload,False
operand_hybrid_fixed_h32,Operand hybrid + fixed H32,19650,2.479086399078369,3.2395901679992676,0.09221623092889786,36001.03727324701,2304066.385487809,92.66578978797855,82418073600.0,0.0003,129.74023866653442,153.787109375,0,0,exported_float_payload,False
operand_hybrid_fixed_h32,Operand hybrid + fixed H32,19660,2.5121591091156006,3.754966974258423,0.13395392894744873,35982.75353268032,2302896.2260915404,92.61872788676078,82460016640.0,0.0003,129.74023866653442,153.787109375,0,0,exported_float_payload,False
operand_hybrid_fixed_h32,Operand hybrid + fixed H32,19670,2.506389856338501,3.030470371246338,0.08498364686965942,35973.51800642792,2302305.152411387,92.59495586797725,82501959680.0,0.0003,129.74023866653442,153.787109375,0,0,exported_float_payload,False
operand_hybrid_fixed_h32,Operand hybrid + fixed H32,19680,2.5474743843078613,3.2348930835723877,0.2768377363681793,35980.35285910106,2302742.582982468,92.61254861165943,82543902720.0,0.0003,129.74023866653442,153.787109375,0,0,exported_float_payload,False
operand_hybrid_fixed_h32,Operand hybrid + fixed H32,19690,2.518827438354492,3.114821434020996,0.09850931167602539,36011.12616092109,2304712.07429895,92.69175833819851,82585845760.0,0.0003,129.74023866653442,153.787109375,0,0,exported_float_payload,False
operand_hybrid_fixed_h32,Operand hybrid + fixed H32,19700,2.5296151638031006,3.095367670059204,0.08244512230157852,35996.08509733669,2303749.446229548,92.65304300825619,82627788800.0,0.0003,129.74023866653442,153.787109375,0,0,exported_float_payload,False
operand_hybrid_fixed_h32,Operand hybrid + fixed H32,19710,2.5224366188049316,3.023388385772705,0.2917918264865875,35979.2139529964,2302669.6929917694,92.60961709519,82669731840.0,0.0003,129.74023866653442,153.787109375,0,0,exported_float_payload,False
operand_hybrid_fixed_h32,Operand hybrid + fixed H32,19720,2.5251193046569824,4.1879987716674805,0.106845423579216,35982.80171860453,2302899.30999069,92.61885191615166,82711674880.0,0.0003,129.74023866653442,153.787109375,0,0,exported_float_payload,False
operand_hybrid_fixed_h32,Operand hybrid + fixed H32,19730,2.527247190475464,3.103930711746216,0.08414831012487411,35989.64981486168,2303337.5881511476,92.63647874849529,82753617920.0,0.0003,129.74023866653442,153.787109375,0,0,exported_float_payload,False
operand_hybrid_fixed_h32,Operand hybrid + fixed H32,19740,2.504920482635498,3.609984874725342,0.1649114489555359,35998.47202685302,2303902.2097185934,92.65918690647557,82795560960.0,0.0003,129.74023866653442,153.787109375,0,0,exported_float_payload,False
operand_hybrid_fixed_h32,Operand hybrid + fixed H32,19750,2.509631633758545,2.9562478065490723,0.11197546124458313,35969.81596662503,2302068.221864002,92.58542690803208,82837504000.0,0.0003,129.74023866653442,153.787109375,0,0,exported_float_payload,False
operand_hybrid_fixed_h32,Operand hybrid + fixed H32,19760,2.5194826126098633,2.9258015155792236,0.1253114938735962,36005.06229847263,2304323.9871022482,92.67615010450547,82879447040.0,0.0003,129.74023866653442,153.787109375,0,0,exported_float_payload,False
operand_hybrid_fixed_h32,Operand hybrid + fixed H32,19770,2.5408804416656494,3.016789436340332,0.14547012746334076,35978.47113301352,2302622.152512865,92.60770509471453,82921390080.0,0.0003,129.74023866653442,153.787109375,0,0,exported_float_payload,False
operand_hybrid_fixed_h32,Operand hybrid + fixed H32,19780,2.5029420852661133,3.1148929595947266,0.1869678646326065,35989.68259810738,2303339.686278872,92.63656313176824,82963333120.0,0.0003,129.74023866653442,153.787109375,0,0,exported_float_payload,False
operand_hybrid_fixed_h32,Operand hybrid + fixed H32,19790,2.524803876876831,3.0568838119506836,0.18606610596179962,35987.92706713742,2303227.3322967947,92.63204443797078,83005276160.0,0.0003,129.74023866653442,153.787109375,0,0,exported_float_payload,False
operand_hybrid_fixed_h32,Operand hybrid + fixed H32,19800,2.5097954273223877,2.9450697898864746,0.1650412678718567,35982.2403054421,2302863.3795482945,92.61740685239698,83047219200.0,0.0003,129.74023866653442,153.787109375,0,0,exported_float_payload,False
operand_hybrid_fixed_h32,Operand hybrid + fixed H32,19810,2.468844413757324,3.159389019012451,0.09993117302656174,35981.447003383466,2302812.608216542,92.6153649122927,83089162240.0,0.0003,129.74023866653442,153.787109375,0,0,exported_float_payload,False
operand_hybrid_fixed_h32,Operand hybrid + fixed H32,19820,2.4758055210113525,2.970172882080078,0.09016939252614975,36004.82997724678,2304309.118543794,92.67555211534993,83131105280.0,0.0003,129.74023866653442,153.787109375,0,0,exported_float_payload,False
operand_hybrid_fixed_h32,Operand hybrid + fixed H32,19830,2.4644615650177,2.8474135398864746,0.12382756173610687,35975.055051770956,2302403.523313341,92.59891218511254,83173048320.0,0.0003,129.74023866653442,153.787109375,0,0,exported_float_payload,False
operand_hybrid_fixed_h32,Operand hybrid + fixed H32,19840,2.507197856903076,3.003244400024414,0.12949104607105255,35978.17379010998,2302603.1225670385,92.60693974135026,83214991360.0,0.0003,129.74023866653442,153.787109375,0,0,exported_float_payload,False
operand_hybrid_fixed_h32,Operand hybrid + fixed H32,19850,2.4815673828125,3.058572769165039,0.1365383118391037,35983.47608852973,2302942.4696659027,92.62058772785211,83256934400.0,0.0003,129.74023866653442,153.787109375,0,0,exported_float_payload,False
operand_hybrid_fixed_h32,Operand hybrid + fixed H32,19860,2.503693103790283,3.1895298957824707,0.08410627394914627,35976.20182058314,2302476.916517321,92.60186393999889,83298877440.0,0.0003,129.74023866653442,153.787109375,0,0,exported_float_payload,False
operand_hybrid_fixed_h32,Operand hybrid + fixed H32,19870,2.5139503479003906,3.093210220336914,0.20121558010578156,35959.51043494076,2301408.667836209,92.5589007214264,83340820480.0,0.0003,129.74023866653442,153.787109375,0,0,exported_float_payload,False
operand_hybrid_fixed_h32,Operand hybrid + fixed H32,19880,2.5088722705841064,3.0168497562408447,0.12260687351226807,35966.980287961924,2301886.738429563,92.57812794047992,83382763520.0,0.0003,129.74023866653442,153.787109375,0,0,exported_float_payload,False
operand_hybrid_fixed_h32,Operand hybrid + fixed H32,19890,2.473410129547119,3.5086631774902344,0.19228152930736542,35970.59306793111,2302117.9563475912,92.58742714779535,83424706560.0,0.0003,129.74023866653442,153.787109375,0,0,exported_float_payload,False
operand_hybrid_fixed_h32,Operand hybrid + fixed H32,19900,2.494824171066284,3.3777546882629395,0.1342017501592636,35993.74939124856,2303599.9610399078,92.64703095788867,83466649600.0,0.0003,129.74023866653442,153.787109375,0,0,exported_float_payload,False
operand_hybrid_fixed_h32,Operand hybrid + fixed H32,19910,2.4857680797576904,2.96396541595459,0.12117064744234085,35964.318703325225,2301716.3970128144,92.57127708669546,83508592640.0,0.0003,129.74023866653442,153.787109375,0,0,exported_float_payload,False
operand_hybrid_fixed_h32,Operand hybrid + fixed H32,19920,2.5239109992980957,4.242290019989014,0.11642059683799744,35966.26169505726,2301840.748483665,92.57627829991148,83550535680.0,0.0003,129.74023866653442,153.787109375,0,0,exported_float_payload,False
operand_hybrid_fixed_h32,Operand hybrid + fixed H32,19930,2.4785349369049072,2.9784200191497803,0.09223736077547073,35988.40784312057,2303258.1019597165,92.6332819435974,83592478720.0,0.0003,129.74023866653442,153.787109375,0,0,exported_float_payload,False
operand_hybrid_fixed_h32,Operand hybrid + fixed H32,19940,2.483736991882324,3.1421027183532715,0.0817854180932045,35988.3969103111,2303257.4022599105,92.63325380281312,83634421760.0,0.0003,129.74023866653442,153.787109375,0,0,exported_float_payload,False
operand_hybrid_fixed_h32,Operand hybrid + fixed H32,19950,2.465108871459961,3.002274513244629,0.188348650932312,35974.82377787906,2302388.7217842597,92.59831689176897,83676364800.0,0.0003,129.74023866653442,153.787109375,0,0,exported_float_payload,False
operand_hybrid_fixed_h32,Operand hybrid + fixed H32,19960,2.527693510055542,2.9931483268737793,0.12808288633823395,36011.96433770758,2304765.717613285,92.69391578475518,83718307840.0,0.0003,129.74023866653442,153.787109375,0,0,exported_float_payload,False
operand_hybrid_fixed_h32,Operand hybrid + fixed H32,19970,2.4549643993377686,2.9808685779571533,0.12596362829208374,35979.86323702647,2302711.247169694,92.61128833640971,83760250880.0,0.0003,129.74023866653442,153.787109375,0,0,exported_float_payload,False
operand_hybrid_fixed_h32,Operand hybrid + fixed H32,19980,2.4940528869628906,2.9451584815979004,0.12252748757600784,19342.93453501024,1237947.8102406554,49.78824059705285,83802193920.0,0.0003,129.74023866653442,153.787109375,0,0,exported_float_payload,False
operand_hybrid_fixed_h32,Operand hybrid + fixed H32,19990,2.496429443359375,3.1410105228424072,0.11641021072864532,34014.23113053343,2176910.7923541395,87.55179935007037,83844136960.0,0.0003,129.74023866653442,153.787109375,0,0,exported_float_payload,False
operand_hybrid_fixed_h32,Operand hybrid + fixed H32,20000,2.4983017444610596,3.0191969871520996,0.11398570239543915,34662.07323107586,2218372.686788855,89.21932907842292,83886080000.0,0.0003,129.74023866653442,153.787109375,0,0,exported_float_payload,False
operand_hybrid_fixed_h32,Operand hybrid + fixed H32,20010,2.48050594329834,2.920912504196167,0.16961142420768738,26465.00363493816,1693760.2326360422,68.12027233992195,83928023040.0,0.0003,129.74023866653442,153.787109375,0,0,exported_float_payload,False
operand_hybrid_fixed_h32,Operand hybrid + fixed H32,20020,2.5100715160369873,3.010885238647461,0.15466725826263428,35296.66038473822,2258986.264623246,90.8527408975631,83969966080.0,0.0003,129.74023866653442,153.787109375,0,0,exported_float_payload,False
operand_hybrid_fixed_h32,Operand hybrid + fixed H32,20030,2.501288652420044,3.062711715698242,0.11690990626811981,35346.31881791043,2262164.4043462677,90.98056049049899,84011909120.0,0.0003,129.74023866653442,153.787109375,0,0,exported_float_payload,False
operand_hybrid_fixed_h32,Operand hybrid + fixed H32,20040,2.5088157653808594,3.03635311126709,0.7511542439460754,35429.02672268754,2267457.7102520023,91.19344861535241,84053852160.0,0.0003,129.74023866653442,153.787109375,0,0,exported_float_payload,False
operand_hybrid_fixed_h32,Operand hybrid + fixed H32,20050,2.478769540786743,3.0428695678710938,0.13230712711811066,35537.12143926006,2274375.772112644,91.47168177311045,84095795200.0,0.0003,129.74023866653442,153.787109375,0,0,exported_float_payload,False
operand_hybrid_fixed_h32,Operand hybrid + fixed H32,20060,2.5028469562530518,3.107767343521118,0.11714717745780945,35669.55479040472,2282851.506585902,91.81256198122624,84137738240.0,0.0003,129.74023866653442,153.787109375,0,0,exported_float_payload,False
operand_hybrid_fixed_h32,Operand hybrid + fixed H32,20070,2.480205774307251,3.2794532775878906,0.13102006912231445,35724.740744805305,2286383.4076675395,91.95460927866712,84179681280.0,0.0003,129.74023866653442,153.787109375,0,0,exported_float_payload,False
operand_hybrid_fixed_h32,Operand hybrid + fixed H32,20080,2.586404800415039,6.012007713317871,0.19755525887012482,35724.37253632397,2286359.842324734,91.95366151903814,84221624320.0,0.0003,129.74023866653442,153.787109375,0,0,exported_float_payload,False
operand_hybrid_fixed_h32,Operand hybrid + fixed H32,20090,2.507354259490967,3.1518547534942627,0.12667876482009888,35791.382861144884,2290648.5031132726,92.12614445685874,84263567360.0,0.0003,129.74023866653442,153.787109375,0,0,exported_float_payload,False
operand_hybrid_fixed_h32,Operand hybrid + fixed H32,20100,2.456540822982788,2.9071097373962402,0.10330568999052048,35824.14011106326,2292744.9671080485,92.21046081729938,84305510400.0,0.0003,129.74023866653442,153.787109375,0,0,exported_float_payload,False
operand_hybrid_fixed_h32,Operand hybrid + fixed H32,20110,2.5092577934265137,3.0473875999450684,0.135369673371315,35873.49726834134,2295903.825173846,92.3375049334494,84347453440.0,0.0003,129.74023866653442,153.787109375,0,0,exported_float_payload,False
operand_hybrid_fixed_h32,Operand hybrid + fixed H32,20120,2.498730421066284,3.0468392372131348,0.10682104527950287,35960.65916335973,2301482.1864550225,92.5618575202927,84389396480.0,0.0003,129.74023866653442,153.787109375,0,0,exported_float_payload,False
operand_hybrid_fixed_h32,Operand hybrid + fixed H32,20130,2.5008251667022705,3.0739946365356445,0.09296773374080658,35979.51926489996,2302689.2329535973,92.61040296056551,84431339520.0,0.0003,129.74023866653442,153.787109375,0,0,exported_float_payload,False
operand_hybrid_fixed_h32,Operand hybrid + fixed H32,20140,2.4934422969818115,3.093719959259033,0.12306457757949829,35966.94146297513,2301884.2536304086,92.5780280059131,84473282560.0,0.0003,129.74023866653442,153.787109375,0,0,exported_float_payload,False
operand_hybrid_fixed_h32,Operand hybrid + fixed H32,20150,2.488161325454712,2.97951340675354,0.13669802248477936,36025.971040807526,2305662.1466116817,92.72996869609857,84515225600.0,0.0003,129.74023866653442,153.787109375,0,0,exported_float_payload,False
operand_hybrid_fixed_h32,Operand hybrid + fixed H32,20160,2.520785331726074,2.95261812210083,0.08225355297327042,35962.073055362656,2301572.67554321,92.56549684374143,84557168640.0,0.0003,129.74023866653442,153.787109375,0,0,exported_float_payload,False
operand_hybrid_fixed_h32,Operand hybrid + fixed H32,20170,2.5033817291259766,2.9517195224761963,0.3132309317588806,35971.93677132705,2302203.953364931,92.59088580748563,84599111680.0,0.0003,129.74023866653442,153.787109375,0,0,exported_float_payload,False
operand_hybrid_fixed_h32,Operand hybrid + fixed H32,20180,2.4882760047912598,2.945762872695923,0.09940461814403534,36008.89577132425,2304569.329364752,92.6860173699048,84641054720.0,0.0003,129.74023866653442,153.787109375,0,0,exported_float_payload,False
operand_hybrid_fixed_h32,Operand hybrid + fixed H32,20190,2.523904323577881,3.1499876976013184,0.14409242570400238,35980.97608968793,2302782.4697400276,92.61415279195329,84682997760.0,0.0003,129.74023866653442,153.787109375,0,0,exported_float_payload,False
operand_hybrid_fixed_h32,Operand hybrid + fixed H32,20200,2.477140426635742,2.9983859062194824,0.07686138153076172,36005.28977384643,2304338.5455261716,92.67673562055631,84724940800.0,0.0003,129.74023866653442,153.787109375,0,0,exported_float_payload,False
operand_hybrid_fixed_h32,Operand hybrid + fixed H32,20210,2.5270111560821533,2.900507688522339,0.09021353721618652,36006.6375290385,2304424.801858464,92.68020470947077,84766883840.0,0.0003,129.74023866653442,153.787109375,0,0,exported_float_payload,False
operand_hybrid_fixed_h32,Operand hybrid + fixed H32,20220,2.484884023666382,2.868927001953125,0.08561409264802933,35986.709133528115,2303149.3845457993,92.62890950663648,84808826880.0,0.0003,129.74023866653442,153.787109375,0,0,exported_float_payload,False
operand_hybrid_fixed_h32,Operand hybrid + fixed H32,20230,2.5143702030181885,3.2525618076324463,0.23339873552322388,35983.413493358195,2302938.4635749245,92.62042660941091,84850769920.0,0.0003,129.74023866653442,153.787109375,0,0,exported_float_payload,False
operand_hybrid_fixed_h32,Operand hybrid + fixed H32,20240,2.507812023162842,2.960686206817627,0.10705150663852692,35941.50489209179,2300256.3130938746,92.51255489433267,84892712960.0,0.0003,129.74023866653442,153.787109375,0,0,exported_float_payload,False
operand_hybrid_fixed_h32,Operand hybrid + fixed H32,20250,2.519702911376953,3.120382785797119,0.1486673504114151,35984.68385723945,2303019.7668633247,92.62369649498339,84934656000.0,0.0003,129.74023866653442,153.787109375,0,0,exported_float_payload,False
operand_hybrid_fixed_h32,Operand hybrid + fixed H32,20260,2.5209078788757324,2.9089713096618652,0.1069861575961113,35999.47660945984,2303966.5030054296,92.66177267754547,84976599040.0,0.0003,129.74023866653442,153.787109375,0,0,exported_float_payload,False
operand_hybrid_fixed_h32,Operand hybrid + fixed H32,20270,2.5135183334350586,3.1866350173950195,0.11266278475522995,36000.77440416971,2304049.5618668613,92.66511316940019,85018542080.0,0.0003,129.74023866653442,153.787109375,0,0,exported_float_payload,False
operand_hybrid_fixed_h32,Operand hybrid + fixed H32,20280,2.5257985591888428,3.568146228790283,0.10442955791950226,35997.049123721714,2303811.1439181897,92.65552438860271,85060485120.0,0.0003,129.74023866653442,153.787109375,0,0,exported_float_payload,False
operand_hybrid_fixed_h32,Operand hybrid + fixed H32,20290,2.4850974082946777,2.991666316986084,0.09586984664201736,35989.502713885115,2303328.1736886473,92.63610011417794,85102428160.0,0.0003,129.74023866653442,153.787109375,0,0,exported_float_payload,False
operand_hybrid_fixed_h32,Operand hybrid + fixed H32,20300,2.496241569519043,2.8669958114624023,0.1259528249502182,36021.03232938467,2305346.0690806187,92.71725657363774,85144371200.0,0.0003,129.74023866653442,153.787109375,0,0,exported_float_payload,False
operand_hybrid_fixed_h32,Operand hybrid + fixed H32,20310,2.529000997543335,3.039224624633789,0.14843542873859406,35991.73393883324,2303470.9720853274,92.64184323264541,85186314240.0,0.0003,129.74023866653442,153.787109375,0,0,exported_float_payload,False
operand_hybrid_fixed_h32,Operand hybrid + fixed H32,20320,2.506009340286255,3.110588550567627,0.10633573681116104,36000.37976011813,2304024.30464756,92.66409736525969,85228257280.0,0.0003,129.74023866653442,153.787109375,0,0,exported_float_payload,False
operand_hybrid_fixed_h32,Operand hybrid + fixed H32,20330,2.527144193649292,3.0753374099731445,0.2203291654586792,35984.20547076742,2302989.1501291147,92.62246513989999,85270200320.0,0.0003,129.74023866653442,153.787109375,0,0,exported_float_payload,False
operand_hybrid_fixed_h32,Operand hybrid + fixed H32,20340,2.473237991333008,2.9530138969421387,0.09650314599275589,36005.49189297229,2304351.4811502267,92.67725587024488,85312143360.0,0.0003,129.74023866653442,153.787109375,0,0,exported_float_payload,False
operand_hybrid_fixed_h32,Operand hybrid + fixed H32,20350,2.545539617538452,5.555320739746094,0.11381334066390991,35942.99520648667,2300351.6932151467,92.51639092714987,85354086400.0,0.0003,129.74023866653442,153.787109375,0,0,exported_float_payload,False
operand_hybrid_fixed_h32,Operand hybrid + fixed H32,20360,2.4618611335754395,3.122498035430908,0.08990368992090225,35979.7420788061,2302703.4930435903,92.61097647811255,85396029440.0,0.0003,129.74023866653442,153.787109375,0,0,exported_float_payload,False
operand_hybrid_fixed_h32,Operand hybrid + fixed H32,20370,2.49944806098938,2.976590633392334,0.07197856903076172,35985.22381704541,2303054.324290906,92.625086338323,85437972480.0,0.0003,129.74023866653442,153.787109375,0,0,exported_float_payload,False
operand_hybrid_fixed_h32,Operand hybrid + fixed H32,20380,2.494196653366089,2.9805116653442383,0.07018563151359558,35965.612031437915,2301799.1700120266,92.57460608163824,85479915520.0,0.0003,129.74023866653442,153.787109375,0,0,exported_float_payload,False
operand_hybrid_fixed_h32,Operand hybrid + fixed H32,20390,2.4962098598480225,2.9922401905059814,0.13483747839927673,35948.362352747616,2300695.1905758474,92.53020583040956,85521858560.0,0.0003,129.74023866653442,153.787109375,0,0,exported_float_payload,False
operand_hybrid_fixed_h32,Operand hybrid + fixed H32,20400,2.5133919715881348,3.075387954711914,0.10818624496459961,35978.51922285059,2302625.230262438,92.60782887677946,85563801600.0,0.0003,129.74023866653442,153.787109375,0,0,exported_float_payload,False
operand_hybrid_fixed_h32,Operand hybrid + fixed H32,20410,2.516610860824585,3.2863316535949707,0.17328019440174103,35969.75754486305,2302064.4828712353,92.58527653184504,85605744640.0,0.0003,129.74023866653442,153.787109375,0,0,exported_float_payload,False
operand_hybrid_fixed_h32,Operand hybrid + fixed H32,20420,2.501817464828491,2.904134750366211,0.12432337552309036,35974.80367688192,2302387.435320443,92.59826515229378,85647687680.0,0.0003,129.74023866653442,153.787109375,0,0,exported_float_payload,False
operand_hybrid_fixed_h32,Operand hybrid + fixed H32,20430,2.4963955879211426,3.189058303833008,0.09040148556232452,35980.75985235185,2302768.6305505186,92.6135962023368,85689630720.0,0.0003,129.74023866653442,153.787109375,0,0,exported_float_payload,False
operand_hybrid_fixed_h32,Operand hybrid + fixed H32,20440,2.4932265281677246,2.990799903869629,0.09856735914945602,35993.22003120954,2303566.0819974104,92.64566839809002,85731573760.0,0.0003,129.74023866653442,153.787109375,0,0,exported_float_payload,False
operand_hybrid_fixed_h32,Operand hybrid + fixed H32,20450,2.5123138427734375,2.883004665374756,0.12898842990398407,36006.92663341428,2304443.304538514,92.68094885706603,85773516800.0,0.0003,129.74023866653442,153.787109375,0,0,exported_float_payload,False
operand_hybrid_fixed_h32,Operand hybrid + fixed H32,20460,2.476078987121582,2.9473776817321777,0.11001719534397125,35979.52353652554,2302689.5063376348,92.61041395562533,85815459840.0,0.0003,129.74023866653442,153.787109375,0,0,exported_float_payload,False
operand_hybrid_fixed_h32,Operand hybrid + fixed H32,20470,2.5113351345062256,3.093797206878662,0.10801022499799728,35974.848511727534,2302390.304750562,92.59838055609025,85857402880.0,0.0003,129.74023866653442,153.787109375,0,0,exported_float_payload,False
operand_hybrid_fixed_h32,Operand hybrid + fixed H32,20480,2.499751567840576,3.1315882205963135,0.0874677449464798,35984.70024295149,2303020.8155488954,92.62373867140559,85899345920.0,0.0003,129.74023866653442,153.787109375,0,0,exported_float_payload,False
operand_hybrid_fixed_h32,Operand hybrid + fixed H32,20490,2.4727790355682373,3.243929862976074,0.12588109076023102,35991.70795297439,2303469.308990361,92.64177634568006,85941288960.0,0.0003,129.74023866653442,153.787109375,0,0,exported_float_payload,False
operand_hybrid_fixed_h32,Operand hybrid + fixed H32,20500,2.4996187686920166,2.90737247467041,0.16019609570503235,35994.33991863403,2303637.754792578,92.64855096094166,85983232000.0,0.0003,129.74023866653442,153.787109375,0,0,exported_float_payload,False
operand_hybrid_fixed_h32,Operand hybrid + fixed H32,20510,2.5276668071746826,3.132072925567627,0.10196692496538162,35980.54627051516,2302754.96131297,92.6130464479108,86025175040.0,0.0003,129.74023866653442,153.787109375,0,0,exported_float_payload,False
operand_hybrid_fixed_h32,Operand hybrid + fixed H32,20520,2.5050151348114014,2.9960758686065674,0.2688535749912262,35973.67373240291,2302315.118873786,92.59535670282968,86067118080.0,0.0003,129.74023866653442,153.787109375,0,0,exported_float_payload,False
operand_hybrid_fixed_h32,Operand hybrid + fixed H32,20530,2.4793319702148438,2.9658477306365967,0.10595040023326874,35984.949665712316,2303036.7786055882,92.62438067949407,86109061120.0,0.0003,129.74023866653442,153.787109375,0,0,exported_float_payload,False
operand_hybrid_fixed_h32,Operand hybrid + fixed H32,20540,2.506402015686035,3.288865804672241,0.07544803619384766,35987.37014848961,2303191.689503335,92.63061094298686,86151004160.0,0.0003,129.74023866653442,153.787109375,0,0,exported_float_payload,False
operand_hybrid_fixed_h32,Operand hybrid + fixed H32,20550,2.4937615394592285,2.968561887741089,0.11420540511608124,35993.84735576914,2303606.230769225,92.64728311616962,86192947200.0,0.0003,129.74023866653442,153.787109375,0,0,exported_float_payload,False
operand_hybrid_fixed_h32,Operand hybrid + fixed H32,20560,2.492459297180176,3.2475504875183105,0.10461120307445526,35976.098180422836,2302470.2835470615,92.60159717276007,86234890240.0,0.0003,129.74023866653442,153.787109375,0,0,exported_float_payload,False
operand_hybrid_fixed_h32,Operand hybrid + fixed H32,20570,2.5092573165893555,2.909708023071289,0.1381523311138153,35998.7636980625,2303920.876676,92.659937661038,86276833280.0,0.0003,129.74023866653442,153.787109375,0,0,exported_float_payload,False
operand_hybrid_fixed_h32,Operand hybrid + fixed H32,20580,2.50933837890625,2.8788654804229736,0.12632732093334198,35970.30770282367,2302099.692980715,92.58669262498542,86318776320.0,0.0003,129.74023866653442,153.787109375,0,0,exported_float_payload,False
operand_hybrid_fixed_h32,Operand hybrid + fixed H32,20590,2.468564987182617,2.9966111183166504,0.10844020545482635,35998.56027144144,2303907.8573722523,92.65941404588875,86360719360.0,0.0003,129.74023866653442,153.787109375,0,0,exported_float_payload,False
operand_hybrid_fixed_h32,Operand hybrid + fixed H32,20600,2.5017733573913574,2.992445707321167,0.1965489238500595,35949.25882389566,2300752.564729322,92.53251332522771,86402662400.0,0.0003,129.74023866653442,153.787109375,0,0,exported_float_payload,False
operand_hybrid_fixed_h32,Operand hybrid + fixed H32,20610,2.517157793045044,4.59526252746582,0.09858188033103943,35981.535721074186,2302818.286148748,92.61559326945964,86444605440.0,0.0003,129.74023866653442,153.787109375,0,0,exported_float_payload,False
operand_hybrid_fixed_h32,Operand hybrid + fixed H32,20620,2.5402634143829346,3.1838114261627197,0.389163613319397,35981.24583761055,2302799.733607075,92.61484711651131,86486548480.0,0.0003,129.74023866653442,153.787109375,0,0,exported_float_payload,False
operand_hybrid_fixed_h32,Operand hybrid + fixed H32,20630,2.482663154602051,3.094752788543701,0.11276769638061523,33199.74952295848,2124783.969469343,85.45534360461879,86528491520.0,0.0003,129.74023866653442,153.787109375,0,0,exported_float_payload,False
operand_hybrid_fixed_h32,Operand hybrid + fixed H32,20640,2.4679367542266846,2.9923202991485596,0.07076766341924667,35906.055354893,2297987.542713152,92.42130865225326,86570434560.0,0.0003,129.74023866653442,153.787109375,0,0,exported_float_payload,False
operand_hybrid_fixed_h32,Operand hybrid + fixed H32,20650,2.4667251110076904,2.9923644065856934,0.09107857942581177,35961.761394846915,2301552.7292702026,92.56469463719337,86612377600.0,0.0003,129.74023866653442,153.787109375,0,0,exported_float_payload,False
operand_hybrid_fixed_h32,Operand hybrid + fixed H32,20660,2.473574638366699,2.9155960083007812,0.13485439121723175,35971.742894374445,2302191.5452399645,92.59038677294954,86654320640.0,0.0003,129.74023866653442,153.787109375,0,0,exported_float_payload,False
operand_hybrid_fixed_h32,Operand hybrid + fixed H32,20670,2.506333827972412,2.9979329109191895,0.1667066514492035,36016.7247236402,2305070.382312973,92.70616890176385,86696263680.0,0.0003,129.74023866653442,153.787109375,0,0,exported_float_payload,False
operand_hybrid_fixed_h32,Operand hybrid + fixed H32,20680,2.5035860538482666,2.934964418411255,0.26574742794036865,35990.575790359646,2303396.8505830173,92.63886218678881,86738206720.0,0.0003,129.74023866653442,153.787109375,0,0,exported_float_payload,False
operand_hybrid_fixed_h32,Operand hybrid + fixed H32,20690,2.4926955699920654,2.941591262817383,0.07133309543132782,35988.97961346618,2303294.6952618356,92.63475366648836,86780149760.0,0.0003,129.74023866653442,153.787109375,0,0,exported_float_payload,False
operand_hybrid_fixed_h32,Operand hybrid + fixed H32,20700,2.514066457748413,4.149616241455078,0.1297265887260437,35972.14110622342,2302217.030798299,92.59141176051331,86822092800.0,0.0003,129.74023866653442,153.787109375,0,0,exported_float_payload,False
operand_hybrid_fixed_h32,Operand hybrid + fixed H32,20710,2.4851458072662354,2.908468723297119,0.11528264731168747,36000.63705661521,2304040.7716233735,92.6647596401528,86864035840.0,0.0003,129.74023866653442,153.787109375,0,0,exported_float_payload,False
operand_hybrid_fixed_h32,Operand hybrid + fixed H32,20720,2.5220947265625,3.470808982849121,0.1353919804096222,35982.71262483907,2302893.6079897005,92.61862259097752,86905978880.0,0.0003,129.74023866653442,153.787109375,0,0,exported_float_payload,False
operand_hybrid_fixed_h32,Operand hybrid + fixed H32,20730,2.5263664722442627,3.2420082092285156,0.13396623730659485,35972.86037727382,2302263.0641455245,92.59326314661232,86947921920.0,0.0003,129.74023866653442,153.787109375,0,0,exported_float_payload,False
operand_hybrid_fixed_h32,Operand hybrid + fixed H32,20740,2.493089437484741,2.963771343231201,0.10544691979885101,35991.11709500045,2303431.494080029,92.64025549170043,86989864960.0,0.0003,129.74023866653442,153.787109375,0,0,exported_float_payload,False
operand_hybrid_fixed_h32,Operand hybrid + fixed H32,20750,2.499448537826538,2.9353525638580322,0.08392367511987686,35948.65691943837,2300714.0428440557,92.53096403786999,87031808000.0,0.0003,129.74023866653442,153.787109375,0,0,exported_float_payload,False
operand_hybrid_fixed_h32,Operand hybrid + fixed H32,20760,2.4795806407928467,2.917494297027588,0.10930439084768295,36006.42038161644,2304410.904423452,92.67964577731522,87073751040.0,0.0003,129.74023866653442,153.787109375,0,0,exported_float_payload,False
operand_hybrid_fixed_h32,Operand hybrid + fixed H32,20770,2.4662959575653076,2.971273422241211,0.11802048236131668,35945.605666829695,2300518.7626771005,92.52311018825229,87115694080.0,0.0003,129.74023866653442,153.787109375,0,0,exported_float_payload,False
operand_hybrid_fixed_h32,Operand hybrid + fixed H32,20780,2.4968302249908447,3.032158374786377,0.09999614208936691,35974.739946781774,2302383.3565940335,92.59810111257407,87157637120.0,0.0003,129.74023866653442,153.787109375,0,0,exported_float_payload,False
operand_hybrid_fixed_h32,Operand hybrid + fixed H32,20790,2.5099494457244873,3.178467273712158,0.12776042520999908,35991.94572056379,2303484.5261160824,92.64238835364222,87199580160.0,0.0003,129.74023866653442,153.787109375,0,0,exported_float_payload,False
operand_hybrid_fixed_h32,Operand hybrid + fixed H32,20800,2.5057754516601562,2.9535980224609375,0.1241971030831337,36035.05430492428,2306243.4755151537,92.75334879586745,87241523200.0,0.0003,129.74023866653442,153.787109375,0,0,exported_float_payload,False
operand_hybrid_fixed_h32,Operand hybrid + fixed H32,20810,2.502915620803833,2.9297304153442383,0.10391516238451004,35918.23586157115,2298767.0951405535,92.4526609786538,87283466240.0,0.0003,129.74023866653442,153.787109375,0,0,exported_float_payload,False
operand_hybrid_fixed_h32,Operand hybrid + fixed H32,20820,2.5002634525299072,3.1055307388305664,0.13291355967521667,36023.00436401231,2305472.279296788,92.722332542557,87325409280.0,0.0003,129.74023866653442,153.787109375,0,0,exported_float_payload,False
operand_hybrid_fixed_h32,Operand hybrid + fixed H32,20830,2.4622557163238525,2.9795961380004883,0.12727315723896027,35974.15124210649,2302345.6794948154,92.59658580113255,87367352320.0,0.0003,129.74023866653442,153.787109375,0,0,exported_float_payload,False
operand_hybrid_fixed_h32,Operand hybrid + fixed H32,20840,2.529371738433838,3.3248724937438965,0.09194924682378769,35994.473797265506,2303646.3230249924,92.64889556126602,87409295360.0,0.0003,129.74023866653442,153.787109375,0,0,exported_float_payload,False
operand_hybrid_fixed_h32,Operand hybrid + fixed H32,20850,2.466148853302002,2.891127109527588,0.17168882489204407,36001.2169900689,2304077.8873644094,92.66625237468438,87451238400.0,0.0003,129.74023866653442,153.787109375,0,0,exported_float_payload,False
operand_hybrid_fixed_h32,Operand hybrid + fixed H32,20860,2.495344638824463,3.276989698410034,0.1162647232413292,35989.87722897847,2303352.142654622,92.63706410687207,87493181440.0,0.0003,129.74023866653442,153.787109375,0,0,exported_float_payload,False
operand_hybrid_fixed_h32,Operand hybrid + fixed H32,20870,2.522672176361084,3.349036693572998,0.09209132939577103,35990.01142138743,2303360.7309687957,92.63740951485202,87535124480.0,0.0003,129.74023866653442,153.787109375,0,0,exported_float_payload,False
operand_hybrid_fixed_h32,Operand hybrid + fixed H32,20880,2.508610486984253,3.2598414421081543,0.15140409767627716,35992.30959524197,2303507.814095486,92.64332495816784,87577067520.0,0.0003,129.74023866653442,153.787109375,0,0,exported_float_payload,False
operand_hybrid_fixed_h32,Operand hybrid + fixed H32,20890,2.5239949226379395,2.9429378509521484,0.16286852955818176,35971.93092376429,2302203.5791209145,92.59087075600205,87619010560.0,0.0003,129.74023866653442,153.787109375,0,0,exported_float_payload,False
operand_hybrid_fixed_h32,Operand hybrid + fixed H32,20900,2.523300886154175,3.9038238525390625,0.12696346640586853,35986.73900179116,2303151.2961146343,92.62898638681533,87660953600.0,0.0003,129.74023866653442,153.787109375,0,0,exported_float_payload,False
operand_hybrid_fixed_h32,Operand hybrid + fixed H32,20910,2.498548746109009,3.021413803100586,0.149945467710495,35978.110207184516,2302599.053259809,92.6067760804546,87702896640.0,0.0003,129.74023866653442,153.787109375,0,0,exported_float_payload,False
operand_hybrid_fixed_h32,Operand hybrid + fixed H32,20920,2.5310184955596924,3.673163652420044,1.0640361309051514,36001.64202069121,2304105.0893242373,92.66734639311505,87744839680.0,0.0003,129.74023866653442,153.787109375,0,0,exported_float_payload,False
operand_hybrid_fixed_h32,Operand hybrid + fixed H32,20930,2.522542953491211,3.242431640625,0.08821860700845718,35996.91746324683,2303802.717647797,92.65518549775919,87786782720.0,0.0003,129.74023866653442,153.787109375,0,0,exported_float_payload,False
operand_hybrid_fixed_h32,Operand hybrid + fixed H32,20940,2.5509798526763916,3.9873173236846924,0.1890316605567932,35949.4617001231,2300765.5488078785,92.53303552367721,87828725760.0,0.0003,129.74023866653442,153.787109375,0,0,exported_float_payload,False
operand_hybrid_fixed_h32,Operand hybrid + fixed H32,20950,2.522571086883545,3.406426429748535,0.10838743299245834,35982.28235111638,2302866.0704714484,92.61751507693464,87870668800.0,0.0003,129.74023866653442,153.787109375,0,0,exported_float_payload,False
operand_hybrid_fixed_h32,Operand hybrid + fixed H32,20960,2.4739763736724854,3.0245087146759033,0.10025254637002945,35982.31043651136,2302867.867936727,92.6175873680547,87912611840.0,0.0003,129.74023866653442,153.787109375,0,0,exported_float_payload,False
operand_hybrid_fixed_h32,Operand hybrid + fixed H32,20970,2.47180438041687,3.320188283920288,0.13721008598804474,35977.37710808447,2302552.134917406,92.60488910129388,87954554880.0,0.0003,129.74023866653442,153.787109375,0,0,exported_float_payload,False
operand_hybrid_fixed_h32,Operand hybrid + fixed H32,20980,2.477555513381958,2.931623935699463,0.12453704327344894,35991.56512346466,2303460.167901738,92.64140870601389,87996497920.0,0.0003,129.74023866653442,153.787109375,0,0,exported_float_payload,False
operand_hybrid_fixed_h32,Operand hybrid + fixed H32,20990,2.4904279708862305,2.9746692180633545,0.08979427814483643,35958.82548035055,2301364.830742435,92.55713766505697,88038440960.0,0.0003,129.74023866653442,153.787109375,0,0,exported_float_payload,False
operand_hybrid_fixed_h32,Operand hybrid + fixed H32,21000,2.4717214107513428,2.919013738632202,0.16187460720539093,35758.788164354046,2288562.442518659,92.04224650419428,88080384000.0,0.0003,129.74023866653442,153.787109375,0,0,exported_float_payload,False
operand_hybrid_fixed_h32,Operand hybrid + fixed H32,21010,2.489192247390747,3.064542531967163,0.07360944896936417,28369.458925896157,1815645.371257354,73.0222936987249,88122327040.0,0.0003,129.74023866653442,153.787109375,0,0,exported_float_payload,False
operand_hybrid_fixed_h32,Operand hybrid + fixed H32,21020,2.486631155014038,2.8693957328796387,0.1115441769361496,35968.4433283067,2301980.3730116286,92.58189377055895,88164270080.0,0.0003,129.74023866653442,153.787109375,0,0,exported_float_payload,False
operand_hybrid_fixed_h32,Operand hybrid + fixed H32,21030,2.460475206375122,2.9449713230133057,0.0808473527431488,35978.4505183925,2302620.83317712,92.60765203318401,88206213120.0,0.0003,129.74023866653442,153.787109375,0,0,exported_float_payload,False
operand_hybrid_fixed_h32,Operand hybrid + fixed H32,21040,2.50504207611084,2.926178455352783,0.14560967683792114,35976.821216705306,2302516.5578691396,92.60345825047435,88248156160.0,0.0003,129.74023866653442,153.787109375,0,0,exported_float_payload,False
operand_hybrid_fixed_h32,Operand hybrid + fixed H32,21050,2.4839894771575928,3.0133755207061768,0.1394476592540741,36001.99717097924,2304127.818942671,92.66826054127371,88290099200.0,0.0003,129.74023866653442,153.787109375,0,0,exported_float_payload,False
operand_hybrid_fixed_h32,Operand hybrid + fixed H32,21060,2.503380298614502,3.0359363555908203,0.10853919386863708,35989.67349230893,2303339.1035077716,92.63653969366565,88332042240.0,0.0003,129.74023866653442,153.787109375,0,0,exported_float_payload,False
operand_hybrid_fixed_h32,Operand hybrid + fixed H32,21070,2.483806848526001,3.069580554962158,0.10274232923984528,35979.75652194017,2302704.417404171,92.61101365438655,88373985280.0,0.0003,129.74023866653442,153.787109375,0,0,exported_float_payload,False
operand_hybrid_fixed_h32,Operand hybrid + fixed H32,21080,2.510576009750366,2.9064998626708984,0.11995185911655426,35990.40408484074,2303385.8614298073,92.63842022098099,88415928320.0,0.0003,129.74023866653442,153.787109375,0,0,exported_float_payload,False
operand_hybrid_fixed_h32,Operand hybrid + fixed H32,21090,2.497541904449463,2.9846620559692383,0.10129018127918243,35985.24618487518,2303055.7558320113,92.62514391256998,88457871360.0,0.0003,129.74023866653442,153.787109375,0,0,exported_float_payload,False
operand_hybrid_fixed_h32,Operand hybrid + fixed H32,21100,2.5024797916412354,2.981890916824341,0.08809483796358109,35969.135414374236,2302024.666519951,92.58367518317668,88499814400.0,0.0003,129.74023866653442,153.787109375,0,0,exported_float_payload,False
operand_hybrid_fixed_h32,Operand hybrid + fixed H32,21110,2.4996888637542725,3.120727062225342,0.16969922184944153,35951.41662924837,2300890.664271896,92.53806746345157,88541757440.0,0.0003,129.74023866653442,153.787109375,0,0,exported_float_payload,False
operand_hybrid_fixed_h32,Operand hybrid + fixed H32,21120,2.523446798324585,3.4093074798583984,0.0836998000741005,35972.18947244191,2302220.1262362823,92.59153625397725,88583700480.0,0.0003,129.74023866653442,153.787109375,0,0,exported_float_payload,False
operand_hybrid_fixed_h32,Operand hybrid + fixed H32,21130,2.489100217819214,2.9278998374938965,0.1595991849899292,36005.5807237485,2304357.166319904,92.67748451849111,88625643520.0,0.0003,129.74023866653442,153.787109375,0,0,exported_float_payload,False
operand_hybrid_fixed_h32,Operand hybrid + fixed H32,21140,2.5202443599700928,3.0054125785827637,0.14840909838676453,35987.10835959559,2303174.935014118,92.62993710477389,88667586560.0,0.0003,129.74023866653442,153.787109375,0,0,exported_float_payload,False
operand_hybrid_fixed_h32,Operand hybrid + fixed H32,21150,2.5045368671417236,3.4121901988983154,0.07603753358125687,35970.2876289372,2302098.408251981,92.5866409552924,88709529600.0,0.0003,129.74023866653442,153.787109375,0,0,exported_float_payload,False
operand_hybrid_fixed_h32,Operand hybrid + fixed H32,21160,2.4799020290374756,3.039598226547241,0.1790715903043747,35990.98590406138,2303423.0978599284,92.63991780943061,88751472640.0,0.0003,129.74023866653442,153.787109375,0,0,exported_float_payload,False
operand_hybrid_fixed_h32,Operand hybrid + fixed H32,21170,2.4972500801086426,3.4919626712799072,0.0822514146566391,35928.00033134489,2299392.021206073,92.47779448512965,88793415680.0,0.0003,129.74023866653442,153.787109375,0,0,exported_float_payload,False
operand_hybrid_fixed_h32,Operand hybrid + fixed H32,21180,2.4885432720184326,3.032604217529297,0.1014193519949913,35982.292238818976,2302866.7032844145,92.61754052763939,88835358720.0,0.0003,129.74023866653442,153.787109375,0,0,exported_float_payload,False
operand_hybrid_fixed_h32,Operand hybrid + fixed H32,21190,2.5519347190856934,4.636348247528076,0.14539799094200134,35977.387962462475,2302552.8295975984,92.6049170401975,88877301760.0,0.0003,129.74023866653442,153.787109375,0,0,exported_float_payload,False
operand_hybrid_fixed_h32,Operand hybrid + fixed H32,21200,2.4767987728118896,3.0545907020568848,0.11809082329273224,35994.62197362306,2303655.806311876,92.64927696358775,88919244800.0,0.0003,129.74023866653442,153.787109375,0,0,exported_float_payload,False
operand_hybrid_fixed_h32,Operand hybrid + fixed H32,21210,2.476717233657837,3.1321654319763184,0.11950486153364182,35981.740227592316,2302831.374565908,92.61611966423754,88961187840.0,0.0003,129.74023866653442,153.787109375,0,0,exported_float_payload,False
operand_hybrid_fixed_h32,Operand hybrid + fixed H32,21220,2.5082314014434814,3.117515802383423,0.09678083658218384,35943.58668864267,2300389.5480731307,92.51791338775887,89003130880.0,0.0003,129.74023866653442,153.787109375,0,0,exported_float_payload,False
operand_hybrid_fixed_h32,Operand hybrid + fixed H32,21230,2.4817733764648438,3.0050435066223145,0.10632012039422989,35993.48757489314,2303583.204793161,92.64635704899071,89045073920.0,0.0003,129.74023866653442,153.787109375,0,0,exported_float_payload,False
operand_hybrid_fixed_h32,Operand hybrid + fixed H32,21240,2.4922263622283936,2.985276460647583,0.10234793275594711,35998.33159936809,2303893.2223595576,92.65882544956251,89087016960.0,0.0003,129.74023866653442,153.787109375,0,0,exported_float_payload,False
operand_hybrid_fixed_h32,Operand hybrid + fixed H32,21250,2.497413158416748,3.7600958347320557,0.10604265332221985,35978.798430652474,2302643.0995617583,92.60854755083544,89128960000.0,0.0003,129.74023866653442,153.787109375,0,0,exported_float_payload,False
operand_hybrid_fixed_h32,Operand hybrid + fixed H32,21260,2.475299835205078,2.9693174362182617,0.09573221951723099,35967.719266453954,2301934.033053053,92.58003005305184,89170903040.0,0.0003,129.74023866653442,153.787109375,0,0,exported_float_payload,False
operand_hybrid_fixed_h32,Operand hybrid + fixed H32,21270,2.496896266937256,2.9315176010131836,0.11792567372322083,35986.84321305439,2303157.965635481,92.62925462405912,89212846080.0,0.0003,129.74023866653442,153.787109375,0,0,exported_float_payload,False
operand_hybrid_fixed_h32,Operand hybrid + fixed H32,21280,2.497009515762329,2.910923719406128,0.1163974329829216,35934.558552916,2299811.747386624,92.49467518711829,89254789120.0,0.0003,129.74023866653442,153.787109375,0,0,exported_float_payload,False
operand_hybrid_fixed_h32,Operand hybrid + fixed H32,21290,2.49202299118042,2.961881160736084,0.11795157939195633,35984.333619318066,2302997.351636356,92.62279499113637,89296732160.0,0.0003,129.74023866653442,153.787109375,0,0,exported_float_payload,False
operand_hybrid_fixed_h32,Operand hybrid + fixed H32,21300,2.4919538497924805,2.985621690750122,0.11734356731176376,35984.14991145996,2302985.5943334373,92.6223221316009,89338675200.0,0.0003,129.74023866653442,153.787109375,0,0,exported_float_payload,False
operand_hybrid_fixed_h32,Operand hybrid + fixed H32,21310,2.5186643600463867,3.0099451541900635,0.09331794083118439,35975.63485838087,2302440.630936376,92.60040459315134,89380618240.0,0.0003,129.74023866653442,153.787109375,0,0,exported_float_payload,False
operand_hybrid_fixed_h32,Operand hybrid + fixed H32,21320,2.4957003593444824,3.024393081665039,0.12288086116313934,35960.813141535706,2301492.041058285,92.56225385635322,89422561280.0,0.0003,129.74023866653442,153.787109375,0,0,exported_float_payload,False
operand_hybrid_fixed_h32,Operand hybrid + fixed H32,21330,2.4873461723327637,2.9015250205993652,0.09282781928777695,35963.82265526206,2301684.649936772,92.57000027110827,89464504320.0,0.0003,129.74023866653442,153.787109375,0,0,exported_float_payload,False
operand_hybrid_fixed_h32,Operand hybrid + fixed H32,21340,2.5008676052093506,3.8188037872314453,0.10466881841421127,35997.66955095998,2303850.851261439,92.65712135314581,89506447360.0,0.0003,129.74023866653442,153.787109375,0,0,exported_float_payload,False
operand_hybrid_fixed_h32,Operand hybrid + fixed H32,21350,2.478377342224121,2.920576572418213,0.08106619864702225,35984.93661234935,2303035.9431903586,92.62434708045693,89548390400.0,0.0003,129.74023866653442,153.787109375,0,0,exported_float_payload,False
operand_hybrid_fixed_h32,Operand hybrid + fixed H32,21360,2.5313189029693604,4.933312892913818,0.09772340953350067,35969.86561456182,2302071.3993319566,92.58555470060759,89590333440.0,0.0003,129.74023866653442,153.787109375,0,0,exported_float_payload,False
operand_hybrid_fixed_h32,Operand hybrid + fixed H32,21370,2.4754831790924072,2.9426043033599854,0.13682600855827332,35950.12604552754,2300808.0669137626,92.53474553250632,89632276480.0,0.0003,129.74023866653442,153.787109375,0,0,exported_float_payload,False
operand_hybrid_fixed_h32,Operand hybrid + fixed H32,21380,2.5249545574188232,3.063709020614624,0.07094903290271759,35988.36209837584,2303255.1742960536,92.63316419774281,89674219520.0,0.0003,129.74023866653442,153.787109375,0,0,exported_float_payload,False
operand_hybrid_fixed_h32,Operand hybrid + fixed H32,21390,2.514516592025757,3.054095983505249,0.09760620445013046,35965.706407221995,2301805.2100622077,92.57484900259917,89716162560.0,0.0003,129.74023866653442,153.787109375,0,0,exported_float_payload,False
operand_hybrid_fixed_h32,Operand hybrid + fixed H32,21400,2.5175812244415283,2.975329637527466,0.1837904006242752,35975.28953895859,2302418.53049335,92.59951574940077,89758105600.0,0.0003,129.74023866653442,153.787109375,0,0,exported_float_payload,False
operand_hybrid_fixed_h32,Operand hybrid + fixed H32,21410,2.498800754547119,3.022096633911133,0.1397371143102646,35977.473506447575,2302558.304412645,92.60513722832377,89800048640.0,0.0003,129.74023866653442,153.787109375,0,0,exported_float_payload,False
operand_hybrid_fixed_h32,Operand hybrid + fixed H32,21420,2.498105764389038,2.9848532676696777,0.07670541852712631,35956.723204419024,2301230.2850828175,92.55172645820566,89841991680.0,0.0003,129.74023866653442,153.787109375,0,0,exported_float_payload,False
operand_hybrid_fixed_h32,Operand hybrid + fixed H32,21430,2.538456439971924,3.1239521503448486,0.07174649834632874,35971.24029124486,2302159.378639671,92.58909308478162,89883934720.0,0.0003,129.74023866653442,153.787109375,0,0,exported_float_payload,False
operand_hybrid_fixed_h32,Operand hybrid + fixed H32,21440,2.488323926925659,2.9733595848083496,0.14232462644577026,35978.35498488321,2302614.7190325256,92.60740613226672,89925877760.0,0.0003,129.74023866653442,153.787109375,0,0,exported_float_payload,False
operand_hybrid_fixed_h32,Operand hybrid + fixed H32,21450,2.4928317070007324,3.337782382965088,0.08309181034564972,35971.49345422937,2302175.5810706797,92.58974472011444,89967820800.0,0.0003,129.74023866653442,153.787109375,0,0,exported_float_payload,False
operand_hybrid_fixed_h32,Operand hybrid + fixed H32,21460,2.5211262702941895,3.5818583965301514,0.10166717320680618,35979.61862368873,2302695.5919160787,92.61065870765869,90009763840.0,0.0003,129.74023866653442,153.787109375,0,0,exported_float_payload,False
operand_hybrid_fixed_h32,Operand hybrid + fixed H32,21470,2.500746250152588,3.4468836784362793,0.07178521901369095,35966.49488743871,2301855.6727960776,92.57687853140024,90051706880.0,0.0003,129.74023866653442,153.787109375,0,0,exported_float_payload,False
operand_hybrid_fixed_h32,Operand hybrid + fixed H32,21480,2.516857385635376,3.092364549636841,0.11974087357521057,35983.67101016824,2302954.9446507674,92.6210894513842,90093649920.0,0.0003,129.74023866653442,153.787109375,0,0,exported_float_payload,False
operand_hybrid_fixed_h32,Operand hybrid + fixed H32,21490,2.539458990097046,3.072690010070801,0.08423879742622375,35985.75638780938,2303088.4088198002,92.62645716244917,90135592960.0,0.0003,129.74023866653442,153.787109375,0,0,exported_float_payload,False
operand_hybrid_fixed_h32,Operand hybrid + fixed H32,21500,2.495870351791382,3.014504909515381,0.12283597886562347,35982.485993072514,2302879.103556641,92.61803924635109,90177536000.0,0.0003,129.74023866653442,153.787109375,0,0,exported_float_payload,False
operand_hybrid_fixed_h32,Operand hybrid + fixed H32,21510,2.4776153564453125,2.944283962249756,0.1294911652803421,35985.46867590709,2303069.9952580538,92.62571659904665,90219479040.0,0.0003,129.74023866653442,153.787109375,0,0,exported_float_payload,False
operand_hybrid_fixed_h32,Operand hybrid + fixed H32,21520,2.519434928894043,2.944924831390381,0.09674649685621262,35973.70984279324,2302317.4299387676,92.59544965009158,90261422080.0,0.0003,129.74023866653442,153.787109375,0,0,exported_float_payload,False
operand_hybrid_fixed_h32,Operand hybrid + fixed H32,21530,2.4977715015411377,2.9594321250915527,0.1919509470462799,35977.634764753166,2302568.6249442026,92.60555230325991,90303365120.0,0.0003,129.74023866653442,153.787109375,0,0,exported_float_payload,False
operand_hybrid_fixed_h32,Operand hybrid + fixed H32,21540,2.5105974674224854,3.0291929244995117,0.10054033249616623,35969.37052582265,2302039.7136526494,92.58428035429688,90345308160.0,0.0003,129.74023866653442,153.787109375,0,0,exported_float_payload,False
operand_hybrid_fixed_h32,Operand hybrid + fixed H32,21550,2.511814594268799,3.1872940063476562,0.06675449013710022,35993.46967242982,2303582.0590355084,92.64631096848781,90387251200.0,0.0003,129.74023866653442,153.787109375,0,0,exported_float_payload,False
operand_hybrid_fixed_h32,Operand hybrid + fixed H32,21560,2.4972081184387207,2.8845553398132324,0.12900003790855408,35953.9302243817,2301051.534360429,92.54453739587237,90429194240.0,0.0003,129.74023866653442,153.787109375,0,0,exported_float_payload,False
operand_hybrid_fixed_h32,Operand hybrid + fixed H32,21570,2.4999465942382812,2.9938902854919434,0.10945863276720047,35992.239795217254,2303503.3468939043,92.6431452946107,90471137280.0,0.0003,129.74023866653442,153.787109375,0,0,exported_float_payload,False
operand_hybrid_fixed_h32,Operand hybrid + fixed H32,21580,2.486525058746338,2.9448137283325195,0.08958954364061356,35959.466818964436,2301405.876413724,92.55878845496967,90513080320.0,0.0003,129.74023866653442,153.787109375,0,0,exported_float_payload,False
operand_hybrid_fixed_h32,Operand hybrid + fixed H32,21590,2.492152690887451,2.9675636291503906,0.1539836823940277,35973.66716705237,2302314.698691352,92.5953398037779,90555023360.0,0.0003,129.74023866653442,153.787109375,0,0,exported_float_payload,False
operand_hybrid_fixed_h32,Operand hybrid + fixed H32,21600,2.4869329929351807,2.9620487689971924,0.08132319897413254,35974.429234512136,2302363.4710087767,92.59730134678831,90596966400.0,0.0003,129.74023866653442,153.787109375,0,0,exported_float_payload,False
operand_hybrid_fixed_h32,Operand hybrid + fixed H32,21610,2.505474805831909,4.990662574768066,0.09043800830841064,35992.16518328411,2303498.571730183,92.64295324531889,90638909440.0,0.0003,129.74023866653442,153.787109375,0,0,exported_float_payload,False
operand_hybrid_fixed_h32,Operand hybrid + fixed H32,21620,2.45965838432312,2.9488141536712646,0.1386694759130478,35996.52902631027,2303777.8576838574,92.654185670581,90680852480.0,0.0003,129.74023866653442,153.787109375,0,0,exported_float_payload,False
operand_hybrid_fixed_h32,Operand hybrid + fixed H32,21630,2.4965882301330566,2.965402841567993,0.09160604327917099,35976.12472128157,2302471.9821620206,92.60166548828158,90722795520.0,0.0003,129.74023866653442,153.787109375,0,0,exported_float_payload,False
operand_hybrid_fixed_h32,Operand hybrid + fixed H32,21640,2.5050721168518066,4.580714225769043,0.12551265954971313,35938.83163178088,2300085.224433976,92.50567398764824,90764738560.0,0.0003,129.74023866653442,153.787109375,0,0,exported_float_payload,False
operand_hybrid_fixed_h32,Operand hybrid + fixed H32,21650,2.4979825019836426,2.9207351207733154,0.1061406210064888,35958.97759702297,2301374.56620947,92.55752920965283,90806681600.0,0.0003,129.74023866653442,153.787109375,0,0,exported_float_payload,False
operand_hybrid_fixed_h32,Operand hybrid + fixed H32,21660,2.508005142211914,3.0239529609680176,0.1369744837284088,35985.53127638879,2303074.0016888827,92.62587773115611,90848624640.0,0.0003,129.74023866653442,153.787109375,0,0,exported_float_payload,False
operand_hybrid_fixed_h32,Operand hybrid + fixed H32,21670,2.5092525482177734,3.536351442337036,0.12170165777206421,35987.24730449149,2303183.827487455,92.63029474553899,90890567680.0,0.0003,129.74023866653442,153.787109375,0,0,exported_float_payload,False
operand_hybrid_fixed_h32,Operand hybrid + fixed H32,21680,2.487948417663574,3.009389877319336,0.11285131424665451,35990.84062466867,2303413.799978795,92.63954386382557,90932510720.0,0.0003,129.74023866653442,153.787109375,0,0,exported_float_payload,False
operand_hybrid_fixed_h32,Operand hybrid + fixed H32,21690,2.4943182468414307,2.9320387840270996,0.30148619413375854,35976.72787515239,2302510.584009753,92.60321799159917,90974453760.0,0.0003,129.74023866653442,153.787109375,0,0,exported_float_payload,False
operand_hybrid_fixed_h32,Operand hybrid + fixed H32,21700,2.4819703102111816,2.9102859497070312,0.06740030646324158,35987.00287784284,2303168.1841819417,92.62966559732111,91016396800.0,0.0003,129.74023866653442,153.787109375,0,0,exported_float_payload,False
operand_hybrid_fixed_h32,Operand hybrid + fixed H32,21710,2.4653725624084473,3.106966257095337,0.09295983612537384,35972.70116712278,2302252.874695858,92.59285334357591,91058339840.0,0.0003,129.74023866653442,153.787109375,0,0,exported_float_payload,False
operand_hybrid_fixed_h32,Operand hybrid + fixed H32,21720,2.4936532974243164,3.3248939514160156,0.08124890178442001,35974.97333003979,2302398.2931225467,92.59870183537446,91100282880.0,0.0003,129.74023866653442,153.787109375,0,0,exported_float_payload,False
operand_hybrid_fixed_h32,Operand hybrid + fixed H32,21730,2.524221897125244,3.262692451477051,0.16091617941856384,35982.20409512821,2302861.0620882055,92.6173136479343,91142225920.0,0.0003,129.74023866653442,153.787109375,0,0,exported_float_payload,False
operand_hybrid_fixed_h32,Operand hybrid + fixed H32,21740,2.4576544761657715,3.115959644317627,0.09788988530635834,35963.17525589789,2301643.216377465,92.56833388097252,91184168960.0,0.0003,129.74023866653442,153.787109375,0,0,exported_float_payload,False
operand_hybrid_fixed_h32,Operand hybrid + fixed H32,21750,2.5092601776123047,2.998823642730713,0.16168898344039917,35980.774462801346,2302769.565619286,92.6136338092766,91226112000.0,0.0003,129.74023866653442,153.787109375,0,0,exported_float_payload,False
operand_hybrid_fixed_h32,Operand hybrid + fixed H32,21760,2.474186420440674,2.9438934326171875,0.0750369131565094,35986.57438511231,2303140.760647188,92.62856266750852,91268055040.0,0.0003,129.74023866653442,153.787109375,0,0,exported_float_payload,False
operand_hybrid_fixed_h32,Operand hybrid + fixed H32,21770,2.4995973110198975,2.908316135406494,0.2006365805864334,36003.79077076918,2304242.6093292274,92.6728772232831,91309998080.0,0.0003,129.74023866653442,153.787109375,0,0,exported_float_payload,False
operand_hybrid_fixed_h32,Operand hybrid + fixed H32,21780,2.4965875148773193,2.925996780395508,0.10214182734489441,36001.28700173549,2304082.368111071,92.66643258300252,91351941120.0,0.0003,129.74023866653442,153.787109375,0,0,exported_float_payload,False
operand_hybrid_fixed_h32,Operand hybrid + fixed H32,21790,2.5350492000579834,3.5716748237609863,0.12940673530101776,35981.992197118496,2302847.5006155837,92.61676822763778,91393884160.0,0.0003,129.74023866653442,153.787109375,0,0,exported_float_payload,False
operand_hybrid_fixed_h32,Operand hybrid + fixed H32,21800,2.490034818649292,3.0500054359436035,0.11767669767141342,35968.24133351576,2301967.4453450087,92.58137384090544,91435827200.0,0.0003,129.74023866653442,153.787109375,0,0,exported_float_payload,False
operand_hybrid_fixed_h32,Operand hybrid + fixed H32,21810,2.502045154571533,3.4034171104431152,0.15244989097118378,35973.48660338091,2302303.142616378,92.59487503730197,91477770240.0,0.0003,129.74023866653442,153.787109375,0,0,exported_float_payload,False
operand_hybrid_fixed_h32,Operand hybrid + fixed H32,21820,2.491434097290039,3.121781349182129,0.10893198102712631,35987.48226076117,2303198.864688715,92.63089951723293,91519713280.0,0.0003,129.74023866653442,153.787109375,0,0,exported_float_payload,False
operand_hybrid_fixed_h32,Operand hybrid + fixed H32,21830,2.4698359966278076,3.0077412128448486,0.1192532330751419,35994.44458081981,2303644.4531724676,92.64882035884906,91561656320.0,0.0003,129.74023866653442,153.787109375,0,0,exported_float_payload,False
operand_hybrid_fixed_h32,Operand hybrid + fixed H32,21840,2.4612233638763428,2.936232089996338,0.1013907939195633,35936.156374167935,2299914.007946748,92.49878793995724,91603599360.0,0.0003,129.74023866653442,153.787109375,0,0,exported_float_payload,False
operand_hybrid_fixed_h32,Operand hybrid + fixed H32,21850,2.4539527893066406,3.0599184036254883,0.07945264875888824,36003.20777947351,2304205.2978863046,92.67137661794102,91645542400.0,0.0003,129.74023866653442,153.787109375,0,0,exported_float_payload,False
operand_hybrid_fixed_h32,Operand hybrid + fixed H32,21860,2.4728808403015137,3.2623329162597656,0.1962287724018097,35982.453167738415,2302877.0027352585,92.61795475474364,91687485440.0,0.0003,129.74023866653442,153.787109375,0,0,exported_float_payload,False
operand_hybrid_fixed_h32,Operand hybrid + fixed H32,21870,2.4975075721740723,3.2038307189941406,0.15546387434005737,35969.71187142084,2302061.559770934,92.5851589695214,91729428480.0,0.0003,129.74023866653442,153.787109375,0,0,exported_float_payload,False
operand_hybrid_fixed_h32,Operand hybrid + fixed H32,21880,2.5162127017974854,3.062103748321533,0.07151159644126892,35967.741649296484,2301935.465554975,92.5800876659413,91771371520.0,0.0003,129.74023866653442,153.787109375,0,0,exported_float_payload,False
operand_hybrid_fixed_h32,Operand hybrid + fixed H32,21890,2.5135324001312256,2.9465675354003906,0.09869847446680069,35993.22634135168,2303566.4858465074,92.64568464024163,91813314560.0,0.0003,129.74023866653442,153.787109375,0,0,exported_float_payload,False
operand_hybrid_fixed_h32,Operand hybrid + fixed H32,21900,2.4887845516204834,2.967568874359131,0.09928575158119202,35954.55324813617,2301091.407880715,92.5461410437847,91855257600.0,0.0003,129.74023866653442,153.787109375,0,0,exported_float_payload,False
operand_hybrid_fixed_h32,Operand hybrid + fixed H32,21910,2.4908413887023926,3.049701452255249,0.12886866927146912,35996.41585688548,2303770.6148406705,92.65389437524834,91897200640.0,0.0003,129.74023866653442,153.787109375,0,0,exported_float_payload,False
operand_hybrid_fixed_h32,Operand hybrid + fixed H32,21920,2.4960978031158447,3.044107437133789,0.09177065640687943,33735.89344560248,2159097.1805185587,86.83536495385782,91939143680.0,0.0003,129.74023866653442,153.787109375,0,0,exported_float_payload,False
operand_hybrid_fixed_h32,Operand hybrid + fixed H32,21930,2.490177869796753,2.861187696456909,0.09662844240665436,35955.92388766503,2301179.1288105617,92.54966903642257,91981086720.0,0.0003,129.74023866653442,153.787109375,0,0,exported_float_payload,False
operand_hybrid_fixed_h32,Operand hybrid + fixed H32,21940,2.5059409141540527,3.175449848175049,0.06866072863340378,35974.85366503838,2302390.6345624565,92.5983938205864,92023029760.0,0.0003,129.74023866653442,153.787109375,0,0,exported_float_payload,False
operand_hybrid_fixed_h32,Operand hybrid + fixed H32,21950,2.4741384983062744,3.078683853149414,0.08617813140153885,35983.39713273835,2302937.4164952543,92.62038449757542,92064972800.0,0.0003,129.74023866653442,153.787109375,0,0,exported_float_payload,False
operand_hybrid_fixed_h32,Operand hybrid + fixed H32,21960,2.495479106903076,3.068943738937378,0.2102379947900772,35980.83224240218,2302773.2635137397,92.61378253255656,92106915840.0,0.0003,129.74023866653442,153.787109375,0,0,exported_float_payload,False
operand_hybrid_fixed_h32,Operand hybrid + fixed H32,21970,2.5051960945129395,3.108438730239868,0.09877907484769821,35980.08305281948,2302725.3153804466,92.61185413688686,92148858880.0,0.0003,129.74023866653442,153.787109375,0,0,exported_float_payload,False
operand_hybrid_fixed_h32,Operand hybrid + fixed H32,21980,2.4891068935394287,3.2960469722747803,0.09439574927091599,35994.67205921825,2303659.011789968,92.64940588268527,92190801920.0,0.0003,129.74023866653442,153.787109375,0,0,exported_float_payload,False
operand_hybrid_fixed_h32,Operand hybrid + fixed H32,21990,2.4975099563598633,2.948387622833252,0.1304890364408493,35967.28317610722,2301906.1232708623,92.5789075671609,92232744960.0,0.0003,129.74023866653442,153.787109375,0,0,exported_float_payload,False
operand_hybrid_fixed_h32,Operand hybrid + fixed H32,22000,2.517232656478882,3.005181312561035,0.08585949242115021,36019.88406797362,2305272.5803503115,92.7143009768384,92274688000.0,0.0003,129.74023866653442,153.787109375,0,0,exported_float_payload,False
operand_hybrid_fixed_h32,Operand hybrid + fixed H32,22010,2.509678363800049,3.0962486267089844,0.10932282358407974,28561.250457159367,1827920.0292581995,73.51596041127702,92316631040.0,0.0003,129.74023866653442,153.787109375,0,0,exported_float_payload,False
operand_hybrid_fixed_h32,Operand hybrid + fixed H32,22020,2.5369300842285156,3.2354912757873535,0.09557544440031052,35986.97596297457,2303166.4616303723,92.6295963191082,92358574080.0,0.0003,129.74023866653442,153.787109375,0,0,exported_float_payload,False
operand_hybrid_fixed_h32,Operand hybrid + fixed H32,22030,2.4935786724090576,3.290766716003418,0.1125694289803505,35975.150906166426,2302409.6579946512,92.59915891198303,92400517120.0,0.0003,129.74023866653442,153.787109375,0,0,exported_float_payload,False
operand_hybrid_fixed_h32,Operand hybrid + fixed H32,22040,2.461013078689575,2.89724063873291,0.11312330514192581,35974.30945542804,2302355.8051473945,92.5969930383542,92442460160.0,0.0003,129.74023866653442,153.787109375,0,0,exported_float_payload,False
operand_hybrid_fixed_h32,Operand hybrid + fixed H32,22050,2.5193722248077393,2.9638240337371826,0.08277551829814911,36015.88420999916,2305016.589439946,92.70400544020067,92484403200.0,0.0003,129.74023866653442,153.787109375,0,0,exported_float_payload,False
operand_hybrid_fixed_h32,Operand hybrid + fixed H32,22060,2.4814846515655518,3.0693202018737793,0.0964069813489914,35982.43852832662,2302876.0658129035,92.61791707325557,92526346240.0,0.0003,129.74023866653442,153.787109375,0,0,exported_float_payload,False
operand_hybrid_fixed_h32,Operand hybrid + fixed H32,22070,2.499354600906372,3.050166130065918,0.08703629672527313,35986.29776924863,2303123.0572319124,92.62785066503811,92568289280.0,0.0003,129.74023866653442,153.787109375,0,0,exported_float_payload,False
operand_hybrid_fixed_h32,Operand hybrid + fixed H32,22080,2.514779806137085,3.0423293113708496,0.20906096696853638,36000.00626405353,2304000.400899426,92.66313599552065,92610232320.0,0.0003,129.74023866653442,153.787109375,0,0,exported_float_payload,False
operand_hybrid_fixed_h32,Operand hybrid + fixed H32,22090,2.4791274070739746,2.9590351581573486,0.11646612733602524,35971.755108851314,2302192.326966484,92.59041821271438,92652175360.0,0.0003,129.74023866653442,153.787109375,0,0,exported_float_payload,False
operand_hybrid_fixed_h32,Operand hybrid + fixed H32,22100,2.510869264602661,2.96450138092041,0.08975186198949814,35973.010651455676,2302272.6816931632,92.5936499486825,92694118400.0,0.0003,129.74023866653442,153.787109375,0,0,exported_float_payload,False
operand_hybrid_fixed_h32,Operand hybrid + fixed H32,22110,2.4622607231140137,3.1258885860443115,0.07736960798501968,35965.59659415748,2301798.182026079,92.57456634645582,92736061440.0,0.0003,129.74023866653442,153.787109375,0,0,exported_float_payload,False
operand_hybrid_fixed_h32,Operand hybrid + fixed H32,22120,2.471682071685791,2.9202585220336914,0.12465664744377136,35986.49720545951,2303135.821149409,92.6283640089691,92778004480.0,0.0003,129.74023866653442,153.787109375,0,0,exported_float_payload,False
operand_hybrid_fixed_h32,Operand hybrid + fixed H32,22130,2.518221616744995,3.007554531097412,0.08823460340499878,36002.00149030824,2304128.0953797274,92.66827165912098,92819947520.0,0.0003,129.74023866653442,153.787109375,0,0,exported_float_payload,False
operand_hybrid_fixed_h32,Operand hybrid + fixed H32,22140,2.487090587615967,3.0707030296325684,0.1116425022482872,35986.359850881,2303127.030456384,92.62801046164206,92861890560.0,0.0003,129.74023866653442,153.787109375,0,0,exported_float_payload,False
operand_hybrid_fixed_h32,Operand hybrid + fixed H32,22150,2.4829750061035156,2.9756855964660645,0.16895586252212524,35979.94228309156,2302716.3061178597,92.61149179904874,92903833600.0,0.0003,129.74023866653442,153.787109375,0,0,exported_float_payload,False
operand_hybrid_fixed_h32,Operand hybrid + fixed H32,22160,2.504152536392212,3.2041640281677246,0.10569234937429428,35994.52154232584,2303649.378708854,92.64901845588405,92945776640.0,0.0003,129.74023866653442,153.787109375,0,0,exported_float_payload,False
operand_hybrid_fixed_h32,Operand hybrid + fixed H32,22170,2.472080707550049,3.0367941856384277,0.08296748995780945,35960.122385475566,2301447.8326704362,92.56047586714203,92987719680.0,0.0003,129.74023866653442,153.787109375,0,0,exported_float_payload,False
operand_hybrid_fixed_h32,Operand hybrid + fixed H32,22180,2.50178861618042,4.321421146392822,0.12800537049770355,36001.52153631001,2304097.3783238404,92.66703626926343,93029662720.0,0.0003,129.74023866653442,153.787109375,0,0,exported_float_payload,False
operand_hybrid_fixed_h32,Operand hybrid + fixed H32,22190,2.531038999557495,3.1724634170532227,0.09281707555055618,35990.224514612935,2303374.368935228,92.63795801160477,93071605760.0,0.0003,129.74023866653442,153.787109375,0,0,exported_float_payload,False
operand_hybrid_fixed_h32,Operand hybrid + fixed H32,22200,2.5285260677337646,3.114780902862549,0.10376070439815521,36008.79094953368,2304562.6207701555,92.68574756117856,93113548800.0,0.0003,129.74023866653442,153.787109375,0,0,exported_float_payload,False
operand_hybrid_fixed_h32,Operand hybrid + fixed H32,22210,2.506962776184082,3.3223066329956055,0.1289622187614441,35982.721641557386,2302894.1850596727,92.61864579979002,93155491840.0,0.0003,129.74023866653442,153.787109375,0,0,exported_float_payload,False
operand_hybrid_fixed_h32,Operand hybrid + fixed H32,22220,2.4903645515441895,3.0099196434020996,0.1272278130054474,36021.412985712166,2305370.4310855786,92.71823637371844,93197434880.0,0.0003,129.74023866653442,153.787109375,0,0,exported_float_payload,False
operand_hybrid_fixed_h32,Operand hybrid + fixed H32,22230,2.4911859035491943,3.339174509048462,0.07429435849189758,35996.077409801335,2303748.9542272855,92.65302322072812,93239377920.0,0.0003,129.74023866653442,153.787109375,0,0,exported_float_payload,False
operand_hybrid_fixed_h32,Operand hybrid + fixed H32,22240,2.480884552001953,2.9970011711120605,0.09416140615940094,35936.149972073166,2299913.5982126826,92.4987714611218,93281320960.0,0.0003,129.74023866653442,153.787109375,0,0,exported_float_payload,False
operand_hybrid_fixed_h32,Operand hybrid + fixed H32,22250,2.5182039737701416,2.9973959922790527,0.2409891039133072,35993.53266160053,2303586.090342434,92.64647310107327,93323264000.0,0.0003,129.74023866653442,153.787109375,0,0,exported_float_payload,False
operand_hybrid_fixed_h32,Operand hybrid + fixed H32,22260,2.5027995109558105,3.035895347595215,0.12854565680027008,35978.17073563006,2302602.927080324,92.60693187919362,93365207040.0,0.0003,129.74023866653442,153.787109375,0,0,exported_float_payload,False
operand_hybrid_fixed_h32,Operand hybrid + fixed H32,22270,2.5188891887664795,2.9897663593292236,0.0769231915473938,36010.08924453688,2304645.7116503604,92.68908934077608,93407150080.0,0.0003,129.74023866653442,153.787109375,0,0,exported_float_payload,False
operand_hybrid_fixed_h32,Operand hybrid + fixed H32,22280,2.50250506401062,2.9387147426605225,0.13001325726509094,35992.41512283378,2303514.567861362,92.64359658360922,93449093120.0,0.0003,129.74023866653442,153.787109375,0,0,exported_float_payload,False
operand_hybrid_fixed_h32,Operand hybrid + fixed H32,22290,2.5022518634796143,3.322399139404297,0.1556994915008545,35964.52759563995,2301729.7661209567,92.57181477040658,93491036160.0,0.0003,129.74023866653442,153.787109375,0,0,exported_float_payload,False
operand_hybrid_fixed_h32,Operand hybrid + fixed H32,22300,2.4815144538879395,3.137424945831299,0.11696475744247437,35993.91028550534,2303610.258272342,92.64744509577208,93532979200.0,0.0003,129.74023866653442,153.787109375,0,0,exported_float_payload,False
operand_hybrid_fixed_h32,Operand hybrid + fixed H32,22310,2.4852664470672607,2.959756374359131,0.16290020942687988,36000.90739134284,2304058.0730459415,92.66545547513256,93574922240.0,0.0003,129.74023866653442,153.787109375,0,0,exported_float_payload,False
operand_hybrid_fixed_h32,Operand hybrid + fixed H32,22320,2.505336046218872,3.119213342666626,0.08752245455980301,35964.08995600592,2301701.757184379,92.57068829668799,93616865280.0,0.0003,129.74023866653442,153.787109375,0,0,exported_float_payload,False
operand_hybrid_fixed_h32,Operand hybrid + fixed H32,22330,2.483837842941284,3.044802665710449,0.12093514204025269,35952.607876834016,2300966.904117377,92.54113370561338,93658808320.0,0.0003,129.74023866653442,153.787109375,0,0,exported_float_payload,False
operand_hybrid_fixed_h32,Operand hybrid + fixed H32,22340,2.528447151184082,2.983616590499878,0.1353064328432083,35965.70483002966,2301805.109121898,92.57484494294465,93700751360.0,0.0003,129.74023866653442,153.787109375,0,0,exported_float_payload,False
operand_hybrid_fixed_h32,Operand hybrid + fixed H32,22350,2.5004942417144775,2.9922404289245605,0.10859376192092896,35974.640702295175,2302377.004946891,92.59784565969188,93742694400.0,0.0003,129.74023866653442,153.787109375,0,0,exported_float_payload,False
operand_hybrid_fixed_h32,Operand hybrid + fixed H32,22360,2.4671707153320312,2.904554605484009,0.12500439584255219,35970.12829722273,2302088.2110222545,92.5862308393547,93784637440.0,0.0003,129.74023866653442,153.787109375,0,0,exported_float_payload,False
operand_hybrid_fixed_h32,Operand hybrid + fixed H32,22370,2.4839727878570557,2.956735134124756,0.06485326588153839,35987.26642188693,2303185.0510007637,92.63034395324749,93826580480.0,0.0003,129.74023866653442,153.787109375,0,0,exported_float_payload,False
operand_hybrid_fixed_h32,Operand hybrid + fixed H32,22380,2.5040364265441895,2.9372177124023438,0.1856047660112381,35997.85581110251,2303862.771910561,92.657600782199,93868523520.0,0.0003,129.74023866653442,153.787109375,0,0,exported_float_payload,False
operand_hybrid_fixed_h32,Operand hybrid + fixed H32,22390,2.5562984943389893,5.042922019958496,0.11738723516464233,35994.340318163086,2303637.7803624375,92.64855198931969,93910466560.0,0.0003,129.74023866653442,153.787109375,0,0,exported_float_payload,False
operand_hybrid_fixed_h32,Operand hybrid + fixed H32,22400,2.4712071418762207,2.9310851097106934,0.08202334493398666,35978.63838429066,2302632.856594602,92.60813559541293,93952409600.0,0.0003,129.74023866653442,153.787109375,0,0,exported_float_payload,False
operand_hybrid_fixed_h32,Operand hybrid + fixed H32,22410,2.496290683746338,3.065685272216797,0.14850395917892456,35973.149844273445,2302281.5900335005,92.59400822759245,93994352640.0,0.0003,129.74023866653442,153.787109375,0,0,exported_float_payload,False
operand_hybrid_fixed_h32,Operand hybrid + fixed H32,22420,2.463520050048828,3.12882924079895,0.1311318278312683,35983.21291739933,2302925.626713557,92.61991033179646,94036295680.0,0.0003,129.74023866653442,153.787109375,0,0,exported_float_payload,False
operand_hybrid_fixed_h32,Operand hybrid + fixed H32,22430,2.4864916801452637,2.987962007522583,0.0873895213007927,35988.56676348356,2303268.272862948,92.63369100072646,94078238720.0,0.0003,129.74023866653442,153.787109375,0,0,exported_float_payload,False
operand_hybrid_fixed_h32,Operand hybrid + fixed H32,22440,2.5074424743652344,3.0237178802490234,0.11696173995733261,36007.108897274615,2304454.9694255753,92.68141799978653,94120181760.0,0.0003,129.74023866653442,153.787109375,0,0,exported_float_payload,False
operand_hybrid_fixed_h32,Operand hybrid + fixed H32,22450,2.5109708309173584,2.987072467803955,0.10009638965129852,35986.654891549406,2303145.913059162,92.62876988910938,94162124800.0,0.0003,129.74023866653442,153.787109375,0,0,exported_float_payload,False
operand_hybrid_fixed_h32,Operand hybrid + fixed H32,22460,2.5244393348693848,3.2205233573913574,0.15091495215892792,35966.03786792212,2301826.4235470155,92.57570217433774,94204067840.0,0.0003,129.74023866653442,153.787109375,0,0,exported_float_payload,False
operand_hybrid_fixed_h32,Operand hybrid + fixed H32,22470,2.496999502182007,2.925673007965088,0.11598921567201614,35981.520040141535,2302817.2825690582,92.61555290712238,94246010880.0,0.0003,129.74023866653442,153.787109375,0,0,exported_float_payload,False
operand_hybrid_fixed_h32,Operand hybrid + fixed H32,22480,2.494971752166748,2.935065507888794,0.11922267824411392,35983.30803326434,2302931.7141289175,92.6201551577076,94287953920.0,0.0003,129.74023866653442,153.787109375,0,0,exported_float_payload,False
operand_hybrid_fixed_h32,Operand hybrid + fixed H32,22490,2.4908337593078613,2.9176433086395264,0.12636329233646393,35990.838444253386,2303413.6604322167,92.63953825148994,94329896960.0,0.0003,129.74023866653442,153.787109375,0,0,exported_float_payload,False
operand_hybrid_fixed_h32,Operand hybrid + fixed H32,22500,2.4903852939605713,3.4593067169189453,0.11178693175315857,35951.14777196277,2300873.4574056175,92.53737543137144,94371840000.0,0.0003,129.74023866653442,153.787109375,0,0,exported_float_payload,False
operand_hybrid_fixed_h32,Operand hybrid + fixed H32,22510,2.522261142730713,4.41511344909668,0.1263379454612732,36003.07620104472,2304196.876866862,92.67103793828215,94413783040.0,0.0003,129.74023866653442,153.787109375,0,0,exported_float_payload,False
operand_hybrid_fixed_h32,Operand hybrid + fixed H32,22520,2.4958345890045166,2.991878032684326,0.1640666276216507,35978.88792813622,2302648.827400718,92.60877791517056,94455726080.0,0.0003,129.74023866653442,153.787109375,0,0,exported_float_payload,False
operand_hybrid_fixed_h32,Operand hybrid + fixed H32,22530,2.496302843093872,2.917968273162842,0.07055224478244781,35991.73695511718,2303471.1651274995,92.64185099648654,94497669120.0,0.0003,129.74023866653442,153.787109375,0,0,exported_float_payload,False
operand_hybrid_fixed_h32,Operand hybrid + fixed H32,22540,2.4910237789154053,2.9612674713134766,0.12430467456579208,35969.191899014084,2302028.2815369014,92.5838205732587,94539612160.0,0.0003,129.74023866653442,153.787109375,0,0,exported_float_payload,False
operand_hybrid_fixed_h32,Operand hybrid + fixed H32,22550,2.5136215686798096,2.9695730209350586,0.14556114375591278,35977.946659074,2302588.586180736,92.60635511161655,94581555200.0,0.0003,129.74023866653442,153.787109375,0,0,exported_float_payload,False
operand_hybrid_fixed_h32,Operand hybrid + fixed H32,22560,2.5176689624786377,4.2038350105285645,0.1102292612195015,35992.7994346178,2303539.1638155393,92.64458579274564,94623498240.0,0.0003,129.74023866653442,153.787109375,0,0,exported_float_payload,False
operand_hybrid_fixed_h32,Operand hybrid + fixed H32,22570,2.4771461486816406,3.035768508911133,0.10274964570999146,35973.69090347251,2302316.2178222407,92.59540090074304,94665441280.0,0.0003,129.74023866653442,153.787109375,0,0,exported_float_payload,False
operand_hybrid_fixed_h32,Operand hybrid + fixed H32,22580,2.4733877182006836,3.0557937622070312,0.12640923261642456,35994.050477815865,2303619.2305802153,92.64780594735196,94707384320.0,0.0003,129.74023866653442,153.787109375,0,0,exported_float_payload,False
operand_hybrid_fixed_h32,Operand hybrid + fixed H32,22590,2.5074894428253174,3.108487129211426,0.2399054765701294,35997.17933778924,2303819.4776185113,92.65585955642905,94749327360.0,0.0003,129.74023866653442,153.787109375,0,0,exported_float_payload,False
operand_hybrid_fixed_h32,Operand hybrid + fixed H32,22600,2.5033962726593018,2.990550994873047,0.14904208481311798,35995.06519906568,2303684.1727402033,92.65041781504107,94791270400.0,0.0003,129.74023866653442,153.787109375,0,0,exported_float_payload,False
operand_hybrid_fixed_h32,Operand hybrid + fixed H32,22610,2.4621384143829346,3.1038012504577637,0.09263098239898682,35984.76336520759,2303024.8553732857,92.62390114654957,94833213440.0,0.0003,129.74023866653442,153.787109375,0,0,exported_float_payload,False
operand_hybrid_fixed_h32,Operand hybrid + fixed H32,22620,2.4649527072906494,3.0074477195739746,0.194194495677948,35952.75484076399,2300976.3098088955,92.54151198717616,94875156480.0,0.0003,129.74023866653442,153.787109375,0,0,exported_float_payload,False
operand_hybrid_fixed_h32,Operand hybrid + fixed H32,22630,2.5214009284973145,3.084423303604126,0.1607184261083603,35993.276801396445,2303569.7152893725,92.64581452316321,94917099520.0,0.0003,129.74023866653442,153.787109375,0,0,exported_float_payload,False
operand_hybrid_fixed_h32,Operand hybrid + fixed H32,22640,2.4866840839385986,3.0549869537353516,0.0733848586678505,35975.65883833781,2302442.16565362,92.60046631697425,94959042560.0,0.0003,129.74023866653442,153.787109375,0,0,exported_float_payload,False
operand_hybrid_fixed_h32,Operand hybrid + fixed H32,22650,2.4964487552642822,3.5941662788391113,0.13796553015708923,36002.27744692673,2304145.756603311,92.66898196471038,95000985600.0,0.0003,129.74023866653442,153.787109375,0,0,exported_float_payload,False
operand_hybrid_fixed_h32,Operand hybrid + fixed H32,22660,2.4842424392700195,3.043802261352539,0.11651669442653656,36025.9878514628,2305663.222493619,92.73001196631425,95042928640.0,0.0003,129.74023866653442,153.787109375,0,0,exported_float_payload,False
operand_hybrid_fixed_h32,Operand hybrid + fixed H32,22670,2.4863991737365723,3.0090794563293457,0.17509254813194275,35981.870314368956,2302839.700119613,92.61645450442025,95084871680.0,0.0003,129.74023866653442,153.787109375,0,0,exported_float_payload,False
operand_hybrid_fixed_h32,Operand hybrid + fixed H32,22680,2.516991376876831,3.0921247005462646,0.09740273654460907,35969.52548872126,2302049.6312781605,92.58467922500937,95126814720.0,0.0003,129.74023866653442,153.787109375,0,0,exported_float_payload,False
operand_hybrid_fixed_h32,Operand hybrid + fixed H32,22690,2.4902327060699463,3.003584861755371,0.09663256257772446,36009.980982757676,2304638.7828964912,92.68881067760319,95168757760.0,0.0003,129.74023866653442,153.787109375,0,0,exported_float_payload,False
operand_hybrid_fixed_h32,Operand hybrid + fixed H32,22700,2.4959969520568848,3.0462758541107178,0.12053582072257996,36003.50129214691,2304224.082697402,92.67213211238656,95210700800.0,0.0003,129.74023866653442,153.787109375,0,0,exported_float_payload,False
operand_hybrid_fixed_h32,Operand hybrid + fixed H32,22710,2.5025484561920166,2.9999642372131348,0.12249113619327545,35986.934172266876,2303163.78702508,92.6294887508483,95252643840.0,0.0003,129.74023866653442,153.787109375,0,0,exported_float_payload,False
operand_hybrid_fixed_h32,Operand hybrid + fixed H32,22720,2.5453274250030518,3.7004246711730957,0.12453217804431915,35990.002580483975,2303360.1651509744,92.63738675858266,95294586880.0,0.0003,129.74023866653442,153.787109375,0,0,exported_float_payload,False
operand_hybrid_fixed_h32,Operand hybrid + fixed H32,22730,2.491152048110962,3.193718194961548,0.10736773908138275,35991.898902785586,2303481.5297782775,92.64226784582571,95336529920.0,0.0003,129.74023866653442,153.787109375,0,0,exported_float_payload,False
operand_hybrid_fixed_h32,Operand hybrid + fixed H32,22740,2.4815709590911865,2.9610722064971924,0.12672771513462067,35975.04470181474,2302402.8609161433,92.59888554457827,95378472960.0,0.0003,129.74023866653442,153.787109375,0,0,exported_float_payload,False
operand_hybrid_fixed_h32,Operand hybrid + fixed H32,22750,2.5309741497039795,3.2932515144348145,0.10240337252616882,35973.05934459092,2302275.7980538188,92.59377528362218,95420416000.0,0.0003,129.74023866653442,153.787109375,0,0,exported_float_payload,False
operand_hybrid_fixed_h32,Operand hybrid + fixed H32,22760,2.5013153553009033,3.0077123641967773,0.08324439823627472,35980.688290480895,2302764.0505907773,92.6134120038305,95462359040.0,0.0003,129.74023866653442,153.787109375,0,0,exported_float_payload,False
operand_hybrid_fixed_h32,Operand hybrid + fixed H32,22770,2.449859142303467,3.1386146545410156,0.12884846329689026,35980.975495438746,2302782.4317080798,92.61415126237041,95504302080.0,0.0003,129.74023866653442,153.787109375,0,0,exported_float_payload,False
operand_hybrid_fixed_h32,Operand hybrid + fixed H32,22780,2.450852870941162,2.967994451522827,0.0791015774011612,35985.69526703633,2303084.497090325,92.62629983907364,95546245120.0,0.0003,129.74023866653442,153.787109375,0,0,exported_float_payload,False
operand_hybrid_fixed_h32,Operand hybrid + fixed H32,22790,2.495616912841797,2.9976441860198975,0.07472815364599228,35999.468833917184,2303966.0053707,92.66175266348878,95588188160.0,0.0003,129.74023866653442,153.787109375,0,0,exported_float_payload,False
operand_hybrid_fixed_h32,Operand hybrid + fixed H32,22800,2.492030620574951,2.9532909393310547,0.11807141453027725,35962.56446592933,2301604.1258194773,92.56676172252604,95630131200.0,0.0003,129.74023866653442,153.787109375,0,0,exported_float_payload,False
operand_hybrid_fixed_h32,Operand hybrid + fixed H32,22810,2.498992443084717,3.1718571186065674,0.1332971453666687,36018.237971793475,2305167.2301947824,92.71006396551446,95672074240.0,0.0003,129.74023866653442,153.787109375,0,0,exported_float_payload,False
operand_hybrid_fixed_h32,Operand hybrid + fixed H32,22820,2.4759163856506348,3.417117118835449,0.08319490402936935,35967.426607146655,2301915.302857386,92.57927675514979,95714017280.0,0.0003,129.74023866653442,153.787109375,0,0,exported_float_payload,False
operand_hybrid_fixed_h32,Operand hybrid + fixed H32,22830,2.465463876724243,2.972005844116211,0.10722570866346359,35979.923131164396,2302715.0803945214,92.61144250245644,95755960320.0,0.0003,129.74023866653442,153.787109375,0,0,exported_float_payload,False
operand_hybrid_fixed_h32,Operand hybrid + fixed H32,22840,2.4557719230651855,2.8670082092285156,0.06537767499685287,35978.53567561044,2302626.283239068,92.60787122578107,95797903360.0,0.0003,129.74023866653442,153.787109375,0,0,exported_float_payload,False
operand_hybrid_fixed_h32,Operand hybrid + fixed H32,22850,2.5448949337005615,3.3131535053253174,0.10991571098566055,36019.17172439551,2305226.990361313,92.71246742188373,95839846400.0,0.0003,129.74023866653442,153.787109375,0,0,exported_float_payload,False
operand_hybrid_fixed_h32,Operand hybrid + fixed H32,22860,2.499406099319458,2.9792556762695312,0.15556389093399048,35984.12098134649,2302983.7428061753,92.62224766619612,95881789440.0,0.0003,129.74023866653442,153.787109375,0,0,exported_float_payload,False
operand_hybrid_fixed_h32,Operand hybrid + fixed H32,22870,2.5040106773376465,2.908860206604004,0.08215813338756561,35979.82890519384,2302709.049932406,92.61119996711187,95923732480.0,0.0003,129.74023866653442,153.787109375,0,0,exported_float_payload,False
operand_hybrid_fixed_h32,Operand hybrid + fixed H32,22880,2.5096518993377686,3.125925064086914,0.09506981819868088,35998.036517288136,2303874.3371064407,92.65806591550289,95965675520.0,0.0003,129.74023866653442,153.787109375,0,0,exported_float_payload,False
operand_hybrid_fixed_h32,Operand hybrid + fixed H32,22890,2.474815845489502,3.030092477798462,0.08364847302436829,35983.308697511304,2302931.7566407234,92.62015686746305,96007618560.0,0.0003,129.74023866653442,153.787109375,0,0,exported_float_payload,False
operand_hybrid_fixed_h32,Operand hybrid + fixed H32,22900,2.4742257595062256,2.947010040283203,0.1898508220911026,35978.83599262862,2302645.5035282318,92.60864423444372,96049561600.0,0.0003,129.74023866653442,153.787109375,0,0,exported_float_payload,False
operand_hybrid_fixed_h32,Operand hybrid + fixed H32,22910,2.48893141746521,3.0379157066345215,0.06399594992399216,35951.54453518299,2300898.8502517114,92.53839669020022,96091504640.0,0.0003,129.74023866653442,153.787109375,0,0,exported_float_payload,False
operand_hybrid_fixed_h32,Operand hybrid + fixed H32,22920,2.4920313358306885,3.2083919048309326,0.1167823076248169,35988.798517806616,2303283.1051396234,92.63428753068807,96133447680.0,0.0003,129.74023866653442,153.787109375,0,0,exported_float_payload,False
operand_hybrid_fixed_h32,Operand hybrid + fixed H32,22930,2.5001022815704346,2.9858827590942383,0.17857307195663452,35997.07856260495,2303813.0280067166,92.65560016356844,96175390720.0,0.0003,129.74023866653442,153.787109375,0,0,exported_float_payload,False
operand_hybrid_fixed_h32,Operand hybrid + fixed H32,22940,2.5133681297302246,3.1046266555786133,0.08567211031913757,35982.776171593985,2302897.674982015,92.61878615877107,96217333760.0,0.0003,129.74023866653442,153.787109375,0,0,exported_float_payload,False
operand_hybrid_fixed_h32,Operand hybrid + fixed H32,22950,2.5058541297912598,3.5682709217071533,0.1872277408838272,35969.45826007244,2302045.328644636,92.58450618011092,96259276800.0,0.0003,129.74023866653442,153.787109375,0,0,exported_float_payload,False
operand_hybrid_fixed_h32,Operand hybrid + fixed H32,22960,2.460542678833008,2.9065346717834473,0.1192564144730568,35961.528036874006,2301537.7943599364,92.56409397947625,96301219840.0,0.0003,129.74023866653442,153.787109375,0,0,exported_float_payload,False
operand_hybrid_fixed_h32,Operand hybrid + fixed H32,22970,2.5077402591705322,2.9354209899902344,0.17261169850826263,35958.74622661057,2301359.7585030766,92.55693366786787,96343162880.0,0.0003,129.74023866653442,153.787109375,0,0,exported_float_payload,False
operand_hybrid_fixed_h32,Operand hybrid + fixed H32,22980,2.4819116592407227,2.9438412189483643,0.09167248755693436,35960.296654233665,2301458.9858709546,92.56092443066484,96385105920.0,0.0003,129.74023866653442,153.787109375,0,0,exported_float_payload,False
operand_hybrid_fixed_h32,Operand hybrid + fixed H32,22990,2.4893081188201904,3.0146377086639404,0.13232733309268951,36004.46259791499,2304285.6062665596,92.6746064899316,96427048960.0,0.0003,129.74023866653442,153.787109375,0,0,exported_float_payload,False
operand_hybrid_fixed_h32,Operand hybrid + fixed H32,23000,2.4525046348571777,2.964679718017578,0.10930503904819489,35976.51270969972,2302496.813420782,92.60266416098435,96468992000.0,0.0003,129.74023866653442,153.787109375,0,0,exported_float_payload,False
operand_hybrid_fixed_h32,Operand hybrid + fixed H32,23010,2.4898018836975098,3.061105966567993,0.09679307043552399,28116.929230711634,1799483.4707655446,72.3722884371659,96510935040.0,0.0003,129.74023866653442,153.787109375,0,0,exported_float_payload,False
operand_hybrid_fixed_h32,Operand hybrid + fixed H32,23020,2.51397705078125,2.9606070518493652,0.10960777848958969,36010.83916549369,2304693.7065915964,92.69101961898484,96552878080.0,0.0003,129.74023866653442,153.787109375,0,0,exported_float_payload,False
operand_hybrid_fixed_h32,Operand hybrid + fixed H32,23030,2.5045433044433594,4.625771522521973,0.15427634119987488,35991.3971122888,2303449.4151864834,92.64097624935478,96594821120.0,0.0003,129.74023866653442,153.787109375,0,0,exported_float_payload,False
operand_hybrid_fixed_h32,Operand hybrid + fixed H32,23040,2.5103230476379395,3.0401840209960938,0.1289018839597702,35968.01126868002,2301952.7211955213,92.58078165964288,96636764160.0,0.0003,129.74023866653442,153.787109375,0,0,exported_float_payload,False
operand_hybrid_fixed_h32,Operand hybrid + fixed H32,23050,2.502088785171509,3.1692357063293457,0.12852221727371216,36008.174383224265,2304523.160526353,92.68416053457193,96678707200.0,0.0003,129.74023866653442,153.787109375,0,0,exported_float_payload,False
operand_hybrid_fixed_h32,Operand hybrid + fixed H32,23060,2.463724136352539,3.1226754188537598,0.13651014864444733,35979.62845013903,2302696.220808898,92.61068400070153,96720650240.0,0.0003,129.74023866653442,153.787109375,0,0,exported_float_payload,False
operand_hybrid_fixed_h32,Operand hybrid + fixed H32,23070,2.4973976612091064,2.9476497173309326,0.12241704016923904,35970.33548453112,2302101.4710099916,92.58676413442117,96762593280.0,0.0003,129.74023866653442,153.787109375,0,0,exported_float_payload,False
operand_hybrid_fixed_h32,Operand hybrid + fixed H32,23080,2.5181593894958496,3.1391220092773438,0.1692558079957962,35997.03500276075,2303810.240176688,92.65548804159442,96804536320.0,0.0003,129.74023866653442,153.787109375,0,0,exported_float_payload,False
operand_hybrid_fixed_h32,Operand hybrid + fixed H32,23090,2.4857263565063477,3.367055654525757,0.11718834936618805,35995.4633290364,2303709.6530583296,92.65144259185223,96846479360.0,0.0003,129.74023866653442,153.787109375,0,0,exported_float_payload,False
operand_hybrid_fixed_h32,Operand hybrid + fixed H32,23100,2.5107343196868896,3.424931049346924,0.17689256370067596,36012.68890944941,2304812.0902047623,92.69578081470432,96888422400.0,0.0003,129.74023866653442,153.787109375,0,0,exported_float_payload,False
operand_hybrid_fixed_h32,Operand hybrid + fixed H32,23110,2.485496759414673,3.444883346557617,0.09080594778060913,35979.57184533337,2302692.5981013356,92.61053830131561,96930365440.0,0.0003,129.74023866653442,153.787109375,0,0,exported_float_payload,False
operand_hybrid_fixed_h32,Operand hybrid + fixed H32,23120,2.5201914310455322,3.0976381301879883,0.12557131052017212,35972.15973865836,2302218.223274135,92.59145971994533,96972308480.0,0.0003,129.74023866653442,153.787109375,0,0,exported_float_payload,False
operand_hybrid_fixed_h32,Operand hybrid + fixed H32,23130,2.5220909118652344,3.1008684635162354,0.11296793073415756,35988.375092566064,2303256.005924228,92.63319764447078,97014251520.0,0.0003,129.74023866653442,153.787109375,0,0,exported_float_payload,False
operand_hybrid_fixed_h32,Operand hybrid + fixed H32,23140,2.512399435043335,3.7830235958099365,0.07208606600761414,36004.24409694636,2304271.622204567,92.67404407378024,97056194560.0,0.0003,129.74023866653442,153.787109375,0,0,exported_float_payload,False
operand_hybrid_fixed_h32,Operand hybrid + fixed H32,23150,2.488524913787842,2.9981367588043213,0.08028078824281693,35984.85887110641,2303030.96775081,92.62414697639821,97098137600.0,0.0003,129.74023866653442,153.787109375,0,0,exported_float_payload,False
operand_hybrid_fixed_h32,Operand hybrid + fixed H32,23160,2.462073802947998,2.904698133468628,0.08644992113113403,35978.61035153595,2302631.062498301,92.60806343978766,97140080640.0,0.0003,129.74023866653442,153.787109375,0,0,exported_float_payload,False
operand_hybrid_fixed_h32,Operand hybrid + fixed H32,23170,2.5121066570281982,2.9093198776245117,0.10774531960487366,35968.771539289126,2302001.378514504,92.5827385776036,97182023680.0,0.0003,129.74023866653442,153.787109375,0,0,exported_float_payload,False
operand_hybrid_fixed_h32,Operand hybrid + fixed H32,23180,2.4953739643096924,3.2846195697784424,0.10186778008937836,35967.734846196305,2301935.0301565635,92.58007015492777,97223966720.0,0.0003,129.74023866653442,153.787109375,0,0,exported_float_payload,False
operand_hybrid_fixed_h32,Operand hybrid + fixed H32,23190,2.4743666648864746,2.867826223373413,0.10501664131879807,35971.26158347192,2302160.7413422028,92.58914789045352,97265909760.0,0.0003,129.74023866653442,153.787109375,0,0,exported_float_payload,False
operand_hybrid_fixed_h32,Operand hybrid + fixed H32,23200,2.4687979221343994,2.9141533374786377,0.1703052669763565,35991.07474243014,2303428.783515529,92.64014647721987,97307852800.0,0.0003,129.74023866653442,153.787109375,0,0,exported_float_payload,False
operand_hybrid_fixed_h32,Operand hybrid + fixed H32,23210,2.4540019035339355,3.047053813934326,0.11704693734645844,35968.372844975376,2301975.862078424,92.58171234818731,97349795840.0,0.0003,129.74023866653442,153.787109375,0,0,exported_float_payload,False
operand_hybrid_fixed_h32,Operand hybrid + fixed H32,23220,2.628267288208008,6.570070743560791,0.09460382163524628,35964.6025810486,2301734.5651871106,92.5720077810152,97391738880.0,0.0003,129.74023866653442,153.787109375,0,0,exported_float_payload,False
operand_hybrid_fixed_h32,Operand hybrid + fixed H32,23230,2.47385311126709,3.0568904876708984,0.10350359231233597,35967.583596690376,2301925.350188184,92.57968084239725,97433681920.0,0.0003,129.74023866653442,153.787109375,0,0,exported_float_payload,False
operand_hybrid_fixed_h32,Operand hybrid + fixed H32,23240,2.48522686958313,3.0518851280212402,0.11593162268400192,35996.486172119,2303775.115015616,92.65407536494037,97475624960.0,0.0003,129.74023866653442,153.787109375,0,0,exported_float_payload,False
operand_hybrid_fixed_h32,Operand hybrid + fixed H32,23250,2.492824077606201,3.412281036376953,0.09164092689752579,35974.78315934033,2302386.122197781,92.59821234064333,97517568000.0,0.0003,129.74023866653442,153.787109375,0,0,exported_float_payload,False
operand_hybrid_fixed_h32,Operand hybrid + fixed H32,23260,2.5122413635253906,3.9636600017547607,0.10789214819669724,35980.629466367,2302760.285847488,92.61326059199946,97559511040.0,0.0003,129.74023866653442,153.787109375,0,0,exported_float_payload,False
operand_hybrid_fixed_h32,Operand hybrid + fixed H32,23270,2.4838435649871826,3.2946434020996094,0.1812177449464798,35989.379415414405,2303320.282586522,92.63578274692873,97601454080.0,0.0003,129.74023866653442,153.787109375,0,0,exported_float_payload,False
operand_hybrid_fixed_h32,Operand hybrid + fixed H32,23280,2.477905511856079,2.966243267059326,0.0860026553273201,35973.25053057865,2302288.0339570334,92.59426739168048,97643397120.0,0.0003,129.74023866653442,153.787109375,0,0,exported_float_payload,False
operand_hybrid_fixed_h32,Operand hybrid + fixed H32,23290,2.4982430934906006,4.204894065856934,0.07103775441646576,36017.16481952176,2305098.5484493924,92.70730169780349,97685340160.0,0.0003,129.74023866653442,153.787109375,0,0,exported_float_payload,False
operand_hybrid_fixed_h32,Operand hybrid + fixed H32,23300,2.482449531555176,3.0332159996032715,0.10431743413209915,35997.7108565114,2303853.49481673,92.65722767262534,97727283200.0,0.0003,129.74023866653442,153.787109375,0,0,exported_float_payload,False
operand_hybrid_fixed_h32,Operand hybrid + fixed H32,23310,2.5059525966644287,3.8282365798950195,0.1861417442560196,35995.38304095909,2303704.5146213816,92.65123593230412,97769226240.0,0.0003,129.74023866653442,153.787109375,0,0,exported_float_payload,False
operand_hybrid_fixed_h32,Operand hybrid + fixed H32,23320,2.4713633060455322,3.0379557609558105,0.09502377361059189,35952.070914055956,2300932.538499581,92.53975157655033,97811169280.0,0.0003,129.74023866653442,153.787109375,0,0,exported_float_payload,False
operand_hybrid_fixed_h32,Operand hybrid + fixed H32,23330,2.46181321144104,2.869424343109131,0.20625630021095276,35981.51045459633,2302816.6690941653,92.61552823416336,97853112320.0,0.0003,129.74023866653442,153.787109375,0,0,exported_float_payload,False
operand_hybrid_fixed_h32,Operand hybrid + fixed H32,23340,2.4594500064849854,2.9187612533569336,0.10424556583166122,35987.69347344735,2303212.38230063,92.63144317352342,97895055360.0,0.0003,129.74023866653442,153.787109375,0,0,exported_float_payload,False
operand_hybrid_fixed_h32,Operand hybrid + fixed H32,23350,2.497032403945923,2.9510183334350586,0.06364124268293381,35992.822812445724,2303540.6599965263,92.64464596670318,97936998400.0,0.0003,129.74023866653442,153.787109375,0,0,exported_float_payload,False
operand_hybrid_fixed_h32,Operand hybrid + fixed H32,23360,2.459522008895874,2.8904037475585938,0.12191033363342285,35966.408369886914,2301850.1356727625,92.57665583733709,97978941440.0,0.0003,129.74023866653442,153.787109375,0,0,exported_float_payload,False
operand_hybrid_fixed_h32,Operand hybrid + fixed H32,23370,2.4822988510131836,3.0143344402313232,0.0981127917766571,36002.439266585665,2304156.1130614826,92.66939848455631,98020884480.0,0.0003,129.74023866653442,153.787109375,0,0,exported_float_payload,False
operand_hybrid_fixed_h32,Operand hybrid + fixed H32,23380,2.484853506088257,2.950099468231201,0.11218733340501785,35970.45892743478,2302109.371355826,92.58708187343727,98062827520.0,0.0003,129.74023866653442,153.787109375,0,0,exported_float_payload,False
operand_hybrid_fixed_h32,Operand hybrid + fixed H32,23390,2.480814218521118,3.0254456996917725,0.09941362589597702,35973.91100706713,2302330.3044522963,92.5959674420145,98104770560.0,0.0003,129.74023866653442,153.787109375,0,0,exported_float_payload,False
operand_hybrid_fixed_h32,Operand hybrid + fixed H32,23400,2.502453565597534,3.373337745666504,0.17505711317062378,35992.21351131773,2303501.6647243346,92.64307764049592,98146713600.0,0.0003,129.74023866653442,153.787109375,0,0,exported_float_payload,False
operand_hybrid_fixed_h32,Operand hybrid + fixed H32,23410,2.4973459243774414,3.0649638175964355,0.09383680671453476,36002.19613471587,2304140.552621816,92.66877266906755,98188656640.0,0.0003,129.74023866653442,153.787109375,0,0,exported_float_payload,False
operand_hybrid_fixed_h32,Operand hybrid + fixed H32,23420,2.471353769302368,3.022035598754883,0.12611933052539825,35982.30671067931,2302867.629483476,92.61757777785408,98230599680.0,0.0003,129.74023866653442,153.787109375,0,0,exported_float_payload,False
operand_hybrid_fixed_h32,Operand hybrid + fixed H32,23430,2.4569787979125977,3.1201727390289307,0.08034996688365936,35965.97178926525,2301822.194512976,92.57553208949045,98272542720.0,0.0003,129.74023866653442,153.787109375,0,0,exported_float_payload,False
operand_hybrid_fixed_h32,Operand hybrid + fixed H32,23440,2.481635093688965,3.091425895690918,0.2352219671010971,35977.34019478696,2302549.7724663652,92.60479408736855,98314485760.0,0.0003,129.74023866653442,153.787109375,0,0,exported_float_payload,False
operand_hybrid_fixed_h32,Operand hybrid + fixed H32,23450,2.4517927169799805,2.989757776260376,0.08745398372411728,35988.94602532015,2303292.5456204894,92.63466721142163,98356428800.0,0.0003,129.74023866653442,153.787109375,0,0,exported_float_payload,False
operand_hybrid_fixed_h32,Operand hybrid + fixed H32,23460,2.474247455596924,3.0276284217834473,0.1042599081993103,35974.58013882892,2302373.128885051,92.59768977081039,98398371840.0,0.0003,129.74023866653442,153.787109375,0,0,exported_float_payload,False
operand_hybrid_fixed_h32,Operand hybrid + fixed H32,23470,2.5292320251464844,3.4493024349212646,0.0882648304104805,35994.19125485744,2303628.240310876,92.64816830401524,98440314880.0,0.0003,129.74023866653442,153.787109375,0,0,exported_float_payload,False
operand_hybrid_fixed_h32,Operand hybrid + fixed H32,23480,2.5005295276641846,3.4197540283203125,0.24051912128925323,35995.92689680651,2303739.3213956165,92.65263580395919,98482257920.0,0.0003,129.74023866653442,153.787109375,0,0,exported_float_payload,False
operand_hybrid_fixed_h32,Operand hybrid + fixed H32,23490,2.4781460762023926,3.0895473957061768,0.10027783364057541,36006.014364427305,2304384.9193233475,92.6786006989967,98524200960.0,0.0003,129.74023866653442,153.787109375,0,0,exported_float_payload,False
operand_hybrid_fixed_h32,Operand hybrid + fixed H32,23500,2.537135601043701,5.934013366699219,0.12193474918603897,35979.59411231573,2302694.023188207,92.61059561598383,98566144000.0,0.0003,129.74023866653442,153.787109375,0,0,exported_float_payload,False
operand_hybrid_fixed_h32,Operand hybrid + fixed H32,23510,2.4931681156158447,2.931227684020996,0.1372775435447693,35955.13317669893,2301128.5233087316,92.54763376572714,98608087040.0,0.0003,129.74023866653442,153.787109375,0,0,exported_float_payload,False
operand_hybrid_fixed_h32,Operand hybrid + fixed H32,23520,2.4784016609191895,2.9170753955841064,0.09624479711055756,35969.770168926596,2302065.290811302,92.58530902587597,98650030080.0,0.0003,129.74023866653442,153.787109375,0,0,exported_float_payload,False
operand_hybrid_fixed_h32,Operand hybrid + fixed H32,23530,2.5021238327026367,2.9777207374572754,0.7324627637863159,35993.571854237154,2303588.598671178,92.64657398196174,98691973120.0,0.0003,129.74023866653442,153.787109375,0,0,exported_float_payload,False
operand_hybrid_fixed_h32,Operand hybrid + fixed H32,23540,2.4910717010498047,3.1745033264160156,0.13240937888622284,35968.30424820595,2301971.471885181,92.58153578177986,98733916160.0,0.0003,129.74023866653442,153.787109375,0,0,exported_float_payload,False
operand_hybrid_fixed_h32,Operand hybrid + fixed H32,23550,2.479731321334839,3.024275064468384,0.07331227511167526,35946.81121873321,2300595.9179989253,92.5262132493786,98775859200.0,0.0003,129.74023866653442,153.787109375,0,0,exported_float_payload,False
operand_hybrid_fixed_h32,Operand hybrid + fixed H32,23560,2.4998855590820312,2.9451141357421875,0.13888375461101532,36004.24629003922,2304271.76256251,92.67404971874765,98817802240.0,0.0003,129.74023866653442,153.787109375,0,0,exported_float_payload,False
operand_hybrid_fixed_h32,Operand hybrid + fixed H32,23570,2.4738152027130127,3.1879615783691406,0.094757579267025,35957.752180540694,2301296.1395546044,92.55437501758644,98859745280.0,0.0003,129.74023866653442,153.787109375,0,0,exported_float_payload,False
operand_hybrid_fixed_h32,Operand hybrid + fixed H32,23580,2.475538492202759,2.992555618286133,0.10648485273122787,36002.71981927041,2304174.068433306,92.6701206203079,98901688320.0,0.0003,129.74023866653442,153.787109375,0,0,exported_float_payload,False
operand_hybrid_fixed_h32,Operand hybrid + fixed H32,23590,2.500325918197632,3.0482592582702637,0.14044779539108276,35968.78297956385,2302002.1106920866,92.58276802459108,98943631360.0,0.0003,129.74023866653442,153.787109375,0,0,exported_float_payload,False
operand_hybrid_fixed_h32,Operand hybrid + fixed H32,23600,2.5187220573425293,3.006532669067383,0.09053529798984528,35980.92913854333,2302779.464866773,92.61403194085496,98985574400.0,0.0003,129.74023866653442,153.787109375,0,0,exported_float_payload,False
operand_hybrid_fixed_h32,Operand hybrid + fixed H32,23610,2.478290557861328,2.969241142272949,0.22748711705207825,36001.54860095115,2304099.1104608737,92.66710593298808,99027517440.0,0.0003,129.74023866653442,153.787109375,0,0,exported_float_payload,False
operand_hybrid_fixed_h32,Operand hybrid + fixed H32,23620,2.479247570037842,2.8750877380371094,0.11283417046070099,35989.15526824205,2303305.9371674913,92.63520579758705,99069460480.0,0.0003,129.74023866653442,153.787109375,0,0,exported_float_payload,False
operand_hybrid_fixed_h32,Operand hybrid + fixed H32,23630,2.4842183589935303,3.0147664546966553,0.09577115625143051,35992.42876060234,2303515.44067855,92.64363168689209,99111403520.0,0.0003,129.74023866653442,153.787109375,0,0,exported_float_payload,False
operand_hybrid_fixed_h32,Operand hybrid + fixed H32,23640,2.4584381580352783,2.903095245361328,0.10001345723867416,36001.90667528868,2304122.0272184755,92.66802760757867,99153346560.0,0.0003,129.74023866653442,153.787109375,0,0,exported_float_payload,False
operand_hybrid_fixed_h32,Operand hybrid + fixed H32,23650,2.499539375305176,3.156644344329834,0.14875151216983795,35979.96405933859,2302717.69979767,92.61154785057622,99195289600.0,0.0003,129.74023866653442,153.787109375,0,0,exported_float_payload,False
operand_hybrid_fixed_h32,Operand hybrid + fixed H32,23660,2.489150047302246,3.0424375534057617,0.10481347888708115,35975.397091977386,2302425.4138865527,92.5997925882417,99237232640.0,0.0003,129.74023866653442,153.787109375,0,0,exported_float_payload,False
operand_hybrid_fixed_h32,Operand hybrid + fixed H32,23670,2.4667811393737793,2.955404758453369,0.1261044442653656,35986.063303243005,2303108.0514075523,92.62724715527185,99279175680.0,0.0003,129.74023866653442,153.787109375,0,0,exported_float_payload,False
operand_hybrid_fixed_h32,Operand hybrid + fixed H32,23680,2.483494520187378,2.9234426021575928,0.2360941618680954,35998.55054882529,2303907.2351248185,92.65938902011249,99321118720.0,0.0003,129.74023866653442,153.787109375,0,0,exported_float_payload,False
operand_hybrid_fixed_h32,Operand hybrid + fixed H32,23690,2.467515468597412,3.103975772857666,0.09892538189888,35968.18717477204,2301963.979185411,92.5812344376232,99363061760.0,0.0003,129.74023866653442,153.787109375,0,0,exported_float_payload,False
operand_hybrid_fixed_h32,Operand hybrid + fixed H32,23700,2.5156044960021973,3.1802401542663574,0.13842107355594635,35979.586819986354,2302693.5564791267,92.61057684570629,99405004800.0,0.0003,129.74023866653442,153.787109375,0,0,exported_float_payload,False
operand_hybrid_fixed_h32,Operand hybrid + fixed H32,23710,2.510636568069458,3.33796763420105,0.12656167149543762,35992.64178304194,2303529.074114684,92.64418000144364,99446947840.0,0.0003,129.74023866653442,153.787109375,0,0,exported_float_payload,False
operand_hybrid_fixed_h32,Operand hybrid + fixed H32,23720,2.4975035190582275,2.9243297576904297,0.20551878213882446,35972.458438579655,2302237.340069098,92.59222856624012,99488890880.0,0.0003,129.74023866653442,153.787109375,0,0,exported_float_payload,False
operand_hybrid_fixed_h32,Operand hybrid + fixed H32,23730,2.5140671730041504,3.09220027923584,0.10418447852134705,35997.09228032707,2303813.9059409327,92.65563547264982,99530833920.0,0.0003,129.74023866653442,153.787109375,0,0,exported_float_payload,False
operand_hybrid_fixed_h32,Operand hybrid + fixed H32,23740,2.504725217819214,3.5567426681518555,0.07189227640628815,35979.59810249419,2302694.278559628,92.61060588660563,99572776960.0,0.0003,129.74023866653442,153.787109375,0,0,exported_float_payload,False
operand_hybrid_fixed_h32,Operand hybrid + fixed H32,23750,2.512732982635498,3.4272878170013428,0.11905373632907867,35975.473377984665,2302430.2961910185,92.59998894655939,99614720000.0,0.0003,129.74023866653442,153.787109375,0,0,exported_float_payload,False
operand_hybrid_fixed_h32,Operand hybrid + fixed H32,23760,2.502713441848755,3.184457778930664,0.10946641862392426,36001.13675367983,2304072.752235509,92.66604584818052,99656663040.0,0.0003,129.74023866653442,153.787109375,0,0,exported_float_payload,False
operand_hybrid_fixed_h32,Operand hybrid + fixed H32,23770,2.4802892208099365,3.067699432373047,0.08433856070041656,35987.11722852373,2303175.502625519,92.62995993317809,99698606080.0,0.0003,129.74023866653442,153.787109375,0,0,exported_float_payload,False
operand_hybrid_fixed_h32,Operand hybrid + fixed H32,23780,2.4886531829833984,3.186955451965332,0.1927608847618103,35987.7650309779,2303216.9619825855,92.63162736085764,99740549120.0,0.0003,129.74023866653442,153.787109375,0,0,exported_float_payload,False
operand_hybrid_fixed_h32,Operand hybrid + fixed H32,23790,2.5366873741149902,3.2270307540893555,0.11326451599597931,35984.29381931653,2302994.804436258,92.62269254690545,99782492160.0,0.0003,129.74023866653442,153.787109375,0,0,exported_float_payload,False
operand_hybrid_fixed_h32,Operand hybrid + fixed H32,23800,2.482680320739746,3.664750099182129,0.06832606345415115,36015.495760856626,2304991.728694824,92.7030055816046,99824435200.0,0.0003,129.74023866653442,153.787109375,0,0,exported_float_payload,False
operand_hybrid_fixed_h32,Operand hybrid + fixed H32,23810,2.5029189586639404,3.1302807331085205,0.08027876913547516,35982.32119727063,2302868.55662532,92.61761506598596,99866378240.0,0.0003,129.74023866653442,153.787109375,0,0,exported_float_payload,False
operand_hybrid_fixed_h32,Operand hybrid + fixed H32,23820,2.475396156311035,2.8647334575653076,0.08014917373657227,35984.287875729606,2302994.4240466948,92.62267724825801,99908321280.0,0.0003,129.74023866653442,153.787109375,0,0,exported_float_payload,False
operand_hybrid_fixed_h32,Operand hybrid + fixed H32,23830,2.5205156803131104,3.1999776363372803,0.1327688992023468,35977.067958798005,2302532.3493630723,92.6040933585886,99950264320.0,0.0003,129.74023866653442,153.787109375,0,0,exported_float_payload,False
operand_hybrid_fixed_h32,Operand hybrid + fixed H32,23840,2.4816842079162598,2.89216947555542,0.1169169545173645,35989.17637001175,2303307.287680752,92.63526011302636,99992207360.0,0.0003,129.74023866653442,153.787109375,0,0,exported_float_payload,False
operand_hybrid_fixed_h32,Operand hybrid + fixed H32,23850,2.485792398452759,3.0396323204040527,0.11813870072364807,36006.824654894874,2304436.777913272,92.68068636685025,100034150400.0,0.0003,129.74023866653442,153.787109375,0,0,exported_float_payload,False
operand_hybrid_fixed_h32,Operand hybrid + fixed H32,23860,2.5047736167907715,3.1137843132019043,0.06111471727490425,36005.30027754079,2304339.2177626104,92.6767626568088,100076093440.0,0.0003,129.74023866653442,153.787109375,0,0,exported_float_payload,False
operand_hybrid_fixed_h32,Operand hybrid + fixed H32,23870,2.477630853652954,3.024326801300049,0.24657201766967773,35967.436538161506,2301915.9384423364,92.57930231733924,100118036480.0,0.0003,129.74023866653442,153.787109375,0,0,exported_float_payload,False
operand_hybrid_fixed_h32,Operand hybrid + fixed H32,23880,2.498384714126587,3.6561357975006104,0.08381704986095428,35971.7216503067,2302190.185619629,92.59033209123854,100159979520.0,0.0003,129.74023866653442,153.787109375,0,0,exported_float_payload,False
operand_hybrid_fixed_h32,Operand hybrid + fixed H32,23890,2.5195746421813965,3.0342488288879395,0.08052711188793182,36033.071643123345,2306116.585159894,92.74824547286396,100201922560.0,0.0003,129.74023866653442,153.787109375,0,0,exported_float_payload,False
operand_hybrid_fixed_h32,Operand hybrid + fixed H32,23900,2.4803178310394287,2.9211952686309814,0.12273285537958145,35994.67730106321,2303659.3472680454,92.64941937506605,100243865600.0,0.0003,129.74023866653442,153.787109375,0,0,exported_float_payload,False
operand_hybrid_fixed_h32,Operand hybrid + fixed H32,23910,2.482825994491577,3.0119004249572754,0.10878171771764755,35983.54421692878,2302946.829883442,92.62076308868565,100285808640.0,0.0003,129.74023866653442,153.787109375,0,0,exported_float_payload,False
operand_hybrid_fixed_h32,Operand hybrid + fixed H32,23920,2.493070602416992,2.889617443084717,0.09897135943174362,36002.12712429392,2304136.135954811,92.66859503792861,100327751680.0,0.0003,129.74023866653442,153.787109375,0,0,exported_float_payload,False
operand_hybrid_fixed_h32,Operand hybrid + fixed H32,23930,2.4839861392974854,2.9408788681030273,0.11161594092845917,36001.93625013138,2304123.9200084084,92.66810373250074,100369694720.0,0.0003,129.74023866653442,153.787109375,0,0,exported_float_payload,False
operand_hybrid_fixed_h32,Operand hybrid + fixed H32,23940,2.4800829887390137,2.996522903442383,0.07667367905378342,35993.87208908723,2303607.8137015826,92.64734677912568,100411637760.0,0.0003,129.74023866653442,153.787109375,0,0,exported_float_payload,False
operand_hybrid_fixed_h32,Operand hybrid + fixed H32,23950,2.5207679271698,2.9527792930603027,0.14204472303390503,35998.82263213025,2303924.648456336,92.66008935588756,100453580800.0,0.0003,129.74023866653442,153.787109375,0,0,exported_float_payload,False
operand_hybrid_fixed_h32,Operand hybrid + fixed H32,23960,2.514709234237671,3.3060860633850098,0.1365022510290146,35985.7912535925,2303090.64022992,92.62654690612253,100495523840.0,0.0003,129.74023866653442,153.787109375,0,0,exported_float_payload,False
operand_hybrid_fixed_h32,Operand hybrid + fixed H32,23970,2.504791736602783,2.9150333404541016,0.13488295674324036,35971.20432280145,2302157.076659293,92.58900050288766,100537466880.0,0.0003,129.74023866653442,153.787109375,0,0,exported_float_payload,False
operand_hybrid_fixed_h32,Operand hybrid + fixed H32,23980,2.488260269165039,3.5099477767944336,0.11613719165325165,35983.21577401438,2302925.8095369204,92.61991768465377,100579409920.0,0.0003,129.74023866653442,153.787109375,0,0,exported_float_payload,False
operand_hybrid_fixed_h32,Operand hybrid + fixed H32,23990,2.4866607189178467,2.99286150932312,0.2141282707452774,36007.98346520242,2304510.941772955,92.68366911625128,100621352960.0,0.0003,129.74023866653442,153.787109375,0,0,exported_float_payload,False
operand_hybrid_fixed_h32,Operand hybrid + fixed H32,24000,2.5119411945343018,3.2952969074249268,0.12478165328502655,36020.28031426646,2305297.9401130537,92.71532090510875,100663296000.0,0.0003,129.74023866653442,153.787109375,0,0,exported_float_payload,False
operand_hybrid_fixed_h32,Operand hybrid + fixed H32,24010,2.483950138092041,2.8814077377319336,0.11454950273036957,28557.86639661033,1827703.4493830611,73.50724992215733,100705239040.0,0.0003,129.74023866653442,153.787109375,0,0,exported_float_payload,False
operand_hybrid_fixed_h32,Operand hybrid + fixed H32,24020,2.5252959728240967,3.6699960231781006,0.09067327529191971,36010.450848204506,2304668.8542850884,92.69002009977606,100747182080.0,0.0003,129.74023866653442,153.787109375,0,0,exported_float_payload,False
operand_hybrid_fixed_h32,Operand hybrid + fixed H32,24030,2.5026519298553467,3.071918487548828,0.08396005630493164,36013.93088778376,2304891.5768181607,92.69897763657306,100789125120.0,0.0003,129.74023866653442,153.787109375,0,0,exported_float_payload,False
operand_hybrid_fixed_h32,Operand hybrid + fixed H32,24040,2.4912564754486084,2.9381461143493652,0.13198663294315338,35975.39801158256,2302425.472741284,92.59979495528293,100831068160.0,0.0003,129.74023866653442,153.787109375,0,0,exported_float_payload,False
operand_hybrid_fixed_h32,Operand hybrid + fixed H32,24050,2.485642194747925,2.9822378158569336,0.09968075156211853,35993.01118838544,2303552.716056668,92.64513084176659,100873011200.0,0.0003,129.74023866653442,153.787109375,0,0,exported_float_payload,False
operand_hybrid_fixed_h32,Operand hybrid + fixed H32,24060,2.45873761177063,2.943976402282715,0.11295536160469055,35981.94121766527,2302844.2379305772,92.61663700777152,100914954240.0,0.0003,129.74023866653442,153.787109375,0,0,exported_float_payload,False
operand_hybrid_fixed_h32,Operand hybrid + fixed H32,24070,2.491586208343506,2.866722822189331,0.09316327422857285,35973.77692182182,2302321.7229965967,92.59562230987119,100956897280.0,0.0003,129.74023866653442,153.787109375,0,0,exported_float_payload,False
operand_hybrid_fixed_h32,Operand hybrid + fixed H32,24080,2.480412006378174,2.8783297538757324,0.12553198635578156,35999.953469172964,2303997.0220270697,92.6630001027888,100998840320.0,0.0003,129.74023866653442,153.787109375,0,0,exported_float_payload,False
operand_hybrid_fixed_h32,Operand hybrid + fixed H32,24090,2.487820863723755,3.1107616424560547,0.1452934592962265,36009.26787269519,2304593.1438524923,92.68697514973648,101040783360.0,0.0003,129.74023866653442,153.787109375,0,0,exported_float_payload,False
operand_hybrid_fixed_h32,Operand hybrid + fixed H32,24100,2.472445011138916,2.8822402954101562,0.12387670576572418,36004.99938408133,2304319.9605812053,92.67598816440041,101082726400.0,0.0003,129.74023866653442,153.787109375,0,0,exported_float_payload,False
operand_hybrid_fixed_h32,Operand hybrid + fixed H32,24110,2.468332290649414,2.9238171577453613,0.09422428905963898,35983.55569972347,2302947.564782302,92.62079264511847,101124669440.0,0.0003,129.74023866653442,153.787109375,0,0,exported_float_payload,False
operand_hybrid_fixed_h32,Operand hybrid + fixed H32,24120,2.4863638877868652,2.953235387802124,0.12395111471414566,35981.766973641585,2302833.0863130614,92.61618850791447,101166612480.0,0.0003,129.74023866653442,153.787109375,0,0,exported_float_payload,False
operand_hybrid_fixed_h32,Operand hybrid + fixed H32,24130,2.4470748901367188,2.9173736572265625,0.08902650326490402,35982.75819882599,2302896.5247248635,92.61873989730566,101208555520.0,0.0003,129.74023866653442,153.787109375,0,0,exported_float_payload,False
operand_hybrid_fixed_h32,Operand hybrid + fixed H32,24140,2.495859384536743,3.0569968223571777,0.15823669731616974,36022.59546114722,2305446.109513422,92.7212800365791,101250498560.0,0.0003,129.74023866653442,153.787109375,0,0,exported_float_payload,False
operand_hybrid_fixed_h32,Operand hybrid + fixed H32,24150,2.4823124408721924,3.1019792556762695,0.061825141310691833,35934.2730252612,2299793.473616717,92.49394024591541,101292441600.0,0.0003,129.74023866653442,153.787109375,0,0,exported_float_payload,False
operand_hybrid_fixed_h32,Operand hybrid + fixed H32,24160,2.4948854446411133,2.9307212829589844,0.20747175812721252,36011.05843206094,2304707.7396519003,92.69158400576832,101334384640.0,0.0003,129.74023866653442,153.787109375,0,0,exported_float_payload,False
operand_hybrid_fixed_h32,Operand hybrid + fixed H32,24170,2.4650402069091797,2.869635581970215,0.1250389814376831,35991.22720662727,2303438.5412241453,92.64053891633584,101376327680.0,0.0003,129.74023866653442,153.787109375,0,0,exported_float_payload,False
operand_hybrid_fixed_h32,Operand hybrid + fixed H32,24180,2.495836019515991,3.0236048698425293,0.09055659919977188,35950.24123824227,2300815.4392475053,92.53504203573782,101418270720.0,0.0003,129.74023866653442,153.787109375,0,0,exported_float_payload,False
operand_hybrid_fixed_h32,Operand hybrid + fixed H32,24190,2.4871928691864014,2.9706106185913086,0.2025720626115799,35977.92854673187,2302587.4269908397,92.60630849089073,101460213760.0,0.0003,129.74023866653442,153.787109375,0,0,exported_float_payload,False
operand_hybrid_fixed_h32,Operand hybrid + fixed H32,24200,2.4541285037994385,3.089947462081909,0.08142123371362686,36006.37127202334,2304407.7614094936,92.67951937042321,101502156800.0,0.0003,129.74023866653442,153.787109375,0,0,exported_float_payload,False
operand_hybrid_fixed_h32,Operand hybrid + fixed H32,24210,2.516995906829834,3.094350814819336,0.0997246503829956,35994.15601469573,2303625.9849405265,92.64807759670056,101544099840.0,0.0003,129.74023866653442,153.787109375,0,0,exported_float_payload,False
operand_hybrid_fixed_h32,Operand hybrid + fixed H32,24220,2.4519474506378174,2.8460888862609863,0.13746336102485657,35992.132763699825,2303496.496876789,92.64286979810154,101586042880.0,0.0003,129.74023866653442,153.787109375,0,0,exported_float_payload,False
operand_hybrid_fixed_h32,Operand hybrid + fixed H32,24230,2.4794018268585205,2.997138500213623,0.1427989900112152,35984.79712128318,2303027.0157621237,92.6239880338629,101627985920.0,0.0003,129.74023866653442,153.787109375,0,0,exported_float_payload,False
operand_hybrid_fixed_h32,Operand hybrid + fixed H32,24240,2.513584613800049,3.0205483436584473,0.12913860380649567,35993.53247657349,2303586.0785007034,92.64647262481817,101669928960.0,0.0003,129.74023866653442,153.787109375,0,0,exported_float_payload,False
operand_hybrid_fixed_h32,Operand hybrid + fixed H32,24250,2.5213654041290283,3.266780138015747,0.10806460678577423,35975.57065081494,2302436.521652156,92.60023932444638,101711872000.0,0.0003,129.74023866653442,153.787109375,0,0,exported_float_payload,False
operand_hybrid_fixed_h32,Operand hybrid + fixed H32,24260,2.491205930709839,3.2602906227111816,0.07315487414598465,36002.79167234752,2304178.6670302413,92.67030556837172,101753815040.0,0.0003,129.74023866653442,153.787109375,0,0,exported_float_payload,False
operand_hybrid_fixed_h32,Operand hybrid + fixed H32,24270,2.4805195331573486,3.1723527908325195,0.16204699873924255,35970.16512769169,2302090.568172268,92.58632564008137,101795758080.0,0.0003,129.74023866653442,153.787109375,0,0,exported_float_payload,False
operand_hybrid_fixed_h32,Operand hybrid + fixed H32,24280,2.500141143798828,3.306657552719116,0.09706756472587585,35962.26567207496,2301585.0030127973,92.5659926344498,101837701120.0,0.0003,129.74023866653442,153.787109375,0,0,exported_float_payload,False
operand_hybrid_fixed_h32,Operand hybrid + fixed H32,24290,2.4690990447998047,2.979668140411377,0.11003651469945908,35980.097704112384,2302726.2530631926,92.6118918489566,101879644160.0,0.0003,129.74023866653442,153.787109375,0,0,exported_float_payload,False
operand_hybrid_fixed_h32,Operand hybrid + fixed H32,24300,2.481353282928467,2.925668478012085,0.2610544264316559,35982.94393025427,2302908.411536273,92.61921796546127,101921587200.0,0.0003,129.74023866653442,153.787109375,0,0,exported_float_payload,False
operand_hybrid_fixed_h32,Operand hybrid + fixed H32,24310,2.48301100730896,3.011098623275757,0.12655435502529144,35960.0548474139,2301443.5102344896,92.56030202582247,101963530240.0,0.0003,129.74023866653442,153.787109375,0,0,exported_float_payload,False
operand_hybrid_fixed_h32,Operand hybrid + fixed H32,24320,2.459658145904541,2.899294853210449,0.11313751339912415,35955.7907733198,2301170.6094924673,92.54932640335234,102005473280.0,0.0003,129.74023866653442,153.787109375,0,0,exported_float_payload,False
operand_hybrid_fixed_h32,Operand hybrid + fixed H32,24330,2.490532159805298,3.2241830825805664,0.2144632488489151,36007.76644986904,2304497.0527916187,92.68311052408875,102047416320.0,0.0003,129.74023866653442,153.787109375,0,0,exported_float_payload,False
operand_hybrid_fixed_h32,Operand hybrid + fixed H32,24340,2.470059633255005,2.906670093536377,0.22981588542461395,36012.893722330395,2304825.1982291453,92.6963079980527,102089359360.0,0.0003,129.74023866653442,153.787109375,0,0,exported_float_payload,False
operand_hybrid_fixed_h32,Operand hybrid + fixed H32,24350,2.434953212738037,2.9069714546203613,0.11178833991289139,35969.72085404531,2302062.1346588996,92.58518209057718,102131302400.0,0.0003,129.74023866653442,153.787109375,0,0,exported_float_payload,False
operand_hybrid_fixed_h32,Operand hybrid + fixed H32,24360,2.472140312194824,2.8696823120117188,0.0988762378692627,35983.352408143925,2302934.554121211,92.62026937756278,102173245440.0,0.0003,129.74023866653442,153.787109375,0,0,exported_float_payload,False
operand_hybrid_fixed_h32,Operand hybrid + fixed H32,24370,2.4947867393493652,2.9399795532226562,0.14627328515052795,35995.13649868322,2303688.735915726,92.6506013385135,102215188480.0,0.0003,129.74023866653442,153.787109375,0,0,exported_float_payload,False
operand_hybrid_fixed_h32,Operand hybrid + fixed H32,24380,2.5272216796875,3.0582098960876465,0.12555386126041412,35987.210550378084,2303181.4752241974,92.63020014134965,102257131520.0,0.0003,129.74023866653442,153.787109375,0,0,exported_float_payload,False
operand_hybrid_fixed_h32,Operand hybrid + fixed H32,24390,2.475128173828125,2.9930529594421387,0.18178251385688782,35944.77483861185,2300465.589671158,92.52097165673163,102299074560.0,0.0003,129.74023866653442,153.787109375,0,0,exported_float_payload,False
operand_hybrid_fixed_h32,Operand hybrid + fixed H32,24400,2.4787590503692627,3.059368371963501,0.12069819867610931,35976.9256648347,2302523.242549421,92.60372709740587,102341017600.0,0.0003,129.74023866653442,153.787109375,0,0,exported_float_payload,False
operand_hybrid_fixed_h32,Operand hybrid + fixed H32,24410,2.447160243988037,3.4666616916656494,0.08938106894493103,35997.97764564367,2303870.5693211947,92.65791438132932,102382960640.0,0.0003,129.74023866653442,153.787109375,0,0,exported_float_payload,False
operand_hybrid_fixed_h32,Operand hybrid + fixed H32,24420,2.4699645042419434,3.1321921348571777,0.20886993408203125,35972.45976167534,2302237.4247472216,92.59223197185607,102424903680.0,0.0003,129.74023866653442,153.787109375,0,0,exported_float_payload,False
operand_hybrid_fixed_h32,Operand hybrid + fixed H32,24430,2.466146469116211,3.249842882156372,0.11619240790605545,35980.19386225672,2302732.40718443,92.61213935766925,102466846720.0,0.0003,129.74023866653442,153.787109375,0,0,exported_float_payload,False
operand_hybrid_fixed_h32,Operand hybrid + fixed H32,24440,2.490462303161621,2.962434768676758,0.19960589706897736,35956.8431309953,2301237.9603836993,92.55203514628104,102508789760.0,0.0003,129.74023866653442,153.787109375,0,0,exported_float_payload,False
operand_hybrid_fixed_h32,Operand hybrid + fixed H32,24450,2.461016893386841,2.94502592086792,0.1418219804763794,36006.67997720097,2304427.518540862,92.68031397000321,102550732800.0,0.0003,129.74023866653442,153.787109375,0,0,exported_float_payload,False
operand_hybrid_fixed_h32,Operand hybrid + fixed H32,24460,2.517270565032959,2.9416027069091797,0.07686668634414673,35985.31324528608,2303060.047698309,92.62531652442814,102592675840.0,0.0003,129.74023866653442,153.787109375,0,0,exported_float_payload,False
operand_hybrid_fixed_h32,Operand hybrid + fixed H32,24470,2.51074481010437,3.364948272705078,0.2178335338830948,35997.34989352205,2303830.393185411,92.65629856271556,102634618880.0,0.0003,129.74023866653442,153.787109375,0,0,exported_float_payload,False
operand_hybrid_fixed_h32,Operand hybrid + fixed H32,24480,2.4822559356689453,2.9222702980041504,0.0887417122721672,35962.5425177597,2301602.7211366207,92.56670522847398,102676561920.0,0.0003,129.74023866653442,153.787109375,0,0,exported_float_payload,False
operand_hybrid_fixed_h32,Operand hybrid + fixed H32,24490,2.4968478679656982,3.494701385498047,0.12241765856742859,35973.110618861356,2302279.079607127,92.59390726234072,102718504960.0,0.0003,129.74023866653442,153.787109375,0,0,exported_float_payload,False
operand_hybrid_fixed_h32,Operand hybrid + fixed H32,24500,2.4736199378967285,2.962313175201416,0.08045795559883118,35980.528025854175,2302753.793654667,92.61299948659946,102760448000.0,0.0003,129.74023866653442,153.787109375,0,0,exported_float_payload,False
operand_hybrid_fixed_h32,Operand hybrid + fixed H32,24510,2.498385429382324,2.9372615814208984,0.14880149066448212,35999.69621191409,2303980.5575625016,92.66233792889386,102802391040.0,0.0003,129.74023866653442,153.787109375,0,0,exported_float_payload,False
operand_hybrid_fixed_h32,Operand hybrid + fixed H32,24520,2.481616735458374,3.0328915119171143,0.4227169454097748,35967.44303965171,2301916.3545377096,92.57931905201607,102844334080.0,0.0003,129.74023866653442,153.787109375,0,0,exported_float_payload,False
operand_hybrid_fixed_h32,Operand hybrid + fixed H32,24530,2.4861459732055664,2.895216464996338,0.14026451110839844,35990.96489773216,2303421.7534548584,92.63986373965277,102886277120.0,0.0003,129.74023866653442,153.787109375,0,0,exported_float_payload,False
operand_hybrid_fixed_h32,Operand hybrid + fixed H32,24540,2.4505279064178467,2.955162525177002,0.072736956179142,35988.47560644152,2303262.4388122573,92.63345636472884,102928220160.0,0.0003,129.74023866653442,153.787109375,0,0,exported_float_payload,False
operand_hybrid_fixed_h32,Operand hybrid + fixed H32,24550,2.506479501724243,2.8605003356933594,0.1889827698469162,35991.910739763465,2303482.287344862,92.6422983139174,102970163200.0,0.0003,129.74023866653442,153.787109375,0,0,exported_float_payload,False
operand_hybrid_fixed_h32,Operand hybrid + fixed H32,24560,2.4247360229492188,2.9224064350128174,0.1341414749622345,35989.100792493846,2303302.450719606,92.63506557834299,103012106240.0,0.0003,129.74023866653442,153.787109375,0,0,exported_float_payload,False
operand_hybrid_fixed_h32,Operand hybrid + fixed H32,24570,2.519014835357666,2.952302932739258,0.1330646574497223,35992.88089032944,2303544.3769810842,92.64479545775598,103054049280.0,0.0003,129.74023866653442,153.787109375,0,0,exported_float_payload,False
operand_hybrid_fixed_h32,Operand hybrid + fixed H32,24580,2.4707131385803223,3.105529308319092,0.12438895553350449,36017.57160256808,2305124.582564357,92.7083487474197,103095992320.0,0.0003,129.74023866653442,153.787109375,0,0,exported_float_payload,False
operand_hybrid_fixed_h32,Operand hybrid + fixed H32,24590,2.5020275115966797,3.1459622383117676,0.13088828325271606,36012.40096485007,2304793.6617504046,92.6950396523453,103137935360.0,0.0003,129.74023866653442,153.787109375,0,0,exported_float_payload,False
operand_hybrid_fixed_h32,Operand hybrid + fixed H32,24600,2.481414318084717,3.159019947052002,0.08607785403728485,35986.952924011806,2303164.9871367556,92.62953701738131,103179878400.0,0.0003,129.74023866653442,153.787109375,0,0,exported_float_payload,False
operand_hybrid_fixed_h32,Operand hybrid + fixed H32,24610,2.498119831085205,3.405015468597412,0.07837919890880585,36003.38485985468,2304216.6310306997,92.67183241851289,103221821440.0,0.0003,129.74023866653442,153.787109375,0,0,exported_float_payload,False
operand_hybrid_fixed_h32,Operand hybrid + fixed H32,24620,2.5145423412323,3.351579427719116,0.09870343655347824,36004.85174125881,2304310.511440564,92.67560813538482,103263764480.0,0.0003,129.74023866653442,153.787109375,0,0,exported_float_payload,False
operand_hybrid_fixed_h32,Operand hybrid + fixed H32,24630,2.5072827339172363,3.0490469932556152,0.09964334964752197,35999.31360738462,2303956.0708726156,92.66135311418893,103305707520.0,0.0003,129.74023866653442,153.787109375,0,0,exported_float_payload,False
operand_hybrid_fixed_h32,Operand hybrid + fixed H32,24640,2.502340078353882,3.0862932205200195,0.16454121470451355,35976.13574135927,2302472.6874469933,92.60169385369215,103347650560.0,0.0003,129.74023866653442,153.787109375,0,0,exported_float_payload,False
operand_hybrid_fixed_h32,Operand hybrid + fixed H32,24650,2.4713361263275146,3.0694539546966553,0.06663602590560913,36013.036361775274,2304834.3271536175,92.69667514849658,103389593600.0,0.0003,129.74023866653442,153.787109375,0,0,exported_float_payload,False
operand_hybrid_fixed_h32,Operand hybrid + fixed H32,24660,2.4489688873291016,2.955688714981079,0.0752645879983902,36021.58522510582,2305381.4544067723,92.71867971370679,103431536640.0,0.0003,129.74023866653442,153.787109375,0,0,exported_float_payload,False
operand_hybrid_fixed_h32,Operand hybrid + fixed H32,24670,2.481194496154785,2.9377853870391846,0.11044066399335861,36007.03335957406,2304450.13501274,92.68122356759206,103473479680.0,0.0003,129.74023866653442,153.787109375,0,0,exported_float_payload,False
operand_hybrid_fixed_h32,Operand hybrid + fixed H32,24680,2.5385048389434814,4.082744121551514,0.17422132194042206,36002.17339399723,2304139.097215823,92.66871413501374,103515422720.0,0.0003,129.74023866653442,153.787109375,0,0,exported_float_payload,False
operand_hybrid_fixed_h32,Operand hybrid + fixed H32,24690,2.4907796382904053,2.972900867462158,0.10209084302186966,35968.16019427913,2301962.2524338644,92.58116499049405,103557365760.0,0.0003,129.74023866653442,153.787109375,0,0,exported_float_payload,False
operand_hybrid_fixed_h32,Operand hybrid + fixed H32,24700,2.4805116653442383,3.095691204071045,0.10520222038030624,35994.53209773515,2303650.0542550497,92.64904562524956,103599308800.0,0.0003,129.74023866653442,153.787109375,0,0,exported_float_payload,False
operand_hybrid_fixed_h32,Operand hybrid + fixed H32,24710,2.5013880729675293,3.0095977783203125,0.16896948218345642,36008.93436816327,2304571.799562449,92.68611671722482,103641251840.0,0.0003,129.74023866653442,153.787109375,0,0,exported_float_payload,False
operand_hybrid_fixed_h32,Operand hybrid + fixed H32,24720,2.4875433444976807,3.018557071685791,0.09628892689943314,35979.49611130882,2302687.7511237646,92.61034336378798,103683194880.0,0.0003,129.74023866653442,153.787109375,0,0,exported_float_payload,False
operand_hybrid_fixed_h32,Operand hybrid + fixed H32,24730,2.487851619720459,3.079669952392578,0.09140016883611679,35946.49193505019,2300575.483843212,92.52539142098435,103725137920.0,0.0003,129.74023866653442,153.787109375,0,0,exported_float_payload,False
operand_hybrid_fixed_h32,Operand hybrid + fixed H32,24740,2.4793484210968018,3.126861810684204,0.20652683079242706,35994.88556575189,2303672.676208121,92.64995544328305,103767080960.0,0.0003,129.74023866653442,153.787109375,0,0,exported_float_payload,False
operand_hybrid_fixed_h32,Operand hybrid + fixed H32,24750,2.471917152404785,3.0314371585845947,0.116365946829319,35966.34750416361,2301846.240266471,92.57649917045336,103809024000.0,0.0003,129.74023866653442,153.787109375,0,0,exported_float_payload,False
operand_hybrid_fixed_h32,Operand hybrid + fixed H32,24760,2.4745421409606934,3.0272305011749268,0.08934085816144943,35958.25638024675,2301328.408335792,92.55567281530314,103850967040.0,0.0003,129.74023866653442,153.787109375,0,0,exported_float_payload,False
operand_hybrid_fixed_h32,Operand hybrid + fixed H32,24770,2.5114736557006836,3.3219187259674072,0.18290214240550995,36006.454898709104,2304413.1135173826,92.67973462346788,103892910080.0,0.0003,129.74023866653442,153.787109375,0,0,exported_float_payload,False
operand_hybrid_fixed_h32,Operand hybrid + fixed H32,24780,2.549860715866089,5.766658782958984,0.12430118024349213,35980.31296948012,2302740.0300467275,92.61244593675035,103934853120.0,0.0003,129.74023866653442,153.787109375,0,0,exported_float_payload,False
operand_hybrid_fixed_h32,Operand hybrid + fixed H32,24790,2.4801464080810547,3.2588841915130615,0.0839696079492569,35987.810879112134,2303219.8962631766,92.63174537283426,103976796160.0,0.0003,129.74023866653442,153.787109375,0,0,exported_float_payload,False
operand_hybrid_fixed_h32,Operand hybrid + fixed H32,24800,2.504056930541992,2.971102237701416,0.09852723032236099,35985.95541867666,2303101.1467953064,92.62696946303565,104018739200.0,0.0003,129.74023866653442,153.787109375,0,0,exported_float_payload,False
operand_hybrid_fixed_h32,Operand hybrid + fixed H32,24810,2.467475652694702,2.8815720081329346,0.16659905016422272,35976.60641984226,2302502.8108699047,92.60290536860022,104060682240.0,0.0003,129.74023866653442,153.787109375,0,0,exported_float_payload,False
operand_hybrid_fixed_h32,Operand hybrid + fixed H32,24820,2.5080175399780273,3.1313886642456055,0.09884274005889893,36015.70644995549,2305005.2127971514,92.70354789019414,104102625280.0,0.0003,129.74023866653442,153.787109375,0,0,exported_float_payload,False
operand_hybrid_fixed_h32,Operand hybrid + fixed H32,24830,2.478976011276245,2.9423775672912598,0.13785673677921295,35997.6701494437,2303850.889564397,92.65712289362827,104144568320.0,0.0003,129.74023866653442,153.787109375,0,0,exported_float_payload,False
operand_hybrid_fixed_h32,Operand hybrid + fixed H32,24840,2.455461025238037,2.9394538402557373,0.06804642826318741,35979.8928740861,2302713.1439415105,92.61136462147664,104186511360.0,0.0003,129.74023866653442,153.787109375,0,0,exported_float_payload,False
operand_hybrid_fixed_h32,Operand hybrid + fixed H32,24850,2.4771695137023926,3.0952401161193848,0.10555101186037064,35949.74046996531,2300783.39007778,92.5337530704357,104228454400.0,0.0003,129.74023866653442,153.787109375,0,0,exported_float_payload,False
operand_hybrid_fixed_h32,Operand hybrid + fixed H32,24860,2.4747695922851562,3.2464475631713867,0.14697645604610443,36009.120349647215,2304583.702377422,92.68659542901763,104270397440.0,0.0003,129.74023866653442,153.787109375,0,0,exported_float_payload,False
operand_hybrid_fixed_h32,Operand hybrid + fixed H32,24870,2.511610984802246,4.371798992156982,0.12987162172794342,35981.893711119534,2302841.19751165,92.61651472708424,104312340480.0,0.0003,129.74023866653442,153.787109375,0,0,exported_float_payload,False
operand_hybrid_fixed_h32,Operand hybrid + fixed H32,24880,2.495332717895508,3.2517054080963135,0.10786168277263641,35997.30874163947,2303827.759464926,92.65619263877588,104354283520.0,0.0003,129.74023866653442,153.787109375,0,0,exported_float_payload,False
operand_hybrid_fixed_h32,Operand hybrid + fixed H32,24890,2.510812997817993,3.2673799991607666,0.11583681404590607,36002.54339473149,2304162.7772628153,92.66966650785794,104396226560.0,0.0003,129.74023866653442,153.787109375,0,0,exported_float_payload,False
operand_hybrid_fixed_h32,Operand hybrid + fixed H32,24900,2.447763681411743,2.9582982063293457,0.08466216176748276,35979.90515572736,2302713.9299665513,92.61139623412099,104438169600.0,0.0003,129.74023866653442,153.787109375,0,0,exported_float_payload,False
operand_hybrid_fixed_h32,Operand hybrid + fixed H32,24910,2.510711193084717,3.1365408897399902,0.11111271381378174,35990.42247021185,2303387.0380935585,92.63846754447675,104480112640.0,0.0003,129.74023866653442,153.787109375,0,0,exported_float_payload,False
operand_hybrid_fixed_h32,Operand hybrid + fixed H32,24920,2.4732463359832764,3.142800807952881,0.3012934625148773,35983.63900241567,2302952.896154603,92.62100706421161,104522055680.0,0.0003,129.74023866653442,153.787109375,0,0,exported_float_payload,False
operand_hybrid_fixed_h32,Operand hybrid + fixed H32,24930,2.489609718322754,3.0102930068969727,0.10882566124200821,36029.86890998525,2305911.610239056,92.74000171606691,104563998720.0,0.0003,129.74023866653442,153.787109375,0,0,exported_float_payload,False
operand_hybrid_fixed_h32,Operand hybrid + fixed H32,24940,2.4830939769744873,3.1988697052001953,0.07474635541439056,35993.936964038796,2303611.965698483,92.64751376566497,104605941760.0,0.0003,129.74023866653442,153.787109375,0,0,exported_float_payload,False
operand_hybrid_fixed_h32,Operand hybrid + fixed H32,24950,2.486421585083008,2.9552383422851562,0.09978698939085007,35994.1367795121,2303624.753888774,92.64802808580815,104647884800.0,0.0003,129.74023866653442,153.787109375,0,0,exported_float_payload,False
operand_hybrid_fixed_h32,Operand hybrid + fixed H32,24960,2.4878430366516113,2.9255611896514893,0.1324845552444458,36001.166442372974,2304074.6523118704,92.66612226615085,104689827840.0,0.0003,129.74023866653442,153.787109375,0,0,exported_float_payload,False
operand_hybrid_fixed_h32,Operand hybrid + fixed H32,24970,2.491635322570801,2.9094161987304688,0.13718688488006592,26734.33668061201,1710997.5475591687,68.81352901483214,104731770880.0,0.0003,129.74023866653442,153.787109375,0,0,exported_float_payload,False
operand_hybrid_fixed_h32,Operand hybrid + fixed H32,24980,2.5148544311523438,3.053201675415039,0.08380939066410065,36024.26401423564,2305552.896911081,92.72557485143592,104773713920.0,0.0003,129.74023866653442,153.787109375,0,0,exported_float_payload,False
operand_hybrid_fixed_h32,Operand hybrid + fixed H32,24990,2.492558240890503,3.128620147705078,0.15509837865829468,36001.20615169822,2304077.193708686,92.66622447698323,104815656960.0,0.0003,129.74023866653442,153.787109375,0,0,exported_float_payload,False
operand_hybrid_fixed_h32,Operand hybrid + fixed H32,25000,2.5104870796203613,3.316141366958618,0.11117299646139145,36002.56014853219,2304163.84950606,92.66970963173134,104857600000.0,0.0003,129.74023866653442,153.787109375,0,0,exported_float_payload,False
operand_hybrid_fixed_h32,Operand hybrid + fixed H32,25010,2.4444808959960938,2.9017069339752197,0.17880088090896606,28469.586821292356,1822053.5565627108,73.28002045354792,104899543040.0,0.0003,129.74023866653442,153.787109375,0,0,exported_float_payload,False
operand_hybrid_fixed_h32,Operand hybrid + fixed H32,25020,2.4892189502716064,3.17498517036438,0.1251395344734192,36015.43883945319,2304988.0857250043,92.70285906730376,104941486080.0,0.0003,129.74023866653442,153.787109375,0,0,exported_float_payload,False
operand_hybrid_fixed_h32,Operand hybrid + fixed H32,25030,2.522650718688965,3.0663819313049316,0.09816589206457138,35992.40799651472,2303514.111776942,92.64357824063818,104983429120.0,0.0003,129.74023866653442,153.787109375,0,0,exported_float_payload,False
operand_hybrid_fixed_h32,Operand hybrid + fixed H32,25040,2.499854803085327,2.9067792892456055,0.0934680923819542,35998.39775278748,2303897.456178399,92.65899572684673,105025372160.0,0.0003,129.74023866653442,153.787109375,0,0,exported_float_payload,False
operand_hybrid_fixed_h32,Operand hybrid + fixed H32,25050,2.497624635696411,2.974885940551758,0.08282820880413055,35988.312194146645,2303251.9804253853,92.63303574547695,105067315200.0,0.0003,129.74023866653442,153.787109375,0,0,exported_float_payload,False
operand_hybrid_fixed_h32,Operand hybrid + fixed H32,25060,2.5074071884155273,3.251422882080078,0.11771511286497116,35992.63184454671,2303528.4380509895,92.64415441999991,105109258240.0,0.0003,129.74023866653442,153.787109375,0,0,exported_float_payload,False
operand_hybrid_fixed_h32,Operand hybrid + fixed H32,25070,2.4690170288085938,2.963517665863037,0.12152580171823502,35998.50486116304,2303904.3111144346,92.65927142118682,105151201280.0,0.0003,129.74023866653442,153.787109375,0,0,exported_float_payload,False
operand_hybrid_fixed_h32,Operand hybrid + fixed H32,25080,2.4478161334991455,3.0952608585357666,0.07620608806610107,35997.904574284206,2303865.892754189,92.65772629743651,105193144320.0,0.0003,129.74023866653442,153.787109375,0,0,exported_float_payload,False
operand_hybrid_fixed_h32,Operand hybrid + fixed H32,25090,2.479816436767578,3.031127452850342,0.1132926419377327,35987.25446649579,2303184.2858557305,92.63031318036296,105235087360.0,0.0003,129.74023866653442,153.787109375,0,0,exported_float_payload,False
operand_hybrid_fixed_h32,Operand hybrid + fixed H32,25100,2.481919765472412,3.0152196884155273,0.330746591091156,35994.084875457775,2303621.4320292976,92.64789448604127,105277030400.0,0.0003,129.74023866653442,153.787109375,0,0,exported_float_payload,False
operand_hybrid_fixed_h32,Operand hybrid + fixed H32,25110,2.4878287315368652,3.194338083267212,0.14250865578651428,35996.962818187094,2303805.620363974,92.6553022402666,105318973440.0,0.0003,129.74023866653442,153.787109375,0,0,exported_float_payload,False
operand_hybrid_fixed_h32,Operand hybrid + fixed H32,25120,2.493910551071167,2.972531318664551,0.12769855558872223,36000.97709606203,2304062.53414797,92.66563489337561,105360916480.0,0.0003,129.74023866653442,153.787109375,0,0,exported_float_payload,False
operand_hybrid_fixed_h32,Operand hybrid + fixed H32,25130,2.495762348175049,2.873774528503418,0.0835973396897316,36004.62115349664,2304295.753823785,92.6750146081224,105402859520.0,0.0003,129.74023866653442,153.787109375,0,0,exported_float_payload,False
operand_hybrid_fixed_h32,Operand hybrid + fixed H32,25140,2.463778018951416,2.944230079650879,0.1465388834476471,36020.6601544729,2305322.2498862655,92.71629860451378,105444802560.0,0.0003,129.74023866653442,153.787109375,0,0,exported_float_payload,False
operand_hybrid_fixed_h32,Operand hybrid + fixed H32,25150,2.483762264251709,2.974604606628418,0.18283061683177948,36011.04182422849,2304706.676750623,92.69154125761361,105486745600.0,0.0003,129.74023866653442,153.787109375,0,0,exported_float_payload,False
operand_hybrid_fixed_h32,Operand hybrid + fixed H32,25160,2.4820456504821777,2.904114007949829,0.08579868823289871,35997.33495011584,2303829.4368074136,92.65626009875331,105528688640.0,0.0003,129.74023866653442,153.787109375,0,0,exported_float_payload,False
operand_hybrid_fixed_h32,Operand hybrid + fixed H32,25170,2.4890847206115723,2.8820292949676514,0.08979196846485138,35986.853504466984,2303158.624285887,92.62928111390355,105570631680.0,0.0003,129.74023866653442,153.787109375,0,0,exported_float_payload,False
operand_hybrid_fixed_h32,Operand hybrid + fixed H32,25180,2.468888759613037,3.3853518962860107,0.10735493898391724,35981.28498325603,2302802.238928386,92.61494787644575,105612574720.0,0.0003,129.74023866653442,153.787109375,0,0,exported_float_payload,False
operand_hybrid_fixed_h32,Operand hybrid + fixed H32,25190,2.4766743183135986,2.8832333087921143,0.10096009075641632,35997.74352277752,2303855.5854577613,92.65731175479569,105654517760.0,0.0003,129.74023866653442,153.787109375,0,0,exported_float_payload,False
operand_hybrid_fixed_h32,Operand hybrid + fixed H32,25200,2.4943020343780518,2.9359869956970215,0.13726459443569183,35998.33826303995,2303893.648834557,92.65884260169098,105696460800.0,0.0003,129.74023866653442,153.787109375,0,0,exported_float_payload,False
operand_hybrid_fixed_h32,Operand hybrid + fixed H32,25210,2.487966537475586,2.8393819332122803,0.10339660197496414,35992.32520641983,2303508.813210869,92.643365140958,105738403840.0,0.0003,129.74023866653442,153.787109375,0,0,exported_float_payload,False
operand_hybrid_fixed_h32,Operand hybrid + fixed H32,25220,2.4908998012542725,2.93324613571167,0.12996135652065277,35972.29327948892,2302226.769887291,92.59180345077839,105780346880.0,0.0003,129.74023866653442,153.787109375,0,0,exported_float_payload,False
operand_hybrid_fixed_h32,Operand hybrid + fixed H32,25230,2.467137575149536,2.8985118865966797,0.12713605165481567,36024.159611951356,2305546.215164887,92.7253061225086,105822289920.0,0.0003,129.74023866653442,153.787109375,0,0,exported_float_payload,False
operand_hybrid_fixed_h32,Operand hybrid + fixed H32,25240,2.465924024581909,2.911022663116455,0.12382549047470093,35998.776758696404,2303921.71255657,92.65997127879034,105864232960.0,0.0003,129.74023866653442,153.787109375,0,0,exported_float_payload,False
operand_hybrid_fixed_h32,Operand hybrid + fixed H32,25250,2.442347526550293,2.9412107467651367,0.1763991266489029,36008.834704592264,2304565.421093905,92.68586018562962,105906176000.0,0.0003,129.74023866653442,153.787109375,0,0,exported_float_payload,False
operand_hybrid_fixed_h32,Operand hybrid + fixed H32,25260,2.4661898612976074,2.8774147033691406,0.10612575709819794,36021.25493309953,2305360.31571837,92.7178295501576,105948119040.0,0.0003,129.74023866653442,153.787109375,0,0,exported_float_payload,False
operand_hybrid_fixed_h32,Operand hybrid + fixed H32,25270,2.4634599685668945,3.084822177886963,0.11434231698513031,35999.11797479834,2303943.550387094,92.66084956069469,105990062080.0,0.0003,129.74023866653442,153.787109375,0,0,exported_float_payload,False
operand_hybrid_fixed_h32,Operand hybrid + fixed H32,25280,2.49849009513855,2.932725667953491,0.1889047920703888,35981.426596932215,2302811.3022036618,92.61531238658608,106032005120.0,0.0003,129.74023866653442,153.787109375,0,0,exported_float_payload,False
operand_hybrid_fixed_h32,Operand hybrid + fixed H32,25290,2.489487886428833,2.938197135925293,0.10268555581569672,36004.722550292,2304302.243218688,92.6752756009947,106073948160.0,0.0003,129.74023866653442,153.787109375,0,0,exported_float_payload,False
operand_hybrid_fixed_h32,Operand hybrid + fixed H32,25300,2.5077521800994873,3.3712573051452637,0.08792860060930252,35985.97301921917,2303102.273230027,92.62701476640177,106115891200.0,0.0003,129.74023866653442,153.787109375,0,0,exported_float_payload,False
operand_hybrid_fixed_h32,Operand hybrid + fixed H32,25310,2.464596748352051,3.045337677001953,0.14927257597446442,35969.49056619692,2302047.3962366027,92.5845893352855,106157834240.0,0.0003,129.74023866653442,153.787109375,0,0,exported_float_payload,False
operand_hybrid_fixed_h32,Operand hybrid + fixed H32,25320,2.482424259185791,3.1895437240600586,0.09930678457021713,35975.3767512425,2302424.11207952,92.59974023168736,106199777280.0,0.0003,129.74023866653442,153.787109375,0,0,exported_float_payload,False
operand_hybrid_fixed_h32,Operand hybrid + fixed H32,25330,2.4972879886627197,3.0688681602478027,0.1412578672170639,35976.79631000398,2302514.9638402546,92.60339414123405,106241720320.0,0.0003,129.74023866653442,153.787109375,0,0,exported_float_payload,False
operand_hybrid_fixed_h32,Operand hybrid + fixed H32,25340,2.4825334548950195,3.0781140327453613,0.07056774199008942,35976.11702479637,2302471.4895869675,92.60164567771682,106283663360.0,0.0003,129.74023866653442,153.787109375,0,0,exported_float_payload,False
operand_hybrid_fixed_h32,Operand hybrid + fixed H32,25350,2.5024776458740234,2.9922385215759277,0.28980371356010437,35987.465116092746,2303197.7674299357,92.63085538727557,106325606400.0,0.0003,129.74023866653442,153.787109375,0,0,exported_float_payload,False
operand_hybrid_fixed_h32,Operand hybrid + fixed H32,25360,2.4573311805725098,2.8764395713806152,0.13687191903591156,35970.31221588875,2302099.98181688,92.58670424150458,106367549440.0,0.0003,129.74023866653442,153.787109375,0,0,exported_float_payload,False
operand_hybrid_fixed_h32,Operand hybrid + fixed H32,25370,2.4963841438293457,2.979830265045166,0.14591333270072937,35996.84260726757,2303797.9268651246,92.65499282029867,106409492480.0,0.0003,129.74023866653442,153.787109375,0,0,exported_float_payload,False
operand_hybrid_fixed_h32,Operand hybrid + fixed H32,25380,2.505181312561035,3.0737671852111816,0.0953989326953888,35984.6245600218,2303015.9718413954,92.62354386539488,106451435520.0,0.0003,129.74023866653442,153.787109375,0,0,exported_float_payload,False
operand_hybrid_fixed_h32,Operand hybrid + fixed H32,25390,2.498577833175659,2.9635188579559326,0.15199239552021027,35402.24916336241,2265743.946455194,91.1245238323073,106493378560.0,0.0003,129.74023866653442,153.787109375,0,0,exported_float_payload,False
operand_hybrid_fixed_h32,Operand hybrid + fixed H32,25400,2.470200777053833,2.8875699043273926,0.08159524202346802,35981.65657952006,2302826.0210892837,92.61590435614457,106535321600.0,0.0003,129.74023866653442,153.787109375,0,0,exported_float_payload,False
operand_hybrid_fixed_h32,Operand hybrid + fixed H32,25410,2.4888386726379395,2.9254517555236816,0.08383644372224808,36007.061799600415,2304451.9551744265,92.6812967715246,106577264640.0,0.0003,129.74023866653442,153.787109375,0,0,exported_float_payload,False
operand_hybrid_fixed_h32,Operand hybrid + fixed H32,25420,2.461758852005005,2.992098569869995,0.2621723711490631,35962.187521507534,2301580.001376482,92.56579147679987,106619207680.0,0.0003,129.74023866653442,153.787109375,0,0,exported_float_payload,False
operand_hybrid_fixed_h32,Operand hybrid + fixed H32,25430,2.487828016281128,2.9810824394226074,0.0823884978890419,35983.65584810991,2302953.9742790344,92.62105042461674,106661150720.0,0.0003,129.74023866653442,153.787109375,0,0,exported_float_payload,False
operand_hybrid_fixed_h32,Operand hybrid + fixed H32,25440,2.4851813316345215,2.90254545211792,0.06892675906419754,35994.619069167304,2303655.6204267074,92.64926948758963,106703093760.0,0.0003,129.74023866653442,153.787109375,0,0,exported_float_payload,False
operand_hybrid_fixed_h32,Operand hybrid + fixed H32,25450,2.466643810272217,3.117922306060791,0.12167001515626907,36001.60664069003,2304102.825004162,92.66725532585698,106745036800.0,0.0003,129.74023866653442,153.787109375,0,0,exported_float_payload,False
operand_hybrid_fixed_h32,Operand hybrid + fixed H32,25460,2.4909310340881348,3.0346622467041016,0.09644944965839386,35978.52677412099,2302625.7135437434,92.60784831356486,106786979840.0,0.0003,129.74023866653442,153.787109375,0,0,exported_float_payload,False
operand_hybrid_fixed_h32,Operand hybrid + fixed H32,25470,2.4482221603393555,2.9656260013580322,0.1178106963634491,36018.561511500295,2305187.936736019,92.71089674880993,106828922880.0,0.0003,129.74023866653442,153.787109375,0,0,exported_float_payload,False
operand_hybrid_fixed_h32,Operand hybrid + fixed H32,25480,2.4571266174316406,2.8820691108703613,0.12763753533363342,35971.384940792035,2302168.6362106903,92.58946540917967,106870865920.0,0.0003,129.74023866653442,153.787109375,0,0,exported_float_payload,False
operand_hybrid_fixed_h32,Operand hybrid + fixed H32,25490,2.490408420562744,3.1555824279785156,0.12742500007152557,35991.867850545335,2303479.5424349015,92.64218791811848,106912808960.0,0.0003,129.74023866653442,153.787109375,0,0,exported_float_payload,False
operand_hybrid_fixed_h32,Operand hybrid + fixed H32,25500,2.4747846126556396,2.8701093196868896,0.12384308874607086,35976.493620281784,2302495.591698034,92.60261502528928,106954752000.0,0.0003,129.74023866653442,153.787109375,0,0,exported_float_payload,False
operand_hybrid_fixed_h32,Operand hybrid + fixed H32,25510,2.482465982437134,3.1240296363830566,0.1681400090456009,36003.58477195005,2304229.4254048034,92.67234698735894,106996695040.0,0.0003,129.74023866653442,153.787109375,0,0,exported_float_payload,False
operand_hybrid_fixed_h32,Operand hybrid + fixed H32,25520,2.4762632846832275,2.8964059352874756,0.1180139109492302,35965.15781641773,2301770.100250735,92.57343694328095,107038638080.0,0.0003,129.74023866653442,153.787109375,0,0,exported_float_payload,False
operand_hybrid_fixed_h32,Operand hybrid + fixed H32,25530,2.476287841796875,3.0345077514648438,0.3340383470058441,36005.17943061856,2304331.483559588,92.67645159978545,107080581120.0,0.0003,129.74023866653442,153.787109375,0,0,exported_float_payload,False
operand_hybrid_fixed_h32,Operand hybrid + fixed H32,25540,2.472574234008789,2.8666415214538574,0.1202048659324646,36010.983923606196,2304702.9711107966,92.69139222282737,107122524160.0,0.0003,129.74023866653442,153.787109375,0,0,exported_float_payload,False
operand_hybrid_fixed_h32,Operand hybrid + fixed H32,25550,2.4649903774261475,3.0085341930389404,0.09173856675624847,35998.2832484577,2303890.127901293,92.65870099550126,107164467200.0,0.0003,129.74023866653442,153.787109375,0,0,exported_float_payload,False
operand_hybrid_fixed_h32,Operand hybrid + fixed H32,25560,2.4737465381622314,2.997692823410034,0.06181607395410538,35964.7520969497,2301744.1342047807,92.57239263128926,107206410240.0,0.0003,129.74023866653442,153.787109375,0,0,exported_float_payload,False
operand_hybrid_fixed_h32,Operand hybrid + fixed H32,25570,2.45369553565979,2.994677782058716,0.1733919084072113,35995.899716328844,2303737.581845046,92.65256584207418,107248353280.0,0.0003,129.74023866653442,153.787109375,0,0,exported_float_payload,False
operand_hybrid_fixed_h32,Operand hybrid + fixed H32,25580,2.472532272338867,2.9536468982696533,0.09108749032020569,36015.3872610383,2304984.784706451,92.70272630572481,107290296320.0,0.0003,129.74023866653442,153.787109375,0,0,exported_float_payload,False
operand_hybrid_fixed_h32,Operand hybrid + fixed H32,25590,2.467075824737549,2.9525623321533203,0.09859836101531982,35909.26201568423,2298192.769003791,92.42956251873345,107332239360.0,0.0003,129.74023866653442,153.787109375,0,0,exported_float_payload,False
operand_hybrid_fixed_h32,Operand hybrid + fixed H32,25600,2.514767646789551,3.1847662925720215,0.18812303245067596,35983.32227501916,2302932.6256012265,92.62019181563635,107374182400.0,0.0003,129.74023866653442,153.787109375,0,0,exported_float_payload,False
operand_hybrid_fixed_h32,Operand hybrid + fixed H32,25610,2.463386297225952,2.99349308013916,0.1716712862253189,35991.48910883502,2303455.3029654413,92.64121304621561,107416125440.0,0.0003,129.74023866653442,153.787109375,0,0,exported_float_payload,False
operand_hybrid_fixed_h32,Operand hybrid + fixed H32,25620,2.4568088054656982,2.9848484992980957,0.12089474499225616,34367.27261808322,2199505.447557326,88.46051950786523,107458068480.0,0.0003,129.74023866653442,153.787109375,0,0,exported_float_payload,False
operand_hybrid_fixed_h32,Operand hybrid + fixed H32,25630,2.4780139923095703,2.8900680541992188,0.07766186445951462,36000.2335438597,2304014.946807021,92.66372100818519,107500011520.0,0.0003,129.74023866653442,153.787109375,0,0,exported_float_payload,False
operand_hybrid_fixed_h32,Operand hybrid + fixed H32,25640,2.497321605682373,3.9694769382476807,0.12167107313871384,35975.20761569028,2302413.2874041777,92.59930488091099,107541954560.0,0.0003,129.74023866653442,153.787109375,0,0,exported_float_payload,False
operand_hybrid_fixed_h32,Operand hybrid + fixed H32,25650,2.473059892654419,2.959920883178711,0.10918360203504562,35975.12264894821,2302407.8495326852,92.59908617859416,107583897600.0,0.0003,129.74023866653442,153.787109375,0,0,exported_float_payload,False
operand_hybrid_fixed_h32,Operand hybrid + fixed H32,25660,2.4819161891937256,2.9140100479125977,0.14220747351646423,35988.46801694424,2303261.9530844316,92.6334368295484,107625840640.0,0.0003,129.74023866653442,153.787109375,0,0,exported_float_payload,False
operand_hybrid_fixed_h32,Operand hybrid + fixed H32,25670,2.492899179458618,3.0393364429473877,0.11850708723068237,35992.160686824835,2303498.2839567894,92.64294167154266,107667783680.0,0.0003,129.74023866653442,153.787109375,0,0,exported_float_payload,False
operand_hybrid_fixed_h32,Operand hybrid + fixed H32,25680,2.5013749599456787,3.4351892471313477,0.09159018844366074,35990.92836060218,2303419.4150785394,92.63976969397345,107709726720.0,0.0003,129.74023866653442,153.787109375,0,0,exported_float_payload,False
operand_hybrid_fixed_h32,Operand hybrid + fixed H32,25690,2.4913265705108643,3.250858783721924,0.21378184854984283,35988.34248011123,2303253.9187271185,92.63311370080935,107751669760.0,0.0003,129.74023866653442,153.787109375,0,0,exported_float_payload,False
operand_hybrid_fixed_h32,Operand hybrid + fixed H32,25700,2.477900505065918,3.0325722694396973,0.07588274031877518,36007.912986200725,2304506.4311168464,92.68348770502399,107793612800.0,0.0003,129.74023866653442,153.787109375,0,0,exported_float_payload,False
operand_hybrid_fixed_h32,Operand hybrid + fixed H32,25710,2.489060163497925,2.9068636894226074,0.13871052861213684,35984.71728285654,2303021.9061028184,92.6237825317046,107835555840.0,0.0003,129.74023866653442,153.787109375,0,0,exported_float_payload,False
operand_hybrid_fixed_h32,Operand hybrid + fixed H32,25720,2.4783802032470703,2.9666991233825684,0.17830690741539001,35981.74049805158,2302831.391875301,92.61612036039305,107877498880.0,0.0003,129.74023866653442,153.787109375,0,0,exported_float_payload,False
operand_hybrid_fixed_h32,Operand hybrid + fixed H32,25730,2.4911797046661377,3.0143799781799316,0.07351060211658478,35998.49444062074,2303903.6441997276,92.6592445989657,107919441920.0,0.0003,129.74023866653442,153.787109375,0,0,exported_float_payload,False
operand_hybrid_fixed_h32,Operand hybrid + fixed H32,25740,2.4771037101745605,2.898062229156494,0.12193269282579422,35994.974456515,2303678.36521696,92.65018424593411,107961384960.0,0.0003,129.74023866653442,153.787109375,0,0,exported_float_payload,False
operand_hybrid_fixed_h32,Operand hybrid + fixed H32,25750,2.47574782371521,3.0774478912353516,0.10317929089069366,35967.70679458073,2301933.2348531666,92.57999795075509,108003328000.0,0.0003,129.74023866653442,153.787109375,0,0,exported_float_payload,False
operand_hybrid_fixed_h32,Operand hybrid + fixed H32,25760,2.4487056732177734,2.9452579021453857,0.08965108543634415,35989.21730819657,2303309.9077245803,92.63536548691322,108045271040.0,0.0003,129.74023866653442,153.787109375,0,0,exported_float_payload,False
operand_hybrid_fixed_h32,Operand hybrid + fixed H32,25770,2.4781131744384766,2.918001651763916,0.18991723656654358,35992.40341070872,2303513.818285358,92.64356643688566,108087214080.0,0.0003,129.74023866653442,153.787109375,0,0,exported_float_payload,False
operand_hybrid_fixed_h32,Operand hybrid + fixed H32,25780,2.489339590072632,2.9554762840270996,0.09568820893764496,36002.8471906875,2304182.220204,92.6704484712215,108129157120.0,0.0003,129.74023866653442,153.787109375,0,0,exported_float_payload,False
operand_hybrid_fixed_h32,Operand hybrid + fixed H32,25790,2.467971086502075,3.281102418899536,0.13579310476779938,35980.50403664598,2302752.2583453427,92.61293773896406,108171100160.0,0.0003,129.74023866653442,153.787109375,0,0,exported_float_payload,False
operand_hybrid_fixed_h32,Operand hybrid + fixed H32,25800,2.4639041423797607,2.972533702850342,0.11932863295078278,36006.75301510013,2304432.192966408,92.68050196777001,108213043200.0,0.0003,129.74023866653442,153.787109375,0,0,exported_float_payload,False
operand_hybrid_fixed_h32,Operand hybrid + fixed H32,25810,2.478271245956421,3.0716326236724854,0.12973353266716003,35970.51066776046,2302112.6827366697,92.58721505177063,108254986240.0,0.0003,129.74023866653442,153.787109375,0,0,exported_float_payload,False
operand_hybrid_fixed_h32,Operand hybrid + fixed H32,25820,2.4861984252929688,3.1203536987304688,0.0928662046790123,35959.41060558669,2301402.278757548,92.55864376310964,108296929280.0,0.0003,129.74023866653442,153.787109375,0,0,exported_float_payload,False
operand_hybrid_fixed_h32,Operand hybrid + fixed H32,25830,2.4701712131500244,2.9200737476348877,0.18710558116436005,35989.787005886086,2303346.3683767095,92.63683187483807,108338872320.0,0.0003,129.74023866653442,153.787109375,0,0,exported_float_payload,False
operand_hybrid_fixed_h32,Operand hybrid + fixed H32,25840,2.472416639328003,2.859072208404541,0.09924788773059845,36004.2859168139,2304274.2986760894,92.67415171709688,108380815360.0,0.0003,129.74023866653442,153.787109375,0,0,exported_float_payload,False
operand_hybrid_fixed_h32,Operand hybrid + fixed H32,25850,2.496946334838867,2.899589776992798,0.16997821629047394,35974.97921261633,2302398.669607445,92.59871697698264,108422758400.0,0.0003,129.74023866653442,153.787109375,0,0,exported_float_payload,False
operand_hybrid_fixed_h32,Operand hybrid + fixed H32,25860,2.4761505126953125,2.9401330947875977,0.06988393515348434,35954.55027298588,2301091.217471096,92.54613338582057,108464701440.0,0.0003,129.74023866653442,153.787109375,0,0,exported_float_payload,False
operand_hybrid_fixed_h32,Operand hybrid + fixed H32,25870,2.4388692378997803,3.05562686920166,0.15417225658893585,36019.87620248735,2305272.0769591904,92.71428073126903,108506644480.0,0.0003,129.74023866653442,153.787109375,0,0,exported_float_payload,False
operand_hybrid_fixed_h32,Operand hybrid + fixed H32,25880,2.466120719909668,2.931912899017334,0.10005711019039154,35959.620574687164,2301415.7167799785,92.55918421844095,108548587520.0,0.0003,129.74023866653442,153.787109375,0,0,exported_float_payload,False
operand_hybrid_fixed_h32,Operand hybrid + fixed H32,25890,2.438110589981079,3.001555919647217,0.1587650328874588,35980.21654302234,2302733.8587534297,92.61219773740545,108590530560.0,0.0003,129.74023866653442,153.787109375,0,0,exported_float_payload,False
operand_hybrid_fixed_h32,Operand hybrid + fixed H32,25900,2.4777748584747314,2.9049603939056396,0.18681681156158447,36009.00597702148,2304576.3825293747,92.68630103667516,108632473600.0,0.0003,129.74023866653442,153.787109375,0,0,exported_float_payload,False
operand_hybrid_fixed_h32,Operand hybrid + fixed H32,25910,2.487992525100708,2.9850664138793945,0.11313065886497498,35986.82564386729,2303156.8412075066,92.62920940140106,108674416640.0,0.0003,129.74023866653442,153.787109375,0,0,exported_float_payload,False
operand_hybrid_fixed_h32,Operand hybrid + fixed H32,25920,2.4660844802856445,3.0063345432281494,0.13389316201210022,36012.341663792286,2304789.8664827063,92.69488701287234,108716359680.0,0.0003,129.74023866653442,153.787109375,0,0,exported_float_payload,False
operand_hybrid_fixed_h32,Operand hybrid + fixed H32,25930,2.4603679180145264,2.893036365509033,0.16098108887672424,35986.861627914484,2303159.144186527,92.6293020234588,108758302720.0,0.0003,129.74023866653442,153.787109375,0,0,exported_float_payload,False
operand_hybrid_fixed_h32,Operand hybrid + fixed H32,25940,2.4669487476348877,3.1389353275299072,0.1108613908290863,35974.05154477797,2302339.29886579,92.59632918264633,108800245760.0,0.0003,129.74023866653442,153.787109375,0,0,exported_float_payload,False
operand_hybrid_fixed_h32,Operand hybrid + fixed H32,25950,2.491584062576294,3.7969319820404053,0.11918507516384125,35985.42071102895,2303066.925505853,92.62559313862297,108842188800.0,0.0003,129.74023866653442,153.787109375,0,0,exported_float_payload,False
operand_hybrid_fixed_h32,Operand hybrid + fixed H32,25960,2.4685075283050537,3.0189859867095947,0.09961077570915222,36002.54519711588,2304162.892615416,92.66967114715129,108884131840.0,0.0003,129.74023866653442,153.787109375,0,0,exported_float_payload,False
operand_hybrid_fixed_h32,Operand hybrid + fixed H32,25970,2.4877467155456543,3.0367627143859863,0.282368540763855,35995.64012425866,2303720.967952554,92.65189765843203,108926074880.0,0.0003,129.74023866653442,153.787109375,0,0,exported_float_payload,False
operand_hybrid_fixed_h32,Operand hybrid + fixed H32,25980,2.462202787399292,2.935551643371582,0.11809276044368744,36002.88028349412,2304184.338143624,92.6705336512967,108968017920.0,0.0003,129.74023866653442,153.787109375,0,0,exported_float_payload,False
operand_hybrid_fixed_h32,Operand hybrid + fixed H32,25990,2.4571292400360107,3.2372591495513916,0.09051083773374557,35969.1462683762,2302025.361176077,92.58370312111238,109009960960.0,0.0003,129.74023866653442,153.787109375,0,0,exported_float_payload,False
operand_hybrid_fixed_h32,Operand hybrid + fixed H32,26000,2.4899134635925293,2.904083728790283,0.15832360088825226,35996.720339396124,2303790.101721352,92.65467810578677,109051904000.0,0.0003,129.74023866653442,153.787109375,0,0,exported_float_payload,False
operand_hybrid_fixed_h32,Operand hybrid + fixed H32,26010,2.48632550239563,3.1324844360351562,0.09855964034795761,28324.999169778934,1812799.9468658518,72.90785537343126,109093847040.0,0.0003,129.74023866653442,153.787109375,0,0,exported_float_payload,False
operand_hybrid_fixed_h32,Operand hybrid + fixed H32,26020,2.5044748783111572,3.8932793140411377,0.16146880388259888,35955.840445012276,2301173.7884807857,92.5494542570744,109135790080.0,0.0003,129.74023866653442,153.787109375,0,0,exported_float_payload,False
operand_hybrid_fixed_h32,Operand hybrid + fixed H32,26030,2.524338483810425,2.903589963912964,0.09189676493406296,36012.64283387572,2304809.141368046,92.69566221730409,109177733120.0,0.0003,129.74023866653442,153.787109375,0,0,exported_float_payload,False
operand_hybrid_fixed_h32,Operand hybrid + fixed H32,26040,2.4784090518951416,2.8839263916015625,0.08085423707962036,35997.0365044416,2303810.3362842626,92.65549190688422,109219676160.0,0.0003,129.74023866653442,153.787109375,0,0,exported_float_payload,False
operand_hybrid_fixed_h32,Operand hybrid + fixed H32,26050,2.4652457237243652,2.972276210784912,0.18424370884895325,35987.78092716857,2303217.9793387884,92.63166827726378,109261619200.0,0.0003,129.74023866653442,153.787109375,0,0,exported_float_payload,False
operand_hybrid_fixed_h32,Operand hybrid + fixed H32,26060,2.5045583248138428,3.2662343978881836,0.12612439692020416,36010.04926131291,2304643.1527240262,92.68898642493508,109303562240.0,0.0003,129.74023866653442,153.787109375,0,0,exported_float_payload,False
operand_hybrid_fixed_h32,Operand hybrid + fixed H32,26070,2.508021831512451,3.4364469051361084,0.1311275064945221,36013.91041590136,2304890.266617687,92.69892494244826,109345505280.0,0.0003,129.74023866653442,153.787109375,0,0,exported_float_payload,False
operand_hybrid_fixed_h32,Operand hybrid + fixed H32,26080,2.4818544387817383,3.004363536834717,0.0740220695734024,15683.495065302692,1003743.6841793723,40.36893286800177,109387448320.0,0.0003,129.74023866653442,153.787109375,0,0,exported_float_payload,False
operand_hybrid_fixed_h32,Operand hybrid + fixed H32,26090,2.4623799324035645,2.9988040924072266,0.09044288098812103,36103.79228026559,2310642.7059369977,92.93027866388996,109429391360.0,0.0003,129.74023866653442,153.787109375,0,0,exported_float_payload,False
operand_hybrid_fixed_h32,Operand hybrid + fixed H32,26100,2.47765851020813,3.09488582611084,0.081272192299366,36052.76011115555,2307376.647113955,92.79892310823517,109471334400.0,0.0003,129.74023866653442,153.787109375,0,0,exported_float_payload,False
operand_hybrid_fixed_h32,Operand hybrid + fixed H32,26110,2.4635064601898193,2.9585466384887695,0.11603138595819473,36034.90968169317,2306234.219628363,92.75297653920633,109513277440.0,0.0003,129.74023866653442,153.787109375,0,0,exported_float_payload,False
operand_hybrid_fixed_h32,Operand hybrid + fixed H32,26120,2.4464356899261475,2.906848192214966,0.12844333052635193,36015.22758114526,2304974.5651932964,92.70231529358398,109555220480.0,0.0003,129.74023866653442,153.787109375,0,0,exported_float_payload,False
operand_hybrid_fixed_h32,Operand hybrid + fixed H32,26130,2.4669888019561768,2.9033994674682617,0.12323002517223358,35979.342634438064,2302677.928604036,92.60994831807486,109597163520.0,0.0003,129.74023866653442,153.787109375,0,0,exported_float_payload,False
operand_hybrid_fixed_h32,Operand hybrid + fixed H32,26140,2.4638679027557373,2.9800682067871094,0.10367079824209213,36022.91447910445,2305466.526662685,92.72210118100168,109639106560.0,0.0003,129.74023866653442,153.787109375,0,0,exported_float_payload,False
operand_hybrid_fixed_h32,Operand hybrid + fixed H32,26150,2.476755142211914,3.0530059337615967,0.06911302357912064,36005.59683188673,2304358.197240751,92.6775259804451,109681049600.0,0.0003,129.74023866653442,153.787109375,0,0,exported_float_payload,False
operand_hybrid_fixed_h32,Operand hybrid + fixed H32,26160,2.491132974624634,3.1863999366760254,0.3614237606525421,36014.17957315624,2304907.492681999,92.69961774664195,109722992640.0,0.0003,129.74023866653442,153.787109375,0,0,exported_float_payload,False
operand_hybrid_fixed_h32,Operand hybrid + fixed H32,26170,2.4621853828430176,2.9050025939941406,0.08527831733226776,36015.13022553785,2304968.334434422,92.70206470263066,109764935680.0,0.0003,129.74023866653442,153.787109375,0,0,exported_float_payload,False
operand_hybrid_fixed_h32,Operand hybrid + fixed H32,26180,2.4797942638397217,2.992669105529785,0.10673391819000244,36013.81308768942,2304884.037612123,92.6986744220102,109806878720.0,0.0003,129.74023866653442,153.787109375,0,0,exported_float_payload,False
operand_hybrid_fixed_h32,Operand hybrid + fixed H32,26190,2.5050113201141357,2.9456892013549805,0.14557401835918427,36048.705940602915,2307117.1801985865,92.78848777234907,109848821760.0,0.0003,129.74023866653442,153.787109375,0,0,exported_float_payload,False
operand_hybrid_fixed_h32,Operand hybrid + fixed H32,26200,2.5058791637420654,3.328528642654419,0.5970256924629211,36016.650077443315,2305065.604956372,92.705976764278,109890764800.0,0.0003,129.74023866653442,153.787109375,0,0,exported_float_payload,False
operand_hybrid_fixed_h32,Operand hybrid + fixed H32,26210,2.4500997066497803,3.1107654571533203,0.08569507300853729,35994.10357113673,2303622.6285527507,92.64794260826183,109932707840.0,0.0003,129.74023866653442,153.787109375,0,0,exported_float_payload,False
operand_hybrid_fixed_h32,Operand hybrid + fixed H32,26220,2.5088112354278564,3.1597938537597656,0.1383247822523117,36014.33050793941,2304917.1525081224,92.70000624908378,109974650880.0,0.0003,129.74023866653442,153.787109375,0,0,exported_float_payload,False
operand_hybrid_fixed_h32,Operand hybrid + fixed H32,26230,2.4634339809417725,2.9002671241760254,0.1263786256313324,35993.977525501025,2303614.5616320656,92.64761816987709,110016593920.0,0.0003,129.74023866653442,153.787109375,0,0,exported_float_payload,False
operand_hybrid_fixed_h32,Operand hybrid + fixed H32,26240,2.4436097145080566,2.9218883514404297,0.07556833326816559,36009.95178996518,2304636.9145577713,92.688735536069,110058536960.0,0.0003,129.74023866653442,153.787109375,0,0,exported_float_payload,False
operand_hybrid_fixed_h32,Operand hybrid + fixed H32,26250,2.8540196418762207,4.241962432861328,0.4448283910751343,35983.37428512036,2302935.954247703,92.62032568836527,110100480000.0,0.0003,129.74023866653442,153.787109375,0,0,exported_float_payload,False
operand_hybrid_fixed_h32,Operand hybrid + fixed H32,26260,2.478020429611206,3.0465779304504395,0.14228194952011108,35994.86890378845,2303671.6098424606,92.6499125557965,110142423040.0,0.0003,129.74023866653442,153.787109375,0,0,exported_float_payload,False
operand_hybrid_fixed_h32,Operand hybrid + fixed H32,26270,2.484001874923706,2.8908402919769287,0.07736600935459137,36004.12069100094,2304263.7242240603,92.67372642989378,110184366080.0,0.0003,129.74023866653442,153.787109375,0,0,exported_float_payload,False
operand_hybrid_fixed_h32,Operand hybrid + fixed H32,26280,2.4842066764831543,3.0391366481781006,0.19406242668628693,35817.95533938391,2292349.14172057,92.19454136620205,110226309120.0,0.0003,129.74023866653442,153.787109375,0,0,exported_float_payload,False
operand_hybrid_fixed_h32,Operand hybrid + fixed H32,26290,2.4994101524353027,2.903123378753662,0.14543379843235016,35983.85565617512,2302966.7619952075,92.62156472569167,110268252160.0,0.0003,129.74023866653442,153.787109375,0,0,exported_float_payload,False
operand_hybrid_fixed_h32,Operand hybrid + fixed H32,26300,2.500896692276001,3.501812219619751,0.07273121923208237,36025.98346274504,2305662.9416156826,92.73000066986204,110310195200.0,0.0003,129.74023866653442,153.787109375,0,0,exported_float_payload,False
operand_hybrid_fixed_h32,Operand hybrid + fixed H32,26310,2.43558406829834,2.9150028228759766,0.15055999159812927,35981.915450171415,2302842.5888109705,92.6165706828723,110352138240.0,0.0003,129.74023866653442,153.787109375,0,0,exported_float_payload,False
operand_hybrid_fixed_h32,Operand hybrid + fixed H32,26320,2.446854591369629,2.9385299682617188,0.09994444251060486,36014.39084958229,2304921.0143732666,92.70016156699732,110394081280.0,0.0003,129.74023866653442,153.787109375,0,0,exported_float_payload,False
operand_hybrid_fixed_h32,Operand hybrid + fixed H32,26330,2.480905055999756,2.8669629096984863,0.07918774336576462,35994.664440410124,2303658.524186248,92.64938627205942,110436024320.0,0.0003,129.74023866653442,153.787109375,0,0,exported_float_payload,False
operand_hybrid_fixed_h32,Operand hybrid + fixed H32,26340,2.463313579559326,2.933917760848999,0.11576392501592636,36016.1250612658,2305032.003921011,92.70462538547267,110477967360.0,0.0003,129.74023866653442,153.787109375,0,0,exported_float_payload,False
operand_hybrid_fixed_h32,Operand hybrid + fixed H32,26350,2.485342264175415,2.8983001708984375,0.09982472658157349,36023.534921389044,2305506.234968899,92.72369818427363,110519910400.0,0.0003,129.74023866653442,153.787109375,0,0,exported_float_payload,False
operand_hybrid_fixed_h32,Operand hybrid + fixed H32,26360,2.458872079849243,2.9276959896087646,0.12740713357925415,35995.78861035032,2303730.4710624204,92.65227985800178,110561853440.0,0.0003,129.74023866653442,153.787109375,0,0,exported_float_payload,False
operand_hybrid_fixed_h32,Operand hybrid + fixed H32,26370,2.497066020965576,3.0770516395568848,0.18912409245967865,35976.42170015968,2302490.9888102193,92.60242990465328,110603796480.0,0.0003,129.74023866653442,153.787109375,0,0,exported_float_payload,False
operand_hybrid_fixed_h32,Operand hybrid + fixed H32,26380,2.462179660797119,2.91337251663208,0.07621873170137405,35998.656588146674,2303914.021641387,92.65966196273327,110645739520.0,0.0003,129.74023866653442,153.787109375,0,0,exported_float_payload,False
operand_hybrid_fixed_h32,Operand hybrid + fixed H32,26390,2.48732328414917,2.9247264862060547,0.13270679116249084,35989.708749463374,2303341.359965656,92.63663044471922,110687682560.0,0.0003,129.74023866653442,153.787109375,0,0,exported_float_payload,False
operand_hybrid_fixed_h32,Operand hybrid + fixed H32,26400,2.4801409244537354,2.911550283432007,0.10170812904834747,35995.764946031035,2303728.9565459862,92.65221894662248,110729625600.0,0.0003,129.74023866653442,153.787109375,0,0,exported_float_payload,False
operand_hybrid_fixed_h32,Operand hybrid + fixed H32,26410,2.5216917991638184,5.676425933837891,0.09264999628067017,36005.68900420763,2304364.096269288,92.67776322974565,110771568640.0,0.0003,129.74023866653442,153.787109375,0,0,exported_float_payload,False
operand_hybrid_fixed_h32,Operand hybrid + fixed H32,26420,2.520447254180908,3.2592267990112305,0.1134953424334526,35983.230311018,2302926.739905152,92.61995510254569,110813511680.0,0.0003,129.74023866653442,153.787109375,0,0,exported_float_payload,False
operand_hybrid_fixed_h32,Operand hybrid + fixed H32,26430,2.485105037689209,2.9248147010803223,0.08716694265604019,36027.78204866907,2305778.0511148204,92.73463018605865,110855454720.0,0.0003,129.74023866653442,153.787109375,0,0,exported_float_payload,False
operand_hybrid_fixed_h32,Operand hybrid + fixed H32,26440,2.462127923965454,2.8610005378723145,0.31464844942092896,36025.42060172495,2305626.918510397,92.72855187935716,110897397760.0,0.0003,129.74023866653442,153.787109375,0,0,exported_float_payload,False
operand_hybrid_fixed_h32,Operand hybrid + fixed H32,26450,2.4857163429260254,3.1117944717407227,0.10668401420116425,36004.209151185256,2304269.3856758564,92.67395412424551,110939340800.0,0.0003,129.74023866653442,153.787109375,0,0,exported_float_payload,False
operand_hybrid_fixed_h32,Operand hybrid + fixed H32,26460,2.4651803970336914,2.9748294353485107,0.12604792416095734,36007.20497138462,2304461.1181686157,92.68166529219688,110981283840.0,0.0003,129.74023866653442,153.787109375,0,0,exported_float_payload,False
operand_hybrid_fixed_h32,Operand hybrid + fixed H32,26470,2.4423229694366455,3.1671903133392334,0.11151318997144699,36023.97325747119,2305534.288478156,92.72482645063265,111023226880.0,0.0003,129.74023866653442,153.787109375,0,0,exported_float_payload,False
operand_hybrid_fixed_h32,Operand hybrid + fixed H32,26480,2.508849620819092,3.211937427520752,0.1308085322380066,36010.194231443114,2304652.4308123593,92.68935957450601,111065169920.0,0.0003,129.74023866653442,153.787109375,0,0,exported_float_payload,False
operand_hybrid_fixed_h32,Operand hybrid + fixed H32,26490,2.515498161315918,3.766618013381958,0.08608034253120422,35995.671940696695,2303723.0042045885,92.65197955316569,111107112960.0,0.0003,129.74023866653442,153.787109375,0,0,exported_float_payload,False
operand_hybrid_fixed_h32,Operand hybrid + fixed H32,26500,2.478440523147583,2.903637409210205,0.17194455862045288,36002.36274552435,2304151.2157135583,92.66920152121527,111149056000.0,0.0003,129.74023866653442,153.787109375,0,0,exported_float_payload,False
operand_hybrid_fixed_h32,Operand hybrid + fixed H32,26510,2.4386935234069824,2.930077075958252,0.06897574663162231,36044.514824704966,2306848.948781118,92.77769994249215,111190999040.0,0.0003,129.74023866653442,153.787109375,0,0,exported_float_payload,False
operand_hybrid_fixed_h32,Operand hybrid + fixed H32,26520,2.4747986793518066,2.9234704971313477,0.0918770283460617,36028.40847016048,2305818.1420902708,92.7362425796628,111232942080.0,0.0003,129.74023866653442,153.787109375,0,0,exported_float_payload,False
operand_hybrid_fixed_h32,Operand hybrid + fixed H32,26530,2.4659273624420166,3.0013675689697266,0.11587043851613998,36021.72022108779,2305390.0941496184,92.719027190064,111274885120.0,0.0003,129.74023866653442,153.787109375,0,0,exported_float_payload,False
operand_hybrid_fixed_h32,Operand hybrid + fixed H32,26540,2.470637559890747,2.877000570297241,0.09658575057983398,36007.447394302144,2304476.633235337,92.68228928285981,111316828160.0,0.0003,129.74023866653442,153.787109375,0,0,exported_float_payload,False
operand_hybrid_fixed_h32,Operand hybrid + fixed H32,26550,2.4825222492218018,2.8559374809265137,0.21119356155395508,36002.261067306645,2304144.7083076253,92.66893980396873,111358771200.0,0.0003,129.74023866653442,153.787109375,0,0,exported_float_payload,False
operand_hybrid_fixed_h32,Operand hybrid + fixed H32,26560,2.4663281440734863,2.9908063411712646,0.0633997768163681,36024.69817975841,2305580.683504538,92.72669238287705,111400714240.0,0.0003,129.74023866653442,153.787109375,0,0,exported_float_payload,False
operand_hybrid_fixed_h32,Operand hybrid + fixed H32,26570,2.4668755531311035,3.614304780960083,0.1160048395395279,36023.02599417676,2305473.6636273125,92.72238821807147,111442657280.0,0.0003,129.74023866653442,153.787109375,0,0,exported_float_payload,False
operand_hybrid_fixed_h32,Operand hybrid + fixed H32,26580,2.473951578140259,3.209578275680542,0.13199254870414734,36012.23604696615,2304783.1070058336,92.694615157744,111484600320.0,0.0003,129.74023866653442,153.787109375,0,0,exported_float_payload,False
operand_hybrid_fixed_h32,Operand hybrid + fixed H32,26590,2.4731462001800537,3.177940845489502,0.3116585314273834,36005.02193401379,2304321.4037768827,92.67604620737526,111526543360.0,0.0003,129.74023866653442,153.787109375,0,0,exported_float_payload,False
operand_hybrid_fixed_h32,Operand hybrid + fixed H32,26600,2.4340994358062744,2.868591785430908,0.1259930282831192,36019.81569496143,2305268.2044775314,92.7141249863766,111568486400.0,0.0003,129.74023866653442,153.787109375,0,0,exported_float_payload,False
operand_hybrid_fixed_h32,Operand hybrid + fixed H32,26610,2.4660487174987793,3.0468971729278564,0.08589660376310349,36009.6069926128,2304614.847527219,92.68784803611358,111610429440.0,0.0003,129.74023866653442,153.787109375,0,0,exported_float_payload,False
operand_hybrid_fixed_h32,Operand hybrid + fixed H32,26620,2.481825828552246,3.250034809112549,0.2721444070339203,36015.77760463861,2305009.7666968713,92.70373104060891,111652372480.0,0.0003,129.74023866653442,153.787109375,0,0,exported_float_payload,False
operand_hybrid_fixed_h32,Operand hybrid + fixed H32,26630,2.46384334564209,2.9382214546203613,0.1043916568160057,36008.49603775834,2304543.746416534,92.68498846547884,111694315520.0,0.0003,129.74023866653442,153.787109375,0,0,exported_float_payload,False
operand_hybrid_fixed_h32,Operand hybrid + fixed H32,26640,2.4959473609924316,3.1598830223083496,0.08088085800409317,36005.53906575828,2304354.50020853,92.67737729184275,111736258560.0,0.0003,129.74023866653442,153.787109375,0,0,exported_float_payload,False
operand_hybrid_fixed_h32,Operand hybrid + fixed H32,26650,2.455064296722412,2.9248464107513428,0.10064730793237686,36016.170550338145,2305034.9152216413,92.70474247323277,111778201600.0,0.0003,129.74023866653442,153.787109375,0,0,exported_float_payload,False
operand_hybrid_fixed_h32,Operand hybrid + fixed H32,26660,2.4566845893859863,3.0135369300842285,0.09046532958745956,36033.10094445075,2306118.460444848,92.74832089376434,111820144640.0,0.0003,129.74023866653442,153.787109375,0,0,exported_float_payload,False
operand_hybrid_fixed_h32,Operand hybrid + fixed H32,26670,2.4662487506866455,2.9157118797302246,0.09521327167749405,36038.416555947064,2306458.659580612,92.76200314779977,111862087680.0,0.0003,129.74023866653442,153.787109375,0,0,exported_float_payload,False
operand_hybrid_fixed_h32,Operand hybrid + fixed H32,26680,2.46374249458313,3.1301937103271484,0.08639943599700928,36013.046458987075,2304834.973375173,92.6967011384729,111904030720.0,0.0003,129.74023866653442,153.787109375,0,0,exported_float_payload,False
operand_hybrid_fixed_h32,Operand hybrid + fixed H32,26690,2.492072820663452,3.1459579467773438,0.10650575906038284,36003.855467794274,2304246.7499388335,92.67304375184398,111945973760.0,0.0003,129.74023866653442,153.787109375,0,0,exported_float_payload,False
operand_hybrid_fixed_h32,Operand hybrid + fixed H32,26700,2.5016493797302246,3.0844833850860596,0.18978923559188843,35994.88102994762,2303672.3859166475,92.64994376823374,111987916800.0,0.0003,129.74023866653442,153.787109375,0,0,exported_float_payload,False
operand_hybrid_fixed_h32,Operand hybrid + fixed H32,26710,2.5059263706207275,3.0259270668029785,0.09583736211061478,36034.78119388466,2306225.996408618,92.75264581472848,112029859840.0,0.0003,129.74023866653442,153.787109375,0,0,exported_float_payload,False
operand_hybrid_fixed_h32,Operand hybrid + fixed H32,26720,2.5326268672943115,5.9260406494140625,0.11142533272504807,35987.329116964196,2303189.0634857086,92.6305053288436,112071802880.0,0.0003,129.74023866653442,153.787109375,0,0,exported_float_payload,False
operand_hybrid_fixed_h32,Operand hybrid + fixed H32,26730,2.4749624729156494,2.9249930381774902,0.077204130589962,36015.68149952302,2305003.6159694735,92.70348366839097,112113745920.0,0.0003,129.74023866653442,153.787109375,0,0,exported_float_payload,False
operand_hybrid_fixed_h32,Operand hybrid + fixed H32,26740,2.480802297592163,3.0396223068237305,0.1293572336435318,35977.42906881103,2302555.4604039057,92.60502284693371,112155688960.0,0.0003,129.74023866653442,153.787109375,0,0,exported_float_payload,False
operand_hybrid_fixed_h32,Operand hybrid + fixed H32,26750,2.4866795539855957,3.035123825073242,0.11023321747779846,36026.45129371906,2305692.88279802,92.73120485535162,112197632000.0,0.0003,129.74023866653442,153.787109375,0,0,exported_float_payload,False
operand_hybrid_fixed_h32,Operand hybrid + fixed H32,26760,2.508147716522217,3.3533146381378174,0.1472557932138443,36011.481484531905,2304734.815010042,92.69267293248579,112239575040.0,0.0003,129.74023866653442,153.787109375,0,0,exported_float_payload,False
operand_hybrid_fixed_h32,Operand hybrid + fixed H32,26770,2.475721597671509,3.0673227310180664,0.09856705367565155,35998.18557193053,2303883.876603554,92.65844957850832,112281518080.0,0.0003,129.74023866653442,153.787109375,0,0,exported_float_payload,False
operand_hybrid_fixed_h32,Operand hybrid + fixed H32,26780,2.450270175933838,3.2146992683410645,0.18353809416294098,36008.834953347425,2304565.437014235,92.68586082591933,112323461120.0,0.0003,129.74023866653442,153.787109375,0,0,exported_float_payload,False
operand_hybrid_fixed_h32,Operand hybrid + fixed H32,26790,2.481900453567505,3.7753100395202637,0.10769053548574448,36002.906489031906,2304186.015298042,92.67060110371028,112365404160.0,0.0003,129.74023866653442,153.787109375,0,0,exported_float_payload,False
operand_hybrid_fixed_h32,Operand hybrid + fixed H32,26800,2.492751359939575,3.2469894886016846,0.10729216784238815,35997.53549939534,2303842.2719613016,92.65677630769571,112407347200.0,0.0003,129.74023866653442,153.787109375,0,0,exported_float_payload,False
operand_hybrid_fixed_h32,Operand hybrid + fixed H32,26810,2.4818029403686523,2.991698741912842,0.10973946750164032,36024.52666488696,2305569.7065527653,92.72625090779113,112449290240.0,0.0003,129.74023866653442,153.787109375,0,0,exported_float_payload,False
operand_hybrid_fixed_h32,Operand hybrid + fixed H32,26820,2.4939029216766357,2.9231772422790527,0.1291722059249878,35987.002006414805,2303168.1284105475,92.62966335428665,112491233280.0,0.0003,129.74023866653442,153.787109375,0,0,exported_float_payload,False
operand_hybrid_fixed_h32,Operand hybrid + fixed H32,26830,2.4725863933563232,3.1890463829040527,0.11682411283254623,36014.17774656705,2304907.3757802914,92.69961304504605,112533176320.0,0.0003,129.74023866653442,153.787109375,0,0,exported_float_payload,False
operand_hybrid_fixed_h32,Operand hybrid + fixed H32,26840,2.4750173091888428,2.945418357849121,0.1274992823600769,36001.273762461766,2304081.520797553,92.66639850543564,112575119360.0,0.0003,129.74023866653442,153.787109375,0,0,exported_float_payload,False
operand_hybrid_fixed_h32,Operand hybrid + fixed H32,26850,2.499439001083374,3.4678163528442383,0.10704920440912247,36029.691777447195,2305900.2737566205,92.7395457812445,112617062400.0,0.0003,129.74023866653442,153.787109375,0,0,exported_float_payload,False
operand_hybrid_fixed_h32,Operand hybrid + fixed H32,26860,2.490906238555908,3.2789382934570312,0.09053771942853928,35975.49984711153,2302431.990215138,92.60005707744482,112659005440.0,0.0003,129.74023866653442,153.787109375,0,0,exported_float_payload,False
operand_hybrid_fixed_h32,Operand hybrid + fixed H32,26870,2.474475622177124,2.952117443084717,0.09174763411283493,35990.95469876918,2303421.1007212275,92.63983748777139,112700948480.0,0.0003,129.74023866653442,153.787109375,0,0,exported_float_payload,False
operand_hybrid_fixed_h32,Operand hybrid + fixed H32,26880,2.494436502456665,3.434950828552246,0.19290614128112793,36008.59428156911,2304550.034020423,92.68524134264588,112742891520.0,0.0003,129.74023866653442,153.787109375,0,0,exported_float_payload,False
operand_hybrid_fixed_h32,Operand hybrid + fixed H32,26890,2.4841713905334473,2.98746395111084,0.13092580437660217,36029.783860101394,2305906.167046489,92.73978279974519,112784834560.0,0.0003,129.74023866653442,153.787109375,0,0,exported_float_payload,False
operand_hybrid_fixed_h32,Operand hybrid + fixed H32,26900,2.5110011100769043,3.849663496017456,0.1146380677819252,36005.693138349285,2304364.360854354,92.67777387092521,112826777600.0,0.0003,129.74023866653442,153.787109375,0,0,exported_float_payload,False
operand_hybrid_fixed_h32,Operand hybrid + fixed H32,26910,2.4707534313201904,3.0756282806396484,0.08490674197673798,36004.05464365384,2304259.497193846,92.67355642563706,112868720640.0,0.0003,129.74023866653442,153.787109375,0,0,exported_float_payload,False
operand_hybrid_fixed_h32,Operand hybrid + fixed H32,26920,2.4775235652923584,2.9991321563720703,0.11397699266672134,35987.860191155356,2303223.052233943,92.63187230082794,112910663680.0,0.0003,129.74023866653442,153.787109375,0,0,exported_float_payload,False
operand_hybrid_fixed_h32,Operand hybrid + fixed H32,26930,2.4966225624084473,2.9325850009918213,0.10823070257902145,36001.07737644043,2304068.9520921875,92.66589301261797,112952606720.0,0.0003,129.74023866653442,153.787109375,0,0,exported_float_payload,False
operand_hybrid_fixed_h32,Operand hybrid + fixed H32,26940,2.4725418090820312,2.9066314697265625,0.18099048733711243,36003.52722780183,2304225.742579317,92.67219887012824,112994549760.0,0.0003,129.74023866653442,153.787109375,0,0,exported_float_payload,False
operand_hybrid_fixed_h32,Operand hybrid + fixed H32,26950,2.4729883670806885,2.9696664810180664,0.18343877792358398,36035.36578206135,2306263.4100519265,92.75415053040328,113036492800.0,0.0003,129.74023866653442,153.787109375,0,0,exported_float_payload,False
operand_hybrid_fixed_h32,Operand hybrid + fixed H32,26960,2.4561920166015625,2.910515785217285,0.09201747924089432,36015.66432336716,2305002.516695498,92.70343945738568,113078435840.0,0.0003,129.74023866653442,153.787109375,0,0,exported_float_payload,False
operand_hybrid_fixed_h32,Operand hybrid + fixed H32,26970,2.4547038078308105,2.9156274795532227,0.08768407255411148,36022.114792869084,2305415.3467436214,92.72004280818257,113120378880.0,0.0003,129.74023866653442,153.787109375,0,0,exported_float_payload,False
operand_hybrid_fixed_h32,Operand hybrid + fixed H32,26980,2.491868019104004,3.1923303604125977,0.10976923257112503,36045.71646810268,2306925.8539585713,92.78079294322008,113162321920.0,0.0003,129.74023866653442,153.787109375,0,0,exported_float_payload,False
operand_hybrid_fixed_h32,Operand hybrid + fixed H32,26990,2.4566988945007324,2.972289800643921,0.15334726870059967,36026.307250438476,2305683.6640280625,92.73083409146898,113204264960.0,0.0003,129.74023866653442,153.787109375,0,0,exported_float_payload,False
operand_hybrid_fixed_h32,Operand hybrid + fixed H32,27000,2.4672601222991943,2.9503631591796875,0.09855374693870544,36007.139505992454,2304456.928383517,92.68149678587793,113246208000.0,0.0003,129.74023866653442,153.787109375,0,0,exported_float_payload,False
operand_hybrid_fixed_h32,Operand hybrid + fixed H32,27010,2.4710378646850586,2.8544397354125977,0.10887829214334488,7108.220374749797,454926.103983987,18.296385462834255,113288151040,0.0003,135.25977182388306,148.818359375,0,0,exported_float_payload,False
operand_hybrid_fixed_h32,Operand hybrid + fixed H32,27020,2.4701473712921143,3.20237398147583,0.08192232996225357,36106.452898705385,2310812.9855171447,92.9371270307072,113330094080,0.0003,129.74023866653442,148.818359375,0,0,exported_float_payload,False
operand_hybrid_fixed_h32,Operand hybrid + fixed H32,27030,2.4427170753479004,2.971374988555908,0.1255974918603897,36014.86784275549,2304951.5419363515,92.70138933576361,113372037120,0.0003,129.74023866653442,148.818359375,0,0,exported_float_payload,False
operand_hybrid_fixed_h32,Operand hybrid + fixed H32,27040,2.4777562618255615,2.9316351413726807,0.1539517343044281,35964.24651342657,2301711.7768593007,92.57109127166125,113413980160,0.0003,129.74023866653442,148.818359375,0,0,exported_float_payload,False
operand_hybrid_fixed_h32,Operand hybrid + fixed H32,27050,2.4806439876556396,2.9441916942596436,0.09240473061800003,35997.92396588036,2303867.1338163433,92.65777621093095,113455923200,0.0003,129.74023866653442,148.818359375,0,0,exported_float_payload,False
operand_hybrid_fixed_h32,Operand hybrid + fixed H32,27060,2.4568209648132324,2.9377732276916504,0.1818978190422058,35988.923199644436,2303291.084777244,92.6346084586904,113497866240,0.0003,129.74023866653442,148.974609375,0,0,exported_float_payload,False
operand_hybrid_fixed_h32,Operand hybrid + fixed H32,27070,2.4711713790893555,2.8641319274902344,0.09720274060964584,35973.96867589189,2302333.995257081,92.59611588015954,113539809280,0.0003,129.74023866653442,148.974609375,0,0,exported_float_payload,False
operand_hybrid_fixed_h32,Operand hybrid + fixed H32,27080,2.438310146331787,2.850184917449951,0.0831180065870285,35946.685036767776,2300587.8423531377,92.52588846008447,113581752320,0.0003,129.74023866653442,148.974609375,0,0,exported_float_payload,False
operand_hybrid_fixed_h32,Operand hybrid + fixed H32,27090,2.467991828918457,2.8570284843444824,0.1503870189189911,35980.77034173903,2302769.301871298,92.61362320176295,113623695360,0.0003,129.74023866653442,148.974609375,0,0,exported_float_payload,False
operand_hybrid_fixed_h32,Operand hybrid + fixed H32,27100,2.4840056896209717,3.081798553466797,0.20474602282047272,35923.547136420886,2299107.0167309367,92.46633207026697,113665638400,0.0003,129.74023866653442,148.974609375,0,0,exported_float_payload,False
operand_hybrid_fixed_h32,Operand hybrid + fixed H32,27110,2.466733455657959,3.3157341480255127,0.0755719244480133,35939.87433347168,2300151.9573421874,92.5083578763084,113707581440,0.0003,129.74023866653442,148.974609375,0,0,exported_float_payload,False
operand_hybrid_fixed_h32,Operand hybrid + fixed H32,27120,2.4805376529693604,2.9825685024261475,0.11270923167467117,35929.51335916756,2299488.854986724,92.4816889817547,113749524480,0.0003,129.74023866653442,148.974609375,0,0,exported_float_payload,False
operand_hybrid_fixed_h32,Operand hybrid + fixed H32,27130,2.4406306743621826,2.9307339191436768,0.13468527793884277,35969.23748839968,2302031.1992575796,92.58393791922268,113791467520,0.0003,129.74023866653442,148.974609375,0,0,exported_float_payload,False
operand_hybrid_fixed_h32,Operand hybrid + fixed H32,27140,2.461652994155884,3.0082926750183105,0.09787411987781525,35912.78805440291,2298418.4354817863,92.43863845619073,113833410560,0.0003,129.74023866653442,148.974609375,0,0,exported_float_payload,False
operand_hybrid_fixed_h32,Operand hybrid + fixed H32,27150,2.463181495666504,2.986424446105957,0.1000664010643959,35926.10949629657,2299271.0077629806,92.47292752194241,113875353600,0.0003,129.74023866653442,148.974609375,0,0,exported_float_payload,False
operand_hybrid_fixed_h32,Operand hybrid + fixed H32,27160,2.484236001968384,2.9744441509246826,0.1347934603691101,35934.6679517329,2299818.748910906,92.49495677699841,113917296640,0.0003,129.74023866653442,148.974609375,0,0,exported_float_payload,False
operand_hybrid_fixed_h32,Operand hybrid + fixed H32,27170,2.4997341632843018,4.490752696990967,0.12588539719581604,35919.273227580816,2298833.486565172,92.45533113340115,113959239680,0.0003,129.74023866653442,148.974609375,0,0,exported_float_payload,False
operand_hybrid_fixed_h32,Operand hybrid + fixed H32,27180,2.487487554550171,3.0188987255096436,0.15031713247299194,35942.03428696413,2300290.1943657044,92.51391754379144,114001182720,0.0003,129.74023866653442,148.974609375,0,0,exported_float_payload,False
operand_hybrid_fixed_h32,Operand hybrid + fixed H32,27190,2.4532084465026855,2.8965296745300293,0.1103959009051323,35908.39595039812,2298137.3408254795,92.42733328786055,114043125760,0.0003,129.74023866653442,148.974609375,0,0,exported_float_payload,False
operand_hybrid_fixed_h32,Operand hybrid + fixed H32,27200,2.4422104358673096,3.2979249954223633,0.24279353022575378,35933.106694512884,2299718.8284488246,92.4909381390837,114085068800,0.0003,129.74023866653442,148.974609375,0,0,exported_float_payload,False
operand_hybrid_fixed_h32,Operand hybrid + fixed H32,27210,2.4901411533355713,3.014127492904663,0.095995232462883,35938.71064190795,2300077.481082109,92.5053625626733,114127011840,0.0003,129.74023866653442,148.974609375,0,0,exported_float_payload,False
operand_hybrid_fixed_h32,Operand hybrid + fixed H32,27220,2.492255210876465,3.074662208557129,0.07153934240341187,35915.58825612639,2298597.648392089,92.44584610696765,114168954880,0.0003,129.74023866653442,148.974609375,0,0,exported_float_payload,False
operand_hybrid_fixed_h32,Operand hybrid + fixed H32,27230,2.466723918914795,3.1441192626953125,0.181723490357399,35930.94681443519,2299580.5961238523,92.48537866056846,114210897920,0.0003,129.74023866653442,148.974609375,0,0,exported_float_payload,False
operand_hybrid_fixed_h32,Operand hybrid + fixed H32,27240,2.4560537338256836,2.8967366218566895,0.14063753187656403,35919.71862527179,2298861.9920173944,92.45647757616864,114252840960,0.0003,129.74023866653442,148.974609375,0,0,exported_float_payload,False
operand_hybrid_fixed_h32,Operand hybrid + fixed H32,27250,2.472452163696289,2.9166650772094727,0.12714287638664246,35962.66937577501,2301610.8400496007,92.56703175790399,114294784000,0.0003,129.74023866653442,148.974609375,0,0,exported_float_payload,False
operand_hybrid_fixed_h32,Operand hybrid + fixed H32,27260,2.454183578491211,3.157212495803833,0.12050200998783112,35931.20353771474,2299597.0264137434,92.48603946001366,114336727040,0.0003,129.74023866653442,148.974609375,0,0,exported_float_payload,False
operand_hybrid_fixed_h32,Operand hybrid + fixed H32,27270,2.4757752418518066,3.0750010013580322,0.09788995236158371,35927.90520956503,2299385.933412162,92.47754964399383,114378670080,0.0003,129.74023866653442,148.974609375,0,0,exported_float_payload,False
operand_hybrid_fixed_h32,Operand hybrid + fixed H32,27280,2.5133750438690186,3.354867458343506,0.20226716995239258,35931.54475053379,2299618.8640341624,92.4869177334679,114420613120,0.0003,129.74023866653442,148.974609375,0,0,exported_float_payload,False
operand_hybrid_fixed_h32,Operand hybrid + fixed H32,27290,2.500412940979004,3.082779884338379,0.09078110754489899,35897.732380418194,2297454.8723467644,92.39988551943519,114462556160,0.0003,129.74023866653442,148.974609375,0,0,exported_float_payload,False
operand_hybrid_fixed_h32,Operand hybrid + fixed H32,27300,2.486553907394409,3.127896308898926,0.10095471888780594,35931.84094065153,2299637.8202016978,92.48768011958971,114504499200,0.0003,129.74023866653442,148.974609375,0,0,exported_float_payload,False
operand_hybrid_fixed_h32,Operand hybrid + fixed H32,27310,2.503941774368286,3.0636916160583496,0.09956324100494385,35915.94674624832,2298620.5917598926,92.44676885177712,114546442240,0.0003,129.74023866653442,148.974609375,0,0,exported_float_payload,False
operand_hybrid_fixed_h32,Operand hybrid + fixed H32,27320,2.4573802947998047,2.9266085624694824,0.20770487189292908,35916.65991609571,2298666.2346301256,92.44860453352874,114588385280,0.0003,129.74023866653442,148.974609375,0,0,exported_float_payload,False
operand_hybrid_fixed_h32,Operand hybrid + fixed H32,27330,2.467186689376831,3.5351548194885254,0.12165876477956772,35901.79045169332,2297714.5889083724,92.41033089568565,114630328320,0.0003,129.74023866653442,148.974609375,0,0,exported_float_payload,False
operand_hybrid_fixed_h32,Operand hybrid + fixed H32,27340,2.4893412590026855,3.4025139808654785,0.12116563320159912,35928.31143584798,2299411.9318942707,92.47859526051472,114672271360,0.0003,129.74023866653442,148.974609375,0,0,exported_float_payload,False
operand_hybrid_fixed_h32,Operand hybrid + fixed H32,27350,2.4667463302612305,2.917072057723999,0.11910814046859741,18645.17597500141,1193291.2624000902,47.9922271223914,114714214400,0.0003,129.74023866653442,148.974609375,0,0,exported_float_payload,False
operand_hybrid_fixed_h32,Operand hybrid + fixed H32,27360,2.4822158813476562,2.9431724548339844,0.10030421614646912,35980.06222846658,2302723.982621861,92.61180053551162,114756157440,0.0003,129.74023866653442,148.974609375,0,0,exported_float_payload,False
operand_hybrid_fixed_h32,Operand hybrid + fixed H32,27370,2.491541624069214,3.0540919303894043,0.15831305086612701,35962.24837866538,2301583.8962345845,92.56594812163634,114798100480,0.0003,129.74023866653442,148.974609375,0,0,exported_float_payload,False
operand_hybrid_fixed_h32,Operand hybrid + fixed H32,27380,2.448899507522583,2.9311580657958984,0.18503804504871368,35949.13976607827,2300744.945029009,92.53220687331647,114840043520,0.0003,129.74023866653442,148.974609375,0,0,exported_float_payload,False
operand_hybrid_fixed_h32,Operand hybrid + fixed H32,27390,2.4514195919036865,2.881047248840332,0.13732537627220154,35943.094287003245,2300358.0343682077,92.51664595797723,114881986560,0.0003,129.74023866653442,148.974609375,0,0,exported_float_payload,False
operand_hybrid_fixed_h32,Operand hybrid + fixed H32,27400,2.4749374389648438,3.019355297088623,0.1165459007024765,35939.17382419048,2300107.124748191,92.50655478254465,114923929600,0.0003,129.74023866653442,148.974609375,0,0,exported_float_payload,False
operand_hybrid_fixed_h32,Operand hybrid + fixed H32,27410,2.496839761734009,3.1617677211761475,0.1656280755996704,35945.74274307066,2300527.535556522,92.5234630191453,114965872640,0.0003,129.74023866653442,148.974609375,0,0,exported_float_payload,False
operand_hybrid_fixed_h32,Operand hybrid + fixed H32,27420,2.501138687133789,3.3466415405273438,0.16255517303943634,35913.96466895259,2298493.738812966,92.44166703327575,115007815680,0.0003,129.74023866653442,148.974609375,0,0,exported_float_payload,False
operand_hybrid_fixed_h32,Operand hybrid + fixed H32,27430,2.4669711589813232,3.1335859298706055,0.23574405908584595,35918.69848873666,2298796.7032791465,92.45385176966751,115049758720,0.0003,129.74023866653442,148.974609375,0,0,exported_float_payload,False
operand_hybrid_fixed_h32,Operand hybrid + fixed H32,27440,2.483231782913208,3.4420852661132812,0.13991858065128326,35940.59732009351,2300198.2284859847,92.51021882619742,115091701760,0.0003,129.74023866653442,148.974609375,0,0,exported_float_payload,False
operand_hybrid_fixed_h32,Operand hybrid + fixed H32,27450,2.4739623069763184,3.014430522918701,0.07905856519937515,35882.31953554392,2296468.4502748107,92.36021323354203,115133644800,0.0003,129.74023866653442,148.974609375,0,0,exported_float_payload,False
operand_hybrid_fixed_h32,Operand hybrid + fixed H32,27460,2.4664533138275146,3.1315627098083496,0.16088658571243286,35918.03195253217,2298754.044962059,92.45213612177263,115175587840,0.0003,129.74023866653442,148.974609375,0,0,exported_float_payload,False
operand_hybrid_fixed_h32,Operand hybrid + fixed H32,27470,2.462902784347534,2.897360324859619,0.1603192389011383,35923.723175008796,2299118.283200563,92.46678518928846,115217530880,0.0003,129.74023866653442,148.974609375,0,0,exported_float_payload,False
operand_hybrid_fixed_h32,Operand hybrid + fixed H32,27480,2.4639084339141846,2.9755754470825195,0.1303808093070984,35897.105713444835,2297414.7656604694,92.39827249396652,115259473920,0.0003,129.74023866653442,148.974609375,0,0,exported_float_payload,False
operand_hybrid_fixed_h32,Operand hybrid + fixed H32,27490,2.4963881969451904,3.0366644859313965,0.118997722864151,35939.09478461905,2300102.066215619,92.50635133662013,115301416960,0.0003,129.74023866653442,148.974609375,0,0,exported_float_payload,False
operand_hybrid_fixed_h32,Operand hybrid + fixed H32,27500,2.497999668121338,3.032742500305176,0.20303086936473846,35928.12748921654,2299400.1593098585,92.4781217863825,115343360000,0.0003,129.74023866653442,148.974609375,0,0,exported_float_payload,False
operand_hybrid_fixed_h32,Operand hybrid + fixed H32,27510,2.4616329669952393,2.9779441356658936,0.08941436558961868,35902.250304282185,2297744.01947406,92.41151454500691,115385303040,0.0003,129.74023866653442,148.974609375,0,0,exported_float_payload,False
operand_hybrid_fixed_h32,Operand hybrid + fixed H32,27520,2.4609222412109375,2.8696398735046387,0.19382444024085999,35938.88560349997,2300088.678623998,92.50581290953369,115427246080,0.0003,129.74023866653442,148.974609375,0,0,exported_float_payload,False
operand_hybrid_fixed_h32,Operand hybrid + fixed H32,27530,2.43194317817688,2.9651689529418945,0.1270717829465866,35931.41014704648,2299610.249410975,92.48657126738237,115469189120,0.0003,129.74023866653442,148.974609375,0,0,exported_float_payload,False
operand_hybrid_fixed_h32,Operand hybrid + fixed H32,27540,2.461857318878174,3.2961463928222656,0.06888677924871445,35927.89584425499,2299385.3340323195,92.47752553791476,115511132160,0.0003,129.74023866653442,148.974609375,0,0,exported_float_payload,False
operand_hybrid_fixed_h32,Operand hybrid + fixed H32,27550,2.4883270263671875,2.952014207839966,0.14956025779247284,35919.01460020447,2298816.934413086,92.45466543285735,115553075200,0.0003,129.74023866653442,148.974609375,0,0,exported_float_payload,False
operand_hybrid_fixed_h32,Operand hybrid + fixed H32,27560,2.4908065795898438,3.008031129837036,0.11198285967111588,35910.689363305675,2298284.119251563,92.43323647661525,115595018240,0.0003,129.74023866653442,148.974609375,0,0,exported_float_payload,False
operand_hybrid_fixed_h32,Operand hybrid + fixed H32,27570,2.478307008743286,2.9601616859436035,0.1392771303653717,35898.87067149227,2297527.722975505,92.40281545283092,115636961280,0.0003,129.74023866653442,148.974609375,0,0,exported_float_payload,False
operand_hybrid_fixed_h32,Operand hybrid + fixed H32,27580,2.466285467147827,2.9731297492980957,0.1255217045545578,35911.89803072045,2298361.4739661086,92.43634755699138,115678904320,0.0003,129.74023866653442,148.974609375,0,0,exported_float_payload,False
operand_hybrid_fixed_h32,Operand hybrid + fixed H32,27590,2.512678861618042,3.3324878215789795,0.10251318663358688,35915.557767574086,2298595.6971247415,92.4457676301794,115720847360,0.0003,129.74023866653442,148.974609375,0,0,exported_float_payload,False
operand_hybrid_fixed_h32,Operand hybrid + fixed H32,27600,2.487807273864746,3.2000441551208496,0.11481814831495285,35933.49912461652,2299743.9439754575,92.49194824457632,115762790400,0.0003,129.74023866653442,148.974609375,0,0,exported_float_payload,False
operand_hybrid_fixed_h32,Operand hybrid + fixed H32,27610,2.498988151550293,3.306305408477783,0.16695499420166016,35944.93234426045,2300475.670032669,92.52137707242045,115804733440,0.0003,129.74023866653442,148.974609375,0,0,exported_float_payload,False
operand_hybrid_fixed_h32,Operand hybrid + fixed H32,27620,2.4718847274780273,2.9445276260375977,0.14451751112937927,35960.062970252446,2301444.0300961565,92.5603229338103,115846676480,0.0003,129.74023866653442,148.974609375,0,0,exported_float_payload,False
operand_hybrid_fixed_h32,Operand hybrid + fixed H32,27630,2.4843392372131348,2.9339218139648438,0.1429736316204071,35947.022776035,2300609.45766624,92.52675779270128,115888619520,0.0003,129.74023866653442,148.974609375,0,0,exported_float_payload,False
operand_hybrid_fixed_h32,Operand hybrid + fixed H32,27640,2.4657106399536133,4.308760643005371,0.1405697762966156,35929.60417923181,2299494.6674708356,92.4819227503797,115930562560,0.0003,129.74023866653442,148.974609375,0,0,exported_float_payload,False
operand_hybrid_fixed_h32,Operand hybrid + fixed H32,27650,2.4781441688537598,3.1172842979431152,0.07664044201374054,35923.510181286874,2299104.65160236,92.4662369486555,115972505600,0.0003,129.74023866653442,148.974609375,0,0,exported_float_payload,False
operand_hybrid_fixed_h32,Operand hybrid + fixed H32,27660,2.4667820930480957,2.8249573707580566,0.14675836265087128,35896.731933167786,2297390.8437227383,92.39731039267157,116014448640,0.0003,129.74023866653442,148.974609375,0,0,exported_float_payload,False
operand_hybrid_fixed_h32,Operand hybrid + fixed H32,27670,2.457697868347168,2.838198184967041,0.13494226336479187,35938.425792993046,2300059.250751555,92.50462936853032,116056391680,0.0003,129.74023866653442,148.974609375,0,0,exported_float_payload,False
operand_hybrid_fixed_h32,Operand hybrid + fixed H32,27680,2.4508490562438965,3.1237363815307617,0.10213566571474075,35927.244156412424,2299343.626010395,92.47584810934045,116098334720,0.0003,129.74023866653442,148.974609375,0,0,exported_float_payload,False
operand_hybrid_fixed_h32,Operand hybrid + fixed H32,27690,2.467158079147339,3.4936563968658447,0.08711589872837067,35936.68418687443,2299947.7879599635,92.50014651695979,116140277760,0.0003,129.74023866653442,148.974609375,0,0,exported_float_payload,False
operand_hybrid_fixed_h32,Operand hybrid + fixed H32,27700,2.455817461013794,3.0520801544189453,0.12419532984495163,35939.26495511957,2300112.9571276526,92.50678935132815,116182220800,0.0003,129.74023866653442,148.974609375,0,0,exported_float_payload,False
operand_hybrid_fixed_h32,Operand hybrid + fixed H32,27710,2.4990272521972656,3.373350143432617,0.1690489947795868,29807.98552204008,1907711.073410565,76.72502598810112,116224163840,0.0003,129.74023866653442,148.974609375,0,0,exported_float_payload,False
operand_hybrid_fixed_h32,Operand hybrid + fixed H32,27720,2.475318670272827,2.8715012073516846,0.10693363100290298,35930.49881561549,2299551.924199391,92.48422552255921,116266106880,0.0003,129.74023866653442,148.974609375,0,0,exported_float_payload,False
operand_hybrid_fixed_h32,Operand hybrid + fixed H32,27730,2.4802393913269043,2.9153761863708496,0.14563055336475372,35915.33380164599,2298581.3633053433,92.44519114735598,116308049920,0.0003,129.74023866653442,148.974609375,0,0,exported_float_payload,False
operand_hybrid_fixed_h32,Operand hybrid + fixed H32,27740,2.4522931575775146,3.3324594497680664,0.22593149542808533,35899.09785231168,2297542.2625479475,92.40340021070597,116349992960,0.0003,129.74023866653442,148.974609375,0,0,exported_float_payload,False
operand_hybrid_fixed_h32,Operand hybrid + fixed H32,27750,2.4939992427825928,3.0650174617767334,0.14675083756446838,35937.21800186143,2299981.9521191316,92.50152054368561,116391936000,0.0003,129.74023866653442,148.974609375,0,0,exported_float_payload,False
operand_hybrid_fixed_h32,Operand hybrid + fixed H32,27760,2.460089921951294,2.9867377281188965,0.08652713894844055,35921.79169840321,2298994.6686978056,92.46181361572643,116433879040,0.0003,129.74023866653442,148.974609375,0,0,exported_float_payload,False
operand_hybrid_fixed_h32,Operand hybrid + fixed H32,27770,2.4674713611602783,3.023761749267578,0.1372525691986084,35916.13480001317,2298632.627200843,92.44725289757031,116475822080,0.0003,129.74023866653442,148.974609375,0,0,exported_float_payload,False
operand_hybrid_fixed_h32,Operand hybrid + fixed H32,27780,2.4760916233062744,3.005800247192383,0.08831781893968582,35930.71810386574,2299565.9586474076,92.48478996515422,116517765120,0.0003,129.74023866653442,148.974609375,0,0,exported_float_payload,False
operand_hybrid_fixed_h32,Operand hybrid + fixed H32,27790,2.4564709663391113,2.923898935317993,0.20723740756511688,35903.362833856256,2297815.2213668004,92.41437816893144,116559708160,0.0003,129.74023866653442,148.974609375,0,0,exported_float_payload,False
operand_hybrid_fixed_h32,Operand hybrid + fixed H32,27800,2.467122793197632,2.873642921447754,0.09816908091306686,35899.93780609776,2297596.0195902567,92.40556223121615,116601651200,0.0003,129.74023866653442,148.974609375,0,0,exported_float_payload,False
operand_hybrid_fixed_h32,Operand hybrid + fixed H32,27810,2.4806153774261475,3.024897813796997,0.10874373465776443,35964.28915946653,2301714.5062058577,92.57120104152547,116643594240,0.0003,129.74023866653442,148.974609375,0,0,exported_float_payload,False
operand_hybrid_fixed_h32,Operand hybrid + fixed H32,27820,2.4400177001953125,2.9806878566741943,0.14869432151317596,34166.36314378475,2186647.241202224,87.94338343285581,116685537280,0.0003,129.74023866653442,148.974609375,0,0,exported_float_payload,False
operand_hybrid_fixed_h32,Operand hybrid + fixed H32,27830,2.4561243057250977,3.040902614593506,0.08589319884777069,35873.562193357386,2295907.9803748727,92.3376720488534,116727480320,0.0003,129.74023866653442,148.974609375,0,0,exported_float_payload,False
operand_hybrid_fixed_h32,Operand hybrid + fixed H32,27840,2.4551548957824707,2.943807363510132,0.07613461464643478,35928.477652889116,2299422.5697849034,92.47902309911493,116769423360,0.0003,129.74023866653442,148.974609375,0,0,exported_float_payload,False
operand_hybrid_fixed_h32,Operand hybrid + fixed H32,27850,2.453150510787964,2.983839511871338,0.11760963499546051,35917.73454537222,2298735.0109038223,92.45137060301393,116811366400,0.0003,129.74023866653442,148.974609375,0,0,exported_float_payload,False
operand_hybrid_fixed_h32,Operand hybrid + fixed H32,27860,2.4345412254333496,3.0297913551330566,0.09241504222154617,35921.39863646283,2298969.512733621,92.46080188390145,116853309440,0.0003,129.74023866653442,148.974609375,0,0,exported_float_payload,False
operand_hybrid_fixed_h32,Operand hybrid + fixed H32,27870,2.4613611698150635,2.877044677734375,0.09525985270738602,35938.36964354503,2300055.657186882,92.50448484122387,116895252480,0.0003,129.74023866653442,148.974609375,0,0,exported_float_payload,False
operand_hybrid_fixed_h32,Operand hybrid + fixed H32,27880,2.469170331954956,2.8558802604675293,0.19567753374576569,35907.94211619647,2298108.295436574,92.42616512972086,116937195520,0.0003,129.74023866653442,148.974609375,0,0,exported_float_payload,False
operand_hybrid_fixed_h32,Operand hybrid + fixed H32,27890,2.455453634262085,3.1256752014160156,0.07883812487125397,35930.441554389625,2299548.259480936,92.48407813356377,116979138560,0.0003,129.74023866653442,148.974609375,0,0,exported_float_payload,False
operand_hybrid_fixed_h32,Operand hybrid + fixed H32,27900,2.453582525253296,3.1252307891845703,0.14994551241397858,35923.49606661343,2299103.7482632594,92.46620061783112,117021081600,0.0003,129.74023866653442,148.974609375,0,0,exported_float_payload,False
operand_hybrid_fixed_h32,Operand hybrid + fixed H32,27910,2.4691479206085205,2.9242892265319824,0.18353360891342163,35934.517617415804,2299809.1275146115,92.49456982014156,117063024640,0.0003,129.74023866653442,148.974609375,0,0,exported_float_payload,False
operand_hybrid_fixed_h32,Operand hybrid + fixed H32,27920,2.478206157684326,2.953693389892578,0.1261604130268097,35944.096598657525,2300422.1823140816,92.51922588367083,117104967680,0.0003,129.74023866653442,148.974609375,0,0,exported_float_payload,False
operand_hybrid_fixed_h32,Operand hybrid + fixed H32,27930,2.500699281692505,2.8616161346435547,0.1047927588224411,35953.66626365172,2301034.64087371,92.54385796740672,117146910720,0.0003,129.74023866653442,148.974609375,0,0,exported_float_payload,False
operand_hybrid_fixed_h32,Operand hybrid + fixed H32,27940,2.4681925773620605,2.972414970397949,0.15688511729240417,35909.03691245016,2298178.36239681,92.42898310851227,117188853760,0.0003,129.74023866653442,148.974609375,0,0,exported_float_payload,False
operand_hybrid_fixed_h32,Operand hybrid + fixed H32,27950,2.490640640258789,2.946662425994873,0.08049963414669037,35885.627676984295,2296680.171326995,92.36872830873213,117230796800,0.0003,129.74023866653442,148.974609375,0,0,exported_float_payload,False
operand_hybrid_fixed_h32,Operand hybrid + fixed H32,27960,2.433166742324829,2.8770217895507812,0.08388807624578476,35922.04020995605,2299010.5734371874,92.46245327838783,117272739840,0.0003,129.74023866653442,148.974609375,0,0,exported_float_payload,False
operand_hybrid_fixed_h32,Operand hybrid + fixed H32,27970,2.4840478897094727,3.295192241668701,0.24003109335899353,35914.28147061511,2298514.014119367,92.4424824730099,117314682880,0.0003,129.74023866653442,148.974609375,0,0,exported_float_payload,False
operand_hybrid_fixed_h32,Operand hybrid + fixed H32,27980,2.475383758544922,3.2248408794403076,0.11803067475557327,35917.787242833205,2298738.383541325,92.45150624499016,117356625920,0.0003,129.74023866653442,148.974609375,0,0,exported_float_payload,False
operand_hybrid_fixed_h32,Operand hybrid + fixed H32,27990,2.4772558212280273,3.7501723766326904,0.10038222372531891,35928.12872192011,2299400.238202887,92.47812495933137,117398568960,0.0003,129.74023866653442,148.974609375,0,0,exported_float_payload,False
operand_hybrid_fixed_h32,Operand hybrid + fixed H32,28000,2.450824737548828,2.944869041442871,0.10060576349496841,35930.10892360008,2299526.971110405,92.48322195004363,117440512000,0.0003,129.74023866653442,148.974609375,0,0,exported_float_payload,False
operand_hybrid_fixed_h32,Operand hybrid + fixed H32,28010,2.478998899459839,2.9468045234680176,0.12322811782360077,28087.19391522062,1797580.4105741198,72.29575046206104,117482455040,0.0003,129.74023866653442,148.98046875,0,0,exported_float_payload,False
operand_hybrid_fixed_h32,Operand hybrid + fixed H32,28020,2.4898886680603027,3.573989152908325,0.20080435276031494,35914.20075565179,2298508.8483617147,92.44227471466763,117524398080,0.0003,129.74023866653442,148.98046875,0,0,exported_float_payload,False
operand_hybrid_fixed_h32,Operand hybrid + fixed H32,28030,2.445448398590088,2.877174139022827,0.09636570513248444,35894.21660685388,2297229.8628386483,92.39083600423429,117566341120,0.0003,129.74023866653442,148.98046875,0,0,exported_float_payload,False
operand_hybrid_fixed_h32,Operand hybrid + fixed H32,28040,2.5246999263763428,4.468734264373779,0.1246999129652977,35926.37164113587,2299287.7850326956,92.47360227634984,117608284160,0.0003,129.74023866653442,148.98046875,0,0,exported_float_payload,False
operand_hybrid_fixed_h32,Operand hybrid + fixed H32,28050,2.49240779876709,3.0117149353027344,0.13679717481136322,35915.38097632738,2298584.3824849525,92.44531257383258,117650227200,0.0003,129.74023866653442,148.98046875,0,0,exported_float_payload,False
operand_hybrid_fixed_h32,Operand hybrid + fixed H32,28060,2.495500087738037,2.963094472885132,0.09422353655099869,35931.953129662674,2299645.000298411,92.4879688913616,117692170240,0.0003,129.74023866653442,148.98046875,0,0,exported_float_payload,False
operand_hybrid_fixed_h32,Operand hybrid + fixed H32,28070,2.5238254070281982,3.043792963027954,0.18741394579410553,35900.77920127168,2297649.8688813876,92.4077279618234,117734113280,0.0003,129.74023866653442,148.98046875,0,0,exported_float_payload,False
operand_hybrid_fixed_h32,Operand hybrid + fixed H32,28080,2.4681079387664795,2.8980963230133057,0.10922263562679291,35910.34669694693,2298262.1886046035,92.43235446178534,117776056320,0.0003,129.74023866653442,148.98046875,0,0,exported_float_payload,False
operand_hybrid_fixed_h32,Operand hybrid + fixed H32,28090,2.465543508529663,3.0828118324279785,0.11250293254852295,35891.01978687308,2297025.2663598773,92.38260746775956,117817999360,0.0003,129.74023866653442,148.98046875,0,0,exported_float_payload,False
operand_hybrid_fixed_h32,Operand hybrid + fixed H32,28100,2.43520450592041,2.926356792449951,0.09531047940254211,35919.057115205826,2298819.655373173,92.45477486543143,117859942400,0.0003,129.74023866653442,148.98046875,0,0,exported_float_payload,False
operand_hybrid_fixed_h32,Operand hybrid + fixed H32,28110,2.4547083377838135,3.0052499771118164,0.1270902454853058,35916.55552474599,2298659.5535837435,92.44833583274671,117901885440,0.0003,129.74023866653442,148.98046875,0,0,exported_float_payload,False
operand_hybrid_fixed_h32,Operand hybrid + fixed H32,28120,2.4947798252105713,3.0141990184783936,0.08288349211215973,35926.969493754455,2299326.047600285,92.47514113437379,117943828480,0.0003,129.74023866653442,148.98046875,0,0,exported_float_payload,False
operand_hybrid_fixed_h32,Operand hybrid + fixed H32,28130,2.4896340370178223,3.2003378868103027,0.06568309664726257,35934.64547974691,2299817.3107038024,92.49489893465586,117985771520,0.0003,129.74023866653442,148.98046875,0,0,exported_float_payload,False
operand_hybrid_fixed_h32,Operand hybrid + fixed H32,28140,2.496427297592163,2.997755289077759,0.19567234814167023,35918.49560206386,2298783.718532087,92.4533295443319,118027714560,0.0003,129.74023866653442,148.98046875,0,0,exported_float_payload,False
operand_hybrid_fixed_h32,Operand hybrid + fixed H32,28150,2.483182668685913,2.998523235321045,0.14832289516925812,35932.69345617599,2299692.3811952635,92.48987447370739,118069657600,0.0003,129.74023866653442,148.98046875,0,0,exported_float_payload,False
operand_hybrid_fixed_h32,Operand hybrid + fixed H32,28160,2.4861772060394287,3.1802515983581543,0.09879730641841888,35918.02378312866,2298753.522120234,92.4521150939277,118111600640,0.0003,129.74023866653442,148.98046875,0,0,exported_float_payload,False
operand_hybrid_fixed_h32,Operand hybrid + fixed H32,28170,2.4576010704040527,2.876451015472412,0.0921880304813385,35938.71184826479,2300077.5582889467,92.5053656678063,118153543680,0.0003,129.74023866653442,148.98046875,0,0,exported_float_payload,False
operand_hybrid_fixed_h32,Operand hybrid + fixed H32,28180,2.499185562133789,3.1418275833129883,0.15970639884471893,35899.995475635464,2297599.7104406697,92.4057106711963,118195486720,0.0003,129.74023866653442,148.98046875,0,0,exported_float_payload,False
operand_hybrid_fixed_h32,Operand hybrid + fixed H32,28190,2.45967698097229,2.9804091453552246,0.07922708243131638,35908.07373402964,2298116.718977897,92.42650391080565,118237429760,0.0003,129.74023866653442,148.98046875,0,0,exported_float_payload,False
operand_hybrid_fixed_h32,Operand hybrid + fixed H32,28200,2.4658541679382324,3.058954954147339,0.0752931460738182,35926.53523884972,2299298.255286382,92.47402337286566,118279372800,0.0003,129.74023866653442,148.98046875,0,0,exported_float_payload,False
operand_hybrid_fixed_h32,Operand hybrid + fixed H32,28210,2.480409622192383,2.9370150566101074,0.14731396734714508,35922.04478380929,2299010.8661637944,92.46246505137424,118321315840,0.0003,129.74023866653442,148.98046875,0,0,exported_float_payload,False
operand_hybrid_fixed_h32,Operand hybrid + fixed H32,28220,2.4905409812927246,2.984269618988037,0.08287733793258667,35913.06358393587,2298436.069371896,92.43934766247243,118363258880,0.0003,129.74023866653442,148.98046875,0,0,exported_float_payload,False
operand_hybrid_fixed_h32,Operand hybrid + fixed H32,28230,2.5034453868865967,3.4052107334136963,0.07220733165740967,35931.55323753446,2299619.4072022056,92.48693957880016,118405201920,0.0003,129.74023866653442,148.98046875,0,0,exported_float_payload,False
operand_hybrid_fixed_h32,Operand hybrid + fixed H32,28240,2.4551875591278076,2.873628616333008,0.10564251244068146,35936.57368059964,2299940.715558377,92.49986207651014,118447144960,0.0003,129.74023866653442,148.98046875,0,0,exported_float_payload,False
operand_hybrid_fixed_h32,Operand hybrid + fixed H32,28250,2.5075936317443848,3.0333235263824463,0.1433572769165039,35910.62176981426,2298279.7932681125,92.43306249262088,118489088000,0.0003,129.74023866653442,148.98046875,0,0,exported_float_payload,False
operand_hybrid_fixed_h32,Operand hybrid + fixed H32,28260,2.473703145980835,3.1686882972717285,0.09617418050765991,35954.05393956929,2301059.4521324346,92.54485583574065,118531031040,0.0003,129.74023866653442,148.98046875,0,0,exported_float_payload,False
operand_hybrid_fixed_h32,Operand hybrid + fixed H32,28270,2.465566396713257,2.873924732208252,0.19422386586666107,35900.16077829901,2297610.2898111367,92.40613615621095,118572974080,0.0003,129.74023866653442,148.98046875,0,0,exported_float_payload,False
operand_hybrid_fixed_h32,Operand hybrid + fixed H32,28280,2.4672088623046875,2.961543560028076,0.09901336580514908,35921.183711026715,2298955.75750571,92.46024867108339,118614917120,0.0003,129.74023866653442,148.98046875,0,0,exported_float_payload,False
operand_hybrid_fixed_h32,Operand hybrid + fixed H32,28290,2.5279321670532227,5.070249557495117,0.1607816070318222,35902.5667816184,2297764.2740235776,92.41232914993309,118656860160,0.0003,129.74023866653442,148.98046875,0,0,exported_float_payload,False
operand_hybrid_fixed_h32,Operand hybrid + fixed H32,28300,2.439074993133545,3.096283435821533,0.09031377732753754,35927.94209486455,2299388.294071331,92.47764458585301,118698803200,0.0003,129.74023866653442,148.98046875,0,0,exported_float_payload,False
operand_hybrid_fixed_h32,Operand hybrid + fixed H32,28310,2.47263240814209,3.039604425430298,0.13724663853645325,35932.929875413014,2299707.512026433,92.4904830110435,118740746240,0.0003,129.74023866653442,148.98046875,0,0,exported_float_payload,False
operand_hybrid_fixed_h32,Operand hybrid + fixed H32,28320,2.4902307987213135,2.9168710708618164,0.09915171563625336,35950.460995286354,2300829.5036983266,92.53560768499666,118782689280,0.0003,129.74023866653442,148.98046875,0,0,exported_float_payload,False
operand_hybrid_fixed_h32,Operand hybrid + fixed H32,28330,2.4378528594970703,2.8956756591796875,0.11774402111768723,35913.737038741165,2298479.1704794345,92.44108111867664,118824632320,0.0003,129.74023866653442,148.98046875,0,0,exported_float_payload,False
operand_hybrid_fixed_h32,Operand hybrid + fixed H32,28340,2.480207920074463,3.6761887073516846,0.09904849529266357,35904.794618627995,2297906.8555921917,92.41806354792963,118866575360,0.0003,129.74023866653442,148.98046875,0,0,exported_float_payload,False
operand_hybrid_fixed_h32,Operand hybrid + fixed H32,28350,2.5025055408477783,3.0400311946868896,0.2081807553768158,35915.60738407725,2298598.872580944,92.44589534184551,118908518400,0.0003,129.74023866653442,148.98046875,0,0,exported_float_payload,False
operand_hybrid_fixed_h32,Operand hybrid + fixed H32,28360,2.4144136905670166,2.976461887359619,0.09574881196022034,35933.78346559978,2299762.141798386,92.49268013131567,118950461440,0.0003,129.74023866653442,148.98046875,0,0,exported_float_payload,False
operand_hybrid_fixed_h32,Operand hybrid + fixed H32,28370,2.471017837524414,3.2643895149230957,0.09890268743038177,35912.63211329003,2298408.4552505617,92.43823706757863,118992404480,0.0003,129.74023866653442,148.98046875,0,0,exported_float_payload,False
operand_hybrid_fixed_h32,Operand hybrid + fixed H32,28380,2.459589958190918,2.934070110321045,0.09798436611890793,35943.19377839398,2300364.4018172147,92.51690204638462,119034347520,0.0003,129.74023866653442,148.98046875,0,0,exported_float_payload,False
operand_hybrid_fixed_h32,Operand hybrid + fixed H32,28390,2.4604971408843994,3.343505859375,0.09123539924621582,35950.47444883702,2300830.3647255693,92.53564231410716,119076290560,0.0003,129.74023866653442,148.98046875,0,0,exported_float_payload,False
operand_hybrid_fixed_h32,Operand hybrid + fixed H32,28400,2.4959511756896973,3.024271249771118,0.1516978144645691,35910.40484478772,2298265.910066414,92.43250413290596,119118233600,0.0003,129.74023866653442,148.98046875,0,0,exported_float_payload,False
operand_hybrid_fixed_h32,Operand hybrid + fixed H32,28410,2.4548442363739014,3.0336742401123047,0.11753281950950623,35928.08243184957,2299397.2756383726,92.47800580982151,119160176640,0.0003,129.74023866653442,148.98046875,0,0,exported_float_payload,False
operand_hybrid_fixed_h32,Operand hybrid + fixed H32,28420,2.4996232986450195,2.972689628601074,0.06269226223230362,35941.96106620631,2300285.508237204,92.5137290753509,119202119680,0.0003,129.74023866653442,148.98046875,0,0,exported_float_payload,False
operand_hybrid_fixed_h32,Operand hybrid + fixed H32,28430,2.43631911277771,2.89064884185791,0.11156819760799408,35936.66876891126,2299946.8012103206,92.50010683149952,119244062720,0.0003,129.74023866653442,148.98046875,0,0,exported_float_payload,False
operand_hybrid_fixed_h32,Operand hybrid + fixed H32,28440,2.4649083614349365,3.0819761753082275,0.11868132650852203,35926.34410246381,2299286.0225576838,92.47353139248122,119286005760,0.0003,129.74023866653442,148.98046875,0,0,exported_float_payload,False
operand_hybrid_fixed_h32,Operand hybrid + fixed H32,28450,2.4803361892700195,3.2231831550598145,0.13232649862766266,35909.21388175468,2298189.6884322995,92.42943862317557,119327948800,0.0003,129.74023866653442,148.98046875,0,0,exported_float_payload,False
operand_hybrid_fixed_h32,Operand hybrid + fixed H32,28460,2.521848440170288,3.176804542541504,0.23134808242321014,35917.00726406327,2298688.4649000494,92.44949859870526,119369891840,0.0003,129.74023866653442,148.98046875,0,0,exported_float_payload,False
operand_hybrid_fixed_h32,Operand hybrid + fixed H32,28470,2.480074882507324,3.2807741165161133,0.10649453848600388,35914.48854296809,2298527.2667499576,92.44301547218396,119411834880,0.0003,129.74023866653442,148.98046875,0,0,exported_float_payload,False
operand_hybrid_fixed_h32,Operand hybrid + fixed H32,28480,2.4572277069091797,3.034290313720703,0.09695620089769363,35934.61395368624,2299815.2930359193,92.49481778734645,119453777920,0.0003,129.74023866653442,148.98046875,0,0,exported_float_payload,False
operand_hybrid_fixed_h32,Operand hybrid + fixed H32,28490,2.4801583290100098,3.0128445625305176,0.1415061205625534,35901.60688459521,2297702.8406140935,92.40985839846296,119495720960,0.0003,129.74023866653442,148.98046875,0,0,exported_float_payload,False
operand_hybrid_fixed_h32,Operand hybrid + fixed H32,28500,2.469944477081299,3.2317023277282715,0.07152701169252396,35938.79245226612,2300082.7169450317,92.50557314053512,119537664000,0.0003,129.74023866653442,148.98046875,0,0,exported_float_payload,False
operand_hybrid_fixed_h32,Operand hybrid + fixed H32,28510,2.464634656906128,2.928666591644287,0.08913006633520126,20063.527707177094,1284065.773259334,51.64302980514846,119579607040,0.0003,129.74023866653442,148.98046875,0,0,exported_float_payload,False
operand_hybrid_fixed_h32,Operand hybrid + fixed H32,28520,2.453936815261841,3.0151894092559814,0.2014186680316925,35978.15432965116,2302601.877097674,92.60688965060503,119621550080,0.0003,129.74023866653442,148.98046875,0,0,exported_float_payload,False
operand_hybrid_fixed_h32,Operand hybrid + fixed H32,28530,2.4549338817596436,2.847027540206909,0.12023147195577621,35938.894070566435,2300089.220516252,92.50583470355576,119663493120,0.0003,129.74023866653442,148.98046875,0,0,exported_float_payload,False
operand_hybrid_fixed_h32,Operand hybrid + fixed H32,28540,2.4966089725494385,3.122734546661377,0.08516306430101395,35931.033591696396,2299586.1498685693,92.48560202311727,119705436160,0.0003,129.74023866653442,148.98046875,0,0,exported_float_payload,False
operand_hybrid_fixed_h32,Operand hybrid + fixed H32,28550,2.466032028198242,2.9394774436950684,0.2909046709537506,35913.86647938808,2298487.454680837,92.44141429573723,119747379200,0.0003,129.74023866653442,148.98046875,0,0,exported_float_payload,False
operand_hybrid_fixed_h32,Operand hybrid + fixed H32,28560,2.4840128421783447,2.953643798828125,0.0762854665517807,35938.91603897909,2300090.626494662,92.50589124971287,119789322240,0.0003,129.74023866653442,148.98046875,0,0,exported_float_payload,False
operand_hybrid_fixed_h32,Operand hybrid + fixed H32,28570,2.4675023555755615,4.327738285064697,0.14323309063911438,35908.063109707655,2298116.03902129,92.42647656406061,119831265280,0.0003,129.74023866653442,148.98046875,0,0,exported_float_payload,False
operand_hybrid_fixed_h32,Operand hybrid + fixed H32,28580,2.4211313724517822,2.946542263031006,0.09942056238651276,35917.75164566463,2298736.1053225365,92.45141461874853,119873208320,0.0003,129.74023866653442,148.98046875,0,0,exported_float_payload,False
operand_hybrid_fixed_h32,Operand hybrid + fixed H32,28590,2.4617481231689453,2.8992514610290527,0.20075063407421112,35927.46795586692,2299357.949175483,92.47642416366489,119915151360,0.0003,129.74023866653442,148.98046875,0,0,exported_float_payload,False
operand_hybrid_fixed_h32,Operand hybrid + fixed H32,28600,2.4565629959106445,2.9765005111694336,0.10103101283311844,35942.70631132027,2300333.203924497,92.51564731805448,119957094400,0.0003,129.74023866653442,148.98046875,0,0,exported_float_payload,False
operand_hybrid_fixed_h32,Operand hybrid + fixed H32,28610,2.4854865074157715,3.174103260040283,0.11137256771326065,35924.25182197611,2299152.116606471,92.46814591365796,119999037440,0.0003,129.74023866653442,148.98046875,0,0,exported_float_payload,False
operand_hybrid_fixed_h32,Operand hybrid + fixed H32,28620,2.4845786094665527,2.958015203475952,0.1865416020154953,35912.24930949588,2298383.955807736,92.43725173997127,120040980480,0.0003,129.74023866653442,148.98046875,0,0,exported_float_payload,False
operand_hybrid_fixed_h32,Operand hybrid + fixed H32,28630,2.471675157546997,2.9354357719421387,0.12038237601518631,35950.516634278196,2300833.0645938045,92.5357508984014,120082923520,0.0003,129.74023866653442,148.98046875,0,0,exported_float_payload,False
operand_hybrid_fixed_h32,Operand hybrid + fixed H32,28640,2.4992074966430664,2.9806787967681885,0.22821040451526642,35931.3870071712,2299608.768458957,92.48651170590912,120124866560,0.0003,129.74023866653442,148.98046875,0,0,exported_float_payload,False
operand_hybrid_fixed_h32,Operand hybrid + fixed H32,28650,2.4852046966552734,3.24190616607666,0.0896414965391159,35910.98112476019,2298302.791984652,92.4339874634662,120166809600,0.0003,129.74023866653442,148.98046875,0,0,exported_float_payload,False
operand_hybrid_fixed_h32,Operand hybrid + fixed H32,28660,2.4610977172851562,2.9347753524780273,0.2224292904138565,35937.3945571253,2299993.251656019,92.50197499261839,120208752640,0.0003,129.74023866653442,148.98046875,0,0,exported_float_payload,False
operand_hybrid_fixed_h32,Operand hybrid + fixed H32,28670,2.4754631519317627,2.9857382774353027,0.14988242089748383,35905.306868722386,2297939.6395982327,92.4193820671491,120250695680,0.0003,129.74023866653442,148.98046875,0,0,exported_float_payload,False
operand_hybrid_fixed_h32,Operand hybrid + fixed H32,28680,2.4771971702575684,3.035120964050293,0.09013590961694717,35908.93391865076,2298171.7707936484,92.4287180049906,120292638720,0.0003,129.74023866653442,148.98046875,0,0,exported_float_payload,False
operand_hybrid_fixed_h32,Operand hybrid + fixed H32,28690,2.4943346977233887,3.536116123199463,0.08269140124320984,35927.09597160909,2299334.1421829816,92.47546668527947,120334581760,0.0003,129.74023866653442,148.98046875,0,0,exported_float_payload,False
operand_hybrid_fixed_h32,Operand hybrid + fixed H32,28700,2.5022358894348145,3.0798370838165283,0.07669157534837723,35923.359140735636,2299094.9850070807,92.46584817396925,120376524800,0.0003,129.74023866653442,148.98046875,0,0,exported_float_payload,False
operand_hybrid_fixed_h32,Operand hybrid + fixed H32,28710,2.4899981021881104,3.4561033248901367,0.09084348380565643,35928.01292473917,2299392.8271833067,92.47782690021864,120418467840,0.0003,129.74023866653442,148.98046875,0,0,exported_float_payload,False
operand_hybrid_fixed_h32,Operand hybrid + fixed H32,28720,2.4400768280029297,2.9642324447631836,0.11568472534418106,35892.920827955466,2297146.93298915,92.38750070102897,120460410880,0.0003,129.74023866653442,149.01953125,0,0,exported_float_payload,False
operand_hybrid_fixed_h32,Operand hybrid + fixed H32,28730,2.4445760250091553,3.3515734672546387,0.11135885119438171,35943.01498784775,2300352.959222256,92.5164418438897,120502353920,0.0003,129.74023866653442,149.01953125,0,0,exported_float_payload,False
operand_hybrid_fixed_h32,Operand hybrid + fixed H32,28740,2.4679765701293945,3.3124732971191406,0.17222581803798676,35941.612247328005,2300263.1838289923,92.51283122408606,120544296960,0.0003,129.74023866653442,149.01953125,0,0,exported_float_payload,False
operand_hybrid_fixed_h32,Operand hybrid + fixed H32,28750,2.4752390384674072,3.9585635662078857,0.10067283362150192,35931.51886435793,2299617.2073189076,92.48685110308412,120586240000,0.0003,129.74023866653442,149.01953125,0,0,exported_float_payload,False
operand_hybrid_fixed_h32,Operand hybrid + fixed H32,28760,2.450667142868042,3.015404224395752,0.08235630393028259,35906.95946412025,2298045.405703696,92.42363580730054,120628183040,0.0003,129.74023866653442,149.01953125,0,0,exported_float_payload,False
operand_hybrid_fixed_h32,Operand hybrid + fixed H32,28770,2.475399971008301,3.2088136672973633,0.13807940483093262,35894.924880762184,2297275.19236878,92.39265908395838,120670126080,0.0003,129.74023866653442,149.01953125,0,0,exported_float_payload,False
operand_hybrid_fixed_h32,Operand hybrid + fixed H32,28780,2.4940247535705566,2.8824315071105957,0.08879578113555908,35933.81213087541,2299763.9763760264,92.49275391503434,120712069120,0.0003,129.74023866653442,149.01953125,0,0,exported_float_payload,False
operand_hybrid_fixed_h32,Operand hybrid + fixed H32,28790,2.472177028656006,3.2108969688415527,0.10552041977643967,35911.81342232902,2298356.059029057,92.43612977706034,120754012160,0.0003,129.74023866653442,149.01953125,0,0,exported_float_payload,False
operand_hybrid_fixed_h32,Operand hybrid + fixed H32,28800,2.468933582305908,2.9918758869171143,0.1383446753025055,35935.056591615314,2299843.62186338,92.49595712655427,120795955200,0.0003,129.74023866653442,149.01953125,0,0,exported_float_payload,False
operand_hybrid_fixed_h32,Operand hybrid + fixed H32,28810,2.450679302215576,2.84938383102417,0.1856485903263092,35875.17480810231,2296011.187718548,92.34182287978163,120837898240,0.0003,129.74023866653442,149.01953125,0,0,exported_float_payload,False
operand_hybrid_fixed_h32,Operand hybrid + fixed H32,28820,2.470555067062378,2.852433919906616,0.11111990362405777,35918.44401905972,2298780.4172198223,92.45319677094035,120879841280,0.0003,129.74023866653442,149.01953125,0,0,exported_float_payload,False
operand_hybrid_fixed_h32,Operand hybrid + fixed H32,28830,2.4760544300079346,3.3238353729248047,0.1830848753452301,35929.8347060472,2299509.421187021,92.4825161207666,120921784320,0.0003,129.74023866653442,149.01953125,0,0,exported_float_payload,False
operand_hybrid_fixed_h32,Operand hybrid + fixed H32,28840,2.446533203125,2.864410638809204,0.09766695648431778,35933.22263645992,2299726.248733435,92.49123657082082,120963727360,0.0003,129.74023866653442,149.01953125,0,0,exported_float_payload,False
operand_hybrid_fixed_h32,Operand hybrid + fixed H32,28850,2.4687447547912598,2.867112159729004,0.11926809698343277,35917.19131729423,2298700.2443068307,92.44997234722202,121005670400,0.0003,129.74023866653442,149.01953125,0,0,exported_float_payload,False
operand_hybrid_fixed_h32,Operand hybrid + fixed H32,28860,2.481386661529541,2.9801974296569824,0.6823757290840149,35894.54126241669,2297250.6407946683,92.39167165971578,121047613440,0.0003,129.74023866653442,149.01953125,0,0,exported_float_payload,False
operand_hybrid_fixed_h32,Operand hybrid + fixed H32,28870,2.48628568649292,2.965496778488159,0.1748967468738556,35944.019712177644,2300417.261579369,92.51902797975133,121089556480,0.0003,129.74023866653442,149.01953125,0,0,exported_float_payload,False
operand_hybrid_fixed_h32,Operand hybrid + fixed H32,28880,2.489710569381714,2.9915671348571777,0.07139178365468979,35911.65073985165,2298345.6473505055,92.43571103634085,121131499520,0.0003,129.74023866653442,149.01953125,0,0,exported_float_payload,False
operand_hybrid_fixed_h32,Operand hybrid + fixed H32,28890,2.4737019538879395,3.416311502456665,0.10015449672937393,35954.94253642396,2301116.3223311333,92.54714306232015,121173442560,0.0003,129.74023866653442,149.01953125,0,0,exported_float_payload,False
operand_hybrid_fixed_h32,Operand hybrid + fixed H32,28900,2.4855082035064697,2.99572491645813,0.10365153104066849,35954.765063293125,2301104.96405076,92.54668625082024,121215385600,0.0003,129.74023866653442,149.01953125,0,0,exported_float_payload,False
operand_hybrid_fixed_h32,Operand hybrid + fixed H32,28910,2.4349637031555176,2.901735544204712,0.10535062849521637,35928.81970089536,2299444.460857303,92.4799035223206,121257328640,0.0003,129.74023866653442,149.01953125,0,0,exported_float_payload,False
operand_hybrid_fixed_h32,Operand hybrid + fixed H32,28920,2.4837963581085205,2.9026198387145996,0.2250429093837738,35917.28778388839,2298706.4181688568,92.45022064987697,121299271680,0.0003,129.74023866653442,149.01953125,0,0,exported_float_payload,False
operand_hybrid_fixed_h32,Operand hybrid + fixed H32,28930,2.4520578384399414,2.930274486541748,0.08056022226810455,34813.0352047659,2228034.253105018,89.60790150798275,121341214720,0.0003,129.74023866653442,149.01953125,0,0,exported_float_payload,False
operand_hybrid_fixed_h32,Operand hybrid + fixed H32,28940,2.4367527961730957,2.8986244201660156,0.11092215776443481,35896.802111283585,2297395.3351221494,92.39749102942594,121383157760,0.0003,129.74023866653442,149.01953125,0,0,exported_float_payload,False
operand_hybrid_fixed_h32,Operand hybrid + fixed H32,28950,2.452216148376465,2.9428744316101074,0.0961470678448677,33339.85636681925,2133750.807476432,85.8159751953843,121425100800,0.0003,129.74023866653442,149.01953125,0,0,exported_float_payload,False
operand_hybrid_fixed_h32,Operand hybrid + fixed H32,28960,2.458225965499878,2.9898948669433594,0.17531833052635193,35831.065696954545,2293188.204605091,92.22828710606684,121467043840,0.0003,129.74023866653442,149.01953125,0,0,exported_float_payload,False
operand_hybrid_fixed_h32,Operand hybrid + fixed H32,28970,2.4800162315368652,2.9413890838623047,0.154783234000206,35885.67593116537,2296683.259594584,92.3688525138145,121508986880,0.0003,129.74023866653442,149.01953125,0,0,exported_float_payload,False
operand_hybrid_fixed_h32,Operand hybrid + fixed H32,28980,2.4592161178588867,3.2249503135681152,0.09909532219171524,35919.1501045744,2298825.6066927616,92.45501421779275,121550929920,0.0003,129.74023866653442,149.01953125,0,0,exported_float_payload,False
operand_hybrid_fixed_h32,Operand hybrid + fixed H32,28990,2.426265001296997,2.904858112335205,0.1023716852068901,35918.262940929475,2298768.8282194864,92.45273068026007,121592872960,0.0003,129.74023866653442,149.01953125,0,0,exported_float_payload,False
operand_hybrid_fixed_h32,Operand hybrid + fixed H32,29000,2.486250877380371,3.0379223823547363,0.1227763369679451,35943.523511103114,2300385.5047105993,92.51775077031661,121634816000,0.0003,129.74023866653442,149.01953125,0,0,exported_float_payload,False
operand_hybrid_fixed_h32,Operand hybrid + fixed H32,29010,2.517815113067627,3.058746814727783,0.22012783586978912,28105.59024585219,1798757.77573454,72.34310216735321,121676759040,0.0003,129.74023866653442,149.01953125,0,0,exported_float_payload,False
operand_hybrid_fixed_h32,Operand hybrid + fixed H32,29020,2.4835548400878906,3.1274666786193848,0.1494419127702713,35949.65771166854,2300778.0935467863,92.53354005260307,121718702080,0.0003,129.74023866653442,149.01953125,0,0,exported_float_payload,False
operand_hybrid_fixed_h32,Operand hybrid + fixed H32,29030,2.4679582118988037,3.0826334953308105,0.20608103275299072,35899.10725389392,2297542.864249211,92.4034244101488,121760645120,0.0003,129.74023866653442,149.01953125,0,0,exported_float_payload,False
operand_hybrid_fixed_h32,Operand hybrid + fixed H32,29040,2.498009204864502,3.1945624351501465,0.10829856991767883,35950.99854639743,2300863.9069694355,92.53699132841452,121802588160,0.0003,129.74023866653442,149.01953125,0,0,exported_float_payload,False
operand_hybrid_fixed_h32,Operand hybrid + fixed H32,29050,2.476174831390381,3.006551742553711,0.17252403497695923,35920.85903404258,2298934.978178725,92.45941296046394,121844531200,0.0003,129.74023866653442,149.01953125,0,0,exported_float_payload,False
operand_hybrid_fixed_h32,Operand hybrid + fixed H32,29060,2.4656007289886475,3.2545602321624756,0.09196889400482178,35917.95961283164,2298749.415221225,92.45194992115204,121886474240,0.0003,129.74023866653442,149.01953125,0,0,exported_float_payload,False
operand_hybrid_fixed_h32,Operand hybrid + fixed H32,29070,2.4969074726104736,3.9021079540252686,0.09620673209428787,35900.08387499441,2297605.367999642,92.40593820898503,121928417280,0.0003,129.74023866653442,149.01953125,0,0,exported_float_payload,False
operand_hybrid_fixed_h32,Operand hybrid + fixed H32,29080,2.450850486755371,2.9538846015930176,0.1828383058309555,35926.832057155356,2299317.251657943,92.47478737592775,121970360320,0.0003,129.74023866653442,149.01953125,0,0,exported_float_payload,False
operand_hybrid_fixed_h32,Operand hybrid + fixed H32,29090,2.4798696041107178,2.956171989440918,0.12419851869344711,35910.20125463774,2298252.880296815,92.43198009683726,122012303360,0.0003,129.74023866653442,149.01953125,0,0,exported_float_payload,False
operand_hybrid_fixed_h32,Operand hybrid + fixed H32,29100,2.441756248474121,2.8902289867401123,0.06791544705629349,35900.33933507293,2297621.7174446676,92.40659575698166,122054246400,0.0003,129.74023866653442,149.01953125,0,0,exported_float_payload,False
operand_hybrid_fixed_h32,Operand hybrid + fixed H32,29110,2.5006446838378906,4.683734893798828,0.14207889139652252,35931.86495721027,2299639.3572614575,92.48774193762478,122096189440,0.0003,129.74023866653442,149.01953125,0,0,exported_float_payload,False
operand_hybrid_fixed_h32,Operand hybrid + fixed H32,29120,2.5155911445617676,3.03603458404541,0.15294568240642548,35951.29584437151,2300882.9340397767,92.53775656613146,122138132480,0.0003,129.74023866653442,149.01953125,0,0,exported_float_payload,False
operand_hybrid_fixed_h32,Operand hybrid + fixed H32,29130,2.4749631881713867,2.991868257522583,0.10625466704368591,35863.979147023114,2295294.6654094793,92.31300552187531,122180075520,0.0003,129.74023866653442,149.01953125,0,0,exported_float_payload,False
operand_hybrid_fixed_h32,Operand hybrid + fixed H32,29140,2.455662250518799,2.970186710357666,0.14762867987155914,35962.43421040426,2301595.7894658726,92.56642644798899,122222018560,0.0003,129.74023866653442,149.01953125,0,0,exported_float_payload,False
operand_hybrid_fixed_h32,Operand hybrid + fixed H32,29150,2.4969818592071533,3.0860893726348877,0.0933312177658081,35930.853731870266,2299574.638839697,92.48513906832203,122263961600,0.0003,129.74023866653442,149.01953125,0,0,exported_float_payload,False
operand_hybrid_fixed_h32,Operand hybrid + fixed H32,29160,2.461111545562744,2.9740705490112305,0.19901129603385925,35939.764587693186,2300144.933612364,92.50807539335763,122305904640,0.0003,129.74023866653442,149.01953125,0,0,exported_float_payload,False
operand_hybrid_fixed_h32,Operand hybrid + fixed H32,29170,2.478433132171631,2.991058111190796,0.14626802504062653,35962.7476975251,2301615.8526416062,92.5672333561739,122347847680,0.0003,129.74023866653442,149.01953125,0,0,exported_float_payload,False
operand_hybrid_fixed_h32,Operand hybrid + fixed H32,29180,2.480494260787964,2.916175365447998,0.12796811759471893,35941.12654642167,2300232.098970987,92.51158104182757,122389790720,0.0003,129.74023866653442,149.01953125,0,0,exported_float_payload,False
operand_hybrid_fixed_h32,Operand hybrid + fixed H32,29190,2.4532885551452637,3.231184959411621,0.13484568893909454,35909.90136809209,2298233.687557894,92.43120819620039,122431733760,0.0003,129.74023866653442,149.01953125,0,0,exported_float_payload,False
operand_hybrid_fixed_h32,Operand hybrid + fixed H32,29200,2.473996877670288,3.1058692932128906,0.13967666029930115,35938.483537153115,2300062.9463777994,92.5047780005866,122473676800,0.0003,129.74023866653442,149.01953125,0,0,exported_float_payload,False
operand_hybrid_fixed_h32,Operand hybrid + fixed H32,29210,2.4759345054626465,3.004260540008545,0.17657633125782013,35945.12798876878,2300488.191281202,92.52188065660177,122515619840,0.0003,129.74023866653442,149.01953125,0,0,exported_float_payload,False
operand_hybrid_fixed_h32,Operand hybrid + fixed H32,29220,2.508119821548462,3.048717498779297,0.1447381228208542,35909.39043866587,2298200.9880746156,92.4298930763485,122557562880,0.0003,129.74023866653442,149.01953125,0,0,exported_float_payload,False
operand_hybrid_fixed_h32,Operand hybrid + fixed H32,29230,2.4695017337799072,3.0454392433166504,0.166715607047081,35926.589281403096,2299301.714009798,92.47416247707682,122599505920,0.0003,129.74023866653442,149.01953125,0,0,exported_float_payload,False
operand_hybrid_fixed_h32,Operand hybrid + fixed H32,29240,2.4923367500305176,3.0414414405822754,0.17041638493537903,35915.640769936654,2298601.009275946,92.44598127623141,122641448960,0.0003,129.74023866653442,149.01953125,0,0,exported_float_payload,False
operand_hybrid_fixed_h32,Operand hybrid + fixed H32,29250,2.459035873413086,3.047300100326538,0.20487651228904724,35943.78360552415,2300402.1507535456,92.51842024699758,122683392000,0.0003,129.74023866653442,149.01953125,0,0,exported_float_payload,False
operand_hybrid_fixed_h32,Operand hybrid + fixed H32,29260,2.469574451446533,2.9814445972442627,0.13387414813041687,35934.08925062389,2299781.712039929,92.49346721449189,122725335040,0.0003,129.74023866653442,149.01953125,0,0,exported_float_payload,False
operand_hybrid_fixed_h32,Operand hybrid + fixed H32,29270,2.4532694816589355,2.890733242034912,0.18280203640460968,35901.251371351784,2297680.087766514,92.40894331606596,122767278080,0.0003,129.74023866653442,149.01953125,0,0,exported_float_payload,False
operand_hybrid_fixed_h32,Operand hybrid + fixed H32,29280,2.4889354705810547,3.070291519165039,0.16951291263103485,35946.86486139438,2300599.3511292404,92.526351324277,122809221120,0.0003,129.74023866653442,149.01953125,0,0,exported_float_payload,False
operand_hybrid_fixed_h32,Operand hybrid + fixed H32,29290,2.469015598297119,2.9233813285827637,0.1951410472393036,35911.25065989257,2298320.0422331244,92.43468124030734,122851164160,0.0003,129.74023866653442,149.01953125,0,0,exported_float_payload,False
operand_hybrid_fixed_h32,Operand hybrid + fixed H32,29300,2.487377405166626,4.266191005706787,0.11199572682380676,35913.856902361214,2298486.8417511177,92.44138964470422,122893107200,0.0003,129.74023866653442,149.01953125,0,0,exported_float_payload,False
operand_hybrid_fixed_h32,Operand hybrid + fixed H32,29310,2.477447032928467,2.9088375568389893,0.14515048265457153,35933.27969599487,2299729.9005436716,92.49138344066878,122935050240,0.0003,129.74023866653442,149.01953125,0,0,exported_float_payload,False
operand_hybrid_fixed_h32,Operand hybrid + fixed H32,29320,2.4363489151000977,2.872617721557617,0.10844989120960236,35933.19583179364,2299724.5332347928,92.49116757626513,122976993280,0.0003,129.74023866653442,149.01953125,0,0,exported_float_payload,False
operand_hybrid_fixed_h32,Operand hybrid + fixed H32,29330,2.4774231910705566,2.999047040939331,0.2744293808937073,35950.00779650473,2300800.498976303,92.53444116241258,123018936320,0.0003,129.74023866653442,149.01953125,0,0,exported_float_payload,False
operand_hybrid_fixed_h32,Operand hybrid + fixed H32,29340,2.448060989379883,3.1431803703308105,0.12092723697423935,35960.667025976676,2301482.6896625073,92.56187775847651,123060879360,0.0003,129.74023866653442,149.01953125,0,0,exported_float_payload,False
operand_hybrid_fixed_h32,Operand hybrid + fixed H32,29350,2.4803929328918457,2.9197444915771484,0.14639773964881897,35953.306779972205,2301011.633918221,92.54293266520429,123102822400,0.0003,129.74023866653442,149.01953125,0,0,exported_float_payload,False
operand_hybrid_fixed_h32,Operand hybrid + fixed H32,29360,2.466543197631836,3.119889736175537,0.13209381699562073,35932.308778297745,2299667.7618110557,92.48888432225338,123144765440,0.0003,129.74023866653442,149.01953125,0,0,exported_float_payload,False
operand_hybrid_fixed_h32,Operand hybrid + fixed H32,29370,2.4764411449432373,2.86570405960083,0.1698995977640152,35921.04647776011,2298946.974576647,92.45989543601023,123186708480,0.0003,129.74023866653442,149.01953125,0,0,exported_float_payload,False
operand_hybrid_fixed_h32,Operand hybrid + fixed H32,29380,2.457481861114502,2.8552777767181396,0.11268054693937302,35939.42335686665,2300123.094839466,92.50719707355255,123228651520,0.0003,129.74023866653442,149.01953125,0,0,exported_float_payload,False
operand_hybrid_fixed_h32,Operand hybrid + fixed H32,29390,2.4491279125213623,3.4770264625549316,0.18668393790721893,35940.805909859286,2300211.5782309943,92.51075573115492,123270594560,0.0003,129.74023866653442,149.01953125,0,0,exported_float_payload,False
operand_hybrid_fixed_h32,Operand hybrid + fixed H32,29400,2.476590156555176,3.281764507293701,0.16483773291110992,35945.282211294056,2300498.0615228196,92.5222776216114,123312537600,0.0003,129.74023866653442,149.01953125,0,0,exported_float_payload,False
operand_hybrid_fixed_h32,Operand hybrid + fixed H32,29410,2.446017265319824,2.9710817337036133,0.0885239914059639,35897.98192168005,2297470.8429875234,92.40052783254244,123354480640,0.0003,129.74023866653442,149.01953125,0,0,exported_float_payload,False
operand_hybrid_fixed_h32,Operand hybrid + fixed H32,29420,2.5147485733032227,3.6615190505981445,0.3410736918449402,35951.52249163373,2300897.439464559,92.53833995064336,123396423680,0.0003,129.74023866653442,149.01953125,0,0,exported_float_payload,False
operand_hybrid_fixed_h32,Operand hybrid + fixed H32,29430,2.46964430809021,3.297039031982422,0.17043249309062958,35924.47213438459,2299166.2166006137,92.4687129924112,123438366720,0.0003,129.74023866653442,149.01953125,0,0,exported_float_payload,False
operand_hybrid_fixed_h32,Operand hybrid + fixed H32,29440,2.4327101707458496,2.8364031314849854,0.09898153692483902,35904.60979887746,2297895.0271281577,92.41758782641023,123480309760,0.0003,129.74023866653442,149.01953125,0,0,exported_float_payload,False
operand_hybrid_fixed_h32,Operand hybrid + fixed H32,29450,2.455559253692627,2.9733803272247314,0.12616294622421265,35950.43061096136,2300827.559101527,92.53552947648697,123522252800,0.0003,129.74023866653442,149.01953125,0,0,exported_float_payload,False
operand_hybrid_fixed_h32,Operand hybrid + fixed H32,29460,2.478862762451172,2.9395644664764404,0.19642427563667297,35923.19881653286,2299084.724258103,92.4654355033909,123564195840,0.0003,129.74023866653442,149.01953125,0,0,exported_float_payload,False
operand_hybrid_fixed_h32,Operand hybrid + fixed H32,29470,2.4739603996276855,3.3355319499969482,0.1164485365152359,31348.333383659843,2006293.33655423,80.68984372548587,123606138880,0.0003,129.74023866653442,149.01953125,0,0,exported_float_payload,False
operand_hybrid_fixed_h32,Operand hybrid + fixed H32,29480,2.465547561645508,2.890247106552124,0.14046858251094818,35826.13203713434,2292872.4503765977,92.21558798630774,123648081920,0.0003,129.74023866653442,149.01953125,0,0,exported_float_payload,False
operand_hybrid_fixed_h32,Operand hybrid + fixed H32,29490,2.4310615062713623,2.956040143966675,0.11894820630550385,35854.37198996409,2294679.807357702,92.28827693448116,123690024960,0.0003,129.74023866653442,149.01953125,0,0,exported_float_payload,False
operand_hybrid_fixed_h32,Operand hybrid + fixed H32,29500,2.4474453926086426,3.7273690700531006,0.10262899100780487,35865.825864722756,2295412.8553422564,92.31775892808564,123731968000,0.0003,129.74023866653442,149.01953125,0,0,exported_float_payload,False
operand_hybrid_fixed_h32,Operand hybrid + fixed H32,29510,2.4298343658447266,2.905559539794922,0.09999708086252213,35928.0443424554,2299394.837917146,92.47790776865212,123773911040,0.0003,129.74023866653442,149.01953125,0,0,exported_float_payload,False
operand_hybrid_fixed_h32,Operand hybrid + fixed H32,29520,2.4343204498291016,2.8999462127685547,0.1568116992712021,35941.87405670722,2300279.939629262,92.51350511502744,123815854080,0.0003,129.74023866653442,149.01953125,0,0,exported_float_payload,False
operand_hybrid_fixed_h32,Operand hybrid + fixed H32,29530,2.4732656478881836,2.9531190395355225,0.11015955358743668,35906.68297977071,2298027.7107053255,92.42292414334432,123857797120,0.0003,129.74023866653442,149.01953125,0,0,exported_float_payload,False
operand_hybrid_fixed_h32,Operand hybrid + fixed H32,29540,2.4507334232330322,2.9805421829223633,0.1545618176460266,35934.822539609355,2299828.6425349987,92.49535468241302,123899740160,0.0003,129.74023866653442,149.01953125,0,0,exported_float_payload,False
operand_hybrid_fixed_h32,Operand hybrid + fixed H32,29550,2.470200300216675,2.873873233795166,0.16309894621372223,35948.394798665,2300697.26711456,92.53028934540767,123941683200,0.0003,129.74023866653442,149.01953125,0,0,exported_float_payload,False
operand_hybrid_fixed_h32,Operand hybrid + fixed H32,29560,2.5077321529388428,3.674482822418213,0.16648980975151062,35944.46581835139,2300445.812374489,92.52017624613615,123983626240,0.0003,129.74023866653442,149.01953125,0,0,exported_float_payload,False
operand_hybrid_fixed_h32,Operand hybrid + fixed H32,29570,2.449388265609741,2.889742612838745,0.10075841099023819,35949.06492272787,2300740.1550545837,92.53201422836231,124025569280,0.0003,129.74023866653442,149.01953125,0,0,exported_float_payload,False
operand_hybrid_fixed_h32,Operand hybrid + fixed H32,29580,2.438082695007324,2.9977946281433105,0.10312577337026596,35926.78865339808,2299314.473817477,92.47467565571766,124067512320,0.0003,129.74023866653442,149.01953125,0,0,exported_float_payload,False
operand_hybrid_fixed_h32,Operand hybrid + fixed H32,29590,2.4797918796539307,2.950418472290039,0.14805440604686737,35927.94537837161,2299388.504215783,92.47765303751991,124109455360,0.0003,129.74023866653442,149.01953125,0,0,exported_float_payload,False
operand_hybrid_fixed_h32,Operand hybrid + fixed H32,29600,2.4695568084716797,2.9115004539489746,0.19434966146945953,35954.44081094461,2301084.211900455,92.54585163320247,124151398400,0.0003,129.74023866653442,149.01953125,0,0,exported_float_payload,False
operand_hybrid_fixed_h32,Operand hybrid + fixed H32,29610,2.4902429580688477,3.0324583053588867,0.16040092706680298,35911.54582872819,2298338.933038604,92.43544099767392,124193341440,0.0003,129.74023866653442,149.01953125,0,0,exported_float_payload,False
operand_hybrid_fixed_h32,Operand hybrid + fixed H32,29620,2.451514720916748,2.949306011199951,0.15026268362998962,35960.78826296676,2301490.4488298725,92.56218981952497,124235284480,0.0003,129.74023866653442,149.01953125,0,0,exported_float_payload,False
operand_hybrid_fixed_h32,Operand hybrid + fixed H32,29630,2.4693219661712646,3.1698503494262695,0.1449057161808014,35949.26459935162,2300752.9343585037,92.53252819111015,124277227520,0.0003,129.74023866653442,149.01953125,0,0,exported_float_payload,False
operand_hybrid_fixed_h32,Operand hybrid + fixed H32,29640,2.447169065475464,3.373678207397461,0.18328246474266052,35902.76048741728,2297776.671194706,92.41282774392369,124319170560,0.0003,129.74023866653442,149.01953125,0,0,exported_float_payload,False
operand_hybrid_fixed_h32,Operand hybrid + fixed H32,29650,2.4754960536956787,3.3168344497680664,0.0905388817191124,35926.803642842526,2299315.4331419216,92.4747142381812,124361113600,0.0003,129.74023866653442,149.01953125,0,0,exported_float_payload,False
operand_hybrid_fixed_h32,Operand hybrid + fixed H32,29660,2.491673231124878,3.264155864715576,0.10700375586748123,35925.08786785691,2299205.6235428425,92.4702978753155,124403056640,0.0003,129.74023866653442,149.01953125,0,0,exported_float_payload,False
operand_hybrid_fixed_h32,Operand hybrid + fixed H32,29670,2.480149984359741,2.837634563446045,0.13184300065040588,35916.93974348914,2298684.143583305,92.44932480239821,124444999680,0.0003,129.74023866653442,149.01953125,0,0,exported_float_payload,False
operand_hybrid_fixed_h32,Operand hybrid + fixed H32,29680,2.4775478839874268,3.005398750305176,0.22037073969841003,35946.682980139085,2300587.7107289014,92.52588316637251,124486942720,0.0003,129.74023866653442,149.01953125,0,0,exported_float_payload,False
operand_hybrid_fixed_h32,Operand hybrid + fixed H32,29690,2.4884262084960938,2.92002010345459,0.12178114056587219,35962.214707151725,2301581.7412577104,92.56586145198338,124528885760,0.0003,129.74023866653442,149.01953125,0,0,exported_float_payload,False
operand_hybrid_fixed_h32,Operand hybrid + fixed H32,29700,2.4807467460632324,2.9857356548309326,0.1876010298728943,35920.20432119155,2298893.0765562593,92.45772774559181,124570828800,0.0003,129.74023866653442,149.01953125,0,0,exported_float_payload,False
operand_hybrid_fixed_h32,Operand hybrid + fixed H32,29710,2.481113910675049,3.0172533988952637,0.1019369512796402,35949.17113994735,2300746.9529566304,92.53228762888845,124612771840,0.0003,129.74023866653442,149.01953125,0,0,exported_float_payload,False
operand_hybrid_fixed_h32,Operand hybrid + fixed H32,29720,2.4486734867095947,2.90559720993042,0.1922091394662857,35917.75964811208,2298736.617479173,92.4514352168526,124654714880,0.0003,129.74023866653442,149.01953125,0,0,exported_float_payload,False
operand_hybrid_fixed_h32,Operand hybrid + fixed H32,29730,2.4919800758361816,3.024057388305664,0.1887495219707489,35926.08416361761,2299269.386471527,92.47286231624611,124696657920,0.0003,129.74023866653442,149.01953125,0,0,exported_float_payload,False
operand_hybrid_fixed_h32,Operand hybrid + fixed H32,29740,2.471813678741455,2.8649115562438965,0.11114528030157089,35921.710449530416,2298989.4687699466,92.46160448311423,124738600960,0.0003,129.74023866653442,149.01953125,0,0,exported_float_payload,False
operand_hybrid_fixed_h32,Operand hybrid + fixed H32,29750,2.487683057785034,4.240274429321289,0.22014786303043365,35914.953864403025,2298557.0473217936,92.4442131981813,124780544000,0.0003,129.74023866653442,149.01953125,0,0,exported_float_payload,False
operand_hybrid_fixed_h32,Operand hybrid + fixed H32,29760,2.4718217849731445,3.014188289642334,0.08080430328845978,35951.59036775978,2300901.783536626,92.53851466213237,124822487040,0.0003,129.74023866653442,149.01953125,0,0,exported_float_payload,False
operand_hybrid_fixed_h32,Operand hybrid + fixed H32,29770,2.476919651031494,4.65794038772583,0.2794729173183441,35909.79004470515,2298226.5628611296,92.43092165252405,124864430080,0.0003,129.74023866653442,149.01953125,0,0,exported_float_payload,False
operand_hybrid_fixed_h32,Operand hybrid + fixed H32,29780,2.4712772369384766,2.992483615875244,0.13680410385131836,35902.18984509791,2297740.1500862665,92.4113589245447,124906373120,0.0003,129.74023866653442,149.01953125,0,0,exported_float_payload,False
operand_hybrid_fixed_h32,Operand hybrid + fixed H32,29790,2.4370944499969482,2.8895065784454346,0.12994997203350067,35924.721937504335,2299182.2040002774,92.46935597953424,124948316160,0.0003,129.74023866653442,149.01953125,0,0,exported_float_payload,False
operand_hybrid_fixed_h32,Operand hybrid + fixed H32,29800,2.454664468765259,3.3989598751068115,0.17055843770503998,35908.02852584928,2298113.825654354,92.42638754605464,124990259200,0.0003,129.74023866653442,149.01953125,0,0,exported_float_payload,False
operand_hybrid_fixed_h32,Operand hybrid + fixed H32,29810,2.483591318130493,2.9870667457580566,0.12893027067184448,35907.42155120299,2298074.9792769914,92.42482520815442,125032202240,0.0003,129.74023866653442,149.01953125,0,0,exported_float_payload,False
operand_hybrid_fixed_h32,Operand hybrid + fixed H32,29820,2.4491353034973145,2.9094550609588623,0.07639884948730469,35933.741218956166,2299759.4380131946,92.49257138948785,125074145280,0.0003,129.74023866653442,149.01953125,0,0,exported_float_payload,False
operand_hybrid_fixed_h32,Operand hybrid + fixed H32,29830,2.426974296569824,2.9164788722991943,0.30641981959342957,35925.44228609898,2299228.3063103347,92.47121013920577,125116088320,0.0003,129.74023866653442,149.01953125,0,0,exported_float_payload,False
operand_hybrid_fixed_h32,Operand hybrid + fixed H32,29840,2.4506051540374756,2.853912591934204,0.19030719995498657,35931.9536778005,2299645.035379232,92.48797030225496,125158031360,0.0003,129.74023866653442,149.01953125,0,0,exported_float_payload,False
operand_hybrid_fixed_h32,Operand hybrid + fixed H32,29850,2.465360164642334,2.8748581409454346,0.10464406758546829,35868.677282219476,2295595.3460620465,92.32509840701073,125199974400,0.0003,129.74023866653442,149.01953125,0,0,exported_float_payload,False
operand_hybrid_fixed_h32,Operand hybrid + fixed H32,29860,2.4377875328063965,2.8717236518859863,0.11476550996303558,35921.9747829399,2299006.3861081535,92.4622848708478,125241917440,0.0003,129.74023866653442,149.01953125,0,0,exported_float_payload,False
operand_hybrid_fixed_h32,Operand hybrid + fixed H32,29870,2.4496641159057617,2.871471881866455,0.3052647113800049,35932.06291810312,2299652.0267585996,92.48825148412321,125283860480,0.0003,129.74023866653442,149.01953125,0,0,exported_float_payload,False
operand_hybrid_fixed_h32,Operand hybrid + fixed H32,29880,2.450334072113037,3.039750099182129,0.11555902659893036,35944.56014607526,2300451.8493488166,92.52041904339126,125325803520,0.0003,129.74023866653442,149.01953125,0,0,exported_float_payload,False
operand_hybrid_fixed_h32,Operand hybrid + fixed H32,29890,2.4690732955932617,2.9650819301605225,0.10359164327383041,35936.97981892081,2299966.7084109318,92.50090746661955,125367746560,0.0003,129.74023866653442,149.01953125,0,0,exported_float_payload,False
operand_hybrid_fixed_h32,Operand hybrid + fixed H32,29900,2.4561474323272705,2.914060592651367,0.13419243693351746,35933.516438554376,2299745.05206748,92.49199281022908,125409689600,0.0003,129.74023866653442,149.01953125,0,0,exported_float_payload,False
operand_hybrid_fixed_h32,Operand hybrid + fixed H32,29910,2.4424848556518555,4.096725940704346,0.1288169026374817,35903.59884255742,2297830.3259236747,92.41498564955829,125451632640,0.0003,129.74023866653442,149.01953125,0,0,exported_float_payload,False
operand_hybrid_fixed_h32,Operand hybrid + fixed H32,29920,2.445859909057617,2.902923583984375,0.09397629648447037,35951.830712544535,2300917.1656028503,92.53913330373238,125493575680,0.0003,129.74023866653442,149.01953125,0,0,exported_float_payload,False
operand_hybrid_fixed_h32,Operand hybrid + fixed H32,29930,2.4724340438842773,2.996582508087158,0.10735420882701874,35918.58773828293,2298789.6152501074,92.45356670070723,125535518720,0.0003,129.74023866653442,149.01953125,0,0,exported_float_payload,False
operand_hybrid_fixed_h32,Operand hybrid + fixed H32,29940,2.4701895713806152,2.943751811981201,0.14664728939533234,35928.27957649242,2299409.892895515,92.47851325531241,125577461760,0.0003,129.74023866653442,149.01953125,0,0,exported_float_payload,False
operand_hybrid_fixed_h32,Operand hybrid + fixed H32,29950,2.455620527267456,3.126856803894043,0.22936490178108215,35948.45004652395,2300700.8029775326,92.53043155204591,125619404800,0.0003,129.74023866653442,149.01953125,0,0,exported_float_payload,False
operand_hybrid_fixed_h32,Operand hybrid + fixed H32,29960,2.4541468620300293,2.882112503051758,0.09464805573225021,35914.65795262277,2298538.1089678574,92.4434515284934,125661347840,0.0003,129.74023866653442,149.01953125,0,0,exported_float_payload,False
operand_hybrid_fixed_h32,Operand hybrid + fixed H32,29970,2.456861972808838,2.9471335411071777,0.1324099749326706,35955.02501087632,2301121.6006960846,92.54735534954418,125703290880,0.0003,129.74023866653442,149.01953125,0,0,exported_float_payload,False
operand_hybrid_fixed_h32,Operand hybrid + fixed H32,29980,2.4599406719207764,2.86452579498291,0.2205079197883606,35969.57545393658,2302052.829051941,92.58480783425206,125745233920,0.0003,129.74023866653442,149.01953125,0,0,exported_float_payload,False
operand_hybrid_fixed_h32,Operand hybrid + fixed H32,29990,2.4437155723571777,3.2476863861083984,0.11188021302223206,35932.358886035996,2299670.9687063037,92.4890132983466,125787176960,0.0003,129.74023866653442,149.01953125,0,0,exported_float_payload,False
operand_hybrid_fixed_h32,Operand hybrid + fixed H32,30000,2.442821979522705,2.8506717681884766,0.09299467504024506,35946.22767267071,2300558.5710509256,92.52471121608028,125829120000,0.0003,129.74023866653442,149.01953125,0,0,exported_float_payload,False
operand_hybrid_fixed_h32,Operand hybrid + fixed H32,30010,2.48974347114563,3.5458412170410156,0.14868509769439697,27903.346411893945,1785814.1703612125,71.82253148320193,125871063040,0.0003,129.74023866653442,149.01953125,0,0,exported_float_payload,False
operand_hybrid_fixed_h32,Operand hybrid + fixed H32,30020,2.467982053756714,2.956582546234131,0.12221983820199966,35911.31995050779,2298324.4768324983,92.43485959265689,125913006080,0.0003,129.74023866653442,149.01953125,0,0,exported_float_payload,False
operand_hybrid_fixed_h32,Operand hybrid + fixed H32,30030,2.4520504474639893,2.946319341659546,0.10063724219799042,35946.50969532693,2300576.6205009236,92.52543713550249,125954949120,0.0003,129.74023866653442,149.01953125,0,0,exported_float_payload,False
operand_hybrid_fixed_h32,Operand hybrid + fixed H32,30040,2.4605748653411865,2.876861095428467,0.10397829115390778,35928.23205240523,2299406.8513539345,92.47839092947383,125996892160,0.0003,129.74023866653442,149.01953125,0,0,exported_float_payload,False
operand_hybrid_fixed_h32,Operand hybrid + fixed H32,30050,2.437675952911377,2.9899516105651855,0.16752281785011292,35928.71783320657,2299437.9413252203,92.47964131738011,126038835200,0.0003,129.74023866653442,149.01953125,0,0,exported_float_payload,False
operand_hybrid_fixed_h32,Operand hybrid + fixed H32,30060,2.44992733001709,2.83278751373291,0.09267144650220871,35935.72232657609,2299886.22890087,92.49767071206742,126080778240,0.0003,129.74023866653442,149.01953125,0,0,exported_float_payload,False
operand_hybrid_fixed_h32,Operand hybrid + fixed H32,30070,2.4807236194610596,2.9947381019592285,0.10999654233455658,35946.35989082581,2300567.033012852,92.52505154237903,126122721280,0.0003,129.74023866653442,149.01953125,0,0,exported_float_payload,False
operand_hybrid_fixed_h32,Operand hybrid + fixed H32,30080,2.4557981491088867,2.8483264446258545,0.09643793851137161,35944.699206940204,2300460.749244173,92.52077698265788,126164664320,0.0003,129.74023866653442,149.01953125,0,0,exported_float_payload,False
operand_hybrid_fixed_h32,Operand hybrid + fixed H32,30090,2.513923406600952,3.3028035163879395,0.09100731462240219,35933.74995930071,2299759.9973952454,92.49259388692101,126206607360,0.0003,129.74023866653442,149.01953125,0,0,exported_float_payload,False
operand_hybrid_fixed_h32,Operand hybrid + fixed H32,30100,2.4648051261901855,3.025068521499634,0.1366303414106369,35947.722459199314,2300654.237388756,92.52855876006036,126248550400,0.0003,129.74023866653442,149.01953125,0,0,exported_float_payload,False
operand_hybrid_fixed_h32,Operand hybrid + fixed H32,30110,2.4453177452087402,3.0621628761291504,0.15774759650230408,35918.827935357076,2298804.987862853,92.45418496210375,126290493440,0.0003,129.74023866653442,149.01953125,0,0,exported_float_payload,False
operand_hybrid_fixed_h32,Operand hybrid + fixed H32,30120,2.471834421157837,3.052689790725708,0.11998418718576431,35950.68227395484,2300843.6655331096,92.53617725087952,126332436480,0.0003,129.74023866653442,149.01953125,0,0,exported_float_payload,False
operand_hybrid_fixed_h32,Operand hybrid + fixed H32,30130,2.4746663570404053,3.03084659576416,0.11812354624271393,35938.64984465634,2300073.590058006,92.50520607203401,126374379520,0.0003,129.74023866653442,149.01953125,0,0,exported_float_payload,False
operand_hybrid_fixed_h32,Operand hybrid + fixed H32,30140,2.4578380584716797,3.3649120330810547,0.13968625664710999,35924.418088113445,2299162.7576392605,92.46857387863058,126416322560,0.0003,129.74023866653442,149.01953125,0,0,exported_float_payload,False
operand_hybrid_fixed_h32,Operand hybrid + fixed H32,30150,2.4389595985412598,2.9628360271453857,0.11980113387107849,35943.75481188379,2300400.3079605624,92.51834613287123,126458265600,0.0003,129.74023866653442,149.01953125,0,0,exported_float_payload,False
operand_hybrid_fixed_h32,Operand hybrid + fixed H32,30160,2.4653725624084473,3.056222915649414,0.1450047492980957,22768.027117113892,1457153.735495289,58.604345166724194,126500208640,0.0003,129.74023866653442,149.01953125,0,0,exported_float_payload,False
operand_hybrid_fixed_h32,Operand hybrid + fixed H32,30170,2.4334471225738525,3.0149307250976562,0.09574214369058609,36002.91944122951,2304186.8442386887,92.67063444235026,126542151680,0.0003,129.74023866653442,149.01953125,0,0,exported_float_payload,False
operand_hybrid_fixed_h32,Operand hybrid + fixed H32,30180,2.466167688369751,2.9093265533447266,0.1816277801990509,35960.933359110444,2301499.7349830684,92.56256329345152,126584094720,0.0003,129.74023866653442,149.01953125,0,0,exported_float_payload,False
operand_hybrid_fixed_h32,Operand hybrid + fixed H32,30190,2.4890987873077393,3.024059534072876,0.11278340220451355,35966.72414285652,2301870.345142817,92.57746862924083,126626037760,0.0003,129.74023866653442,149.01953125,0,0,exported_float_payload,False
operand_hybrid_fixed_h32,Operand hybrid + fixed H32,30200,2.408590793609619,2.920459270477295,0.09924791008234024,35933.39069257816,2299737.0043250024,92.49166914316054,126667980800,0.0003,129.74023866653442,149.01953125,0,0,exported_float_payload,False
operand_hybrid_fixed_h32,Operand hybrid + fixed H32,30210,2.4578440189361572,2.986391544342041,0.1364196091890335,35899.67139218003,2297578.969099522,92.4048764883052,126709923840,0.0003,129.74023866653442,149.01953125,0,0,exported_float_payload,False
operand_hybrid_fixed_h32,Operand hybrid + fixed H32,30220,2.486252546310425,3.0479419231414795,0.11711873859167099,35935.956255876365,2299901.2003760873,92.49827284036722,126751866880,0.0003,129.74023866653442,149.01953125,0,0,exported_float_payload,False
operand_hybrid_fixed_h32,Operand hybrid + fixed H32,30230,2.451298952102661,3.5380921363830566,0.13434362411499023,35943.69812344902,2300396.6799007375,92.51820021822606,126793809920,0.0003,129.74023866653442,149.01953125,0,0,exported_float_payload,False
operand_hybrid_fixed_h32,Operand hybrid + fixed H32,30240,2.444026470184326,3.0069773197174072,0.119111068546772,35925.385491260415,2299224.6714406665,92.47106395067982,126835752960,0.0003,129.74023866653442,149.01953125,0,0,exported_float_payload,False
operand_hybrid_fixed_h32,Operand hybrid + fixed H32,30250,2.476020336151123,2.9073400497436523,0.12370551377534866,35949.47906801474,2300766.6603529435,92.53308022820569,126877696000,0.0003,129.74023866653442,149.01953125,0,0,exported_float_payload,False
operand_hybrid_fixed_h32,Operand hybrid + fixed H32,30260,2.507279396057129,4.194850921630859,0.11614203453063965,35932.972429325324,2299710.2354768207,92.49059254377343,126919639040,0.0003,129.74023866653442,149.01953125,0,0,exported_float_payload,False
operand_hybrid_fixed_h32,Operand hybrid + fixed H32,30270,2.4338080883026123,3.3581671714782715,0.25109270215034485,35908.779522283025,2298161.8894261136,92.42832059251475,126961582080,0.0003,129.74023866653442,149.01953125,0,0,exported_float_payload,False
operand_hybrid_fixed_h32,Operand hybrid + fixed H32,30280,2.44144344329834,2.9235548973083496,0.10356540232896805,35925.827206267626,2299252.941201128,92.47220091430934,127003525120,0.0003,129.74023866653442,149.01953125,0,0,exported_float_payload,False
operand_hybrid_fixed_h32,Operand hybrid + fixed H32,30290,2.431067943572998,2.8977041244506836,0.13517296314239502,35928.35000825645,2299414.400528413,92.4786945449511,127045468160,0.0003,129.74023866653442,149.01953125,0,0,exported_float_payload,False
operand_hybrid_fixed_h32,Operand hybrid + fixed H32,30300,2.4600131511688232,2.945039749145508,0.10019925236701965,35914.95200662186,2298556.928423799,92.44420841629801,127087411200,0.0003,129.74023866653442,149.01953125,0,0,exported_float_payload,False
operand_hybrid_fixed_h32,Operand hybrid + fixed H32,30310,2.4527313709259033,2.930206298828125,0.1409747153520584,35910.4086304216,2298266.1523469826,92.432513877035,127129354240,0.0003,129.74023866653442,149.01953125,0,0,exported_float_payload,False
operand_hybrid_fixed_h32,Operand hybrid + fixed H32,30320,2.485159158706665,3.4481334686279297,0.1131448820233345,35943.622184653665,2300391.8198178345,92.51800475362337,127171297280,0.0003,129.74023866653442,149.01953125,0,0,exported_float_payload,False
operand_hybrid_fixed_h32,Operand hybrid + fixed H32,30330,2.443241834640503,3.292558193206787,0.2664671838283539,35934.33016107389,2299797.130308729,92.49408731210042,127213240320,0.0003,129.74023866653442,149.01953125,0,0,exported_float_payload,False
operand_hybrid_fixed_h32,Operand hybrid + fixed H32,30340,2.4925646781921387,3.41900634765625,0.15430118143558502,35951.23492922554,2300879.0354704345,92.53759977203498,127255183360,0.0003,129.74023866653442,149.01953125,0,0,exported_float_payload,False
operand_hybrid_fixed_h32,Operand hybrid + fixed H32,30350,2.460587739944458,2.8930821418762207,0.21586069464683533,35943.61393062574,2300391.2915600473,92.51798350795728,127297126400,0.0003,129.74023866653442,149.01953125,0,0,exported_float_payload,False
operand_hybrid_fixed_h32,Operand hybrid + fixed H32,30360,2.46669602394104,3.3210277557373047,0.08628398180007935,35952.656627259676,2300970.0241446192,92.54125918801718,127339069440,0.0003,129.74023866653442,149.01953125,0,0,exported_float_payload,False
operand_hybrid_fixed_h32,Operand hybrid + fixed H32,30370,2.485471248626709,3.0499935150146484,0.10445811599493027,35968.06059358138,2301955.8779892083,92.58090862073308,127381012480,0.0003,129.74023866653442,149.01953125,0,0,exported_float_payload,False
operand_hybrid_fixed_h32,Operand hybrid + fixed H32,30380,2.452453851699829,3.0501883029937744,0.24510188400745392,35903.70458472762,2297837.0934225675,92.4152578273192,127422955520,0.0003,129.74023866653442,149.01953125,0,0,exported_float_payload,False
operand_hybrid_fixed_h32,Operand hybrid + fixed H32,30390,2.4393532276153564,3.064117908477783,0.06677167862653732,35961.095288812925,2301510.098484027,92.56298009654684,127464898560,0.0003,129.74023866653442,149.01953125,0,0,exported_float_payload,False
operand_hybrid_fixed_h32,Operand hybrid + fixed H32,30400,2.462810516357422,2.903991222381592,0.09936272352933884,35908.30845834437,2298131.7413340397,92.42710808545323,127506841600,0.0003,129.74023866653442,149.01953125,0,0,exported_float_payload,False
operand_hybrid_fixed_h32,Operand hybrid + fixed H32,30410,2.4688873291015625,2.9287357330322266,0.22069209814071655,35920.83383070438,2298933.3651650804,92.45934808768759,127548784640,0.0003,129.74023866653442,149.01953125,0,0,exported_float_payload,False
operand_hybrid_fixed_h32,Operand hybrid + fixed H32,30420,2.4532055854797363,3.1246979236602783,0.08243528008460999,35916.4430753099,2298652.3568198336,92.44804639064738,127590727680,0.0003,129.74023866653442,149.01953125,0,0,exported_float_payload,False
operand_hybrid_fixed_h32,Operand hybrid + fixed H32,30430,2.451003074645996,2.911799669265747,0.09662298858165741,35947.87686375516,2300664.1192803304,92.52895619361222,127632670720,0.0003,129.74023866653442,149.01953125,0,0,exported_float_payload,False
operand_hybrid_fixed_h32,Operand hybrid + fixed H32,30440,2.488832712173462,3.3642265796661377,0.2658942937850952,35918.73597483088,2298799.1023891764,92.45394825795758,127674613760,0.0003,129.74023866653442,149.1171875,0,0,exported_float_payload,False
operand_hybrid_fixed_h32,Operand hybrid + fixed H32,30450,2.4368197917938232,2.87782621383667,0.18572194874286652,35920.94837278097,2298940.695857982,92.4596429161924,127716556800,0.0003,129.74023866653442,149.1171875,0,0,exported_float_payload,False
operand_hybrid_fixed_h32,Operand hybrid + fixed H32,30460,2.4821829795837402,3.0985097885131836,0.1512744426727295,35950.31521821604,2300820.1739658266,92.53523245838164,127758499840,0.0003,129.74023866653442,149.1171875,0,0,exported_float_payload,False
operand_hybrid_fixed_h32,Operand hybrid + fixed H32,30470,2.4627935886383057,2.834559917449951,0.12668350338935852,35939.949373054966,2300156.759875518,92.50855102636122,127800442880,0.0003,129.74023866653442,149.1171875,0,0,exported_float_payload,False
operand_hybrid_fixed_h32,Operand hybrid + fixed H32,30480,2.4536149501800537,3.120422840118408,0.4367883503437042,35909.11431634985,2298183.3162463903,92.42918234425771,127842385920,0.0003,129.74023866653442,149.1171875,0,0,exported_float_payload,False
operand_hybrid_fixed_h32,Operand hybrid + fixed H32,30490,2.4795913696289062,3.022019863128662,0.12132146954536438,35925.297239157764,2299219.023306097,92.47083679192518,127884328960,0.0003,129.74023866653442,149.1171875,0,0,exported_float_payload,False
operand_hybrid_fixed_h32,Operand hybrid + fixed H32,30500,2.504793643951416,3.119791030883789,0.11564609408378601,35882.92824775588,2296507.4078563764,92.36178004389383,127926272000,0.0003,129.74023866653442,149.1171875,0,0,exported_float_payload,False
operand_hybrid_fixed_h32,Operand hybrid + fixed H32,30510,2.4433650970458984,2.9870927333831787,0.2016821801662445,35923.047556244164,2299075.0435996265,92.46504616310582,127968215040,0.0003,129.74023866653442,149.1171875,0,0,exported_float_payload,False
operand_hybrid_fixed_h32,Operand hybrid + fixed H32,30520,2.441399097442627,2.977781295776367,0.1110343411564827,35944.66852114001,2300458.7853529607,92.52069799815838,128010158080,0.0003,129.74023866653442,149.1171875,0,0,exported_float_payload,False
operand_hybrid_fixed_h32,Operand hybrid + fixed H32,30530,2.4495067596435547,3.0216598510742188,0.15733909606933594,35941.80700848474,2300275.6485430235,92.51333253454197,128052101120,0.0003,129.74023866653442,149.1171875,0,0,exported_float_payload,False
operand_hybrid_fixed_h32,Operand hybrid + fixed H32,30540,2.427354097366333,2.844740390777588,0.27827996015548706,35941.480473926014,2300254.750331265,92.51249204257094,128094044160,0.0003,129.74023866653442,149.1171875,0,0,exported_float_payload,False
operand_hybrid_fixed_h32,Operand hybrid + fixed H32,30550,2.482586145401001,3.013979434967041,0.102059006690979,35912.862987335604,2298423.2311894787,92.43883133172753,128135987200,0.0003,129.74023866653442,149.1171875,0,0,exported_float_payload,False
operand_hybrid_fixed_h32,Operand hybrid + fixed H32,30560,2.4903321266174316,2.965547561645508,0.17290809750556946,35922.44354466927,2299036.3868588335,92.46349145207893,128177930240,0.0003,129.74023866653442,149.1171875,0,0,exported_float_payload,False
operand_hybrid_fixed_h32,Operand hybrid + fixed H32,30570,2.4527108669281006,2.8459839820861816,0.10663540661334991,35897.70143459697,2297452.8918142063,92.39980586564793,128219873280,0.0003,129.74023866653442,149.1171875,0,0,exported_float_payload,False
operand_hybrid_fixed_h32,Operand hybrid + fixed H32,30580,2.407679796218872,3.115062713623047,0.1861579716205597,35954.285521485726,2301074.2733750865,92.54545192193183,128261816320,0.0003,129.74023866653442,149.1171875,0,0,exported_float_payload,False
operand_hybrid_fixed_h32,Operand hybrid + fixed H32,30590,2.4751603603363037,3.3807811737060547,0.14361107349395752,35965.74302826986,2301807.553809271,92.57494326428107,128303759360,0.0003,129.74023866653442,149.1171875,0,0,exported_float_payload,False
operand_hybrid_fixed_h32,Operand hybrid + fixed H32,30600,2.4532692432403564,2.8953700065612793,0.1732984036207199,35982.56861325273,2302884.391248175,92.61825190867509,128345702400,0.0003,129.74023866653442,149.1171875,0,0,exported_float_payload,False
operand_hybrid_fixed_h32,Operand hybrid + fixed H32,30610,2.4587974548339844,3.0845298767089844,0.08930160105228424,35914.58553027984,2298533.4739379096,92.44326511515325,128387645440,0.0003,129.74023866653442,149.1171875,0,0,exported_float_payload,False
operand_hybrid_fixed_h32,Operand hybrid + fixed H32,30620,2.4772655963897705,3.1310622692108154,0.19818538427352905,35951.48608643037,2300895.1095315437,92.53824624453993,128429588480,0.0003,129.74023866653442,149.1171875,0,0,exported_float_payload,False
operand_hybrid_fixed_h32,Operand hybrid + fixed H32,30630,2.4396979808807373,2.8692586421966553,0.08191392570734024,35949.33608127548,2300757.509201631,92.53271218383458,128471531520,0.0003,129.74023866653442,149.1171875,0,0,exported_float_payload,False
operand_hybrid_fixed_h32,Operand hybrid + fixed H32,30640,2.470005512237549,2.8975250720977783,0.2032889723777771,35958.06342796778,2301316.059389938,92.55517616085439,128513474560,0.0003,129.74023866653442,149.1171875,0,0,exported_float_payload,False
operand_hybrid_fixed_h32,Operand hybrid + fixed H32,30650,2.4702348709106445,3.0339601039886475,0.11476414650678635,35925.75595582244,2299248.381172636,92.47201751740535,128555417600,0.0003,129.74023866653442,149.1171875,0,0,exported_float_payload,False
operand_hybrid_fixed_h32,Operand hybrid + fixed H32,30660,2.473733425140381,3.180333137512207,0.28449735045433044,35928.99099907141,2299455.42394057,92.48034443963786,128597360640,0.0003,129.74023866653442,149.1171875,0,0,exported_float_payload,False
operand_hybrid_fixed_h32,Operand hybrid + fixed H32,30670,2.4828474521636963,3.5181663036346436,0.14514397084712982,35977.46812613721,2302557.9600727814,92.60512337953642,128639303680,0.0003,129.74023866653442,149.1171875,0,0,exported_float_payload,False
operand_hybrid_fixed_h32,Operand hybrid + fixed H32,30680,2.470409631729126,3.026604175567627,0.1704152375459671,35943.62735197175,2300392.150526192,92.51801805417378,128681246720,0.0003,129.74023866653442,149.1171875,0,0,exported_float_payload,False
operand_hybrid_fixed_h32,Operand hybrid + fixed H32,30690,2.5045063495635986,2.943885326385498,0.18281857669353485,35905.97210781224,2297982.2148999833,92.4210943763026,128723189760,0.0003,129.74023866653442,149.1171875,0,0,exported_float_payload,False
operand_hybrid_fixed_h32,Operand hybrid + fixed H32,30700,2.4591383934020996,3.0760104656219482,0.14280682802200317,35967.327058309675,2301908.931731819,92.57902051887719,128765132800,0.0003,129.74023866653442,149.1171875,0,0,exported_float_payload,False
operand_hybrid_fixed_h32,Operand hybrid + fixed H32,30710,2.470668077468872,2.933885097503662,0.32445499300956726,35924.22454606218,2299150.3709479794,92.46807570612233,128807075840,0.0003,129.74023866653442,149.1171875,0,0,exported_float_payload,False
operand_hybrid_fixed_h32,Operand hybrid + fixed H32,30720,2.456648111343384,2.9721803665161133,0.13208292424678802,35906.41407567423,2298010.5008431505,92.42223199077415,128849018880,0.0003,129.74023866653442,149.1171875,0,0,exported_float_payload,False
operand_hybrid_fixed_h32,Operand hybrid + fixed H32,30730,2.47371244430542,3.0413026809692383,0.1423681229352951,35957.27973668877,2301265.903148081,92.55315895866188,128890961920,0.0003,129.74023866653442,149.1171875,0,0,exported_float_payload,False
operand_hybrid_fixed_h32,Operand hybrid + fixed H32,30740,2.4665398597717285,2.93638014793396,0.0719793513417244,35958.91813918522,2301370.760907854,92.55737616663208,128932904960,0.0003,129.74023866653442,149.1171875,0,0,exported_float_payload,False
operand_hybrid_fixed_h32,Operand hybrid + fixed H32,30750,2.4645493030548096,2.9919376373291016,0.3062678575515747,35944.94106250853,2300476.228000546,92.52139951297787,128974848000,0.0003,129.74023866653442,149.1171875,0,0,exported_float_payload,False
operand_hybrid_fixed_h32,Operand hybrid + fixed H32,30760,2.4632978439331055,3.0038020610809326,0.16157150268554688,35951.195455876674,2300876.509176107,92.53749816860005,129016791040,0.0003,129.74023866653442,149.1171875,0,0,exported_float_payload,False
operand_hybrid_fixed_h32,Operand hybrid + fixed H32,30770,2.4466426372528076,2.8582980632781982,0.1836318075656891,35938.1847565023,2300043.824416147,92.50400894649599,129058734080,0.0003,129.74023866653442,149.1171875,0,0,exported_float_payload,False
operand_hybrid_fixed_h32,Operand hybrid + fixed H32,30780,2.4597835540771484,4.212898254394531,0.13868513703346252,35916.1795299878,2298635.489919219,92.44736803143145,129100677120,0.0003,129.74023866653442,149.1171875,0,0,exported_float_payload,False
operand_hybrid_fixed_h32,Operand hybrid + fixed H32,30790,2.4582138061523438,3.06195068359375,0.12617215514183044,35943.22649404223,2300366.495618703,92.51698625566337,129142620160,0.0003,129.74023866653442,149.1171875,0,0,exported_float_payload,False
operand_hybrid_fixed_h32,Operand hybrid + fixed H32,30800,2.519970655441284,3.165436267852783,0.27589625120162964,35940.80758170048,2300211.6852288307,92.51076003443328,129184563200,0.0003,129.74023866653442,149.1171875,0,0,exported_float_payload,False
operand_hybrid_fixed_h32,Operand hybrid + fixed H32,30810,2.4611852169036865,2.8693604469299316,0.2043292373418808,35944.94167989634,2300476.267513366,92.521401102119,129226506240,0.0003,129.74023866653442,153.74609375,0,0,exported_float_payload,False
operand_hybrid_fixed_h32,Operand hybrid + fixed H32,30820,2.446676254272461,2.9356038570404053,0.12209700047969818,35936.79661948116,2299954.983646794,92.50043591574075,129268449280,0.0003,129.74023866653442,153.74609375,0,0,exported_float_payload,False
operand_hybrid_fixed_h32,Operand hybrid + fixed H32,30830,2.454589366912842,3.031130313873291,0.29938286542892456,35940.213314597015,2300173.652134209,92.50923040543759,129310392320,0.0003,129.74023866653442,153.74609375,0,0,exported_float_payload,False
operand_hybrid_fixed_h32,Operand hybrid + fixed H32,30840,2.478004217147827,3.031658172607422,0.17414788901805878,35962.378970554644,2301592.254115497,92.56628426196657,129352335360,0.0003,129.74023866653442,153.74609375,0,0,exported_float_payload,False
operand_hybrid_fixed_h32,Operand hybrid + fixed H32,30850,2.4387128353118896,2.880551338195801,0.18497057259082794,35951.24419420669,2300879.628429228,92.53762361986995,129394278400,0.0003,129.74023866653442,153.74609375,0,0,exported_float_payload,False
operand_hybrid_fixed_h32,Operand hybrid + fixed H32,30860,2.4825689792633057,3.544792652130127,0.134856179356575,35946.26242241992,2300560.7950348747,92.52480066108517,129436221440,0.0003,129.74023866653442,153.74609375,0,0,exported_float_payload,False
operand_hybrid_fixed_h32,Operand hybrid + fixed H32,30870,2.4718120098114014,2.9780712127685547,0.249889075756073,35957.896145598126,2301305.35331828,92.55474558012462,129478164480,0.0003,129.74023866653442,153.74609375,0,0,exported_float_payload,False
operand_hybrid_fixed_h32,Operand hybrid + fixed H32,30880,2.4698102474212646,2.977099895477295,0.16071420907974243,35935.97749809467,2299902.5598780587,92.4983275173178,129520107520,0.0003,129.74023866653442,153.74609375,0,0,exported_float_payload,False
operand_hybrid_fixed_h32,Operand hybrid + fixed H32,30890,2.430135726928711,2.906059741973877,0.12464181333780289,35931.764803799386,2299632.9474431607,92.4874841451937,129562050560,0.0003,129.74023866653442,153.74609375,0,0,exported_float_payload,False
operand_hybrid_fixed_h32,Operand hybrid + fixed H32,30900,2.474475622177124,2.993091583251953,0.23656192421913147,35924.47417013248,2299166.346888479,92.46871823237649,129603993600,0.0003,129.74023866653442,153.74609375,0,0,exported_float_payload,False
operand_hybrid_fixed_h32,Operand hybrid + fixed H32,30910,2.498089075088501,4.345518589019775,0.14145027101039886,35937.06296529222,2299972.029778702,92.50112148334681,129645936640,0.0003,129.74023866653442,153.74609375,0,0,exported_float_payload,False
operand_hybrid_fixed_h32,Operand hybrid + fixed H32,30920,2.4645001888275146,2.999964952468872,0.14745506644248962,35950.036797600646,2300802.3550464413,92.53451581052443,129687879680,0.0003,129.74023866653442,153.74609375,0,0,exported_float_payload,False
operand_hybrid_fixed_h32,Operand hybrid + fixed H32,30930,2.4533274173736572,4.1181864738464355,0.27359485626220703,35937.82285451962,2300020.6626892556,92.50307741964035,129729822720,0.0003,129.74023866653442,153.74609375,0,0,exported_float_payload,False
operand_hybrid_fixed_h32,Operand hybrid + fixed H32,30940,2.418471336364746,2.841196060180664,0.1448788344860077,35934.82300066918,2299828.6720428276,92.49535586916974,129771765760,0.0003,129.74023866653442,153.74609375,0,0,exported_float_payload,False
operand_hybrid_fixed_h32,Operand hybrid + fixed H32,30950,2.4764723777770996,3.0077624320983887,0.2425999641418457,35909.68064979523,2298219.5615868946,92.43064007270038,129813708800,0.0003,129.74023866653442,153.74609375,0,0,exported_float_payload,False
operand_hybrid_fixed_h32,Operand hybrid + fixed H32,30960,2.4337239265441895,3.0067992210388184,0.24495606124401093,35952.1271302042,2300936.136333069,92.53989627554154,129855651840,0.0003,129.74023866653442,153.74609375,0,0,exported_float_payload,False
operand_hybrid_fixed_h32,Operand hybrid + fixed H32,30970,2.4675629138946533,3.0227270126342773,0.13138514757156372,35916.16123047343,2298634.3187502995,92.44732092892883,129897594880,0.0003,129.74023866653442,153.74609375,0,0,exported_float_payload,False
operand_hybrid_fixed_h32,Operand hybrid + fixed H32,30980,2.4629130363464355,2.8866982460021973,0.11769001930952072,35922.78985515639,2299058.550730009,92.46438284680617,129939537920,0.0003,129.74023866653442,153.74609375,0,0,exported_float_payload,False
operand_hybrid_fixed_h32,Operand hybrid + fixed H32,30990,2.465587615966797,3.6023409366607666,0.3464104235172272,35942.288038163155,2300306.434442442,92.51457069317401,129981480960,0.0003,129.74023866653442,153.74609375,0,0,exported_float_payload,False
operand_hybrid_fixed_h32,Operand hybrid + fixed H32,31000,2.4594247341156006,3.110548496246338,0.11908829212188721,35921.4996044787,2298975.9746866366,92.46106177310584,130023424000,0.0003,129.74023866653442,153.74609375,0,0,exported_float_payload,False
operand_hybrid_fixed_h32,Operand hybrid + fixed H32,31010,2.4601097106933594,3.1201119422912598,0.14435230195522308,28234.281635507825,1806994.0246725008,72.67435065807972,130065367040,0.0003,129.74023866653442,153.74609375,0,0,exported_float_payload,False
operand_hybrid_fixed_h32,Operand hybrid + fixed H32,31020,2.445387125015259,3.037748098373413,0.14502982795238495,35910.299901085375,2298259.193669464,92.43223401038176,130107310080,0.0003,129.74023866653442,153.74609375,0,0,exported_float_payload,False
operand_hybrid_fixed_h32,Operand hybrid + fixed H32,31030,2.435809373855591,3.7058212757110596,0.1139456182718277,35945.295097275884,2300498.8862256566,92.52231078981359,130149253120,0.0003,129.74023866653442,153.74609375,0,0,exported_float_payload,False
operand_hybrid_fixed_h32,Operand hybrid + fixed H32,31040,2.468531847000122,3.450763702392578,0.15218093991279602,35948.971356007765,2300734.166784497,92.53177338991227,130191196160,0.0003,129.74023866653442,153.74609375,0,0,exported_float_payload,False
operand_hybrid_fixed_h32,Operand hybrid + fixed H32,31050,2.414351463317871,3.0049374103546143,0.1622014045715332,35929.02906845915,2299457.860381386,92.4804424293112,130233139200,0.0003,129.74023866653442,153.74609375,0,0,exported_float_payload,False
operand_hybrid_fixed_h32,Operand hybrid + fixed H32,31060,2.468214988708496,3.0379409790039062,0.2823888957500458,35941.12686767055,2300232.1195309153,92.51158186871434,130275082240,0.0003,129.74023866653442,153.74609375,0,0,exported_float_payload,False
operand_hybrid_fixed_h32,Operand hybrid + fixed H32,31070,2.4791641235351562,3.156034231185913,0.17204037308692932,35929.84851887261,2299510.305207847,92.48255167464151,130317025280,0.0003,129.74023866653442,153.74609375,0,0,exported_float_payload,False
operand_hybrid_fixed_h32,Operand hybrid + fixed H32,31080,2.468801975250244,2.9177193641662598,0.11061901599168777,35941.56423682653,2300260.111156898,92.51270764622903,130358968320,0.0003,129.74023866653442,153.74609375,0,0,exported_float_payload,False
operand_hybrid_fixed_h32,Operand hybrid + fixed H32,31090,2.491680145263672,2.895637035369873,0.2900437116622925,35943.605442516564,2300390.74832106,92.51796165977177,130400911360,0.0003,129.74023866653442,153.74609375,0,0,exported_float_payload,False
operand_hybrid_fixed_h32,Operand hybrid + fixed H32,31100,2.470485210418701,2.9528772830963135,0.3251313865184784,35894.38681814078,2297240.75636101,92.39127412392544,130442854400,0.0003,129.74023866653442,153.74609375,0,0,exported_float_payload,False
operand_hybrid_fixed_h32,Operand hybrid + fixed H32,31110,2.4418551921844482,3.0087673664093018,0.13593848049640656,35917.73671510556,2298735.1497667558,92.45137618785449,130484797440,0.0003,129.74023866653442,153.74609375,0,0,exported_float_payload,False
operand_hybrid_fixed_h32,Operand hybrid + fixed H32,31120,2.470057964324951,2.9599828720092773,0.09675274789333344,35921.31874400287,2298964.3996161837,92.46059624266275,130526740480,0.0003,129.74023866653442,153.74609375,0,0,exported_float_payload,False
operand_hybrid_fixed_h32,Operand hybrid + fixed H32,31130,2.4647698402404785,3.0803911685943604,0.1758800894021988,35981.394537977656,2302809.25043057,92.61522986762083,130568683520,0.0003,129.74023866653442,153.74609375,0,0,exported_float_payload,False
operand_hybrid_fixed_h32,Operand hybrid + fixed H32,31140,2.4580206871032715,3.048530101776123,0.17600595951080322,35919.65843543943,2298858.1398681235,92.45632264901165,130610626560,0.0003,129.74023866653442,153.74609375,0,0,exported_float_payload,False
operand_hybrid_fixed_h32,Operand hybrid + fixed H32,31150,2.482268810272217,3.014530897140503,0.16928105056285858,35927.692701875414,2299372.3329200265,92.47700265439614,130652569600,0.0003,129.74023866653442,153.74609375,0,0,exported_float_payload,False
operand_hybrid_fixed_h32,Operand hybrid + fixed H32,31160,2.4746780395507812,3.3866496086120605,0.13118690252304077,35939.4228975243,2300123.0654415553,92.50719589121655,130694512640,0.0003,129.74023866653442,153.74609375,0,0,exported_float_payload,False
operand_hybrid_fixed_h32,Operand hybrid + fixed H32,31170,2.4728307723999023,3.228550910949707,0.5567329525947571,35941.121939713354,2300231.8041416546,92.511569184273,130736455680,0.0003,129.74023866653442,153.74609375,0,0,exported_float_payload,False
operand_hybrid_fixed_h32,Operand hybrid + fixed H32,31180,2.49208927154541,3.0511717796325684,0.2400946468114853,35925.63492329172,2299240.63509067,92.47170598263028,130778398720,0.0003,129.74023866653442,153.74609375,0,0,exported_float_payload,False
operand_hybrid_fixed_h32,Operand hybrid + fixed H32,31190,2.463869333267212,2.95784330368042,0.14399372041225433,35919.1446417703,2298825.257073299,92.45500015666855,130820341760,0.0003,129.74023866653442,153.74609375,0,0,exported_float_payload,False
operand_hybrid_fixed_h32,Operand hybrid + fixed H32,31200,2.472109079360962,2.9885566234588623,0.15769356489181519,35926.66135092776,2299306.3264593766,92.47434798227134,130862284800,0.0003,129.74023866653442,153.74609375,0,0,exported_float_payload,False
operand_hybrid_fixed_h32,Operand hybrid + fixed H32,31210,2.480393886566162,3.2492752075195312,0.26710835099220276,35920.77141615106,2298929.370633668,92.45918743415325,130904227840,0.0003,129.74023866653442,153.74609375,0,0,exported_float_payload,False
operand_hybrid_fixed_h32,Operand hybrid + fixed H32,31220,2.4559884071350098,2.856304407119751,0.23058463633060455,35929.57484281122,2299492.789939918,92.48184723915033,130946170880,0.0003,129.74023866653442,153.74609375,0,0,exported_float_payload,False
operand_hybrid_fixed_h32,Operand hybrid + fixed H32,31230,2.449467420578003,2.8539481163024902,0.23492224514484406,35919.778671373926,2298865.8349679313,92.45663213336752,130988113920,0.0003,129.74023866653442,153.74609375,0,0,exported_float_payload,False
operand_hybrid_fixed_h32,Operand hybrid + fixed H32,31240,2.4810984134674072,3.2760093212127686,0.2806166708469391,35908.76618833427,2298161.0360533935,92.42828627125665,131030056960,0.0003,129.74023866653442,153.74609375,0,0,exported_float_payload,False
operand_hybrid_fixed_h32,Operand hybrid + fixed H32,31250,2.4567854404449463,2.914010524749756,0.15868797898292542,35938.56310402101,2300068.0386573444,92.5049828037593,131072000000,0.0003,129.74023866653442,153.74609375,0,0,exported_float_payload,False
operand_hybrid_fixed_h32,Operand hybrid + fixed H32,31260,2.4804186820983887,2.9420547485351562,0.18688426911830902,35938.75298879851,2300080.1912831045,92.50547156253428,131113943040,0.0003,129.74023866653442,153.74609375,0,0,exported_float_payload,False
operand_hybrid_fixed_h32,Operand hybrid + fixed H32,31270,2.479943037033081,2.926536798477173,0.1174904927611351,35931.50776380692,2299616.496883643,92.4868225305372,131155886080,0.0003,129.74023866653442,153.74609375,0,0,exported_float_payload,False
operand_hybrid_fixed_h32,Operand hybrid + fixed H32,31280,2.451162338256836,2.9328742027282715,0.2991381287574768,35923.04913198977,2299075.1444473453,92.46505021903648,131197829120,0.0003,129.74023866653442,153.74609375,0,0,exported_float_payload,False
operand_hybrid_fixed_h32,Operand hybrid + fixed H32,31290,2.4884328842163086,3.1370363235473633,0.27541014552116394,35948.14274577753,2300681.135729762,92.52964056743751,131239772160,0.0003,129.74023866653442,153.74609375,0,0,exported_float_payload,False
operand_hybrid_fixed_h32,Operand hybrid + fixed H32,31300,2.470846652984619,3.2587287425994873,0.25642129778862,35909.63601251308,2298216.704800837,92.43052517742744,131281715200,0.0003,129.74023866653442,153.74609375,0,0,exported_float_payload,False
operand_hybrid_fixed_h32,Operand hybrid + fixed H32,31310,2.429485321044922,2.89972186088562,0.15261223912239075,35949.77764392026,2300785.7692108965,92.5338487552869,131323658240,0.0003,129.74023866653442,153.74609375,0,0,exported_float_payload,False
operand_hybrid_fixed_h32,Operand hybrid + fixed H32,31320,2.4537343978881836,3.0487279891967773,0.2179906815290451,35906.96681040518,2298045.8758659316,92.42365471645836,131365601280,0.0003,129.74023866653442,153.74609375,0,0,exported_float_payload,False
operand_hybrid_fixed_h32,Operand hybrid + fixed H32,31330,2.4640047550201416,2.9103012084960938,0.15605001151561737,35934.74803754291,2299823.874402746,92.49516291591542,131407544320,0.0003,129.74023866653442,153.74609375,0,0,exported_float_payload,False
operand_hybrid_fixed_h32,Operand hybrid + fixed H32,31340,2.4816808700561523,3.2260007858276367,0.2954997420310974,35934.063551620224,2299780.0673036943,92.49340106588474,131449487360,0.0003,129.74023866653442,153.74609375,0,0,exported_float_payload,False
operand_hybrid_fixed_h32,Operand hybrid + fixed H32,31350,2.4351487159729004,2.868929386138916,0.2268233299255371,35944.04011202327,2300418.5671694893,92.51908048845524,131491430400,0.0003,129.74023866653442,153.74609375,0,0,exported_float_payload,False
operand_hybrid_fixed_h32,Operand hybrid + fixed H32,31360,2.434314489364624,3.2555792331695557,0.33832213282585144,35931.648344689485,2299625.494060127,92.48718438229201,131533373440,0.0003,129.74023866653442,153.74609375,0,0,exported_float_payload,False
operand_hybrid_fixed_h32,Operand hybrid + fixed H32,31370,2.4405620098114014,3.316243886947632,0.3277437090873718,35925.4149432666,2299226.5563690625,92.4711397594237,131575316480,0.0003,129.74023866653442,153.74609375,0,0,exported_float_payload,False
operand_hybrid_fixed_h32,Operand hybrid + fixed H32,31380,2.4439351558685303,2.897993564605713,0.12046534568071365,35919.13813526933,2298824.840657237,92.45498340909411,131617259520,0.0003,129.74023866653442,153.74609375,0,0,exported_float_payload,False
operand_hybrid_fixed_h32,Operand hybrid + fixed H32,31390,2.4461066722869873,3.442622184753418,0.16091874241828918,35880.70101529673,2296364.8649789905,92.35604720199535,131659202560,0.0003,129.74023866653442,153.74609375,0,0,exported_float_payload,False
operand_hybrid_fixed_h32,Operand hybrid + fixed H32,31400,2.451782464981079,3.0436313152313232,0.20243532955646515,35937.897306933555,2300025.4276437475,92.50326905833361,131701145600,0.0003,129.74023866653442,153.74609375,0,0,exported_float_payload,False
operand_hybrid_fixed_h32,Operand hybrid + fixed H32,31410,2.4718587398529053,2.921837329864502,0.21724632382392883,35910.235653928416,2298255.0818514186,92.43206863977046,131743088640,0.0003,129.74023866653442,153.74609375,0,0,exported_float_payload,False
operand_hybrid_fixed_h32,Operand hybrid + fixed H32,31420,2.457814931869507,2.920323133468628,0.25594663619995117,35941.59728269813,2300262.2260926804,92.51279270549463,131785031680,0.0003,129.74023866653442,153.74609375,0,0,exported_float_payload,False
operand_hybrid_fixed_h32,Operand hybrid + fixed H32,31430,2.4463260173797607,3.0636253356933594,0.2283104807138443,35938.403714595086,2300057.8377340855,92.50457253927374,131826974720,0.0003,129.74023866653442,153.74609375,0,0,exported_float_payload,False
operand_hybrid_fixed_h32,Operand hybrid + fixed H32,31440,2.4509289264678955,2.943509578704834,0.17868493497371674,35928.97585187199,2299454.4545198074,92.48030545111688,131868917760,0.0003,129.74023866653442,153.74609375,0,0,exported_float_payload,False
operand_hybrid_fixed_h32,Operand hybrid + fixed H32,31450,2.463043451309204,2.997554063796997,0.18887145817279816,35945.607221143815,2300518.862153204,92.52311418901884,131910860800,0.0003,129.74023866653442,153.74609375,0,0,exported_float_payload,False
operand_hybrid_fixed_h32,Operand hybrid + fixed H32,31460,2.4637396335601807,2.9860033988952637,0.25777697563171387,35914.25197820592,2298512.1266051787,92.44240656026967,131952803840,0.0003,129.74023866653442,153.74609375,0,0,exported_float_payload,False
operand_hybrid_fixed_h32,Operand hybrid + fixed H32,31470,2.445127487182617,3.036027431488037,0.16289043426513672,35930.10784761742,2299526.902247515,92.48321918049058,131994746880,0.0003,129.74023866653442,153.74609375,0,0,exported_float_payload,False
operand_hybrid_fixed_h32,Operand hybrid + fixed H32,31480,2.4588897228240967,3.1801321506500244,0.20864665508270264,35942.18581183085,2300299.8919571745,92.51430756509389,132036689920,0.0003,129.74023866653442,153.74609375,0,0,exported_float_payload,False
operand_hybrid_fixed_h32,Operand hybrid + fixed H32,31490,2.4465107917785645,2.9306774139404297,0.22571225464344025,35957.97745580878,2301310.557171762,92.55495487061897,132078632960,0.0003,129.74023866653442,153.74609375,0,0,exported_float_payload,False
operand_hybrid_fixed_h32,Operand hybrid + fixed H32,31500,2.4502298831939697,2.876382827758789,0.13046862185001373,35937.0520934798,2299971.333982707,92.50109349956742,132120576000,0.0003,129.74023866653442,153.74609375,0,0,exported_float_payload,False
operand_hybrid_fixed_h32,Operand hybrid + fixed H32,31510,2.4790966510772705,3.2713375091552734,0.24760733544826508,35955.8568026298,2301174.8353683073,92.549496361182,132162519040,0.0003,129.74023866653442,153.74609375,0,0,exported_float_payload,False
operand_hybrid_fixed_h32,Operand hybrid + fixed H32,31520,2.4482405185699463,2.862467050552368,0.1389666199684143,35951.0868444615,2300869.558045536,92.53721860547273,132204462080,0.0003,129.74023866653442,153.74609375,0,0,exported_float_payload,False
operand_hybrid_fixed_h32,Operand hybrid + fixed H32,31530,2.4640703201293945,2.938157081604004,0.10666484385728836,35929.00054427178,2299456.034833394,92.48036900875026,132246405120,0.0003,129.74023866653442,153.74609375,0,0,exported_float_payload,False
operand_hybrid_fixed_h32,Operand hybrid + fixed H32,31540,2.459508180618286,3.0042362213134766,0.14614571630954742,35937.77343127423,2300017.499601551,92.50295020541503,132288348160,0.0003,129.74023866653442,153.74609375,0,0,exported_float_payload,False
operand_hybrid_fixed_h32,Operand hybrid + fixed H32,31550,2.4713127613067627,3.0307533740997314,0.24448753893375397,35968.40560831439,2301977.958932121,92.58179668022093,132330291200,0.0003,129.74023866653442,153.74609375,0,0,exported_float_payload,False
operand_hybrid_fixed_h32,Operand hybrid + fixed H32,31560,2.4399259090423584,2.811221122741699,0.11507228016853333,35942.00921178121,2300288.5895539974,92.51385300088363,132372234240,0.0003,129.74023866653442,153.74609375,0,0,exported_float_payload,False
operand_hybrid_fixed_h32,Operand hybrid + fixed H32,31570,2.4577536582946777,3.096273422241211,0.18676258623600006,35954.82487941174,2301108.7922823513,92.54684021604716,132414177280,0.0003,129.74023866653442,153.74609375,0,0,exported_float_payload,False
operand_hybrid_fixed_h32,Operand hybrid + fixed H32,31580,2.442488670349121,2.9753201007843018,0.1635453999042511,35943.23518117011,2300367.051594887,92.51700861611815,132456120320,0.0003,129.74023866653442,153.74609375,0,0,exported_float_payload,False
operand_hybrid_fixed_h32,Operand hybrid + fixed H32,31590,2.450870990753174,2.9381394386291504,0.19012613594532013,35934.26640914163,2299793.0501850643,92.4939232161854,132498063360,0.0003,129.74023866653442,153.74609375,0,0,exported_float_payload,False
operand_hybrid_fixed_h32,Operand hybrid + fixed H32,31600,2.475212812423706,3.090251922607422,0.134230375289917,35939.972914022794,2300158.266497459,92.50861162023688,132540006400,0.0003,129.74023866653442,153.74609375,0,0,exported_float_payload,False
operand_hybrid_fixed_h32,Operand hybrid + fixed H32,31610,2.455247163772583,3.41444730758667,0.15178021788597107,35952.13256401259,2300936.4840968056,92.53991026203147,132581949440,0.0003,129.74023866653442,153.74609375,0,0,exported_float_payload,False
operand_hybrid_fixed_h32,Operand hybrid + fixed H32,31620,2.4532663822174072,3.2126259803771973,0.22621630132198334,35925.738837819794,2299247.285620467,92.47197345608505,132623892480,0.0003,129.74023866653442,153.74609375,0,0,exported_float_payload,False
operand_hybrid_fixed_h32,Operand hybrid + fixed H32,31630,2.4682281017303467,2.817155122756958,0.13758479058742523,35960.29416970854,2301458.8268613466,92.56091803555792,132665835520,0.0003,129.74023866653442,153.74609375,0,0,exported_float_payload,False
operand_hybrid_fixed_h32,Operand hybrid + fixed H32,31640,2.4345242977142334,4.225823402404785,0.11205758154392242,35947.07808670232,2300612.9975489485,92.52690016100671,132707778560,0.0003,129.74023866653442,153.74609375,0,0,exported_float_payload,False
operand_hybrid_fixed_h32,Operand hybrid + fixed H32,31650,2.4716734886169434,3.1422152519226074,0.14734260737895966,35926.6401573235,2299304.970068704,92.47429343045212,132749721600,0.0003,129.74023866653442,153.74609375,0,0,exported_float_payload,False
operand_hybrid_fixed_h32,Operand hybrid + fixed H32,31660,2.473653554916382,3.3143606185913086,0.12942111492156982,35915.59736938557,2298598.2316406765,92.44586956427398,132791664640,0.0003,129.74023866653442,153.74609375,0,0,exported_float_payload,False
operand_hybrid_fixed_h32,Operand hybrid + fixed H32,31670,2.4724559783935547,3.154653549194336,0.221340611577034,35939.689542915956,2300140.130746621,92.50788222993573,132833607680,0.0003,129.74023866653442,153.74609375,0,0,exported_float_payload,False
operand_hybrid_fixed_h32,Operand hybrid + fixed H32,31680,2.4361958503723145,2.872833013534546,0.23304308950901031,35954.15886635971,2301066.167447021,92.54512591473393,132875550720,0.0003,129.74023866653442,153.74609375,0,0,exported_float_payload,False
operand_hybrid_fixed_h32,Operand hybrid + fixed H32,31690,2.477141857147217,2.967729330062866,0.13590069115161896,35944.736286469495,2300463.1223340477,92.52087242445975,132917493760,0.0003,129.74023866653442,153.74609375,0,0,exported_float_payload,False
operand_hybrid_fixed_h32,Operand hybrid + fixed H32,31700,2.47670316696167,3.0038235187530518,0.15787099301815033,35921.81319756412,2298996.044644104,92.46186895404101,132959436800,0.0003,129.74023866653442,153.74609375,0,0,exported_float_payload,False
operand_hybrid_fixed_h32,Operand hybrid + fixed H32,31710,2.4504756927490234,2.9698596000671387,0.14481283724308014,35946.714419039614,2300589.7228185353,92.52596408933384,133001379840,0.0003,129.74023866653442,153.74609375,0,0,exported_float_payload,False
operand_hybrid_fixed_h32,Operand hybrid + fixed H32,31720,2.4592604637145996,2.949753761291504,0.2379472404718399,35920.82630592411,2298932.883579143,92.45932871908713,133043322880,0.0003,129.74023866653442,153.74609375,0,0,exported_float_payload,False
operand_hybrid_fixed_h32,Operand hybrid + fixed H32,31730,2.462660074234009,3.264706611633301,0.20326222479343414,35926.97230476119,2299326.2275047163,92.4751483698364,133085265920,0.0003,129.74023866653442,153.74609375,0,0,exported_float_payload,False
operand_hybrid_fixed_h32,Operand hybrid + fixed H32,31740,2.4301037788391113,2.875973701477051,0.13632500171661377,35970.19455157831,2302092.4513010117,92.58640137644616,133127208960,0.0003,129.74023866653442,153.74609375,0,0,exported_float_payload,False
operand_hybrid_fixed_h32,Operand hybrid + fixed H32,31750,2.458693027496338,2.9564871788024902,0.3673531115055084,35937.30153750457,2299987.2984002926,92.50173556238877,133169152000,0.0003,129.74023866653442,153.74609375,0,0,exported_float_payload,False
operand_hybrid_fixed_h32,Operand hybrid + fixed H32,31760,2.477633237838745,3.2963039875030518,0.3026578426361084,35918.56102649061,2298787.9056953993,92.45349794520686,133211095040,0.0003,129.74023866653442,153.74609375,0,0,exported_float_payload,False
operand_hybrid_fixed_h32,Operand hybrid + fixed H32,31770,2.467794895172119,3.2193222045898438,0.3082714080810547,35927.814951604225,2299380.1569026704,92.47731732220933,133253038080,0.0003,129.74023866653442,153.74609375,0,0,exported_float_payload,False
operand_hybrid_fixed_h32,Operand hybrid + fixed H32,31780,2.461212635040283,3.003194808959961,0.15460658073425293,35944.24626036311,2300431.760663239,92.51961110924206,133294981120,0.0003,129.74023866653442,153.74609375,0,0,exported_float_payload,False
operand_hybrid_fixed_h32,Operand hybrid + fixed H32,31790,2.444227695465088,3.029524803161621,0.1757228821516037,35928.82649249261,2299444.895519527,92.47992100372589,133336924160,0.0003,129.74023866653442,153.74609375,0,0,exported_float_payload,False
operand_hybrid_fixed_h32,Operand hybrid + fixed H32,31800,2.46903920173645,3.011472225189209,0.11409661918878555,35959.889872029366,2301432.9518098794,92.559877383216,133378867200,0.0003,129.74023866653442,153.74609375,0,0,exported_float_payload,False
operand_hybrid_fixed_h32,Operand hybrid + fixed H32,31810,2.4648375511169434,3.319685459136963,0.3416904807090759,35913.174624741194,2298443.1759834364,92.43963347879061,133420810240,0.0003,129.74023866653442,153.74609375,0,0,exported_float_payload,False
operand_hybrid_fixed_h32,Operand hybrid + fixed H32,31820,2.4443655014038086,3.1524899005889893,0.12868423759937286,35932.12787959938,2299656.18429436,92.4884186934264,133462753280,0.0003,129.74023866653442,153.74609375,0,0,exported_float_payload,False
operand_hybrid_fixed_h32,Operand hybrid + fixed H32,31830,2.4542436599731445,2.927824020385742,0.14947493374347687,35960.38765939123,2301464.8102010386,92.56115867571553,133504696320,0.0003,129.74023866653442,153.74609375,0,0,exported_float_payload,False
operand_hybrid_fixed_h32,Operand hybrid + fixed H32,31840,2.4494941234588623,2.919177770614624,0.3851189613342285,35935.42583619336,2299867.253516375,92.49690755307087,133546639360,0.0003,129.74023866653442,153.74609375,0,0,exported_float_payload,False
operand_hybrid_fixed_h32,Operand hybrid + fixed H32,31850,2.4433629512786865,2.941037178039551,0.12385918200016022,35934.64953290498,2299817.5701059187,92.49490936738565,133588582400,0.0003,129.74023866653442,153.74609375,0,0,exported_float_payload,False
operand_hybrid_fixed_h32,Operand hybrid + fixed H32,31860,2.434616804122925,2.925264596939087,0.12411769479513168,35932.375714942835,2299672.0457563414,92.48905661554137,133630525440,0.0003,129.74023866653442,153.74609375,0,0,exported_float_payload,False
operand_hybrid_fixed_h32,Operand hybrid + fixed H32,31870,2.476041316986084,3.667253255844116,0.3754320740699768,35934.876463045046,2299832.093634883,92.49549348001817,133672468480,0.0003,129.74023866653442,153.74609375,0,0,exported_float_payload,False
operand_hybrid_fixed_h32,Operand hybrid + fixed H32,31880,2.4404470920562744,2.8562655448913574,0.2406204640865326,6901.492281342835,441695.5060059414,17.764272404493163,133714411520,0.0003,129.74023866653442,153.74609375,0,0,exported_float_payload,False
operand_hybrid_fixed_h32,Operand hybrid + fixed H32,31890,2.443749189376831,3.2608354091644287,0.11881521344184875,36034.65793557729,2306218.1078769467,92.75232855085873,133756354560,0.0003,129.74023866653442,153.74609375,0,0,exported_float_payload,False
operand_hybrid_fixed_h32,Operand hybrid + fixed H32,31900,2.401864528656006,3.1310017108917236,0.20625410974025726,35969.412644846474,2302042.4092701743,92.5843887676345,133798297600,0.0003,129.74023866653442,153.74609375,0,0,exported_float_payload,False
operand_hybrid_fixed_h32,Operand hybrid + fixed H32,31910,2.48748517036438,3.1882636547088623,0.17894156277179718,36005.321373837476,2304340.5679255985,92.67681695816071,133840240640,0.0003,129.74023866653442,153.74609375,0,0,exported_float_payload,False
operand_hybrid_fixed_h32,Operand hybrid + fixed H32,31920,2.4781413078308105,3.2708539962768555,0.33807551860809326,35991.30961061755,2303443.8150795233,92.64075102219222,133882183680,0.0003,129.74023866653442,153.74609375,0,0,exported_float_payload,False
operand_hybrid_fixed_h32,Operand hybrid + fixed H32,31930,2.4652910232543945,3.062896966934204,0.3225864768028259,35953.94374436539,2301052.399639385,92.54457219597985,133924126720,0.0003,129.74023866653442,153.74609375,0,0,exported_float_payload,False
operand_hybrid_fixed_h32,Operand hybrid + fixed H32,31940,2.450512409210205,2.8970484733581543,0.14163152873516083,35973.7000090011,2302316.8005760703,92.595424338151,133966069760,0.0003,129.74023866653442,153.74609375,0,0,exported_float_payload,False
operand_hybrid_fixed_h32,Operand hybrid + fixed H32,31950,2.4674909114837646,2.9851136207580566,0.18093633651733398,35926.34625306126,2299286.1601959206,92.4735369280665,134008012800,0.0003,129.74023866653442,153.74609375,0,0,exported_float_payload,False
operand_hybrid_fixed_h32,Operand hybrid + fixed H32,31960,2.4658572673797607,3.186656951904297,0.17072735726833344,35935.78898414881,2299890.4949855236,92.49784228702994,134049955840,0.0003,129.74023866653442,153.74609375,0,0,exported_float_payload,False
operand_hybrid_fixed_h32,Operand hybrid + fixed H32,31970,2.4395639896392822,3.099851608276367,0.31038811802864075,35929.44779852412,2299484.6591055435,92.48152023026131,134091898880,0.0003,129.74023866653442,153.74609375,0,0,exported_float_payload,False
operand_hybrid_fixed_h32,Operand hybrid + fixed H32,31980,2.433413505554199,2.8586554527282715,0.38955166935920715,35932.78311755142,2299698.119523291,92.49010525989571,134133841920,0.0003,129.74023866653442,153.74609375,0,0,exported_float_payload,False
operand_hybrid_fixed_h32,Operand hybrid + fixed H32,31990,2.4414732456207275,3.084930658340454,0.17274786531925201,35918.18548383393,2298763.8709653714,92.45253130758982,134175784960,0.0003,129.74023866653442,153.74609375,0,0,exported_float_payload,False
operand_hybrid_fixed_h32,Operand hybrid + fixed H32,32000,2.4540326595306396,3.9300971031188965,0.35786011815071106,35924.2654351898,2299152.9878521473,92.46818095373719,134217728000,0.0003,129.74023866653442,153.74609375,0,0,exported_float_payload,False
operand_hybrid_fixed_h32,Operand hybrid + fixed H32,32010,2.438852071762085,3.0539984703063965,0.1853952705860138,27589.295246490292,1765714.8957753787,71.01417146137582,134259671040,0.0003,129.74023866653442,153.74609375,0,0,exported_float_payload,False
operand_hybrid_fixed_h32,Operand hybrid + fixed H32,32020,2.4424257278442383,2.961909294128418,0.1601216048002243,35919.93645080279,2298875.9328513783,92.45703825376003,134301614080,0.0003,129.74023866653442,153.74609375,0,0,exported_float_payload,False
operand_hybrid_fixed_h32,Operand hybrid + fixed H32,32030,2.4283790588378906,2.927428722381592,0.11530569940805435,35879.358039186205,2296278.914507917,92.35259041431995,134343557120,0.0003,129.74023866653442,153.74609375,0,0,exported_float_payload,False
operand_hybrid_fixed_h32,Operand hybrid + fixed H32,32040,2.4427666664123535,2.9022135734558105,0.1779397875070572,35926.32243830403,2299284.636051458,92.4734756294636,134385500160,0.0003,129.74023866653442,153.74609375,0,0,exported_float_payload,False
operand_hybrid_fixed_h32,Operand hybrid + fixed H32,32050,2.4750099182128906,2.8518829345703125,0.3630891442298889,35932.227722201074,2299662.5742208688,92.48867568584222,134427443200,0.0003,129.74023866653442,153.74609375,0,0,exported_float_payload,False
operand_hybrid_fixed_h32,Operand hybrid + fixed H32,32060,2.4872031211853027,2.9466090202331543,0.17771176993846893,35924.098943511824,2299142.3323847568,92.46775240822846,134469386240,0.0003,129.74023866653442,153.74609375,0,0,exported_float_payload,False
operand_hybrid_fixed_h32,Operand hybrid + fixed H32,32070,2.46134877204895,3.51540207862854,0.1963634192943573,35940.409102315476,2300186.1825481905,92.5097343582383,134511329280,0.0003,129.74023866653442,153.74609375,0,0,exported_float_payload,False
operand_hybrid_fixed_h32,Operand hybrid + fixed H32,32080,2.449361562728882,2.9230875968933105,0.29432982206344604,35938.27554148685,2300049.6346551585,92.50424262482673,134553272320,0.0003,129.74023866653442,153.74609375,0,0,exported_float_payload,False
operand_hybrid_fixed_h32,Operand hybrid + fixed H32,32090,2.4415271282196045,3.1123409271240234,0.401653915643692,35941.62169138489,2300263.788248633,92.5128555328576,134595215360,0.0003,129.74023866653442,153.74609375,0,0,exported_float_payload,False
operand_hybrid_fixed_h32,Operand hybrid + fixed H32,32100,2.4327094554901123,2.891956329345703,0.12542079389095306,35944.30945788574,2300435.8053046875,92.51977377812028,134637158400,0.0003,129.74023866653442,153.74609375,0,0,exported_float_payload,False
operand_hybrid_fixed_h32,Operand hybrid + fixed H32,32110,2.429530382156372,2.924069404602051,0.3192681670188904,35939.79107313421,2300146.6286805896,92.5081435662353,134679101440,0.0003,129.74023866653442,153.74609375,0,0,exported_float_payload,False
operand_hybrid_fixed_h32,Operand hybrid + fixed H32,32120,2.445458173751831,2.8862969875335693,0.17681904137134552,35933.113152404934,2299719.241753916,92.49095476153995,134721044480,0.0003,129.74023866653442,153.74609375,0,0,exported_float_payload,False
operand_hybrid_fixed_h32,Operand hybrid + fixed H32,32130,2.4774274826049805,2.87526798248291,0.3851673901081085,35930.53323224742,2299554.126863835,92.4843141101284,134762987520,0.0003,129.74023866653442,153.74609375,0,0,exported_float_payload,False
operand_hybrid_fixed_h32,Operand hybrid + fixed H32,32140,2.4676995277404785,2.9717493057250977,0.1395505666732788,35948.401512728946,2300697.6968146525,92.53030662724412,134804930560,0.0003,129.74023866653442,153.74609375,0,0,exported_float_payload,False
operand_hybrid_fixed_h32,Operand hybrid + fixed H32,32150,2.4575116634368896,2.9461002349853516,0.16316364705562592,35947.5684801704,2300644.3827309054,92.5281624218044,134846873600,0.0003,129.74023866653442,153.74609375,0,0,exported_float_payload,False
operand_hybrid_fixed_h32,Operand hybrid + fixed H32,32160,2.4877655506134033,3.1393914222717285,0.22924426198005676,35939.8681191168,2300151.559623475,92.50834188071087,134888816640,0.0003,129.74023866653442,153.74609375,0,0,exported_float_payload,False
operand_hybrid_fixed_h32,Operand hybrid + fixed H32,32170,2.4540998935699463,2.8736636638641357,0.17338508367538452,35904.40978263217,2297882.2260884587,92.41707298948482,134930759680,0.0003,129.74023866653442,153.74609375,0,0,exported_float_payload,False
operand_hybrid_fixed_h32,Operand hybrid + fixed H32,32180,2.486449718475342,3.0607478618621826,0.12977296113967896,35915.47336419908,2298590.2953087413,92.44555037795563,134972702720,0.0003,129.74023866653442,153.74609375,0,0,exported_float_payload,False
operand_hybrid_fixed_h32,Operand hybrid + fixed H32,32190,2.4734954833984375,3.0307106971740723,0.24697986245155334,35937.78486927483,2300018.231633589,92.50297964654894,135014645760,0.0003,129.74023866653442,153.74609375,0,0,exported_float_payload,False
operand_hybrid_fixed_h32,Operand hybrid + fixed H32,32200,2.484583854675293,3.2015514373779297,0.28142985701560974,35918.171995313074,2298763.0077000367,92.45249658846691,135056588800,0.0003,129.74023866653442,153.74609375,0,0,exported_float_payload,False
operand_hybrid_fixed_h32,Operand hybrid + fixed H32,32210,2.4750914573669434,3.472229480743408,0.18436582386493683,35934.00916958524,2299776.5868534553,92.49326108785623,135098531840,0.0003,129.74023866653442,153.74609375,0,0,exported_float_payload,False
operand_hybrid_fixed_h32,Operand hybrid + fixed H32,32220,2.4324584007263184,3.0678391456604004,0.2505654990673065,35935.24838042536,2299855.896347223,92.49645078626247,135140474880,0.0003,129.74023866653442,153.74609375,0,0,exported_float_payload,False
operand_hybrid_fixed_h32,Operand hybrid + fixed H32,32230,2.459975004196167,3.5837044715881348,0.10714906454086304,35928.657468749225,2299434.0779999504,92.47948594074272,135182417920,0.0003,129.74023866653442,153.74609375,0,0,exported_float_payload,False
operand_hybrid_fixed_h32,Operand hybrid + fixed H32,32240,2.456050395965576,2.867499351501465,0.20277723670005798,35882.95089480479,2296508.8572675064,92.36183833684404,135224360960,0.0003,129.74023866653442,153.74609375,0,0,exported_float_payload,False
operand_hybrid_fixed_h32,Operand hybrid + fixed H32,32250,2.444132089614868,2.891571521759033,0.42442312836647034,35931.49488358028,2299615.672549138,92.48678937714872,135266304000,0.0003,129.74023866653442,153.74609375,0,0,exported_float_payload,False
operand_hybrid_fixed_h32,Operand hybrid + fixed H32,32260,2.4824345111846924,3.1364400386810303,0.24003955721855164,35902.05234753186,2297731.350242039,92.41100500917122,135308247040,0.0003,129.74023866653442,153.74609375,0,0,exported_float_payload,False
operand_hybrid_fixed_h32,Operand hybrid + fixed H32,32270,2.433286190032959,2.963712215423584,0.15573424100875854,35930.35419520686,2299542.668493239,92.48385327316309,135350190080,0.0003,129.74023866653442,153.74609375,0,0,exported_float_payload,False
operand_hybrid_fixed_h32,Operand hybrid + fixed H32,32280,2.4451701641082764,3.125943183898926,0.16797111928462982,35941.58801259186,2300261.632805879,92.51276884446773,135392133120,0.0003,129.74023866653442,153.74609375,0,0,exported_float_payload,False
operand_hybrid_fixed_h32,Operand hybrid + fixed H32,32290,2.428743600845337,2.923236131668091,0.15900695323944092,35960.855704086855,2301494.7650615587,92.56236341131931,135434076160,0.0003,129.74023866653442,153.74609375,0,0,exported_float_payload,False
operand_hybrid_fixed_h32,Operand hybrid + fixed H32,32300,2.4568309783935547,2.945218563079834,0.23475325107574463,35948.73031210343,2300718.7399746194,92.53115294879555,135476019200,0.0003,129.74023866653442,153.74609375,0,0,exported_float_payload,False
operand_hybrid_fixed_h32,Operand hybrid + fixed H32,32310,2.517207384109497,3.0384912490844727,0.3368771970272064,35927.25646771289,2299344.413933625,92.47587979832686,135517962240,0.0003,129.74023866653442,153.74609375,0,0,exported_float_payload,False
operand_hybrid_fixed_h32,Operand hybrid + fixed H32,32320,2.4512996673583984,2.8822858333587646,0.31459593772888184,35924.25605710534,2299152.3876547418,92.46815681477706,135559905280,0.0003,129.74023866653442,153.74609375,0,0,exported_float_payload,False
operand_hybrid_fixed_h32,Operand hybrid + fixed H32,32330,2.4629054069519043,2.8892765045166016,0.1649937480688095,35961.0694096605,2301508.442218272,92.5629134842412,135601848320,0.0003,129.74023866653442,153.74609375,0,0,exported_float_payload,False
operand_hybrid_fixed_h32,Operand hybrid + fixed H32,32340,2.4571266174316406,2.8134422302246094,0.23724642395973206,35949.81213284967,2300787.976502379,92.53393752894803,135643791360,0.0003,129.74023866653442,153.74609375,0,0,exported_float_payload,False
operand_hybrid_fixed_h32,Operand hybrid + fixed H32,32350,2.4472103118896484,2.9953813552856445,0.16522492468357086,35939.71791474716,2300141.9465438183,92.50795525833561,135685734400,0.0003,129.74023866653442,153.74609375,0,0,exported_float_payload,False
operand_hybrid_fixed_h32,Operand hybrid + fixed H32,32360,2.481663465499878,3.6465601921081543,0.378741055727005,35912.28405268793,2298386.1793720275,92.43734116809821,135727677440,0.0003,129.74023866653442,153.74609375,0,0,exported_float_payload,False
operand_hybrid_fixed_h32,Operand hybrid + fixed H32,32370,2.453145980834961,2.938479423522949,0.22649677097797394,35927.0363417233,2299330.3258702913,92.4753131994113,135769620480,0.0003,129.74023866653442,153.74609375,0,0,exported_float_payload,False
operand_hybrid_fixed_h32,Operand hybrid + fixed H32,32380,2.415574312210083,2.885915756225586,0.23032455146312714,35914.3568267817,2298518.836914029,92.44267643794039,135811563520,0.0003,129.74023866653442,153.74609375,0,0,exported_float_payload,False
operand_hybrid_fixed_h32,Operand hybrid + fixed H32,32390,2.4444308280944824,2.962407112121582,0.283694863319397,35918.99132869941,2298815.4450367624,92.45460553257229,135853506560,0.0003,129.74023866653442,153.74609375,0,0,exported_float_payload,False
operand_hybrid_fixed_h32,Operand hybrid + fixed H32,32400,2.4174110889434814,2.944054365158081,0.14637590944766998,35930.3541204466,2299542.6637085825,92.48385308073202,135895449600,0.0003,129.74023866653442,153.74609375,0,0,exported_float_payload,False
operand_hybrid_fixed_h32,Operand hybrid + fixed H32,32410,2.4657390117645264,3.1146864891052246,0.35897040367126465,35928.00457744702,2299392.2929566093,92.47780541449272,135937392640,0.0003,129.74023866653442,153.74609375,0,0,exported_float_payload,False
operand_hybrid_fixed_h32,Operand hybrid + fixed H32,32420,2.450078248977661,3.0209693908691406,0.25076594948768616,35954.83855760036,2301109.667686423,92.54687542337027,135979335680,0.0003,129.74023866653442,153.74609375,0,0,exported_float_payload,False
operand_hybrid_fixed_h32,Operand hybrid + fixed H32,32430,2.451695203781128,2.9367775917053223,0.22056330740451813,35923.614794167486,2299111.346826719,92.46650621965263,136021278720,0.0003,129.74023866653442,153.74609375,0,0,exported_float_payload,False
operand_hybrid_fixed_h32,Operand hybrid + fixed H32,32440,2.4523210525512695,3.1529736518859863,0.28069937229156494,35922.464936874574,2299037.7559599727,92.46354651509237,136063221760,0.0003,129.74023866653442,153.74609375,0,0,exported_float_payload,False
operand_hybrid_fixed_h32,Operand hybrid + fixed H32,32450,2.4768619537353516,2.956057071685791,0.25364771485328674,35942.03200689993,2300290.0484415954,92.5139116749619,136105164800,0.0003,129.74023866653442,153.74609375,0,0,exported_float_payload,False
operand_hybrid_fixed_h32,Operand hybrid + fixed H32,32460,2.427764654159546,2.936734676361084,0.14471791684627533,35916.38371542827,2298648.557787409,92.44789359976329,136147107840,0.0003,129.74023866653442,153.74609375,0,0,exported_float_payload,False
operand_hybrid_fixed_h32,Operand hybrid + fixed H32,32470,2.4603092670440674,2.8898463249206543,0.31027719378471375,35916.880584079605,2298680.3573810947,92.44917252752438,136189050880,0.0003,129.74023866653442,153.74609375,0,0,exported_float_payload,False
operand_hybrid_fixed_h32,Operand hybrid + fixed H32,32480,2.4344964027404785,2.9283876419067383,0.351084440946579,35926.224066518545,2299278.340257187,92.47322242289276,136230993920,0.0003,129.74023866653442,153.74609375,0,0,exported_float_payload,False
operand_hybrid_fixed_h32,Operand hybrid + fixed H32,32490,2.4726431369781494,3.0302789211273193,0.19323836266994476,35928.25475254869,2299408.304163116,92.47844935908813,136272936960,0.0003,129.74023866653442,153.74609375,0,0,exported_float_payload,False
operand_hybrid_fixed_h32,Operand hybrid + fixed H32,32500,2.4442899227142334,2.916405439376831,0.15186919271945953,35882.36525033923,2296471.3760217107,92.36033090230754,136314880000,0.0003,129.74023866653442,153.74609375,0,0,exported_float_payload,False
operand_hybrid_fixed_h32,Operand hybrid + fixed H32,32510,2.4368832111358643,2.9185867309570312,0.3258848488330841,35916.884743225106,2298680.623566407,92.44918323306322,136356823040,0.0003,129.74023866653442,153.74609375,0,0,exported_float_payload,False
operand_hybrid_fixed_h32,Operand hybrid + fixed H32,32520,2.4551806449890137,3.026792526245117,0.1605120748281479,35938.46771201453,2300061.93356893,92.50473726706677,136398766080,0.0003,129.74023866653442,153.74609375,0,0,exported_float_payload,False
operand_hybrid_fixed_h32,Operand hybrid + fixed H32,32530,2.4659109115600586,2.907783031463623,0.3889405429363251,35944.95340017025,2300477.017610896,92.52143126981748,136440709120,0.0003,129.74023866653442,153.74609375,0,0,exported_float_payload,False
operand_hybrid_fixed_h32,Operand hybrid + fixed H32,32540,2.44427227973938,2.892268657684326,0.20456109941005707,35950.632732223756,2300840.4948623204,92.53604973167491,136482652160,0.0003,129.74023866653442,153.74609375,0,0,exported_float_payload,False
operand_hybrid_fixed_h32,Operand hybrid + fixed H32,32550,2.4628288745880127,2.9719669818878174,0.2691906988620758,35925.32812849068,2299221.0002234033,92.47091630031292,136524595200,0.0003,129.74023866653442,153.74609375,0,0,exported_float_payload,False
operand_hybrid_fixed_h32,Operand hybrid + fixed H32,32560,2.439884901046753,3.128833293914795,0.14449557662010193,35957.4845743684,2301279.0127595775,92.55368620584137,136566538240,0.0003,129.74023866653442,153.74609375,0,0,exported_float_payload,False
operand_hybrid_fixed_h32,Operand hybrid + fixed H32,32570,2.4535672664642334,3.2031233310699463,0.3640470504760742,35947.757715467305,2300656.4937899075,92.52864950883222,136608481280,0.0003,129.74023866653442,153.74609375,0,0,exported_float_payload,False
operand_hybrid_fixed_h32,Operand hybrid + fixed H32,32580,2.4450018405914307,2.95693039894104,0.19061163067817688,35972.35108472233,2302230.469422229,92.59195224003595,136650424320,0.0003,129.74023866653442,153.74609375,0,0,exported_float_payload,False
operand_hybrid_fixed_h32,Operand hybrid + fixed H32,32590,2.459566831588745,3.271507740020752,0.3619880676269531,35930.88791847336,2299576.826782295,92.4852270638026,136692367360,0.0003,129.74023866653442,153.74609375,0,0,exported_float_payload,False
operand_hybrid_fixed_h32,Operand hybrid + fixed H32,32600,2.467400550842285,2.901500701904297,0.3392103314399719,35922.88425986743,2299064.5926315156,92.46462584222438,136734310400,0.0003,129.74023866653442,153.74609375,0,0,exported_float_payload,False
operand_hybrid_fixed_h32,Operand hybrid + fixed H32,32610,2.472994804382324,3.127523422241211,0.2833997905254364,35933.63341438326,2299752.5385205285,92.4922939031528,136776253440,0.0003,129.74023866653442,153.74609375,0,0,exported_float_payload,False
operand_hybrid_fixed_h32,Operand hybrid + fixed H32,32620,2.4526212215423584,2.888242483139038,0.113029845058918,35946.76899332614,2300593.215572873,92.52610456221315,136818196480,0.0003,129.74023866653442,153.74609375,0,0,exported_float_payload,False
operand_hybrid_fixed_h32,Operand hybrid + fixed H32,32630,2.4501702785491943,2.8814339637756348,0.13773113489151,35932.86171927117,2299703.1500333548,92.49030757880067,136860139520,0.0003,129.74023866653442,153.74609375,0,0,exported_float_payload,False
operand_hybrid_fixed_h32,Operand hybrid + fixed H32,32640,2.4528021812438965,2.9105801582336426,0.2555687427520752,35943.38166044687,2300376.4262685995,92.5173856501954,136902082560,0.0003,129.74023866653442,153.74609375,0,0,exported_float_payload,False
operand_hybrid_fixed_h32,Operand hybrid + fixed H32,32650,2.398296356201172,2.845503330230713,0.15557219088077545,35937.60556128285,2300006.7559221024,92.5025181121613,136944025600,0.0003,129.74023866653442,153.74609375,0,0,exported_float_payload,False
operand_hybrid_fixed_h32,Operand hybrid + fixed H32,32660,2.461775779724121,3.12949275970459,0.1338997632265091,35925.29643949399,2299218.9721276155,92.47083473361019,136985968640,0.0003,129.74023866653442,153.74609375,0,0,exported_float_payload,False
operand_hybrid_fixed_h32,Operand hybrid + fixed H32,32670,2.465632438659668,3.0128564834594727,0.1736404001712799,35937.12638073503,2299976.088367042,92.50128471314622,137027911680,0.0003,129.74023866653442,153.74609375,0,0,exported_float_payload,False
operand_hybrid_fixed_h32,Operand hybrid + fixed H32,32680,2.441213846206665,3.01515531539917,0.1281862109899521,35931.61489924889,2299623.353551929,92.48709829454558,137069854720,0.0003,129.74023866653442,153.74609375,0,0,exported_float_payload,False
operand_hybrid_fixed_h32,Operand hybrid + fixed H32,32690,2.449676275253296,2.9902539253234863,0.19546028971672058,35930.635764278646,2299560.6889138333,92.48457802507006,137111797760,0.0003,129.74023866653442,153.74609375,0,0,exported_float_payload,False
operand_hybrid_fixed_h32,Operand hybrid + fixed H32,32700,2.466655731201172,2.949190139770508,0.37990736961364746,35883.233971147136,2296526.9741534167,92.3625669684286,137153740800,0.0003,129.74023866653442,153.74609375,0,0,exported_float_payload,False
operand_hybrid_fixed_h32,Operand hybrid + fixed H32,32710,2.494412660598755,3.073446273803711,0.12281112372875214,35923.47631956844,2299102.4844523803,92.46614978942011,137195683840,0.0003,129.74023866653442,153.74609375,0,0,exported_float_payload,False
operand_hybrid_fixed_h32,Operand hybrid + fixed H32,32720,2.408128023147583,2.8625526428222656,0.09063218533992767,35932.0398287609,2299650.5490406975,92.48819205272082,137237626880,0.0003,129.74023866653442,153.74609375,0,0,exported_float_payload,False
operand_hybrid_fixed_h32,Operand hybrid + fixed H32,32730,2.4969708919525146,3.79954195022583,0.12576192617416382,35934.223249366034,2299790.287959426,92.49381212397817,137279569920,0.0003,129.74023866653442,153.74609375,0,0,exported_float_payload,False
operand_hybrid_fixed_h32,Operand hybrid + fixed H32,32740,2.491098403930664,3.135979175567627,0.25357407331466675,35916.63144912552,2298664.412744033,92.44853126024341,137321512960,0.0003,129.74023866653442,153.74609375,0,0,exported_float_payload,False
operand_hybrid_fixed_h32,Operand hybrid + fixed H32,32750,2.4759206771850586,2.9298338890075684,0.1253056824207306,35958.6808371634,2301355.573578458,92.55676535702949,137363456000,0.0003,129.74023866653442,153.74609375,0,0,exported_float_payload,False
operand_hybrid_fixed_h32,Operand hybrid + fixed H32,32760,2.482072591781616,3.3274669647216797,0.2764597237110138,35935.92577448396,2299899.2495669737,92.49819438200839,137405399040,0.0003,129.74023866653442,153.74609375,0,0,exported_float_payload,False
operand_hybrid_fixed_h32,Operand hybrid + fixed H32,32770,2.4661290645599365,2.900181293487549,0.21341507136821747,35925.69874914648,2299244.719945375,92.47187026882003,137447342080,0.0003,129.74023866653442,153.74609375,0,0,exported_float_payload,False
operand_hybrid_fixed_h32,Operand hybrid + fixed H32,32780,2.464404582977295,2.837285280227661,0.1236843466758728,35939.70313892206,2300141.0008910117,92.50791722572303,137489285120,0.0003,129.74023866653442,153.74609375,0,0,exported_float_payload,False
operand_hybrid_fixed_h32,Operand hybrid + fixed H32,32790,2.4426629543304443,2.853644847869873,0.11260871589183807,35916.60467928879,2298662.6994744823,92.44846235533814,137531228160,0.0003,129.74023866653442,153.74609375,0,0,exported_float_payload,False
operand_hybrid_fixed_h32,Operand hybrid + fixed H32,32800,2.4790549278259277,2.990614652633667,0.23607410490512848,35933.85063986227,2299766.4409511853,92.49285303622504,137573171200,0.0003,129.74023866653442,153.74609375,0,0,exported_float_payload,False
operand_hybrid_fixed_h32,Operand hybrid + fixed H32,32810,2.465736150741577,2.977428913116455,0.1323857307434082,35929.3073467646,2299475.6701929346,92.48115871086608,137615114240,0.0003,129.74023866653442,153.74609375,0,0,exported_float_payload,False
operand_hybrid_fixed_h32,Operand hybrid + fixed H32,32820,2.4608867168426514,2.880770206451416,0.2139618843793869,35921.9624807602,2299005.598768653,92.46225320533803,137657057280,0.0003,129.74023866653442,153.74609375,0,0,exported_float_payload,False
operand_hybrid_fixed_h32,Operand hybrid + fixed H32,32830,2.458702802658081,2.8672215938568115,0.11580533534288406,35949.16928000197,2300746.833920126,92.53228284143451,137699000320,0.0003,129.74023866653442,153.74609375,0,0,exported_float_payload,False
operand_hybrid_fixed_h32,Operand hybrid + fixed H32,32840,2.4617016315460205,3.168708324432373,0.21127842366695404,35923.44193250097,2299100.2836800623,92.46606127794914,137740943360,0.0003,129.74023866653442,153.74609375,0,0,exported_float_payload,False
operand_hybrid_fixed_h32,Operand hybrid + fixed H32,32850,2.4404313564300537,2.9819726943969727,0.1963087022304535,35908.97612714017,2298174.472136971,92.42882664861045,137782886400,0.0003,129.74023866653442,153.74609375,0,0,exported_float_payload,False
operand_hybrid_fixed_h32,Operand hybrid + fixed H32,32860,2.479717254638672,3.011678457260132,0.10205323994159698,35929.239639597836,2299471.3369342615,92.48098443427412,137824829440,0.0003,129.74023866653442,153.74609375,0,0,exported_float_payload,False
operand_hybrid_fixed_h32,Operand hybrid + fixed H32,32870,2.465149402618408,2.9797067642211914,0.33131012320518494,35924.85409791481,2299190.662266548,92.46969615719973,137866772480,0.0003,129.74023866653442,153.74609375,0,0,exported_float_payload,False
operand_hybrid_fixed_h32,Operand hybrid + fixed H32,32880,2.468029260635376,3.539228677749634,0.18130311369895935,35896.25014722863,2297360.0094226324,92.3960702874429,137908715520,0.0003,129.74023866653442,153.74609375,0,0,exported_float_payload,False
operand_hybrid_fixed_h32,Operand hybrid + fixed H32,32890,2.447230577468872,3.0090792179107666,0.17032848298549652,35943.623904032924,2300391.929858107,92.51800917926354,137950658560,0.0003,129.74023866653442,153.74609375,0,0,exported_float_payload,False
operand_hybrid_fixed_h32,Operand hybrid + fixed H32,32900,2.5015830993652344,3.1322202682495117,0.23178790509700775,35938.94280904624,2300092.3397789593,92.50596015521123,137992601600,0.0003,129.74023866653442,153.74609375,0,0,exported_float_payload,False
operand_hybrid_fixed_h32,Operand hybrid + fixed H32,32910,2.4354074001312256,2.890021324157715,0.11859500408172607,35939.3726278291,2300119.8481810624,92.5070664982501,138034544640,0.0003,129.74023866653442,153.74609375,0,0,exported_float_payload,False
operand_hybrid_fixed_h32,Operand hybrid + fixed H32,32920,2.4591174125671387,3.231884002685547,0.16116173565387726,35927.78589600868,2299378.2973445556,92.47724253381676,138076487680,0.0003,129.74023866653442,153.74609375,0,0,exported_float_payload,False
operand_hybrid_fixed_h32,Operand hybrid + fixed H32,32930,2.440396308898926,2.8452486991882324,0.19260580837726593,35943.05322694793,2300355.4065246675,92.51654027039868,138118430720,0.0003,129.74023866653442,153.74609375,0,0,exported_float_payload,False
operand_hybrid_fixed_h32,Operand hybrid + fixed H32,32940,2.4631128311157227,3.1842503547668457,0.4109390079975128,35951.89138495487,2300921.0486371117,92.53928947303326,138160373760,0.0003,129.74023866653442,153.74609375,0,0,exported_float_payload,False
operand_hybrid_fixed_h32,Operand hybrid + fixed H32,32950,2.4691195487976074,2.9488120079040527,0.18102110922336578,35962.667931178476,2301610.7475954224,92.56702803954782,138202316800,0.0003,129.74023866653442,153.74609375,0,0,exported_float_payload,False
operand_hybrid_fixed_h32,Operand hybrid + fixed H32,32960,2.442781448364258,2.9090309143066406,0.188895583152771,35922.39674157267,2299033.391460651,92.46337098205252,138244259840,0.0003,129.74023866653442,153.74609375,0,0,exported_float_payload,False
operand_hybrid_fixed_h32,Operand hybrid + fixed H32,32970,2.4675328731536865,2.96256685256958,0.31379106640815735,35900.156392711564,2297610.00913354,92.40612486781608,138286202880,0.0003,129.74023866653442,153.74609375,0,0,exported_float_payload,False
operand_hybrid_fixed_h32,Operand hybrid + fixed H32,32980,2.434136390686035,2.9682259559631348,0.22368861734867096,35915.26260977296,2298576.8070254694,92.44500790121532,138328145920,0.0003,129.74023866653442,153.74609375,0,0,exported_float_payload,False
operand_hybrid_fixed_h32,Operand hybrid + fixed H32,32990,2.4085488319396973,2.876772880554199,0.2022974193096161,35944.578309294484,2300453.011794847,92.52046579507349,138370088960,0.0003,129.74023866653442,153.74609375,0,0,exported_float_payload,False
operand_hybrid_fixed_h32,Operand hybrid + fixed H32,33000,2.47053861618042,3.3352935314178467,0.286543607711792,35949.087572529425,2300741.604641883,92.53207252839776,138412032000,0.0003,129.74023866653442,153.74609375,0,0,exported_float_payload,False
operand_hybrid_fixed_h32,Operand hybrid + fixed H32,33010,2.4641239643096924,2.9750518798828125,0.19622313976287842,27706.792767545758,1773234.7371229285,71.3166072079932,138453975040,0.0003,129.74023866653442,153.74609375,0,0,exported_float_payload,False
operand_hybrid_fixed_h32,Operand hybrid + fixed H32,33020,2.4650442600250244,3.1468446254730225,0.2874871790409088,35901.80816416233,2297715.722506389,92.41037648714783,138495918080,0.0003,129.74023866653442,153.74609375,0,0,exported_float_payload,False
operand_hybrid_fixed_h32,Operand hybrid + fixed H32,33030,2.441143751144409,2.9497427940368652,0.3094039559364319,35947.25771785552,2300624.4939427534,92.52736252720342,138537861120,0.0003,129.74023866653442,153.74609375,0,0,exported_float_payload,False
operand_hybrid_fixed_h32,Operand hybrid + fixed H32,33040,2.449782609939575,3.0354695320129395,0.20073755085468292,35973.24270705361,2302287.533251431,92.59424725411829,138579804160,0.0003,129.74023866653442,153.74609375,0,0,exported_float_payload,False
operand_hybrid_fixed_h32,Operand hybrid + fixed H32,33050,2.447976589202881,2.909111976623535,0.18578489124774933,35942.02266726798,2300289.4507051506,92.5138876349776,138621747200,0.0003,129.74023866653442,153.74609375,0,0,exported_float_payload,False
operand_hybrid_fixed_h32,Operand hybrid + fixed H32,33060,2.460433006286621,3.0757205486297607,0.25774142146110535,35945.17549605467,2300491.2317474987,92.52200293919418,138663690240,0.0003,129.74023866653442,153.74609375,0,0,exported_float_payload,False
operand_hybrid_fixed_h32,Operand hybrid + fixed H32,33070,2.4344887733459473,2.920583963394165,0.22729364037513733,35945.430127974905,2300507.528190394,92.52265835553163,138705633280,0.0003,129.74023866653442,153.74609375,0,0,exported_float_payload,False
operand_hybrid_fixed_h32,Operand hybrid + fixed H32,33080,2.4850287437438965,3.0775504112243652,0.42390498518943787,35945.94611303075,2300540.551233968,92.52398648845059,138747576320,0.0003,129.74023866653442,153.74609375,0,0,exported_float_payload,False
operand_hybrid_fixed_h32,Operand hybrid + fixed H32,33090,2.4873251914978027,3.0097451210021973,0.2563410997390747,35933.26428691627,2299728.914362641,92.49134377807718,138789519360,0.0003,129.74023866653442,153.74609375,0,0,exported_float_payload,False
operand_hybrid_fixed_h32,Operand hybrid + fixed H32,33100,2.4510083198547363,2.8904244899749756,0.24212954938411713,35955.19359019595,2301132.389772541,92.54778926859149,138831462400,0.0003,129.74023866653442,153.74609375,0,0,exported_float_payload,False
operand_hybrid_fixed_h32,Operand hybrid + fixed H32,33110,2.4466958045959473,3.1576714515686035,0.15243706107139587,35941.07753721862,2300228.9623819916,92.51145489333709,138873405440,0.0003,129.74023866653442,153.74609375,0,0,exported_float_payload,False
operand_hybrid_fixed_h32,Operand hybrid + fixed H32,33120,2.4573609828948975,2.864718437194824,0.1638862043619156,35899.66347883342,2297578.462645339,92.40485611954449,138915348480,0.0003,129.74023866653442,153.74609375,0,0,exported_float_payload,False
operand_hybrid_fixed_h32,Operand hybrid + fixed H32,33130,2.44476056098938,2.8486533164978027,0.3203352093696594,35934.76949899864,2299825.247935913,92.49521815717779,138957291520,0.0003,129.74023866653442,153.74609375,0,0,exported_float_payload,False
operand_hybrid_fixed_h32,Operand hybrid + fixed H32,33140,2.463456153869629,2.919278860092163,0.09786991029977798,35899.759327493084,2297584.5969595574,92.40510283165116,138999234560,0.0003,129.74023866653442,153.74609375,0,0,exported_float_payload,False
operand_hybrid_fixed_h32,Operand hybrid + fixed H32,33150,2.4500272274017334,3.080150604248047,0.12785010039806366,35902.98800689841,2297791.2324414984,92.41341337350572,139041177600,0.0003,129.74023866653442,153.74609375,0,0,exported_float_payload,False
operand_hybrid_fixed_h32,Operand hybrid + fixed H32,33160,2.4603819847106934,2.881547451019287,0.2208290845155716,35922.04965702495,2299011.178049597,92.46247759491222,139083120640,0.0003,129.74023866653442,153.74609375,0,0,exported_float_payload,False
operand_hybrid_fixed_h32,Operand hybrid + fixed H32,33170,2.4441959857940674,3.005490303039551,0.2514302432537079,35917.246733274376,2298703.79092956,92.45011498660011,139125063680,0.0003,129.74023866653442,153.74609375,0,0,exported_float_payload,False
operand_hybrid_fixed_h32,Operand hybrid + fixed H32,33180,2.4598774909973145,3.697474479675293,0.16903473436832428,35927.276425271964,2299345.6912174057,92.47593116859599,139167006720,0.0003,129.74023866653442,153.74609375,0,0,exported_float_payload,False
operand_hybrid_fixed_h32,Operand hybrid + fixed H32,33190,2.4292075634002686,2.9616165161132812,0.23828773200511932,35847.759241102955,2294256.591430589,92.27125588058108,139208949760,0.0003,129.74023866653442,153.74609375,0,0,exported_float_payload,False
operand_hybrid_fixed_h32,Operand hybrid + fixed H32,33200,2.475066661834717,3.069654941558838,0.13907477259635925,35926.5667250577,2299300.270403693,92.47410441759524,139250892800,0.0003,129.74023866653442,153.74609375,0,0,exported_float_payload,False
operand_hybrid_fixed_h32,Operand hybrid + fixed H32,33210,2.4601097106933594,2.9115946292877197,0.12669020891189575,35913.66405237033,2298474.4993517012,92.44089325354248,139292835840,0.0003,129.74023866653442,153.74609375,0,0,exported_float_payload,False
operand_hybrid_fixed_h32,Operand hybrid + fixed H32,33220,2.460409164428711,3.015288829803467,0.3501589298248291,35935.086303088894,2299845.523397689,92.49603360316087,139334778880,0.0003,129.74023866653442,153.74609375,0,0,exported_float_payload,False
operand_hybrid_fixed_h32,Operand hybrid + fixed H32,33230,2.4127092361450195,2.8281731605529785,0.2501635253429413,35943.28986973594,2300370.5516631003,92.51714938314959,139376721920,0.0003,129.74023866653442,153.74609375,0,0,exported_float_payload,False
operand_hybrid_fixed_h32,Operand hybrid + fixed H32,33240,2.4626893997192383,3.949462413787842,0.31760165095329285,35914.25782536088,2298512.5008230964,92.44242161070359,139418664960,0.0003,129.74023866653442,153.74609375,0,0,exported_float_payload,False
operand_hybrid_fixed_h32,Operand hybrid + fixed H32,33250,2.4709784984588623,4.229283332824707,0.12341797351837158,35879.34830218823,2296278.2913400466,92.3525653515252,139460608000,0.0003,129.74023866653442,153.74609375,0,0,exported_float_payload,False
operand_hybrid_fixed_h32,Operand hybrid + fixed H32,33260,2.4478800296783447,2.8932113647460938,0.11527128517627716,35957.3569242769,2301270.8431537217,92.55335763762665,139502551040,0.0003,129.74023866653442,153.74609375,0,0,exported_float_payload,False
operand_hybrid_fixed_h32,Operand hybrid + fixed H32,33270,2.4737236499786377,4.1014204025268555,0.13552412390708923,35943.205426386165,2300365.1472887145,92.51693202803173,139544494080,0.0003,129.74023866653442,153.74609375,0,0,exported_float_payload,False
operand_hybrid_fixed_h32,Operand hybrid + fixed H32,33280,2.4725255966186523,3.464446544647217,0.1884280890226364,35876.01323991225,2296064.847354384,92.34398098276246,139586437120,0.0003,129.74023866653442,153.74609375,0,0,exported_float_payload,False
operand_hybrid_fixed_h32,Operand hybrid + fixed H32,33290,2.4605236053466797,3.0600123405456543,0.13944214582443237,35925.62278413466,2299239.8581846184,92.4716747367368,139628380160,0.0003,129.74023866653442,153.74609375,0,0,exported_float_payload,False
operand_hybrid_fixed_h32,Operand hybrid + fixed H32,33300,2.449720621109009,3.1864404678344727,0.12854376435279846,35919.255174724676,2298832.3311823793,92.4552846657908,139670323200,0.0003,129.74023866653442,153.74609375,0,0,exported_float_payload,False
operand_hybrid_fixed_h32,Operand hybrid + fixed H32,33310,2.4377970695495605,2.9090912342071533,0.13958637416362762,35927.868929219425,2299383.611470043,92.47745625927122,139712266240,0.0003,129.74023866653442,153.74609375,0,0,exported_float_payload,False
operand_hybrid_fixed_h32,Operand hybrid + fixed H32,33320,2.462418556213379,2.9041545391082764,0.3079584538936615,35929.83853705622,2299509.666371598,92.48252598169016,139754209280,0.0003,129.74023866653442,153.74609375,0,0,exported_float_payload,False
operand_hybrid_fixed_h32,Operand hybrid + fixed H32,33330,2.4484918117523193,3.027012825012207,0.20545634627342224,35947.493424835804,2300639.5791894915,92.5279692312081,139796152320,0.0003,129.74023866653442,153.74609375,0,0,exported_float_payload,False
operand_hybrid_fixed_h32,Operand hybrid + fixed H32,33340,2.4488511085510254,2.941585063934326,0.19693051278591156,35894.17797084037,2297227.3901337837,92.39073655608009,139838095360,0.0003,129.74023866653442,153.74609375,0,0,exported_float_payload,False
operand_hybrid_fixed_h32,Operand hybrid + fixed H32,33350,2.4559874534606934,2.865530490875244,0.10385176539421082,35928.757997409695,2299440.5118342205,92.47974469905704,139880038400,0.0003,129.74023866653442,153.74609375,0,0,exported_float_payload,False
operand_hybrid_fixed_h32,Operand hybrid + fixed H32,33360,2.4518535137176514,2.9944329261779785,0.19343027472496033,35941.427636242275,2300251.3687195056,92.51235603966477,139921981440,0.0003,129.74023866653442,153.74609375,0,0,exported_float_payload,False
operand_hybrid_fixed_h32,Operand hybrid + fixed H32,33370,2.431523561477661,2.8528707027435303,0.3313564658164978,35894.51562040673,2297248.999706031,92.39160565780904,139963924480,0.0003,129.74023866653442,153.74609375,0,0,exported_float_payload,False
operand_hybrid_fixed_h32,Operand hybrid + fixed H32,33380,2.4512574672698975,3.132101058959961,0.15914425253868103,35936.9157680715,2299962.609156576,92.50074260129934,140005867520,0.0003,129.74023866653442,153.74609375,0,0,exported_float_payload,False
operand_hybrid_fixed_h32,Operand hybrid + fixed H32,33390,2.501122236251831,3.242277145385742,0.26083487272262573,35940.40061342533,2300185.639259221,92.5097125080426,140047810560,0.0003,129.74023866653442,153.74609375,0,0,exported_float_payload,False
operand_hybrid_fixed_h32,Operand hybrid + fixed H32,33400,2.4151952266693115,2.856633186340332,0.30427616834640503,35953.39178697808,2301017.074366597,92.54315147115916,140089753600,0.0003,129.74023866653442,153.74609375,0,0,exported_float_payload,False
operand_hybrid_fixed_h32,Operand hybrid + fixed H32,33410,2.4463343620300293,3.106525421142578,0.12202923744916916,35925.775466476975,2299249.6298545264,92.47206773735313,140131696640,0.0003,129.74023866653442,153.74609375,0,0,exported_float_payload,False
operand_hybrid_fixed_h32,Operand hybrid + fixed H32,33420,2.455004930496216,2.8485546112060547,0.1771763563156128,34604.17202776302,2214667.0097768335,89.07029279666429,140173639680,0.0003,129.74023866653442,153.74609375,0,0,exported_float_payload,False
operand_hybrid_fixed_h32,Operand hybrid + fixed H32,33430,2.4607508182525635,2.9170632362365723,0.24116306006908417,35949.48480451453,2300767.02748893,92.53309499381591,140215582720,0.0003,129.74023866653442,153.74609375,0,0,exported_float_payload,False
operand_hybrid_fixed_h32,Operand hybrid + fixed H32,33440,2.446878433227539,2.9284517765045166,0.19516009092330933,35958.4117435142,2301338.351584909,92.55607271655525,140257525760,0.0003,129.74023866653442,153.74609375,0,0,exported_float_payload,False
operand_hybrid_fixed_h32,Operand hybrid + fixed H32,33450,2.454171657562256,3.3203065395355225,0.20715954899787903,35943.24020242098,2300367.3729549428,92.51702154069514,140299468800,0.0003,129.74023866653442,153.74609375,0,0,exported_float_payload,False
operand_hybrid_fixed_h32,Operand hybrid + fixed H32,33460,2.453601837158203,2.9074344635009766,0.3593393862247467,35944.8978197091,2300473.4604613823,92.52128820706933,140341411840,0.0003,129.74023866653442,153.74609375,0,0,exported_float_payload,False
operand_hybrid_fixed_h32,Operand hybrid + fixed H32,33470,2.459519386291504,3.5009994506835938,0.2525637447834015,35939.83211013433,2300149.255048597,92.50824919447034,140383354880,0.0003,129.74023866653442,153.74609375,0,0,exported_float_payload,False
operand_hybrid_fixed_h32,Operand hybrid + fixed H32,33480,2.4740469455718994,3.450326442718506,0.14123974740505219,35927.05152718279,2299331.2977396986,92.47535228641277,140425297920,0.0003,129.74023866653442,153.74609375,0,0,exported_float_payload,False
operand_hybrid_fixed_h32,Operand hybrid + fixed H32,33490,2.4268453121185303,2.8780264854431152,0.17410211265087128,35926.21306324077,2299277.6360474094,92.47319410072478,140467240960,0.0003,129.74023866653442,153.74609375,0,0,exported_float_payload,False
operand_hybrid_fixed_h32,Operand hybrid + fixed H32,33500,2.4427380561828613,2.998781204223633,0.21620188653469086,35935.95663438219,2299901.2246004604,92.49827381463196,140509184000,0.0003,129.74023866653442,153.74609375,0,0,exported_float_payload,False
operand_hybrid_fixed_h32,Operand hybrid + fixed H32,33510,2.4605185985565186,2.9708874225616455,0.22744806110858917,35992.37096538226,2303511.7417844646,92.64348292340857,140551127040,0.0003,129.74023866653442,153.74609375,0,0,exported_float_payload,False
operand_hybrid_fixed_h32,Operand hybrid + fixed H32,33520,2.462590456008911,3.777768611907959,0.15137501060962677,35919.86856992623,2298871.5884752786,92.45686353004331,140593070080,0.0003,129.74023866653442,153.74609375,0,0,exported_float_payload,False
operand_hybrid_fixed_h32,Operand hybrid + fixed H32,33530,2.4009852409362793,2.9026739597320557,0.11572328954935074,35955.566755903186,2301156.272377804,92.54874978799874,140635013120,0.0003,129.74023866653442,153.74609375,0,0,exported_float_payload,False
operand_hybrid_fixed_h32,Operand hybrid + fixed H32,33540,2.4654319286346436,3.057157516479492,0.11800995469093323,35927.74531208043,2299375.6999731474,92.47713807177763,140676956160,0.0003,129.74023866653442,153.74609375,0,0,exported_float_payload,False
operand_hybrid_fixed_h32,Operand hybrid + fixed H32,33550,2.4674999713897705,2.9655227661132812,0.13490483164787292,35929.644245434465,2299497.231707806,92.48202587980579,140718899200,0.0003,129.74023866653442,153.74609375,0,0,exported_float_payload,False
operand_hybrid_fixed_h32,Operand hybrid + fixed H32,33560,2.446230411529541,2.8720390796661377,0.14143869280815125,35921.85822774709,2298998.926575814,92.46198486063106,140760842240,0.0003,129.74023866653442,153.74609375,0,0,exported_float_payload,False
operand_hybrid_fixed_h32,Operand hybrid + fixed H32,33570,2.425985097885132,2.976583480834961,0.13133738934993744,35939.61048226169,2300135.070864748,92.50767872974453,140802785280,0.0003,129.74023866653442,153.74609375,0,0,exported_float_payload,False
operand_hybrid_fixed_h32,Operand hybrid + fixed H32,33580,2.455127716064453,2.9170873165130615,0.14961840212345123,35917.1041824827,2298694.6676788926,92.4497480643474,140844728320,0.0003,129.74023866653442,153.74609375,0,0,exported_float_payload,False
operand_hybrid_fixed_h32,Operand hybrid + fixed H32,33590,2.4462075233459473,2.993065595626831,0.10218540579080582,35935.58275387974,2299877.2962483033,92.49731145535928,140886671360,0.0003,129.74023866653442,153.74609375,0,0,exported_float_payload,False
operand_hybrid_fixed_h32,Operand hybrid + fixed H32,33600,2.4579169750213623,3.102480888366699,0.14610625803470612,35902.81787751606,2297780.344161028,92.41297546463488,140928614400,0.0003,129.74023866653442,153.74609375,0,0,exported_float_payload,False
operand_hybrid_fixed_h32,Operand hybrid + fixed H32,33610,2.4477930068969727,2.842316150665283,0.1314454972743988,35932.33805817557,2299669.6357232365,92.48895968794307,140970557440,0.0003,129.74023866653442,153.74609375,0,0,exported_float_payload,False
operand_hybrid_fixed_h32,Operand hybrid + fixed H32,33620,2.4675521850585938,2.968412399291992,0.2971831262111664,35887.84705247409,2296822.211358342,92.37444092698357,141012500480,0.0003,129.74023866653442,153.74609375,0,0,exported_float_payload,False
operand_hybrid_fixed_h32,Operand hybrid + fixed H32,33630,2.449037790298462,3.042417049407959,0.24153049290180206,35921.035394680686,2298946.265259564,92.45986690843476,141054443520,0.0003,129.74023866653442,153.74609375,0,0,exported_float_payload,False
operand_hybrid_fixed_h32,Operand hybrid + fixed H32,33640,2.4716970920562744,2.9728169441223145,0.2879912853240967,35935.91886183365,2299898.8071573535,92.49817658901549,141096386560,0.0003,129.74023866653442,153.74609375,0,0,exported_float_payload,False
operand_hybrid_fixed_h32,Operand hybrid + fixed H32,33650,2.4338254928588867,2.9068284034729004,0.3252237141132355,35926.348039570556,2299286.2745325156,92.47354152649774,141138329600,0.0003,129.74023866653442,153.74609375,0,0,exported_float_payload,False
operand_hybrid_fixed_h32,Operand hybrid + fixed H32,33660,2.450181007385254,3.3995344638824463,0.13555210828781128,35937.90509490303,2300025.926073794,92.50328910437663,141180272640,0.0003,129.74023866653442,153.74609375,0,0,exported_float_payload,False
operand_hybrid_fixed_h32,Operand hybrid + fixed H32,33670,2.4628424644470215,2.99145770072937,0.3103467524051666,35889.98041222046,2296958.7463821094,92.37993214281434,141222215680,0.0003,129.74023866653442,153.74609375,0,0,exported_float_payload,False
operand_hybrid_fixed_h32,Operand hybrid + fixed H32,33680,2.4398093223571777,2.9440560340881348,0.20310534536838531,35898.06156523552,2297475.940175073,92.40073283310709,141264158720,0.0003,129.74023866653442,153.74609375,0,0,exported_float_payload,False
operand_hybrid_fixed_h32,Operand hybrid + fixed H32,33690,2.4804399013519287,3.4441468715667725,0.33046677708625793,35954.341914028504,2301077.8824978243,92.54559707495825,141306101760,0.0003,129.74023866653442,153.74609375,0,0,exported_float_payload,False
operand_hybrid_fixed_h32,Operand hybrid + fixed H32,33700,2.4470715522766113,3.097510576248169,0.23010481894016266,35911.39635857135,2298329.3669485664,92.43505626514448,141348044800,0.0003,129.74023866653442,153.74609375,0,0,exported_float_payload,False
operand_hybrid_fixed_h32,Operand hybrid + fixed H32,33710,2.442523241043091,2.9881787300109863,0.19413460791110992,35914.34139681031,2298517.84939586,92.44263672157128,141389987840,0.0003,129.74023866653442,153.74609375,0,0,exported_float_payload,False
operand_hybrid_fixed_h32,Operand hybrid + fixed H32,33720,2.4354257583618164,2.8678407669067383,0.13833113014698029,35882.19565026464,2296460.521616937,92.35989435586193,141431930880,0.0003,129.74023866653442,153.74609375,0,0,exported_float_payload,False
operand_hybrid_fixed_h32,Operand hybrid + fixed H32,33730,2.4458603858947754,2.7765426635742188,0.5070925354957581,35940.18441424528,2300171.802511698,92.50915601663881,141473873920,0.0003,129.74023866653442,153.74609375,0,0,exported_float_payload,False
operand_hybrid_fixed_h32,Operand hybrid + fixed H32,33740,2.447303295135498,2.906162738800049,0.10929030179977417,35946.96704135154,2300605.8906464987,92.52661433298864,141515816960,0.0003,129.74023866653442,153.74609375,0,0,exported_float_payload,False
operand_hybrid_fixed_h32,Operand hybrid + fixed H32,33750,2.4398531913757324,2.854987859725952,0.13002318143844604,35944.96966525893,2300478.0585765713,92.5214731357581,141557760000,0.0003,129.74023866653442,153.74609375,0,0,exported_float_payload,False
operand_hybrid_fixed_h32,Operand hybrid + fixed H32,33760,2.4852921962738037,3.0015902519226074,0.3004761338233948,35912.727252268895,2298414.5441452092,92.43848195298428,141599703040,0.0003,129.74023866653442,153.74609375,0,0,exported_float_payload,False
operand_hybrid_fixed_h32,Operand hybrid + fixed H32,33770,2.4484386444091797,2.890334367752075,0.1469978541135788,35950.2760233015,2300817.665491296,92.53513157162983,141641646080,0.0003,129.74023866653442,153.74609375,0,0,exported_float_payload,False
operand_hybrid_fixed_h32,Operand hybrid + fixed H32,33780,2.4436237812042236,2.843883514404297,0.08999821543693542,35945.012768228225,2300480.8171666064,92.5215840817473,141683589120,0.0003,129.74023866653442,153.74609375,0,0,exported_float_payload,False
operand_hybrid_fixed_h32,Operand hybrid + fixed H32,33790,2.441532850265503,3.116288423538208,0.14902932941913605,35949.99324087591,2300799.5674160584,92.53440369657984,141725532160,0.0003,129.74023866653442,153.74609375,0,0,exported_float_payload,False
operand_hybrid_fixed_h32,Operand hybrid + fixed H32,33800,2.447070837020874,2.92228364944458,0.218276247382164,35949.52560699468,2300769.6388476593,92.53320001840225,141767475200,0.0003,129.74023866653442,153.74609375,0,0,exported_float_payload,False
operand_hybrid_fixed_h32,Operand hybrid + fixed H32,33810,2.4666690826416016,2.8441858291625977,0.18601620197296143,35922.27372322454,2299025.5182863707,92.46305433583198,141809418240,0.0003,129.74023866653442,153.74609375,0,0,exported_float_payload,False
operand_hybrid_fixed_h32,Operand hybrid + fixed H32,33820,2.4594271183013916,2.882117748260498,0.3007916808128357,35936.443289822964,2299932.3705486697,92.49952645383877,141851361280,0.0003,129.74023866653442,153.74609375,0,0,exported_float_payload,False
operand_hybrid_fixed_h32,Operand hybrid + fixed H32,33830,2.455765724182129,3.4130849838256836,0.1844116598367691,35948.86990614213,2300727.673993096,92.53151226043838,141893304320,0.0003,129.74023866653442,153.74609375,0,0,exported_float_payload,False
operand_hybrid_fixed_h32,Operand hybrid + fixed H32,33840,2.439406394958496,2.940356731414795,0.27959364652633667,35964.556255303774,2301731.6003394416,92.57188853968059,141935247360,0.0003,129.74023866653442,153.74609375,0,0,exported_float_payload,False
operand_hybrid_fixed_h32,Operand hybrid + fixed H32,33850,2.45540714263916,3.0691182613372803,0.19825473427772522,35938.94536541789,2300092.5033867448,92.50596673524934,141977190400,0.0003,129.74023866653442,153.74609375,0,0,exported_float_payload,False
operand_hybrid_fixed_h32,Operand hybrid + fixed H32,33860,2.4747297763824463,3.1859211921691895,0.29472288489341736,35942.91103026651,2300346.3059370564,92.51617425961712,142019133440,0.0003,129.74023866653442,153.74609375,0,0,exported_float_payload,False
operand_hybrid_fixed_h32,Operand hybrid + fixed H32,33870,2.4586784839630127,2.9750561714172363,0.2901070713996887,35974.37138121976,2302359.7683980647,92.59715243382814,142061076480,0.0003,129.74023866653442,153.74609375,0,0,exported_float_payload,False
operand_hybrid_fixed_h32,Operand hybrid + fixed H32,33880,2.4684090614318848,2.959212303161621,0.12584030628204346,35909.822412327005,2298228.6343889283,92.43100496599136,142103019520,0.0003,129.74023866653442,153.74609375,0,0,exported_float_payload,False
operand_hybrid_fixed_h32,Operand hybrid + fixed H32,33890,2.440007448196411,2.9916634559631348,0.14852473139762878,35924.399701340946,2299161.5808858206,92.46852655152769,142144962560,0.0003,129.74023866653442,153.74609375,0,0,exported_float_payload,False
operand_hybrid_fixed_h32,Operand hybrid + fixed H32,33900,2.435849905014038,2.933535099029541,0.22635699808597565,35909.41419387318,2298202.5084078833,92.42995422167135,142186905600,0.0003,129.74023866653442,153.74609375,0,0,exported_float_payload,False
operand_hybrid_fixed_h32,Operand hybrid + fixed H32,33910,2.4411025047302246,2.9304800033569336,0.1015397161245346,35961.48130968221,2301534.8038196615,92.56397370482695,142228848640,0.0003,129.74023866653442,153.74609375,0,0,exported_float_payload,False
operand_hybrid_fixed_h32,Operand hybrid + fixed H32,33920,2.452526330947876,2.9029996395111084,0.19220370054244995,35944.71113636844,2300461.51272758,92.5208076887145,142270791680,0.0003,129.74023866653442,153.74609375,0,0,exported_float_payload,False
operand_hybrid_fixed_h32,Operand hybrid + fixed H32,33930,2.4621357917785645,2.9975533485412598,0.34277185797691345,35976.09571210657,2302470.1255748207,92.60159081937435,142312734720,0.0003,129.74023866653442,153.74609375,0,0,exported_float_payload,False
operand_hybrid_fixed_h32,Operand hybrid + fixed H32,33940,2.464709520339966,2.922056198120117,0.21028602123260498,35933.29419680726,2299730.828595665,92.49142076540537,142354677760,0.0003,129.74023866653442,153.74609375,0,0,exported_float_payload,False
operand_hybrid_fixed_h32,Operand hybrid + fixed H32,33950,2.4782919883728027,2.9453988075256348,0.13856880366802216,35938.041570060326,2300034.660483861,92.50364038809498,142396620800,0.0003,129.74023866653442,153.74609375,0,0,exported_float_payload,False
operand_hybrid_fixed_h32,Operand hybrid + fixed H32,33960,2.4533779621124268,2.9180350303649902,0.20249544084072113,35949.63048807208,2300776.351236613,92.53346997973135,142438563840,0.0003,129.74023866653442,153.74609375,0,0,exported_float_payload,False
operand_hybrid_fixed_h32,Operand hybrid + fixed H32,33970,2.4538888931274414,2.9240479469299316,0.19268476963043213,35896.88893153665,2297400.8916183454,92.39771450263474,142480506880,0.0003,129.74023866653442,153.74609375,0,0,exported_float_payload,False
operand_hybrid_fixed_h32,Operand hybrid + fixed H32,33980,2.433929443359375,2.849331855773926,0.2872263789176941,35911.8553416039,2298358.7418626496,92.43623767624905,142522449920,0.0003,129.74023866653442,153.74609375,0,0,exported_float_payload,False
operand_hybrid_fixed_h32,Operand hybrid + fixed H32,33990,2.461050271987915,3.029691696166992,0.13126541674137115,35905.74014661013,2297967.3693830483,92.42049731383938,142564392960,0.0003,129.74023866653442,153.74609375,0,0,exported_float_payload,False
operand_hybrid_fixed_h32,Operand hybrid + fixed H32,34000,2.4489500522613525,2.9413390159606934,0.2606280744075775,35950.10097833738,2300806.4626135924,92.53468101017171,142606336000,0.0003,129.74023866653442,153.74609375,0,0,exported_float_payload,False
operand_hybrid_fixed_h32,Operand hybrid + fixed H32,34010,2.4222357273101807,3.0688066482543945,0.2594187557697296,27949.678357489855,1788779.4148793507,71.9417887784424,142648279040,0.0003,129.74023866653442,153.74609375,0,0,exported_float_payload,False
operand_hybrid_fixed_h32,Operand hybrid + fixed H32,34020,2.4577503204345703,3.350396156311035,0.13259543478488922,35923.191204111055,2299084.2370631075,92.4654159092033,142690222080,0.0003,129.74023866653442,153.74609375,0,0,exported_float_payload,False
operand_hybrid_fixed_h32,Operand hybrid + fixed H32,34030,2.4583206176757812,3.3115322589874268,0.38738274574279785,35929.59775011892,2299494.256007611,92.4819062020003,142732165120,0.0003,129.74023866653442,153.74609375,0,0,exported_float_payload,False
operand_hybrid_fixed_h32,Operand hybrid + fixed H32,34040,2.4313459396362305,3.0998435020446777,0.19536592066287994,35933.8241338166,2299764.744564262,92.49278481031149,142774108160,0.0003,129.74023866653442,153.74609375,0,0,exported_float_payload,False
operand_hybrid_fixed_h32,Operand hybrid + fixed H32,34050,2.427086114883423,3.0880186557769775,0.1636548638343811,35937.26661007635,2299985.0630448866,92.50164566004246,142816051200,0.0003,129.74023866653442,153.74609375,0,0,exported_float_payload,False
operand_hybrid_fixed_h32,Operand hybrid + fixed H32,34060,2.454298496246338,2.9497876167297363,0.11511962860822678,35925.01003468523,2299200.6422198545,92.47009753463443,142857994240,0.0003,129.74023866653442,153.74609375,0,0,exported_float_payload,False
operand_hybrid_fixed_h32,Operand hybrid + fixed H32,34070,2.4631118774414062,2.945668935775757,0.13202103972434998,35920.01972506033,2298881.262403861,92.45725259966305,142899937280,0.0003,129.74023866653442,153.74609375,0,0,exported_float_payload,False
operand_hybrid_fixed_h32,Operand hybrid + fixed H32,34080,2.45428204536438,2.8537168502807617,0.21735595166683197,35918.26012807705,2298768.648196931,92.45272344004671,142941880320,0.0003,129.74023866653442,153.74609375,0,0,exported_float_payload,False
operand_hybrid_fixed_h32,Operand hybrid + fixed H32,34090,2.448897361755371,2.9346866607666016,0.18354475498199463,35927.055251210615,2299331.5360774794,92.47536187196934,142983823360,0.0003,129.74023866653442,153.74609375,0,0,exported_float_payload,False
operand_hybrid_fixed_h32,Operand hybrid + fixed H32,34100,2.4580881595611572,2.894041061401367,0.18152251839637756,35914.44072725406,2298524.20654426,92.44289239570506,143025766400,0.0003,129.74023866653442,153.74609375,0,0,exported_float_payload,False
operand_hybrid_fixed_h32,Operand hybrid + fixed H32,34110,2.4162817001342773,2.884004831314087,0.25456637144088745,35952.72175003315,2300974.192002122,92.54142681244399,143067709440,0.0003,129.74023866653442,153.74609375,0,0,exported_float_payload,False
operand_hybrid_fixed_h32,Operand hybrid + fixed H32,34120,2.4500529766082764,2.8648760318756104,0.31196892261505127,35980.89985899218,2302777.5909754997,92.61395657600613,143109652480,0.0003,129.74023866653442,153.74609375,0,0,exported_float_payload,False
operand_hybrid_fixed_h32,Operand hybrid + fixed H32,34130,2.430302619934082,2.799191474914551,0.15903408825397491,35936.75435932882,2299952.2789970445,92.5003271391418,143151595520,0.0003,129.74023866653442,153.74609375,0,0,exported_float_payload,False
operand_hybrid_fixed_h32,Operand hybrid + fixed H32,34140,2.4238598346710205,3.055769920349121,0.2395639270544052,35937.25598223727,2299984.3828631854,92.50161830424447,143193538560,0.0003,129.74023866653442,153.74609375,0,0,exported_float_payload,False
operand_hybrid_fixed_h32,Operand hybrid + fixed H32,34150,2.4879961013793945,2.897686719894409,0.09984221309423447,35900.23520386854,2297615.0530475867,92.40632772580736,143235481600,0.0003,129.74023866653442,153.74609375,0,0,exported_float_payload,False
operand_hybrid_fixed_h32,Operand hybrid + fixed H32,34160,2.450319766998291,2.9151740074157715,0.10529854893684387,35939.96312069375,2300157.6397244,92.50858641244733,143277424640,0.0003,129.74023866653442,153.74609375,0,0,exported_float_payload,False
operand_hybrid_fixed_h32,Operand hybrid + fixed H32,34170,2.4689528942108154,3.31599497795105,0.15595020353794098,35931.191565879286,2299596.2602162743,92.48600864480187,143319367680,0.0003,129.74023866653442,153.74609375,0,0,exported_float_payload,False
operand_hybrid_fixed_h32,Operand hybrid + fixed H32,34180,2.4511101245880127,2.9351115226745605,0.15486407279968262,35909.31525726557,2298196.1764649963,92.42969956126217,143361310720,0.0003,129.74023866653442,153.74609375,0,0,exported_float_payload,False
operand_hybrid_fixed_h32,Operand hybrid + fixed H32,34190,2.450132131576538,2.8542094230651855,0.2610282599925995,35941.9474588539,2300284.6373666497,92.51369405035847,143403253760,0.0003,129.74023866653442,153.74609375,0,0,exported_float_payload,False
operand_hybrid_fixed_h32,Operand hybrid + fixed H32,34200,2.421109199523926,3.0133705139160156,0.1763911247253418,35949.8190072269,2300788.4164625215,92.53395522342694,143445196800,0.0003,129.74023866653442,153.74609375,0,0,exported_float_payload,False
operand_hybrid_fixed_h32,Operand hybrid + fixed H32,34210,2.444167137145996,2.9155921936035156,0.16615277528762817,35908.133443908075,2298120.540410117,92.42665760257294,143487139840,0.0003,129.74023866653442,153.74609375,0,0,exported_float_payload,False
operand_hybrid_fixed_h32,Operand hybrid + fixed H32,34220,2.42038631439209,2.838890790939331,0.2729105055332184,35926.899509458286,2299321.5686053303,92.47496099650643,143529082880,0.0003,129.74023866653442,153.74609375,0,0,exported_float_payload,False
operand_hybrid_fixed_h32,Operand hybrid + fixed H32,34230,2.4407527446746826,2.867007255554199,0.15794843435287476,35942.02875799252,2300289.8405115213,92.51390331235368,143571025920,0.0003,129.74023866653442,153.74609375,0,0,exported_float_payload,False
operand_hybrid_fixed_h32,Operand hybrid + fixed H32,34240,2.4359207153320312,3.2177910804748535,0.12803955376148224,35965.54644744378,2301794.972636402,92.57443727004075,143612968960,0.0003,129.74023866653442,153.74609375,0,0,exported_float_payload,False
operand_hybrid_fixed_h32,Operand hybrid + fixed H32,34250,2.447734832763672,2.978090286254883,0.10905126482248306,35939.19485499924,2300108.470719951,92.50660891533222,143654912000,0.0003,129.74023866653442,153.74609375,0,0,exported_float_payload,False
operand_hybrid_fixed_h32,Operand hybrid + fixed H32,34260,2.463188886642456,3.017482280731201,0.15666833519935608,35959.153432681356,2301385.819691607,92.55798180633869,143696855040,0.0003,129.74023866653442,153.74609375,0,0,exported_float_payload,False
operand_hybrid_fixed_h32,Operand hybrid + fixed H32,34270,2.4579086303710938,2.8955564498901367,0.15157419443130493,35959.11913852221,2301383.6248654216,92.55789353401148,143738798080,0.0003,129.74023866653442,153.74609375,0,0,exported_float_payload,False
operand_hybrid_fixed_h32,Operand hybrid + fixed H32,34280,2.4814558029174805,3.1291983127593994,0.18972420692443848,35941.324512543804,2300244.7688028035,92.51209060178607,143780741120,0.0003,129.74023866653442,153.74609375,0,0,exported_float_payload,False
operand_hybrid_fixed_h32,Operand hybrid + fixed H32,34290,2.4615108966827393,2.912087917327881,0.1360284686088562,35930.66199225959,2299562.367504614,92.48464553525181,143822684160,0.0003,129.74023866653442,153.74609375,0,0,exported_float_payload,False
operand_hybrid_fixed_h32,Operand hybrid + fixed H32,34300,2.448699712753296,2.999086618423462,0.2504824995994568,35964.54334539889,2301730.774105529,92.57185530990103,143864627200,0.0003,129.74023866653442,153.74609375,0,0,exported_float_payload,False
operand_hybrid_fixed_h32,Operand hybrid + fixed H32,34310,2.4996275901794434,2.99761962890625,0.25060591101646423,35924.61729616716,2299175.5069546984,92.46908663529062,143906570240,0.0003,129.74023866653442,153.74609375,0,0,exported_float_payload,False
operand_hybrid_fixed_h32,Operand hybrid + fixed H32,34320,2.449286699295044,2.9621386528015137,0.12504537403583527,35941.53548391575,2300258.270970608,92.51263363693964,143948513280,0.0003,129.74023866653442,153.74609375,0,0,exported_float_payload,False
operand_hybrid_fixed_h32,Operand hybrid + fixed H32,34330,2.5026588439941406,3.299602746963501,0.18204137682914734,35912.04003527053,2298370.562257314,92.43671307323157,143990456320,0.0003,129.74023866653442,153.74609375,0,0,exported_float_payload,False
operand_hybrid_fixed_h32,Operand hybrid + fixed H32,34340,2.449012517929077,3.0156431198120117,0.13822905719280243,35948.67544169771,2300715.2282686536,92.53101171371272,144032399360,0.0003,129.74023866653442,153.74609375,0,0,exported_float_payload,False
operand_hybrid_fixed_h32,Operand hybrid + fixed H32,34350,2.444721221923828,3.01601243019104,0.16391941905021667,35931.647769498566,2299625.457247908,92.48718290176464,144074342400,0.0003,129.74023866653442,153.74609375,0,0,exported_float_payload,False
operand_hybrid_fixed_h32,Operand hybrid + fixed H32,34360,2.458357572555542,3.3858394622802734,0.14856131374835968,35939.55756472301,2300131.6841422725,92.50754252129369,144116285440,0.0003,129.74023866653442,153.74609375,0,0,exported_float_payload,False
operand_hybrid_fixed_h32,Operand hybrid + fixed H32,34370,2.4511165618896484,2.874290704727173,0.3065289855003357,35931.064155606786,2299588.1059588343,92.48568069387538,144158228480,0.0003,129.74023866653442,153.74609375,0,0,exported_float_payload,False
operand_hybrid_fixed_h32,Operand hybrid + fixed H32,34380,2.4580440521240234,2.963444948196411,0.25531792640686035,35953.03640375111,2300994.329840071,92.54223672342135,144200171520,0.0003,129.74023866653442,153.74609375,0,0,exported_float_payload,False
operand_hybrid_fixed_h32,Operand hybrid + fixed H32,34390,2.4391865730285645,2.836984634399414,0.1151830330491066,35958.39888533515,2301337.5286614494,92.55603961991672,144242114560,0.0003,129.74023866653442,153.74609375,0,0,exported_float_payload,False
operand_hybrid_fixed_h32,Operand hybrid + fixed H32,34400,2.4428019523620605,2.9332568645477295,0.10589883476495743,35965.15483261907,2301769.9092876203,92.57342926305613,144284057600,0.0003,129.74023866653442,153.74609375,0,0,exported_float_payload,False
operand_hybrid_fixed_h32,Operand hybrid + fixed H32,34410,2.4487338066101074,2.9414849281311035,0.18131592869758606,35929.71031542156,2299501.4601869797,92.4821959423373,144326000640,0.0003,129.74023866653442,153.74609375,0,0,exported_float_payload,False
operand_hybrid_fixed_h32,Operand hybrid + fixed H32,34420,2.4423863887786865,2.7822213172912598,0.2866772413253784,35926.80078142044,2299315.250010908,92.47470687295072,144367943680,0.0003,129.74023866653442,153.74609375,0,0,exported_float_payload,False
operand_hybrid_fixed_h32,Operand hybrid + fixed H32,34430,2.4312267303466797,2.957475423812866,0.2507684826850891,35931.516270054744,2299617.0412835036,92.48684442541115,144409886720,0.0003,129.74023866653442,153.74609375,0,0,exported_float_payload,False
operand_hybrid_fixed_h32,Operand hybrid + fixed H32,34440,2.4651987552642822,3.3718762397766113,0.29982009530067444,35934.53902538028,2299810.497624338,92.49462492371876,144451829760,0.0003,129.74023866653442,153.74609375,0,0,exported_float_payload,False
operand_hybrid_fixed_h32,Operand hybrid + fixed H32,34450,2.479552745819092,3.0833678245544434,0.10486264526844025,35926.04386324435,2299266.8072476382,92.47275858407059,144493772800,0.0003,129.74023866653442,153.74609375,0,0,exported_float_payload,False
operand_hybrid_fixed_h32,Operand hybrid + fixed H32,34460,2.431384325027466,3.3872742652893066,0.20508785545825958,35910.162209907736,2298250.381434095,92.43187959665681,144535715840,0.0003,129.74023866653442,153.74609375,0,0,exported_float_payload,False
operand_hybrid_fixed_h32,Operand hybrid + fixed H32,34470,2.4633758068084717,3.377896308898926,0.15567289292812347,35937.81145824949,2300019.9333279673,92.50304808591966,144577658880,0.0003,129.74023866653442,153.74609375,0,0,exported_float_payload,False
operand_hybrid_fixed_h32,Operand hybrid + fixed H32,34480,2.4368834495544434,2.884188413619995,0.1720365434885025,35940.65720748113,2300202.061278792,92.510372974869,144619601920,0.0003,129.74023866653442,153.74609375,0,0,exported_float_payload,False
operand_hybrid_fixed_h32,Operand hybrid + fixed H32,34490,2.447626829147339,3.0346508026123047,0.20259691774845123,35933.06241778493,2299715.9947382356,92.49082417186843,144661544960,0.0003,129.74023866653442,153.74609375,0,0,exported_float_payload,False
operand_hybrid_fixed_h32,Operand hybrid + fixed H32,34500,2.4352991580963135,2.903317928314209,0.20565970242023468,35888.90567397968,2296889.9631346995,92.37716579285778,144703488000,0.0003,129.74023866653442,153.74609375,0,0,exported_float_payload,False
operand_hybrid_fixed_h32,Operand hybrid + fixed H32,34510,2.4416987895965576,2.8890645503997803,0.1383674442768097,35925.93485991833,2299259.831034773,92.47247801217432,144745431040,0.0003,129.74023866653442,153.74609375,0,0,exported_float_payload,False
operand_hybrid_fixed_h32,Operand hybrid + fixed H32,34520,2.453033208847046,2.915173053741455,0.27398917078971863,35939.362188262574,2300119.1800488047,92.50703962706109,144787374080,0.0003,129.74023866653442,153.74609375,0,0,exported_float_payload,False
operand_hybrid_fixed_h32,Operand hybrid + fixed H32,34530,2.447199583053589,2.8936917781829834,0.11929932981729507,35935.84781910179,2299894.2604225148,92.49799372676053,144829317120,0.0003,129.74023866653442,153.74609375,0,0,exported_float_payload,False
operand_hybrid_fixed_h32,Operand hybrid + fixed H32,34540,2.4441452026367188,2.8878605365753174,0.23389527201652527,35942.80015064515,2300339.2096412894,92.51588885818252,144871260160,0.0003,129.74023866653442,153.74609375,0,0,exported_float_payload,False
operand_hybrid_fixed_h32,Operand hybrid + fixed H32,34550,2.455465316772461,2.861205816268921,0.1515347808599472,35939.83487542926,2300149.4320274726,92.50825631227188,144913203200,0.0003,129.74023866653442,153.74609375,0,0,exported_float_payload,False
operand_hybrid_fixed_h32,Operand hybrid + fixed H32,34560,2.4437901973724365,3.054929733276367,0.13532230257987976,35935.40578470482,2299865.9702211083,92.49685594102958,144955146240,0.0003,129.74023866653442,153.74609375,0,0,exported_float_payload,False
operand_hybrid_fixed_h32,Operand hybrid + fixed H32,34570,2.4307777881622314,3.0155954360961914,0.11523699015378952,35936.791927166465,2299954.6833386538,92.50042383783745,144997089280,0.0003,129.74023866653442,153.74609375,0,0,exported_float_payload,False
operand_hybrid_fixed_h32,Operand hybrid + fixed H32,34580,2.4395596981048584,2.9614198207855225,0.2050301730632782,35922.143560435645,2299017.1878678813,92.4627192999956,145039032320,0.0003,129.74023866653442,153.74609375,0,0,exported_float_payload,False
operand_hybrid_fixed_h32,Operand hybrid + fixed H32,34590,2.4591619968414307,2.854238986968994,0.10801297426223755,35927.707663183435,2299373.29044374,92.47704116443722,145080975360,0.0003,129.74023866653442,153.74609375,0,0,exported_float_payload,False
operand_hybrid_fixed_h32,Operand hybrid + fixed H32,34600,2.45041823387146,2.878410577774048,0.11689133197069168,35929.37662406654,2299480.1039402587,92.48133702894756,145122918400,0.0003,129.74023866653442,153.74609375,0,0,exported_float_payload,False
operand_hybrid_fixed_h32,Operand hybrid + fixed H32,34610,2.4586844444274902,3.0864968299865723,0.10333758592605591,35948.79086202378,2300722.615169522,92.53130880281022,145164861440,0.0003,129.74023866653442,153.74609375,0,0,exported_float_payload,False
operand_hybrid_fixed_h32,Operand hybrid + fixed H32,34620,2.4191226959228516,2.8384923934936523,0.18061654269695282,35937.484062559146,2299998.9800037853,92.50220537741687,145206804480,0.0003,129.74023866653442,153.74609375,0,0,exported_float_payload,False
operand_hybrid_fixed_h32,Operand hybrid + fixed H32,34630,2.456144094467163,3.7870125770568848,0.12135964632034302,35939.22834805043,2300110.6142752273,92.50669512562715,145248747520,0.0003,129.74023866653442,153.74609375,0,0,exported_float_payload,False
operand_hybrid_fixed_h32,Operand hybrid + fixed H32,34640,2.4483072757720947,2.8989462852478027,0.16575178503990173,35935.16935031993,2299850.8384204754,92.49624736470322,145290690560,0.0003,129.74023866653442,153.74609375,0,0,exported_float_payload,False
operand_hybrid_fixed_h32,Operand hybrid + fixed H32,34650,2.430752992630005,2.868934154510498,0.14957720041275024,35928.73106548961,2299438.788191335,92.47967537695315,145332633600,0.0003,129.74023866653442,153.74609375,0,0,exported_float_payload,False
operand_hybrid_fixed_h32,Operand hybrid + fixed H32,34660,2.4481852054595947,2.825552225112915,0.15542453527450562,35932.163640585444,2299658.4729974684,92.48851074133024,145374576640,0.0003,129.74023866653442,153.74609375,0,0,exported_float_payload,False
operand_hybrid_fixed_h32,Operand hybrid + fixed H32,34670,2.389974355697632,2.901184320449829,0.14293505251407623,21970.542167197436,1406114.698700636,56.5516384025513,145416519680,0.0003,129.74023866653442,153.74609375,0,0,exported_float_payload,False
operand_hybrid_fixed_h32,Operand hybrid + fixed H32,34680,2.429720401763916,3.019623279571533,0.19476129114627838,36020.387160627724,2305304.7782801744,92.71559592503046,145458462720,0.0003,129.74023866653442,153.74609375,0,0,exported_float_payload,False
operand_hybrid_fixed_h32,Operand hybrid + fixed H32,34690,2.4641010761260986,3.0078248977661133,0.1203552857041359,35954.96559182868,2301117.7978770356,92.54720240636824,145500405760,0.0003,129.74023866653442,153.74609375,0,0,exported_float_payload,False
operand_hybrid_fixed_h32,Operand hybrid + fixed H32,34700,2.4183950424194336,2.851741313934326,0.2164379507303238,35949.678116077725,2300779.3994289744,92.53359257305348,145542348800,0.0003,129.74023866653442,153.74609375,0,0,exported_float_payload,False
operand_hybrid_fixed_h32,Operand hybrid + fixed H32,34710,2.4706990718841553,4.627387046813965,0.21972817182540894,35961.54427194023,2301538.8334041745,92.56413576813979,145584291840,0.0003,129.74023866653442,153.74609375,0,0,exported_float_payload,False
operand_hybrid_fixed_h32,Operand hybrid + fixed H32,34720,2.459439516067505,2.891892910003662,0.3257836103439331,35930.66268529451,2299562.4118588488,92.48464731910674,145626234880,0.0003,129.74023866653442,153.74609375,0,0,exported_float_payload,False
operand_hybrid_fixed_h32,Operand hybrid + fixed H32,34730,2.473454236984253,2.960233449935913,0.09189233183860779,35934.20759909303,2299789.286341954,92.49377184055808,145668177920,0.0003,129.74023866653442,153.74609375,0,0,exported_float_payload,False
operand_hybrid_fixed_h32,Operand hybrid + fixed H32,34740,2.4739832878112793,3.0502076148986816,0.20747077465057373,35947.756668268616,2300656.4267691914,92.5286468133684,145710120960,0.0003,129.74023866653442,153.74609375,0,0,exported_float_payload,False
operand_hybrid_fixed_h32,Operand hybrid + fixed H32,34750,2.443791151046753,2.885268449783325,0.1498003453016281,35922.83514360865,2299061.4491909537,92.46449941817508,145752064000,0.0003,129.74023866653442,153.74609375,0,0,exported_float_payload,False
operand_hybrid_fixed_h32,Operand hybrid + fixed H32,34760,2.4338369369506836,2.8444323539733887,0.1872331202030182,35935.18174275039,2299851.631536025,92.49627926251627,145794007040,0.0003,129.74023866653442,153.74609375,0,0,exported_float_payload,False
operand_hybrid_fixed_h32,Operand hybrid + fixed H32,34770,2.481826066970825,3.3302135467529297,0.19378526508808136,35949.71221040954,2300781.5814662105,92.53368033103003,145835950080,0.0003,129.74023866653442,153.74609375,0,0,exported_float_payload,False
operand_hybrid_fixed_h32,Operand hybrid + fixed H32,34780,2.452291250228882,2.874934196472168,0.16181612014770508,35954.01200806137,2301056.7685159277,92.5447479050644,145877893120,0.0003,129.74023866653442,153.74609375,0,0,exported_float_payload,False
operand_hybrid_fixed_h32,Operand hybrid + fixed H32,34790,2.454357147216797,2.8619027137756348,0.1388360857963562,35946.472849015525,2300574.2623369936,92.52534229399775,145919836160,0.0003,129.74023866653442,153.74609375,0,0,exported_float_payload,False
operand_hybrid_fixed_h32,Operand hybrid + fixed H32,34800,2.449781656265259,3.3082029819488525,0.1766304224729538,35939.54971913537,2300131.182024664,92.50752232694292,145961779200,0.0003,129.74023866653442,153.74609375,0,0,exported_float_payload,False
operand_hybrid_fixed_h32,Operand hybrid + fixed H32,34810,2.4323832988739014,2.951869487762451,0.17180708050727844,35963.75500772341,2301680.3204942984,92.56982614799765,146003722240,0.0003,129.74023866653442,153.74609375,0,0,exported_float_payload,False
operand_hybrid_fixed_h32,Operand hybrid + fixed H32,34820,2.4280600547790527,2.8822145462036133,0.1923886239528656,35963.65040722178,2301673.626062194,92.5695569088637,146045665280,0.0003,129.74023866653442,153.74609375,0,0,exported_float_payload,False
operand_hybrid_fixed_h32,Operand hybrid + fixed H32,34830,2.4579155445098877,3.021308660507202,0.12805335223674774,35916.19038596696,2298636.1847018856,92.4473959744564,146087608320,0.0003,129.74023866653442,153.74609375,0,0,exported_float_payload,False
operand_hybrid_fixed_h32,Operand hybrid + fixed H32,34840,2.4385170936584473,2.929288387298584,0.25118154287338257,35944.15062520664,2300425.640013225,92.5193649466874,146129551360,0.0003,129.74023866653442,153.74609375,0,0,exported_float_payload,False
operand_hybrid_fixed_h32,Operand hybrid + fixed H32,34850,2.453881025314331,2.859105110168457,0.15590184926986694,35963.28612387661,2301650.311928103,92.56861925243923,146171494400,0.0003,129.74023866653442,153.74609375,0,0,exported_float_payload,False
operand_hybrid_fixed_h32,Operand hybrid + fixed H32,34860,2.4242539405822754,2.915226697921753,0.12982352077960968,35922.9441143718,2299068.423319795,92.4647799062553,146213437440,0.0003,129.74023866653442,153.74609375,0,0,exported_float_payload,False
operand_hybrid_fixed_h32,Operand hybrid + fixed H32,34870,2.4505133628845215,3.245668888092041,0.18552060425281525,35927.218226906996,2299341.9665220478,92.4757813674274,146255380480,0.0003,129.74023866653442,153.74609375,0,0,exported_float_payload,False
operand_hybrid_fixed_h32,Operand hybrid + fixed H32,34880,2.462498426437378,3.05167555809021,0.10840614140033722,35939.694649906516,2300140.457594017,92.50789537520457,146297323520,0.0003,129.74023866653442,153.74609375,0,0,exported_float_payload,False
operand_hybrid_fixed_h32,Operand hybrid + fixed H32,34890,2.4768831729888916,2.895956039428711,0.18143488466739655,35955.57893321718,2301157.0517258993,92.54878113210725,146339266560,0.0003,129.74023866653442,153.74609375,0,0,exported_float_payload,False
operand_hybrid_fixed_h32,Operand hybrid + fixed H32,34900,2.4464099407196045,2.9023752212524414,0.37245139479637146,35925.85713725226,2299254.8567841444,92.47227795593201,146381209600,0.0003,129.74023866653442,153.74609375,0,0,exported_float_payload,False
operand_hybrid_fixed_h32,Operand hybrid + fixed H32,34910,2.4582643508911133,2.931626319885254,0.2340480238199234,35939.3465674702,2300118.180318093,92.50699941952341,146423152640,0.0003,129.74023866653442,153.74609375,0,0,exported_float_payload,False
operand_hybrid_fixed_h32,Operand hybrid + fixed H32,34920,2.440600872039795,3.009003162384033,0.16898788511753082,35924.301509270204,2299155.296593293,92.46827380753821,146465095680,0.0003,129.74023866653442,153.74609375,0,0,exported_float_payload,False
operand_hybrid_fixed_h32,Operand hybrid + fixed H32,34930,2.468294620513916,2.9240002632141113,0.17260615527629852,35916.38893953727,2298648.892130385,92.44790704649213,146507038720,0.0003,129.74023866653442,153.74609375,0,0,exported_float_payload,False
operand_hybrid_fixed_h32,Operand hybrid + fixed H32,34940,2.429089307785034,2.8534810543060303,0.20231705904006958,35934.9140186987,2299834.4971967167,92.49559014735252,146548981760,0.0003,129.74023866653442,153.74609375,0,0,exported_float_payload,False
operand_hybrid_fixed_h32,Operand hybrid + fixed H32,34950,2.463313579559326,2.9084739685058594,0.13210749626159668,35978.311826286634,2302611.9568823446,92.60729504309427,146590924800,0.0003,129.74023866653442,153.74609375,0,0,exported_float_payload,False
operand_hybrid_fixed_h32,Operand hybrid + fixed H32,34960,2.458134174346924,2.9332475662231445,0.2581823766231537,35929.45052461373,2299484.8335752785,92.48152724714932,146632867840,0.0003,129.74023866653442,153.74609375,0,0,exported_float_payload,False
operand_hybrid_fixed_h32,Operand hybrid + fixed H32,34970,2.4647889137268066,3.884800434112549,0.24137766659259796,35942.42683498653,2300315.317439138,92.51492795280407,146674810880,0.0003,129.74023866653442,153.74609375,0,0,exported_float_payload,False
operand_hybrid_fixed_h32,Operand hybrid + fixed H32,34980,2.4172253608703613,2.814688205718994,0.13917429745197296,35959.24152365625,2301391.457514,92.55820855035442,146716753920,0.0003,129.74023866653442,153.74609375,0,0,exported_float_payload,False
operand_hybrid_fixed_h32,Operand hybrid + fixed H32,34990,2.4342381954193115,3.0176444053649902,0.17382977902889252,35932.47225853196,2299678.2245460455,92.4893051163795,146758696960,0.0003,129.74023866653442,153.74609375,0,0,exported_float_payload,False
operand_hybrid_fixed_h32,Operand hybrid + fixed H32,35000,2.4650344848632812,2.9832236766815186,0.13523535430431366,35926.374981216126,2299287.998797832,92.47361087363477,146800640000,0.0003,129.74023866653442,153.74609375,0,0,exported_float_payload,False
operand_hybrid_fixed_h32,Operand hybrid + fixed H32,35010,2.44136381149292,3.003796100616455,0.18101805448532104,28222.84034228317,1806261.7819061228,72.64490104903619,146842583040,0.0003,129.74023866653442,153.74609375,0,0,exported_float_payload,False
operand_hybrid_fixed_h32,Operand hybrid + fixed H32,35020,2.4510226249694824,3.0300464630126953,0.2267247587442398,35928.78324351309,2299442.127584838,92.47980968190996,146884526080,0.0003,129.74023866653442,153.74609375,0,0,exported_float_payload,False
operand_hybrid_fixed_h32,Operand hybrid + fixed H32,35030,2.4758896827697754,2.9543466567993164,0.21583794057369232,35929.79346393158,2299506.781691621,92.48240996456927,146926469120,0.0003,129.74023866653442,153.74609375,0,0,exported_float_payload,False
operand_hybrid_fixed_h32,Operand hybrid + fixed H32,35040,2.414886713027954,2.845064401626587,0.14985954761505127,35955.752019794505,2301168.1292668483,92.54922665272568,146968412160,0.0003,129.74023866653442,153.74609375,0,0,exported_float_payload,False
operand_hybrid_fixed_h32,Operand hybrid + fixed H32,35050,2.440755605697632,3.0437474250793457,0.11953488737344742,35958.103646783136,2301318.6333941207,92.55527968310184,147010355200,0.0003,129.74023866653442,153.74609375,0,0,exported_float_payload,False
operand_hybrid_fixed_h32,Operand hybrid + fixed H32,35060,2.479877471923828,2.8871302604675293,0.5295025706291199,35949.639868848964,2300776.9516063337,92.53349412562171,147052298240,0.0003,129.74023866653442,153.74609375,0,0,exported_float_payload,False
operand_hybrid_fixed_h32,Operand hybrid + fixed H32,35070,2.474069833755493,2.9237465858459473,0.15226110816001892,35930.78947260741,2299570.526246874,92.48497366655045,147094241280,0.0003,129.74023866653442,153.74609375,0,0,exported_float_payload,False
operand_hybrid_fixed_h32,Operand hybrid + fixed H32,35080,2.448577880859375,3.0078675746917725,0.11782696098089218,35952.92713186343,2300987.3364392594,92.54195546025393,147136184320,0.0003,129.74023866653442,153.74609375,0,0,exported_float_payload,False
operand_hybrid_fixed_h32,Operand hybrid + fixed H32,35090,2.462571382522583,2.9864184856414795,0.25080999732017517,35948.727297054946,2300718.5470115165,92.53114518813447,147178127360,0.0003,129.74023866653442,153.74609375,0,0,exported_float_payload,False
operand_hybrid_fixed_h32,Operand hybrid + fixed H32,35100,2.464036703109741,3.2916791439056396,0.1841280609369278,35913.591128156404,2298469.83220201,92.44070554839868,147220070400,0.0003,129.74023866653442,153.74609375,0,0,exported_float_payload,False
operand_hybrid_fixed_h32,Operand hybrid + fixed H32,35110,2.428393840789795,2.8430023193359375,0.2741844654083252,35977.54221085317,2302562.701494603,92.6053140717841,147262013440,0.0003,129.74023866653442,153.74609375,0,0,exported_float_payload,False
operand_hybrid_fixed_h32,Operand hybrid + fixed H32,35120,2.469996929168701,3.399941921234131,0.28943932056427,35913.80169158827,2298483.308261649,92.44124753352445,147303956480,0.0003,129.74023866653442,153.74609375,0,0,exported_float_payload,False
operand_hybrid_fixed_h32,Operand hybrid + fixed H32,35130,2.41397762298584,2.902937412261963,0.14996542036533356,35935.06742276599,2299844.3150570234,92.49598500567132,147345899520,0.0003,129.74023866653442,153.74609375,0,0,exported_float_payload,False
operand_hybrid_fixed_h32,Operand hybrid + fixed H32,35140,2.453087091445923,2.8965134620666504,0.11159729212522507,35938.681955050524,2300075.6451232336,92.50528872340361,147387842560,0.0003,129.74023866653442,153.74609375,0,0,exported_float_payload,False
operand_hybrid_fixed_h32,Operand hybrid + fixed H32,35150,2.4738874435424805,3.213832378387451,0.24629424512386322,35939.31041131441,2300115.866324122,92.50690635446234,147429785600,0.0003,129.74023866653442,153.74609375,0,0,exported_float_payload,False
operand_hybrid_fixed_h32,Operand hybrid + fixed H32,35160,2.41005802154541,2.8558783531188965,0.17176823318004608,35927.62269229113,2299367.8523066323,92.47682245143778,147471728640,0.0003,129.74023866653442,153.74609375,0,0,exported_float_payload,False
operand_hybrid_fixed_h32,Operand hybrid + fixed H32,35170,2.4103639125823975,2.7966175079345703,0.14992350339889526,35931.27717561756,2299601.7392395237,92.48622900217521,147513671680,0.0003,129.74023866653442,153.74609375,0,0,exported_float_payload,False
operand_hybrid_fixed_h32,Operand hybrid + fixed H32,35180,2.4791998863220215,3.545125961303711,0.0971926897764206,35944.71877994637,2300462.001916568,92.52082736309723,147555614720,0.0003,129.74023866653442,153.74609375,0,0,exported_float_payload,False
operand_hybrid_fixed_h32,Operand hybrid + fixed H32,35190,2.4267241954803467,3.078068733215332,0.18822534382343292,35858.10373002602,2294918.6387216654,92.29788234216699,147597557760,0.0003,129.74023866653442,153.74609375,0,0,exported_float_payload,False
operand_hybrid_fixed_h32,Operand hybrid + fixed H32,35200,2.395270824432373,2.8600082397460938,0.11878956854343414,35954.173147050235,2301067.081411215,92.5451626728822,147639500800,0.0003,129.74023866653442,153.74609375,0,0,exported_float_payload,False
operand_hybrid_fixed_h32,Operand hybrid + fixed H32,35210,2.495739698410034,5.141274452209473,0.18305917084217072,35955.57689164603,2301156.921065346,92.54877587715303,147681443840,0.0003,129.74023866653442,153.74609375,0,0,exported_float_payload,False
operand_hybrid_fixed_h32,Operand hybrid + fixed H32,35220,2.4589123725891113,3.320680618286133,0.25773173570632935,35937.789588920496,2300018.5336909117,92.50299179480147,147723386880,0.0003,129.74023866653442,153.74609375,0,0,exported_float_payload,False
operand_hybrid_fixed_h32,Operand hybrid + fixed H32,35230,2.4401497840881348,2.9009573459625244,0.3266938328742981,35967.22124897892,2301902.159934651,92.57874816824666,147765329920,0.0003,129.74023866653442,153.74609375,0,0,exported_float_payload,False
operand_hybrid_fixed_h32,Operand hybrid + fixed H32,35240,2.4577243328094482,3.074700355529785,0.09212319552898407,35929.17239543558,2299467.033307877,92.48081134944445,147807272960,0.0003,129.74023866653442,153.74609375,0,0,exported_float_payload,False
operand_hybrid_fixed_h32,Operand hybrid + fixed H32,35250,2.4513089656829834,2.924070358276367,0.16431331634521484,35979.04144987666,2302658.6527921064,92.60917307637716,147849216000,0.0003,129.74023866653442,153.74609375,0,0,exported_float_payload,False
operand_hybrid_fixed_h32,Operand hybrid + fixed H32,35260,2.4423794746398926,3.0214107036590576,0.21780504286289215,35959.648508029066,2301417.50451386,92.5592561181801,147891159040,0.0003,129.74023866653442,153.74609375,0,0,exported_float_payload,False
operand_hybrid_fixed_h32,Operand hybrid + fixed H32,35270,2.4439589977264404,3.016921281814575,0.16831903159618378,35920.645715810504,2298921.3258118723,92.45886388454977,147933102080,0.0003,129.74023866653442,153.74609375,0,0,exported_float_payload,False
operand_hybrid_fixed_h32,Operand hybrid + fixed H32,35280,2.463935136795044,2.9586453437805176,0.35805544257164,35892.626383994866,2297128.0885756714,92.38674280947295,147975045120,0.0003,129.74023866653442,153.74609375,0,0,exported_float_payload,False
operand_hybrid_fixed_h32,Operand hybrid + fixed H32,35290,2.477656126022339,2.9297420978546143,0.16316315531730652,35943.627246862845,2300392.143799222,92.51801778362602,148016988160,0.0003,129.74023866653442,153.74609375,0,0,exported_float_payload,False
operand_hybrid_fixed_h32,Operand hybrid + fixed H32,35300,2.470378875732422,2.9701266288757324,0.10366711765527725,35968.39121887542,2301977.038008027,92.58175964215681,148058931200,0.0003,129.74023866653442,153.74609375,0,0,exported_float_payload,False
operand_hybrid_fixed_h32,Operand hybrid + fixed H32,35310,2.4843602180480957,2.9343509674072266,0.2512285113334656,35935.802387264426,2299891.3527849233,92.49787678632187,148100874240,0.0003,129.74023866653442,153.74609375,0,0,exported_float_payload,False
operand_hybrid_fixed_h32,Operand hybrid + fixed H32,35320,2.4799721240997314,2.9552454948425293,0.11121884733438492,35964.86093156575,2301751.099620208,92.57267276893019,148142817280,0.0003,129.74023866653442,153.74609375,0,0,exported_float_payload,False
operand_hybrid_fixed_h32,Operand hybrid + fixed H32,35330,2.466726303100586,3.033094882965088,0.11515539884567261,35959.23383255554,2301390.9652835545,92.55818875364922,148184760320,0.0003,129.74023866653442,153.74609375,0,0,exported_float_payload,False
operand_hybrid_fixed_h32,Operand hybrid + fixed H32,35340,2.4508118629455566,3.0535759925842285,0.15010052919387817,35955.6806914799,2301163.5642547137,92.54904305538771,148226703360,0.0003,129.74023866653442,153.74609375,0,0,exported_float_payload,False
operand_hybrid_fixed_h32,Operand hybrid + fixed H32,35350,2.4354732036590576,3.346311092376709,0.1746886819601059,35933.40333700072,2299737.813568046,92.49170168959506,148268646400,0.0003,129.74023866653442,153.74609375,0,0,exported_float_payload,False
operand_hybrid_fixed_h32,Operand hybrid + fixed H32,35360,2.4540836811065674,3.102090835571289,0.14230726659297943,35940.66497324214,2300202.558287497,92.510392963748,148310589440,0.0003,129.74023866653442,153.74609375,0,0,exported_float_payload,False
operand_hybrid_fixed_h32,Operand hybrid + fixed H32,35370,2.4442358016967773,3.0250959396362305,0.29309237003326416,35967.22062117406,2301902.11975514,92.5787465522923,148352532480,0.0003,129.74023866653442,153.74609375,0,0,exported_float_payload,False
operand_hybrid_fixed_h32,Operand hybrid + fixed H32,35380,2.463656425476074,2.93410062789917,0.2120497226715088,35940.204076410075,2300173.060890245,92.50920662657028,148394475520,0.0003,129.74023866653442,153.74609375,0,0,exported_float_payload,False
operand_hybrid_fixed_h32,Operand hybrid + fixed H32,35390,2.4574263095855713,2.9167673587799072,0.1254662424325943,35942.1929834478,2300300.350940659,92.51432602466058,148436418560,0.0003,129.74023866653442,153.74609375,0,0,exported_float_payload,False
operand_hybrid_fixed_h32,Operand hybrid + fixed H32,35400,2.4661388397216797,2.8665027618408203,0.16750052571296692,35934.434346112816,2299803.79815122,92.4943554818435,148478361600,0.0003,129.74023866653442,153.74609375,0,0,exported_float_payload,False
operand_hybrid_fixed_h32,Operand hybrid + fixed H32,35410,2.428475856781006,2.787837028503418,0.16232755780220032,35925.17249800103,2299211.039872066,92.47051571123744,148520304640,0.0003,129.74023866653442,153.74609375,0,0,exported_float_payload,False
operand_hybrid_fixed_h32,Operand hybrid + fixed H32,35420,2.446523666381836,2.8352110385894775,0.10136973112821579,35935.62623210747,2299880.078854878,92.4974233672545,148562247680,0.0003,129.74023866653442,153.74609375,0,0,exported_float_payload,False
operand_hybrid_fixed_h32,Operand hybrid + fixed H32,35430,2.4404380321502686,3.1885976791381836,0.11515206843614578,35951.87126824847,2300919.761167902,92.53923769312279,148604190720,0.0003,129.74023866653442,153.74609375,0,0,exported_float_payload,False
operand_hybrid_fixed_h32,Operand hybrid + fixed H32,35440,2.4501044750213623,2.8627614974975586,0.13344204425811768,35924.130771611824,2299144.3693831568,92.46783433297972,148646133760,0.0003,129.74023866653442,153.74609375,0,0,exported_float_payload,False
operand_hybrid_fixed_h32,Operand hybrid + fixed H32,35450,2.4378998279571533,3.205824851989746,0.10645511746406555,35917.30640537394,2298707.6099439324,92.45026858112553,148688076800,0.0003,129.74023866653442,153.74609375,0,0,exported_float_payload,False
operand_hybrid_fixed_h32,Operand hybrid + fixed H32,35460,2.4610321521759033,3.207249164581299,0.13994723558425903,35960.2504663797,2301456.029848301,92.56080554425795,148730019840,0.0003,129.74023866653442,153.74609375,0,0,exported_float_payload,False
operand_hybrid_fixed_h32,Operand hybrid + fixed H32,35470,2.453380584716797,2.8375892639160156,0.2575159966945648,35958.663085988956,2301354.437503293,92.55671966594045,148771962880,0.0003,129.74023866653442,153.74609375,0,0,exported_float_payload,False
operand_hybrid_fixed_h32,Operand hybrid + fixed H32,35480,2.4844133853912354,3.1378979682922363,0.3958776295185089,35941.440502021076,2300252.192129349,92.51238915586487,148813905920,0.0003,129.74023866653442,153.74609375,0,0,exported_float_payload,False
operand_hybrid_fixed_h32,Operand hybrid + fixed H32,35490,2.4478845596313477,3.3096978664398193,0.11471422016620636,35957.95869336546,2301309.3563753893,92.55490657654855,148855848960,0.0003,129.74023866653442,153.74609375,0,0,exported_float_payload,False
operand_hybrid_fixed_h32,Operand hybrid + fixed H32,35500,2.4562532901763916,3.1679816246032715,0.15602733194828033,35918.958826289345,2298813.364882518,92.45452187216338,148897792000,0.0003,129.74023866653442,153.74609375,0,0,exported_float_payload,False
operand_hybrid_fixed_h32,Operand hybrid + fixed H32,35510,2.454800844192505,2.804564952850342,0.11019706726074219,35965.785519771416,2301810.2732653706,92.57505263636723,148939735040,0.0003,129.74023866653442,153.74609375,0,0,exported_float_payload,False
operand_hybrid_fixed_h32,Operand hybrid + fixed H32,35520,2.481123924255371,3.110828399658203,0.38869181275367737,35942.3743084481,2300311.9557406786,92.51479275077833,148981678080,0.0003,129.74023866653442,153.74609375,0,0,exported_float_payload,False
operand_hybrid_fixed_h32,Operand hybrid + fixed H32,35530,2.4818015098571777,3.0743966102600098,0.1254604309797287,35951.205340277214,2300877.1417777417,92.5375236108054,149023621120,0.0003,129.74023866653442,153.74609375,0,0,exported_float_payload,False
operand_hybrid_fixed_h32,Operand hybrid + fixed H32,35540,2.437593460083008,3.261568069458008,0.2121252715587616,35963.521123022554,2301665.3518734435,92.56922413449564,149065564160,0.0003,129.74023866653442,153.74609375,0,0,exported_float_payload,False
operand_hybrid_fixed_h32,Operand hybrid + fixed H32,35550,2.4691550731658936,2.9962425231933594,0.3491186797618866,35975.17477972492,2302411.185902395,92.59922036193893,149107507200,0.0003,129.74023866653442,153.74609375,0,0,exported_float_payload,False
operand_hybrid_fixed_h32,Operand hybrid + fixed H32,35560,2.421257495880127,2.821812152862549,0.09215414524078369,35927.147803707376,2299337.459437272,92.47560009983329,149149450240,0.0003,129.74023866653442,153.74609375,0,0,exported_float_payload,False
operand_hybrid_fixed_h32,Operand hybrid + fixed H32,35570,2.474541187286377,3.4895355701446533,0.2193608582019806,35908.64934686527,2298153.5581993773,92.42798552417197,149191393280,0.0003,129.74023866653442,153.74609375,0,0,exported_float_payload,False
operand_hybrid_fixed_h32,Operand hybrid + fixed H32,35580,2.4555137157440186,3.2787210941314697,0.27632254362106323,35954.029924109724,2301057.9151430223,92.54479402053484,149233336320,0.0003,129.74023866653442,153.74609375,0,0,exported_float_payload,False
operand_hybrid_fixed_h32,Operand hybrid + fixed H32,35590,2.4642739295959473,3.1338486671447754,0.11839570850133896,35951.72382892522,2300910.325051214,92.53885818790934,149275279360,0.0003,129.74023866653442,153.74609375,0,0,exported_float_payload,False
operand_hybrid_fixed_h32,Operand hybrid + fixed H32,35600,2.465008020401001,2.9977340698242188,0.0961281955242157,35957.23808566157,2301263.2374823405,92.55305174993617,149317222400,0.0003,129.74023866653442,153.74609375,0,0,exported_float_payload,False
operand_hybrid_fixed_h32,Operand hybrid + fixed H32,35610,2.453718662261963,3.0609335899353027,0.1491391658782959,35921.90602424709,2299001.9855518136,92.46210788765352,149359165440,0.0003,129.74023866653442,153.74609375,0,0,exported_float_payload,False
operand_hybrid_fixed_h32,Operand hybrid + fixed H32,35620,2.4592652320861816,3.0155258178710938,0.28383779525756836,33734.02655464566,2158977.699497322,86.83055962217671,149401108480,0.0003,129.74023866653442,153.74609375,0,0,exported_float_payload,False
operand_hybrid_fixed_h32,Operand hybrid + fixed H32,35630,2.4581003189086914,3.123511791229248,0.21873028576374054,35863.49448558291,2295263.647077306,92.31175801517723,149443051520,0.0003,129.74023866653442,153.74609375,0,0,exported_float_payload,False
operand_hybrid_fixed_h32,Operand hybrid + fixed H32,35640,2.45223331451416,2.861046314239502,0.08170801401138306,35933.50832128207,2299744.5325620524,92.4919719165686,149484994560,0.0003,129.74023866653442,153.74609375,0,0,exported_float_payload,False
operand_hybrid_fixed_h32,Operand hybrid + fixed H32,35650,2.4440252780914307,2.9343533515930176,0.19415345788002014,35977.97275198913,2302590.2561273044,92.60642227414218,149526937600,0.0003,129.74023866653442,153.74609375,0,0,exported_float_payload,False
operand_hybrid_fixed_h32,Operand hybrid + fixed H32,35660,2.470266103744507,3.014961004257202,0.121498242020607,35973.71073518636,2302317.487051927,92.59545194708963,149568880640,0.0003,129.74023866653442,153.74609375,0,0,exported_float_payload,False
operand_hybrid_fixed_h32,Operand hybrid + fixed H32,35670,2.4431650638580322,3.0132927894592285,0.24507859349250793,35957.92015014539,2301306.889609305,92.5548073672424,149610823680,0.0003,129.74023866653442,153.74609375,0,0,exported_float_payload,False
operand_hybrid_fixed_h32,Operand hybrid + fixed H32,35680,2.457536458969116,2.8935351371765137,0.14124834537506104,35952.17228004487,2300939.0259228717,92.5400124901276,149652766720,0.0003,129.74023866653442,153.74609375,0,0,exported_float_payload,False
operand_hybrid_fixed_h32,Operand hybrid + fixed H32,35690,2.4656822681427,3.0090091228485107,0.3081440031528473,35966.461859189185,2301853.558988108,92.57679351749343,149694709760,0.0003,129.74023866653442,153.74609375,0,0,exported_float_payload,False
operand_hybrid_fixed_h32,Operand hybrid + fixed H32,35700,2.453839063644409,3.166241407394409,0.10688141733407974,35932.70679368035,2299693.2347955424,92.48990880411753,149736652800,0.0003,129.74023866653442,153.74609375,0,0,exported_float_payload,False
operand_hybrid_fixed_h32,Operand hybrid + fixed H32,35710,2.485391616821289,3.146277666091919,0.11313638091087341,35948.474994796714,2300702.3996669897,92.53049576829007,149778595840,0.0003,129.74023866653442,153.74609375,0,0,exported_float_payload,False
operand_hybrid_fixed_h32,Operand hybrid + fixed H32,35720,2.4629859924316406,2.9489998817443848,0.138400137424469,35982.86698466992,2302903.487018875,92.61901990940832,149820538880,0.0003,129.74023866653442,153.74609375,0,0,exported_float_payload,False
operand_hybrid_fixed_h32,Operand hybrid + fixed H32,35730,2.443559169769287,2.974461793899536,0.24287906289100647,35965.1687810664,2301770.8019882496,92.57346516601856,149862481920,0.0003,129.74023866653442,153.74609375,0,0,exported_float_payload,False
operand_hybrid_fixed_h32,Operand hybrid + fixed H32,35740,2.4429264068603516,2.877551317214966,0.10054455697536469,35963.11676794309,2301639.4731483576,92.56818333440677,149904424960,0.0003,129.74023866653442,153.74609375,0,0,exported_float_payload,False
operand_hybrid_fixed_h32,Operand hybrid + fixed H32,35750,2.4602584838867188,3.0136208534240723,0.08184540271759033,35945.97428954535,2300542.3545309026,92.5240590141103,149946368000,0.0003,129.74023866653442,153.74609375,0,0,exported_float_payload,False
operand_hybrid_fixed_h32,Operand hybrid + fixed H32,35760,2.467780828475952,2.927549362182617,0.15395084023475647,35936.81776771787,2299956.3371339436,92.50049035078501,149988311040,0.0003,129.74023866653442,153.74609375,0,0,exported_float_payload,False
operand_hybrid_fixed_h32,Operand hybrid + fixed H32,35770,2.4521572589874268,3.4127798080444336,0.09575463086366653,35942.93955864539,2300348.131753305,92.51624769096689,150030254080,0.0003,129.74023866653442,153.74609375,0,0,exported_float_payload,False
operand_hybrid_fixed_h32,Operand hybrid + fixed H32,35780,2.4386496543884277,2.9800875186920166,0.13408461213111877,35941.737105430526,2300271.1747475537,92.51315260578943,150072197120,0.0003,129.74023866653442,153.74609375,0,0,exported_float_payload,False
operand_hybrid_fixed_h32,Operand hybrid + fixed H32,35790,2.463582992553711,2.999810218811035,0.20934438705444336,35966.534793303406,2301858.226771418,92.57698124812033,150114140160,0.0003,129.74023866653442,153.74609375,0,0,exported_float_payload,False
operand_hybrid_fixed_h32,Operand hybrid + fixed H32,35800,2.4463539123535156,3.243751287460327,0.09538055211305618,35946.285118268504,2300562.2475691843,92.52485907964456,150156083200,0.0003,129.74023866653442,153.74609375,0,0,exported_float_payload,False
operand_hybrid_fixed_h32,Operand hybrid + fixed H32,35810,2.4300479888916016,2.9137682914733887,0.2516811788082123,35945.16326519448,2300490.448972447,92.5219714572591,150198026240,0.0003,129.74023866653442,153.74609375,0,0,exported_float_payload,False
operand_hybrid_fixed_h32,Operand hybrid + fixed H32,35820,2.493551015853882,4.055817604064941,0.3492470681667328,35979.06831746569,2302660.372317804,92.60924223289445,150239969280,0.0003,129.74023866653442,153.74609375,0,0,exported_float_payload,False
operand_hybrid_fixed_h32,Operand hybrid + fixed H32,35830,2.4500155448913574,2.903721809387207,0.13167138397693634,35974.99712841644,2302399.8162186523,92.59876309181413,150281912320,0.0003,129.74023866653442,153.74609375,0,0,exported_float_payload,False
operand_hybrid_fixed_h32,Operand hybrid + fixed H32,35840,2.4518213272094727,3.03959584236145,0.1761178821325302,35924.63064189045,2299176.361080989,92.46912098685608,150323855360,0.0003,129.74023866653442,153.74609375,0,0,exported_float_payload,False
operand_hybrid_fixed_h32,Operand hybrid + fixed H32,35850,2.49267315864563,3.0470423698425293,0.19829948246479034,35947.46719798551,2300637.900671073,92.52790172393665,150365798400,0.0003,129.74023866653442,153.74609375,0,0,exported_float_payload,False
operand_hybrid_fixed_h32,Operand hybrid + fixed H32,35860,2.4618871212005615,2.9223415851593018,0.09450685977935791,35955.39766648577,2301145.450655089,92.54831455597223,150407741440,0.0003,129.74023866653442,153.74609375,0,0,exported_float_payload,False
operand_hybrid_fixed_h32,Operand hybrid + fixed H32,35870,2.46032452583313,3.332409381866455,0.21228404343128204,35949.536332543,2300770.325282752,92.53322762570143,150449684480,0.0003,129.74023866653442,153.74609375,0,0,exported_float_payload,False
operand_hybrid_fixed_h32,Operand hybrid + fixed H32,35880,2.4433107376098633,2.882662296295166,0.16854561865329742,35970.291053953435,2302098.62745302,92.58664977120046,150491627520,0.0003,129.74023866653442,153.74609375,0,0,exported_float_payload,False
operand_hybrid_fixed_h32,Operand hybrid + fixed H32,35890,2.4544661045074463,2.9260315895080566,0.11311974376440048,35936.400942410815,2299929.660314292,92.4994174526352,150533570560,0.0003,129.74023866653442,153.74609375,0,0,exported_float_payload,False
operand_hybrid_fixed_h32,Operand hybrid + fixed H32,35900,2.4881913661956787,4.5205979347229,0.2524734437465668,35926.3718915043,2299287.801056275,92.47360292079206,150575513600,0.0003,129.74023866653442,153.74609375,0,0,exported_float_payload,False
operand_hybrid_fixed_h32,Operand hybrid + fixed H32,35910,2.445683479309082,3.0262086391448975,0.17716601490974426,35960.1384869618,2301448.863165555,92.56051731197394,150617456640,0.0003,129.74023866653442,153.74609375,0,0,exported_float_payload,False
operand_hybrid_fixed_h32,Operand hybrid + fixed H32,35920,2.4294850826263428,2.8916497230529785,0.19949156045913696,35926.829608893044,2299317.094969155,92.47478107416042,150659399680,0.0003,129.74023866653442,153.74609375,0,0,exported_float_payload,False
operand_hybrid_fixed_h32,Operand hybrid + fixed H32,35930,2.445246696472168,3.096421718597412,0.16965273022651672,35936.7098336513,2299949.4293536833,92.50021253113644,150701342720,0.0003,129.74023866653442,153.74609375,0,0,exported_float_payload,False
operand_hybrid_fixed_h32,Operand hybrid + fixed H32,35940,2.4683187007904053,2.8286542892456055,0.19014336168766022,35944.84570962545,2300470.125416029,92.521154076988,150743285760,0.0003,129.74023866653442,153.74609375,0,0,exported_float_payload,False
operand_hybrid_fixed_h32,Operand hybrid + fixed H32,35950,2.4649157524108887,3.3973851203918457,0.12830708920955658,35962.22145624421,2301582.1731996294,92.56587882398243,150785228800,0.0003,129.74023866653442,153.74609375,0,0,exported_float_payload,False
operand_hybrid_fixed_h32,Operand hybrid + fixed H32,35960,2.448699474334717,4.19659948348999,0.136592835187912,35928.40946273095,2299418.205614781,92.47884757931493,150827171840,0.0003,129.74023866653442,153.74609375,0,0,exported_float_payload,False
operand_hybrid_fixed_h32,Operand hybrid + fixed H32,35970,2.459365129470825,3.0970993041992188,0.13739117980003357,35958.05118787606,2301315.276024068,92.55514465515753,150869114880,0.0003,129.74023866653442,153.74609375,0,0,exported_float_payload,False
operand_hybrid_fixed_h32,Operand hybrid + fixed H32,35980,2.440056085586548,2.8498950004577637,0.23786477744579315,35970.36242645727,2302103.1952932654,92.58683348228043,150911057920,0.0003,129.74023866653442,153.74609375,0,0,exported_float_payload,False
operand_hybrid_fixed_h32,Operand hybrid + fixed H32,35990,2.4174153804779053,3.1186556816101074,0.11455444246530533,35944.678757231544,2300459.440462819,92.52072434560773,150953000960,0.0003,129.74023866653442,153.74609375,0,0,exported_float_payload,False
operand_hybrid_fixed_h32,Operand hybrid + fixed H32,36000,2.447293996810913,2.895961284637451,0.1990068107843399,35951.54705936741,2300899.0117995143,92.5384031873892,150994944000,0.0003,129.74023866653442,153.74609375,0,0,exported_float_payload,False
operand_hybrid_fixed_h32,Operand hybrid + fixed H32,36010,2.474548101425171,3.0913350582122803,0.28841733932495117,28628.778053780967,1832241.7954419819,73.68977479406635,151036887040,0.0003,129.74023866653442,153.74609375,0,0,exported_float_payload,False
operand_hybrid_fixed_h32,Operand hybrid + fixed H32,36020,2.445204496383667,2.893528461456299,0.13105906546115875,35867.809362980974,2295539.7992307823,92.32286440410972,151078830080,0.0003,129.74023866653442,153.74609375,0,0,exported_float_payload,False
operand_hybrid_fixed_h32,Operand hybrid + fixed H32,36030,2.4452199935913086,3.017085552215576,0.2975917458534241,35949.50087260069,2300768.0558464443,92.53313635267685,151120773120,0.0003,129.74023866653442,153.74609375,0,0,exported_float_payload,False
operand_hybrid_fixed_h32,Operand hybrid + fixed H32,36040,2.4572913646698,5.239238739013672,0.22536064684391022,35932.78130517281,2299698.0035310597,92.49010059487746,151162716160,0.0003,129.74023866653442,153.74609375,0,0,exported_float_payload,False
operand_hybrid_fixed_h32,Operand hybrid + fixed H32,36050,2.467254161834717,3.45947265625,0.13955628871917725,35946.183836888435,2300555.76556086,92.52459838384839,151204659200,0.0003,129.74023866653442,153.74609375,0,0,exported_float_payload,False
operand_hybrid_fixed_h32,Operand hybrid + fixed H32,36060,2.5177547931671143,5.22019100189209,0.15277570486068726,35940.395983498776,2300185.3429439217,92.50970059072485,151246602240,0.0003,129.74023866653442,153.74609375,0,0,exported_float_payload,False
operand_hybrid_fixed_h32,Operand hybrid + fixed H32,36070,2.448593854904175,2.9028377532958984,0.25628456473350525,35934.961306765144,2299837.5236329692,92.49571186567945,151288545280,0.0003,129.74023866653442,153.74609375,0,0,exported_float_payload,False
operand_hybrid_fixed_h32,Operand hybrid + fixed H32,36080,2.439617872238159,2.868544816970825,0.10371335595846176,35941.36024869818,2300247.0559166837,92.51218258577377,151330488320,0.0003,129.74023866653442,153.74609375,0,0,exported_float_payload,False
operand_hybrid_fixed_h32,Operand hybrid + fixed H32,36090,2.4510247707366943,3.000417470932007,0.12610390782356262,35959.919141745195,2301434.8250716925,92.55995272274896,151372431360,0.0003,129.74023866653442,153.74609375,0,0,exported_float_payload,False
operand_hybrid_fixed_h32,Operand hybrid + fixed H32,36100,2.4695932865142822,3.100607395172119,0.1516316533088684,35941.41116187243,2300250.3143598353,92.51231363503955,151414374400,0.0003,129.74023866653442,153.74609375,0,0,exported_float_payload,False
operand_hybrid_fixed_h32,Operand hybrid + fixed H32,36110,2.440983772277832,2.8447084426879883,0.12421545386314392,35955.5321599387,2301154.058236077,92.54866073883197,151456317440,0.0003,129.74023866653442,153.74609375,0,0,exported_float_payload,False
operand_hybrid_fixed_h32,Operand hybrid + fixed H32,36120,2.4661753177642822,2.9294095039367676,0.1575203686952591,35960.66972924019,2301482.862671372,92.5618847166107,151498260480,0.0003,129.74023866653442,153.74609375,0,0,exported_float_payload,False
operand_hybrid_fixed_h32,Operand hybrid + fixed H32,36130,2.4183783531188965,2.9252991676330566,0.10300269722938538,35956.72107820207,2301230.1490049325,92.5517209853752,151540203520,0.0003,129.74023866653442,153.74609375,0,0,exported_float_payload,False
operand_hybrid_fixed_h32,Operand hybrid + fixed H32,36140,2.5227646827697754,5.202347755432129,0.2455526888370514,35940.043943237215,2300162.8123671818,92.50879444769826,151582146560,0.0003,129.74023866653442,153.74609375,0,0,exported_float_payload,False
operand_hybrid_fixed_h32,Operand hybrid + fixed H32,36150,2.439850091934204,3.260694980621338,0.12655234336853027,35929.73160299953,2299502.8225919697,92.48225073604256,151624089600,0.0003,129.74023866653442,153.74609375,0,0,exported_float_payload,False
operand_hybrid_fixed_h32,Operand hybrid + fixed H32,36160,2.425262451171875,2.922325611114502,0.2976038455963135,35947.93304107854,2300667.7146290266,92.52910079266917,151666032640,0.0003,129.74023866653442,153.74609375,0,0,exported_float_payload,False
operand_hybrid_fixed_h32,Operand hybrid + fixed H32,36170,2.4446663856506348,2.947746992111206,0.20984868705272675,35951.19829547163,2300876.6909101843,92.53750547764804,151707975680,0.0003,129.74023866653442,153.74609375,0,0,exported_float_payload,False
operand_hybrid_fixed_h32,Operand hybrid + fixed H32,36180,2.4435501098632812,2.997175693511963,0.1465485841035843,35962.92987968873,2301627.5123000788,92.5677022886091,151749918720,0.0003,129.74023866653442,153.74609375,0,0,exported_float_payload,False
operand_hybrid_fixed_h32,Operand hybrid + fixed H32,36190,2.4627389907836914,3.055619716644287,0.11999012529850006,35961.31739492663,2301524.313275304,92.56355179225346,151791861760,0.0003,129.74023866653442,153.74609375,0,0,exported_float_payload,False
operand_hybrid_fixed_h32,Operand hybrid + fixed H32,36200,2.4668197631835938,2.972231388092041,0.13527646660804749,35955.32614254181,2301140.873122676,92.54813045508908,151833804800,0.0003,129.74023866653442,153.74609375,0,0,exported_float_payload,False
operand_hybrid_fixed_h32,Operand hybrid + fixed H32,36210,2.45945143699646,4.720706462860107,0.30957284569740295,35949.28891377069,2300754.490481324,92.53259077583039,151875747840,0.0003,129.74023866653442,153.74609375,0,0,exported_float_payload,False
operand_hybrid_fixed_h32,Operand hybrid + fixed H32,36220,2.4445712566375732,3.0120937824249268,0.11190491914749146,35939.03099650693,2300097.9837764436,92.50618714757904,151917690880,0.0003,129.74023866653442,153.74609375,0,0,exported_float_payload,False
operand_hybrid_fixed_h32,Operand hybrid + fixed H32,36230,2.4693233966827393,3.17982816696167,0.3170102834701538,35956.92392107493,2301243.1309487955,92.55224309797084,151959633920,0.0003,129.74023866653442,153.74609375,0,0,exported_float_payload,False
operand_hybrid_fixed_h32,Operand hybrid + fixed H32,36240,2.467146158218384,2.9383225440979004,0.14409177005290985,35914.44618037904,2298524.5555442586,92.44290643191543,152001576960,0.0003,129.74023866653442,153.74609375,0,0,exported_float_payload,False
operand_hybrid_fixed_h32,Operand hybrid + fixed H32,36250,2.447131872177124,2.887634515762329,0.17040851712226868,35917.1451003179,2298697.286420346,92.44985338585487,152043520000,0.0003,129.74023866653442,153.74609375,0,0,exported_float_payload,False
operand_hybrid_fixed_h32,Operand hybrid + fixed H32,36260,2.4310457706451416,2.9245188236236572,0.11105477809906006,34646.12377779734,2217351.9217790295,89.17827557561623,152085463040,0.0003,129.74023866653442,153.74609375,0,0,exported_float_payload,False
operand_hybrid_fixed_h32,Operand hybrid + fixed H32,36270,2.446847677230835,2.8296661376953125,0.14744777977466583,35905.98993112861,2297983.3555922313,92.42114025308322,152127406080,0.0003,129.74023866653442,153.74609375,0,0,exported_float_payload,False
operand_hybrid_fixed_h32,Operand hybrid + fixed H32,36280,2.4467427730560303,2.952737331390381,0.0910540223121643,35913.42389686184,2298459.1293991576,92.44027509913494,152169349120,0.0003,129.74023866653442,153.74609375,0,0,exported_float_payload,False
operand_hybrid_fixed_h32,Operand hybrid + fixed H32,36290,2.454679250717163,2.9761927127838135,0.18104657530784607,35943.96558550119,2300413.797472076,92.51888865900942,152211292160,0.0003,129.74023866653442,153.74609375,0,0,exported_float_payload,False
operand_hybrid_fixed_h32,Operand hybrid + fixed H32,36300,2.492684841156006,3.264298677444458,0.20631499588489532,35961.07016910889,2301508.490822969,92.56291543904278,152253235200,0.0003,129.74023866653442,153.74609375,0,0,exported_float_payload,False
operand_hybrid_fixed_h32,Operand hybrid + fixed H32,36310,2.4707605838775635,3.130077600479126,0.13213174045085907,35952.818594482465,2300980.390046878,92.54167608768887,152295178240,0.0003,129.74023866653442,153.74609375,0,0,exported_float_payload,False
operand_hybrid_fixed_h32,Operand hybrid + fixed H32,36320,2.460449457168579,3.097656011581421,0.13132815062999725,35946.832546779035,2300597.282993858,92.52626814724714,152337121280,0.0003,129.74023866653442,153.74609375,0,0,exported_float_payload,False
operand_hybrid_fixed_h32,Operand hybrid + fixed H32,36330,2.4550747871398926,3.288604259490967,0.2062983512878418,35936.561453298484,2299939.933011103,92.49983060373589,152379064320,0.0003,129.74023866653442,153.74609375,0,0,exported_float_payload,False
operand_hybrid_fixed_h32,Operand hybrid + fixed H32,36340,2.4811179637908936,3.0675649642944336,0.26116445660591125,35957.455707326335,2301277.1652688854,92.55361190278086,152421007360,0.0003,129.74023866653442,153.74609375,0,0,exported_float_payload,False
operand_hybrid_fixed_h32,Operand hybrid + fixed H32,36350,2.444121837615967,2.8696556091308594,0.10875874757766724,35956.61170674946,2301223.1492319657,92.55143946593012,152462950400,0.0003,129.74023866653442,153.74609375,0,0,exported_float_payload,False
operand_hybrid_fixed_h32,Operand hybrid + fixed H32,36360,2.453301429748535,3.0496482849121094,0.3290655016899109,35962.400918984116,2301593.6588149834,92.56634075668744,152504893440,0.0003,129.74023866653442,153.74609375,0,0,exported_float_payload,False
operand_hybrid_fixed_h32,Operand hybrid + fixed H32,36370,2.470402956008911,2.8794727325439453,0.19124165177345276,35941.336447533984,2300245.532642175,92.512121322159,152546836480,0.0003,129.74023866653442,153.74609375,0,0,exported_float_payload,False
operand_hybrid_fixed_h32,Operand hybrid + fixed H32,36380,2.49884295463562,3.137186050415039,0.10562841594219208,35946.98213256761,2300606.856484327,92.52665317740986,152588779520,0.0003,129.74023866653442,153.74609375,0,0,exported_float_payload,False
operand_hybrid_fixed_h32,Operand hybrid + fixed H32,36390,2.4402518272399902,3.0349111557006836,0.16336147487163544,35891.219583938866,2297038.0533720874,92.38312174052226,152630722560,0.0003,129.74023866653442,153.74609375,0,0,exported_float_payload,False
operand_hybrid_fixed_h32,Operand hybrid + fixed H32,36400,2.4805736541748047,2.9537506103515625,0.10725371539592743,35926.357985056384,2299286.9110436086,92.47356712593512,152672665600,0.0003,129.74023866653442,153.74609375,0,0,exported_float_payload,False
operand_hybrid_fixed_h32,Operand hybrid + fixed H32,36410,2.4601733684539795,2.98685884475708,0.22846335172653198,35931.74106442166,2299631.428122986,92.48742304061581,152714608640,0.0003,129.74023866653442,153.74609375,0,0,exported_float_payload,False
operand_hybrid_fixed_h32,Operand hybrid + fixed H32,36420,2.479501485824585,3.0880517959594727,0.1698182225227356,35911.99382147019,2298367.604574092,92.43659412003933,152756551680,0.0003,129.74023866653442,153.74609375,0,0,exported_float_payload,False
operand_hybrid_fixed_h32,Operand hybrid + fixed H32,36430,2.455064535140991,2.940459728240967,0.17597824335098267,35941.85622207224,2300278.798212623,92.51345920911302,152798494720,0.0003,129.74023866653442,153.74609375,0,0,exported_float_payload,False
operand_hybrid_fixed_h32,Operand hybrid + fixed H32,36440,2.470472574234009,2.8763256072998047,0.2832931578159332,35951.726445892746,2300910.4925371357,92.53886492391977,152840437760,0.0003,129.74023866653442,153.74609375,0,0,exported_float_payload,False
operand_hybrid_fixed_h32,Operand hybrid + fixed H32,36450,2.4569039344787598,3.0891993045806885,0.15198960900306702,35942.81422174401,2300340.1101916167,92.51592507684698,152882380800,0.0003,129.74023866653442,153.74609375,0,0,exported_float_payload,False
operand_hybrid_fixed_h32,Operand hybrid + fixed H32,36460,2.44071888923645,3.0096726417541504,0.09236446022987366,35910.391682351576,2298265.067670501,92.4324702531171,152924323840,0.0003,129.74023866653442,153.74609375,0,0,exported_float_payload,False
operand_hybrid_fixed_h32,Operand hybrid + fixed H32,36470,2.43165922164917,3.0328407287597656,0.15875619649887085,35941.85095475433,2300278.461104277,92.5134456511655,152966266880,0.0003,129.74023866653442,153.74609375,0,0,exported_float_payload,False
operand_hybrid_fixed_h32,Operand hybrid + fixed H32,36480,2.4437997341156006,3.013944149017334,0.24376073479652405,35912.48449024158,2298399.007375461,92.437857089461,153008209920,0.0003,129.74023866653442,153.74609375,0,0,exported_float_payload,False
operand_hybrid_fixed_h32,Operand hybrid + fixed H32,36490,2.4542770385742188,2.9211301803588867,0.3156432807445526,35961.054554709364,2301507.4915013993,92.56287524796015,153050152960,0.0003,129.74023866653442,153.74609375,0,0,exported_float_payload,False
operand_hybrid_fixed_h32,Operand hybrid + fixed H32,36500,2.4558913707733154,2.9131217002868652,0.13320031762123108,35948.72910507391,2300718.66272473,92.53114984193108,153092096000,0.0003,129.74023866653442,153.74609375,0,0,exported_float_payload,False
operand_hybrid_fixed_h32,Operand hybrid + fixed H32,36510,2.433689594268799,2.969653844833374,0.13347449898719788,35916.71941483979,2298670.0425497466,92.44875768184137,153134039040,0.0003,129.74023866653442,153.74609375,0,0,exported_float_payload,False
operand_hybrid_fixed_h32,Operand hybrid + fixed H32,36520,2.4625303745269775,2.9574942588806152,0.12163780629634857,35956.93652327056,2301243.937489316,92.5522755357143,153175982080,0.0003,129.74023866653442,153.74609375,0,0,exported_float_payload,False
operand_hybrid_fixed_h32,Operand hybrid + fixed H32,36530,2.4352550506591797,2.9303417205810547,0.09267459809780121,35961.420036565745,2301530.8823402077,92.56381598932317,153217925120,0.0003,129.74023866653442,153.74609375,0,0,exported_float_payload,False
operand_hybrid_fixed_h32,Operand hybrid + fixed H32,36540,2.461879253387451,3.010507583618164,0.13822786509990692,35925.17646190366,2299211.2935618344,92.47052591422589,153259868160,0.0003,129.74023866653442,153.74609375,0,0,exported_float_payload,False
operand_hybrid_fixed_h32,Operand hybrid + fixed H32,36550,2.450775384902954,2.8969011306762695,0.24390581250190735,35977.82376949445,2302580.7212476446,92.6060387968432,153301811200,0.0003,129.74023866653442,153.74609375,0,0,exported_float_payload,False
operand_hybrid_fixed_h32,Operand hybrid + fixed H32,36560,2.4270424842834473,3.0298008918762207,0.21012510359287262,35957.651066043705,2301289.668226797,92.55411475134323,153343754240,0.0003,129.74023866653442,153.74609375,0,0,exported_float_payload,False
operand_hybrid_fixed_h32,Operand hybrid + fixed H32,36570,2.4481306076049805,2.8454878330230713,0.2502192258834839,35926.51752352572,2299297.121505646,92.47397777405479,153385697280,0.0003,129.74023866653442,153.74609375,0,0,exported_float_payload,False
operand_hybrid_fixed_h32,Operand hybrid + fixed H32,36580,2.4466817378997803,2.936333656311035,0.25719863176345825,35937.32488413059,2299988.792584358,92.50179565603337,153427640320,0.0003,129.74023866653442,153.74609375,0,0,exported_float_payload,False
operand_hybrid_fixed_h32,Operand hybrid + fixed H32,36590,2.4406380653381348,2.890634536743164,0.18543168902397156,35956.08869024669,2301189.676175788,92.55009323423867,153469583360,0.0003,129.74023866653442,153.74609375,0,0,exported_float_payload,False
operand_hybrid_fixed_h32,Operand hybrid + fixed H32,36600,2.472794771194458,3.129620313644409,0.12612871825695038,35926.13599875754,2299272.7039204827,92.47299573862902,153511526400,0.0003,129.74023866653442,153.74609375,0,0,exported_float_payload,False
operand_hybrid_fixed_h32,Operand hybrid + fixed H32,36610,2.461107015609741,3.033690929412842,0.15922439098358154,35945.147285906074,2300489.4262979887,92.5219303269614,153553469440,0.0003,129.74023866653442,153.74609375,0,0,exported_float_payload,False
operand_hybrid_fixed_h32,Operand hybrid + fixed H32,36620,2.4679062366485596,3.050936698913574,0.39001813530921936,35962.49520899572,2301599.693375726,92.56658345687212,153595412480,0.0003,129.74023866653442,153.74609375,0,0,exported_float_payload,False
operand_hybrid_fixed_h32,Operand hybrid + fixed H32,36630,2.4843904972076416,2.9261460304260254,0.09067786484956741,35960.261060044366,2301456.7078428394,92.5608328120918,153637355520,0.0003,129.74023866653442,153.74609375,0,0,exported_float_payload,False
operand_hybrid_fixed_h32,Operand hybrid + fixed H32,36640,2.4599387645721436,3.18876051902771,0.16108065843582153,35950.858241553295,2300854.927459411,92.53663018717589,153679298560,0.0003,129.74023866653442,153.74609375,0,0,exported_float_payload,False
operand_hybrid_fixed_h32,Operand hybrid + fixed H32,36650,2.47137451171875,2.9703218936920166,0.13348890841007233,35950.59968534685,2300838.3798621986,92.5359646698217,153721241600,0.0003,129.74023866653442,153.74609375,0,0,exported_float_payload,False
operand_hybrid_fixed_h32,Operand hybrid + fixed H32,36660,2.460482120513916,2.888216733932495,0.2234974205493927,35932.17080820346,2299658.9317250215,92.48852919060378,153763184640,0.0003,129.74023866653442,153.74609375,0,0,exported_float_payload,False
operand_hybrid_fixed_h32,Operand hybrid + fixed H32,36670,2.510227918624878,4.874366760253906,0.274294912815094,35934.33208416834,2299797.2533867736,92.4940922620985,153805127680,0.0003,129.74023866653442,153.74609375,0,0,exported_float_payload,False
operand_hybrid_fixed_h32,Operand hybrid + fixed H32,36680,2.4676427841186523,3.269805431365967,0.14304932951927185,35919.749636567634,2298863.9767403286,92.45655739848597,153847070720,0.0003,129.74023866653442,153.74609375,0,0,exported_float_payload,False
operand_hybrid_fixed_h32,Operand hybrid + fixed H32,36690,2.4509546756744385,3.122117519378662,0.18348637223243713,35927.86690822019,2299383.482126092,92.4774510572686,153889013760,0.0003,129.74023866653442,153.74609375,0,0,exported_float_payload,False
operand_hybrid_fixed_h32,Operand hybrid + fixed H32,36700,2.4703023433685303,3.097935676574707,0.15817983448505402,35941.49799748811,2300255.8718392393,92.51253714779136,153930956800,0.0003,129.74023866653442,153.74609375,0,0,exported_float_payload,False
operand_hybrid_fixed_h32,Operand hybrid + fixed H32,36710,2.4863243103027344,2.9556734561920166,0.1036490947008133,35964.075601726174,2301700.838510475,92.57065134912285,153972899840,0.0003,129.74023866653442,153.74609375,0,0,exported_float_payload,False
operand_hybrid_fixed_h32,Operand hybrid + fixed H32,36720,2.4277031421661377,2.8503270149230957,0.21271471679210663,35966.76593397552,2301873.019774433,92.57757619855943,154014842880,0.0003,129.74023866653442,153.74609375,0,0,exported_float_payload,False
operand_hybrid_fixed_h32,Operand hybrid + fixed H32,36730,2.457676887512207,3.120326519012451,0.22057050466537476,35910.66864119306,2298282.7930363556,92.43318313840398,154056785920,0.0003,129.74023866653442,153.74609375,0,0,exported_float_payload,False
operand_hybrid_fixed_h32,Operand hybrid + fixed H32,36740,2.44063138961792,2.927567958831787,0.21083001792430878,35940.71608223961,2300205.829263335,92.51052451705797,154098728960,0.0003,129.74023866653442,153.74609375,0,0,exported_float_payload,False
operand_hybrid_fixed_h32,Operand hybrid + fixed H32,36750,2.470811367034912,2.905494213104248,0.15649043023586273,35943.494471403195,2300383.6461698045,92.51767602283898,154140672000,0.0003,129.74023866653442,153.74609375,0,0,exported_float_payload,False
operand_hybrid_fixed_h32,Operand hybrid + fixed H32,36760,2.432798385620117,3.010979652404785,0.22170200943946838,35955.96966297187,2301182.0584301995,92.54978686094326,154182615040,0.0003,129.74023866653442,153.74609375,0,0,exported_float_payload,False
operand_hybrid_fixed_h32,Operand hybrid + fixed H32,36770,2.440032720565796,3.4560434818267822,0.15975762903690338,35929.75290069272,2299504.185644334,92.48230555578415,154224558080,0.0003,129.74023866653442,153.74609375,0,0,exported_float_payload,False
operand_hybrid_fixed_h32,Operand hybrid + fixed H32,36780,2.4925010204315186,3.1256754398345947,0.19987666606903076,35934.52901985466,2299809.857270698,92.49459916974041,154266501120,0.0003,129.74023866653442,153.74609375,0,0,exported_float_payload,False
operand_hybrid_fixed_h32,Operand hybrid + fixed H32,36790,2.4376978874206543,2.8626694679260254,0.30669093132019043,35925.417990170914,2299226.7513709385,92.4711476020809,154308444160,0.0003,129.74023866653442,153.74609375,0,0,exported_float_payload,False
operand_hybrid_fixed_h32,Operand hybrid + fixed H32,36800,2.452211618423462,3.4131503105163574,0.16631539165973663,35926.58402268601,2299301.3774519046,92.4741489412676,154350387200,0.0003,129.74023866653442,153.74609375,0,0,exported_float_payload,False
operand_hybrid_fixed_h32,Operand hybrid + fixed H32,36810,2.430750608444214,2.987456798553467,0.20831114053726196,35919.86234323567,2298871.189967083,92.45684750269405,154392330240,0.0003,129.74023866653442,153.74609375,0,0,exported_float_payload,False
operand_hybrid_fixed_h32,Operand hybrid + fixed H32,36820,2.449716567993164,2.9922666549682617,0.17865905165672302,35933.654456598975,2299753.8852223344,92.4923480653016,154434273280,0.0003,129.74023866653442,153.74609375,0,0,exported_float_payload,False
operand_hybrid_fixed_h32,Operand hybrid + fixed H32,36830,2.4784414768218994,3.103793144226074,0.24812981486320496,35945.68937459411,2300524.119974023,92.5233256499914,154476216320,0.0003,129.74023866653442,153.74609375,0,0,exported_float_payload,False
operand_hybrid_fixed_h32,Operand hybrid + fixed H32,36840,2.462177276611328,2.885946750640869,0.23065978288650513,35964.36769597546,2301719.5325424294,92.5714031925794,154518159360,0.0003,129.74023866653442,153.74609375,0,0,exported_float_payload,False
operand_hybrid_fixed_h32,Operand hybrid + fixed H32,36850,2.4575259685516357,2.902463674545288,0.23884817957878113,35958.882267962086,2301368.4651495735,92.55728383498072,154560102400,0.0003,129.74023866653442,153.74609375,0,0,exported_float_payload,False
operand_hybrid_fixed_h32,Operand hybrid + fixed H32,36860,2.451106309890747,3.2335288524627686,0.13325285911560059,35980.90433700022,2302777.877568014,92.61396810228933,154602045440,0.0003,129.74023866653442,153.74609375,0,0,exported_float_payload,False
operand_hybrid_fixed_h32,Operand hybrid + fixed H32,36870,2.4571564197540283,2.9284231662750244,0.24012206494808197,35968.18287550303,2301963.704032194,92.58122337140986,154643988480,0.0003,129.74023866653442,153.74609375,0,0,exported_float_payload,False
operand_hybrid_fixed_h32,Operand hybrid + fixed H32,36880,2.451925754547119,3.040187120437622,0.12829528748989105,35955.94787028828,2301180.6636984497,92.5497307671085,154685931520,0.0003,129.74023866653442,153.74609375,0,0,exported_float_payload,False
operand_hybrid_fixed_h32,Operand hybrid + fixed H32,36890,2.462000846862793,2.8634815216064453,0.0955803170800209,35931.044375013786,2299586.8400008823,92.4856297791126,154727874560,0.0003,129.74023866653442,153.74609375,0,0,exported_float_payload,False
operand_hybrid_fixed_h32,Operand hybrid + fixed H32,36900,2.4723167419433594,2.9465889930725098,0.3081989288330078,35928.26896543317,2299409.213787723,92.4784859427053,154769817600,0.0003,129.74023866653442,153.74609375,0,0,exported_float_payload,False
operand_hybrid_fixed_h32,Operand hybrid + fixed H32,36910,2.4672231674194336,2.870725631713867,0.10744209587574005,35930.76326829079,2299568.849170611,92.48490621728011,154811760640,0.0003,129.74023866653442,153.74609375,0,0,exported_float_payload,False
operand_hybrid_fixed_h32,Operand hybrid + fixed H32,36920,2.4506211280822754,2.9218034744262695,0.290086954832077,35952.249558213436,2300943.97172566,92.54021140224418,154853703680,0.0003,129.74023866653442,153.74609375,0,0,exported_float_payload,False
operand_hybrid_fixed_h32,Operand hybrid + fixed H32,36930,2.4639432430267334,3.0297164916992188,0.19009406864643097,35920.42580100642,2298907.251264411,92.45829782922056,154895646720,0.0003,129.74023866653442,153.74609375,0,0,exported_float_payload,False
operand_hybrid_fixed_h32,Operand hybrid + fixed H32,36940,2.5184342861175537,4.016613006591797,0.303423672914505,35940.76064538025,2300208.681304336,92.51063922149251,154937589760,0.0003,129.74023866653442,153.74609375,0,0,exported_float_payload,False
operand_hybrid_fixed_h32,Operand hybrid + fixed H32,36950,2.467787742614746,2.9838900566101074,0.13821105659008026,35940.42635269978,2300187.286572786,92.50977876030576,154979532800,0.0003,129.74023866653442,153.74609375,0,0,exported_float_payload,False
operand_hybrid_fixed_h32,Operand hybrid + fixed H32,36960,2.4841322898864746,3.1414549350738525,0.2969517707824707,35957.121086551764,2301255.749539313,92.55275059708791,155021475840,0.0003,129.74023866653442,153.74609375,0,0,exported_float_payload,False
operand_hybrid_fixed_h32,Operand hybrid + fixed H32,36970,2.475146770477295,3.116793155670166,0.10197494924068451,35926.77737188674,2299313.7518007513,92.47464661738329,155063418880,0.0003,129.74023866653442,153.74609375,0,0,exported_float_payload,False
operand_hybrid_fixed_h32,Operand hybrid + fixed H32,36980,2.449868679046631,2.8635029792785645,0.08848267793655396,35961.005371690706,2301504.343788205,92.56274865207254,155105361920,0.0003,129.74023866653442,153.74609375,0,0,exported_float_payload,False
operand_hybrid_fixed_h32,Operand hybrid + fixed H32,36990,2.4753458499908447,2.9971938133239746,0.1807774156332016,35961.531330657905,2301538.005162106,92.56410245759548,155147304960,0.0003,129.74023866653442,153.74609375,0,0,exported_float_payload,False
operand_hybrid_fixed_h32,Operand hybrid + fixed H32,37000,2.4527816772460938,2.983179807662964,0.20262277126312256,35922.03636823197,2299010.3275668463,92.46244338988397,155189248000,0.0003,129.74023866653442,153.74609375,0,0,exported_float_payload,False
operand_hybrid_fixed_h32,Operand hybrid + fixed H32,37010,2.4731392860412598,2.9577648639678955,0.21380625665187836,28180.272797084428,1803537.4590134034,72.53533322838598,155231191040,0.0003,129.74023866653442,153.74609375,0,0,exported_float_payload,False
operand_hybrid_fixed_h32,Operand hybrid + fixed H32,37020,2.491724729537964,2.9917821884155273,0.13758963346481323,35937.31120182855,2299987.916917027,92.50176043812242,155273134080,0.0003,129.74023866653442,153.74609375,0,0,exported_float_payload,False
operand_hybrid_fixed_h32,Operand hybrid + fixed H32,37030,2.440214157104492,2.877509355545044,0.14820824563503265,35935.790556883294,2299890.595640531,92.49784633521007,155315077120,0.0003,129.74023866653442,153.74609375,0,0,exported_float_payload,False
operand_hybrid_fixed_h32,Operand hybrid + fixed H32,37040,2.4650332927703857,2.9849071502685547,0.21654033660888672,35909.486099676345,2298207.110379286,92.43013930545075,155357020160,0.0003,129.74023866653442,153.74609375,0,0,exported_float_payload,False
operand_hybrid_fixed_h32,Operand hybrid + fixed H32,37050,2.44830060005188,2.841588020324707,0.20663747191429138,35952.42795892514,2300955.389371209,92.54067060131456,155398963200,0.0003,129.74023866653442,153.74609375,0,0,exported_float_payload,False
operand_hybrid_fixed_h32,Operand hybrid + fixed H32,37060,2.4765539169311523,3.0814406871795654,0.14555127918720245,35981.55320644331,2302819.4052123716,92.61563827637228,155440906240,0.0003,129.74023866653442,153.74609375,0,0,exported_float_payload,False
operand_hybrid_fixed_h32,Operand hybrid + fixed H32,37070,2.470374584197998,3.2144970893859863,0.08754000067710876,35936.58648325814,2299941.534928521,92.49989503024011,155482849280,0.0003,129.74023866653442,153.74609375,0,0,exported_float_payload,False
operand_hybrid_fixed_h32,Operand hybrid + fixed H32,37080,2.4597537517547607,3.0026402473449707,0.11141634732484818,35940.68896075466,2300204.0934882984,92.51045470701878,155524792320,0.0003,129.74023866653442,153.74609375,0,0,exported_float_payload,False
operand_hybrid_fixed_h32,Operand hybrid + fixed H32,37090,2.45491361618042,2.9616618156433105,0.1699024736881256,35948.07599278352,2300676.863538145,92.5294687468629,155566735360,0.0003,129.74023866653442,153.74609375,0,0,exported_float_payload,False
operand_hybrid_fixed_h32,Operand hybrid + fixed H32,37100,2.4422833919525146,3.0450572967529297,0.13995982706546783,35952.388765373405,2300952.880983898,92.54056971807061,155608678400,0.0003,129.74023866653442,153.74609375,0,0,exported_float_payload,False
operand_hybrid_fixed_h32,Operand hybrid + fixed H32,37110,2.436823606491089,3.289017677307129,0.2615163028240204,35913.54722072374,2298467.0221263194,92.44059253174046,155650621440,0.0003,129.74023866653442,153.74609375,0,0,exported_float_payload,False
operand_hybrid_fixed_h32,Operand hybrid + fixed H32,37120,2.4622879028320312,2.8383026123046875,0.09521397948265076,35937.52054815442,2300001.3150818828,92.5022992904471,155692564480,0.0003,129.74023866653442,153.74609375,0,0,exported_float_payload,False
operand_hybrid_fixed_h32,Operand hybrid + fixed H32,37130,2.4823672771453857,2.9361090660095215,0.22593270242214203,35975.04963448082,2302403.1766067725,92.59889824114016,155734507520,0.0003,129.74023866653442,153.74609375,0,0,exported_float_payload,False
operand_hybrid_fixed_h32,Operand hybrid + fixed H32,37140,2.4327077865600586,2.9166345596313477,0.194924995303154,35938.805156472416,2300083.5300142346,92.50560584085153,155776450560,0.0003,129.74023866653442,153.74609375,0,0,exported_float_payload,False
operand_hybrid_fixed_h32,Operand hybrid + fixed H32,37150,2.4901092052459717,2.926576614379883,0.27296873927116394,35949.64814906107,2300777.4815399083,92.53351543868524,155818393600,0.0003,129.74023866653442,153.74609375,0,0,exported_float_payload,False
operand_hybrid_fixed_h32,Operand hybrid + fixed H32,37160,2.4489705562591553,3.0810370445251465,0.10479385405778885,35951.71820559182,2300909.9651578763,92.53884371358664,155860336640,0.0003,129.74023866653442,153.74609375,0,0,exported_float_payload,False
operand_hybrid_fixed_h32,Operand hybrid + fixed H32,37170,2.5005435943603516,3.398688793182373,0.21296635270118713,35887.751597317176,2296816.1022282992,92.37419522774336,155902279680,0.0003,129.74023866653442,153.74609375,0,0,exported_float_payload,False
operand_hybrid_fixed_h32,Operand hybrid + fixed H32,37180,2.447484016418457,3.403991460800171,0.2577000558376312,35936.888305454835,2299960.8515491094,92.50067191319545,155944222720,0.0003,129.74023866653442,153.74609375,0,0,exported_float_payload,False
operand_hybrid_fixed_h32,Operand hybrid + fixed H32,37190,2.418657064437866,3.007120370864868,0.24457398056983948,35952.311366292684,2300947.927442732,92.54037049472909,155986165760,0.0003,129.74023866653442,153.74609375,0,0,exported_float_payload,False
operand_hybrid_fixed_h32,Operand hybrid + fixed H32,37200,2.4515140056610107,2.967315196990967,0.16413605213165283,35916.68387570074,2298667.7680448475,92.44866620496632,156028108800,0.0003,129.74023866653442,153.74609375,0,0,exported_float_payload,False
operand_hybrid_fixed_h32,Operand hybrid + fixed H32,37210,2.464428663253784,2.929703712463379,0.32762235403060913,35940.737952835894,2300207.228981497,92.51058081143812,156070051840,0.0003,129.74023866653442,153.74609375,0,0,exported_float_payload,False
operand_hybrid_fixed_h32,Operand hybrid + fixed H32,37220,2.453976631164551,2.8969342708587646,0.20419414341449738,35911.65184038691,2298345.7177847624,92.43571386909171,156111994880,0.0003,129.74023866653442,153.74609375,0,0,exported_float_payload,False
operand_hybrid_fixed_h32,Operand hybrid + fixed H32,37230,2.4486746788024902,3.0362401008605957,0.22944629192352295,35924.42450207629,2299163.1681328826,92.46859038801414,156153937920,0.0003,129.74023866653442,153.74609375,0,0,exported_float_payload,False
operand_hybrid_fixed_h32,Operand hybrid + fixed H32,37240,2.473676919937134,3.0447897911071777,0.1061081737279892,35925.03071053575,2299201.965474288,92.47015075376821,156195880960,0.0003,129.74023866653442,153.74609375,0,0,exported_float_payload,False
operand_hybrid_fixed_h32,Operand hybrid + fixed H32,37250,2.4614756107330322,2.9692723751068115,0.09976046532392502,35925.43970184372,2299228.1409179983,92.47120348739591,156237824000,0.0003,129.74023866653442,153.74609375,0,0,exported_float_payload,False
operand_hybrid_fixed_h32,Operand hybrid + fixed H32,37260,2.4689176082611084,3.0098934173583984,0.16702820360660553,35944.748497760294,2300463.903856659,92.52090385602372,156279767040,0.0003,129.74023866653442,153.74609375,0,0,exported_float_payload,False
operand_hybrid_fixed_h32,Operand hybrid + fixed H32,37270,2.461920738220215,3.448136806488037,0.2272796630859375,35924.14491245967,2299145.274397419,92.46787073117636,156321710080,0.0003,129.74023866653442,153.74609375,0,0,exported_float_payload,False
operand_hybrid_fixed_h32,Operand hybrid + fixed H32,37280,2.471341848373413,3.224358320236206,0.22988229990005493,35940.17914374615,2300171.4651997536,92.50914245050288,156363653120,0.0003,129.74023866653442,153.74609375,0,0,exported_float_payload,False
operand_hybrid_fixed_h32,Operand hybrid + fixed H32,37290,2.448465585708618,3.0162229537963867,0.1452466994524002,35898.72039434464,2297518.1052380567,92.4024286431269,156405596160,0.0003,129.74023866653442,153.74609375,0,0,exported_float_payload,False
operand_hybrid_fixed_h32,Operand hybrid + fixed H32,37300,2.4904656410217285,3.5836334228515625,0.32639357447624207,35906.21065260957,2297997.4817670123,92.421708384779,156447539200,0.0003,129.74023866653442,153.74609375,0,0,exported_float_payload,False
operand_hybrid_fixed_h32,Operand hybrid + fixed H32,37310,2.4847326278686523,3.4342854022979736,0.18675164878368378,34138.571836637995,2184868.5975448317,87.87184928770193,156489482240,0.0003,129.74023866653442,153.74609375,0,0,exported_float_payload,False
operand_hybrid_fixed_h32,Operand hybrid + fixed H32,37320,2.428480863571167,2.9159724712371826,0.14625605940818787,35967.56384710632,2301924.0862148046,92.57963000745073,156531425280,0.0003,129.74023866653442,153.74609375,0,0,exported_float_payload,False
operand_hybrid_fixed_h32,Operand hybrid + fixed H32,37330,2.4741790294647217,3.9940195083618164,0.17243577539920807,35940.283343429976,2300178.1339795184,92.50941065794157,156573368320,0.0003,129.74023866653442,153.74609375,0,0,exported_float_payload,False
operand_hybrid_fixed_h32,Operand hybrid + fixed H32,37340,2.484114646911621,2.9302146434783936,0.2580294609069824,35942.25060340456,2300304.0386178917,92.51447433702059,156615311360,0.0003,129.74023866653442,153.74609375,0,0,exported_float_payload,False
operand_hybrid_fixed_h32,Operand hybrid + fixed H32,37350,2.448093891143799,2.882946014404297,0.25267958641052246,35932.97352703934,2299710.305730518,92.49059536926248,156657254400,0.0003,129.74023866653442,153.74609375,0,0,exported_float_payload,False
operand_hybrid_fixed_h32,Operand hybrid + fixed H32,37360,2.48689603805542,2.9012386798858643,0.22339485585689545,35952.94112409832,2300988.2319422923,92.54199147592446,156699197440,0.0003,129.74023866653442,153.74609375,0,0,exported_float_payload,False
operand_hybrid_fixed_h32,Operand hybrid + fixed H32,37370,2.422630786895752,2.8717689514160156,0.09903407841920853,35956.83576979952,2301237.4892671695,92.55201619874308,156741140480,0.0003,129.74023866653442,153.74609375,0,0,exported_float_payload,False
operand_hybrid_fixed_h32,Operand hybrid + fixed H32,37380,2.4382266998291016,2.9596152305603027,0.2210291475057602,35957.56892267568,2301284.4110512435,92.55390331632218,156783083520,0.0003,129.74023866653442,153.74609375,0,0,exported_float_payload,False
operand_hybrid_fixed_h32,Operand hybrid + fixed H32,37390,2.459155559539795,2.880645275115967,0.21512658894062042,35928.35387242673,2299414.6478353105,92.47870449123091,156825026560,0.0003,129.74023866653442,153.74609375,0,0,exported_float_payload,False
operand_hybrid_fixed_h32,Operand hybrid + fixed H32,37400,2.4376304149627686,2.939635753631592,0.1900707483291626,35936.07680419258,2299908.915468325,92.49858312878598,156866969600,0.0003,129.74023866653442,153.74609375,0,0,exported_float_payload,False
operand_hybrid_fixed_h32,Operand hybrid + fixed H32,37410,2.456117630004883,2.8934011459350586,0.14247287809848785,35961.96048475599,2301565.4710243833,92.56520708975198,156908912640,0.0003,129.74023866653442,153.74609375,0,0,exported_float_payload,False
operand_hybrid_fixed_h32,Operand hybrid + fixed H32,37420,2.439208984375,2.922485589981079,0.14852622151374817,35913.1995341563,2298444.7701860033,92.43969759501611,156950855680,0.0003,129.74023866653442,153.74609375,0,0,exported_float_payload,False
operand_hybrid_fixed_h32,Operand hybrid + fixed H32,37430,2.4713516235351562,3.150874137878418,0.16890555620193481,35956.05054604044,2301187.234946588,92.54999505198434,156992798720,0.0003,129.74023866653442,153.74609375,0,0,exported_float_payload,False
operand_hybrid_fixed_h32,Operand hybrid + fixed H32,37440,2.4390103816986084,2.858780860900879,0.11701088398694992,35949.79953748406,2300787.17039898,92.53390510878488,157034741760,0.0003,129.74023866653442,153.74609375,0,0,exported_float_payload,False
operand_hybrid_fixed_h32,Operand hybrid + fixed H32,37450,2.4411587715148926,3.1435890197753906,0.15358701348304749,35953.27811297663,2301009.7992305043,92.54285887705855,157076684800,0.0003,129.74023866653442,153.74609375,0,0,exported_float_payload,False
operand_hybrid_fixed_h32,Operand hybrid + fixed H32,37460,2.4338059425354004,2.898296594619751,0.12463375180959702,35949.16662024826,2300746.6636958886,92.53227599529349,157118627840,0.0003,129.74023866653442,153.74609375,0,0,exported_float_payload,False
operand_hybrid_fixed_h32,Operand hybrid + fixed H32,37470,2.4733388423919678,2.950471878051758,0.13672779500484467,35970.55135433746,2302115.2866775976,92.58731977802512,157160570880,0.0003,129.74023866653442,153.74609375,0,0,exported_float_payload,False
operand_hybrid_fixed_h32,Operand hybrid + fixed H32,37480,2.4360435009002686,2.981811046600342,0.1814214438199997,35946.83801066312,2300597.63268244,92.52628221115118,157202513920,0.0003,129.74023866653442,153.74609375,0,0,exported_float_payload,False
operand_hybrid_fixed_h32,Operand hybrid + fixed H32,37490,2.4971601963043213,4.5389509201049805,0.27549341320991516,35949.22990027116,2300750.713617354,92.53243887652536,157244456960,0.0003,129.74023866653442,153.74609375,0,0,exported_float_payload,False
operand_hybrid_fixed_h32,Operand hybrid + fixed H32,37500,2.4774656295776367,3.121969223022461,0.13027216494083405,35932.27262483353,2299665.447989346,92.48879126412038,157286400000,0.0003,129.74023866653442,153.74609375,0,0,exported_float_payload,False
operand_hybrid_fixed_h32,Operand hybrid + fixed H32,37510,2.4572014808654785,3.9702253341674805,0.1202348843216896,35957.49555546878,2301279.7155500017,92.5537144709253,157328343040,0.0003,129.74023866653442,153.74609375,0,0,exported_float_payload,False
operand_hybrid_fixed_h32,Operand hybrid + fixed H32,37520,2.4344189167022705,2.9189343452453613,3.1180500984191895,35960.42023682095,2301466.895156541,92.56124252922318,157370286080,0.0003,129.74023866653442,153.74609375,0,0,exported_float_payload,False
operand_hybrid_fixed_h32,Operand hybrid + fixed H32,37530,2.462810754776001,3.125558853149414,0.12750302255153656,35938.676836876155,2300075.317560074,92.50527554934791,157412229120,0.0003,129.74023866653442,153.74609375,0,0,exported_float_payload,False
operand_hybrid_fixed_h32,Operand hybrid + fixed H32,37540,2.449087381362915,2.858704090118408,0.22993329167366028,35922.24303398294,2299023.554174908,92.46297534247438,157454172160,0.0003,129.74023866653442,153.74609375,0,0,exported_float_payload,False
operand_hybrid_fixed_h32,Operand hybrid + fixed H32,37550,2.4444727897644043,3.1780614852905273,0.16578558087348938,35915.10857003975,2298566.948482544,92.44461140670799,157496115200,0.0003,129.74023866653442,153.74609375,0,0,exported_float_payload,False
operand_hybrid_fixed_h32,Operand hybrid + fixed H32,37560,2.480433702468872,3.0674686431884766,0.2591747045516968,35880.2186387185,2296333.992877984,92.35480557647614,157538058240,0.0003,129.74023866653442,153.74609375,0,0,exported_float_payload,False
operand_hybrid_fixed_h32,Operand hybrid + fixed H32,37570,2.447092056274414,2.900423049926758,0.16843335330486298,35924.887634852865,2299192.8086305833,92.46978248045838,157580001280,0.0003,129.74023866653442,153.74609375,0,0,exported_float_payload,False
operand_hybrid_fixed_h32,Operand hybrid + fixed H32,37580,2.47638201713562,2.9158008098602295,0.36821261048316956,35960.98678710449,2301503.1543746875,92.56270081580199,157621944320,0.0003,129.74023866653442,153.74609375,0,0,exported_float_payload,False
operand_hybrid_fixed_h32,Operand hybrid + fixed H32,37590,2.4896044731140137,3.566521406173706,0.241913840174675,35954.94208678897,2301116.293554494,92.54714190497069,157663887360,0.0003,129.74023866653442,153.74609375,0,0,exported_float_payload,False
operand_hybrid_fixed_h32,Operand hybrid + fixed H32,37600,2.470917224884033,3.5695018768310547,0.12823444604873657,35939.373587810645,2300119.9096198813,92.50706896921913,157705830400,0.0003,129.74023866653442,153.74609375,0,0,exported_float_payload,False
operand_hybrid_fixed_h32,Operand hybrid + fixed H32,37610,2.4626972675323486,3.092733860015869,0.10443207621574402,35929.24156398195,2299471.460094845,92.48098938759179,157747773440,0.0003,129.74023866653442,153.74609375,0,0,exported_float_payload,False
operand_hybrid_fixed_h32,Operand hybrid + fixed H32,37620,2.4527106285095215,2.9457168579101562,0.3485078513622284,35919.9324559694,2298875.6771820416,92.45702797115655,157789716480,0.0003,129.74023866653442,153.74609375,0,0,exported_float_payload,False
operand_hybrid_fixed_h32,Operand hybrid + fixed H32,37630,2.458095073699951,2.929138660430908,0.12805069983005524,35932.82523808917,2299700.815237707,92.49021367713011,157831659520,0.0003,129.74023866653442,153.74609375,0,0,exported_float_payload,False
operand_hybrid_fixed_h32,Operand hybrid + fixed H32,37640,2.429872512817383,2.91965651512146,0.20307746529579163,35932.31339971908,2299668.057582021,92.48889621767891,157873602560,0.0003,129.74023866653442,153.74609375,0,0,exported_float_payload,False
operand_hybrid_fixed_h32,Operand hybrid + fixed H32,37650,2.4608938694000244,2.9338583946228027,0.14128969609737396,35949.015772040424,2300737.009410587,92.53188771569445,157915545600,0.0003,129.74023866653442,153.74609375,0,0,exported_float_payload,False
operand_hybrid_fixed_h32,Operand hybrid + fixed H32,37660,2.4374430179595947,2.933840036392212,0.21697133779525757,35928.36785150302,2299415.542496193,92.47874047303154,157957488640,0.0003,129.74023866653442,153.74609375,0,0,exported_float_payload,False
operand_hybrid_fixed_h32,Operand hybrid + fixed H32,37670,2.4483370780944824,2.9115524291992188,0.10788051784038544,35963.51681062446,2301665.0758799654,92.56921303448837,157999431680,0.0003,129.74023866653442,153.74609375,0,0,exported_float_payload,False
operand_hybrid_fixed_h32,Operand hybrid + fixed H32,37680,2.4518775939941406,3.0208182334899902,0.1509465128183365,35918.03237374422,2298754.0719196303,92.45213720596216,158041374720,0.0003,129.74023866653442,153.74609375,0,0,exported_float_payload,False
operand_hybrid_fixed_h32,Operand hybrid + fixed H32,37690,2.434190273284912,2.854447364807129,0.4270777702331543,35920.56036117289,2298915.863115065,92.4586441837993,158083317760,0.0003,129.74023866653442,153.74609375,0,0,exported_float_payload,False
operand_hybrid_fixed_h32,Operand hybrid + fixed H32,37700,2.438518524169922,2.8370275497436523,0.1192384883761406,35922.02768722221,2299009.7719822214,92.46242104517708,158125260800,0.0003,129.74023866653442,153.74609375,0,0,exported_float_payload,False
operand_hybrid_fixed_h32,Operand hybrid + fixed H32,37710,2.4579713344573975,3.6331794261932373,0.0981655940413475,35968.37844915998,2301976.2207462387,92.58172677322146,158167203840,0.0003,129.74023866653442,153.74609375,0,0,exported_float_payload,False
operand_hybrid_fixed_h32,Operand hybrid + fixed H32,37720,2.4702746868133545,2.9335336685180664,0.1330530345439911,35949.54203187057,2300770.6900397167,92.53324229563125,158209146880,0.0003,129.74023866653442,153.74609375,0,0,exported_float_payload,False
operand_hybrid_fixed_h32,Operand hybrid + fixed H32,37730,2.4180080890655518,2.820402145385742,0.2768406271934509,35930.97359785819,2299582.310262924,92.48544760044446,158251089920,0.0003,129.74023866653442,153.74609375,0,0,exported_float_payload,False
operand_hybrid_fixed_h32,Operand hybrid + fixed H32,37740,2.45115327835083,3.079864501953125,0.14109152555465698,35932.67831135914,2299691.411926985,92.48983549131907,158293032960,0.0003,129.74023866653442,153.74609375,0,0,exported_float_payload,False
operand_hybrid_fixed_h32,Operand hybrid + fixed H32,37750,2.418048858642578,2.923459768295288,0.10190024226903915,35947.90822531974,2300666.1264204634,92.52903691751271,158334976000,0.0003,129.74023866653442,153.74609375,0,0,exported_float_payload,False
operand_hybrid_fixed_h32,Operand hybrid + fixed H32,37760,2.469937324523926,3.3257992267608643,0.18762166798114777,28121.001614814148,1799744.1033481054,72.38277065428413,158376919040,0.0003,129.74023866653442,153.74609375,0,0,exported_float_payload,False
operand_hybrid_fixed_h32,Operand hybrid + fixed H32,37770,2.4469408988952637,2.9339747428894043,0.1736733615398407,35964.6510813988,2301737.669209523,92.57213261973088,158418862080,0.0003,129.74023866653442,153.74609375,0,0,exported_float_payload,False
operand_hybrid_fixed_h32,Operand hybrid + fixed H32,37780,2.4507761001586914,2.9045724868774414,0.16100510954856873,35964.56244833006,2301731.996693124,92.57190448037885,158460805120,0.0003,129.74023866653442,153.74609375,0,0,exported_float_payload,False
operand_hybrid_fixed_h32,Operand hybrid + fixed H32,37790,2.460298776626587,2.9459354877471924,0.15677668154239655,35955.52251566639,2301153.441002649,92.54863591471081,158502748160,0.0003,129.74023866653442,153.74609375,0,0,exported_float_payload,False
operand_hybrid_fixed_h32,Operand hybrid + fixed H32,37800,2.4728498458862305,2.874703884124756,0.1333140879869461,35944.545591185335,2300450.9178358614,92.52038157946043,158544691200,0.0003,129.74023866653442,153.74609375,0,0,exported_float_payload,False
operand_hybrid_fixed_h32,Operand hybrid + fixed H32,37810,2.4671099185943604,3.0111961364746094,0.21456708014011383,35996.897395096385,2303801.4332861686,92.65513384283058,158586634240,0.0003,129.74023866653442,153.74609375,0,0,exported_float_payload,False
operand_hybrid_fixed_h32,Operand hybrid + fixed H32,37820,2.4377024173736572,2.835273504257202,0.16168080270290375,35985.815675415244,2303092.2032265756,92.62660976729721,158628577280,0.0003,129.74023866653442,153.74609375,0,0,exported_float_payload,False
operand_hybrid_fixed_h32,Operand hybrid + fixed H32,37830,2.468710422515869,3.1364901065826416,0.21577349305152893,35987.43498712213,2303195.839175816,92.63077783604179,158670520320,0.0003,129.74023866653442,153.74609375,0,0,exported_float_payload,False
operand_hybrid_fixed_h32,Operand hybrid + fixed H32,37840,2.4551777839660645,3.454573154449463,0.17022958397865295,35981.01072911407,2302784.6866633003,92.6142419529893,158712463360,0.0003,129.74023866653442,153.74609375,0,0,exported_float_payload,False
operand_hybrid_fixed_h32,Operand hybrid + fixed H32,37850,2.4682209491729736,3.5293941497802734,0.4685330390930176,35948.947935019736,2300732.667841263,92.53171310486168,158754406400,0.0003,129.74023866653442,153.74609375,0,0,exported_float_payload,False
operand_hybrid_fixed_h32,Operand hybrid + fixed H32,37860,2.4531052112579346,2.932373046875,0.22948648035526276,35959.15927241556,2301386.193434596,92.55799683767177,158796349440,0.0003,129.74023866653442,153.74609375,0,0,exported_float_payload,False
operand_hybrid_fixed_h32,Operand hybrid + fixed H32,37870,2.422304630279541,2.9456534385681152,0.09026002138853073,35972.510895858184,2302240.697334924,92.59236358999259,158838292480,0.0003,129.74023866653442,153.74609375,0,0,exported_float_payload,False
operand_hybrid_fixed_h32,Operand hybrid + fixed H32,37880,2.454085111618042,2.9275739192962646,0.21516837179660797,35945.93378524569,2300539.762255724,92.52395475703321,158880235520,0.0003,129.74023866653442,153.74609375,0,0,exported_float_payload,False
operand_hybrid_fixed_h32,Operand hybrid + fixed H32,37890,2.4487340450286865,2.9211292266845703,0.22029340267181396,35913.09297404502,2298437.9503388815,92.43942331189486,158922178560,0.0003,129.74023866653442,153.74609375,0,0,exported_float_payload,False
operand_hybrid_fixed_h32,Operand hybrid + fixed H32,37900,2.4330949783325195,2.859156608581543,0.16546428203582764,35921.201001638205,2298956.864104845,92.46029317669466,158964121600,0.0003,129.74023866653442,153.74609375,0,0,exported_float_payload,False
operand_hybrid_fixed_h32,Operand hybrid + fixed H32,37910,2.4621644020080566,2.9640684127807617,0.34869736433029175,35953.666105670665,2301034.6307629226,92.54385756076735,159006064640,0.0003,129.74023866653442,153.74609375,0,0,exported_float_payload,False
operand_hybrid_fixed_h32,Operand hybrid + fixed H32,37920,2.4535982608795166,2.877479076385498,0.11111892759799957,35951.77544419149,2300913.628428255,92.53899104434282,159048007680,0.0003,129.74023866653442,153.74609375,0,0,exported_float_payload,False
operand_hybrid_fixed_h32,Operand hybrid + fixed H32,37930,2.484947681427002,3.0464234352111816,0.12555955350399017,35922.06229988545,2299011.987192669,92.46251013732605,159089950720,0.0003,129.74023866653442,153.74609375,0,0,exported_float_payload,False
operand_hybrid_fixed_h32,Operand hybrid + fixed H32,37940,2.4398183822631836,2.898829936981201,0.13811545073986053,35965.887979197294,2301816.830668627,92.57531636442452,159131893760,0.0003,129.74023866653442,153.74609375,0,0,exported_float_payload,False
operand_hybrid_fixed_h32,Operand hybrid + fixed H32,37950,2.431734561920166,2.8658435344696045,0.2389354705810547,35949.10683443311,2300742.837403719,92.53212210806693,159173836800,0.0003,129.74023866653442,153.74609375,0,0,exported_float_payload,False
operand_hybrid_fixed_h32,Operand hybrid + fixed H32,37960,2.510643482208252,5.825204849243164,0.1405607908964157,35946.80155802141,2300595.2997133704,92.52618838294262,159215779840,0.0003,129.74023866653442,153.74609375,0,0,exported_float_payload,False
operand_hybrid_fixed_h32,Operand hybrid + fixed H32,37970,2.4558489322662354,3.074681520462036,0.20560042560100555,35944.98593173939,2300479.099631321,92.52151500528113,159257722880,0.0003,129.74023866653442,153.74609375,0,0,exported_float_payload,False
operand_hybrid_fixed_h32,Operand hybrid + fixed H32,37980,2.4438130855560303,3.0014424324035645,0.15130317211151123,35905.91964792167,2297978.857466987,92.42095934582683,159299665920,0.0003,129.74023866653442,153.74609375,0,0,exported_float_payload,False
operand_hybrid_fixed_h32,Operand hybrid + fixed H32,37990,2.4621784687042236,2.9932727813720703,0.2916901707649231,35941.774929680425,2300273.595499547,92.51324996448393,159341608960,0.0003,129.74023866653442,153.74609375,0,0,exported_float_payload,False
operand_hybrid_fixed_h32,Operand hybrid + fixed H32,38000,2.4519264698028564,2.8830618858337402,0.13747070729732513,35964.861000495745,2301751.1040317276,92.5726729463543,159383552000,0.0003,129.74023866653442,153.74609375,0,0,exported_float_payload,False
operand_hybrid_fixed_h32,Operand hybrid + fixed H32,38010,2.465461015701294,3.017538547515869,0.10208126902580261,28663.810521007756,1834483.8733444964,73.77994750823434,159425495040,0.0003,129.74023866653442,153.748046875,0,0,exported_float_payload,False
operand_hybrid_fixed_h32,Operand hybrid + fixed H32,38020,2.465437889099121,3.017648935317993,0.22641710937023163,35900.21634778663,2297613.846258344,92.4062791907135,159467438080,0.0003,129.74023866653442,153.748046875,0,0,exported_float_payload,False
operand_hybrid_fixed_h32,Operand hybrid + fixed H32,38030,2.414430856704712,3.0937483310699463,0.23471969366073608,35912.71605839748,2298413.8277374385,92.43845314023291,159509381120,0.0003,129.74023866653442,153.748046875,0,0,exported_float_payload,False
operand_hybrid_fixed_h32,Operand hybrid + fixed H32,38040,2.4349796772003174,2.936574697494507,0.25050121545791626,35975.243232577566,2302415.5668849642,92.59939655790811,159551324160,0.0003,129.74023866653442,153.748046875,0,0,exported_float_payload,False
operand_hybrid_fixed_h32,Operand hybrid + fixed H32,38050,2.452165365219116,3.249213218688965,0.09625180065631866,35978.4381535862,2302620.0418295166,92.60762020647489,159593267200,0.0003,129.74023866653442,153.748046875,0,0,exported_float_payload,False
operand_hybrid_fixed_h32,Operand hybrid + fixed H32,38060,2.4452269077301025,3.2632675170898438,0.11180867999792099,35960.987422502134,2301503.1950401366,92.56270245129998,159635210240,0.0003,129.74023866653442,153.748046875,0,0,exported_float_payload,False
operand_hybrid_fixed_h32,Operand hybrid + fixed H32,38070,2.42828369140625,3.0038838386535645,0.30153828859329224,35923.558124311356,2299107.7199559268,92.4663603528284,159677153280,0.0003,129.74023866653442,153.748046875,0,0,exported_float_payload,False
operand_hybrid_fixed_h32,Operand hybrid + fixed H32,38080,2.4594931602478027,3.479055404663086,0.10395490378141403,35921.32148444538,2298964.5750045045,92.46060329649477,159719096320,0.0003,129.74023866653442,153.748046875,0,0,exported_float_payload,False
operand_hybrid_fixed_h32,Operand hybrid + fixed H32,38090,2.452751874923706,2.818449020385742,0.10461318492889404,35966.7654959939,2301872.99174361,92.57757507120546,159761039360,0.0003,129.74023866653442,153.748046875,0,0,exported_float_payload,False
operand_hybrid_fixed_h32,Operand hybrid + fixed H32,38100,2.4409778118133545,3.0256400108337402,0.253376841545105,35938.47875583803,2300062.6403736337,92.50476569359846,159802982400,0.0003,129.74023866653442,153.748046875,0,0,exported_float_payload,False
operand_hybrid_fixed_h32,Operand hybrid + fixed H32,38110,2.419076442718506,2.916926860809326,0.1526739001274109,35943.673065222145,2300395.0761742173,92.5181357189627,159844925440,0.0003,129.74023866653442,153.748046875,0,0,exported_float_payload,False
operand_hybrid_fixed_h32,Operand hybrid + fixed H32,38120,2.4293956756591797,2.9080023765563965,0.16808907687664032,35899.292976214834,2297554.7504777494,92.4039024548623,159886868480,0.0003,129.74023866653442,153.748046875,0,0,exported_float_payload,False
operand_hybrid_fixed_h32,Operand hybrid + fixed H32,38130,2.478313446044922,3.0465502738952637,0.23401625454425812,35940.207557192785,2300173.2836603383,92.50921558601986,159928811520,0.0003,129.74023866653442,153.748046875,0,0,exported_float_payload,False
operand_hybrid_fixed_h32,Operand hybrid + fixed H32,38140,2.4593048095703125,3.1516449451446533,0.12212450802326202,35970.92978330723,2302139.5061316625,92.58829384494146,159970754560,0.0003,129.74023866653442,153.748046875,0,0,exported_float_payload,False
